{
 "input": "/home/neural/Desktop/astrophotography/results/july14/stack_set-03_full_spcc.fit",
 "domain": "linear (run this on the pre-stretch surface; cross-arm comparisons use the _spcc stack)",
 "box_px": 400,
 "corner_margin_px": 200,
 "image_wh": [
  4217,
  3411
 ],
 "channels": 3,
 "regions": {
  "center": {
   "ch0": {
    "mean": 98.379431,
    "median": 95.0,
    "sigma": 61.06137
   },
   "ch1": {
    "mean": 97.965875,
    "median": 94.0,
    "sigma": 51.18222
   },
   "ch2": {
    "mean": 97.103325,
    "median": 94.0,
    "sigma": 47.38004
   }
  },
  "TL": {
   "ch0": {
    "mean": 104.363181,
    "median": 101.0,
    "sigma": 22.095874
   },
   "ch1": {
    "mean": 104.786419,
    "median": 101.0,
    "sigma": 24.081247
   },
   "ch2": {
    "mean": 104.4643,
    "median": 101.0,
    "sigma": 25.682923
   }
  },
  "TR": {
   "ch0": {
    "mean": 91.626606,
    "median": 90.0,
    "sigma": 17.994702
   },
   "ch1": {
    "mean": 90.488412,
    "median": 88.0,
    "sigma": 18.676796
   },
   "ch2": {
    "mean": 91.380038,
    "median": 89.0,
    "sigma": 19.637334
   }
  },
  "BL": {
   "ch0": {
    "mean": 102.828631,
    "median": 100.0,
    "sigma": 19.087411
   },
   "ch1": {
    "mean": 103.053781,
    "median": 101.0,
    "sigma": 17.641903
   },
   "ch2": {
    "mean": 102.619719,
    "median": 100.0,
    "sigma": 16.568373
   }
  },
  "BR": {
   "ch0": {
    "mean": 90.94075,
    "median": 89.0,
    "sigma": 23.760898
   },
   "ch1": {
    "mean": 89.500781,
    "median": 87.0,
    "sigma": 22.921721
   },
   "ch2": {
    "mean": 90.64315,
    "median": 89.0,
    "sigma": 23.661047
   }
  }
 }
}