# 1181 stars found using the following parameters:
# sigma=1.00 roundness=0.10 radius=5 relax=1 profile=0 minbeta=1.5 max_stars=0 layer=1 minA=0.00 maxA=0.00 maxR=1.00
# star#	layer	B	A	beta	X	Y	FWHMx [px]	FWHMy [px]	FWHMx ["]	FWHMy ["]	angle	RMSE	mag	Sat	Profile	RA	Dec
1	1	  0.001603	  0.153971	     -1.00	    637.09	    758.34	      2.52	      2.35	     44.07	     41.11	6.39	 5.882e-04	     -0.03	1	Gaussian	305.688350	41.025839
2	1	  0.002332	  0.133170	     -1.00	    645.45	    345.49	      2.42	      2.27	     42.40	     39.82	3.92	 2.947e-03	      0.20	0	Gaussian	305.731501	42.983652
3	1	  0.001568	  0.105922	     -1.00	    665.82	    736.89	      2.59	      2.34	     45.32	     40.93	5.22	 2.642e-04	      0.35	0	Gaussian	305.512572	41.132323
4	1	  0.001570	  0.098897	     -1.00	    265.48	    282.12	      2.42	      2.37	     42.40	     41.46	16.25	 3.196e-04	      0.48	0	Gaussian	308.216970	43.191160
5	1	  0.001563	  0.092800	     -1.00	    208.87	    578.17	      2.50	      2.41	     43.82	     42.25	14.73	 3.625e-04	      0.49	0	Gaussian	308.451520	41.772166
6	1	  0.001683	  0.096466	     -1.00	     78.58	     26.79	      2.43	      2.29	     42.49	     40.01	2.16	 6.393e-04	      0.54	0	Gaussian	309.564364	44.332170
7	1	  0.001593	  0.084774	     -1.00	    152.23	    549.19	      2.49	      2.36	     43.57	     41.27	17.26	 3.662e-04	      0.62	0	Gaussian	308.824127	41.890228
8	1	  0.001571	  0.079155	     -1.00	    167.73	    717.69	      2.47	      2.37	     43.22	     41.48	29.11	 3.472e-04	      0.70	0	Gaussian	308.649193	41.098737
9	1	  0.001514	  0.071759	     -1.00	    745.78	    165.10	      2.59	      2.48	     45.40	     43.48	-1.43	 1.819e-04	      0.70	0	Gaussian	305.116165	43.854042
10	1	  0.001607	  0.075531	     -1.00	    545.47	    421.34	      2.44	      2.29	     42.65	     40.11	3.89	 4.538e-04	      0.80	0	Gaussian	306.357221	42.605040
11	1	  0.001559	  0.056313	     -1.00	    757.43	    738.29	      2.91	      2.46	     50.87	     43.02	-42.66	 9.113e-04	      0.85	0	Gaussian	304.936210	41.139322
12	1	  0.001512	  0.065851	     -1.00	     63.54	    340.04	      2.40	      2.32	     41.98	     40.59	13.71	 1.925e-04	      0.95	0	Gaussian	309.495106	42.846618
13	1	  0.001987	  0.060857	     -1.00	    538.63	    567.62	      2.44	      2.31	     42.71	     40.35	7.99	 1.293e-03	      1.03	0	Gaussian	306.359458	41.910444
14	1	  0.001506	  0.057711	     -1.00	    248.16	    553.42	      2.49	      2.34	     43.65	     41.04	7.19	 2.114e-04	      1.04	0	Gaussian	308.212692	41.901819
15	1	  0.001525	  0.055751	     -1.00	    367.37	     51.11	      2.51	      2.38	     43.88	     41.72	1.67	 1.743e-04	      1.06	0	Gaussian	307.644616	44.314660
16	1	  0.001522	  0.054758	     -1.00	     89.17	    311.59	      2.41	      2.34	     42.18	     40.99	20.52	 1.919e-04	      1.14	0	Gaussian	309.344570	42.990871
17	1	  0.001508	  0.051571	     -1.00	    454.82	    537.29	      2.49	      2.33	     43.64	     40.85	11.45	 1.953e-04	      1.17	0	Gaussian	306.902700	42.035282
18	1	  0.001592	  0.048272	     -1.00	    235.45	    643.00	      2.51	      2.40	     43.90	     42.03	18.05	 2.565e-04	      1.20	0	Gaussian	308.255435	41.473954
19	1	  0.001591	  0.050976	     -1.00	    214.42	    242.91	      2.42	      2.36	     42.34	     41.26	-12.38	 2.889e-04	      1.20	0	Gaussian	308.566145	43.360150
20	1	  0.001528	  0.051540	     -1.00	    193.44	     19.71	      2.38	      2.33	     41.60	     40.70	1.91	 3.236e-04	      1.23	0	Gaussian	308.809033	44.408215
21	1	  0.001524	  0.042804	     -1.00	    163.64	    586.56	      2.47	      2.43	     43.20	     42.59	72.48	 3.151e-04	      1.34	0	Gaussian	308.734451	41.717428
22	1	  0.001529	  0.041272	     -1.00	    302.78	    777.39	      2.46	      2.35	     43.12	     41.08	6.93	 2.315e-04	      1.42	0	Gaussian	307.778255	40.858461
23	1	  0.001508	  0.039463	     -1.00	    777.66	    241.44	      2.53	      2.32	     44.29	     40.60	0.27	 2.139e-04	      1.46	0	Gaussian	304.893243	43.496547
24	1	  0.001488	  0.037653	     -1.00	    358.95	    230.57	      2.52	      2.36	     44.13	     41.29	5.21	 1.186e-04	      1.49	0	Gaussian	307.629919	43.462976
25	1	  0.001553	  0.036748	     -1.00	    481.11	    303.91	      2.47	      2.45	     43.20	     42.90	-8.27	 1.854e-04	      1.50	0	Gaussian	306.808906	43.147131
26	1	  0.001868	  0.038419	     -1.00	    497.36	    677.82	      2.46	      2.35	     43.02	     41.18	31.70	 9.712e-04	      1.50	0	Gaussian	306.589200	41.379457
27	1	  0.001521	  0.037960	     -1.00	    466.98	    322.44	      2.51	      2.33	     43.92	     40.74	1.10	 1.346e-04	      1.50	0	Gaussian	306.894558	43.056012
28	1	  0.001594	  0.038151	     -1.00	    436.41	    222.31	      2.43	      2.31	     42.50	     40.39	5.65	 3.047e-04	      1.54	0	Gaussian	307.127368	43.522757
29	1	  0.001509	  0.034630	     -1.00	    419.72	    540.84	      2.52	      2.43	     44.17	     42.46	15.68	 1.189e-04	      1.55	0	Gaussian	307.125348	42.009823
30	1	  0.001616	  0.036651	     -1.00	     38.55	    501.58	      2.41	      2.30	     42.17	     40.25	32.58	 4.701e-04	      1.60	0	Gaussian	309.570329	42.073615
31	1	  0.001501	  0.032762	     -1.00	    774.71	    685.53	      2.60	      2.34	     45.52	     40.88	5.95	 1.583e-04	      1.62	0	Gaussian	304.836274	41.391513
32	1	  0.001613	  0.031099	     -1.00	    714.77	    220.17	      2.54	      2.45	     44.39	     42.81	4.41	 3.973e-04	      1.65	0	Gaussian	305.308321	43.588704
33	1	  0.001518	  0.031933	     -1.00	    514.38	    687.62	      2.50	      2.38	     43.79	     41.71	7.10	 2.429e-04	      1.67	0	Gaussian	306.478947	41.336800
34	1	  0.001504	  0.031391	     -1.00	     60.81	    647.34	      2.46	      2.33	     43.01	     40.75	18.78	 1.349e-04	      1.73	0	Gaussian	309.354600	41.393346
35	1	  0.001499	  0.030585	     -1.00	    548.38	    511.30	      2.50	      2.35	     43.81	     41.13	5.40	 1.746e-04	      1.73	0	Gaussian	306.313105	42.179335
36	1	  0.001524	  0.029570	     -1.00	     92.96	    723.71	      2.47	      2.34	     43.30	     41.00	20.80	 1.521e-04	      1.78	0	Gaussian	309.115100	41.044298
37	1	  0.001482	  0.027778	     -1.00	    405.10	    773.99	      2.48	      2.44	     43.32	     42.66	41.54	 1.082e-04	      1.80	0	Gaussian	307.138952	40.902170
38	1	  0.001549	  0.026512	     -1.00	    183.19	    528.94	      2.45	      2.45	     42.94	     42.92	-60.14	 3.483e-04	      1.86	0	Gaussian	308.636618	41.996551
39	1	  0.001587	  0.027153	     -1.00	    474.83	    352.42	      2.47	      2.30	     43.17	     40.25	-3.24	 2.121e-04	      1.89	0	Gaussian	306.833961	42.915829
40	1	  0.001496	  0.024345	     -1.00	    753.75	    640.44	      2.58	      2.36	     45.21	     41.39	3.50	 1.544e-04	      1.94	0	Gaussian	304.976559	41.602398
41	1	  0.001734	  0.026314	     -1.00	    385.47	    474.31	      2.38	      2.27	     41.66	     39.67	5.30	 1.153e-03	      1.98	0	Gaussian	307.367422	42.316036
42	1	  0.001571	  0.024279	     -1.00	    781.21	    346.60	      2.52	      2.32	     44.19	     40.56	-0.27	 2.001e-04	      1.99	0	Gaussian	304.851882	42.998569
43	1	  0.001484	  0.022962	     -1.00	    103.71	    393.70	      2.46	      2.35	     43.03	     41.21	21.71	 1.178e-04	      2.06	0	Gaussian	309.209233	42.608131
44	1	  0.001495	  0.020379	     -1.00	    495.63	    107.95	      2.51	      2.49	     43.85	     43.66	-44.36	 8.197e-05	      2.10	0	Gaussian	306.777265	44.078597
45	1	  0.001486	  0.020069	     -1.00	    564.90	    386.99	      2.54	      2.47	     44.52	     43.15	7.87	 9.398e-05	      2.11	0	Gaussian	306.241573	42.771802
46	1	  0.001498	  0.021620	     -1.00	    396.12	     16.45	      2.49	      2.31	     43.63	     40.51	2.10	 9.675e-05	      2.12	0	Gaussian	307.467613	44.486580
47	1	  0.001503	  0.019210	     -1.00	    688.80	    504.99	      2.60	      2.47	     45.42	     43.28	8.02	 1.296e-04	      2.13	0	Gaussian	305.416407	42.234848
48	1	  0.001474	  0.020077	     -1.00	    663.20	    767.73	      2.52	      2.40	     44.15	     42.04	7.95	 1.079e-04	      2.15	0	Gaussian	305.522426	40.985809
49	1	  0.001530	  0.018278	     -1.00	    359.16	    617.16	      2.53	      2.42	     44.20	     42.41	11.51	 2.209e-04	      2.24	0	Gaussian	307.483196	41.632523
50	1	  0.001555	  0.009793	     -1.00	    170.05	    347.12	      4.62	      2.45	     80.93	     42.89	-27.17	 4.596e-04	      2.25	0	Gaussian	308.805011	42.852111
51	1	  0.001496	  0.017955	     -1.00	    735.98	     19.64	      2.55	      2.40	     44.58	     42.00	-1.78	 9.465e-05	      2.26	0	Gaussian	305.209864	44.541647
52	1	  0.001459	  0.018456	     -1.00	    575.58	    756.49	      2.52	      2.36	     44.05	     41.29	5.90	 1.096e-04	      2.27	0	Gaussian	306.075017	41.023223
53	1	  0.001561	  0.018435	     -1.00	    526.51	    403.42	      2.49	      2.29	     43.66	     40.17	0.56	 3.022e-04	      2.31	0	Gaussian	306.484502	42.685890
54	1	  0.001462	  0.016318	     -1.00	     38.93	    135.02	      2.54	      2.54	     44.38	     44.38	7.89	 1.141e-04	      2.31	0	Gaussian	309.765482	43.805404
55	1	  0.001743	  0.018252	     -1.00	     44.34	    480.83	      2.41	      2.37	     42.16	     41.50	54.72	 1.157e-03	      2.32	0	Gaussian	309.544337	42.173884
56	1	  0.001517	  0.015985	     -1.00	    646.12	    400.96	      2.54	      2.54	     44.45	     44.41	-2.44	 2.499e-04	      2.33	0	Gaussian	305.713940	42.720832
57	1	  0.001486	  0.016136	     -1.00	    721.94	    265.12	      2.60	      2.43	     45.52	     42.45	-1.11	 8.015e-05	      2.34	0	Gaussian	305.252273	43.376736
58	1	  0.001576	  0.016745	     -1.00	    771.29	    791.71	      2.52	      2.40	     44.17	     41.99	8.65	 3.520e-04	      2.35	0	Gaussian	304.840237	40.888114
59	1	  0.001488	  0.015637	     -1.00	    616.74	    655.27	      2.61	      2.47	     45.60	     43.25	-8.73	 1.405e-04	      2.36	0	Gaussian	305.840837	41.510477
60	1	  0.001440	  0.015905	     -1.00	    690.91	    724.61	      2.59	      2.40	     45.33	     41.99	6.99	 6.514e-05	      2.38	0	Gaussian	305.357335	41.194490
61	1	  0.001583	  0.012360	     -1.00	    223.95	    676.29	      3.16	      2.46	     55.26	     43.14	-20.68	 2.998e-04	      2.40	0	Gaussian	308.313880	41.312863
62	1	  0.001463	  0.015563	     -1.00	    302.80	    493.12	      2.47	      2.44	     43.29	     42.79	1.65	 6.395e-05	      2.42	0	Gaussian	307.889177	42.203816
63	1	  0.001497	  0.014708	     -1.00	    279.23	    722.56	      2.71	      2.38	     47.38	     41.64	-6.70	 2.073e-04	      2.43	0	Gaussian	307.947240	41.110924
64	1	  0.001482	  0.014915	     -1.00	    537.25	    760.01	      2.51	      2.50	     43.97	     43.79	43.38	 8.536e-05	      2.43	0	Gaussian	306.314629	40.998823
65	1	  0.001561	  0.012462	     -1.00	    316.10	     90.97	      2.93	      2.55	     51.30	     44.63	-27.34	 3.143e-04	      2.44	0	Gaussian	307.966982	44.111181
66	1	  0.001461	  0.014685	     -1.00	    728.12	    435.16	      2.55	      2.46	     44.59	     43.11	9.84	 7.526e-05	      2.45	0	Gaussian	305.178341	42.571744
67	1	  0.001646	  0.015089	     -1.00	    619.01	    789.51	      2.52	      2.35	     44.19	     41.07	12.59	 4.496e-04	      2.49	0	Gaussian	305.794535	40.875042
68	1	  0.001458	  0.014155	     -1.00	    217.01	    224.11	      2.52	      2.46	     44.08	     43.00	0.95	 5.270e-05	      2.50	0	Gaussian	308.557902	43.449926
69	1	  0.001525	  0.014067	     -1.00	    420.47	    551.96	      2.51	      2.47	     43.93	     43.21	7.39	 1.373e-04	      2.51	0	Gaussian	307.116770	41.957349
70	1	  0.001467	  0.014612	     -1.00	     99.94	    359.17	      2.45	      2.42	     42.86	     42.28	50.52	 6.271e-05	      2.52	0	Gaussian	309.250835	42.769968
71	1	  0.001472	  0.013580	     -1.00	    479.26	    482.82	      2.54	      2.44	     44.45	     42.76	14.80	 6.092e-05	      2.55	0	Gaussian	306.763874	42.299070
72	1	  0.001473	  0.013702	     -1.00	    267.54	    562.07	      2.52	      2.41	     44.03	     42.14	22.50	 6.858e-05	      2.57	0	Gaussian	308.085927	41.866869
73	1	  0.001485	  0.008482	     -1.00	    208.88	    284.49	      4.03	      2.36	     70.48	     41.39	12.24	 3.093e-04	      2.59	0	Gaussian	308.583074	43.161608
74	1	  0.001477	  0.013282	     -1.00	    710.81	    410.44	      2.59	      2.36	     45.36	     41.22	-4.40	 7.783e-05	      2.59	0	Gaussian	305.294804	42.686355
75	1	  0.001505	  0.013581	     -1.00	    217.60	    745.82	      2.47	      2.39	     43.31	     41.82	48.42	 1.739e-04	      2.60	0	Gaussian	308.324236	40.981990
76	1	  0.001529	  0.013673	     -1.00	    283.89	    522.20	      2.47	      2.37	     43.23	     41.49	36.29	 2.202e-04	      2.60	0	Gaussian	307.998127	42.060531
77	1	  0.001500	  0.012805	     -1.00	    318.62	    678.86	      2.50	      2.50	     43.84	     43.71	27.85	 1.893e-04	      2.60	0	Gaussian	307.716397	41.329176
78	1	  0.001473	  0.012238	     -1.00	    369.97	    750.33	      2.54	      2.49	     44.51	     43.64	-19.27	 7.998e-05	      2.64	0	Gaussian	307.367302	41.005053
79	1	  0.001467	  0.012293	     -1.00	    141.32	     90.63	      2.57	      2.37	     44.90	     41.52	-9.32	 7.132e-05	      2.68	0	Gaussian	309.117613	44.054503
80	1	  0.001692	  0.012790	     -1.00	    452.30	    664.16	      2.47	      2.36	     43.30	     41.23	14.20	 9.385e-04	      2.68	0	Gaussian	306.877972	41.433754
81	1	  0.001496	  0.012084	     -1.00	    538.20	    134.03	      2.49	      2.46	     43.51	     43.05	-52.02	 1.089e-04	      2.68	0	Gaussian	306.488737	43.964633
82	1	  0.001502	  0.012386	     -1.00	    651.44	    437.44	      2.48	      2.34	     43.40	     40.91	1.86	 1.722e-04	      2.73	0	Gaussian	305.671158	42.548886
83	1	  0.001499	  0.011836	     -1.00	    376.45	    794.81	      2.48	      2.43	     43.41	     42.48	38.84	 9.584e-05	      2.74	0	Gaussian	307.311141	40.796297
84	1	  0.001511	  0.011324	     -1.00	    405.12	    791.85	      2.56	      2.43	     44.87	     42.57	18.67	 1.098e-04	      2.74	0	Gaussian	307.132849	40.817683
85	1	  0.001476	  0.011182	     -1.00	    641.62	    325.07	      2.55	      2.43	     44.67	     42.55	-20.59	 5.863e-05	      2.75	0	Gaussian	305.761230	43.079761
86	1	  0.001521	  0.011391	     -1.00	    482.76	    575.84	      2.51	      2.41	     43.92	     42.15	0.35	 9.896e-05	      2.77	0	Gaussian	306.712605	41.859203
87	1	  0.001477	  0.011555	     -1.00	    398.94	    339.34	      2.50	      2.37	     43.76	     41.41	7.19	 6.511e-05	      2.78	0	Gaussian	307.329445	42.958846
88	1	  0.001535	  0.011581	     -1.00	    290.11	    573.26	      2.47	      2.35	     43.29	     41.05	19.52	 1.937e-04	      2.79	0	Gaussian	307.938008	41.820665
89	1	  0.001847	  0.012958	     -1.00	    393.41	    482.42	      2.37	      2.21	     41.45	     38.60	1.57	 2.029e-03	      2.79	0	Gaussian	307.313739	42.279747
90	1	  0.001546	  0.010774	     -1.00	    759.02	    791.24	      2.55	      2.46	     44.59	     43.07	34.40	 3.013e-04	      2.79	0	Gaussian	304.917150	40.888761
91	1	  0.001468	  0.010893	     -1.00	    232.03	    315.05	      2.49	      2.48	     43.62	     43.36	87.79	 4.675e-05	      2.79	0	Gaussian	308.419325	43.024646
92	1	  0.001489	  0.010155	     -1.00	    476.10	    412.98	      2.57	      2.54	     44.95	     44.48	5.84	 6.661e-05	      2.81	0	Gaussian	306.806337	42.629218
93	1	  0.001616	  0.011094	     -1.00	    365.40	    598.36	      2.48	      2.41	     43.46	     42.15	51.29	 3.497e-04	      2.81	0	Gaussian	307.450506	41.723230
94	1	  0.001591	  0.011554	     -1.00	    494.48	    355.71	      2.45	      2.33	     42.92	     40.78	1.95	 4.494e-04	      2.82	0	Gaussian	306.705799	42.904845
95	1	  0.001497	  0.011013	     -1.00	    732.11	      5.48	      2.57	      2.31	     45.05	     40.36	0.93	 9.052e-05	      2.83	0	Gaussian	305.238507	44.608112
96	1	  0.001469	  0.008821	     -1.00	    655.68	    518.84	      2.69	      2.68	     47.09	     46.95	7.01	 1.103e-04	      2.86	0	Gaussian	305.625225	42.163791
97	1	  0.001550	  0.010746	     -1.00	    456.82	    750.46	      2.52	      2.32	     44.08	     40.61	3.92	 3.379e-04	      2.87	0	Gaussian	306.822237	41.026195
98	1	  0.001464	  0.010392	     -1.00	    474.17	    757.59	      2.53	      2.38	     44.24	     41.69	1.63	 6.440e-05	      2.87	0	Gaussian	306.711191	40.996475
99	1	  0.001471	  0.009740	     -1.00	    418.54	    684.96	      2.60	      2.47	     45.51	     43.20	11.74	 6.975e-05	      2.87	0	Gaussian	307.084241	41.327023
100	1	  0.001463	  0.009755	     -1.00	    734.04	    318.29	      2.58	      2.46	     45.15	     43.07	23.64	 6.425e-05	      2.88	0	Gaussian	305.162963	43.126524
101	1	  0.001480	  0.009870	     -1.00	    684.17	     92.14	      2.54	      2.48	     44.45	     43.36	3.54	 5.611e-05	      2.88	0	Gaussian	305.537421	44.190499
102	1	  0.001467	  0.009691	     -1.00	    721.13	    202.25	      2.61	      2.44	     45.61	     42.63	6.85	 5.667e-05	      2.90	0	Gaussian	305.270400	43.674562
103	1	  0.001511	  0.009299	     -1.00	    232.18	    210.48	      2.60	      2.51	     45.50	     43.97	2.33	 1.585e-04	      2.91	0	Gaussian	308.465211	43.519434
104	1	  0.001456	  0.009392	     -1.00	     46.79	    215.88	      2.55	      2.49	     44.56	     43.63	13.02	 4.443e-05	      2.93	0	Gaussian	309.669815	43.426677
105	1	  0.001466	  0.009626	     -1.00	    380.65	    238.26	      2.52	      2.45	     44.14	     42.93	8.70	 6.035e-05	      2.93	0	Gaussian	307.485475	43.432587
106	1	  0.001465	  0.009641	     -1.00	     34.80	    695.63	      2.52	      2.42	     44.08	     42.38	20.87	 5.590e-05	      2.94	0	Gaussian	309.493560	41.155417
107	1	  0.001530	  0.010205	     -1.00	    457.46	    565.67	      2.47	      2.34	     43.24	     40.96	15.73	 1.751e-04	      2.94	0	Gaussian	306.876726	41.901459
108	1	  0.001461	  0.009413	     -1.00	    568.00	    655.55	      2.59	      2.39	     45.29	     41.87	4.70	 5.796e-05	      2.95	0	Gaussian	306.149078	41.499874
109	1	  0.001497	  0.009478	     -1.00	    639.25	    250.62	      2.56	      2.40	     44.79	     42.00	2.09	 1.013e-04	      2.96	0	Gaussian	305.794755	43.432153
110	1	  0.001507	  0.009868	     -1.00	    348.71	    381.24	      2.46	      2.39	     43.04	     41.84	3.07	 1.194e-04	      2.96	0	Gaussian	307.638263	42.746727
111	1	  0.001502	  0.008128	     -1.00	    471.99	    460.05	      2.64	      2.64	     46.21	     46.20	32.13	 1.069e-04	      2.97	0	Gaussian	306.817724	42.405267
112	1	  0.001480	  0.007900	     -1.00	    568.82	    468.75	      2.73	      2.65	     47.72	     46.44	-78.18	 8.472e-05	      2.98	0	Gaussian	306.193958	42.385141
113	1	  0.001524	  0.009319	     -1.00	    574.64	    540.30	      2.51	      2.40	     43.94	     42.03	4.85	 2.398e-04	      2.99	0	Gaussian	306.137492	42.047223
114	1	  0.001483	  0.008971	     -1.00	    288.98	    310.20	      2.53	      2.46	     44.20	     42.99	38.46	 1.198e-04	      3.00	0	Gaussian	308.052726	43.065551
115	1	  0.001500	  0.008864	     -1.00	    564.09	    144.39	      2.68	      2.34	     46.85	     41.03	-2.47	 1.443e-04	      3.01	0	Gaussian	306.315356	43.921058
116	1	  0.001486	  0.008643	     -1.00	    501.13	    288.10	      2.55	      2.51	     44.61	     43.87	8.15	 5.812e-05	      3.01	0	Gaussian	306.683874	43.226660
117	1	  0.001515	  0.008233	     -1.00	    667.73	    378.06	      2.78	      2.42	     48.73	     42.32	20.83	 2.273e-04	      3.01	0	Gaussian	305.579788	42.833041
118	1	  0.001434	  0.000243	     -1.00	    200.06	    673.53	     34.83	     12.44	    609.58	    217.80	-20.17	 1.613e-04	      3.02	0	Gaussian	308.465485	41.318213
119	1	  0.001465	  0.008427	     -1.00	    617.84	    536.78	      2.57	      2.48	     44.96	     43.43	24.47	 9.405e-05	      3.03	0	Gaussian	305.862676	42.072125
120	1	  0.001493	  0.009232	     -1.00	    440.74	    513.52	      2.52	      2.32	     44.06	     40.63	6.34	 9.628e-05	      3.04	0	Gaussian	307.000394	42.144435
121	1	  0.001760	  0.009781	     -1.00	    452.65	    656.64	      2.40	      2.29	     41.94	     40.03	7.92	 1.316e-03	      3.04	0	Gaussian	306.878169	41.469465
122	1	  0.001495	  0.008677	     -1.00	    282.66	    684.73	      2.55	      2.43	     44.58	     42.50	13.00	 1.164e-04	      3.04	0	Gaussian	307.940679	41.290957
123	1	  0.001485	  0.008362	     -1.00	     40.99	    682.04	      2.53	      2.52	     44.31	     44.14	-43.92	 1.662e-04	      3.04	0	Gaussian	309.461696	41.221958
124	1	  0.001461	  0.008577	     -1.00	    309.86	    268.70	      2.55	      2.41	     44.57	     42.11	9.64	 4.388e-05	      3.05	0	Gaussian	307.934330	43.268278
125	1	  0.001620	  0.009240	     -1.00	    746.11	    426.53	      2.52	      2.27	     44.14	     39.79	-0.87	 8.001e-04	      3.05	0	Gaussian	305.064244	42.615132
126	1	  0.001504	  0.008924	     -1.00	     77.65	    403.35	      2.45	      2.39	     42.85	     41.84	15.45	 1.295e-04	      3.07	0	Gaussian	309.371547	42.552802
127	1	  0.001482	  0.008270	     -1.00	    380.19	     82.07	      2.53	      2.49	     44.20	     43.60	-12.44	 5.090e-05	      3.07	0	Gaussian	307.547867	44.171766
128	1	  0.001576	  0.008506	     -1.00	    659.65	    477.69	      2.61	      2.30	     45.73	     40.21	2.04	 3.909e-04	      3.09	0	Gaussian	305.609146	42.359466
129	1	  0.001652	  0.008477	     -1.00	    741.17	    435.19	      2.50	      2.40	     43.83	     42.03	9.02	 8.328e-04	      3.10	0	Gaussian	305.094401	42.573406
130	1	  0.001488	  0.007917	     -1.00	    507.39	    151.12	      2.61	      2.45	     45.61	     42.95	5.54	 9.301e-05	      3.10	0	Gaussian	306.686077	43.876903
131	1	  0.001501	  0.008429	     -1.00	    491.77	    452.50	      2.58	      2.32	     45.17	     40.67	4.66	 7.686e-05	      3.11	0	Gaussian	306.693147	42.445610
132	1	  0.001490	  0.007812	     -1.00	    596.97	    407.63	      2.63	      2.43	     46.10	     42.45	1.44	 1.138e-04	      3.12	0	Gaussian	306.029204	42.680277
133	1	  0.001465	  0.007860	     -1.00	    373.03	    177.70	      2.56	      2.48	     44.81	     43.34	14.14	 3.608e-05	      3.12	0	Gaussian	307.558211	43.717215
134	1	  0.001513	  0.007780	     -1.00	    766.75	    142.15	      2.60	      2.46	     45.51	     43.09	9.61	 7.584e-05	      3.13	0	Gaussian	304.982634	43.965573
135	1	  0.001517	  0.007995	     -1.00	    630.78	    278.15	      2.54	      2.42	     44.43	     42.35	3.27	 1.658e-04	      3.14	0	Gaussian	305.843183	43.300198
136	1	  0.001533	  0.008207	     -1.00	    471.66	     22.57	      2.55	      2.33	     44.69	     40.78	-4.23	 2.591e-04	      3.15	0	Gaussian	306.964275	44.477068
137	1	  0.001461	  0.007971	     -1.00	    137.74	    481.52	      2.52	      2.42	     44.17	     42.43	14.14	 6.275e-05	      3.15	0	Gaussian	308.948350	42.205197
138	1	  0.001480	  0.008072	     -1.00	    525.21	    236.62	      2.54	      2.35	     44.54	     41.18	-1.03	 6.071e-05	      3.16	0	Gaussian	306.542852	43.475917
139	1	  0.001552	  0.007903	     -1.00	    500.66	     93.18	      2.55	      2.38	     44.62	     41.68	5.11	 1.851e-04	      3.16	0	Gaussian	306.748920	44.149693
140	1	  0.001444	  0.007755	     -1.00	     74.18	    223.09	      2.51	      2.45	     43.95	     42.93	-1.49	 3.828e-05	      3.17	0	Gaussian	309.487887	43.403361
141	1	  0.001522	  0.003740	     -1.00	    663.42	    188.39	      5.29	      2.40	     92.56	     41.98	11.00	 1.970e-04	      3.17	0	Gaussian	305.651631	43.731140
142	1	  0.001534	  0.007508	     -1.00	    191.41	    517.51	      2.62	      2.38	     45.83	     41.74	-41.05	 3.537e-04	      3.18	0	Gaussian	308.589440	42.053369
143	1	  0.001528	  0.008055	     -1.00	     62.75	    683.50	      2.48	      2.34	     43.38	     41.02	12.39	 2.934e-04	      3.19	0	Gaussian	309.324330	41.223234
144	1	  0.001441	  0.007439	     -1.00	    722.17	    666.49	      2.64	      2.39	     46.16	     41.84	2.55	 5.353e-05	      3.19	0	Gaussian	305.171611	41.474521
145	1	  0.001440	  0.007439	     -1.00	    625.65	    497.53	      2.59	      2.43	     45.29	     42.54	4.40	 5.668e-05	      3.19	0	Gaussian	305.822353	42.259539
146	1	  0.001566	  0.007877	     -1.00	    485.36	    513.59	      2.55	      2.32	     44.58	     40.68	18.69	 4.293e-04	      3.19	0	Gaussian	306.715232	42.154719
147	1	  0.001486	  0.006701	     -1.00	    293.90	    592.61	      2.83	      2.45	     49.50	     42.81	18.02	 7.978e-05	      3.22	0	Gaussian	307.906206	41.730216
148	1	  0.001499	  0.007123	     -1.00	    767.04	    286.63	      2.63	      2.40	     45.95	     42.09	-12.36	 9.402e-05	      3.23	0	Gaussian	304.954417	43.281027
149	1	  0.001478	  0.007445	     -1.00	    445.88	    247.47	      2.56	      2.35	     44.81	     41.14	-0.32	 5.868e-05	      3.23	0	Gaussian	307.056852	43.405970
150	1	  0.001553	  0.007907	     -1.00	    219.06	    735.63	      2.42	      2.33	     42.40	     40.78	17.98	 4.463e-04	      3.24	0	Gaussian	308.319416	41.030648
151	1	  0.001463	  0.007069	     -1.00	    258.81	    680.15	      2.53	      2.47	     44.32	     43.16	5.55	 5.369e-05	      3.24	0	Gaussian	308.092696	41.305434
152	1	  0.001535	  0.006945	     -1.00	    600.38	    598.87	      2.59	      2.46	     45.41	     43.02	13.26	 4.407e-04	      3.25	0	Gaussian	305.958416	41.774645
153	1	  0.001688	  0.007722	     -1.00	    495.72	    364.38	      2.50	      2.29	     43.79	     40.17	-3.25	 1.021e-03	      3.25	0	Gaussian	306.695110	42.864031
154	1	  0.001644	  0.007423	     -1.00	    585.93	    493.62	      2.57	      2.32	     44.90	     40.60	10.38	 4.817e-04	      3.25	0	Gaussian	306.077635	42.270646
155	1	  0.001525	  0.006825	     -1.00	    548.85	    195.15	      2.58	      2.50	     45.18	     43.68	-10.00	 1.456e-04	      3.25	0	Gaussian	306.400671	43.677429
156	1	  0.001453	  0.006986	     -1.00	    121.26	    241.90	      2.52	      2.51	     44.19	     43.92	29.38	 3.603e-05	      3.25	0	Gaussian	309.172263	43.332207
157	1	  0.001525	  0.007364	     -1.00	    331.43	    103.38	      2.47	      2.39	     43.19	     41.86	-5.25	 1.212e-04	      3.27	0	Gaussian	307.860855	44.057023
158	1	  0.001493	  0.007046	     -1.00	    705.67	    105.38	      2.57	      2.38	     44.99	     41.69	0.93	 5.774e-05	      3.28	0	Gaussian	305.392494	44.131154
159	1	  0.001497	  0.006966	     -1.00	    590.97	    589.41	      2.61	      2.35	     45.76	     41.18	3.75	 2.990e-04	      3.28	0	Gaussian	306.020647	41.817708
160	1	  0.001474	  0.007223	     -1.00	     11.37	    692.61	      2.47	      2.36	     43.23	     41.39	16.15	 6.420e-05	      3.30	0	Gaussian	309.642066	41.160633
161	1	  0.001471	  0.007146	     -1.00	     83.66	    640.41	      2.49	      2.36	     43.65	     41.35	11.36	 1.294e-04	      3.31	0	Gaussian	309.214133	41.434537
162	1	  0.001453	  0.005582	     -1.00	    600.62	    772.85	      2.83	      2.59	     49.52	     45.32	45.82	 9.923e-05	      3.32	0	Gaussian	305.913766	40.950543
163	1	  0.001433	  0.006208	     -1.00	    714.98	    720.16	      2.60	      2.56	     45.47	     44.76	63.13	 4.906e-05	      3.33	0	Gaussian	305.206659	41.219215
164	1	  0.001550	  0.003148	     -1.00	    703.57	    290.52	      4.93	      2.62	     86.27	     45.86	-47.28	 2.616e-04	      3.33	0	Gaussian	305.366628	43.253641
165	1	  0.001492	  0.006975	     -1.00	    293.51	    159.69	      2.49	      2.38	     43.53	     41.58	1.92	 9.403e-05	      3.33	0	Gaussian	308.086472	43.779213
166	1	  0.001464	  0.006499	     -1.00	    218.27	    402.62	      2.62	      2.41	     45.88	     42.17	21.79	 7.232e-05	      3.34	0	Gaussian	308.469096	42.605842
167	1	  0.001551	  0.006522	     -1.00	    338.35	    496.18	      2.57	      2.43	     44.99	     42.58	-22.35	 1.862e-04	      3.34	0	Gaussian	307.660804	42.199544
168	1	  0.001502	  0.006603	     -1.00	    244.51	    149.91	      2.54	      2.40	     44.48	     42.01	16.33	 1.236e-04	      3.34	0	Gaussian	308.411870	43.809970
169	1	  0.001462	  0.006544	     -1.00	    573.06	    348.29	      2.52	      2.41	     44.04	     42.18	16.68	 4.758e-05	      3.34	0	Gaussian	306.199501	42.956840
170	1	  0.001507	  0.006433	     -1.00	     60.31	    131.11	      2.52	      2.44	     44.18	     42.72	-85.27	 2.810e-04	      3.36	0	Gaussian	309.627729	43.832436
171	1	  0.001593	  0.006827	     -1.00	    357.76	    741.75	      2.49	      2.36	     43.50	     41.23	14.24	 3.884e-04	      3.36	0	Gaussian	307.446960	41.042368
172	1	  0.001534	  0.006207	     -1.00	    412.72	      8.40	      2.68	      2.41	     46.96	     42.11	-13.56	 1.507e-04	      3.36	0	Gaussian	307.360462	44.529112
173	1	  0.001525	  0.004811	     -1.00	    253.75	    159.27	      2.89	      2.87	     50.62	     50.27	-45.26	 4.094e-04	      3.37	0	Gaussian	308.347163	43.768658
174	1	  0.001521	  0.006634	     -1.00	    403.66	    388.58	      2.54	      2.35	     44.40	     41.15	1.98	 9.735e-05	      3.37	0	Gaussian	307.281287	42.726852
175	1	  0.001490	  0.006265	     -1.00	    462.13	    127.09	      2.51	      2.47	     43.98	     43.25	3.49	 8.503e-05	      3.37	0	Gaussian	306.991578	43.980028
176	1	  0.001527	  0.006319	     -1.00	    251.90	    450.09	      2.50	      2.45	     43.75	     42.86	-8.56	 3.020e-04	      3.38	0	Gaussian	308.232591	42.391983
177	1	  0.001456	  0.002965	     -1.00	    365.55	    143.22	      4.95	      2.66	     86.71	     46.52	28.53	 1.068e-04	      3.39	0	Gaussian	307.620626	43.878285
178	1	  0.001494	  0.006062	     -1.00	    703.47	    668.42	      2.64	      2.43	     46.25	     42.55	26.52	 2.671e-04	      3.39	0	Gaussian	305.289418	41.462614
179	1	  0.001453	  0.001931	     -1.00	    773.82	    545.08	      6.02	      3.28	    105.35	     57.35	82.26	 1.185e-04	      3.39	0	Gaussian	304.865507	42.056905
180	1	  0.001498	  0.005246	     -1.00	     88.68	    346.40	      3.04	      2.46	     53.23	     42.99	6.22	 9.544e-05	      3.40	0	Gaussian	309.329890	42.826122
181	1	  0.001446	  0.005638	     -1.00	    588.38	    680.78	      2.68	      2.49	     46.95	     43.58	26.36	 6.060e-05	      3.42	0	Gaussian	306.013758	41.384288
182	1	  0.001467	  0.005733	     -1.00	    210.17	    776.69	      2.68	      2.46	     46.89	     43.06	-7.98	 6.900e-05	      3.43	0	Gaussian	308.357679	40.833675
183	1	  0.001572	  0.006503	     -1.00	    216.78	    755.42	      2.48	      2.32	     43.34	     40.64	11.61	 8.222e-04	      3.43	0	Gaussian	308.325332	40.936338
184	1	  0.001473	  0.005731	     -1.00	    549.50	    134.06	      2.60	      2.49	     45.47	     43.65	-0.34	 3.795e-05	      3.44	0	Gaussian	306.414402	43.966941
185	1	  0.001473	  0.006250	     -1.00	    233.59	     58.53	      2.53	      2.36	     44.23	     41.35	-2.83	 4.921e-05	      3.44	0	Gaussian	308.525387	44.238443
186	1	  0.001444	  0.005915	     -1.00	    585.49	    439.68	      2.61	      2.41	     45.63	     42.12	1.60	 4.831e-05	      3.44	0	Gaussian	306.094705	42.526188
187	1	  0.001542	  0.006272	     -1.00	    642.85	    530.50	      2.51	      2.32	     43.92	     40.67	4.78	 2.658e-04	      3.44	0	Gaussian	305.704506	42.106317
188	1	  0.001475	  0.005929	     -1.00	    418.17	    270.68	      2.57	      2.43	     44.93	     42.51	-1.81	 8.199e-05	      3.44	0	Gaussian	307.229224	43.289019
189	1	  0.001549	  0.005918	     -1.00	    636.61	    440.46	      2.58	      2.40	     45.24	     41.95	10.43	 3.855e-04	      3.46	0	Gaussian	305.765775	42.531969
190	1	  0.001495	  0.005885	     -1.00	    332.98	     12.71	      2.55	      2.42	     44.65	     42.36	0.83	 1.419e-04	      3.46	0	Gaussian	307.887923	44.486323
191	1	  0.001562	  0.006058	     -1.00	    664.38	    215.19	      2.54	      2.35	     44.51	     41.06	-13.06	 2.908e-04	      3.46	0	Gaussian	305.639060	43.604357
192	1	  0.001487	  0.005536	     -1.00	    497.32	    584.81	      2.66	      2.46	     46.61	     43.02	4.91	 7.904e-05	      3.47	0	Gaussian	306.617235	41.820018
193	1	  0.001479	  0.005725	     -1.00	    278.36	     84.97	      2.54	      2.42	     44.44	     42.34	-56.94	 1.393e-04	      3.48	0	Gaussian	308.218211	44.127940
194	1	  0.001518	  0.006048	     -1.00	    244.61	    274.69	      2.48	      2.39	     43.35	     41.80	9.79	 1.535e-04	      3.48	0	Gaussian	308.355679	43.219712
195	1	  0.001490	  0.005616	     -1.00	    356.07	    661.36	      2.60	      2.38	     45.50	     41.71	17.17	 1.287e-04	      3.51	0	Gaussian	307.486652	41.422449
196	1	  0.001555	  0.006013	     -1.00	     91.46	    599.17	      2.44	      2.34	     42.66	     40.96	22.31	 2.597e-04	      3.53	0	Gaussian	309.185184	41.632332
197	1	  0.001451	  0.004318	     -1.00	    122.13	    691.82	      3.16	      2.45	     55.30	     42.88	4.89	 4.257e-05	      3.53	0	Gaussian	308.947353	41.205382
198	1	  0.001566	  0.005467	     -1.00	    100.70	    563.90	      2.49	      2.49	     43.65	     43.55	-11.64	 4.001e-04	      3.54	0	Gaussian	309.144033	41.802411
199	1	  0.001475	  0.004870	     -1.00	    537.47	    656.04	      2.75	      2.50	     48.16	     43.68	14.76	 1.150e-04	      3.54	0	Gaussian	306.342047	41.491286
200	1	  0.001473	  0.004765	     -1.00	    698.77	    587.03	      2.66	      2.65	     46.52	     46.36	72.31	 1.362e-04	      3.55	0	Gaussian	305.335705	41.847578
201	1	  0.001461	  0.005449	     -1.00	     66.24	     67.66	      2.55	      2.42	     44.55	     42.36	-3.71	 5.161e-05	      3.55	0	Gaussian	309.623363	44.134376
202	1	  0.001563	  0.005327	     -1.00	    660.42	    231.02	      2.48	      2.48	     43.45	     43.44	15.58	 1.596e-04	      3.55	0	Gaussian	305.661277	43.528668
203	1	  0.001523	  0.005002	     -1.00	    742.40	    739.84	      2.69	      2.46	     47.01	     43.13	3.56	 2.231e-04	      3.56	0	Gaussian	305.030460	41.129921
204	1	  0.001442	  0.004858	     -1.00	    790.62	    777.45	      2.82	      2.45	     49.30	     42.96	4.10	 6.234e-05	      3.56	0	Gaussian	304.721361	40.958091
205	1	  0.001615	  0.005790	     -1.00	    109.58	    500.03	      2.43	      2.35	     42.50	     41.21	25.11	 4.468e-04	      3.56	0	Gaussian	309.118916	42.107587
206	1	  0.001480	  0.005002	     -1.00	    389.91	    640.96	      2.67	      2.47	     46.68	     43.28	7.77	 8.504e-05	      3.57	0	Gaussian	307.280087	41.528035
207	1	  0.001515	  0.005249	     -1.00	    263.89	    754.03	      2.51	      2.47	     44.00	     43.20	-6.58	 3.346e-04	      3.57	0	Gaussian	308.030857	40.957488
208	1	  0.001457	  0.005327	     -1.00	    338.37	    401.39	      2.54	      2.42	     44.54	     42.41	6.85	 4.271e-05	      3.58	0	Gaussian	307.697100	42.648383
209	1	  0.001459	  0.004924	     -1.00	    488.73	    767.85	      2.66	      2.49	     46.58	     43.67	0.57	 4.183e-05	      3.58	0	Gaussian	306.616761	40.951223
210	1	  0.001447	  0.005051	     -1.00	    329.09	    596.74	      2.56	      2.46	     44.74	     43.02	-13.65	 4.577e-05	      3.59	0	Gaussian	307.681413	41.720857
211	1	  0.001549	  0.005222	     -1.00	    570.32	    278.88	      2.52	      2.45	     44.07	     42.85	26.95	 3.247e-04	      3.60	0	Gaussian	306.236514	43.285210
212	1	  0.001459	  0.004732	     -1.00	    469.25	    204.05	      2.65	      2.57	     46.37	     45.03	-30.22	 3.739e-05	      3.60	0	Gaussian	306.918935	43.617330
213	1	  0.001477	  0.004380	     -1.00	    794.34	    697.09	      2.87	      2.52	     50.26	     44.09	-29.02	 8.653e-05	      3.61	0	Gaussian	304.710530	41.339154
214	1	  0.001476	  0.004986	     -1.00	    358.30	    579.13	      2.59	      2.47	     45.39	     43.28	-3.31	 9.760e-05	      3.61	0	Gaussian	307.502578	41.812353
215	1	  0.001504	  0.004947	     -1.00	    267.94	     80.99	      2.53	      2.51	     44.21	     43.87	65.09	 1.330e-04	      3.61	0	Gaussian	308.288671	44.143455
216	1	  0.001480	  0.003253	     -1.00	    585.59	    605.61	      3.28	      2.96	     57.35	     51.86	18.92	 1.367e-04	      3.63	0	Gaussian	306.050632	41.739885
217	1	  0.001460	  0.005159	     -1.00	    153.10	     97.48	      2.51	      2.38	     43.96	     41.68	1.21	 5.239e-05	      3.63	0	Gaussian	309.036729	44.026389
218	1	  0.001528	  0.005607	     -1.00	    707.52	    306.43	      2.42	      2.26	     42.43	     39.53	2.05	 1.690e-04	      3.63	0	Gaussian	305.337573	43.178848
219	1	  0.001480	  0.004905	     -1.00	    214.78	    495.38	      2.59	      2.44	     45.39	     42.74	4.60	 9.646e-05	      3.64	0	Gaussian	308.450319	42.165804
220	1	  0.001456	  0.005006	     -1.00	    341.44	    687.39	      2.58	      2.38	     45.23	     41.63	9.00	 5.425e-05	      3.64	0	Gaussian	307.569367	41.295223
221	1	  0.001481	  0.004845	     -1.00	    370.18	    464.69	      2.57	      2.46	     45.00	     43.01	-1.48	 1.676e-04	      3.65	0	Gaussian	307.468895	42.357467
222	1	  0.001518	  0.004677	     -1.00	    698.80	    429.92	      2.57	      2.53	     44.93	     44.32	-13.37	 2.023e-04	      3.65	0	Gaussian	305.368089	42.592200
223	1	  0.001508	  0.005051	     -1.00	    168.52	    448.17	      2.49	      2.43	     43.58	     42.47	42.89	 2.183e-04	      3.66	0	Gaussian	308.767428	42.373623
224	1	  0.001510	  0.003089	     -1.00	    517.61	    508.83	      3.26	      2.92	     57.06	     51.14	-49.18	 9.186e-05	      3.66	0	Gaussian	306.510545	42.184470
225	1	  0.001506	  0.004548	     -1.00	    311.43	    120.40	      2.59	      2.57	     45.25	     44.92	-74.83	 1.429e-04	      3.66	0	Gaussian	307.985437	43.970553
226	1	  0.001440	  0.004571	     -1.00	    702.95	    623.89	      2.59	      2.55	     45.26	     44.62	18.62	 5.442e-05	      3.66	0	Gaussian	305.301710	41.673548
227	1	  0.001490	  0.004734	     -1.00	    240.18	    224.07	      2.54	      2.50	     44.38	     43.70	-13.34	 1.043e-04	      3.67	0	Gaussian	308.406972	43.457742
228	1	  0.001470	  0.004259	     -1.00	    707.57	    131.56	      2.72	      2.59	     47.58	     45.26	3.12	 4.759e-05	      3.68	0	Gaussian	305.374333	44.007450
229	1	  0.001447	  0.004811	     -1.00	     27.93	    769.47	      2.56	      2.37	     44.89	     41.43	14.37	 3.477e-05	      3.68	0	Gaussian	309.498891	40.804096
230	1	  0.001501	  0.004709	     -1.00	    349.43	    497.86	      2.56	      2.45	     44.79	     42.81	29.64	 9.752e-05	      3.69	0	Gaussian	307.589318	42.194719
231	1	  0.001528	  0.004879	     -1.00	    320.74	    520.63	      2.53	      2.38	     44.22	     41.58	9.09	 1.889e-04	      3.70	0	Gaussian	307.763804	42.078805
232	1	  0.001475	  0.004313	     -1.00	    388.38	    678.70	      2.79	      2.41	     48.75	     42.24	10.10	 6.925e-05	      3.71	0	Gaussian	307.276585	41.348926
233	1	  0.001552	  0.004785	     -1.00	    673.54	    215.41	      2.58	      2.34	     45.24	     41.02	1.22	 3.280e-04	      3.71	0	Gaussian	305.579059	43.604843
234	1	  0.001482	  0.001545	     -1.00	    248.55	    617.67	      6.83	      2.74	    119.53	     47.89	49.01	 1.142e-04	      3.71	0	Gaussian	308.183281	41.597896
235	1	  0.001460	  0.004180	     -1.00	    566.32	    174.69	      2.86	      2.44	     50.05	     42.77	3.34	 2.944e-05	      3.71	0	Gaussian	306.292060	43.777997
236	1	  0.001607	  0.005112	     -1.00	    213.36	    631.24	      2.44	      2.32	     42.66	     40.58	8.75	 3.996e-04	      3.71	0	Gaussian	308.400009	41.522541
237	1	  0.001473	  0.004353	     -1.00	    412.92	     23.20	      2.58	      2.48	     45.13	     43.49	-21.23	 7.295e-05	      3.72	0	Gaussian	307.353653	44.459184
238	1	  0.001490	  0.004079	     -1.00	    170.26	    747.96	      2.66	      2.64	     46.55	     46.16	53.50	 1.267e-04	      3.72	0	Gaussian	308.619776	40.956500
239	1	  0.001492	  0.004611	     -1.00	    349.61	    127.09	      2.55	      2.42	     44.59	     42.32	12.54	 1.024e-04	      3.72	0	Gaussian	307.731694	43.950115
240	1	  0.001595	  0.004820	     -1.00	    682.75	    179.18	      2.50	      2.37	     43.67	     41.50	4.88	 3.229e-04	      3.73	0	Gaussian	305.527026	43.777997
241	1	  0.001455	  0.004538	     -1.00	    396.68	    760.69	      2.58	      2.44	     45.13	     42.66	6.07	 6.082e-05	      3.73	0	Gaussian	307.196169	40.962983
242	1	  0.001484	  0.004472	     -1.00	     75.41	    736.22	      2.53	      2.51	     44.36	     43.94	58.97	 9.691e-05	      3.73	0	Gaussian	309.218866	40.978853
243	1	  0.001497	  0.003798	     -1.00	    781.52	     26.53	      2.74	      2.72	     48.03	     47.68	-40.59	 9.269e-05	      3.74	0	Gaussian	304.906096	44.515009
244	1	  0.001475	  0.004328	     -1.00	    770.90	    654.36	      2.70	      2.41	     47.19	     42.21	-4.45	 9.005e-05	      3.74	0	Gaussian	304.865587	41.538679
245	1	  0.001528	  0.004397	     -1.00	    655.85	     45.06	      2.55	      2.48	     44.70	     43.41	2.65	 2.101e-04	      3.74	0	Gaussian	305.735966	44.408762
246	1	  0.001447	  0.004041	     -1.00	    640.74	    677.40	      2.73	      2.54	     47.87	     44.46	8.28	 4.717e-05	      3.75	0	Gaussian	305.683905	41.409864
247	1	  0.001557	  0.004752	     -1.00	     32.13	    658.41	      2.49	      2.35	     43.60	     41.06	12.33	 2.527e-04	      3.75	0	Gaussian	309.529470	41.330168
248	1	  0.001476	  0.003990	     -1.00	    465.15	    589.76	      2.71	      2.56	     47.45	     44.74	0.73	 5.030e-05	      3.77	0	Gaussian	306.820195	41.789192
249	1	  0.001461	  0.003973	     -1.00	    728.72	    579.50	      2.76	      2.47	     48.38	     43.27	14.41	 1.093e-04	      3.79	0	Gaussian	305.146683	41.887710
250	1	  0.001447	  0.003802	     -1.00	    779.81	    389.85	      2.72	      2.61	     47.65	     45.65	8.21	 3.184e-05	      3.79	0	Gaussian	304.853512	42.793427
251	1	  0.001462	  0.004181	     -1.00	    234.13	     74.70	      2.61	      2.46	     45.63	     43.13	-14.99	 3.605e-05	      3.79	0	Gaussian	308.514317	44.162176
252	1	  0.001491	  0.004116	     -1.00	    411.11	    641.39	      2.68	      2.43	     46.89	     42.57	-8.79	 7.862e-05	      3.80	0	Gaussian	307.145820	41.531451
253	1	  0.001484	  0.003060	     -1.00	    749.57	    355.22	      3.05	      2.84	     53.35	     49.76	34.26	 1.072e-04	      3.80	0	Gaussian	305.055200	42.953603
254	1	  0.001530	  0.004335	     -1.00	    720.57	     89.23	      2.58	      2.37	     45.23	     41.40	-2.15	 9.869e-05	      3.81	0	Gaussian	305.297558	44.209874
255	1	  0.001511	  0.004340	     -1.00	    150.91	    666.75	      2.48	      2.39	     43.34	     41.75	29.74	 1.502e-04	      3.82	0	Gaussian	308.778024	41.333901
256	1	  0.001615	  0.004323	     -1.00	    444.83	    639.26	      2.59	      2.33	     45.35	     40.73	-3.25	 3.730e-04	      3.83	0	Gaussian	306.933165	41.549876
257	1	  0.001470	  0.003978	     -1.00	    185.13	    271.26	      2.60	      2.51	     45.56	     43.99	25.64	 6.546e-05	      3.83	0	Gaussian	308.743233	43.216150
258	1	  0.001754	  0.004411	     -1.00	     53.62	    490.75	      2.61	      2.18	     45.71	     38.16	-41.56	 1.465e-03	      3.84	0	Gaussian	309.480076	42.130593
259	1	  0.001483	  0.004645	     -1.00	     40.59	    259.52	      2.41	      2.27	     42.19	     39.75	7.01	 1.553e-04	      3.84	0	Gaussian	309.686391	43.218075
260	1	  0.001459	  0.003090	     -1.00	    328.41	    157.70	      2.91	      2.77	     50.90	     48.57	50.88	 8.637e-05	      3.84	0	Gaussian	307.858523	43.799120
261	1	  0.001557	  0.003980	     -1.00	    466.14	    726.94	      2.56	      2.50	     44.81	     43.70	26.32	 3.222e-04	      3.84	0	Gaussian	306.771008	41.139728
262	1	  0.001475	  0.003285	     -1.00	     98.66	    432.00	      2.80	      2.79	     48.94	     48.83	13.51	 7.387e-05	      3.84	0	Gaussian	309.222381	42.425216
263	1	  0.001477	  0.003857	     -1.00	     12.77	    241.02	      2.58	      2.57	     45.12	     45.05	-11.28	 1.198e-04	      3.84	0	Gaussian	309.876860	43.294275
264	1	  0.001452	  0.003829	     -1.00	    576.16	    669.41	      2.68	      2.50	     46.93	     43.68	3.62	 4.714e-05	      3.85	0	Gaussian	306.093842	41.435807
265	1	  0.001513	  0.003781	     -1.00	    307.50	    565.91	      2.71	      2.39	     47.36	     41.90	7.92	 1.245e-04	      3.86	0	Gaussian	307.830397	41.860612
266	1	  0.001463	  0.003233	     -1.00	     25.59	    462.97	      2.98	      2.56	     52.18	     44.80	-6.69	 6.342e-05	      3.87	0	Gaussian	309.673325	42.250971
267	1	  0.001549	  0.003748	     -1.00	    266.57	    649.08	      2.67	      2.49	     46.74	     43.53	-86.12	 1.770e-04	      3.87	0	Gaussian	308.056420	41.454779
268	1	  0.001536	  0.003751	     -1.00	    418.31	    430.56	      2.67	      2.52	     46.65	     44.07	34.47	 2.613e-04	      3.87	0	Gaussian	307.172226	42.531788
269	1	  0.001469	  0.003251	     -1.00	    640.69	    367.53	      2.80	      2.76	     48.97	     48.37	55.79	 9.193e-05	      3.88	0	Gaussian	305.757026	42.878364
270	1	  0.001472	  0.003649	     -1.00	    377.73	    721.87	      2.69	      2.54	     47.07	     44.46	8.07	 4.858e-05	      3.88	0	Gaussian	307.328569	41.141812
271	1	  0.001478	  0.003618	     -1.00	    720.03	    687.91	      2.72	      2.50	     47.66	     43.84	11.72	 1.167e-04	      3.88	0	Gaussian	305.181012	41.372728
272	1	  0.001458	  0.003957	     -1.00	    136.62	     40.76	      2.55	      2.45	     44.69	     42.93	-1.77	 4.051e-05	      3.88	0	Gaussian	309.173961	44.288359
273	1	  0.001450	  0.003692	     -1.00	    142.16	    439.04	      2.62	      2.56	     45.93	     44.74	4.28	 4.542e-05	      3.89	0	Gaussian	308.940482	42.407645
274	1	  0.001526	  0.004186	     -1.00	    202.36	    257.07	      2.40	      2.38	     42.04	     41.70	-40.71	 1.005e-04	      3.89	0	Gaussian	308.638022	43.289113
275	1	  0.001468	  0.002785	     -1.00	    361.97	    306.04	      2.96	      2.94	     51.74	     51.42	-89.19	 9.639e-05	      3.89	0	Gaussian	307.581240	43.106526
276	1	  0.001475	  0.003805	     -1.00	    165.39	    214.92	      2.59	      2.39	     45.33	     41.91	-50.35	 1.004e-04	      3.90	0	Gaussian	308.898499	43.475660
277	1	  0.001450	  0.003250	     -1.00	    567.05	    780.38	      2.79	      2.65	     48.76	     46.33	-22.54	 4.176e-05	      3.91	0	Gaussian	306.122324	40.908434
278	1	  0.001461	  0.002320	     -1.00	    156.72	    526.37	      3.58	      2.89	     62.63	     50.56	71.23	 7.848e-05	      3.91	0	Gaussian	308.806203	41.999707
279	1	  0.001555	  0.003640	     -1.00	    653.31	     79.38	      2.72	      2.43	     47.54	     42.60	6.89	 3.318e-04	      3.92	0	Gaussian	305.744368	44.245785
280	1	  0.001525	  0.003836	     -1.00	    321.03	    354.81	      2.51	      2.48	     43.90	     43.37	50.51	 2.264e-04	      3.92	0	Gaussian	307.827197	42.863943
281	1	  0.001476	  0.003701	     -1.00	    362.68	    488.54	      2.66	      2.42	     46.54	     42.42	0.29	 6.146e-05	      3.93	0	Gaussian	307.508086	42.242510
282	1	  0.001519	  0.003942	     -1.00	    296.92	    171.44	      2.52	      2.33	     44.13	     40.73	-2.72	 2.554e-04	      3.94	0	Gaussian	308.059196	43.724669
283	1	  0.001472	  0.003490	     -1.00	    711.56	    152.61	      2.72	      2.48	     47.66	     43.33	6.22	 4.981e-05	      3.94	0	Gaussian	305.343570	43.908335
284	1	  0.001487	  0.003478	     -1.00	    226.96	    712.91	      2.62	      2.49	     45.93	     43.55	18.43	 8.620e-05	      3.94	0	Gaussian	308.279445	41.140600
285	1	  0.001472	  0.004011	     -1.00	    604.55	    436.51	      2.50	      2.28	     43.73	     39.97	4.75	 1.379e-04	      3.94	0	Gaussian	305.972956	42.544863
286	1	  0.001485	  0.004003	     -1.00	    466.52	    549.53	      2.49	      2.28	     43.56	     39.93	6.08	 6.525e-05	      3.95	0	Gaussian	306.824181	41.980070
287	1	  0.001576	  0.003875	     -1.00	    352.39	    733.00	      2.43	      2.43	     42.55	     42.46	-1.91	 5.425e-04	      3.95	0	Gaussian	307.483816	41.082356
288	1	  0.001456	  0.001424	     -1.00	    703.19	    470.51	      4.04	      4.04	     70.75	     70.75	-1.17	 1.211e-04	      3.95	0	Gaussian	305.331455	42.400510
289	1	  0.001499	  0.003460	     -1.00	    486.03	    234.39	      2.72	      2.44	     47.58	     42.68	18.98	 1.816e-04	      3.96	0	Gaussian	306.799316	43.477625
290	1	  0.001639	  0.004239	     -1.00	    493.57	    505.60	      2.38	      2.23	     41.73	     39.01	5.66	 7.579e-04	      3.96	0	Gaussian	306.665234	42.194445
291	1	  0.001453	  0.003382	     -1.00	    225.06	    516.03	      2.61	      2.61	     45.71	     45.61	28.30	 4.727e-05	      3.96	0	Gaussian	308.375688	42.071420
292	1	  0.001472	  0.003565	     -1.00	    248.94	    113.23	      2.56	      2.46	     44.82	     43.01	-18.81	 5.824e-05	      3.96	0	Gaussian	308.399314	43.984864
293	1	  0.001490	  0.003651	     -1.00	    746.05	     73.52	      2.63	      2.37	     45.96	     41.40	-4.10	 8.353e-05	      3.97	0	Gaussian	305.132333	44.287892
294	1	  0.001493	  0.003616	     -1.00	    487.99	    710.55	      2.65	      2.38	     46.31	     41.59	3.41	 2.989e-04	      3.97	0	Gaussian	306.638489	41.222358
295	1	  0.001461	  0.003340	     -1.00	    318.32	    413.86	      2.68	      2.53	     46.98	     44.23	5.16	 4.769e-05	      3.98	0	Gaussian	307.821213	42.583578
296	1	  0.001522	  0.003420	     -1.00	    510.56	    636.28	      2.63	      2.52	     46.10	     44.07	-11.54	 1.387e-04	      3.98	0	Gaussian	306.518006	41.579128
297	1	  0.001466	  0.002785	     -1.00	    764.48	    263.47	      3.05	      2.69	     53.33	     47.08	20.24	 8.074e-05	      3.98	0	Gaussian	304.975281	43.390450
298	1	  0.002419	  0.005407	     -1.00	    536.35	    412.66	      2.05	      1.95	     35.86	     34.17	-25.55	 5.875e-03	      3.99	0	Gaussian	306.418424	42.644240
299	1	  0.001501	  0.003084	     -1.00	    277.95	    590.52	      2.77	      2.60	     48.45	     45.47	2.10	 1.266e-04	      3.99	0	Gaussian	308.008224	41.735342
300	1	  0.001488	  0.003476	     -1.00	    376.87	    590.72	      2.60	      2.45	     45.45	     42.95	18.27	 1.372e-04	      3.99	0	Gaussian	307.380464	41.762484
301	1	  0.001472	  0.002820	     -1.00	    748.33	    254.74	      2.88	      2.69	     50.37	     47.05	-28.40	 7.833e-05	      3.99	0	Gaussian	305.082217	43.429659
302	1	  0.001477	  0.002179	     -1.00	    208.51	    472.82	      3.78	      2.67	     66.24	     46.70	-54.45	 1.101e-04	      4.00	0	Gaussian	308.500378	42.270479
303	1	  0.001640	  0.003333	     -1.00	    207.38	    624.97	      2.74	      2.48	     47.88	     43.40	33.40	 5.198e-04	      4.00	0	Gaussian	308.440495	41.550301
304	1	  0.001480	  0.003207	     -1.00	    615.15	    262.02	      2.63	      2.61	     45.97	     45.68	18.41	 6.024e-05	      4.01	0	Gaussian	305.949069	43.373780
305	1	  0.001458	  0.003045	     -1.00	    703.67	    343.67	      2.89	      2.53	     50.65	     44.32	11.88	 5.451e-05	      4.01	0	Gaussian	305.354738	43.001767
306	1	  0.001497	  0.002987	     -1.00	    677.27	    410.46	      2.86	      2.58	     50.11	     45.13	28.60	 8.606e-05	      4.01	0	Gaussian	305.510959	42.681050
307	1	  0.001523	  0.003543	     -1.00	    473.75	     89.52	      2.58	      2.40	     45.20	     41.94	-0.25	 2.660e-04	      4.02	0	Gaussian	306.927694	44.160691
308	1	  0.001547	  0.003507	     -1.00	    579.17	    270.10	      2.53	      2.46	     44.29	     43.03	-6.47	 4.208e-04	      4.02	0	Gaussian	306.181339	43.328559
309	1	  0.001479	  0.003397	     -1.00	    755.21	     18.40	      2.67	      2.42	     46.71	     42.31	-4.12	 1.217e-04	      4.02	0	Gaussian	305.082316	44.550120
310	1	  0.001437	  0.003383	     -1.00	    164.69	    319.18	      2.60	      2.49	     45.55	     43.51	1.24	 2.217e-05	      4.02	0	Gaussian	308.852927	42.982384
311	1	  0.001483	  0.002821	     -1.00	    366.99	    661.34	      2.82	      2.76	     49.44	     48.27	76.33	 1.901e-04	      4.02	0	Gaussian	307.417708	41.425468
312	1	  0.001466	  0.002887	     -1.00	    369.75	    644.27	      2.96	      2.47	     51.85	     43.19	40.68	 7.158e-05	      4.03	0	Gaussian	307.406382	41.507027
313	1	  0.001470	  0.003460	     -1.00	     14.01	    654.17	      2.54	      2.46	     44.37	     43.00	20.44	 8.524e-05	      4.03	0	Gaussian	309.645559	41.343235
314	1	  0.001481	  0.003726	     -1.00	    240.43	    406.32	      2.45	      2.32	     42.91	     40.69	8.60	 6.738e-05	      4.03	0	Gaussian	308.325031	42.595494
315	1	  0.001459	  0.003048	     -1.00	    240.18	    581.35	      2.74	      2.60	     47.93	     45.45	21.30	 4.109e-05	      4.03	0	Gaussian	308.251573	41.767154
316	1	  0.001477	  0.003695	     -1.00	    619.42	    547.59	      2.50	      2.28	     43.70	     39.84	-1.75	 1.846e-04	      4.03	0	Gaussian	305.849934	42.021183
317	1	  0.001460	  0.003190	     -1.00	     45.08	    455.03	      2.59	      2.59	     45.40	     45.27	31.92	 4.497e-05	      4.04	0	Gaussian	309.553117	42.296084
318	1	  0.001491	  0.003232	     -1.00	    193.55	    610.04	      2.64	      2.47	     46.25	     43.19	11.07	 8.565e-05	      4.04	0	Gaussian	308.534525	41.616410
319	1	  0.001469	  0.003314	     -1.00	     16.83	    480.77	      2.62	      2.48	     45.80	     43.42	19.18	 3.368e-05	      4.04	0	Gaussian	309.719651	42.163412
320	1	  0.001468	  0.002836	     -1.00	    595.34	    627.17	      2.85	      2.64	     49.93	     46.23	29.48	 1.220e-04	      4.04	0	Gaussian	305.983301	41.639605
321	1	  0.001551	  0.003610	     -1.00	    768.08	     65.40	      2.56	      2.31	     44.80	     40.39	-0.32	 2.918e-04	      4.04	0	Gaussian	304.988077	44.329273
322	1	  0.001476	  0.003409	     -1.00	    425.76	    300.58	      2.61	      2.40	     45.70	     41.94	1.53	 8.086e-05	      4.05	0	Gaussian	307.169347	43.149383
323	1	  0.001462	  0.000456	     -1.00	    614.12	    323.45	     16.12	      3.20	    282.14	     55.94	17.42	 7.940e-05	      4.05	0	Gaussian	305.939989	43.082484
324	1	  0.001590	  0.003382	     -1.00	    474.18	    229.60	      2.68	      2.36	     46.94	     41.22	-15.16	 4.017e-04	      4.05	0	Gaussian	306.878271	43.497476
325	1	  0.001451	  0.003259	     -1.00	    105.96	    137.76	      2.58	      2.51	     45.12	     43.96	-25.19	 7.423e-05	      4.05	0	Gaussian	309.325349	43.818639
326	1	  0.001470	  0.003132	     -1.00	    511.23	    567.98	      2.58	      2.58	     45.17	     45.16	-68.62	 5.378e-05	      4.05	0	Gaussian	306.533833	41.902819
327	1	  0.001527	  0.003413	     -1.00	    702.95	     29.35	      2.58	      2.33	     45.18	     40.84	-8.15	 2.143e-04	      4.06	0	Gaussian	305.427186	44.490773
328	1	  0.001475	  0.003276	     -1.00	     49.61	    443.84	      2.60	      2.44	     45.43	     42.70	-9.55	 5.365e-05	      4.06	0	Gaussian	309.530086	42.350732
329	1	  0.001498	  0.003053	     -1.00	    117.16	    471.12	      2.66	      2.55	     46.64	     44.59	-57.11	 1.678e-04	      4.07	0	Gaussian	309.084738	42.246982
330	1	  0.001455	  0.003067	     -1.00	    181.72	    363.99	      2.63	      2.53	     46.11	     44.25	60.97	 3.469e-05	      4.08	0	Gaussian	308.721894	42.776333
331	1	  0.001468	  0.003120	     -1.00	    383.68	    162.11	      2.63	      2.53	     46.08	     44.27	4.52	 4.207e-05	      4.08	0	Gaussian	307.494384	43.793931
332	1	  0.001501	  0.003594	     -1.00	    655.55	    503.48	      2.48	      2.25	     43.44	     39.41	2.92	 2.312e-04	      4.08	0	Gaussian	305.629559	42.236568
333	1	  0.001518	  0.003354	     -1.00	    326.74	    398.69	      2.55	      2.40	     44.70	     42.03	3.62	 2.386e-04	      4.09	0	Gaussian	307.772996	42.657845
334	1	  0.001468	  0.003076	     -1.00	    750.10	    320.34	      2.68	      2.49	     46.96	     43.50	7.55	 7.344e-05	      4.09	0	Gaussian	305.058308	43.119005
335	1	  0.001461	  0.001161	     -1.00	    601.06	    655.42	      5.81	      2.94	    101.71	     51.48	-71.07	 1.517e-04	      4.09	0	Gaussian	305.940004	41.506852
336	1	  0.001454	  0.003065	     -1.00	     83.04	    450.79	      2.60	      2.56	     45.45	     44.83	26.50	 3.011e-05	      4.09	0	Gaussian	309.312871	42.330555
337	1	  0.001486	  0.002748	     -1.00	    515.48	    354.82	      2.99	      2.47	     52.33	     43.23	-11.02	 6.343e-05	      4.09	0	Gaussian	306.570246	42.913781
338	1	  0.001494	  0.003425	     -1.00	    646.56	    300.56	      2.52	      2.29	     44.16	     40.11	1.87	 1.337e-04	      4.09	0	Gaussian	305.735027	43.196788
339	1	  0.001542	  0.003682	     -1.00	    466.57	    234.47	      2.43	      2.22	     42.56	     38.88	1.30	 3.545e-04	      4.09	0	Gaussian	306.926285	43.472585
340	1	  0.001519	  0.003144	     -1.00	    304.13	    130.75	      2.59	      2.48	     45.42	     43.36	-18.96	 2.240e-04	      4.10	0	Gaussian	308.029067	43.919349
341	1	  0.001510	  0.003057	     -1.00	    739.87	    696.82	      2.57	      2.50	     45.05	     43.79	30.24	 2.445e-04	      4.10	0	Gaussian	305.054158	41.333364
342	1	  0.001479	  0.003113	     -1.00	     33.01	    269.52	      2.66	      2.44	     46.52	     42.63	0.19	 2.212e-04	      4.10	0	Gaussian	309.729995	43.167813
343	1	  0.001486	  0.003064	     -1.00	    154.50	    217.86	      2.57	      2.54	     44.92	     44.53	27.70	 1.398e-04	      4.12	0	Gaussian	308.967986	43.457931
344	1	  0.001523	  0.003539	     -1.00	    192.51	    250.60	      2.42	      2.27	     42.34	     39.79	-0.81	 2.314e-04	      4.12	0	Gaussian	308.705024	43.316371
345	1	  0.001512	  0.001680	     -1.00	    462.42	    641.34	      5.15	      2.39	     90.06	     41.85	1.03	 2.035e-04	      4.12	0	Gaussian	306.821167	41.544205
346	1	  0.001504	  0.002994	     -1.00	    600.60	    241.94	      2.62	      2.52	     45.89	     44.17	-42.77	 8.924e-05	      4.12	0	Gaussian	306.049213	43.466188
347	1	  0.001499	  0.003322	     -1.00	    212.15	    611.43	      2.54	      2.34	     44.41	     40.95	7.64	 8.875e-05	      4.12	0	Gaussian	308.416242	41.615885
348	1	  0.001454	  0.003104	     -1.00	     19.21	    252.40	      2.61	      2.44	     45.67	     42.79	7.42	 3.729e-05	      4.13	0	Gaussian	309.828805	43.243156
349	1	  0.001454	  0.003056	     -1.00	     98.37	     26.88	      2.62	      2.44	     45.79	     42.75	10.74	 3.822e-05	      4.13	0	Gaussian	309.433685	44.339448
350	1	  0.001467	  0.002889	     -1.00	    714.79	    182.33	      2.72	      2.53	     47.52	     44.31	-15.04	 7.913e-05	      4.13	0	Gaussian	305.316127	43.767998
351	1	  0.001480	  0.003022	     -1.00	    330.39	     45.88	      2.62	      2.46	     45.87	     43.03	7.49	 6.359e-05	      4.14	0	Gaussian	307.891344	44.328687
352	1	  0.001482	  0.001357	     -1.00	    298.71	    444.59	      4.08	      3.53	     71.39	     61.82	-7.74	 1.080e-04	      4.14	0	Gaussian	307.934832	42.432340
353	1	  0.001468	  0.002855	     -1.00	    522.80	    666.77	      2.67	      2.54	     46.72	     44.47	18.05	 4.657e-05	      4.15	0	Gaussian	306.431777	41.437388
354	1	  0.001491	  0.002604	     -1.00	    329.97	     90.67	      2.78	      2.67	     48.64	     46.65	-54.53	 8.286e-05	      4.15	0	Gaussian	307.875694	44.116731
355	1	  0.001478	  0.002983	     -1.00	    189.88	    632.18	      2.57	      2.48	     44.91	     43.45	-7.13	 1.108e-04	      4.15	0	Gaussian	308.547903	41.510452
356	1	  0.001492	  0.002367	     -1.00	    649.80	    421.18	      2.81	      2.81	     49.27	     49.27	77.06	 1.034e-04	      4.16	0	Gaussian	305.685479	42.625646
357	1	  0.001473	  0.003005	     -1.00	    278.96	    389.54	      2.64	      2.38	     46.17	     41.65	7.07	 6.706e-05	      4.16	0	Gaussian	308.084336	42.686954
358	1	  0.001510	  0.003144	     -1.00	    194.11	    442.00	      2.54	      2.39	     44.52	     41.79	-0.02	 1.508e-04	      4.16	0	Gaussian	308.606408	42.411500
359	1	  0.001492	  0.003049	     -1.00	    274.22	    673.15	      2.56	      2.45	     44.85	     42.93	-3.91	 1.104e-04	      4.16	0	Gaussian	307.998457	41.343232
360	1	  0.001470	  0.000999	     -1.00	    425.07	    744.96	      5.96	      3.11	    104.35	     54.49	48.32	 1.631e-04	      4.16	0	Gaussian	307.023313	41.044556
361	1	  0.001583	  0.003381	     -1.00	    487.65	    701.31	      2.44	      2.25	     42.73	     39.40	-2.94	 3.906e-04	      4.17	0	Gaussian	306.643434	41.266057
362	1	  0.001722	  0.003509	     -1.00	    670.62	    206.26	      2.37	      2.22	     41.46	     38.83	-14.38	 7.128e-04	      4.17	0	Gaussian	305.600303	43.647705
363	1	  0.001502	  0.003290	     -1.00	    387.47	    128.69	      2.45	      2.31	     42.87	     40.47	1.01	 1.945e-04	      4.17	0	Gaussian	307.482106	43.953119
364	1	  0.001468	  0.002859	     -1.00	    355.11	    350.05	      2.56	      2.55	     44.87	     44.57	7.57	 5.546e-05	      4.17	0	Gaussian	307.608898	42.896226
365	1	  0.001482	  0.003303	     -1.00	    177.57	    676.44	      2.44	      2.29	     42.74	     40.12	9.93	 6.852e-05	      4.18	0	Gaussian	308.605808	41.297062
366	1	  0.001494	  0.002323	     -1.00	    720.85	    109.80	      3.10	      2.52	     54.27	     44.16	40.54	 6.971e-05	      4.18	0	Gaussian	305.291442	44.112474
367	1	  0.001493	  0.002536	     -1.00	    438.59	    184.23	      2.97	      2.39	     52.02	     41.92	27.11	 1.092e-04	      4.18	0	Gaussian	307.126436	43.703617
368	1	  0.001519	  0.002522	     -1.00	    510.33	    415.87	      3.06	      2.45	     53.61	     42.95	11.35	 1.438e-04	      4.18	0	Gaussian	306.584991	42.623343
369	1	  0.001489	  0.003211	     -1.00	     26.38	    732.70	      2.46	      2.34	     43.06	     40.96	2.39	 8.740e-05	      4.18	0	Gaussian	309.527328	40.977138
370	1	  0.001537	  0.003309	     -1.00	    227.48	    143.30	      2.40	      2.32	     41.98	     40.59	-0.55	 2.587e-04	      4.18	0	Gaussian	308.526524	43.835617
371	1	  0.001457	  0.002726	     -1.00	    647.30	    113.19	      2.72	      2.53	     47.65	     44.24	-4.30	 3.281e-05	      4.19	0	Gaussian	305.775732	44.084644
372	1	  0.001459	  0.002680	     -1.00	    621.65	    386.87	      2.78	      2.49	     48.72	     43.54	-22.90	 4.806e-05	      4.19	0	Gaussian	305.875305	42.783287
373	1	  0.001484	  0.002891	     -1.00	    340.45	    208.03	      2.56	      2.43	     44.74	     42.60	-13.87	 7.222e-05	      4.19	0	Gaussian	307.759484	43.564410
374	1	  0.001484	  0.002438	     -1.00	    792.82	    109.02	      2.73	      2.71	     47.75	     47.41	-54.04	 9.811e-05	      4.19	0	Gaussian	304.816775	44.125752
375	1	  0.001515	  0.002403	     -1.00	    427.62	    529.68	      2.92	      2.67	     51.13	     46.69	20.15	 2.303e-04	      4.20	0	Gaussian	307.078693	42.064650
376	1	  0.001499	  0.003308	     -1.00	     87.62	    534.52	      2.43	      2.25	     42.58	     39.33	7.40	 1.585e-04	      4.20	0	Gaussian	309.241534	41.936489
377	1	  0.001493	  0.002783	     -1.00	    528.85	    317.43	      2.76	      2.42	     48.32	     42.34	-7.05	 6.407e-05	      4.20	0	Gaussian	306.494877	43.093853
378	1	  0.001462	  0.003101	     -1.00	     14.51	    580.69	      2.46	      2.37	     43.08	     41.39	8.33	 5.116e-05	      4.20	0	Gaussian	309.681119	41.690470
379	1	  0.001491	  0.002815	     -1.00	    433.02	      6.40	      2.67	      2.37	     46.70	     41.41	-6.53	 5.155e-05	      4.20	0	Gaussian	307.226462	44.543883
380	1	  0.001628	  0.003135	     -1.00	    678.07	    171.15	      2.46	      2.36	     43.12	     41.25	1.66	 4.778e-04	      4.21	0	Gaussian	305.559545	43.815254
381	1	  0.001487	  0.002889	     -1.00	    453.88	    349.27	      2.59	      2.43	     45.27	     42.51	-13.76	 8.069e-05	      4.21	0	Gaussian	306.970498	42.925768
382	1	  0.001493	  0.002756	     -1.00	    283.44	    143.78	      2.74	      2.41	     47.91	     42.10	-6.62	 1.015e-04	      4.21	0	Gaussian	308.159341	43.851373
383	1	  0.001479	  0.002749	     -1.00	    316.81	    783.63	      2.66	      2.51	     46.48	     43.88	-3.53	 7.526e-05	      4.21	0	Gaussian	307.688126	40.832939
384	1	  0.001481	  0.001363	     -1.00	    298.99	    532.33	      4.78	      2.69	     83.59	     47.01	54.52	 8.717e-05	      4.22	0	Gaussian	307.897855	42.017057
385	1	  0.001467	  0.002368	     -1.00	    413.31	    349.14	      2.87	      2.68	     50.27	     46.99	8.84	 4.563e-05	      4.22	0	Gaussian	307.232978	42.916187
386	1	  0.001570	  0.003088	     -1.00	    270.59	    762.77	      2.43	      2.35	     42.48	     41.09	11.14	 5.105e-04	      4.22	0	Gaussian	307.985437	40.918169
387	1	  0.001475	  0.002467	     -1.00	    173.14	    493.77	      2.73	      2.64	     47.77	     46.13	-18.93	 8.268e-05	      4.22	0	Gaussian	308.716723	42.159515
388	1	  0.001520	  0.002712	     -1.00	    477.99	     80.73	      2.73	      2.40	     47.72	     42.02	22.52	 3.149e-04	      4.23	0	Gaussian	306.902705	44.203343
389	1	  0.001492	  0.002630	     -1.00	    284.29	    491.26	      2.67	      2.57	     46.80	     45.07	-10.30	 1.893e-04	      4.23	0	Gaussian	308.008191	42.207076
390	1	  0.001519	  0.002699	     -1.00	    590.71	    287.00	      2.59	      2.55	     45.30	     44.72	44.24	 1.482e-04	      4.23	0	Gaussian	306.101611	43.250747
391	1	  0.001454	  0.001743	     -1.00	    575.73	    590.01	      3.32	      3.09	     58.13	     54.11	30.68	 8.704e-05	      4.23	0	Gaussian	306.117399	41.811878
392	1	  0.001496	  0.003078	     -1.00	    302.48	    375.30	      2.45	      2.33	     42.89	     40.76	4.03	 9.361e-05	      4.24	0	Gaussian	307.938652	42.761473
393	1	  0.001470	  0.003110	     -1.00	     18.30	    511.57	      2.47	      2.29	     43.19	     40.02	0.30	 5.039e-05	      4.24	0	Gaussian	309.693804	42.018474
394	1	  0.001444	  0.001163	     -1.00	    665.22	    490.12	      5.52	      2.66	     96.59	     46.65	-38.65	 5.932e-05	      4.24	0	Gaussian	305.570691	42.301483
395	1	  0.001524	  0.002552	     -1.00	    736.12	    461.81	      2.76	      2.53	     48.34	     44.30	9.57	 2.282e-04	      4.24	0	Gaussian	305.121838	42.446544
396	1	  0.001433	  0.001280	     -1.00	    710.84	    488.55	      4.59	      2.91	     80.41	     51.01	-55.57	 3.496e-05	      4.24	0	Gaussian	305.278722	42.316149
397	1	  0.001525	  0.002593	     -1.00	    575.82	    500.26	      2.69	      2.55	     47.15	     44.68	24.94	 2.604e-04	      4.24	0	Gaussian	306.140633	42.237196
398	1	  0.001696	  0.002552	     -1.00	    619.57	    616.14	      2.85	      2.38	     49.95	     41.59	-7.20	 3.333e-04	      4.25	0	Gaussian	305.832369	41.696369
399	1	  0.001439	  0.002893	     -1.00	    746.44	    563.58	      2.56	      2.32	     44.86	     40.64	-4.45	 4.782e-05	      4.25	0	Gaussian	305.036801	41.965604
400	1	  0.001462	  0.002746	     -1.00	     63.27	    571.77	      2.59	      2.49	     45.38	     43.62	9.31	 7.671e-05	      4.25	0	Gaussian	309.377258	41.751374
401	1	  0.001465	  0.002881	     -1.00	     12.98	    552.53	      2.52	      2.33	     44.10	     40.75	13.79	 5.158e-05	      4.25	0	Gaussian	309.705734	41.822881
402	1	  0.001475	  0.002034	     -1.00	    417.58	    707.75	      2.95	      2.92	     51.70	     51.11	-39.55	 1.031e-04	      4.26	0	Gaussian	307.082676	41.218875
403	1	  0.001519	  0.002999	     -1.00	    577.38	    635.43	      2.49	      2.27	     43.64	     39.65	3.42	 2.686e-04	      4.26	0	Gaussian	306.095011	41.597045
404	1	  0.001478	  0.002594	     -1.00	    254.93	    183.75	      2.60	      2.52	     45.54	     44.08	34.65	 6.402e-05	      4.26	0	Gaussian	308.328603	43.653284
405	1	  0.001452	  0.002619	     -1.00	    161.69	    395.95	      2.63	      2.47	     46.01	     43.23	86.61	 5.203e-05	      4.27	0	Gaussian	308.835732	42.618285
406	1	  0.001464	  0.002592	     -1.00	    282.76	     47.71	      2.65	      2.52	     46.46	     44.19	-11.30	 3.317e-05	      4.27	0	Gaussian	308.205453	44.305507
407	1	  0.001476	  0.002879	     -1.00	    157.28	    562.70	      2.51	      2.34	     43.95	     40.94	-3.91	 5.462e-05	      4.27	0	Gaussian	308.785787	41.828079
408	1	  0.001609	  0.002615	     -1.00	    730.13	    690.21	      2.60	      2.53	     45.56	     44.27	12.94	 3.928e-04	      4.28	0	Gaussian	305.116873	41.363320
409	1	  0.001443	  0.001247	     -1.00	    144.86	    697.01	      4.96	      2.68	     86.75	     46.93	6.44	 4.199e-05	      4.28	0	Gaussian	308.802152	41.188732
410	1	  0.001456	  0.002497	     -1.00	    397.38	    735.81	      2.67	      2.58	     46.68	     45.13	25.24	 5.663e-05	      4.28	0	Gaussian	307.200282	41.080911
411	1	  0.001450	  0.002628	     -1.00	    118.75	    279.08	      2.57	      2.53	     44.90	     44.31	14.36	 4.540e-05	      4.29	0	Gaussian	309.169774	43.155521
412	1	  0.001509	  0.002306	     -1.00	    617.28	    234.72	      3.00	      2.43	     52.47	     42.47	19.30	 1.678e-04	      4.29	0	Gaussian	305.942163	43.503502
413	1	  0.001455	  0.001140	     -1.00	    671.22	    113.20	      4.86	      3.00	     85.07	     52.52	-42.88	 4.610e-05	      4.30	0	Gaussian	305.618055	44.088676
414	1	  0.001503	  0.001926	     -1.00	    582.88	    712.27	      3.40	      2.62	     59.48	     45.92	13.35	 1.789e-04	      4.30	0	Gaussian	306.040400	41.234090
415	1	  0.001468	  0.002445	     -1.00	    280.11	    540.02	      2.57	      2.57	     45.07	     45.06	20.41	 3.913e-05	      4.30	0	Gaussian	308.014964	41.975024
416	1	  0.001473	  0.002075	     -1.00	    696.20	     87.42	      2.94	      2.76	     51.49	     48.34	-88.63	 4.022e-05	      4.30	0	Gaussian	305.459011	44.214768
417	1	  0.001508	  0.002701	     -1.00	    508.34	    753.67	      2.55	      2.33	     44.68	     40.77	-6.88	 1.030e-04	      4.32	0	Gaussian	306.497869	41.022688
418	1	  0.001543	  0.002783	     -1.00	    532.70	    641.61	      2.53	      2.26	     44.20	     39.52	7.99	 2.417e-04	      4.32	0	Gaussian	306.376284	41.558641
419	1	  0.001583	  0.000926	     -1.00	    546.01	    402.66	      7.08	      2.48	    123.86	     43.42	12.58	 4.093e-04	      4.32	0	Gaussian	306.359061	42.693663
420	1	  0.001522	  0.002517	     -1.00	    439.24	     45.12	      2.62	      2.52	     45.78	     44.10	-49.29	 1.280e-04	      4.32	0	Gaussian	307.171293	44.362305
421	1	  0.001480	  0.002398	     -1.00	    549.78	    363.24	      2.74	      2.52	     48.04	     44.09	-17.42	 4.720e-05	      4.33	0	Gaussian	306.345928	42.881224
422	1	  0.001502	  0.002697	     -1.00	    354.71	     52.69	      2.51	      2.35	     43.99	     41.11	10.13	 6.702e-05	      4.33	0	Gaussian	307.727710	44.303592
423	1	  0.001457	  0.002607	     -1.00	    250.45	    359.70	      2.56	      2.38	     44.83	     41.74	4.28	 4.935e-05	      4.34	0	Gaussian	308.280725	42.819287
424	1	  0.001551	  0.002403	     -1.00	    304.20	    163.20	      2.84	      2.43	     49.63	     42.49	-1.53	 3.946e-04	      4.34	0	Gaussian	308.014995	43.765834
425	1	  0.001458	  0.002664	     -1.00	    693.49	    711.38	      2.55	      2.33	     44.64	     40.79	4.60	 7.326e-05	      4.34	0	Gaussian	305.343766	41.257569
426	1	  0.001452	  0.002464	     -1.00	     94.90	    328.85	      2.56	      2.51	     44.88	     43.86	29.27	 3.955e-05	      4.34	0	Gaussian	309.298775	42.911438
427	1	  0.001492	  0.001669	     -1.00	    402.97	    706.61	      3.67	      2.55	     64.17	     44.56	3.16	 9.134e-05	      4.34	0	Gaussian	307.175073	41.220598
428	1	  0.001457	  0.002409	     -1.00	    136.95	    311.64	      2.64	      2.48	     46.28	     43.47	11.77	 6.754e-05	      4.35	0	Gaussian	309.035830	43.008238
429	1	  0.001453	  0.001973	     -1.00	    766.49	    458.27	      2.81	      2.78	     49.18	     48.75	-16.72	 4.399e-05	      4.35	0	Gaussian	304.927447	42.467430
430	1	  0.001514	  0.001975	     -1.00	    690.45	     37.38	      3.19	      2.52	     55.86	     44.19	-17.61	 2.020e-04	      4.35	0	Gaussian	305.508288	44.450849
431	1	  0.001505	  0.002562	     -1.00	    198.24	    198.85	      2.55	      2.45	     44.63	     42.82	11.45	 1.684e-04	      4.36	0	Gaussian	308.692021	43.563051
432	1	  0.001477	  0.002157	     -1.00	    645.90	    554.73	      2.71	      2.66	     47.38	     46.53	12.28	 1.734e-04	      4.36	0	Gaussian	305.679408	41.992045
433	1	  0.001501	  0.002692	     -1.00	    270.42	     96.28	      2.47	      2.34	     43.23	     40.93	7.23	 8.259e-05	      4.36	0	Gaussian	308.265554	44.071954
434	1	  0.001472	  0.002345	     -1.00	    530.99	    786.56	      2.72	      2.45	     47.69	     42.84	7.78	 5.389e-05	      4.37	0	Gaussian	306.346539	40.871838
435	1	  0.001446	  0.002237	     -1.00	    565.60	    555.14	      2.79	      2.53	     48.75	     44.31	-8.28	 5.090e-05	      4.37	0	Gaussian	306.191161	41.975097
436	1	  0.001437	  0.002264	     -1.00	    633.96	    566.66	      2.72	      2.51	     47.65	     43.96	19.26	 4.382e-05	      4.37	0	Gaussian	305.752693	41.933409
437	1	  0.001466	  0.002639	     -1.00	    389.64	    531.33	      2.53	      2.33	     44.20	     40.70	-1.57	 5.065e-05	      4.37	0	Gaussian	307.320428	42.047076
438	1	  0.001491	  0.002375	     -1.00	    438.80	    372.72	      2.65	      2.51	     46.33	     43.96	10.17	 7.423e-05	      4.37	0	Gaussian	307.060070	42.810945
439	1	  0.001514	  0.002475	     -1.00	    434.13	    453.46	      2.64	      2.42	     46.19	     42.40	10.34	 1.662e-04	      4.37	0	Gaussian	307.062791	42.427311
440	1	  0.001450	  0.002706	     -1.00	    109.41	     86.32	      2.47	      2.34	     43.18	     40.89	4.05	 3.702e-05	      4.37	0	Gaussian	309.329589	44.062959
441	1	  0.001478	  0.002026	     -1.00	    321.55	    619.66	      2.86	      2.70	     50.13	     47.31	-64.84	 8.893e-05	      4.37	0	Gaussian	307.720443	41.610185
442	1	  0.001454	  0.002597	     -1.00	    287.35	    699.50	      2.52	      2.36	     44.08	     41.36	9.13	 3.991e-05	      4.37	0	Gaussian	307.905274	41.222437
443	1	  0.001505	  0.002040	     -1.00	    224.82	    100.58	      2.92	      2.66	     51.15	     46.57	-29.24	 1.228e-04	      4.38	0	Gaussian	308.563670	44.036710
444	1	  0.001541	  0.002547	     -1.00	    775.38	     66.92	      2.58	      2.32	     45.24	     40.61	19.58	 3.594e-04	      4.38	0	Gaussian	304.939440	44.323008
445	1	  0.001444	  0.002051	     -1.00	    655.59	    602.88	      2.90	      2.62	     50.81	     45.94	-7.63	 5.182e-05	      4.38	0	Gaussian	305.606778	41.765510
446	1	  0.001458	  0.002341	     -1.00	    309.29	    282.96	      2.62	      2.50	     45.83	     43.76	-34.60	 3.656e-05	      4.39	0	Gaussian	307.932247	43.200623
447	1	  0.001494	  0.002319	     -1.00	    793.93	    380.19	      2.63	      2.47	     46.03	     43.26	-10.77	 7.058e-05	      4.39	0	Gaussian	304.763950	42.840905
448	1	  0.001424	  0.000885	     -1.00	    713.08	    607.92	      6.15	      2.72	    107.61	     47.62	-22.38	 3.533e-05	      4.39	0	Gaussian	305.240566	41.750717
449	1	  0.001496	  0.002755	     -1.00	     70.55	     15.55	      2.42	      2.27	     42.29	     39.78	-4.63	 1.116e-04	      4.40	0	Gaussian	309.623496	44.382052
450	1	  0.001470	  0.002187	     -1.00	    767.67	     15.16	      2.80	      2.47	     49.04	     43.21	-2.38	 1.167e-04	      4.41	0	Gaussian	305.000138	44.567089
451	1	  0.001607	  0.002159	     -1.00	    793.46	    730.19	      2.75	      2.43	     48.07	     42.53	-13.52	 2.154e-04	      4.41	0	Gaussian	304.710930	41.182253
452	1	  0.001448	  0.002242	     -1.00	    171.89	    237.35	      2.69	      2.52	     47.15	     44.07	-5.28	 2.605e-05	      4.41	0	Gaussian	308.845406	43.371909
453	1	  0.001516	  0.002541	     -1.00	    458.66	     24.31	      2.51	      2.31	     43.88	     40.37	-12.91	 1.624e-04	      4.41	0	Gaussian	307.049874	44.465637
454	1	  0.001473	  0.002007	     -1.00	     78.85	    373.03	      2.71	      2.71	     47.48	     47.46	17.19	 6.809e-05	      4.42	0	Gaussian	309.379472	42.696568
455	1	  0.001533	  0.002600	     -1.00	    243.65	    743.30	      2.45	      2.30	     42.87	     40.18	-2.05	 2.599e-04	      4.43	0	Gaussian	308.162091	41.002059
456	1	  0.001533	  0.002549	     -1.00	    249.31	    639.34	      2.47	      2.32	     43.18	     40.63	16.57	 1.409e-04	      4.43	0	Gaussian	308.169464	41.495612
457	1	  0.001525	  0.002577	     -1.00	    512.66	    162.32	      2.47	      2.27	     43.20	     39.81	-8.07	 1.127e-04	      4.44	0	Gaussian	306.647913	43.825077
458	1	  0.001463	  0.002129	     -1.00	    740.76	    758.79	      2.71	      2.58	     47.49	     45.09	-0.29	 1.393e-04	      4.44	0	Gaussian	305.037364	41.039932
459	1	  0.001477	  0.001160	     -1.00	    619.52	    137.65	      4.57	      2.80	     80.06	     49.04	16.95	 9.816e-05	      4.44	0	Gaussian	305.952595	43.963774
460	1	  0.001463	  0.002470	     -1.00	      6.49	    712.35	      2.49	      2.37	     43.58	     41.45	14.47	 4.619e-05	      4.44	0	Gaussian	309.662320	41.065529
461	1	  0.001527	  0.002374	     -1.00	    545.65	    452.73	      2.53	      2.38	     44.22	     41.63	7.44	 2.409e-04	      4.44	0	Gaussian	306.347080	42.456300
462	1	  0.001526	  0.002351	     -1.00	    466.01	    649.07	      2.51	      2.45	     43.91	     42.90	17.03	 2.418e-04	      4.45	0	Gaussian	306.796046	41.508470
463	1	  0.001488	  0.002406	     -1.00	    514.68	    174.47	      2.57	      2.28	     44.93	     39.86	3.03	 7.940e-05	      4.45	0	Gaussian	306.630864	43.767943
464	1	  0.001444	  0.001971	     -1.00	    715.69	    791.14	      2.92	      2.53	     51.17	     44.23	2.72	 5.548e-05	      4.45	0	Gaussian	305.188569	40.883146
465	1	  0.001530	  0.002442	     -1.00	    557.74	    316.37	      2.54	      2.26	     44.48	     39.57	-10.51	 1.608e-04	      4.45	0	Gaussian	306.307741	43.104964
466	1	  0.001472	  0.001194	     -1.00	    118.64	    761.06	      3.41	      3.41	     59.74	     59.74	36.56	 7.661e-05	      4.45	0	Gaussian	308.936694	40.876943
467	1	  0.001432	  0.002007	     -1.00	    640.04	    723.44	      2.87	      2.45	     50.26	     42.85	0.68	 3.223e-05	      4.46	0	Gaussian	305.677790	41.191665
468	1	  0.001454	  0.002411	     -1.00	    115.60	     38.62	      2.51	      2.37	     43.86	     41.51	-2.48	 3.662e-05	      4.46	0	Gaussian	309.313765	44.290581
469	1	  0.001522	  0.002293	     -1.00	    510.56	     11.32	      2.51	      2.43	     43.94	     42.59	2.15	 1.760e-04	      4.46	0	Gaussian	306.709721	44.539465
470	1	  0.001451	  0.000934	     -1.00	    691.17	    395.06	      5.51	      2.78	     96.47	     48.62	-17.99	 6.578e-05	      4.47	0	Gaussian	305.424639	42.756232
471	1	  0.001494	  0.000434	     -1.00	    375.26	     32.66	      5.81	      5.67	    101.66	     99.31	-43.72	 1.096e-04	      4.47	0	Gaussian	307.599650	44.404158
472	1	  0.001459	  0.002129	     -1.00	    348.13	    474.65	      2.67	      2.51	     46.81	     43.91	-18.56	 4.756e-05	      4.48	0	Gaussian	307.606387	42.304242
473	1	  0.001553	  0.002332	     -1.00	    546.02	    390.80	      2.53	      2.41	     44.22	     42.24	-56.18	 1.422e-04	      4.48	0	Gaussian	306.362357	42.749838
474	1	  0.001542	  0.002119	     -1.00	    635.96	    267.19	      2.64	      2.54	     46.18	     44.52	-28.03	 2.263e-04	      4.48	0	Gaussian	305.812132	43.353061
475	1	  0.001467	  0.002459	     -1.00	    128.55	    200.43	      2.48	      2.30	     43.34	     40.23	0.55	 6.392e-05	      4.48	0	Gaussian	309.145724	43.530904
476	1	  0.001472	  0.002132	     -1.00	    684.09	    254.29	      2.69	      2.48	     47.13	     43.38	-0.30	 5.477e-05	      4.48	0	Gaussian	305.501370	43.422278
477	1	  0.001504	  0.002072	     -1.00	    531.12	    629.68	      2.77	      2.34	     48.52	     40.97	1.40	 1.362e-04	      4.49	0	Gaussian	306.389621	41.614844
478	1	  0.001453	  0.002048	     -1.00	    455.35	    492.93	      2.74	      2.45	     48.03	     42.85	60.27	 4.010e-05	      4.49	0	Gaussian	306.913703	42.245548
479	1	  0.001522	  0.002302	     -1.00	     43.88	    739.86	      2.47	      2.41	     43.17	     42.19	15.47	 2.042e-04	      4.49	0	Gaussian	309.414260	40.949963
480	1	  0.001481	  0.002159	     -1.00	    342.07	     30.49	      2.66	      2.45	     46.53	     42.91	-3.47	 5.841e-05	      4.50	0	Gaussian	307.820386	44.404933
481	1	  0.001552	  0.002486	     -1.00	    331.59	    389.60	      2.43	      2.26	     42.61	     39.61	2.74	 2.889e-04	      4.50	0	Gaussian	307.745362	42.702287
482	1	  0.001478	  0.002313	     -1.00	    280.66	    241.34	      2.54	      2.33	     44.46	     40.82	-8.21	 1.089e-04	      4.50	0	Gaussian	308.135709	43.388880
483	1	  0.001473	  0.001575	     -1.00	    281.78	     98.59	      3.46	      2.56	     60.54	     44.76	-12.18	 5.713e-05	      4.50	0	Gaussian	308.189760	44.064608
484	1	  0.001540	  0.002344	     -1.00	    101.93	    600.94	      2.43	      2.33	     42.48	     40.83	-25.61	 2.465e-04	      4.51	0	Gaussian	309.118129	41.627743
485	1	  0.001476	  0.001949	     -1.00	    780.93	    274.63	      2.79	      2.55	     48.88	     44.57	1.36	 6.744e-05	      4.51	0	Gaussian	304.866157	43.339631
486	1	  0.001487	  0.000875	     -1.00	    572.78	    448.08	      4.48	      3.58	     78.44	     62.72	-78.08	 8.900e-05	      4.52	0	Gaussian	306.174131	42.483881
487	1	  0.001443	  0.001893	     -1.00	    549.66	    674.88	      2.79	      2.63	     48.92	     45.97	-15.43	 3.827e-05	      4.52	0	Gaussian	306.259798	41.404582
488	1	  0.001591	  0.002375	     -1.00	    256.29	    658.28	      2.45	      2.29	     42.85	     40.16	-0.75	 2.452e-04	      4.52	0	Gaussian	308.117575	41.408137
489	1	  0.001474	  0.001846	     -1.00	    194.03	    551.73	      2.84	      2.60	     49.72	     45.45	50.14	 4.102e-05	      4.52	0	Gaussian	308.557454	41.892348
490	1	  0.001525	  0.000810	     -1.00	    234.94	    268.55	      7.00	      2.51	    122.46	     43.85	-8.23	 3.951e-04	      4.52	0	Gaussian	308.421177	43.245608
491	1	  0.001488	  0.000944	     -1.00	    444.82	    129.68	      4.92	      2.85	     86.04	     49.87	64.91	 7.115e-05	      4.52	0	Gaussian	307.104543	43.963462
492	1	  0.001532	  0.001470	     -1.00	    608.89	    225.41	      3.48	      2.63	     60.98	     45.99	27.78	 2.378e-04	      4.53	0	Gaussian	305.999408	43.546054
493	1	  0.001457	  0.002206	     -1.00	    332.70	    228.68	      2.56	      2.35	     44.88	     41.21	14.36	 5.507e-05	      4.53	0	Gaussian	307.801877	43.464443
494	1	  0.001526	  0.002248	     -1.00	    513.71	    788.35	      2.55	      2.28	     44.58	     39.97	-13.29	 1.427e-04	      4.53	0	Gaussian	306.454273	40.859693
495	1	  0.001475	  0.002053	     -1.00	    329.86	    169.84	      2.57	      2.51	     45.01	     43.87	4.52	 1.008e-04	      4.53	0	Gaussian	307.844098	43.742073
496	1	  0.001457	  0.001681	     -1.00	    767.63	     95.15	      3.13	      2.51	     54.80	     43.94	-6.00	 5.297e-05	      4.53	0	Gaussian	304.985559	44.188299
497	1	  0.001436	  0.001222	     -1.00	    701.00	    785.62	      3.46	      3.30	     60.62	     57.83	49.79	 6.051e-05	      4.53	0	Gaussian	305.281695	40.907070
498	1	  0.001458	  0.001365	     -1.00	    370.34	    208.29	      3.82	      2.49	     66.88	     43.50	5.60	 3.340e-05	      4.53	0	Gaussian	307.564104	43.571652
499	1	  0.001483	  0.001173	     -1.00	    585.81	    624.20	      4.31	      2.67	     75.44	     46.69	30.33	 1.884e-04	      4.53	0	Gaussian	306.044466	41.651888
500	1	  0.001476	  0.001568	     -1.00	    440.04	    110.74	      3.40	      2.55	     59.44	     44.60	4.71	 6.418e-05	      4.54	0	Gaussian	307.142700	44.051944
501	1	  0.001482	  0.000614	     -1.00	    355.25	    643.61	      6.57	      3.24	    114.94	     56.74	80.61	 1.992e-04	      4.54	0	Gaussian	307.498273	41.506248
502	1	  0.001487	  0.001763	     -1.00	    431.37	    656.06	      2.98	      2.61	     52.21	     45.69	-9.67	 8.606e-05	      4.55	0	Gaussian	307.012833	41.467027
503	1	  0.001453	  0.001585	     -1.00	    214.00	    198.06	      3.18	      2.68	     55.61	     46.92	8.10	 2.713e-05	      4.56	0	Gaussian	308.589533	43.572148
504	1	  0.001494	  0.001793	     -1.00	    372.32	    452.36	      2.73	      2.60	     47.87	     45.56	-64.20	 1.476e-04	      4.56	0	Gaussian	307.459691	42.416440
505	1	  0.001535	  0.002220	     -1.00	    551.52	    471.30	      2.51	      2.30	     43.85	     40.32	-4.98	 2.217e-04	      4.56	0	Gaussian	306.304203	42.369536
506	1	  0.001460	  0.001580	     -1.00	    603.93	    285.54	      3.22	      2.64	     56.43	     46.15	-10.86	 3.255e-05	      4.56	0	Gaussian	306.015984	43.260228
507	1	  0.001491	  0.001979	     -1.00	    309.93	    426.93	      2.69	      2.47	     47.17	     43.21	-12.61	 1.022e-04	      4.57	0	Gaussian	307.869909	42.519228
508	1	  0.001529	  0.002042	     -1.00	    197.01	    653.06	      2.54	      2.49	     44.48	     43.56	83.08	 2.197e-04	      4.57	0	Gaussian	308.493666	41.414027
509	1	  0.001470	  0.002064	     -1.00	    545.48	    176.54	      2.61	      2.36	     45.63	     41.23	-0.44	 5.570e-05	      4.57	0	Gaussian	306.428258	43.764897
510	1	  0.001537	  0.002189	     -1.00	    382.64	    119.18	      2.48	      2.36	     43.34	     41.28	-19.39	 2.961e-04	      4.57	0	Gaussian	307.517523	43.996833
511	1	  0.001506	  0.002229	     -1.00	    292.48	    461.45	      2.47	      2.32	     43.26	     40.58	12.67	 1.120e-04	      4.57	0	Gaussian	307.967900	42.350673
512	1	  0.001539	  0.002072	     -1.00	    740.87	    454.49	      2.64	      2.39	     46.25	     41.79	-0.28	 2.789e-04	      4.57	0	Gaussian	305.092714	42.481886
513	1	  0.001522	  0.001125	     -1.00	    441.62	    455.49	      3.53	      3.18	     61.78	     55.58	-43.20	 2.464e-04	      4.58	0	Gaussian	307.014064	42.419573
514	1	  0.001541	  0.002042	     -1.00	    550.96	    346.09	      2.50	      2.48	     43.69	     43.33	11.35	 1.295e-04	      4.59	0	Gaussian	306.343247	42.962740
515	1	  0.001457	  0.001505	     -1.00	    682.14	    307.08	      3.26	      2.72	     57.14	     47.69	-8.47	 5.473e-05	      4.59	0	Gaussian	305.502324	43.171817
516	1	  0.001469	  0.001917	     -1.00	    770.96	    623.36	      2.70	      2.45	     47.18	     42.83	-5.45	 1.478e-04	      4.59	0	Gaussian	304.870461	41.685595
517	1	  0.001472	  0.001776	     -1.00	    603.25	    204.07	      2.77	      2.62	     48.54	     45.78	-50.82	 5.527e-05	      4.59	0	Gaussian	306.041932	43.646085
518	1	  0.001491	  0.002160	     -1.00	    403.58	     50.46	      2.51	      2.29	     44.01	     40.16	-1.67	 4.887e-05	      4.59	0	Gaussian	307.405344	44.327711
519	1	  0.001485	  0.001500	     -1.00	    567.56	    202.48	      2.96	      2.86	     51.78	     50.04	-88.54	 7.115e-05	      4.60	0	Gaussian	306.276009	43.646593
520	1	  0.001591	  0.000885	     -1.00	    627.61	    618.43	      4.33	      3.23	     75.82	     56.57	39.30	 3.233e-04	      4.60	0	Gaussian	305.780782	41.686980
521	1	  0.001458	  0.001837	     -1.00	    419.05	    601.70	      2.68	      2.55	     46.94	     44.56	-13.60	 4.282e-05	      4.60	0	Gaussian	307.108926	41.721407
522	1	  0.001484	  0.001767	     -1.00	    405.89	    273.73	      2.94	      2.51	     51.44	     43.94	-9.60	 1.323e-04	      4.60	0	Gaussian	307.308045	43.271410
523	1	  0.001478	  0.001530	     -1.00	    525.19	    291.60	      2.86	      2.85	     50.13	     49.92	20.61	 8.372e-05	      4.60	0	Gaussian	306.526361	43.215457
524	1	  0.001452	  0.001887	     -1.00	    350.49	    533.96	      2.69	      2.46	     47.05	     43.07	-1.30	 4.569e-05	      4.61	0	Gaussian	307.569027	42.024091
525	1	  0.001474	  0.002046	     -1.00	    408.75	    179.35	      2.59	      2.28	     45.40	     39.95	-11.78	 4.578e-05	      4.61	0	Gaussian	307.323602	43.719018
526	1	  0.001479	  0.002018	     -1.00	    481.40	    501.66	      2.58	      2.35	     45.16	     41.12	-13.78	 6.493e-05	      4.61	0	Gaussian	306.744277	42.210346
527	1	  0.001460	  0.001698	     -1.00	    286.07	    555.61	      2.84	      2.63	     49.74	     46.08	-20.22	 4.437e-05	      4.61	0	Gaussian	307.970728	41.903044
528	1	  0.001434	  0.001665	     -1.00	    722.17	    741.01	      2.75	      2.74	     48.16	     48.03	-68.87	 4.718e-05	      4.61	0	Gaussian	305.157460	41.121505
529	1	  0.001459	  0.001838	     -1.00	    242.15	    130.86	      2.63	      2.59	     46.07	     45.25	2.16	 5.680e-05	      4.62	0	Gaussian	308.435975	43.899268
530	1	  0.001540	  0.001581	     -1.00	    555.99	    480.49	      3.14	      2.54	     54.94	     44.42	19.76	 2.428e-04	      4.62	0	Gaussian	306.272968	42.326914
531	1	  0.001473	  0.001888	     -1.00	    427.95	    245.38	      2.71	      2.44	     47.35	     42.67	-7.23	 5.596e-05	      4.62	0	Gaussian	307.174465	43.411336
532	1	  0.001478	  0.001586	     -1.00	    664.12	     93.98	      2.84	      2.58	     49.77	     45.19	4.92	 6.337e-05	      4.63	0	Gaussian	305.669445	44.178506
533	1	  0.001493	  0.001980	     -1.00	    449.59	     48.99	      2.60	      2.27	     45.51	     39.80	-83.66	 1.210e-04	      4.63	0	Gaussian	307.101336	44.346584
534	1	  0.001487	  0.001936	     -1.00	    510.59	    739.77	      2.57	      2.43	     44.97	     42.49	9.16	 7.455e-05	      4.63	0	Gaussian	306.487767	41.089021
535	1	  0.001476	  0.000582	     -1.00	    555.89	    625.80	      4.99	      4.29	     87.40	     75.12	-48.28	 1.332e-04	      4.63	0	Gaussian	306.233717	41.638375
536	1	  0.001460	  0.001928	     -1.00	     85.69	    387.72	      2.58	      2.44	     45.09	     42.78	14.66	 5.143e-05	      4.63	0	Gaussian	309.327979	42.629700
537	1	  0.001459	  0.002026	     -1.00	    134.32	    296.53	      2.54	      2.35	     44.38	     41.22	-5.78	 4.504e-05	      4.64	0	Gaussian	309.060325	43.078731
538	1	  0.001464	  0.001605	     -1.00	    547.09	    699.32	      3.00	      2.61	     52.53	     45.73	23.80	 7.127e-05	      4.64	0	Gaussian	306.269340	41.288282
539	1	  0.001461	  0.001909	     -1.00	    409.40	    665.51	      2.62	      2.39	     45.77	     41.79	10.37	 3.849e-05	      4.64	0	Gaussian	307.148444	41.416787
540	1	  0.001609	  0.002355	     -1.00	    749.04	    442.55	      2.38	      2.13	     41.59	     37.36	-5.35	 8.250e-04	      4.64	0	Gaussian	305.042432	42.539613
541	1	  0.001465	  0.001810	     -1.00	    189.38	    565.94	      2.69	      2.40	     47.03	     42.00	73.97	 3.787e-05	      4.64	0	Gaussian	308.580597	41.823626
542	1	  0.001437	  0.001328	     -1.00	    719.44	    771.16	      3.11	      2.85	     54.47	     49.87	-57.85	 5.363e-05	      4.65	0	Gaussian	305.168854	40.978300
543	1	  0.001511	  0.001969	     -1.00	    303.65	    470.27	      2.51	      2.38	     44.00	     41.71	-8.27	 1.123e-04	      4.66	0	Gaussian	307.892852	42.312202
544	1	  0.001499	  0.001202	     -1.00	    399.96	    688.90	      3.59	      2.77	     62.90	     48.49	53.96	 8.426e-05	      4.66	0	Gaussian	307.200040	41.303647
545	1	  0.001503	  0.002046	     -1.00	    301.45	    636.48	      2.48	      2.31	     43.35	     40.51	5.01	 1.306e-04	      4.67	0	Gaussian	307.841090	41.524787
546	1	  0.001439	  0.001607	     -1.00	    712.86	    505.71	      2.82	      2.61	     49.31	     45.76	-0.43	 3.694e-05	      4.68	0	Gaussian	305.262356	42.235121
547	1	  0.001500	  0.000606	     -1.00	    344.29	    327.73	      5.76	      3.25	    100.73	     56.81	-38.75	 1.379e-04	      4.68	0	Gaussian	307.687455	42.998872
548	1	  0.001509	  0.001937	     -1.00	    358.22	    418.56	      2.55	      2.30	     44.65	     40.27	-6.57	 1.003e-04	      4.69	0	Gaussian	307.562861	42.572644
549	1	  0.001453	  0.001516	     -1.00	    125.80	    747.39	      3.01	      2.64	     52.74	     46.19	-9.61	 4.381e-05	      4.69	0	Gaussian	308.898300	40.944060
550	1	  0.001491	  0.001824	     -1.00	    347.20	    226.81	      2.60	      2.40	     45.55	     42.02	-40.28	 2.235e-04	      4.69	0	Gaussian	307.708021	43.477461
551	1	  0.001473	  0.001737	     -1.00	    696.04	    656.44	      2.80	      2.44	     49.00	     42.73	-7.56	 2.578e-04	      4.69	0	Gaussian	305.338885	41.518238
552	1	  0.001585	  0.002048	     -1.00	    314.43	    346.72	      2.41	      2.30	     42.14	     40.23	-5.13	 3.787e-04	      4.69	0	Gaussian	307.873068	42.900301
553	1	  0.001463	  0.001875	     -1.00	    420.54	    392.61	      2.58	      2.34	     45.09	     41.00	-3.24	 3.953e-05	      4.70	0	Gaussian	307.171050	42.712146
554	1	  0.001481	  0.001723	     -1.00	    177.88	    737.69	      2.62	      2.50	     45.78	     43.69	5.60	 1.425e-04	      4.70	0	Gaussian	308.576602	41.007583
555	1	  0.001471	  0.001433	     -1.00	    544.10	    629.89	      2.95	      2.64	     51.58	     46.25	2.82	 5.307e-05	      4.71	0	Gaussian	306.307317	41.616540
556	1	  0.001464	  0.001710	     -1.00	    358.03	    336.89	      2.60	      2.52	     45.59	     44.07	78.14	 6.676e-05	      4.72	0	Gaussian	307.595032	42.959323
557	1	  0.001497	  0.001377	     -1.00	    671.22	    159.44	      3.25	      2.57	     56.83	     45.03	20.37	 9.065e-05	      4.72	0	Gaussian	305.607255	43.869595
558	1	  0.001488	  0.001637	     -1.00	    581.76	    323.61	      2.66	      2.53	     46.60	     44.36	12.46	 7.025e-05	      4.72	0	Gaussian	306.149862	43.075511
559	1	  0.001518	  0.001987	     -1.00	    188.64	    648.35	      2.47	      2.27	     43.22	     39.70	-2.44	 2.205e-04	      4.72	0	Gaussian	308.548528	41.433596
560	1	  0.001444	  0.001895	     -1.00	     60.46	    206.46	      2.52	      2.34	     44.08	     40.99	-1.35	 3.654e-05	      4.73	0	Gaussian	309.586025	43.476584
561	1	  0.001476	  0.000652	     -1.00	    352.49	    716.08	      4.74	      3.44	     82.95	     60.23	40.91	 6.418e-05	      4.73	0	Gaussian	307.489325	41.162455
562	1	  0.001438	  0.000620	     -1.00	    142.35	    595.25	      4.26	      4.25	     74.52	     74.36	8.83	 3.346e-05	      4.73	0	Gaussian	308.865212	41.668973
563	1	  0.001469	  0.001750	     -1.00	    326.23	    466.31	      2.63	      2.35	     46.08	     41.18	16.89	 8.337e-05	      4.73	0	Gaussian	307.749852	42.337548
564	1	  0.001444	  0.001148	     -1.00	    159.73	    781.47	      3.16	      3.08	     55.32	     53.95	-51.29	 6.020e-05	      4.74	0	Gaussian	308.670670	40.794567
565	1	  0.001505	  0.001725	     -1.00	    642.82	    290.84	      2.56	      2.45	     44.81	     42.97	1.54	 1.647e-04	      4.75	0	Gaussian	305.761703	43.242187
566	1	  0.001478	  0.001416	     -1.00	    681.18	    271.60	      3.24	      2.54	     56.66	     44.48	3.84	 6.388e-05	      4.75	0	Gaussian	305.516511	43.339773
567	1	  0.001524	  0.001104	     -1.00	    515.71	    650.85	      3.83	      2.52	     67.09	     44.19	14.60	 1.927e-04	      4.75	0	Gaussian	306.481130	41.511244
568	1	  0.001473	  0.001215	     -1.00	    772.00	    614.63	      3.58	      2.64	     62.69	     46.13	-20.47	 1.839e-04	      4.75	0	Gaussian	304.865307	41.727073
569	1	  0.001444	  0.001493	     -1.00	    294.00	    219.73	      2.67	      2.60	     46.77	     45.53	15.89	 3.991e-05	      4.76	0	Gaussian	308.057967	43.495261
570	1	  0.001486	  0.001664	     -1.00	    571.35	    241.84	      2.60	      2.48	     45.45	     43.33	-26.82	 5.362e-05	      4.76	0	Gaussian	306.240188	43.460875
571	1	  0.001497	  0.001100	     -1.00	    590.43	    200.17	      3.19	      3.02	     55.85	     52.91	-11.17	 8.324e-05	      4.77	0	Gaussian	306.126941	43.662090
572	1	  0.001432	  0.000817	     -1.00	    668.44	    661.95	      4.20	      3.01	     73.51	     52.72	89.38	 5.784e-05	      4.77	0	Gaussian	305.512309	41.487759
573	1	  0.001490	  0.001783	     -1.00	    442.56	    346.36	      2.55	      2.33	     44.57	     40.83	-3.68	 8.097e-05	      4.77	0	Gaussian	307.044712	42.936731
574	1	  0.001503	  0.000880	     -1.00	    790.87	     84.67	      4.75	      2.63	     83.14	     46.00	5.70	 1.268e-04	      4.77	0	Gaussian	304.833868	44.240824
575	1	  0.001494	  0.001663	     -1.00	    531.16	    301.65	      2.66	      2.29	     46.60	     40.08	-19.35	 1.108e-04	      4.77	0	Gaussian	306.484570	43.169130
576	1	  0.001584	  0.000732	     -1.00	    225.13	    696.04	      6.25	      2.31	    109.38	     40.48	-8.76	 6.623e-04	      4.77	0	Gaussian	308.298060	41.219822
577	1	  0.001484	  0.000940	     -1.00	    160.69	    609.15	      3.53	      3.44	     61.71	     60.18	-74.66	 1.018e-04	      4.77	0	Gaussian	308.742720	41.609596
578	1	  0.001459	  0.001654	     -1.00	    608.64	    478.25	      2.64	      2.36	     46.28	     41.36	-14.44	 5.708e-05	      4.78	0	Gaussian	305.936108	42.347805
579	1	  0.001505	  0.001712	     -1.00	    762.98	    499.12	      2.54	      2.48	     44.38	     43.32	8.44	 1.298e-04	      4.78	0	Gaussian	304.942769	42.273355
580	1	  0.001466	  0.001499	     -1.00	    521.98	    584.37	      2.82	      2.56	     49.28	     44.83	4.73	 4.948e-05	      4.78	0	Gaussian	306.460619	41.827512
581	1	  0.001461	  0.001108	     -1.00	    338.80	    250.58	      3.31	      3.04	     58.00	     53.19	-21.74	 3.715e-05	      4.79	0	Gaussian	307.753359	43.362551
582	1	  0.001508	  0.000934	     -1.00	    732.51	    394.51	      3.48	      3.07	     60.83	     53.65	-74.77	 1.050e-04	      4.79	0	Gaussian	305.158026	42.765006
583	1	  0.001493	  0.001025	     -1.00	    386.12	    367.00	      3.56	      2.96	     62.34	     51.82	2.47	 9.602e-05	      4.79	0	Gaussian	307.402203	42.824429
584	1	  0.001483	  0.001572	     -1.00	    425.65	    755.88	      2.61	      2.54	     45.66	     44.37	30.73	 1.135e-04	      4.80	0	Gaussian	307.016098	40.993037
585	1	  0.001482	  0.001590	     -1.00	    194.22	    419.74	      2.64	      2.45	     46.19	     42.91	-34.50	 6.842e-05	      4.80	0	Gaussian	308.615831	42.516833
586	1	  0.001484	  0.001647	     -1.00	    720.37	    282.39	      2.64	      2.30	     46.29	     40.27	-6.88	 8.213e-05	      4.80	0	Gaussian	305.258964	43.294699
587	1	  0.001458	  0.000951	     -1.00	    525.81	    709.25	      3.74	      3.04	     65.46	     53.17	6.34	 3.633e-05	      4.81	0	Gaussian	306.400701	41.236801
588	1	  0.001449	  0.001609	     -1.00	     84.70	    276.81	      2.59	      2.48	     45.39	     43.48	20.51	 3.558e-05	      4.81	0	Gaussian	309.391475	43.153557
589	1	  0.001437	  0.000930	     -1.00	    699.58	    524.37	      3.56	      3.31	     62.31	     57.92	-9.57	 2.849e-05	      4.81	0	Gaussian	305.343442	42.144677
590	1	  0.001485	  0.001204	     -1.00	    774.83	    153.80	      3.34	      2.64	     58.42	     46.17	-15.81	 8.666e-05	      4.81	0	Gaussian	304.927379	43.911410
591	1	  0.001471	  0.001582	     -1.00	    407.84	    104.29	      2.69	      2.31	     47.12	     40.44	-20.17	 5.809e-05	      4.81	0	Gaussian	307.357173	44.074103
592	1	  0.001476	  0.001407	     -1.00	    521.64	    248.01	      2.64	      2.61	     46.20	     45.65	-75.92	 1.125e-04	      4.81	0	Gaussian	306.562704	43.421154
593	1	  0.001476	  0.001340	     -1.00	    361.70	    121.12	      2.99	      2.60	     52.36	     45.46	-4.32	 5.725e-05	      4.81	0	Gaussian	307.654513	43.981829
594	1	  0.001540	  0.001827	     -1.00	    330.64	    485.50	      2.46	      2.26	     43.11	     39.52	-0.59	 1.807e-04	      4.81	0	Gaussian	307.714187	42.247931
595	1	  0.001440	  0.001566	     -1.00	    124.63	    655.39	      2.66	      2.44	     46.58	     42.74	-4.48	 3.597e-05	      4.81	0	Gaussian	308.948814	41.378460
596	1	  0.001461	  0.001542	     -1.00	    699.43	    270.33	      2.66	      2.47	     46.60	     43.18	-1.69	 4.507e-05	      4.81	0	Gaussian	305.397848	43.348703
597	1	  0.001468	  0.001648	     -1.00	    621.52	    471.58	      2.60	      2.38	     45.44	     41.66	-6.39	 5.023e-05	      4.82	0	Gaussian	305.855169	42.381763
598	1	  0.001468	  0.001487	     -1.00	    646.97	    621.70	      2.69	      2.52	     47.09	     44.07	12.68	 1.073e-04	      4.82	0	Gaussian	305.657235	41.674848
599	1	  0.001458	  0.001244	     -1.00	    497.83	    630.66	      3.02	      2.79	     52.91	     48.89	-29.99	 3.176e-05	      4.83	0	Gaussian	306.600298	41.602928
600	1	  0.001438	  0.001434	     -1.00	    746.39	    619.79	      2.73	      2.55	     47.77	     44.64	-14.01	 4.857e-05	      4.84	0	Gaussian	305.026898	41.699238
601	1	  0.001540	  0.001621	     -1.00	     41.62	    746.91	      2.48	      2.45	     43.38	     42.88	29.93	 2.388e-04	      4.84	0	Gaussian	309.424832	40.915790
602	1	  0.001463	  0.001576	     -1.00	    768.46	    181.54	      2.64	      2.36	     46.21	     41.33	-2.68	 4.113e-05	      4.84	0	Gaussian	304.964220	43.779188
603	1	  0.001493	  0.001472	     -1.00	    317.34	     53.83	      2.66	      2.50	     46.62	     43.74	-3.78	 7.814e-05	      4.84	0	Gaussian	307.974321	44.287231
604	1	  0.001484	  0.001342	     -1.00	    737.99	    639.80	      2.99	      2.58	     52.35	     45.18	4.36	 1.194e-04	      4.84	0	Gaussian	305.076502	41.603246
605	1	  0.001463	  0.001144	     -1.00	    448.19	    304.90	      3.17	      2.85	     55.42	     49.81	-29.88	 4.155e-05	      4.85	0	Gaussian	307.022301	43.134520
606	1	  0.001479	  0.001510	     -1.00	     74.59	    607.90	      2.60	      2.52	     45.49	     44.15	12.12	 9.692e-05	      4.85	0	Gaussian	309.287465	41.584867
607	1	  0.001460	  0.001554	     -1.00	    196.40	    464.71	      2.60	      2.47	     45.52	     43.25	-11.27	 3.793e-05	      4.85	0	Gaussian	308.581446	42.304855
608	1	  0.001504	  0.001246	     -1.00	    211.37	    657.60	      2.90	      2.66	     50.81	     46.59	-2.31	 9.744e-05	      4.85	0	Gaussian	308.401173	41.397248
609	1	  0.001449	  0.001298	     -1.00	    160.56	    469.91	      2.87	      2.61	     50.20	     45.64	2.40	 5.605e-05	      4.85	0	Gaussian	308.808167	42.268073
610	1	  0.001429	  0.000940	     -1.00	    234.76	    378.07	      3.55	      3.15	     62.05	     55.06	-4.13	 1.606e-05	      4.85	0	Gaussian	308.373861	42.727366
611	1	  0.001525	  0.001596	     -1.00	    547.84	    523.58	      2.64	      2.21	     46.25	     38.61	11.14	 1.589e-04	      4.85	0	Gaussian	306.313128	42.121026
612	1	  0.001494	  0.001468	     -1.00	    372.45	    115.79	      2.65	      2.49	     46.37	     43.58	21.85	 1.241e-04	      4.86	0	Gaussian	307.585904	44.010047
613	1	  0.001467	  0.001272	     -1.00	    534.99	     39.28	      2.94	      2.73	     51.37	     47.81	-18.19	 3.518e-05	      4.86	0	Gaussian	306.538844	44.412587
614	1	  0.001470	  0.001657	     -1.00	     78.27	    581.57	      2.55	      2.32	     44.67	     40.60	-0.92	 8.388e-05	      4.86	0	Gaussian	309.277361	41.710632
615	1	  0.001467	  0.001523	     -1.00	    527.45	     78.35	      2.64	      2.42	     46.19	     42.32	-10.16	 3.773e-05	      4.86	0	Gaussian	306.576660	44.225965
616	1	  0.001492	  0.001052	     -1.00	    112.75	    412.36	      3.79	      2.57	     66.26	     45.04	15.05	 1.243e-04	      4.86	0	Gaussian	309.141954	42.523206
617	1	  0.001489	  0.001124	     -1.00	    478.18	    112.85	      3.22	      2.81	     56.40	     49.11	8.21	 5.596e-05	      4.87	0	Gaussian	306.890666	44.051315
618	1	  0.001474	  0.001476	     -1.00	    491.15	     21.61	      2.70	      2.33	     47.28	     40.83	-26.80	 4.786e-05	      4.87	0	Gaussian	306.835223	44.486260
619	1	  0.001437	  0.001210	     -1.00	    626.45	    693.92	      3.00	      2.52	     52.49	     44.05	46.52	 3.407e-05	      4.88	0	Gaussian	305.770260	41.329089
620	1	  0.001450	  0.000865	     -1.00	    302.55	     64.10	      3.37	      3.37	     58.91	     58.91	-34.83	 2.263e-05	      4.88	0	Gaussian	308.067662	44.234161
621	1	  0.001454	  0.000898	     -1.00	    540.28	    155.42	      3.59	      2.81	     62.79	     49.18	-4.21	 5.058e-05	      4.89	0	Gaussian	306.468633	43.863802
622	1	  0.001466	  0.001436	     -1.00	    776.50	    321.61	      2.70	      2.41	     47.32	     42.12	0.74	 4.458e-05	      4.89	0	Gaussian	304.886730	43.116422
623	1	  0.001490	  0.001501	     -1.00	    753.43	     59.47	      2.63	      2.38	     45.98	     41.73	-9.02	 8.120e-05	      4.89	0	Gaussian	305.086195	44.355445
624	1	  0.001472	  0.001447	     -1.00	    565.66	     76.12	      2.65	      2.49	     46.32	     43.56	-24.02	 4.687e-05	      4.89	0	Gaussian	306.324772	44.244650
625	1	  0.001462	  0.000499	     -1.00	    493.50	    615.56	      4.42	      4.26	     77.32	     74.50	-8.04	 4.606e-05	      4.89	0	Gaussian	306.632235	41.673512
626	1	  0.001462	  0.001496	     -1.00	    721.60	    760.26	      2.64	      2.38	     46.19	     41.70	-13.45	 1.274e-04	      4.89	0	Gaussian	305.157377	41.030262
627	1	  0.001497	  0.001549	     -1.00	    226.36	    630.84	      2.53	      2.43	     44.21	     42.55	-14.80	 9.870e-05	      4.89	0	Gaussian	308.318026	41.528619
628	1	  0.001472	  0.001201	     -1.00	    478.10	    192.66	      3.04	      2.73	     53.23	     47.77	6.96	 4.561e-05	      4.90	0	Gaussian	306.864774	43.673368
629	1	  0.001467	  0.000767	     -1.00	    397.20	    251.26	      3.66	      3.64	     64.12	     63.67	55.12	 6.793e-05	      4.90	0	Gaussian	307.372755	43.375500
630	1	  0.001478	  0.001430	     -1.00	    477.35	    276.31	      2.66	      2.44	     46.49	     42.67	-5.35	 4.188e-05	      4.90	0	Gaussian	306.842315	43.276976
631	1	  0.001428	  0.001199	     -1.00	    573.99	    690.51	      3.10	      2.61	     54.23	     45.69	0.01	 2.577e-05	      4.91	0	Gaussian	306.102040	41.335408
632	1	  0.001442	  0.001424	     -1.00	    633.65	    585.28	      2.71	      2.37	     47.47	     41.44	-11.17	 4.371e-05	      4.91	0	Gaussian	305.750254	41.845097
633	1	  0.001639	  0.001698	     -1.00	    245.36	    653.53	      2.45	      2.17	     42.81	     38.05	18.09	 6.213e-04	      4.91	0	Gaussian	308.188507	41.427254
634	1	  0.001450	  0.001287	     -1.00	    191.84	    316.92	      2.71	      2.69	     47.40	     47.02	-17.84	 4.454e-05	      4.91	0	Gaussian	308.678479	43.002462
635	1	  0.001488	  0.001431	     -1.00	    311.39	    622.71	      2.63	      2.46	     46.09	     43.06	-13.44	 1.201e-04	      4.91	0	Gaussian	307.783619	41.592861
636	1	  0.001466	  0.001293	     -1.00	    417.06	    163.99	      2.79	      2.66	     48.90	     46.51	-28.16	 5.469e-05	      4.91	0	Gaussian	307.274731	43.793933
637	1	  0.001550	  0.001540	     -1.00	    507.90	    648.74	      2.66	      2.35	     46.48	     41.21	-4.64	 1.818e-04	      4.91	0	Gaussian	306.531152	41.519553
638	1	  0.001461	  0.001434	     -1.00	    467.37	    145.44	      2.67	      2.39	     46.80	     41.85	-5.44	 5.604e-05	      4.91	0	Gaussian	306.950883	43.894401
639	1	  0.001454	  0.001408	     -1.00	    321.33	    771.53	      2.67	      2.46	     46.81	     43.02	0.35	 3.948e-05	      4.91	0	Gaussian	307.664403	40.891434
640	1	  0.001500	  0.001481	     -1.00	    531.42	    343.49	      2.62	      2.35	     45.85	     41.09	-12.55	 1.075e-04	      4.91	0	Gaussian	306.470499	42.970938
641	1	  0.001466	  0.001386	     -1.00	    231.37	    242.92	      2.63	      2.55	     46.06	     44.68	-23.10	 4.343e-05	      4.92	0	Gaussian	308.455897	43.365724
642	1	  0.001457	  0.000779	     -1.00	    173.92	    776.98	      4.61	      2.41	     80.71	     42.18	19.32	 7.859e-05	      4.92	0	Gaussian	308.584051	40.820531
643	1	  0.001463	  0.001238	     -1.00	    392.98	    176.47	      3.03	      2.62	     52.96	     45.78	-8.51	 3.896e-05	      4.92	0	Gaussian	307.427988	43.728481
644	1	  0.001470	  0.001482	     -1.00	     74.65	    429.52	      2.62	      2.35	     45.94	     41.11	8.27	 6.663e-05	      4.92	0	Gaussian	309.377338	42.427939
645	1	  0.001704	  0.001824	     -1.00	    662.32	    197.55	      2.33	      2.14	     40.83	     37.43	-31.87	 5.707e-04	      4.92	0	Gaussian	305.656709	43.687569
646	1	  0.001531	  0.001546	     -1.00	    316.82	    576.15	      2.57	      2.37	     44.98	     41.43	0.55	 2.441e-04	      4.92	0	Gaussian	307.767176	41.814823
647	1	  0.001465	  0.001369	     -1.00	    124.70	    350.67	      2.71	      2.42	     47.50	     42.30	25.83	 6.531e-05	      4.93	0	Gaussian	309.095674	42.819262
648	1	  0.001441	  0.000711	     -1.00	    409.96	    733.61	      4.75	      2.97	     83.12	     51.90	-20.46	 4.292e-05	      4.93	0	Gaussian	307.121999	41.094534
649	1	  0.001453	  0.001329	     -1.00	    702.16	    571.60	      2.79	      2.33	     48.84	     40.75	-16.68	 9.933e-05	      4.93	0	Gaussian	305.317287	41.921227
650	1	  0.001542	  0.001284	     -1.00	    789.07	    372.32	      3.06	      2.35	     53.55	     41.05	-6.85	 2.471e-04	      4.94	0	Gaussian	304.796684	42.877638
651	1	  0.001457	  0.000768	     -1.00	     43.69	    372.63	      4.16	      2.79	     72.78	     48.87	25.32	 8.553e-05	      4.94	0	Gaussian	309.605574	42.684898
652	1	  0.001473	  0.000769	     -1.00	     64.28	    543.04	      4.16	      3.12	     72.73	     54.66	-48.62	 7.951e-05	      4.94	0	Gaussian	309.385458	41.887532
653	1	  0.001451	  0.001322	     -1.00	     60.40	    385.95	      2.63	      2.60	     45.99	     45.54	-17.16	 4.239e-05	      4.94	0	Gaussian	309.491261	42.628462
654	1	  0.001451	  0.001369	     -1.00	    119.60	    565.26	      2.67	      2.48	     46.68	     43.42	-4.20	 3.209e-05	      4.94	0	Gaussian	309.023558	41.802788
655	1	  0.001549	  0.001392	     -1.00	    536.27	    516.81	      2.63	      2.41	     45.96	     42.21	-45.99	 1.638e-04	      4.94	0	Gaussian	306.388975	42.150685
656	1	  0.001495	  0.001347	     -1.00	    451.56	    702.71	      2.67	      2.47	     46.79	     43.21	-13.19	 7.059e-05	      4.94	0	Gaussian	306.870383	41.251011
657	1	  0.001481	  0.001225	     -1.00	    667.11	    555.75	      2.81	      2.51	     49.10	     44.00	-2.13	 9.000e-05	      4.95	0	Gaussian	305.543997	41.990754
658	1	  0.001452	  0.001284	     -1.00	     23.81	    757.58	      2.77	      2.45	     48.47	     42.90	26.92	 4.248e-05	      4.95	0	Gaussian	309.530634	40.858660
659	1	  0.001475	  0.001201	     -1.00	    545.97	    487.28	      2.99	      2.64	     52.30	     46.16	-15.42	 9.599e-05	      4.95	0	Gaussian	306.335256	42.292636
660	1	  0.001466	  0.001404	     -1.00	    446.64	    148.51	      2.69	      2.27	     47.08	     39.73	3.18	 6.923e-05	      4.95	0	Gaussian	307.086027	43.874796
661	1	  0.001522	  0.001474	     -1.00	     95.77	    530.67	      2.58	      2.31	     45.14	     40.52	19.92	 3.284e-04	      4.96	0	Gaussian	309.191720	41.957692
662	1	  0.001454	  0.001203	     -1.00	    385.89	    557.39	      2.98	      2.61	     52.10	     45.70	-2.37	 3.910e-05	      4.96	0	Gaussian	307.335005	41.922700
663	1	  0.001559	  0.001497	     -1.00	    305.87	    100.75	      2.55	      2.27	     44.72	     39.69	21.70	 4.149e-04	      4.96	0	Gaussian	308.030218	44.061811
664	1	  0.001494	  0.001371	     -1.00	    706.73	    192.59	      2.69	      2.32	     47.01	     40.53	4.37	 1.313e-04	      4.96	0	Gaussian	305.366819	43.718203
665	1	  0.001510	  0.001351	     -1.00	    208.56	    673.06	      2.56	      2.53	     44.85	     44.23	-9.16	 1.036e-04	      4.96	0	Gaussian	308.412141	41.323191
666	1	  0.001482	  0.001380	     -1.00	    232.55	    169.25	      2.66	      2.34	     46.64	     41.01	3.77	 7.463e-05	      4.96	0	Gaussian	308.481474	43.714592
667	1	  0.001471	  0.000952	     -1.00	    687.15	    369.06	      3.40	      2.93	     59.44	     51.25	-23.41	 7.368e-05	      4.97	0	Gaussian	305.456249	42.878838
668	1	  0.001491	  0.000711	     -1.00	    686.62	    120.15	      4.60	      2.71	     80.54	     47.46	6.55	 7.875e-05	      4.97	0	Gaussian	305.514920	44.058237
669	1	  0.001495	  0.001168	     -1.00	    473.55	    379.91	      2.89	      2.57	     50.65	     44.98	-24.17	 4.839e-05	      4.97	0	Gaussian	306.833392	42.785287
670	1	  0.001466	  0.001282	     -1.00	    463.51	    175.90	      2.68	      2.56	     46.99	     44.80	-10.57	 5.061e-05	      4.97	0	Gaussian	306.965967	43.749222
671	1	  0.001457	  0.001237	     -1.00	    400.64	    609.84	      2.75	      2.54	     48.13	     44.47	10.49	 3.744e-05	      4.98	0	Gaussian	307.222950	41.678179
672	1	  0.001438	  0.000357	     -1.00	    746.49	    539.27	      7.02	      3.56	    122.86	     62.32	-50.65	 4.543e-05	      4.98	0	Gaussian	305.040938	42.080836
673	1	  0.001540	  0.001558	     -1.00	     61.37	    499.66	      2.42	      2.31	     42.37	     40.49	-6.28	 4.362e-04	      4.99	0	Gaussian	309.426112	42.091447
674	1	  0.001595	  0.001378	     -1.00	    312.29	    515.67	      2.61	      2.28	     45.73	     39.82	-61.30	 4.756e-04	      4.99	0	Gaussian	307.819624	42.099813
675	1	  0.001461	  0.001288	     -1.00	     92.52	     67.80	      2.65	      2.55	     46.43	     44.58	-4.75	 5.437e-05	      4.99	0	Gaussian	309.450432	44.143988
676	1	  0.001478	  0.000882	     -1.00	    709.18	     73.29	      3.73	      2.57	     65.32	     45.05	-10.27	 6.558e-05	      4.99	0	Gaussian	305.376252	44.283668
677	1	  0.001475	  0.001318	     -1.00	    788.48	    483.74	      2.65	      2.44	     46.44	     42.77	-18.78	 5.860e-05	      5.00	0	Gaussian	304.782034	42.349469
678	1	  0.001633	  0.001521	     -1.00	    609.19	    607.79	      2.44	      2.28	     42.74	     39.85	-31.24	 6.282e-04	      5.00	0	Gaussian	305.900258	41.734020
679	1	  0.001448	  0.001284	     -1.00	    212.48	    316.30	      2.69	      2.46	     47.03	     43.08	-5.70	 3.451e-05	      5.01	0	Gaussian	308.545253	43.012307
680	1	  0.001457	  0.001173	     -1.00	     22.86	    672.04	      2.73	      2.72	     47.75	     47.65	-27.62	 5.555e-05	      5.01	0	Gaussian	309.580644	41.262236
681	1	  0.001472	  0.001305	     -1.00	    684.85	    574.36	      2.70	      2.32	     47.29	     40.69	-15.63	 1.051e-04	      5.01	0	Gaussian	305.426930	41.905431
682	1	  0.001452	  0.001221	     -1.00	     99.27	    648.84	      2.71	      2.57	     47.41	     44.95	-23.91	 4.170e-05	      5.02	0	Gaussian	309.111638	41.400395
683	1	  0.001572	  0.001583	     -1.00	     39.03	    672.94	      2.33	      2.32	     40.85	     40.58	59.27	 5.809e-04	      5.02	0	Gaussian	309.478646	41.264209
684	1	  0.001460	  0.001287	     -1.00	    400.27	    159.46	      2.70	      2.38	     47.17	     41.64	-13.72	 4.533e-05	      5.02	0	Gaussian	307.386552	43.810925
685	1	  0.001461	  0.000739	     -1.00	    695.85	    211.46	      4.44	      2.69	     77.68	     47.15	-2.99	 3.671e-05	      5.02	0	Gaussian	305.433998	43.627122
686	1	  0.001457	  0.000841	     -1.00	    383.35	    776.83	      3.45	      3.07	     60.30	     53.78	51.53	 7.362e-05	      5.02	0	Gaussian	307.274180	40.883148
687	1	  0.001447	  0.001097	     -1.00	    130.05	    531.06	      2.76	      2.73	     48.23	     47.77	2.87	 3.273e-05	      5.02	0	Gaussian	308.973657	41.968217
688	1	  0.001467	  0.001117	     -1.00	     21.91	    594.01	      2.78	      2.75	     48.70	     48.06	-37.76	 5.824e-05	      5.02	0	Gaussian	309.627342	41.630428
689	1	  0.001549	  0.000889	     -1.00	    413.69	    697.71	      3.49	      2.64	     61.13	     46.29	-24.09	 2.240e-04	      5.02	0	Gaussian	307.110562	41.265429
690	1	  0.001489	  0.001152	     -1.00	    283.71	    628.00	      2.85	      2.56	     49.86	     44.81	55.11	 6.995e-05	      5.02	0	Gaussian	307.956633	41.559713
691	1	  0.001475	  0.001194	     -1.00	    288.68	    433.89	      2.72	      2.56	     47.55	     44.84	15.87	 5.489e-05	      5.03	0	Gaussian	308.003539	42.479957
692	1	  0.001533	  0.001269	     -1.00	    483.38	    100.86	      2.60	      2.48	     45.51	     43.42	-22.00	 8.167e-05	      5.03	0	Gaussian	306.860383	44.109295
693	1	  0.001434	  0.000763	     -1.00	    613.45	    702.12	      3.56	      3.18	     62.33	     55.60	-6.22	 3.432e-05	      5.03	0	Gaussian	305.850315	41.287920
694	1	  0.001473	  0.001168	     -1.00	    627.67	    157.68	      2.82	      2.35	     49.28	     41.18	-11.75	 5.855e-05	      5.03	0	Gaussian	305.893859	43.870386
695	1	  0.001498	  0.000814	     -1.00	    542.64	    319.07	      3.11	      3.04	     54.39	     53.19	-19.92	 9.111e-05	      5.04	0	Gaussian	306.404919	43.089034
696	1	  0.001485	  0.001294	     -1.00	    441.44	    167.49	      2.63	      2.40	     46.02	     41.99	4.13	 9.262e-05	      5.04	0	Gaussian	307.113581	43.783599
697	1	  0.001460	  0.001108	     -1.00	    221.99	     33.30	      2.94	      2.65	     51.48	     46.36	-7.91	 5.538e-05	      5.04	0	Gaussian	308.613732	44.353811
698	1	  0.001471	  0.001232	     -1.00	    200.45	    703.67	      2.70	      2.43	     47.29	     42.54	-10.03	 7.298e-05	      5.04	0	Gaussian	308.449938	41.175843
699	1	  0.001492	  0.000913	     -1.00	    529.77	    385.68	      3.56	      2.76	     62.27	     48.24	-10.84	 8.362e-05	      5.05	0	Gaussian	306.468745	42.770648
700	1	  0.001560	  0.001284	     -1.00	     21.93	    699.17	      2.56	      2.47	     44.72	     43.24	-16.58	 5.653e-04	      5.05	0	Gaussian	309.572429	41.133753
701	1	  0.001496	  0.001289	     -1.00	    281.30	    653.33	      2.65	      2.33	     46.30	     40.84	2.76	 8.807e-05	      5.05	0	Gaussian	307.961768	41.439095
702	1	  0.001490	  0.001271	     -1.00	    198.50	    274.34	      2.62	      2.44	     45.83	     42.62	2.41	 2.629e-04	      5.05	0	Gaussian	308.655090	43.206144
703	1	  0.001487	  0.000972	     -1.00	    790.92	     14.98	      3.02	      2.90	     52.82	     50.81	27.14	 8.592e-05	      5.05	0	Gaussian	304.845656	44.570833
704	1	  0.001504	  0.000969	     -1.00	    556.36	    288.97	      3.11	      2.85	     54.40	     49.90	52.68	 8.146e-05	      5.06	0	Gaussian	306.324513	43.234534
705	1	  0.001438	  0.000860	     -1.00	    512.88	    717.33	      3.49	      2.89	     61.14	     50.62	-17.90	 2.767e-05	      5.07	0	Gaussian	306.479811	41.195765
706	1	  0.001467	  0.000775	     -1.00	    402.87	    575.63	      3.40	      3.03	     59.52	     53.09	79.47	 5.518e-05	      5.07	0	Gaussian	307.220608	41.840759
707	1	  0.001452	  0.000972	     -1.00	    270.66	    576.98	      3.10	      2.70	     54.26	     47.24	-60.24	 2.494e-05	      5.07	0	Gaussian	308.059955	41.797213
708	1	  0.001507	  0.001310	     -1.00	    184.35	    439.59	      2.59	      2.33	     45.33	     40.74	2.33	 2.356e-04	      5.07	0	Gaussian	308.670002	42.419641
709	1	  0.001546	  0.001294	     -1.00	    404.52	    553.67	      2.60	      2.30	     45.53	     40.26	-36.02	 1.939e-04	      5.07	0	Gaussian	307.217733	41.945162
710	1	  0.001503	  0.001250	     -1.00	    379.58	    631.58	      2.65	      2.35	     46.33	     41.13	3.64	 1.457e-04	      5.08	0	Gaussian	307.348732	41.569713
711	1	  0.001528	  0.001253	     -1.00	    693.37	    284.59	      2.61	      2.38	     45.63	     41.58	-12.12	 3.064e-04	      5.09	0	Gaussian	305.434235	43.280186
712	1	  0.001443	  0.000894	     -1.00	     34.13	    196.95	      2.94	      2.94	     51.49	     51.46	15.55	 2.969e-05	      5.09	0	Gaussian	309.762520	43.511046
713	1	  0.001460	  0.000944	     -1.00	    560.95	    435.81	      3.12	      2.73	     54.65	     47.80	-4.59	 3.311e-05	      5.09	0	Gaussian	306.253528	42.539633
714	1	  0.001490	  0.000904	     -1.00	     21.33	    289.36	      3.34	      2.82	     58.48	     49.42	-20.10	 1.134e-04	      5.09	0	Gaussian	309.794670	43.069450
715	1	  0.001496	  0.001299	     -1.00	    601.35	    427.44	      2.61	      2.28	     45.61	     39.89	-6.18	 3.635e-04	      5.09	0	Gaussian	305.995870	42.587245
716	1	  0.001454	  0.000886	     -1.00	    124.57	    161.95	      3.05	      2.84	     53.35	     49.63	-5.94	 3.832e-05	      5.09	0	Gaussian	309.191206	43.711319
717	1	  0.001458	  0.001004	     -1.00	    380.96	    139.62	      3.05	      2.61	     53.45	     45.62	-4.40	 6.907e-05	      5.09	0	Gaussian	307.520782	43.899647
718	1	  0.001481	  0.001139	     -1.00	    621.67	     76.18	      2.73	      2.46	     47.74	     43.04	-37.49	 8.345e-05	      5.09	0	Gaussian	305.954382	44.255293
719	1	  0.001473	  0.001178	     -1.00	    550.11	    543.13	      2.71	      2.40	     47.44	     42.01	34.70	 1.161e-04	      5.10	0	Gaussian	306.293188	42.028886
720	1	  0.001472	  0.000815	     -1.00	    352.99	    460.58	      3.13	      2.97	     54.70	     51.96	-18.23	 7.692e-05	      5.10	0	Gaussian	307.580592	42.372224
721	1	  0.001478	  0.001046	     -1.00	    643.46	    611.88	      2.76	      2.66	     48.26	     46.49	-49.87	 8.889e-05	      5.10	0	Gaussian	305.681768	41.720787
722	1	  0.001462	  0.001176	     -1.00	     20.16	    423.60	      2.71	      2.40	     47.38	     41.97	-12.35	 4.496e-05	      5.10	0	Gaussian	309.729108	42.434828
723	1	  0.001451	  0.001046	     -1.00	    594.33	    382.19	      2.83	      2.54	     49.58	     44.41	-12.19	 4.348e-05	      5.11	0	Gaussian	306.052883	42.800338
724	1	  0.001482	  0.001188	     -1.00	    254.26	    525.30	      2.65	      2.44	     46.34	     42.75	-1.74	 9.667e-05	      5.11	0	Gaussian	308.185688	42.036793
725	1	  0.001479	  0.000406	     -1.00	    643.24	    736.04	      3.43	      3.21	     59.97	     56.11	24.23	 1.617e-04	      5.11	0	Gaussian	305.654764	41.132543
726	1	  0.001487	  0.001098	     -1.00	    623.44	    364.77	      2.72	      2.53	     47.58	     44.34	-14.77	 7.007e-05	      5.11	0	Gaussian	305.869250	42.888352
727	1	  0.001524	  0.001134	     -1.00	    309.10	    140.78	      2.66	      2.50	     46.63	     43.77	-57.08	 2.284e-04	      5.12	0	Gaussian	307.992180	43.873410
728	1	  0.001442	  0.000862	     -1.00	    761.61	    471.99	      3.44	      2.53	     60.23	     44.31	-32.59	 3.854e-05	      5.12	0	Gaussian	304.956314	42.401757
729	1	  0.001530	  0.001221	     -1.00	    213.12	    687.49	      2.66	      2.19	     46.58	     38.33	-4.00	 1.577e-04	      5.12	0	Gaussian	308.377257	41.256447
730	1	  0.001473	  0.000870	     -1.00	    758.95	    117.31	      3.28	      2.75	     57.33	     48.21	7.22	 3.986e-05	      5.13	0	Gaussian	305.038639	44.082242
731	1	  0.001444	  0.000415	     -1.00	    102.67	    677.31	      6.14	      3.07	    107.43	     53.69	-22.14	 3.708e-05	      5.13	0	Gaussian	309.076511	41.267071
732	1	  0.001453	  0.000835	     -1.00	    781.74	    594.78	      3.59	      2.74	     62.78	     48.03	0.72	 5.099e-05	      5.13	0	Gaussian	304.806785	41.822367
733	1	  0.001475	  0.000721	     -1.00	    505.72	    228.36	      4.31	      2.58	     75.48	     45.18	-6.02	 5.600e-05	      5.13	0	Gaussian	306.672665	43.510713
734	1	  0.001463	  0.000923	     -1.00	    384.62	    760.60	      3.32	      2.60	     58.03	     45.55	-2.52	 6.221e-05	      5.14	0	Gaussian	307.271823	40.960297
735	1	  0.001470	  0.000984	     -1.00	    423.90	    579.23	      3.01	      2.69	     52.62	     47.15	-19.94	 5.268e-05	      5.14	0	Gaussian	307.085724	41.829038
736	1	  0.001481	  0.001121	     -1.00	    523.12	    528.41	      2.75	      2.29	     48.12	     40.11	-7.50	 6.952e-05	      5.14	0	Gaussian	306.469631	42.092891
737	1	  0.001462	  0.001041	     -1.00	    106.60	    282.78	      2.77	      2.56	     48.44	     44.82	8.09	 5.410e-05	      5.14	0	Gaussian	309.246627	43.133563
738	1	  0.001528	  0.000645	     -1.00	    539.96	    382.33	      5.54	      2.38	     97.02	     41.66	-29.16	 1.971e-04	      5.14	0	Gaussian	306.403901	42.788692
739	1	  0.001454	  0.001051	     -1.00	    498.73	    492.63	      2.82	      2.37	     49.43	     41.47	7.84	 4.180e-05	      5.15	0	Gaussian	306.636162	42.257073
740	1	  0.001564	  0.001300	     -1.00	    226.23	    689.24	      2.46	      2.31	     43.14	     40.50	25.07	 1.649e-04	      5.15	0	Gaussian	308.294005	41.252312
741	1	  0.001450	  0.000762	     -1.00	    219.03	    391.55	      3.30	      3.07	     57.75	     53.65	-19.60	 7.712e-05	      5.15	0	Gaussian	308.469111	42.658473
742	1	  0.001473	  0.001126	     -1.00	     12.55	    608.26	      2.65	      2.49	     46.41	     43.60	5.32	 8.869e-05	      5.15	0	Gaussian	309.678929	41.559463
743	1	  0.001513	  0.000677	     -1.00	    315.70	    293.82	      4.44	      2.54	     77.74	     44.52	-9.96	 2.132e-04	      5.15	0	Gaussian	307.886213	43.151110
744	1	  0.001448	  0.000621	     -1.00	    661.65	    455.58	      4.23	      2.58	     73.97	     45.17	-23.71	 3.405e-05	      5.15	0	Gaussian	305.601322	42.464640
745	1	  0.001458	  0.000642	     -1.00	     34.13	    445.44	      3.86	      3.32	     67.55	     58.13	4.66	 8.403e-05	      5.16	0	Gaussian	309.628119	42.337157
746	1	  0.001487	  0.001101	     -1.00	    713.27	    357.29	      2.71	      2.40	     47.46	     42.08	1.59	 7.846e-05	      5.16	0	Gaussian	305.289776	42.938660
747	1	  0.001461	  0.000802	     -1.00	    746.93	    108.76	      3.38	      2.87	     59.11	     50.22	-1.16	 5.150e-05	      5.16	0	Gaussian	305.119589	44.121099
748	1	  0.001503	  0.001132	     -1.00	    749.70	     38.71	      2.68	      2.36	     46.88	     41.34	3.84	 9.081e-05	      5.16	0	Gaussian	305.114976	44.453234
749	1	  0.001456	  0.000863	     -1.00	    417.89	    333.22	      3.19	      2.87	     55.90	     50.28	-15.05	 2.776e-05	      5.16	0	Gaussian	307.208909	42.992758
750	1	  0.001468	  0.001133	     -1.00	    613.43	    101.56	      2.69	      2.38	     47.03	     41.66	-11.69	 4.149e-05	      5.16	0	Gaussian	306.002193	44.133602
751	1	  0.001570	  0.001205	     -1.00	    365.75	    732.24	      2.80	      2.29	     49.04	     40.06	0.84	 5.406e-04	      5.16	0	Gaussian	307.400162	41.089519
752	1	  0.001487	  0.000695	     -1.00	    489.40	    133.41	      4.24	      2.57	     74.24	     45.01	-10.18	 9.502e-05	      5.16	0	Gaussian	306.810068	43.956635
753	1	  0.001448	  0.001063	     -1.00	    721.54	    239.58	      2.77	      2.41	     48.57	     42.26	3.10	 3.088e-05	      5.16	0	Gaussian	305.260077	43.497750
754	1	  0.001464	  0.001043	     -1.00	     69.93	    304.35	      2.81	      2.35	     49.21	     41.07	-7.52	 4.681e-05	      5.17	0	Gaussian	309.472630	43.017755
755	1	  0.001473	  0.001048	     -1.00	    361.35	    179.84	      2.74	      2.53	     47.88	     44.22	-41.01	 5.889e-05	      5.17	0	Gaussian	307.633897	43.703803
756	1	  0.001500	  0.001064	     -1.00	    614.94	     86.38	      2.92	      2.38	     51.17	     41.59	-2.41	 8.698e-05	      5.17	0	Gaussian	305.996214	44.205737
757	1	  0.001518	  0.001029	     -1.00	    668.67	    527.15	      3.01	      2.45	     52.68	     42.93	-8.75	 1.631e-04	      5.17	0	Gaussian	305.540325	42.126584
758	1	  0.001447	  0.000374	     -1.00	    150.13	    456.85	      6.41	      3.15	    112.14	     55.10	-22.20	 3.830e-05	      5.17	0	Gaussian	308.880970	42.326192
759	1	  0.001509	  0.000979	     -1.00	    654.59	    389.95	      2.74	      2.64	     48.04	     46.13	-10.87	 2.664e-04	      5.17	0	Gaussian	305.661875	42.774482
760	1	  0.001435	  0.000808	     -1.00	    690.91	    669.60	      3.35	      2.85	     58.60	     49.89	-10.47	 7.184e-05	      5.17	0	Gaussian	305.368630	41.455092
761	1	  0.001448	  0.001012	     -1.00	    294.85	    331.57	      2.85	      2.32	     49.94	     40.65	12.46	 3.638e-05	      5.18	0	Gaussian	308.005840	42.966163
762	1	  0.001484	  0.000951	     -1.00	    365.93	    360.63	      3.03	      2.57	     53.00	     44.94	-3.65	 5.833e-05	      5.18	0	Gaussian	307.534981	42.849130
763	1	  0.001487	  0.000983	     -1.00	    176.54	    603.19	      2.78	      2.55	     48.64	     44.55	-40.82	 1.016e-04	      5.18	0	Gaussian	308.645174	41.643149
764	1	  0.001457	  0.000815	     -1.00	    291.63	    397.40	      3.51	      2.77	     61.45	     48.48	-7.90	 5.008e-05	      5.18	0	Gaussian	307.999534	42.653591
765	1	  0.001482	  0.001013	     -1.00	    767.63	    644.40	      2.82	      2.32	     49.43	     40.55	3.04	 2.411e-04	      5.18	0	Gaussian	304.887973	41.585449
766	1	  0.001456	  0.000742	     -1.00	    661.90	    782.82	      3.59	      2.84	     62.77	     49.71	-21.54	 6.482e-05	      5.18	0	Gaussian	305.527313	40.914110
767	1	  0.001448	  0.000963	     -1.00	    684.59	    353.28	      2.91	      2.35	     50.89	     41.06	-13.65	 4.014e-05	      5.19	0	Gaussian	305.476274	42.953245
768	1	  0.001473	  0.000600	     -1.00	    402.92	    432.57	      3.89	      3.17	     68.10	     55.56	-2.03	 4.924e-05	      5.19	0	Gaussian	307.270416	42.518344
769	1	  0.001438	  0.000737	     -1.00	    587.21	    759.11	      3.20	      3.07	     56.02	     53.82	-7.32	 4.547e-05	      5.19	0	Gaussian	306.001316	41.013072
770	1	  0.001469	  0.001012	     -1.00	    741.63	    344.83	      2.77	      2.52	     48.46	     44.06	-2.94	 8.783e-05	      5.19	0	Gaussian	305.108592	43.001792
771	1	  0.001546	  0.001182	     -1.00	    414.38	    280.53	      2.60	      2.23	     45.59	     38.98	-5.03	 3.692e-04	      5.19	0	Gaussian	307.250399	43.241406
772	1	  0.001450	  0.000314	     -1.00	    563.51	    604.58	      6.06	      3.49	    106.09	     61.14	-4.49	 5.676e-05	      5.19	0	Gaussian	306.191160	41.740441
773	1	  0.001459	  0.001014	     -1.00	    738.61	    281.56	      2.81	      2.38	     49.21	     41.69	-12.31	 3.742e-05	      5.19	0	Gaussian	305.140438	43.301233
774	1	  0.001481	  0.000946	     -1.00	    270.76	    117.20	      3.08	      2.57	     53.98	     45.01	-0.06	 8.552e-05	      5.19	0	Gaussian	308.254150	43.973111
775	1	  0.001488	  0.000615	     -1.00	    449.02	    773.56	      4.72	      2.50	     82.53	     43.77	-0.04	 1.111e-04	      5.19	0	Gaussian	306.863941	40.914986
776	1	  0.001479	  0.000520	     -1.00	    512.24	    440.31	      5.36	      2.56	     93.74	     44.84	1.33	 6.430e-05	      5.19	0	Gaussian	306.565372	42.507957
777	1	  0.001469	  0.001080	     -1.00	     78.30	    629.54	      2.69	      2.42	     47.17	     42.33	-4.75	 1.245e-04	      5.20	0	Gaussian	309.253301	41.483945
778	1	  0.001459	  0.000775	     -1.00	     42.83	    566.18	      3.47	      2.94	     60.76	     51.42	-13.88	 3.340e-05	      5.20	0	Gaussian	309.509510	41.770009
779	1	  0.001486	  0.000933	     -1.00	    517.98	    218.57	      3.03	      2.56	     52.97	     44.87	-6.63	 5.533e-05	      5.20	0	Gaussian	306.595586	43.559831
780	1	  0.001453	  0.000871	     -1.00	    745.86	    243.94	      3.15	      2.77	     55.05	     48.47	-20.97	 4.774e-05	      5.20	0	Gaussian	305.100407	43.480490
781	1	  0.001477	  0.000486	     -1.00	    724.98	    384.82	      4.40	      3.33	     77.05	     58.34	13.24	 1.190e-04	      5.21	0	Gaussian	305.208492	42.809878
782	1	  0.001594	  0.001151	     -1.00	    347.93	    487.34	      2.60	      2.18	     45.46	     38.13	8.76	 5.424e-04	      5.21	0	Gaussian	307.602919	42.244088
783	1	  0.001454	  0.000973	     -1.00	     12.45	    112.78	      2.73	      2.64	     47.86	     46.23	-3.43	 3.110e-05	      5.21	0	Gaussian	309.951231	43.899621
784	1	  0.001463	  0.000991	     -1.00	    291.61	    128.43	      2.78	      2.48	     48.63	     43.35	-24.41	 4.154e-05	      5.22	0	Gaussian	308.112291	43.926513
785	1	  0.001471	  0.000974	     -1.00	    658.36	    320.78	      2.79	      2.51	     48.78	     43.90	-35.15	 5.677e-05	      5.22	0	Gaussian	305.653595	43.102955
786	1	  0.001463	  0.000547	     -1.00	    373.25	    698.14	      5.02	      2.61	     87.84	     45.65	3.28	 5.272e-05	      5.22	0	Gaussian	307.365106	41.252943
787	1	  0.001446	  0.000786	     -1.00	    752.05	    579.89	      3.29	      2.87	     57.56	     50.32	-9.63	 9.744e-05	      5.22	0	Gaussian	304.998175	41.889098
788	1	  0.001524	  0.000491	     -1.00	    213.40	    709.79	      6.72	      2.17	    117.60	     38.06	-9.24	 2.468e-04	      5.22	0	Gaussian	308.365907	41.151049
789	1	  0.001469	  0.001022	     -1.00	    730.42	    768.24	      2.71	      2.49	     47.51	     43.55	-17.76	 1.672e-04	      5.22	0	Gaussian	305.100553	40.993721
790	1	  0.001496	  0.001079	     -1.00	    301.30	    144.61	      2.66	      2.38	     46.49	     41.73	-19.68	 1.527e-04	      5.22	0	Gaussian	308.041786	43.852928
791	1	  0.001487	  0.001049	     -1.00	    391.27	    705.52	      2.72	      2.34	     47.53	     41.02	-15.38	 6.318e-05	      5.22	0	Gaussian	307.249061	41.222739
792	1	  0.001438	  0.000718	     -1.00	    611.84	    410.86	      3.46	      2.96	     60.51	     51.84	-5.56	 3.349e-05	      5.23	0	Gaussian	305.932514	42.667806
793	1	  0.001448	  0.000601	     -1.00	    683.67	    622.94	      3.86	      3.10	     67.54	     54.31	-30.14	 8.812e-05	      5.24	0	Gaussian	305.424170	41.675037
794	1	  0.001475	  0.000335	     -1.00	    572.10	     93.11	      7.22	      3.15	    126.42	     55.08	26.05	 7.197e-05	      5.24	0	Gaussian	306.277302	44.165537
795	1	  0.001467	  0.000985	     -1.00	    354.73	    214.45	      2.79	      2.35	     48.81	     41.14	-12.34	 5.676e-05	      5.24	0	Gaussian	307.663701	43.538111
796	1	  0.001485	  0.000901	     -1.00	    427.41	    113.36	      2.87	      2.41	     50.16	     42.13	27.85	 1.396e-04	      5.24	0	Gaussian	307.224922	44.036306
797	1	  0.001473	  0.000974	     -1.00	    248.85	     11.15	      2.78	      2.41	     48.71	     42.17	-35.21	 5.693e-05	      5.24	0	Gaussian	308.446228	44.467426
798	1	  0.001455	  0.000972	     -1.00	    295.38	    230.14	      2.76	      2.52	     48.32	     44.10	2.79	 5.233e-05	      5.24	0	Gaussian	308.044545	43.446409
799	1	  0.001491	  0.000950	     -1.00	    760.73	    570.71	      2.77	      2.50	     48.46	     43.80	20.17	 1.247e-04	      5.24	0	Gaussian	304.944550	41.933770
800	1	  0.001478	  0.000976	     -1.00	    686.63	     55.69	      2.78	      2.38	     48.69	     41.61	-2.38	 7.160e-05	      5.24	0	Gaussian	305.529455	44.363511
801	1	  0.001449	  0.000961	     -1.00	    258.36	    405.08	      2.75	      2.58	     48.18	     45.13	16.86	 4.243e-05	      5.25	0	Gaussian	308.210305	42.607031
802	1	  0.001475	  0.000882	     -1.00	    356.68	    544.65	      2.81	      2.66	     49.12	     46.64	17.04	 1.281e-04	      5.25	0	Gaussian	307.525634	41.975173
803	1	  0.001485	  0.001005	     -1.00	    431.60	    383.11	      2.65	      2.54	     46.30	     44.38	-17.88	 8.059e-05	      5.25	0	Gaussian	307.102984	42.759954
804	1	  0.001483	  0.000765	     -1.00	    595.08	    303.71	      3.51	      2.72	     61.35	     47.53	-7.52	 6.041e-05	      5.26	0	Gaussian	306.068742	43.172423
805	1	  0.001444	  0.000921	     -1.00	    614.91	    585.29	      2.89	      2.29	     50.61	     40.05	-28.19	 4.211e-05	      5.26	0	Gaussian	305.869463	41.841688
806	1	  0.001440	  0.000663	     -1.00	     10.25	    678.03	      3.79	      2.94	     66.33	     51.38	-11.04	 3.246e-05	      5.26	0	Gaussian	309.656731	41.229077
807	1	  0.001489	  0.000889	     -1.00	    784.57	    557.62	      2.81	      2.56	     49.19	     44.76	-7.00	 1.185e-04	      5.27	0	Gaussian	304.794864	41.998824
808	1	  0.001478	  0.000830	     -1.00	    699.62	    321.79	      2.86	      2.71	     50.08	     47.44	-32.85	 1.051e-04	      5.27	0	Gaussian	305.385654	43.104820
809	1	  0.001503	  0.000900	     -1.00	    487.20	    326.70	      2.80	      2.51	     48.95	     44.00	-38.57	 6.300e-05	      5.27	0	Gaussian	306.762098	43.040610
810	1	  0.001483	  0.000778	     -1.00	    198.93	    784.17	      3.40	      2.65	     59.58	     46.37	2.71	 1.479e-04	      5.27	0	Gaussian	308.424697	40.794704
811	1	  0.001465	  0.000961	     -1.00	    453.22	    552.34	      2.79	      2.34	     48.81	     40.91	-0.82	 4.478e-05	      5.27	0	Gaussian	306.908052	41.963603
812	1	  0.001474	  0.000544	     -1.00	    415.36	    521.93	      3.95	      3.02	     69.19	     52.78	-23.05	 7.042e-05	      5.28	0	Gaussian	307.159588	42.098258
813	1	  0.001528	  0.001067	     -1.00	    263.72	    154.80	      2.57	      2.39	     44.94	     41.90	5.42	 3.687e-04	      5.28	0	Gaussian	308.283833	43.793000
814	1	  0.001472	  0.001002	     -1.00	    203.52	    597.51	      2.69	      2.41	     47.12	     42.12	-16.32	 5.649e-05	      5.28	0	Gaussian	308.476921	41.678947
815	1	  0.001465	  0.000951	     -1.00	    251.82	    226.64	      2.78	      2.37	     48.71	     41.52	5.60	 8.277e-05	      5.28	0	Gaussian	308.329988	43.449366
816	1	  0.001472	  0.000920	     -1.00	     88.23	    415.83	      2.77	      2.56	     48.41	     44.74	-58.91	 4.839e-05	      5.28	0	Gaussian	309.297391	42.497761
817	1	  0.001465	  0.000945	     -1.00	     12.39	    372.12	      2.68	      2.60	     46.92	     45.56	11.97	 7.646e-05	      5.28	0	Gaussian	309.806861	42.674898
818	1	  0.001612	  0.001216	     -1.00	    500.22	    513.58	      2.44	      2.16	     42.79	     37.76	-24.93	 4.417e-04	      5.28	0	Gaussian	306.620273	42.158127
819	1	  0.001471	  0.000679	     -1.00	    592.21	     22.77	      3.63	      2.73	     63.49	     47.83	-9.66	 5.101e-05	      5.28	0	Gaussian	306.164017	44.502589
820	1	  0.001454	  0.000855	     -1.00	    266.62	    243.97	      2.81	      2.70	     49.25	     47.18	10.39	 3.280e-05	      5.29	0	Gaussian	308.226001	43.372073
821	1	  0.001529	  0.000823	     -1.00	    311.52	    376.44	      2.74	      2.71	     48.02	     47.48	-6.00	 2.850e-04	      5.29	0	Gaussian	307.879899	42.758739
822	1	  0.001470	  0.000779	     -1.00	    768.13	    414.08	      3.24	      2.75	     56.68	     48.14	-11.64	 5.102e-05	      5.30	0	Gaussian	304.924696	42.677105
823	1	  0.001446	  0.000495	     -1.00	    719.08	    460.65	      3.96	      3.29	     69.26	     57.64	41.89	 3.524e-05	      5.30	0	Gaussian	305.231431	42.449581
824	1	  0.001441	  0.000630	     -1.00	     77.91	    116.44	      3.43	      3.14	     60.10	     54.95	-17.13	 2.468e-05	      5.30	0	Gaussian	309.520390	43.908608
825	1	  0.001518	  0.000954	     -1.00	    268.53	    593.80	      2.70	      2.41	     47.25	     42.27	-0.38	 2.457e-04	      5.30	0	Gaussian	308.066595	41.716988
826	1	  0.001471	  0.000904	     -1.00	    535.76	    581.22	      2.81	      2.41	     49.21	     42.23	-15.57	 1.092e-04	      5.30	0	Gaussian	306.373928	41.845416
827	1	  0.001493	  0.000666	     -1.00	     67.80	    598.66	      3.85	      2.49	     67.35	     43.51	-24.78	 1.595e-04	      5.31	0	Gaussian	309.335030	41.625979
828	1	  0.001475	  0.000586	     -1.00	    429.32	    511.66	      3.95	      2.67	     69.14	     46.66	-23.13	 9.820e-05	      5.31	0	Gaussian	307.073955	42.150449
829	1	  0.001440	  0.000898	     -1.00	    140.78	    398.30	      2.84	      2.39	     49.73	     41.89	-24.53	 3.126e-05	      5.31	0	Gaussian	308.968908	42.599785
830	1	  0.001446	  0.000722	     -1.00	    408.02	    494.94	      3.31	      2.85	     58.00	     49.91	-6.49	 2.718e-05	      5.31	0	Gaussian	307.215826	42.224244
831	1	  0.001477	  0.000952	     -1.00	    206.63	    179.65	      2.70	      2.46	     47.17	     43.13	-5.91	 7.116e-05	      5.31	0	Gaussian	308.646209	43.656714
832	1	  0.001480	  0.000914	     -1.00	    517.51	    539.66	      2.78	      2.41	     48.58	     42.17	-26.13	 5.554e-05	      5.31	0	Gaussian	306.502127	42.038379
833	1	  0.001465	  0.000958	     -1.00	    413.63	    231.20	      2.70	      2.46	     47.23	     43.06	-21.59	 5.497e-05	      5.31	0	Gaussian	307.272919	43.474799
834	1	  0.001461	  0.000558	     -1.00	    150.44	    319.74	      4.26	      2.81	     74.49	     49.11	-1.20	 6.292e-05	      5.32	0	Gaussian	308.944722	42.974723
835	1	  0.001481	  0.000825	     -1.00	    323.33	    289.03	      2.79	      2.69	     48.92	     47.02	-24.51	 1.142e-04	      5.32	0	Gaussian	307.838592	43.176007
836	1	  0.001442	  0.000710	     -1.00	    642.10	    697.81	      3.42	      2.76	     59.92	     48.29	-3.32	 6.107e-05	      5.33	0	Gaussian	305.670658	41.313438
837	1	  0.001472	  0.000595	     -1.00	    600.10	    116.01	      3.64	      2.93	     63.77	     51.32	4.13	 6.192e-05	      5.34	0	Gaussian	306.086213	44.062617
838	1	  0.001492	  0.000958	     -1.00	    666.48	    533.64	      2.68	      2.37	     46.85	     41.56	-8.79	 1.384e-04	      5.34	0	Gaussian	305.552879	42.095450
839	1	  0.001470	  0.000688	     -1.00	    777.85	    305.07	      3.29	      2.83	     57.50	     49.56	-8.14	 5.233e-05	      5.34	0	Gaussian	304.880881	43.195000
840	1	  0.001446	  0.000875	     -1.00	    342.65	    674.64	      2.81	      2.46	     49.15	     43.10	1.11	 3.688e-05	      5.34	0	Gaussian	307.566475	41.355872
841	1	  0.001498	  0.000484	     -1.00	    645.72	    215.71	      4.30	      3.07	     75.32	     53.70	-32.64	 8.214e-05	      5.34	0	Gaussian	305.761020	43.598702
842	1	  0.001459	  0.000409	     -1.00	    129.12	    607.43	      4.91	      2.90	     85.89	     50.77	-84.25	 7.992e-05	      5.34	0	Gaussian	308.943120	41.606766
843	1	  0.001437	  0.000728	     -1.00	    552.06	    783.54	      3.38	      2.71	     59.22	     47.46	-11.09	 2.741e-05	      5.34	0	Gaussian	306.215399	40.890464
844	1	  0.001476	  0.000793	     -1.00	     89.92	    776.82	      3.00	      2.62	     52.45	     45.81	-11.23	 8.301e-05	      5.34	0	Gaussian	309.108557	40.792300
845	1	  0.001466	  0.000690	     -1.00	    403.99	    417.46	      3.45	      2.77	     60.41	     48.53	-10.04	 7.254e-05	      5.34	0	Gaussian	307.268867	42.590159
846	1	  0.001483	  0.000922	     -1.00	    214.77	      9.60	      2.74	      2.33	     47.97	     40.76	1.05	 1.074e-04	      5.35	0	Gaussian	308.672685	44.463368
847	1	  0.001452	  0.000891	     -1.00	     91.43	    205.29	      2.73	      2.55	     47.85	     44.58	-15.48	 4.016e-05	      5.35	0	Gaussian	309.385039	43.494070
848	1	  0.001443	  0.000752	     -1.00	    713.97	    628.31	      3.27	      2.69	     57.25	     47.07	-4.12	 1.353e-04	      5.35	0	Gaussian	305.230906	41.654239
849	1	  0.001465	  0.000619	     -1.00	    286.71	    669.91	      3.50	      2.97	     61.28	     52.00	-17.13	 5.804e-05	      5.35	0	Gaussian	307.921043	41.362289
850	1	  0.001474	  0.000556	     -1.00	    427.65	    157.62	      4.09	      2.46	     71.51	     42.98	-14.82	 1.173e-04	      5.36	0	Gaussian	307.207515	43.826844
851	1	  0.001469	  0.000746	     -1.00	    439.97	     30.60	      3.30	      2.63	     57.79	     45.96	-6.23	 6.736e-05	      5.36	0	Gaussian	307.171596	44.431182
852	1	  0.001453	  0.000479	     -1.00	    358.80	    685.06	      3.77	      3.47	     66.03	     60.66	-13.09	 5.453e-05	      5.36	0	Gaussian	307.460807	41.310986
853	1	  0.001446	  0.000847	     -1.00	    685.67	    434.24	      2.85	      2.39	     49.85	     41.78	-19.74	 3.959e-05	      5.36	0	Gaussian	305.451696	42.569688
854	1	  0.001487	  0.000846	     -1.00	    572.60	     29.49	      2.83	      2.33	     49.46	     40.87	-30.50	 7.753e-05	      5.36	0	Gaussian	306.292293	44.466824
855	1	  0.001506	  0.000971	     -1.00	    145.43	    211.60	      2.64	      2.31	     46.15	     40.36	-16.34	 2.780e-04	      5.37	0	Gaussian	309.030173	43.484248
856	1	  0.001484	  0.000814	     -1.00	    413.42	    415.88	      2.76	      2.66	     48.36	     46.52	-37.10	 9.308e-05	      5.37	0	Gaussian	307.208761	42.600070
857	1	  0.001455	  0.000783	     -1.00	    651.46	    658.60	      2.90	      2.51	     50.84	     43.89	-34.48	 6.423e-05	      5.37	0	Gaussian	305.620388	41.500779
858	1	  0.001476	  0.000659	     -1.00	    695.92	    415.16	      3.54	      2.72	     62.03	     47.68	-6.72	 6.960e-05	      5.37	0	Gaussian	305.389729	42.661727
859	1	  0.001436	  0.000779	     -1.00	    715.73	    519.19	      2.94	      2.45	     51.50	     42.93	-38.95	 3.515e-05	      5.37	0	Gaussian	305.241273	42.171637
860	1	  0.001491	  0.000281	     -1.00	    741.85	    147.54	      8.59	      2.41	    150.34	     42.17	-5.80	 7.358e-05	      5.37	0	Gaussian	305.145432	43.936721
861	1	  0.001509	  0.000799	     -1.00	    236.75	     47.46	      2.83	      2.45	     49.45	     42.82	-54.27	 9.405e-05	      5.38	0	Gaussian	308.509584	44.291807
862	1	  0.001438	  0.000696	     -1.00	    180.99	    505.17	      3.34	      2.75	     58.54	     48.07	-2.85	 2.394e-05	      5.38	0	Gaussian	308.661425	42.108270
863	1	  0.001421	  0.000765	     -1.00	    767.17	    723.29	      2.98	      2.43	     52.16	     42.50	6.85	 3.810e-05	      5.38	0	Gaussian	304.877472	41.211627
864	1	  0.001496	  0.000728	     -1.00	    725.11	     46.75	      3.10	      2.66	     54.28	     46.48	-11.92	 7.891e-05	      5.39	0	Gaussian	305.276432	44.411726
865	1	  0.001477	  0.000706	     -1.00	    440.05	    779.85	      3.28	      2.69	     57.41	     47.01	-6.40	 8.969e-05	      5.39	0	Gaussian	306.918120	40.883080
866	1	  0.001526	  0.000948	     -1.00	    378.66	    371.64	      2.62	      2.31	     45.94	     40.42	1.66	 1.517e-04	      5.39	0	Gaussian	307.448657	42.800459
867	1	  0.001480	  0.000803	     -1.00	    158.43	    766.78	      2.79	      2.58	     48.89	     45.10	-38.85	 1.104e-04	      5.40	0	Gaussian	308.685372	40.863588
868	1	  0.001460	  0.000584	     -1.00	    179.78	    766.78	      3.13	      2.92	     54.80	     51.05	34.16	 7.834e-05	      5.40	0	Gaussian	308.551927	40.870663
869	1	  0.001456	  0.000759	     -1.00	     80.57	    619.81	      2.88	      2.60	     50.46	     45.47	-7.18	 6.911e-05	      5.40	0	Gaussian	309.243789	41.530762
870	1	  0.001457	  0.000781	     -1.00	    762.57	    374.76	      2.86	      2.52	     50.04	     44.16	1.91	 6.404e-05	      5.41	0	Gaussian	304.967560	42.862726
871	1	  0.001485	  0.000847	     -1.00	    786.48	    359.48	      2.78	      2.30	     48.65	     40.29	-17.02	 6.201e-05	      5.41	0	Gaussian	304.815619	42.938176
872	1	  0.001469	  0.000838	     -1.00	    344.60	    419.31	      2.78	      2.41	     48.57	     42.15	-17.52	 7.732e-05	      5.41	0	Gaussian	307.650144	42.565328
873	1	  0.001495	  0.000892	     -1.00	    253.46	    422.27	      2.62	      2.47	     45.94	     43.30	-6.79	 8.677e-05	      5.41	0	Gaussian	308.234437	42.524152
874	1	  0.001471	  0.000739	     -1.00	    269.49	    211.68	      2.91	      2.51	     50.97	     44.01	-21.66	 7.417e-05	      5.41	0	Gaussian	308.221298	43.525741
875	1	  0.001516	  0.000863	     -1.00	    618.18	    324.65	      2.75	      2.25	     48.17	     39.37	-45.30	 1.207e-04	      5.41	0	Gaussian	305.913361	43.077547
876	1	  0.001428	  0.000454	     -1.00	    742.20	    784.84	      4.36	      2.74	     76.40	     48.04	-27.98	 5.597e-05	      5.42	0	Gaussian	305.023668	40.916794
877	1	  0.001457	  0.000849	     -1.00	    216.45	    335.43	      2.75	      2.43	     48.21	     42.58	-8.56	 4.002e-05	      5.42	0	Gaussian	308.510941	42.923144
878	1	  0.001462	  0.000610	     -1.00	    793.08	    581.31	      3.65	      2.79	     63.95	     48.79	-2.41	 3.282e-05	      5.42	0	Gaussian	304.736845	41.887599
879	1	  0.001442	  0.000572	     -1.00	    594.68	    787.32	      3.67	      3.04	     64.15	     53.15	-9.74	 3.105e-05	      5.42	0	Gaussian	305.947416	40.880928
880	1	  0.001458	  0.000619	     -1.00	    155.89	    628.24	      3.62	      2.73	     63.29	     47.84	0.15	 3.843e-05	      5.43	0	Gaussian	308.764338	41.517690
881	1	  0.001497	  0.000627	     -1.00	    235.68	    734.56	      3.15	      3.00	     55.21	     52.44	-19.36	 2.346e-04	      5.43	0	Gaussian	308.215640	41.040952
882	1	  0.001458	  0.000679	     -1.00	    145.70	    525.71	      2.96	      2.73	     51.76	     47.77	-42.17	 5.716e-05	      5.43	0	Gaussian	308.876631	41.998985
883	1	  0.001456	  0.000517	     -1.00	    620.35	    123.66	      3.99	      2.69	     69.82	     47.09	0.79	 2.564e-05	      5.43	0	Gaussian	305.950763	44.030231
884	1	  0.001475	  0.000311	     -1.00	    694.63	    172.14	      6.57	      2.99	    114.94	     52.29	-35.88	 9.287e-05	      5.43	0	Gaussian	305.450591	43.813213
885	1	  0.001476	  0.000441	     -1.00	    439.13	    499.43	      4.95	      2.71	     86.59	     47.47	3.47	 1.052e-04	      5.44	0	Gaussian	307.015370	42.210820
886	1	  0.001477	  0.000529	     -1.00	    400.15	    314.34	      4.08	      2.42	     71.42	     42.28	-7.71	 5.485e-05	      5.44	0	Gaussian	307.330645	43.077581
887	1	  0.001459	  0.000475	     -1.00	    682.49	    338.01	      3.64	      3.42	     63.70	     59.80	-15.21	 4.613e-05	      5.44	0	Gaussian	305.493243	43.025282
888	1	  0.001473	  0.000788	     -1.00	    342.15	    434.61	      2.84	      2.36	     49.75	     41.31	-45.89	 1.066e-04	      5.44	0	Gaussian	307.659979	42.492168
889	1	  0.001462	  0.000612	     -1.00	    749.19	    399.57	      3.52	      2.74	     61.64	     47.91	-11.50	 6.392e-05	      5.44	0	Gaussian	305.049379	42.743356
890	1	  0.001447	  0.000633	     -1.00	    139.00	    573.41	      3.45	      2.79	     60.35	     48.91	-5.47	 3.433e-05	      5.44	0	Gaussian	308.896670	41.771089
891	1	  0.001506	  0.000845	     -1.00	    540.63	    544.83	      2.68	      2.43	     46.92	     42.47	-3.78	 1.420e-04	      5.45	0	Gaussian	306.353205	42.018851
892	1	  0.001466	  0.000737	     -1.00	    610.46	     44.55	      2.89	      2.44	     50.58	     42.64	-49.54	 4.356e-05	      5.45	0	Gaussian	306.036993	44.402962
893	1	  0.001467	  0.000652	     -1.00	    187.05	    164.86	      3.15	      2.80	     55.07	     48.95	-3.09	 4.400e-05	      5.46	0	Gaussian	308.781188	43.719923
894	1	  0.001474	  0.000784	     -1.00	    688.55	    785.02	      2.73	      2.60	     47.70	     45.53	-14.62	 2.141e-04	      5.46	0	Gaussian	305.359802	40.908011
895	1	  0.001457	  0.000708	     -1.00	    434.81	    409.54	      2.96	      2.40	     51.80	     41.94	-10.31	 3.967e-05	      5.46	0	Gaussian	307.073272	42.635527
896	1	  0.001481	  0.000658	     -1.00	    273.96	    634.61	      3.41	      2.64	     59.66	     46.24	-13.37	 1.091e-04	      5.46	0	Gaussian	308.015622	41.525522
897	1	  0.001463	  0.000788	     -1.00	     29.23	    371.41	      2.80	      2.44	     48.99	     42.69	-11.43	 9.070e-05	      5.46	0	Gaussian	309.699101	42.684983
898	1	  0.001479	  0.000664	     -1.00	    671.29	    566.44	      3.37	      2.73	     58.91	     47.70	-5.67	 1.071e-04	      5.46	0	Gaussian	305.514983	41.940813
899	1	  0.001567	  0.000831	     -1.00	    198.88	    669.31	      2.83	      2.33	     49.49	     40.80	-12.00	 1.821e-04	      5.46	0	Gaussian	308.474778	41.337795
900	1	  0.001451	  0.000519	     -1.00	    296.50	    715.91	      3.46	      3.21	     60.55	     56.23	-17.99	 3.416e-05	      5.46	0	Gaussian	307.841357	41.147473
901	1	  0.001510	  0.000479	     -1.00	    278.75	    133.89	      4.00	      3.42	     70.03	     59.79	-84.47	 2.356e-04	      5.46	0	Gaussian	308.194372	43.896675
902	1	  0.001466	  0.000439	     -1.00	    397.49	    290.68	      4.39	      3.00	     76.76	     52.56	-27.19	 5.965e-05	      5.46	0	Gaussian	307.356439	43.188886
903	1	  0.001464	  0.000436	     -1.00	    782.01	    130.63	      4.94	      2.61	     86.41	     45.67	-6.57	 4.200e-05	      5.47	0	Gaussian	304.884239	44.022088
904	1	  0.001455	  0.000703	     -1.00	    482.76	    647.13	      2.92	      2.54	     51.14	     44.46	-21.11	 4.377e-05	      5.47	0	Gaussian	306.690690	41.521523
905	1	  0.001464	  0.000359	     -1.00	    342.62	    560.50	      6.06	      2.75	    106.02	     48.08	-3.98	 6.150e-05	      5.47	0	Gaussian	307.609209	41.896228
906	1	  0.001464	  0.000595	     -1.00	    368.27	    532.44	      3.70	      2.51	     64.71	     43.86	-13.44	 7.769e-05	      5.47	0	Gaussian	307.456253	42.036129
907	1	  0.001440	  0.000571	     -1.00	    558.87	    725.60	      3.69	      2.79	     64.55	     48.83	-7.67	 3.196e-05	      5.47	0	Gaussian	306.188118	41.166209
908	1	  0.001461	  0.000729	     -1.00	    577.34	    139.54	      2.90	      2.40	     50.74	     42.04	-28.11	 4.519e-05	      5.48	0	Gaussian	306.229604	43.946697
909	1	  0.001465	  0.000579	     -1.00	    521.13	    773.71	      3.52	      2.82	     61.58	     49.27	-4.37	 3.836e-05	      5.48	0	Gaussian	306.411951	40.930582
910	1	  0.001464	  0.000693	     -1.00	    420.61	    567.12	      2.90	      2.57	     50.74	     45.02	-44.67	 5.301e-05	      5.48	0	Gaussian	307.110700	41.885551
911	1	  0.001454	  0.000665	     -1.00	    632.09	    307.24	      3.23	      2.67	     56.57	     46.67	-5.41	 4.724e-05	      5.48	0	Gaussian	305.827453	43.162556
912	1	  0.001491	  0.000800	     -1.00	    691.72	    623.64	      2.77	      2.29	     48.40	     40.09	-4.34	 1.056e-04	      5.48	0	Gaussian	305.372950	41.673012
913	1	  0.001451	  0.000398	     -1.00	    784.35	    214.71	      5.15	      2.69	     90.13	     47.09	-0.86	 2.956e-05	      5.49	0	Gaussian	304.854209	43.624034
914	1	  0.001475	  0.000732	     -1.00	    535.18	    119.46	      2.88	      2.34	     50.45	     41.00	-24.41	 4.840e-05	      5.49	0	Gaussian	306.513054	44.033013
915	1	  0.001469	  0.000494	     -1.00	    577.61	     78.34	      3.99	      2.58	     69.85	     45.18	1.73	 4.741e-05	      5.49	0	Gaussian	306.245121	44.236565
916	1	  0.001471	  0.000661	     -1.00	    737.14	     97.62	      3.23	      2.61	     56.61	     45.74	-8.95	 4.087e-05	      5.50	0	Gaussian	305.186403	44.172513
917	1	  0.001490	  0.000666	     -1.00	    489.25	    383.24	      2.88	      2.61	     50.34	     45.68	-6.22	 4.243e-05	      5.50	0	Gaussian	306.730987	42.773174
918	1	  0.001464	  0.000678	     -1.00	    317.26	    215.90	      2.91	      2.60	     50.90	     45.45	-66.70	 7.034e-05	      5.50	0	Gaussian	307.907749	43.520400
919	1	  0.001468	  0.000731	     -1.00	    147.27	    176.62	      2.83	      2.43	     49.55	     42.56	-31.11	 4.229e-05	      5.51	0	Gaussian	309.035503	43.650290
920	1	  0.001476	  0.000729	     -1.00	    610.35	    631.58	      2.80	      2.50	     48.98	     43.69	-32.02	 1.013e-04	      5.52	0	Gaussian	305.887028	41.621511
921	1	  0.001434	  0.000543	     -1.00	    174.17	    472.73	      3.62	      2.88	     63.29	     50.40	-7.68	 2.130e-05	      5.52	0	Gaussian	308.719894	42.259387
922	1	  0.001450	  0.000632	     -1.00	    620.94	    445.53	      3.36	      2.65	     58.77	     46.40	-8.05	 4.117e-05	      5.52	0	Gaussian	305.865335	42.505139
923	1	  0.001472	  0.000466	     -1.00	    558.01	    749.84	      3.58	      3.27	     62.65	     57.15	-20.67	 6.395e-05	      5.52	0	Gaussian	306.187025	41.051254
924	1	  0.001461	  0.000571	     -1.00	    566.12	    423.57	      3.59	      2.77	     62.91	     48.49	-6.94	 3.667e-05	      5.52	0	Gaussian	306.223620	42.598681
925	1	  0.001469	  0.000705	     -1.00	    429.72	     32.54	      2.88	      2.34	     50.42	     40.90	-16.44	 4.925e-05	      5.52	0	Gaussian	307.238877	44.419365
926	1	  0.001469	  0.000686	     -1.00	    553.34	     85.28	      2.87	      2.53	     50.24	     44.35	-5.41	 5.101e-05	      5.52	0	Gaussian	306.403484	44.198705
927	1	  0.001498	  0.000781	     -1.00	    317.65	    457.29	      2.72	      2.35	     47.57	     41.06	-18.44	 1.803e-04	      5.53	0	Gaussian	307.808341	42.377783
928	1	  0.001472	  0.000692	     -1.00	    444.33	    277.55	      2.89	      2.41	     50.54	     42.14	-21.80	 5.227e-05	      5.53	0	Gaussian	307.056651	43.263145
929	1	  0.001449	  0.000586	     -1.00	    443.34	    746.03	      3.34	      2.88	     58.49	     50.47	-13.67	 6.513e-05	      5.53	0	Gaussian	306.908251	41.043961
930	1	  0.001450	  0.000398	     -1.00	     50.16	    184.33	      5.13	      2.60	     89.87	     45.57	-4.02	 3.061e-05	      5.53	0	Gaussian	309.665042	43.577027
931	1	  0.001451	  0.000582	     -1.00	    198.92	    299.79	      3.36	      2.85	     58.72	     49.88	-7.53	 4.302e-05	      5.53	0	Gaussian	308.640583	43.085880
932	1	  0.001475	  0.000382	     -1.00	    261.54	    212.87	      4.61	      3.03	     80.68	     53.03	-17.44	 9.804e-05	      5.53	0	Gaussian	308.272613	43.517623
933	1	  0.001471	  0.000663	     -1.00	    782.49	    577.98	      2.89	      2.59	     50.56	     45.31	-29.60	 5.153e-05	      5.53	0	Gaussian	304.804754	41.902071
934	1	  0.001551	  0.000831	     -1.00	    559.04	    353.14	      2.55	      2.22	     44.67	     38.94	-4.63	 2.560e-04	      5.53	0	Gaussian	306.288901	42.931034
935	1	  0.001448	  0.000696	     -1.00	    324.40	    717.66	      2.88	      2.46	     50.49	     43.07	-29.57	 4.622e-05	      5.54	0	Gaussian	307.665293	41.147216
936	1	  0.001458	  0.000528	     -1.00	    473.30	     67.33	      3.76	      2.65	     65.88	     46.30	-11.54	 2.338e-05	      5.54	0	Gaussian	306.938162	44.265650
937	1	  0.001471	  0.000674	     -1.00	     11.80	    735.65	      2.92	      2.38	     51.04	     41.62	8.72	 7.617e-05	      5.54	0	Gaussian	309.616941	40.957614
938	1	  0.001455	  0.000696	     -1.00	    205.17	     90.51	      2.87	      2.48	     50.22	     43.36	-28.72	 3.602e-05	      5.54	0	Gaussian	308.697660	44.077668
939	1	  0.001547	  0.000801	     -1.00	    540.54	    334.99	      3.00	      2.00	     52.52	     35.08	7.57	 1.298e-04	      5.54	0	Gaussian	306.413920	43.013165
940	1	  0.001499	  0.000647	     -1.00	    690.48	    110.57	      3.33	      2.60	     58.33	     45.58	-4.60	 9.121e-05	      5.54	0	Gaussian	305.491572	44.104225
941	1	  0.001463	  0.000652	     -1.00	    538.68	    673.23	      2.93	      2.49	     51.21	     43.57	-19.67	 5.228e-05	      5.54	0	Gaussian	306.329596	41.410128
942	1	  0.001432	  0.000544	     -1.00	    708.13	    747.20	      3.57	      2.84	     62.45	     49.75	-2.01	 3.622e-05	      5.55	0	Gaussian	305.244518	41.090137
943	1	  0.001493	  0.000733	     -1.00	    448.23	    465.09	      2.75	      2.46	     48.06	     43.07	23.81	 1.197e-04	      5.55	0	Gaussian	306.968447	42.375678
944	1	  0.001461	  0.000387	     -1.00	    165.61	    288.14	      4.87	      2.83	     85.28	     49.54	-18.37	 7.440e-05	      5.55	0	Gaussian	308.861802	43.129504
945	1	  0.001451	  0.000481	     -1.00	     87.21	    703.69	      4.02	      2.53	     70.34	     44.24	-14.75	 3.636e-05	      5.55	0	Gaussian	309.160852	41.136817
946	1	  0.001486	  0.000580	     -1.00	    487.63	    561.55	      3.58	      2.50	     62.73	     43.77	-19.21	 7.741e-05	      5.55	0	Gaussian	306.685972	41.928036
947	1	  0.001475	  0.000659	     -1.00	    769.26	    575.39	      2.85	      2.62	     49.91	     45.80	-18.78	 1.231e-04	      5.55	0	Gaussian	304.889426	41.912678
948	1	  0.001445	  0.000661	     -1.00	    761.35	    238.55	      2.96	      2.35	     51.73	     41.07	-38.08	 3.829e-05	      5.56	0	Gaussian	305.000300	43.508138
949	1	  0.001464	  0.000486	     -1.00	    469.72	    685.00	      4.01	      2.70	     70.24	     47.30	-20.92	 6.353e-05	      5.56	0	Gaussian	306.761418	41.339157
950	1	  0.001468	  0.000691	     -1.00	    640.49	    149.07	      2.81	      2.56	     49.17	     44.79	-8.32	 4.873e-05	      5.56	0	Gaussian	305.811742	43.913504
951	1	  0.001456	  0.000603	     -1.00	    162.21	     76.84	      2.95	      2.75	     51.68	     48.19	65.36	 4.209e-05	      5.56	0	Gaussian	308.987080	44.127228
952	1	  0.001453	  0.000668	     -1.00	     52.81	     46.55	      2.92	      2.35	     51.14	     41.05	-24.50	 3.418e-05	      5.56	0	Gaussian	309.723397	44.228662
953	1	  0.001469	  0.000553	     -1.00	    256.86	    602.75	      3.49	      2.77	     61.10	     48.46	-8.79	 3.882e-05	      5.56	0	Gaussian	308.136877	41.671083
954	1	  0.001472	  0.000671	     -1.00	    441.61	    357.89	      2.87	      2.47	     50.21	     43.16	-0.69	 5.134e-05	      5.56	0	Gaussian	307.046989	42.881897
955	1	  0.001443	  0.000645	     -1.00	     19.29	    619.78	      2.96	      2.48	     51.73	     43.41	-46.99	 5.587e-05	      5.56	0	Gaussian	309.630367	41.507688
956	1	  0.001443	  0.000701	     -1.00	    146.51	    382.75	      2.83	      2.48	     49.56	     43.49	-25.82	 4.508e-05	      5.57	0	Gaussian	308.939641	42.675361
957	1	  0.001540	  0.000653	     -1.00	    663.78	     36.45	      2.78	      2.55	     48.63	     44.68	-69.33	 4.057e-04	      5.57	0	Gaussian	305.685490	44.450858
958	1	  0.001493	  0.000404	     -1.00	    319.69	    438.19	      6.43	      2.20	    112.63	     38.56	-29.31	 1.626e-04	      5.57	0	Gaussian	307.802790	42.468770
959	1	  0.001454	  0.000648	     -1.00	     18.76	    532.33	      2.96	      2.30	     51.74	     40.32	-15.50	 6.418e-05	      5.58	0	Gaussian	309.679860	41.920587
960	1	  0.001497	  0.000498	     -1.00	    428.89	    665.41	      4.08	      2.51	     71.33	     44.02	-8.28	 1.683e-04	      5.58	0	Gaussian	307.025414	41.422150
961	1	  0.001466	  0.000544	     -1.00	    670.72	    266.91	      3.40	      2.81	     59.43	     49.14	-13.78	 6.252e-05	      5.58	0	Gaussian	305.585685	43.360326
962	1	  0.001470	  0.000490	     -1.00	    298.09	    257.88	      3.49	      3.07	     61.16	     53.78	-15.63	 1.147e-04	      5.59	0	Gaussian	308.015344	43.315941
963	1	  0.001463	  0.000596	     -1.00	    226.65	    543.91	      2.98	      2.59	     52.09	     45.29	0.69	 5.196e-05	      5.59	0	Gaussian	308.353492	41.939988
964	1	  0.001448	  0.000647	     -1.00	    140.69	    412.14	      2.89	      2.55	     50.53	     44.67	-25.44	 4.197e-05	      5.59	0	Gaussian	308.962851	42.534325
965	1	  0.001461	  0.000632	     -1.00	    388.23	    105.86	      2.89	      2.61	     50.64	     45.62	-56.96	 3.598e-05	      5.59	0	Gaussian	307.485775	44.061418
966	1	  0.001445	  0.000594	     -1.00	    764.64	    587.85	      3.05	      2.36	     53.45	     41.32	-8.20	 4.658e-05	      5.59	0	Gaussian	304.916653	41.853049
967	1	  0.001439	  0.000533	     -1.00	    759.16	    618.57	      3.65	      2.67	     63.95	     46.70	-5.37	 7.326e-05	      5.60	0	Gaussian	304.946095	41.706726
968	1	  0.001482	  0.000538	     -1.00	    527.70	    550.52	      3.65	      2.52	     63.88	     44.08	-14.30	 7.560e-05	      5.60	0	Gaussian	306.434003	41.989159
969	1	  0.001450	  0.000441	     -1.00	    115.91	    425.06	      3.78	      3.11	     66.17	     54.40	-2.18	 3.822e-05	      5.60	0	Gaussian	309.115414	42.464313
970	1	  0.001468	  0.000575	     -1.00	    322.58	    731.71	      3.03	      2.45	     53.11	     42.93	-67.24	 7.141e-05	      5.60	0	Gaussian	307.671501	41.080190
971	1	  0.001485	  0.000645	     -1.00	    261.90	    517.44	      3.07	      2.51	     53.82	     43.98	-9.73	 1.433e-04	      5.61	0	Gaussian	308.140305	42.076356
972	1	  0.001447	  0.000572	     -1.00	    280.86	    782.52	      3.37	      2.78	     58.90	     48.67	1.03	 4.823e-05	      5.61	0	Gaussian	307.913339	40.827804
973	1	  0.001451	  0.000521	     -1.00	    174.17	    166.92	      3.48	      2.82	     60.90	     49.29	-7.78	 2.949e-05	      5.61	0	Gaussian	308.864463	43.705699
974	1	  0.001462	  0.000659	     -1.00	     64.32	    278.02	      2.76	      2.65	     48.35	     46.42	14.26	 6.116e-05	      5.61	0	Gaussian	309.522761	43.140007
975	1	  0.001522	  0.000740	     -1.00	    533.59	    226.44	      2.71	      2.18	     47.49	     38.12	-15.65	 3.111e-04	      5.61	0	Gaussian	306.491176	43.525964
976	1	  0.001437	  0.000622	     -1.00	    569.53	    571.55	      2.97	      2.36	     52.05	     41.39	-33.37	 4.050e-05	      5.61	0	Gaussian	306.161689	41.898137
977	1	  0.001465	  0.000580	     -1.00	    387.55	    205.81	      2.99	      2.50	     52.39	     43.81	4.31	 7.454e-05	      5.61	0	Gaussian	307.452565	43.588080
978	1	  0.001507	  0.000747	     -1.00	    203.67	    712.99	      2.79	      2.22	     48.89	     38.94	1.44	 1.507e-04	      5.62	0	Gaussian	308.425680	41.132803
979	1	  0.001455	  0.000589	     -1.00	    618.75	    745.81	      2.97	      2.55	     52.04	     44.63	-21.96	 7.131e-05	      5.62	0	Gaussian	305.806485	41.081916
980	1	  0.001479	  0.000446	     -1.00	    408.38	     81.83	      3.84	      2.75	     67.24	     48.06	-12.98	 5.018e-05	      5.62	0	Gaussian	307.361928	44.180557
981	1	  0.001469	  0.000713	     -1.00	    165.39	    677.42	      2.77	      2.28	     48.47	     39.86	-5.55	 6.717e-05	      5.62	0	Gaussian	308.682021	41.288368
982	1	  0.001462	  0.000633	     -1.00	    387.72	    653.17	      2.90	      2.42	     50.69	     42.31	-16.74	 4.640e-05	      5.62	0	Gaussian	307.289660	41.469640
983	1	  0.001506	  0.000727	     -1.00	    104.29	    609.54	      2.71	      2.27	     47.42	     39.76	-33.23	 2.331e-04	      5.63	0	Gaussian	309.099065	41.587933
984	1	  0.001486	  0.000613	     -1.00	    151.61	    770.99	      2.82	      2.68	     49.37	     46.88	1.87	 1.259e-04	      5.63	0	Gaussian	308.726108	40.841376
985	1	  0.001461	  0.000593	     -1.00	    312.69	     16.84	      2.93	      2.59	     51.26	     45.37	-32.00	 2.944e-05	      5.63	0	Gaussian	308.020702	44.460730
986	1	  0.001443	  0.000462	     -1.00	    333.17	    583.36	      3.64	      3.00	     63.72	     52.54	3.07	 2.627e-05	      5.63	0	Gaussian	307.660620	41.785332
987	1	  0.001467	  0.000681	     -1.00	    166.59	    278.23	      2.78	      2.43	     48.61	     42.55	-7.64	 7.710e-05	      5.63	0	Gaussian	308.860215	43.176710
988	1	  0.001521	  0.000698	     -1.00	    549.67	    534.21	      2.73	      2.30	     47.80	     40.26	-24.11	 1.875e-04	      5.63	0	Gaussian	306.298484	42.071038
989	1	  0.001491	  0.000647	     -1.00	    514.54	    551.25	      2.83	      2.37	     49.53	     41.44	-16.41	 5.538e-05	      5.63	0	Gaussian	306.517643	41.982841
990	1	  0.001452	  0.000532	     -1.00	     67.72	    457.87	      3.07	      2.68	     53.65	     46.91	2.59	 3.118e-05	      5.63	0	Gaussian	309.407084	42.291338
991	1	  0.001461	  0.000338	     -1.00	    147.34	    501.49	      5.24	      2.77	     91.79	     48.57	9.94	 6.774e-05	      5.63	0	Gaussian	308.877629	42.114103
992	1	  0.001499	  0.000679	     -1.00	    383.62	    441.53	      2.83	      2.13	     49.46	     37.27	-24.06	 1.456e-04	      5.63	0	Gaussian	307.391197	42.470804
993	1	  0.001462	  0.000491	     -1.00	    768.32	    168.72	      3.77	      2.58	     66.06	     45.09	-6.72	 4.267e-05	      5.64	0	Gaussian	304.967459	43.839914
994	1	  0.001484	  0.000495	     -1.00	    372.68	     18.73	      2.99	      2.94	     52.28	     51.44	-37.00	 5.438e-05	      5.64	0	Gaussian	307.622185	44.469351
995	1	  0.001474	  0.000335	     -1.00	    360.47	    521.68	      4.40	      2.99	     77.01	     52.26	-75.75	 1.294e-04	      5.64	0	Gaussian	307.509932	42.084946
996	1	  0.001485	  0.000420	     -1.00	    727.39	     38.47	      4.01	      2.55	     70.17	     44.72	-19.89	 9.147e-05	      5.64	0	Gaussian	305.263003	44.451263
997	1	  0.001490	  0.000615	     -1.00	     29.85	    281.89	      2.85	      2.51	     49.87	     43.87	35.00	 1.193e-04	      5.65	0	Gaussian	309.743710	43.108112
998	1	  0.001452	  0.000461	     -1.00	    189.56	    341.78	      3.62	      3.13	     63.27	     54.77	-5.42	 3.841e-05	      5.65	0	Gaussian	308.681640	42.884072
999	1	  0.001450	  0.000412	     -1.00	    729.19	    334.88	      4.06	      3.01	     70.99	     52.73	2.21	 4.199e-05	      5.65	0	Gaussian	305.191184	43.047180
1000	1	  0.001462	  0.000598	     -1.00	     22.34	    394.79	      2.90	      2.54	     50.84	     44.41	-44.77	 5.217e-05	      5.65	0	Gaussian	309.730727	42.571784
1001	1	  0.001464	  0.000452	     -1.00	    385.62	    423.48	      3.97	      2.92	     69.55	     51.14	-5.28	 3.836e-05	      5.65	0	Gaussian	307.384871	42.556811
1002	1	  0.001475	  0.000534	     -1.00	    485.69	    745.40	      3.54	      2.75	     62.00	     48.07	-4.53	 7.108e-05	      5.66	0	Gaussian	306.642510	41.056815
1003	1	  0.001443	  0.000495	     -1.00	    142.44	    615.84	      3.12	      2.79	     54.59	     48.83	-6.81	 3.132e-05	      5.66	0	Gaussian	308.855020	41.571643
1004	1	  0.001454	  0.000585	     -1.00	    234.89	    527.74	      3.18	      2.63	     55.65	     45.99	-10.12	 4.146e-05	      5.66	0	Gaussian	308.308024	42.019131
1005	1	  0.001500	  0.000625	     -1.00	    394.48	    459.43	      2.83	      2.38	     49.48	     41.73	-2.82	 8.063e-05	      5.66	0	Gaussian	307.315018	42.388902
1006	1	  0.001526	  0.000524	     -1.00	    648.70	    221.68	      3.33	      2.66	     58.21	     46.48	-2.33	 1.181e-04	      5.66	0	Gaussian	305.740114	43.570913
1007	1	  0.001507	  0.000401	     -1.00	    350.85	      8.39	      3.86	      2.78	     67.53	     48.69	-0.88	 7.488e-05	      5.66	0	Gaussian	307.771144	44.512012
1008	1	  0.001458	  0.000319	     -1.00	     64.53	    118.36	      4.51	      3.36	     78.87	     58.76	-33.85	 1.327e-04	      5.67	0	Gaussian	309.607032	43.894292
1009	1	  0.001620	  0.000598	     -1.00	    257.50	    642.83	      2.71	      2.47	     47.40	     43.17	-71.33	 4.346e-04	      5.67	0	Gaussian	308.116258	41.481589
1010	1	  0.001454	  0.000457	     -1.00	    517.93	    133.47	      3.79	      2.76	     66.38	     48.29	-16.97	 2.906e-05	      5.67	0	Gaussian	306.622327	43.962861
1011	1	  0.001452	  0.000494	     -1.00	    631.70	     36.47	      3.19	      2.92	     55.88	     51.08	-33.79	 2.326e-05	      5.68	0	Gaussian	305.898285	44.445179
1012	1	  0.001506	  0.000536	     -1.00	    493.67	    127.59	      2.89	      2.68	     50.61	     46.88	-34.23	 1.022e-04	      5.68	0	Gaussian	306.783814	43.985180
1013	1	  0.001474	  0.000590	     -1.00	    494.86	    213.37	      3.19	      2.52	     55.89	     44.08	-8.67	 5.704e-05	      5.68	0	Gaussian	306.748395	43.579238
1014	1	  0.001464	  0.000374	     -1.00	    239.10	    691.51	      4.06	      2.92	     71.09	     51.09	-9.04	 5.761e-05	      5.68	0	Gaussian	308.212106	41.245612
1015	1	  0.001450	  0.000507	     -1.00	    438.59	    435.64	      3.52	      2.83	     61.68	     49.57	-9.43	 2.645e-05	      5.68	0	Gaussian	307.040155	42.512857
1016	1	  0.001467	  0.000526	     -1.00	    255.12	     48.01	      3.17	      2.52	     55.52	     44.04	-17.13	 4.065e-05	      5.69	0	Gaussian	308.387999	44.295256
1017	1	  0.001442	  0.000419	     -1.00	    139.06	    739.72	      4.00	      2.80	     69.95	     48.96	-12.80	 3.240e-05	      5.69	0	Gaussian	308.818826	40.984878
1018	1	  0.001452	  0.000411	     -1.00	    157.90	    740.43	      4.06	      2.74	     71.04	     47.90	-18.95	 3.817e-05	      5.69	0	Gaussian	308.700562	40.987957
1019	1	  0.001455	  0.000451	     -1.00	    104.68	    706.51	      3.88	      2.92	     67.93	     51.05	-5.47	 3.546e-05	      5.69	0	Gaussian	309.049879	41.129761
1020	1	  0.001462	  0.000310	     -1.00	    337.41	    143.76	      5.72	      2.60	    100.16	     45.51	-1.05	 7.219e-05	      5.70	0	Gaussian	307.805166	43.867695
1021	1	  0.001439	  0.000447	     -1.00	    197.18	    397.55	      3.66	      2.91	     64.12	     51.00	-7.30	 1.949e-05	      5.70	0	Gaussian	308.606943	42.622803
1022	1	  0.001438	  0.000477	     -1.00	    121.98	    726.44	      3.62	      2.81	     63.29	     49.21	-9.76	 1.731e-05	      5.70	0	Gaussian	308.932022	41.041697
1023	1	  0.001488	  0.000297	     -1.00	    640.35	    179.09	      7.47	      2.38	    130.74	     41.62	-26.84	 6.834e-05	      5.70	0	Gaussian	305.805173	43.771236
1024	1	  0.001472	  0.000436	     -1.00	    697.28	    256.35	      3.91	      2.50	     68.47	     43.70	-5.48	 6.257e-05	      5.70	0	Gaussian	305.414873	43.414608
1025	1	  0.001465	  0.000428	     -1.00	    679.07	    141.33	      3.84	      2.89	     67.14	     50.65	-13.92	 4.817e-05	      5.70	0	Gaussian	305.559764	43.956698
1026	1	  0.001480	  0.000597	     -1.00	    446.69	    235.76	      2.89	      2.24	     50.60	     39.26	-2.94	 9.943e-05	      5.71	0	Gaussian	307.055583	43.461634
1027	1	  0.001480	  0.000404	     -1.00	    385.41	      5.55	      4.24	      2.65	     74.16	     46.42	-1.93	 5.750e-05	      5.71	0	Gaussian	307.542852	44.535200
1028	1	  0.001447	  0.000458	     -1.00	    245.85	    392.39	      3.72	      2.78	     65.04	     48.67	-5.14	 4.105e-05	      5.71	0	Gaussian	308.296201	42.663147
1029	1	  0.001476	  0.000523	     -1.00	    572.69	    724.24	      3.49	      2.69	     61.09	     47.16	-4.51	 1.551e-04	      5.71	0	Gaussian	306.101502	41.175394
1030	1	  0.001480	  0.000484	     -1.00	    450.86	    508.45	      3.69	      2.57	     64.56	     45.07	-22.18	 1.809e-04	      5.72	0	Gaussian	306.937400	42.170944
1031	1	  0.001453	  0.000358	     -1.00	    317.88	    548.37	      4.81	      2.59	     84.22	     45.32	2.03	 3.252e-05	      5.72	0	Gaussian	307.771252	41.946619
1032	1	  0.001482	  0.000448	     -1.00	    495.82	    310.80	      3.46	      2.92	     60.64	     51.15	-26.44	 3.850e-05	      5.72	0	Gaussian	306.711258	43.117913
1033	1	  0.001497	  0.000250	     -1.00	    501.78	    398.46	      6.01	      3.39	    105.16	     59.38	-10.28	 1.018e-04	      5.72	0	Gaussian	306.645450	42.703933
1034	1	  0.001465	  0.000368	     -1.00	    768.39	    560.98	      3.97	      3.11	     69.40	     54.48	-25.72	 9.909e-05	      5.72	0	Gaussian	304.897441	41.980874
1035	1	  0.001468	  0.000463	     -1.00	    434.63	    329.98	      3.64	      2.69	     63.72	     47.02	-21.05	 3.843e-05	      5.72	0	Gaussian	307.101682	43.012362
1036	1	  0.001461	  0.000308	     -1.00	     82.27	     56.81	      4.31	      3.29	     75.50	     57.59	-12.83	 1.015e-04	      5.73	0	Gaussian	309.523768	44.191872
1037	1	  0.001461	  0.000425	     -1.00	    781.37	    407.31	      4.04	      2.33	     70.74	     40.82	-13.85	 4.559e-05	      5.73	0	Gaussian	304.840512	42.710834
1038	1	  0.001450	  0.000487	     -1.00	    149.81	    487.45	      3.54	      2.79	     61.98	     48.78	-8.63	 4.218e-05	      5.74	0	Gaussian	308.868515	42.181393
1039	1	  0.001457	  0.000547	     -1.00	    358.81	    164.25	      2.98	      2.26	     52.16	     39.59	-40.92	 4.348e-05	      5.74	0	Gaussian	307.656587	43.776856
1040	1	  0.001446	  0.000427	     -1.00	    195.85	    134.62	      3.58	      3.01	     62.60	     52.60	-10.87	 2.293e-05	      5.74	0	Gaussian	308.738001	43.865958
1041	1	  0.001470	  0.000472	     -1.00	     97.25	    774.95	      3.53	      2.68	     61.80	     46.86	0.35	 1.015e-04	      5.74	0	Gaussian	309.063709	40.803743
1042	1	  0.001445	  0.000541	     -1.00	    123.53	    498.53	      2.97	      2.48	     51.95	     43.41	-36.18	 3.343e-05	      5.74	0	Gaussian	309.030766	42.119692
1043	1	  0.001470	  0.000545	     -1.00	    380.67	    196.23	      2.94	      2.37	     51.38	     41.41	-31.40	 8.502e-05	      5.75	0	Gaussian	307.501142	43.631564
1044	1	  0.001502	  0.000622	     -1.00	     36.52	    369.30	      2.72	      2.40	     47.61	     42.00	-9.91	 1.470e-04	      5.75	0	Gaussian	309.653430	42.697850
1045	1	  0.001459	  0.000344	     -1.00	    743.47	    479.29	      3.94	      3.14	     68.91	     54.98	9.00	 6.367e-05	      5.75	0	Gaussian	305.071348	42.364717
1046	1	  0.001480	  0.000488	     -1.00	    545.43	    232.82	      2.99	      2.63	     52.40	     46.02	-85.76	 5.874e-05	      5.75	0	Gaussian	306.411965	43.498284
1047	1	  0.001497	  0.000520	     -1.00	    425.84	     63.78	      3.24	      2.59	     56.71	     45.38	-20.90	 7.730e-05	      5.75	0	Gaussian	307.253212	44.270541
1048	1	  0.001455	  0.000309	     -1.00	    138.52	    422.79	      4.96	      2.88	     86.75	     50.41	-23.32	 7.599e-05	      5.75	0	Gaussian	308.971600	42.483170
1049	1	  0.001446	  0.000363	     -1.00	    435.44	    683.75	      4.00	      2.91	     69.97	     51.01	-9.36	 2.711e-05	      5.75	0	Gaussian	306.978062	41.336912
1050	1	  0.001438	  0.000421	     -1.00	    589.14	    369.43	      3.89	      2.71	     68.08	     47.35	-7.01	 2.939e-05	      5.76	0	Gaussian	306.089809	42.859826
1051	1	  0.001468	  0.000414	     -1.00	    398.09	    303.86	      3.77	      2.91	     66.03	     50.88	-17.66	 6.742e-05	      5.76	0	Gaussian	307.347781	43.126659
1052	1	  0.001462	  0.000549	     -1.00	    680.80	    446.71	      2.94	      2.32	     51.42	     40.56	-7.16	 5.631e-05	      5.76	0	Gaussian	305.480290	42.509784
1053	1	  0.001463	  0.000344	     -1.00	    458.04	     91.62	      3.87	      3.37	     67.67	     58.95	10.32	 3.220e-05	      5.76	0	Gaussian	307.030707	44.146940
1054	1	  0.001492	  0.000343	     -1.00	    566.19	    328.59	      3.75	      3.19	     65.70	     55.78	-7.71	 1.246e-04	      5.77	0	Gaussian	306.249476	43.048801
1055	1	  0.001479	  0.000590	     -1.00	     96.62	    138.26	      2.81	      2.33	     49.22	     40.84	-8.71	 2.371e-04	      5.77	0	Gaussian	309.386287	43.812735
1056	1	  0.001504	  0.000417	     -1.00	    752.61	    144.67	      3.35	      2.92	     58.69	     51.13	-18.74	 7.769e-05	      5.77	0	Gaussian	305.075201	43.951786
1057	1	  0.001468	  0.000505	     -1.00	    298.63	     80.28	      2.95	      2.62	     51.59	     45.92	-21.60	 4.217e-05	      5.77	0	Gaussian	308.086611	44.156424
1058	1	  0.001455	  0.000536	     -1.00	    604.62	    136.57	      2.98	      2.20	     52.24	     38.50	-15.86	 4.825e-05	      5.77	0	Gaussian	306.050905	43.966120
1059	1	  0.001452	  0.000514	     -1.00	    130.52	    546.90	      2.98	      2.47	     52.24	     43.32	-18.85	 3.325e-05	      5.78	0	Gaussian	308.963067	41.893455
1060	1	  0.001459	  0.000417	     -1.00	    228.79	    443.35	      3.58	      2.91	     62.69	     50.92	-0.89	 4.539e-05	      5.78	0	Gaussian	308.383558	42.416531
1061	1	  0.001476	  0.000392	     -1.00	    333.39	     58.34	      3.76	      2.76	     65.76	     48.39	-3.80	 5.480e-05	      5.78	0	Gaussian	307.866382	44.270674
1062	1	  0.001481	  0.000561	     -1.00	    644.34	    489.59	      2.87	      2.35	     50.16	     41.09	-26.77	 2.375e-04	      5.78	0	Gaussian	305.704568	42.300479
1063	1	  0.001452	  0.000431	     -1.00	    601.53	     72.66	      3.04	      2.97	     53.25	     51.94	-36.39	 2.310e-05	      5.78	0	Gaussian	306.088571	44.268185
1064	1	  0.001472	  0.000497	     -1.00	     24.68	    523.45	      3.29	      2.76	     57.54	     48.32	-12.24	 8.967e-05	      5.78	0	Gaussian	309.646983	41.964877
1065	1	  0.001445	  0.000420	     -1.00	    654.23	    673.41	      3.50	      2.96	     61.34	     51.87	-2.72	 4.324e-05	      5.79	0	Gaussian	305.599576	41.431086
1066	1	  0.001448	  0.000440	     -1.00	    699.74	    555.53	      3.61	      2.72	     63.20	     47.62	-13.84	 8.510e-05	      5.79	0	Gaussian	305.335994	41.997024
1067	1	  0.001482	  0.000355	     -1.00	    400.57	    451.32	      4.28	      2.77	     74.86	     48.52	-5.77	 8.475e-05	      5.79	0	Gaussian	307.278842	42.428915
1068	1	  0.001472	  0.000418	     -1.00	    739.36	    213.35	      3.79	      2.51	     66.31	     43.89	-14.29	 4.335e-05	      5.79	0	Gaussian	305.148820	43.624545
1069	1	  0.001473	  0.000553	     -1.00	    522.49	    444.26	      2.88	      2.27	     50.42	     39.78	-15.63	 6.477e-05	      5.80	0	Gaussian	306.498353	42.491510
1070	1	  0.001445	  0.000396	     -1.00	    710.81	    384.17	      3.25	      2.64	     56.94	     46.28	-46.85	 2.846e-05	      5.80	0	Gaussian	305.300150	42.810872
1071	1	  0.001448	  0.000342	     -1.00	     66.24	    477.33	      3.95	      3.13	     69.09	     54.73	-4.24	 2.780e-05	      5.80	0	Gaussian	309.406527	42.198798
1072	1	  0.001441	  0.000412	     -1.00	    237.17	    329.71	      3.86	      2.67	     67.50	     46.67	-8.04	 2.192e-05	      5.80	0	Gaussian	308.379570	42.956957
1073	1	  0.001440	  0.000449	     -1.00	    613.45	    729.08	      3.10	      2.67	     54.25	     46.80	-17.85	 3.824e-05	      5.80	0	Gaussian	305.843808	41.160216
1074	1	  0.001466	  0.000469	     -1.00	     81.38	    298.87	      3.02	      2.60	     52.83	     45.46	-78.39	 7.525e-05	      5.81	0	Gaussian	309.401485	43.048025
1075	1	  0.001469	  0.000518	     -1.00	    378.27	    532.46	      2.93	      2.39	     51.28	     41.75	-24.55	 6.836e-05	      5.81	0	Gaussian	307.392473	42.038748
1076	1	  0.001466	  0.000424	     -1.00	    180.07	     59.19	      3.60	      2.74	     62.94	     48.04	-9.50	 6.091e-05	      5.81	0	Gaussian	308.878105	44.216971
1077	1	  0.001470	  0.000439	     -1.00	    778.49	    667.25	      3.61	      2.87	     63.13	     50.19	9.21	 9.410e-05	      5.81	0	Gaussian	304.815431	41.478565
1078	1	  0.001467	  0.000378	     -1.00	    436.67	    198.35	      3.76	      2.89	     65.90	     50.53	-3.22	 3.934e-05	      5.81	0	Gaussian	307.134014	43.636285
1079	1	  0.001465	  0.000462	     -1.00	    790.52	    792.44	      3.53	      2.75	     61.82	     48.08	-7.57	 7.515e-05	      5.82	0	Gaussian	304.719678	40.887083
1080	1	  0.001447	  0.000480	     -1.00	    225.53	    287.98	      2.99	      2.65	     52.37	     46.38	-46.21	 3.272e-05	      5.82	0	Gaussian	308.473548	43.150598
1081	1	  0.001481	  0.000487	     -1.00	    400.43	     92.62	      2.93	      2.58	     51.27	     45.12	-16.02	 6.869e-05	      5.82	0	Gaussian	307.410338	44.127369
1082	1	  0.001483	  0.000445	     -1.00	    416.00	     54.10	      3.37	      2.75	     58.96	     48.17	-7.75	 6.763e-05	      5.82	0	Gaussian	307.321855	44.313800
1083	1	  0.001460	  0.000451	     -1.00	    747.52	    197.29	      3.07	      2.45	     53.71	     42.97	-27.58	 3.889e-05	      5.83	0	Gaussian	305.098559	43.701770
1084	1	  0.001486	  0.000549	     -1.00	    782.41	      8.31	      2.85	      2.20	     49.90	     38.46	-20.43	 1.167e-04	      5.83	0	Gaussian	304.903442	44.601372
1085	1	  0.001570	  0.000491	     -1.00	    553.52	    380.03	      3.45	      2.15	     60.38	     37.63	-4.20	 6.087e-04	      5.84	0	Gaussian	306.316997	42.802441
1086	1	  0.001452	  0.000432	     -1.00	    672.62	    351.14	      3.14	      2.41	     54.88	     42.19	-62.18	 4.782e-05	      5.84	0	Gaussian	305.554223	42.961434
1087	1	  0.001493	  0.000446	     -1.00	    224.20	    260.80	      3.33	      2.68	     58.28	     46.88	-9.38	 1.350e-04	      5.84	0	Gaussian	308.494415	43.278773
1088	1	  0.001478	  0.000478	     -1.00	    197.84	    175.52	      3.30	      2.59	     57.81	     45.33	-8.60	 9.956e-05	      5.84	0	Gaussian	308.705575	43.673274
1089	1	  0.001456	  0.000383	     -1.00	    171.32	    696.70	      3.87	      2.63	     67.68	     46.00	-7.71	 3.628e-05	      5.85	0	Gaussian	308.636015	41.199190
1090	1	  0.001503	  0.000518	     -1.00	    342.06	    113.20	      3.11	      2.47	     54.41	     43.18	-1.41	 2.472e-04	      5.85	0	Gaussian	307.786874	44.013683
1091	1	  0.001476	  0.000346	     -1.00	    515.00	    276.38	      3.84	      3.01	     67.21	     52.77	24.19	 4.432e-05	      5.85	0	Gaussian	306.597276	43.285278
1092	1	  0.001457	  0.000526	     -1.00	    135.38	    498.48	      2.87	      2.42	     50.16	     42.39	-17.12	 3.681e-05	      5.85	0	Gaussian	308.955302	42.124162
1093	1	  0.001455	  0.000440	     -1.00	    365.94	    265.53	      3.52	      2.68	     61.63	     46.98	-9.13	 4.037e-05	      5.85	0	Gaussian	307.570946	43.299451
1094	1	  0.001472	  0.000484	     -1.00	     15.46	    564.77	      2.99	      2.26	     52.32	     39.49	-48.17	 6.223e-05	      5.85	0	Gaussian	309.683533	41.766053
1095	1	  0.001473	  0.000353	     -1.00	    592.08	    702.32	      4.06	      2.72	     70.99	     47.63	-0.64	 1.955e-04	      5.85	0	Gaussian	305.984973	41.282988
1096	1	  0.001476	  0.000472	     -1.00	    507.48	    308.51	      2.99	      2.31	     52.30	     40.51	-49.27	 4.271e-05	      5.85	0	Gaussian	306.636282	43.131401
1097	1	  0.001432	  0.000469	     -1.00	    780.43	    721.67	      3.10	      2.22	     54.18	     38.79	-63.38	 6.891e-05	      5.86	0	Gaussian	304.794303	41.221015
1098	1	  0.001445	  0.000434	     -1.00	     51.50	    418.77	      3.07	      2.64	     53.77	     46.14	-57.87	 2.605e-05	      5.86	0	Gaussian	309.531137	42.469931
1099	1	  0.001460	  0.000399	     -1.00	    475.31	    438.42	      3.77	      2.54	     65.93	     44.46	-7.25	 3.386e-05	      5.87	0	Gaussian	306.803296	42.508524
1100	1	  0.001471	  0.000382	     -1.00	    690.14	    445.90	      3.89	      2.49	     68.00	     43.63	-24.20	 9.709e-05	      5.87	0	Gaussian	305.420447	42.515097
1101	1	  0.001510	  0.000525	     -1.00	    758.52	    329.74	      2.81	      2.29	     49.22	     40.10	-47.11	 2.808e-04	      5.87	0	Gaussian	305.001941	43.075577
1102	1	  0.001440	  0.000411	     -1.00	    252.62	    336.94	      3.15	      2.64	     55.14	     46.22	-28.38	 2.525e-05	      5.87	0	Gaussian	308.276581	42.927674
1103	1	  0.001492	  0.000421	     -1.00	    639.60	    192.60	      3.04	      2.43	     53.25	     42.58	-75.90	 6.073e-05	      5.88	0	Gaussian	305.806775	43.707133
1104	1	  0.001471	  0.000404	     -1.00	    461.60	    689.86	      3.57	      2.72	     62.45	     47.56	-13.25	 7.639e-05	      5.88	0	Gaussian	306.811109	41.314275
1105	1	  0.001503	  0.000448	     -1.00	    600.00	    272.79	      3.26	      2.67	     57.00	     46.65	-14.33	 1.420e-04	      5.88	0	Gaussian	306.044955	43.319857
1106	1	  0.001458	  0.000440	     -1.00	    658.18	    705.47	      3.61	      2.46	     63.16	     43.04	-12.18	 6.904e-05	      5.88	0	Gaussian	305.567528	41.279878
1107	1	  0.001463	  0.000462	     -1.00	    405.58	    620.86	      2.98	      2.45	     52.24	     42.86	-1.57	 9.445e-05	      5.88	0	Gaussian	307.187819	41.627270
1108	1	  0.001469	  0.000401	     -1.00	    665.13	    287.62	      3.66	      2.64	     64.11	     46.17	-10.93	 5.900e-05	      5.89	0	Gaussian	305.617332	43.261248
1109	1	  0.001455	  0.000496	     -1.00	     58.41	    661.40	      2.94	      2.25	     51.39	     39.33	-6.69	 4.753e-05	      5.89	0	Gaussian	309.362634	41.326036
1110	1	  0.001467	  0.000436	     -1.00	     63.70	    725.03	      3.58	      2.53	     62.58	     44.36	-6.04	 5.443e-05	      5.90	0	Gaussian	309.297724	41.027401
1111	1	  0.001455	  0.000399	     -1.00	    140.92	    238.33	      3.65	      2.70	     63.97	     47.34	-6.95	 3.355e-05	      5.90	0	Gaussian	309.046285	43.356250
1112	1	  0.001473	  0.000388	     -1.00	    681.96	    286.20	      3.70	      2.69	     64.72	     47.14	-7.90	 6.151e-05	      5.90	0	Gaussian	305.508116	43.270713
1113	1	  0.001454	  0.000367	     -1.00	     44.17	    338.22	      3.60	      2.92	     62.93	     51.12	-17.11	 2.765e-05	      5.91	0	Gaussian	309.620864	42.847672
1114	1	  0.001489	  0.000409	     -1.00	    343.66	    237.67	      3.41	      2.71	     59.62	     47.46	-10.27	 1.760e-04	      5.91	0	Gaussian	307.726795	43.425049
1115	1	  0.001554	  0.000512	     -1.00	    762.35	     56.87	      2.68	      2.45	     46.87	     42.89	-57.12	 3.546e-04	      5.92	0	Gaussian	305.027599	44.368926
1116	1	  0.001507	  0.000532	     -1.00	    492.95	    438.36	      2.88	      2.37	     50.46	     41.50	-5.90	 8.848e-05	      5.92	0	Gaussian	306.689963	42.512904
1117	1	  0.001485	  0.000430	     -1.00	    468.03	    503.67	      3.30	      2.67	     57.68	     46.74	-7.45	 7.507e-05	      5.92	0	Gaussian	306.829181	42.197680
1118	1	  0.001490	  0.000505	     -1.00	    315.53	    495.36	      2.87	      2.05	     50.18	     35.90	5.34	 7.688e-05	      5.92	0	Gaussian	307.806924	42.196912
1119	1	  0.001460	  0.000375	     -1.00	    376.78	    384.62	      3.66	      2.77	     64.13	     48.49	-16.11	 4.134e-05	      5.92	0	Gaussian	307.456031	42.738484
1120	1	  0.001456	  0.000367	     -1.00	    612.01	    337.87	      3.56	      2.96	     62.29	     51.73	-19.97	 3.589e-05	      5.93	0	Gaussian	305.949997	43.013749
1121	1	  0.001472	  0.000470	     -1.00	    247.07	    439.07	      2.82	      2.26	     49.43	     39.60	-14.67	 1.439e-04	      5.93	0	Gaussian	308.268261	42.442593
1122	1	  0.001474	  0.000326	     -1.00	    750.96	    484.22	      4.53	      2.54	     79.32	     44.50	-37.67	 7.977e-05	      5.94	0	Gaussian	305.022408	42.342362
1123	1	  0.001447	  0.000409	     -1.00	     48.44	    151.14	      2.98	      2.84	     52.08	     49.73	-4.93	 2.824e-05	      5.94	0	Gaussian	309.694430	43.733117
1124	1	  0.001451	  0.000458	     -1.00	    551.42	    761.56	      2.94	      2.43	     51.48	     42.57	-31.65	 4.988e-05	      5.94	0	Gaussian	306.225305	40.994424
1125	1	  0.001464	  0.000376	     -1.00	    737.20	    293.45	      3.65	      2.64	     63.96	     46.25	-12.18	 3.625e-05	      5.95	0	Gaussian	305.147270	43.244677
1126	1	  0.001494	  0.000362	     -1.00	    422.31	    379.61	      3.57	      2.68	     62.49	     46.93	-9.27	 1.140e-04	      5.95	0	Gaussian	307.164117	42.774182
1127	1	  0.001474	  0.000331	     -1.00	    626.40	    186.27	      3.89	      2.62	     68.10	     45.93	-18.41	 3.603e-05	      5.96	0	Gaussian	305.894861	43.734712
1128	1	  0.001449	  0.000442	     -1.00	    110.56	    324.15	      2.98	      2.40	     52.22	     42.08	-47.27	 4.170e-05	      5.96	0	Gaussian	309.200102	42.939453
1129	1	  0.001639	  0.000663	     -1.00	    725.83	    423.58	      3.36	      1.57	     58.88	     27.41	-4.44	 1.093e-03	      5.96	0	Gaussian	305.195356	42.626283
1130	1	  0.001474	  0.000424	     -1.00	    509.54	     38.80	      3.03	      2.15	     53.03	     37.63	-42.28	 4.123e-05	      5.97	0	Gaussian	306.707648	44.409147
1131	1	  0.001467	  0.000425	     -1.00	    594.94	    347.19	      3.35	      2.59	     58.66	     45.41	-8.46	 6.756e-05	      5.97	0	Gaussian	306.058192	42.966328
1132	1	  0.001461	  0.000410	     -1.00	     58.47	    702.85	      3.02	      2.54	     52.88	     44.40	-38.59	 3.528e-05	      5.97	0	Gaussian	309.341475	41.130201
1133	1	  0.001468	  0.000450	     -1.00	    601.50	     12.34	      2.98	      2.03	     52.12	     35.56	-44.58	 4.924e-05	      5.98	0	Gaussian	306.105188	44.553743
1134	1	  0.001457	  0.000451	     -1.00	    511.69	    606.24	      2.97	      2.15	     51.97	     37.61	-39.79	 6.429e-05	      5.98	0	Gaussian	306.519650	41.721671
1135	1	  0.001516	  0.000375	     -1.00	    469.28	    714.89	      4.22	      2.07	     73.89	     36.29	-35.81	 3.121e-04	      5.98	0	Gaussian	306.754945	41.197505
1136	1	  0.001500	  0.000512	     -1.00	     57.66	    580.12	      2.73	      2.22	     47.73	     38.94	-26.39	 2.620e-04	      5.99	0	Gaussian	309.408512	41.709767
1137	1	  0.001465	  0.000403	     -1.00	    491.64	    597.41	      3.07	      2.17	     53.66	     37.93	-45.01	 4.792e-05	      5.99	0	Gaussian	306.649565	41.759047
1138	1	  0.001462	  0.000355	     -1.00	    311.55	    244.53	      3.13	      2.52	     54.86	     44.16	-73.03	 3.878e-05	      6.00	0	Gaussian	307.933236	43.383183
1139	1	  0.001533	  0.000528	     -1.00	    590.18	    241.48	      2.81	      2.24	     49.18	     39.14	-11.58	 1.527e-04	      6.01	0	Gaussian	306.117365	43.466326
1140	1	  0.001478	  0.000477	     -1.00	    466.44	    494.47	      2.83	      2.20	     49.45	     38.49	-41.48	 7.426e-05	      6.01	0	Gaussian	306.842282	42.240886
1141	1	  0.001485	  0.000483	     -1.00	    226.85	    612.42	      2.84	      2.01	     49.71	     35.14	-25.22	 8.723e-05	      6.01	0	Gaussian	308.322808	41.615897
1142	1	  0.001449	  0.000360	     -1.00	    163.45	     14.16	      3.13	      2.58	     54.74	     45.13	23.16	 3.094e-05	      6.02	0	Gaussian	309.010131	44.423809
1143	1	  0.001484	  0.000398	     -1.00	    427.85	    364.12	      3.32	      2.79	     58.14	     48.75	-16.20	 1.063e-04	      6.02	0	Gaussian	307.133741	42.848927
1144	1	  0.001533	  0.000512	     -1.00	    625.55	    604.37	      2.72	      1.97	     47.52	     34.49	-16.46	 2.559e-04	      6.02	0	Gaussian	305.797241	41.753214
1145	1	  0.001469	  0.000447	     -1.00	    157.52	    279.34	      2.88	      2.28	     50.42	     39.88	-16.09	 9.757e-05	      6.03	0	Gaussian	308.918454	43.168298
1146	1	  0.001458	  0.000388	     -1.00	    668.56	    250.49	      3.08	      2.19	     53.99	     38.28	-25.99	 3.444e-05	      6.03	0	Gaussian	305.603565	43.437783
1147	1	  0.001518	  0.000486	     -1.00	    392.71	    770.38	      2.78	      2.00	     48.69	     34.92	-30.36	 2.725e-04	      6.03	0	Gaussian	307.217775	40.916128
1148	1	  0.001452	  0.000357	     -1.00	    277.51	    743.39	      3.04	      2.86	     53.17	     50.06	-9.61	 4.276e-05	      6.03	0	Gaussian	307.949775	41.011890
1149	1	  0.001492	  0.000433	     -1.00	    269.44	    145.44	      2.90	      2.10	     50.68	     36.74	-48.42	 1.276e-04	      6.05	0	Gaussian	308.250425	43.839110
1150	1	  0.001472	  0.000417	     -1.00	    657.52	    272.50	      2.97	      1.93	     51.98	     33.70	-38.35	 5.818e-05	      6.08	0	Gaussian	305.670396	43.331599
1151	1	  0.001477	  0.000302	     -1.00	    490.57	    411.59	      3.67	      2.68	     64.24	     46.91	-14.82	 4.825e-05	      6.08	0	Gaussian	306.713600	42.639180
1152	1	  0.001471	  0.000311	     -1.00	    632.54	     57.98	      3.11	      2.78	     54.47	     48.69	-10.19	 5.687e-05	      6.09	0	Gaussian	305.887178	44.343491
1153	1	  0.001490	  0.000419	     -1.00	    618.73	    217.30	      3.14	      2.41	     54.91	     42.24	-8.58	 1.685e-04	      6.09	0	Gaussian	305.937178	43.586331
1154	1	  0.001485	  0.000403	     -1.00	    494.72	    741.50	      3.09	      2.62	     54.03	     45.91	-20.59	 7.814e-05	      6.10	0	Gaussian	306.586957	41.077301
1155	1	  0.001487	  0.000413	     -1.00	    218.45	    482.22	      2.87	      2.20	     50.16	     38.56	-9.77	 1.952e-04	      6.10	0	Gaussian	308.432683	42.229235
1156	1	  0.001491	  0.000387	     -1.00	    701.05	    183.64	      3.37	      2.38	     59.05	     41.71	-18.35	 1.487e-04	      6.12	0	Gaussian	305.405978	43.759735
1157	1	  0.001478	  0.000378	     -1.00	    671.50	    468.50	      2.96	      2.13	     51.79	     37.32	-32.78	 1.740e-04	      6.15	0	Gaussian	305.535198	42.405004
1158	1	  0.001480	  0.000284	     -1.00	    567.34	    254.42	      3.82	      2.58	     66.90	     45.24	-12.90	 4.122e-05	      6.15	0	Gaussian	306.262800	43.400499
1159	1	  0.001478	  0.000406	     -1.00	    118.36	    340.29	      2.84	      2.28	     49.67	     39.88	-29.20	 1.336e-04	      6.16	0	Gaussian	309.141695	42.866022
1160	1	  0.001477	  0.000340	     -1.00	    503.52	    255.04	      3.06	      2.12	     53.52	     37.17	-9.52	 5.153e-05	      6.18	0	Gaussian	306.678668	43.383826
1161	1	  0.001504	  0.000334	     -1.00	    591.72	    188.97	      3.97	      2.31	     69.57	     40.43	-35.84	 1.370e-04	      6.19	0	Gaussian	306.121505	43.715434
1162	1	  0.001489	  0.000364	     -1.00	     79.72	    590.22	      2.94	      2.06	     51.38	     36.13	-40.47	 1.224e-04	      6.20	0	Gaussian	309.263847	41.670302
1163	1	  0.001506	  0.000301	     -1.00	    324.95	    498.46	      3.66	      2.46	     64.11	     43.03	0.03	 9.821e-05	      6.20	0	Gaussian	307.745521	42.184976
1164	1	  0.001537	  0.000404	     -1.00	    184.51	    260.86	      2.66	      2.27	     46.56	     39.65	-51.07	 3.625e-04	      6.24	0	Gaussian	308.752220	43.265100
1165	1	  0.001508	  0.000409	     -1.00	    496.22	    334.12	      2.63	      2.08	     46.12	     36.40	-9.66	 1.112e-04	      6.27	0	Gaussian	306.701302	43.007529
1166	1	  0.001548	  0.000389	     -1.00	    770.05	    334.25	      3.37	      1.94	     58.91	     34.00	-19.91	 7.323e-04	      6.28	0	Gaussian	304.926393	43.055712
1167	1	  0.001538	  0.000386	     -1.00	    591.88	    234.36	      2.89	      2.30	     50.52	     40.33	9.48	 2.682e-04	      6.28	0	Gaussian	306.108168	43.500399
1168	1	  0.001500	  0.000434	     -1.00	    317.18	    487.95	      2.94	      1.63	     51.42	     28.49	14.04	 8.832e-05	      6.29	0	Gaussian	307.799299	42.232496
1169	1	  0.001486	  0.000348	     -1.00	     19.60	    500.70	      2.94	      1.83	     51.46	     32.12	-42.56	 1.174e-04	      6.29	0	Gaussian	309.691376	42.070367
1170	1	  0.001527	  0.000407	     -1.00	     72.69	    590.35	      2.70	      1.83	     47.18	     32.09	-4.64	 1.917e-04	      6.32	0	Gaussian	309.308302	41.667099
1171	1	  0.001507	  0.000398	     -1.00	    743.85	    138.71	      3.01	      2.16	     52.71	     37.79	-10.97	 7.797e-05	      6.32	0	Gaussian	305.133992	43.978844
1172	1	  0.001489	  0.000329	     -1.00	    344.53	    355.73	      2.92	      2.03	     51.11	     35.56	-24.92	 1.775e-04	      6.32	0	Gaussian	307.675053	42.866352
1173	1	  0.001536	  0.000499	     -1.00	    362.97	      6.88	      2.22	      1.77	     38.84	     31.03	-14.34	 9.718e-05	      6.34	0	Gaussian	307.691322	44.522620
1174	1	  0.001566	  0.000460	     -1.00	    331.13	    506.05	      2.09	      1.80	     36.63	     31.43	-10.93	 4.772e-04	      6.47	0	Gaussian	307.703132	42.150777
1175	1	  0.001483	  0.000278	     -1.00	    215.46	     26.05	      3.00	      2.21	     52.57	     38.66	-11.10	 1.174e-04	      6.51	0	Gaussian	308.660329	44.385862
1176	1	  0.001529	  0.000259	     -1.00	    454.17	    731.29	      3.16	      2.31	     55.31	     40.46	-4.39	 3.119e-04	      6.60	0	Gaussian	306.844931	41.116325
1177	1	  0.001529	  0.000390	     -1.00	    292.70	    646.84	      3.02	      1.86	     52.92	     32.52	-67.82	 2.087e-04	      6.73	0	Gaussian	307.892346	41.473228
1178	1	  0.001502	  0.000185	     -1.00	    543.65	    298.15	      2.55	      2.23	     44.57	     39.04	-73.85	 1.545e-04	      6.90	0	Gaussian	306.404473	43.188353
1179	1	  0.001524	  0.000308	     -1.00	    289.81	    375.02	      1.58	      1.33	     27.60	     23.34	-31.29	 2.736e-04	      8.19	0	Gaussian	308.020463	42.758978
1180	1	  0.001503	  0.000322	     -1.00	    413.91	    300.18	      2.18	      1.29	     38.17	     22.59	-15.11	 2.158e-04	      9.02	0	Gaussian	307.246425	43.148230
1181	1	  0.001696	  0.000297	     -1.00	    470.34	    290.71	      5.55	      4.91	     97.06	     85.87	9.91	 1.882e-03	    999.00	0	Gaussian	306.883147	43.207142
