# 1126 stars found using the following parameters:
# sigma=1.00 roundness=0.10 radius=5 relax=1 profile=0 minbeta=1.5 max_stars=0 layer=1 minA=0.00 maxA=0.00 maxR=1.00
# star#	layer	B	A	beta	X	Y	FWHMx [px]	FWHMy [px]	FWHMx ["]	FWHMy ["]	angle	RMSE	mag	Sat	Profile	RA	Dec
1	1	  0.004363	  0.941975	     -1.00	    516.58	    429.04	      3.90	      3.79	     68.31	     66.41	-1.81	 9.668e-03	     -3.00	1	Gaussian	310.356952	45.279080
2	1	  0.002129	  0.535422	     -1.00	     55.30	    567.43	      2.42	      2.30	     42.32	     40.27	52.23	 2.689e-03	     -1.32	0	Gaussian	313.310230	44.386871
3	1	  0.001916	  0.441031	     -1.00	    258.72	    224.11	      2.44	      2.44	     42.69	     42.67	3.71	 1.049e-03	     -1.18	0	Gaussian	312.233298	46.113620
4	1	  0.001804	  0.380481	     -1.00	    166.01	    650.88	      2.49	      2.40	     43.62	     42.07	56.11	 6.886e-04	     -1.03	0	Gaussian	312.520404	44.059936
5	1	  0.001870	  0.239881	     -1.00	     74.12	    400.23	      2.45	      2.38	     42.91	     41.58	55.81	 1.277e-03	     -0.50	0	Gaussian	313.326409	45.181335
6	1	  0.001655	  0.120923	     -1.00	    351.96	    145.67	      2.52	      2.39	     44.13	     41.76	9.01	 4.385e-04	      0.21	0	Gaussian	311.659364	46.531134
7	1	  0.001683	  0.124520	     -1.00	    236.68	    104.50	      2.42	      2.38	     42.36	     41.64	37.57	 6.481e-04	      0.23	0	Gaussian	312.476643	46.660976
8	1	  0.001570	  0.099805	     -1.00	    599.40	    354.34	      2.38	      2.30	     41.63	     40.29	2.07	 4.675e-04	      0.52	0	Gaussian	309.844930	45.666174
9	1	  0.001661	  0.100157	     -1.00	    304.51	    343.34	      2.36	      2.30	     41.27	     40.27	0.89	 6.165e-04	      0.53	0	Gaussian	311.835444	45.579328
10	1	  0.001683	  0.096466	     -1.00	    617.58	    638.79	      2.43	      2.29	     42.49	     40.01	2.16	 6.393e-04	      0.54	0	Gaussian	309.564364	44.332170
11	1	  0.001545	  0.085080	     -1.00	     52.79	    172.78	      2.51	      2.43	     43.86	     42.46	57.20	 4.415e-04	      0.58	0	Gaussian	313.665559	46.231012
12	1	  0.001739	  0.084209	     -1.00	    394.96	    188.12	      2.45	      2.42	     42.80	     42.40	32.34	 8.144e-04	      0.62	0	Gaussian	311.336138	46.354108
13	1	  0.001509	  0.059974	     -1.00	     38.41	    145.37	      2.42	      2.37	     42.36	     41.56	32.56	 3.924e-04	      1.02	0	Gaussian	313.786913	46.349685
14	1	  0.001492	  0.054101	     -1.00	    452.87	    201.96	      2.50	      2.40	     43.73	     42.09	-1.13	 1.263e-04	      1.08	0	Gaussian	310.932671	46.317529
15	1	  0.001506	  0.049747	     -1.00	     30.82	    564.41	      2.46	      2.38	     42.98	     41.65	49.93	 1.817e-04	      1.20	0	Gaussian	313.472822	44.386046
16	1	  0.001528	  0.051540	     -1.00	    732.44	    631.71	      2.38	      2.33	     41.60	     40.70	1.91	 3.236e-04	      1.23	0	Gaussian	308.809033	44.408215
17	1	  0.001622	  0.047475	     -1.00	     42.90	    411.40	      2.44	      2.39	     42.74	     41.79	53.55	 2.887e-04	      1.26	0	Gaussian	313.523594	45.109795
18	1	  0.001555	  0.040074	     -1.00	    164.63	     79.73	      2.49	      2.40	     43.55	     42.05	26.42	 2.289e-04	      1.42	0	Gaussian	312.987950	46.734549
19	1	  0.001663	  0.035852	     -1.00	    493.93	    311.59	      2.52	      2.49	     44.03	     43.55	-87.27	 5.097e-04	      1.49	0	Gaussian	310.582668	45.821609
20	1	  0.001493	  0.037284	     -1.00	    261.26	    365.60	      2.45	      2.33	     42.93	     40.76	2.99	 1.961e-04	      1.54	0	Gaussian	312.108373	45.451729
21	1	  0.001573	  0.035831	     -1.00	     19.26	    402.62	      2.45	      2.41	     42.80	     42.18	34.79	 1.734e-04	      1.55	0	Gaussian	313.687523	45.136027
22	1	  0.001516	  0.030945	     -1.00	    356.40	     22.25	      2.46	      2.39	     43.11	     41.84	32.59	 1.944e-04	      1.72	0	Gaussian	311.719947	47.111204
23	1	  0.001484	  0.029546	     -1.00	    783.71	    485.15	      2.44	      2.37	     42.73	     41.55	10.61	 9.221e-05	      1.78	0	Gaussian	308.537727	45.118009
24	1	  0.001809	  0.029911	     -1.00	    784.11	    118.32	      2.48	      2.29	     43.45	     40.15	4.34	 1.415e-03	      1.79	0	Gaussian	308.712136	46.847127
25	1	  0.001504	  0.026775	     -1.00	    667.75	    101.06	      2.45	      2.44	     42.90	     42.67	-39.58	 1.223e-04	      1.85	0	Gaussian	309.523417	46.885146
26	1	  0.001571	  0.025967	     -1.00	     86.47	    705.67	      2.45	      2.41	     42.92	     42.25	10.20	 2.776e-04	      1.90	0	Gaussian	312.994544	43.757199
27	1	  0.001568	  0.018447	     -1.00	    613.72	    534.18	      3.25	      2.40	     56.95	     41.98	3.37	 5.712e-04	      1.97	0	Gaussian	309.647283	44.824295
28	1	  0.001465	  0.012222	     -1.00	    338.54	    512.80	      4.82	      2.39	     84.37	     41.87	15.60	 3.444e-04	      1.99	0	Gaussian	311.487551	44.800726
29	1	  0.001501	  0.016106	     -1.00	    441.47	    494.88	      3.62	      2.38	     63.29	     41.73	-21.06	 2.540e-04	      2.01	0	Gaussian	310.816512	44.935039
30	1	  0.001464	  0.022917	     -1.00	    680.29	    521.32	      2.41	      2.36	     42.20	     41.31	11.13	 9.390e-05	      2.08	0	Gaussian	309.210843	44.910660
31	1	  0.001504	  0.021407	     -1.00	    550.45	    540.04	      2.39	      2.38	     41.92	     41.70	14.30	 9.869e-05	      2.15	0	Gaussian	310.064520	44.770709
32	1	  0.001492	  0.021317	     -1.00	    734.42	     16.63	      2.43	      2.29	     42.56	     40.05	-1.32	 1.461e-04	      2.18	0	Gaussian	309.108400	47.307208
33	1	  0.001541	  0.019845	     -1.00	    481.73	    731.92	      2.43	      2.39	     42.59	     41.86	13.44	 3.878e-04	      2.21	0	Gaussian	310.403079	43.836159
34	1	  0.001511	  0.019008	     -1.00	     93.67	    341.82	      2.52	      2.40	     44.15	     41.97	41.23	 2.637e-04	      2.21	0	Gaussian	313.245698	45.466602
35	1	  0.001550	  0.019884	     -1.00	    739.70	    448.71	      2.45	      2.36	     42.88	     41.22	3.87	 1.388e-04	      2.22	0	Gaussian	308.850349	45.274880
36	1	  0.001583	  0.019562	     -1.00	    564.25	    371.40	      2.44	      2.35	     42.74	     41.06	16.31	 3.839e-04	      2.24	0	Gaussian	310.071764	45.571112
37	1	  0.001468	  0.017956	     -1.00	    509.81	    624.09	      2.51	      2.48	     43.94	     43.32	17.83	 5.586e-05	      2.24	0	Gaussian	310.283627	44.356985
38	1	  0.001541	  0.007353	     -1.00	     76.32	     72.39	      5.82	      2.48	    101.92	     43.48	33.60	 3.553e-04	      2.30	0	Gaussian	313.595252	46.714200
39	1	  0.001611	  0.018891	     -1.00	     76.57	    224.49	      2.38	      2.35	     41.61	     41.13	27.74	 3.400e-04	      2.30	0	Gaussian	313.460247	46.004605
40	1	  0.001462	  0.016317	     -1.00	    577.93	    747.02	      2.54	      2.54	     44.38	     44.37	7.70	 1.140e-04	      2.31	0	Gaussian	309.765481	43.805404
41	1	  0.001488	  0.017170	     -1.00	     71.15	    356.59	      2.48	      2.40	     43.43	     42.00	26.85	 9.072e-05	      2.34	0	Gaussian	313.383077	45.383706
42	1	  0.001477	  0.017097	     -1.00	    422.29	    433.11	      2.47	      2.42	     43.23	     42.28	11.76	 1.564e-04	      2.35	0	Gaussian	310.984725	45.216668
43	1	  0.001457	  0.015676	     -1.00	    584.54	    330.12	      2.47	      2.40	     43.25	     42.03	15.31	 8.111e-05	      2.44	0	Gaussian	309.959340	45.774039
44	1	  0.001519	  0.015177	     -1.00	    526.97	     25.94	      2.50	      2.45	     43.78	     42.80	40.78	 2.448e-04	      2.45	0	Gaussian	310.540610	47.177766
45	1	  0.001685	  0.016260	     -1.00	    438.01	    478.57	      2.41	      2.30	     42.27	     40.17	5.42	 6.065e-04	      2.48	0	Gaussian	310.850093	45.010184
46	1	  0.001466	  0.015471	     -1.00	    583.17	    281.42	      2.46	      2.33	     43.09	     40.73	8.22	 8.641e-05	      2.49	0	Gaussian	309.997335	46.002652
47	1	  0.001618	  0.016035	     -1.00	    267.57	    512.25	      2.38	      2.32	     41.61	     40.68	45.22	 4.487e-04	      2.50	0	Gaussian	311.957510	44.766588
48	1	  0.001454	  0.015161	     -1.00	    257.58	    281.23	      2.42	      2.39	     42.32	     41.92	-5.23	 8.542e-05	      2.51	0	Gaussian	312.197134	45.845317
49	1	  0.001481	  0.014416	     -1.00	    443.87	    420.74	      2.47	      2.36	     43.25	     41.39	15.27	 9.231e-05	      2.54	0	Gaussian	310.848653	45.285057
50	1	  0.001486	  0.014551	     -1.00	    247.75	    327.36	      2.43	      2.37	     42.53	     41.40	4.53	 9.886e-05	      2.56	0	Gaussian	312.227865	45.623680
51	1	  0.001492	  0.013619	     -1.00	    188.53	    653.27	      2.44	      2.43	     42.63	     42.58	-36.62	 9.015e-05	      2.60	0	Gaussian	312.371619	44.061192
52	1	  0.001500	  0.013213	     -1.00	    202.97	    794.58	      2.50	      2.43	     43.76	     42.56	31.23	 5.097e-05	      2.60	0	Gaussian	312.172677	43.404869
53	1	  0.001492	  0.013503	     -1.00	    542.84	    324.56	      2.52	      2.35	     44.04	     41.15	2.05	 1.091e-04	      2.60	0	Gaussian	310.244322	45.782390
54	1	  0.001509	  0.012291	     -1.00	    264.80	    322.40	      2.69	      2.43	     47.13	     42.53	-13.95	 1.356e-04	      2.61	0	Gaussian	312.117296	45.656285
55	1	  0.001501	  0.013848	     -1.00	    435.19	     20.45	      2.47	      2.33	     43.27	     40.70	4.21	 1.367e-04	      2.61	0	Gaussian	311.178188	47.159850
56	1	  0.001511	  0.013439	     -1.00	    328.91	    216.55	      2.48	      2.36	     43.42	     41.23	13.54	 1.091e-04	      2.63	0	Gaussian	311.764047	46.186878
57	1	  0.001469	  0.012138	     -1.00	    119.59	    207.00	      2.54	      2.47	     44.44	     43.17	18.25	 8.798e-05	      2.65	0	Gaussian	313.185827	46.112815
58	1	  0.001520	  0.012387	     -1.00	    629.03	    584.96	      2.46	      2.45	     43.02	     42.91	-37.49	 2.475e-04	      2.67	0	Gaussian	309.517801	44.590765
59	1	  0.001528	  0.012332	     -1.00	    333.95	    245.97	      2.46	      2.46	     43.06	     43.06	70.38	 2.266e-04	      2.68	0	Gaussian	311.708419	46.051588
60	1	  0.001467	  0.012293	     -1.00	    680.32	    702.63	      2.57	      2.37	     44.90	     41.52	-9.32	 7.132e-05	      2.68	0	Gaussian	309.117613	44.054503
61	1	  0.001460	  0.012350	     -1.00	     97.30	    562.68	      2.42	      2.41	     42.31	     42.23	21.11	 6.030e-05	      2.71	0	Gaussian	313.039154	44.434253
62	1	  0.001517	  0.011502	     -1.00	    258.55	    139.15	      2.54	      2.43	     44.49	     42.46	15.79	 7.960e-05	      2.73	0	Gaussian	312.300403	46.511224
63	1	  0.001539	  0.007416	     -1.00	    759.46	    278.43	      3.24	      2.96	     56.66	     51.77	-82.70	 3.849e-04	      2.74	0	Gaussian	308.801362	46.084782
64	1	  0.001524	  0.011419	     -1.00	    180.05	    713.75	      2.47	      2.47	     43.21	     43.21	-43.62	 1.349e-04	      2.75	0	Gaussian	312.381189	43.772368
65	1	  0.001461	  0.011415	     -1.00	    519.16	    193.85	      2.47	      2.44	     43.26	     42.71	-15.62	 8.366e-05	      2.76	0	Gaussian	310.486390	46.386408
66	1	  0.001445	  0.011582	     -1.00	    424.18	    551.04	      2.45	      2.42	     42.88	     42.43	-2.01	 3.629e-05	      2.77	0	Gaussian	310.894829	44.662520
67	1	  0.001443	  0.011075	     -1.00	    200.60	    381.01	      2.53	      2.45	     44.22	     42.92	58.05	 6.873e-05	      2.77	0	Gaussian	312.501423	45.345842
68	1	  0.001443	  0.010679	     -1.00	    333.13	    358.00	      2.50	      2.48	     43.69	     43.43	-8.71	 7.389e-05	      2.80	0	Gaussian	311.633003	45.525447
69	1	  0.001515	  0.010709	     -1.00	    340.20	    763.15	      2.53	      2.43	     44.31	     42.53	43.61	 2.729e-04	      2.82	0	Gaussian	311.305544	43.623233
70	1	  0.001518	  0.005546	     -1.00	    176.49	     37.06	      3.48	      3.39	     60.88	     59.26	74.59	 2.446e-04	      2.83	0	Gaussian	312.942810	46.940808
71	1	  0.001535	  0.010947	     -1.00	    285.58	    695.08	      2.42	      2.42	     42.33	     42.33	86.27	 1.331e-04	      2.85	0	Gaussian	311.707944	43.916318
72	1	  0.001463	  0.011323	     -1.00	    710.18	    520.48	      2.42	      2.32	     42.29	     40.58	0.93	 6.417e-05	      2.85	0	Gaussian	309.011931	44.925605
73	1	  0.001467	  0.010957	     -1.00	    235.00	    655.42	      2.42	      2.39	     42.39	     41.89	27.14	 5.940e-05	      2.85	0	Gaussian	312.066610	44.076324
74	1	  0.001493	  0.010958	     -1.00	    516.00	    273.65	      2.44	      2.36	     42.62	     41.23	0.32	 8.526e-05	      2.87	0	Gaussian	310.457442	46.009960
75	1	  0.001454	  0.010294	     -1.00	    379.78	    695.96	      2.48	      2.42	     43.33	     42.44	48.73	 3.468e-05	      2.88	0	Gaussian	311.092200	43.958889
76	1	  0.001502	  0.009953	     -1.00	     69.84	    661.97	      2.52	      2.45	     44.16	     42.96	9.42	 1.317e-04	      2.88	0	Gaussian	313.137707	43.952357
77	1	  0.001509	  0.010214	     -1.00	    378.72	    219.98	      2.45	      2.43	     42.91	     42.59	37.24	 7.692e-05	      2.89	0	Gaussian	311.423964	46.196508
78	1	  0.001448	  0.009989	     -1.00	     68.16	    773.14	      2.53	      2.44	     44.32	     42.70	39.22	 4.097e-05	      2.89	0	Gaussian	313.058900	43.429853
79	1	  0.001469	  0.010048	     -1.00	    390.89	    315.53	      2.48	      2.45	     43.40	     42.86	-28.47	 9.933e-05	      2.90	0	Gaussian	311.274882	45.754069
80	1	  0.001447	  0.010346	     -1.00	    736.98	    223.38	      2.52	      2.34	     44.14	     40.96	-0.08	 4.768e-05	      2.90	0	Gaussian	308.982470	46.336044
81	1	  0.001662	  0.010128	     -1.00	    150.10	    380.96	      2.46	      2.43	     42.99	     42.59	-67.37	 6.986e-04	      2.91	0	Gaussian	312.837734	45.317019
82	1	  0.001496	  0.010257	     -1.00	    566.05	     94.87	      2.43	      2.43	     42.53	     42.52	29.82	 1.518e-04	      2.91	0	Gaussian	310.227364	46.871949
83	1	  0.001498	  0.007154	     -1.00	    130.79	    387.60	      2.89	      2.89	     50.54	     50.52	-60.11	 3.093e-04	      2.91	0	Gaussian	312.960757	45.274547
84	1	  0.001410	  0.009683	     -1.00	    143.81	    438.12	      2.48	      2.48	     43.33	     43.32	-29.82	 4.335e-05	      2.92	0	Gaussian	312.833433	45.045487
85	1	  0.001478	  0.010008	     -1.00	    100.66	    295.47	      2.50	      2.39	     43.82	     41.91	15.74	 8.850e-05	      2.92	0	Gaussian	313.238092	45.687679
86	1	  0.001632	  0.009722	     -1.00	     88.49	    220.88	      2.51	      2.45	     43.99	     42.80	68.60	 3.258e-04	      2.93	0	Gaussian	313.383263	46.028869
87	1	  0.001463	  0.009510	     -1.00	    790.29	    547.07	      2.54	      2.40	     44.48	     41.95	-63.83	 7.004e-05	      2.94	0	Gaussian	308.464962	44.827756
88	1	  0.001431	  0.009262	     -1.00	     83.33	    501.13	      2.51	      2.44	     43.93	     42.68	59.89	 4.700e-05	      2.98	0	Gaussian	313.181335	44.714408
89	1	  0.001563	  0.009694	     -1.00	    495.97	    561.68	      2.45	      2.36	     42.93	     41.36	13.92	 2.507e-04	      2.99	0	Gaussian	310.412889	44.645116
90	1	  0.001502	  0.009481	     -1.00	    743.12	    520.70	      2.46	      2.37	     43.13	     41.52	-9.60	 1.384e-04	      2.99	0	Gaussian	308.792055	44.936298
91	1	  0.001483	  0.009008	     -1.00	    136.49	    135.91	      2.50	      2.49	     43.67	     43.66	-26.27	 1.036e-04	      2.99	0	Gaussian	313.131793	46.455211
92	1	  0.001492	  0.007561	     -1.00	    296.88	    322.71	      2.72	      2.70	     47.56	     47.18	54.04	 1.452e-04	      3.00	0	Gaussian	311.901796	45.672090
93	1	  0.001470	  0.009533	     -1.00	    498.28	    150.52	      2.47	      2.37	     43.21	     41.54	4.78	 1.058e-04	      3.00	0	Gaussian	310.656926	46.580317
94	1	  0.001510	  0.007787	     -1.00	    258.44	    546.60	      2.78	      2.54	     48.73	     44.42	-76.17	 2.474e-04	      3.01	0	Gaussian	311.992586	44.600319
95	1	  0.001452	  0.009002	     -1.00	    654.24	    597.07	      2.49	      2.45	     43.55	     42.81	-52.13	 4.855e-05	      3.02	0	Gaussian	309.344252	44.543292
96	1	  0.001483	  0.009193	     -1.00	    367.79	    769.35	      2.42	      2.39	     42.32	     41.91	-0.01	 6.917e-05	      3.03	0	Gaussian	311.122119	43.607406
97	1	  0.001520	  0.008239	     -1.00	    378.93	     67.24	      2.67	      2.43	     46.69	     42.60	22.91	 1.476e-04	      3.04	0	Gaussian	311.532024	46.912409
98	1	  0.001478	  0.009482	     -1.00	    428.54	    677.34	      2.40	      2.34	     41.93	     40.98	1.37	 7.628e-05	      3.05	0	Gaussian	310.784982	44.069565
99	1	  0.001528	  0.009008	     -1.00	    302.42	    713.19	      2.46	      2.40	     43.01	     41.99	59.66	 9.604e-05	      3.05	0	Gaussian	311.585476	43.839654
100	1	  0.001494	  0.008767	     -1.00	    226.32	    604.08	      2.46	      2.41	     43.08	     42.24	79.42	 1.382e-04	      3.07	0	Gaussian	312.161306	44.312998
101	1	  0.001572	  0.009499	     -1.00	    562.51	    361.34	      2.37	      2.30	     41.55	     40.25	0.88	 3.418e-04	      3.08	0	Gaussian	310.089462	45.617727
102	1	  0.001480	  0.008158	     -1.00	    173.31	    183.07	      2.53	      2.46	     44.27	     43.05	52.60	 8.878e-05	      3.10	0	Gaussian	312.843236	46.256876
103	1	  0.001499	  0.007473	     -1.00	    359.03	     53.70	      2.70	      2.48	     47.22	     43.36	-13.10	 1.330e-04	      3.12	0	Gaussian	311.678560	46.965456
104	1	  0.001495	  0.008482	     -1.00	    273.74	    491.74	      2.47	      2.39	     43.22	     41.75	18.01	 1.072e-04	      3.12	0	Gaussian	311.931716	44.866187
105	1	  0.001478	  0.008223	     -1.00	    180.53	    230.39	      2.45	      2.45	     42.94	     42.81	41.36	 7.612e-05	      3.13	0	Gaussian	312.755894	46.039760
106	1	  0.001481	  0.007958	     -1.00	    115.33	     16.32	      2.52	      2.45	     44.03	     42.89	22.31	 7.968e-05	      3.14	0	Gaussian	313.378730	47.000120
107	1	  0.001497	  0.008194	     -1.00	     58.06	    200.53	      2.47	      2.38	     43.26	     41.68	13.78	 1.796e-04	      3.16	0	Gaussian	313.605558	46.104845
108	1	  0.001467	  0.007594	     -1.00	    198.87	    689.23	      2.54	      2.45	     44.49	     42.96	-5.24	 4.798e-05	      3.16	0	Gaussian	312.277184	43.897902
109	1	  0.001634	  0.008325	     -1.00	    250.18	    112.84	      2.38	      2.36	     41.71	     41.30	-5.01	 4.823e-04	      3.17	0	Gaussian	312.378054	46.629619
110	1	  0.001450	  0.007986	     -1.00	    145.24	    510.56	      2.47	      2.39	     43.18	     41.90	7.50	 6.831e-05	      3.18	0	Gaussian	312.766107	44.706695
111	1	  0.001512	  0.007941	     -1.00	    209.85	    624.60	      2.49	      2.38	     43.54	     41.66	17.77	 1.569e-04	      3.18	0	Gaussian	312.253855	44.207610
112	1	  0.001489	  0.007687	     -1.00	    246.31	     32.89	      2.51	      2.42	     43.96	     42.43	0.75	 9.382e-05	      3.19	0	Gaussian	312.468079	47.001102
113	1	  0.001459	  0.008033	     -1.00	    685.56	    335.74	      2.45	      2.36	     42.80	     41.27	6.45	 6.198e-05	      3.20	0	Gaussian	309.273225	45.787813
114	1	  0.001501	  0.006935	     -1.00	    244.94	     21.28	      2.55	      2.55	     44.64	     44.64	-47.67	 1.261e-04	      3.21	0	Gaussian	312.486813	47.054518
115	1	  0.001478	  0.005876	     -1.00	    138.88	    124.29	      3.16	      2.46	     55.27	     43.10	2.04	 9.676e-05	      3.21	0	Gaussian	313.125440	46.510934
116	1	  0.001680	  0.007539	     -1.00	    499.41	    411.47	      2.51	      2.35	     43.88	     41.11	6.27	 2.026e-04	      3.25	0	Gaussian	310.482789	45.354157
117	1	  0.001447	  0.007523	     -1.00	    321.37	    504.40	      2.43	      2.40	     42.55	     42.03	13.98	 5.938e-05	      3.26	0	Gaussian	311.607162	44.831497
118	1	  0.001442	  0.006820	     -1.00	    610.00	    572.93	      2.53	      2.53	     44.28	     44.23	89.44	 2.809e-05	      3.26	0	Gaussian	309.650552	44.639993
119	1	  0.001525	  0.007451	     -1.00	    762.69	    542.65	      2.48	      2.36	     43.44	     41.36	-5.29	 2.512e-04	      3.27	0	Gaussian	308.650986	44.839394
120	1	  0.001458	  0.006108	     -1.00	    641.36	    554.94	      2.79	      2.54	     48.91	     44.51	23.74	 7.167e-05	      3.27	0	Gaussian	309.452196	44.737196
121	1	  0.001521	  0.007295	     -1.00	    330.28	    759.58	      2.48	      2.40	     43.35	     41.98	16.26	 2.519e-04	      3.27	0	Gaussian	311.372421	43.635164
122	1	  0.001498	  0.007262	     -1.00	    152.48	    717.62	      2.46	      2.40	     43.04	     41.97	30.74	 6.578e-05	      3.29	0	Gaussian	312.557224	43.738883
123	1	  0.001520	  0.006524	     -1.00	    288.06	    112.65	      2.71	      2.42	     47.44	     42.35	-15.37	 2.465e-04	      3.29	0	Gaussian	312.119923	46.651571
124	1	  0.001418	  0.006615	     -1.00	    120.78	    422.18	      2.53	      2.52	     44.27	     44.04	20.25	 3.739e-05	      3.29	0	Gaussian	312.998929	45.106657
125	1	  0.001471	  0.007188	     -1.00	    467.43	    305.85	      2.43	      2.42	     42.51	     42.38	12.22	 6.633e-05	      3.30	0	Gaussian	310.765318	45.836374
126	1	  0.001541	  0.006952	     -1.00	    363.30	    307.21	      2.48	      2.45	     43.36	     42.94	-9.89	 1.610e-04	      3.31	0	Gaussian	311.466459	45.779338
127	1	  0.001647	  0.007386	     -1.00	    152.86	     71.42	      2.41	      2.30	     42.20	     40.25	-1.21	 4.915e-04	      3.31	0	Gaussian	313.075178	46.766245
128	1	  0.001509	  0.005986	     -1.00	    226.93	     41.71	      2.65	      2.56	     46.45	     44.82	-73.35	 8.606e-05	      3.32	0	Gaussian	312.593771	46.948753
129	1	  0.001480	  0.004827	     -1.00	    792.75	    771.27	      2.94	      2.91	     51.39	     51.00	-45.59	 1.593e-04	      3.33	0	Gaussian	308.347169	43.768661
130	1	  0.001502	  0.006603	     -1.00	    783.51	    761.91	      2.54	      2.40	     44.48	     42.01	16.29	 1.236e-04	      3.34	0	Gaussian	308.411870	43.809970
131	1	  0.001466	  0.006536	     -1.00	    335.53	    497.97	      2.49	      2.49	     43.57	     43.51	8.00	 5.582e-05	      3.35	0	Gaussian	311.517868	44.868952
132	1	  0.001451	  0.006247	     -1.00	    760.38	     77.59	      2.71	      2.36	     47.41	     41.37	-1.94	 7.256e-05	      3.36	0	Gaussian	308.896585	47.030304
133	1	  0.001507	  0.006433	     -1.00	    599.31	    743.11	      2.52	      2.44	     44.18	     42.73	-85.35	 2.810e-04	      3.36	0	Gaussian	309.627729	43.832437
134	1	  0.001646	  0.005908	     -1.00	    184.34	    105.89	      2.66	      2.53	     46.54	     44.20	5.74	 4.530e-04	      3.37	0	Gaussian	312.831947	46.624102
135	1	  0.001486	  0.006404	     -1.00	    117.56	    628.33	      2.52	      2.46	     44.14	     43.01	1.01	 6.381e-05	      3.37	0	Gaussian	312.854031	44.138172
136	1	  0.001537	  0.006101	     -1.00	    269.20	     24.93	      2.53	      2.53	     44.32	     44.32	-53.52	 1.882e-04	      3.38	0	Gaussian	312.317371	47.051249
137	1	  0.001448	  0.003933	     -1.00	    467.64	    242.39	      3.85	      2.57	     67.38	     44.92	17.24	 1.511e-04	      3.39	0	Gaussian	310.805483	46.134659
138	1	  0.001559	  0.006400	     -1.00	    770.48	    432.98	      2.46	      2.44	     43.11	     42.72	12.82	 3.686e-04	      3.39	0	Gaussian	308.651229	45.359789
139	1	  0.001513	  0.006139	     -1.00	    645.36	    120.77	      2.60	      2.39	     45.51	     41.85	-8.63	 1.180e-04	      3.41	0	Gaussian	309.666346	46.783640
140	1	  0.001459	  0.006196	     -1.00	     80.30	    561.45	      2.48	      2.45	     43.41	     42.87	40.74	 7.112e-05	      3.42	0	Gaussian	313.151523	44.429928
141	1	  0.001582	  0.006115	     -1.00	    287.05	     78.19	      2.52	      2.41	     44.17	     42.22	-35.78	 1.814e-04	      3.43	0	Gaussian	312.153398	46.812222
142	1	  0.001568	  0.005259	     -1.00	    597.75	     94.31	      2.67	      2.67	     46.80	     46.69	7.24	 3.782e-04	      3.43	0	Gaussian	310.009511	46.888192
143	1	  0.001473	  0.006250	     -1.00	    772.59	    670.53	      2.53	      2.36	     44.23	     41.35	-2.83	 4.921e-05	      3.44	0	Gaussian	308.525387	44.238443
144	1	  0.001508	  0.006268	     -1.00	    355.44	    600.56	      2.49	      2.38	     43.66	     41.60	9.22	 1.398e-04	      3.44	0	Gaussian	311.315601	44.396269
145	1	  0.001471	  0.005402	     -1.00	    501.82	      5.11	      2.62	      2.56	     45.83	     44.84	5.52	 9.543e-05	      3.44	0	Gaussian	310.728184	47.263740
146	1	  0.001550	  0.005744	     -1.00	     37.24	    362.19	      2.66	      2.37	     46.59	     41.54	13.16	 1.649e-04	      3.45	0	Gaussian	313.603525	45.336421
147	1	  0.001476	  0.006173	     -1.00	     51.59	    706.47	      2.48	      2.41	     43.34	     42.18	22.27	 5.459e-05	      3.45	0	Gaussian	313.219804	43.732781
148	1	  0.001460	  0.005863	     -1.00	    206.17	    280.78	      2.52	      2.48	     44.04	     43.44	-16.65	 5.264e-05	      3.45	0	Gaussian	312.543035	45.818638
149	1	  0.001404	  0.005875	     -1.00	    275.17	    385.83	      2.48	      2.46	     43.44	     43.11	-14.80	 3.556e-05	      3.45	0	Gaussian	312.000370	45.364306
150	1	  0.001482	  0.006063	     -1.00	    686.91	    261.47	      2.56	      2.33	     44.78	     40.80	1.84	 1.009e-04	      3.46	0	Gaussian	309.303841	46.138141
151	1	  0.001553	  0.005967	     -1.00	     87.35	    267.66	      2.45	      2.45	     42.90	     42.86	-7.03	 2.145e-04	      3.47	0	Gaussian	313.350796	45.809551
152	1	  0.001588	  0.006224	     -1.00	     57.91	    318.24	      2.44	      2.36	     42.67	     41.33	65.73	 3.881e-04	      3.47	0	Gaussian	313.504082	45.554831
153	1	  0.001544	  0.006159	     -1.00	    154.49	     39.38	      2.46	      2.38	     42.97	     41.58	5.50	 1.163e-04	      3.48	0	Gaussian	313.091220	46.916742
154	1	  0.001528	  0.006244	     -1.00	    457.66	    294.51	      2.47	      2.32	     43.28	     40.65	3.51	 8.899e-05	      3.48	0	Gaussian	310.838729	45.885115
155	1	  0.001483	  0.005709	     -1.00	    231.48	    151.25	      2.51	      2.47	     43.90	     43.16	22.40	 7.958e-05	      3.50	0	Gaussian	312.474845	46.439359
156	1	  0.001485	  0.005286	     -1.00	    488.99	    294.35	      2.71	      2.46	     47.38	     43.09	-4.11	 6.949e-05	      3.50	0	Gaussian	310.627116	45.900402
157	1	  0.001541	  0.005835	     -1.00	    109.45	    262.25	      2.53	      2.37	     44.27	     41.50	9.57	 4.243e-04	      3.50	0	Gaussian	313.207307	45.848397
158	1	  0.001616	  0.005815	     -1.00	    194.33	     95.67	      2.44	      2.44	     42.73	     42.67	-14.95	 4.203e-04	      3.50	0	Gaussian	312.772375	46.677714
159	1	  0.001462	  0.005612	     -1.00	    735.08	    134.86	      2.53	      2.45	     44.20	     42.84	0.75	 8.498e-05	      3.51	0	Gaussian	309.041451	46.751912
160	1	  0.001459	  0.005537	     -1.00	    248.25	    403.71	      2.54	      2.48	     44.37	     43.40	5.50	 1.518e-04	      3.51	0	Gaussian	312.166458	45.265829
161	1	  0.001467	  0.005675	     -1.00	    294.69	    361.34	      2.50	      2.45	     43.71	     42.85	-1.77	 1.532e-04	      3.51	0	Gaussian	311.887985	45.489635
162	1	  0.001444	  0.005018	     -1.00	     65.94	    274.18	      2.66	      2.56	     46.55	     44.80	76.25	 5.413e-05	      3.51	0	Gaussian	313.488536	45.765816
163	1	  0.001455	  0.005528	     -1.00	    413.90	    444.63	      2.52	      2.40	     44.08	     42.04	7.38	 1.174e-04	      3.54	0	Gaussian	311.033077	45.158445
164	1	  0.001436	  0.005530	     -1.00	    446.73	    457.15	      2.52	      2.44	     44.08	     42.73	14.96	 4.944e-05	      3.54	0	Gaussian	310.805891	45.115069
165	1	  0.001422	  0.004629	     -1.00	     19.42	    218.91	      2.83	      2.50	     49.51	     43.69	18.86	 5.225e-05	      3.55	0	Gaussian	313.848762	45.994337
166	1	  0.001528	  0.004970	     -1.00	     12.14	    162.53	      2.77	      2.46	     48.52	     43.11	10.73	 2.345e-04	      3.55	0	Gaussian	313.948569	46.252599
167	1	  0.001461	  0.005449	     -1.00	    605.24	    679.66	      2.55	      2.42	     44.55	     42.36	-3.71	 5.161e-05	      3.55	0	Gaussian	309.623363	44.134376
168	1	  0.001419	  0.005333	     -1.00	    145.50	    481.80	      2.52	      2.49	     44.06	     43.66	39.95	 6.753e-05	      3.56	0	Gaussian	312.787278	44.841709
169	1	  0.001505	  0.005554	     -1.00	    521.48	    462.75	      2.47	      2.43	     43.20	     42.51	8.06	 4.737e-05	      3.56	0	Gaussian	310.303588	45.122458
170	1	  0.001501	  0.005412	     -1.00	     50.93	    504.67	      2.51	      2.41	     44.02	     42.14	30.53	 2.324e-04	      3.57	0	Gaussian	313.391393	44.678185
171	1	  0.001477	  0.005055	     -1.00	    259.38	    525.67	      2.62	      2.47	     45.89	     43.29	33.04	 1.411e-04	      3.58	0	Gaussian	312.001760	44.699173
172	1	  0.001452	  0.005320	     -1.00	    396.37	    131.18	      2.51	      2.45	     43.97	     42.87	-0.72	 6.057e-05	      3.58	0	Gaussian	311.366750	46.621774
173	1	  0.001526	  0.002843	     -1.00	    575.58	     54.88	      4.62	      2.42	     80.81	     42.28	-13.55	 2.304e-04	      3.59	0	Gaussian	310.186418	47.063743
174	1	  0.001605	  0.005732	     -1.00	    300.06	    227.34	      2.41	      2.32	     42.27	     40.64	10.54	 3.771e-04	      3.60	0	Gaussian	311.951375	46.121006
175	1	  0.001462	  0.005227	     -1.00	     38.31	    588.40	      2.49	      2.46	     43.59	     43.06	40.55	 3.657e-05	      3.60	0	Gaussian	313.403719	44.278237
176	1	  0.001517	  0.005541	     -1.00	    676.48	    148.80	      2.45	      2.36	     42.86	     41.25	5.58	 2.344e-04	      3.60	0	Gaussian	309.436684	46.664229
177	1	  0.001467	  0.004560	     -1.00	    582.39	    438.68	      2.80	      2.45	     49.08	     42.84	2.86	 1.406e-04	      3.61	0	Gaussian	309.910492	45.261808
178	1	  0.001482	  0.003923	     -1.00	     58.36	     49.86	      3.13	      2.57	     54.75	     44.97	39.28	 1.752e-04	      3.61	0	Gaussian	313.737520	46.807695
179	1	  0.001509	  0.004683	     -1.00	    117.26	    758.13	      2.61	      2.53	     45.65	     44.31	78.19	 6.618e-05	      3.62	0	Gaussian	312.753925	43.528723
180	1	  0.001460	  0.005159	     -1.00	    692.10	    709.48	      2.51	      2.38	     43.96	     41.68	1.21	 5.239e-05	      3.63	0	Gaussian	309.036730	44.026389
181	1	  0.001493	  0.004777	     -1.00	     76.20	    611.11	      2.60	      2.50	     45.52	     43.77	59.25	 1.747e-04	      3.63	0	Gaussian	313.137738	44.194678
182	1	  0.001490	  0.005051	     -1.00	    344.55	    412.73	      2.56	      2.41	     44.77	     42.19	4.44	 3.160e-04	      3.63	0	Gaussian	311.517721	45.274208
183	1	  0.001597	  0.004619	     -1.00	      8.02	    295.06	      2.57	      2.57	     45.00	     44.94	0.15	 2.944e-04	      3.64	0	Gaussian	313.856982	45.631515
184	1	  0.001528	  0.004752	     -1.00	    138.03	     84.57	      2.59	      2.44	     45.31	     42.79	2.97	 1.395e-04	      3.64	0	Gaussian	313.165004	46.695828
185	1	  0.001465	  0.004813	     -1.00	    390.90	    610.66	      2.55	      2.47	     44.69	     43.19	16.43	 6.312e-05	      3.65	0	Gaussian	311.075418	44.365977
186	1	  0.001424	  0.003471	     -1.00	     28.30	    110.92	      3.09	      2.91	     54.14	     50.88	-87.09	 6.564e-05	      3.66	0	Gaussian	313.886313	46.503739
187	1	  0.001468	  0.004982	     -1.00	    774.91	    147.61	      2.57	      2.32	     45.05	     40.69	4.85	 1.155e-04	      3.66	0	Gaussian	308.760903	46.706175
188	1	  0.001522	  0.004682	     -1.00	    374.97	    316.44	      2.65	      2.41	     46.35	     42.18	-13.32	 1.412e-04	      3.66	0	Gaussian	311.381414	45.741871
189	1	  0.001459	  0.002423	     -1.00	    316.42	    191.76	      4.66	      2.64	     81.63	     46.27	-1.98	 1.033e-04	      3.67	0	Gaussian	311.867129	46.296474
190	1	  0.001488	  0.004782	     -1.00	    678.95	     41.12	      2.53	      2.49	     44.20	     43.64	-20.67	 1.853e-04	      3.67	0	Gaussian	309.479745	47.171087
191	1	  0.001470	  0.004224	     -1.00	    583.43	     84.33	      2.63	      2.63	     46.10	     46.02	-80.61	 1.229e-04	      3.67	0	Gaussian	310.114212	46.928942
192	1	  0.001532	  0.004829	     -1.00	    289.62	     89.29	      2.55	      2.45	     44.68	     42.90	-1.49	 1.377e-04	      3.67	0	Gaussian	312.127247	46.761705
193	1	  0.001463	  0.004555	     -1.00	     66.25	    503.83	      2.53	      2.53	     44.34	     44.30	5.67	 1.992e-04	      3.67	0	Gaussian	313.291365	44.691477
194	1	  0.001472	  0.004927	     -1.00	    506.33	    792.34	      2.52	      2.42	     44.05	     42.30	15.48	 6.056e-05	      3.68	0	Gaussian	310.206741	43.561771
195	1	  0.001411	  0.004427	     -1.00	    181.95	    434.05	      2.58	      2.58	     45.20	     45.12	-13.10	 3.516e-05	      3.68	0	Gaussian	312.583827	45.086544
196	1	  0.001467	  0.004220	     -1.00	    351.36	    783.96	      2.75	      2.56	     48.06	     44.78	29.28	 4.781e-05	      3.68	0	Gaussian	311.219258	43.530662
197	1	  0.001514	  0.004353	     -1.00	    349.42	    118.27	      2.80	      2.45	     49.09	     42.80	-1.37	 1.578e-04	      3.68	0	Gaussian	311.696814	46.658153
198	1	  0.001452	  0.003980	     -1.00	    725.75	     71.21	      2.94	      2.57	     51.53	     44.90	19.95	 1.577e-04	      3.69	0	Gaussian	309.139359	47.047671
199	1	  0.001453	  0.004467	     -1.00	    282.32	    346.08	      2.58	      2.57	     45.08	     44.96	11.08	 8.529e-05	      3.69	0	Gaussian	311.982070	45.554653
200	1	  0.001484	  0.003068	     -1.00	    491.29	    517.89	      3.12	      3.08	     54.62	     53.99	32.52	 1.237e-04	      3.70	0	Gaussian	310.470875	44.849407
201	1	  0.001496	  0.004782	     -1.00	    155.83	    281.28	      2.50	      2.43	     43.69	     42.52	-4.14	 1.687e-04	      3.70	0	Gaussian	312.880459	45.787127
202	1	  0.001458	  0.003068	     -1.00	    156.42	     12.04	      3.40	      2.78	     59.51	     48.70	-49.42	 6.862e-05	      3.70	0	Gaussian	313.101260	47.045441
203	1	  0.001481	  0.004687	     -1.00	    477.22	    522.30	      2.53	      2.46	     44.37	     43.04	12.46	 6.811e-05	      3.70	0	Gaussian	310.561591	44.822288
204	1	  0.001529	  0.004052	     -1.00	    181.01	    678.73	      2.69	      2.61	     47.10	     45.74	-35.93	 2.786e-04	      3.71	0	Gaussian	312.401376	43.937473
205	1	  0.001472	  0.004480	     -1.00	    657.44	    249.08	      2.58	      2.48	     45.22	     43.36	82.83	 1.997e-04	      3.71	0	Gaussian	309.511212	46.185054
206	1	  0.001460	  0.003072	     -1.00	    164.97	    308.66	      3.21	      3.00	     56.11	     52.55	-38.93	 9.992e-05	      3.71	0	Gaussian	312.796953	45.664314
207	1	  0.001483	  0.004608	     -1.00	    766.73	    400.27	      2.57	      2.41	     45.01	     42.21	-4.48	 6.187e-05	      3.73	0	Gaussian	308.692281	45.512880
208	1	  0.001521	  0.004698	     -1.00	    645.53	    346.31	      2.51	      2.41	     43.88	     42.26	-8.12	 1.331e-04	      3.73	0	Gaussian	309.538103	45.722544
209	1	  0.001484	  0.004531	     -1.00	    142.84	    747.26	      2.48	      2.47	     43.32	     43.16	5.96	 4.985e-05	      3.73	0	Gaussian	312.596925	43.594241
210	1	  0.001525	  0.004164	     -1.00	     75.02	    138.37	      2.70	      2.50	     47.22	     43.80	-20.38	 1.735e-04	      3.74	0	Gaussian	313.545823	46.405667
211	1	  0.001518	  0.004201	     -1.00	    165.77	    116.59	      2.67	      2.48	     46.78	     43.46	20.40	 1.289e-04	      3.76	0	Gaussian	312.949378	46.563088
212	1	  0.001440	  0.003939	     -1.00	    275.69	    254.06	      2.77	      2.54	     48.56	     44.40	34.52	 6.496e-05	      3.76	0	Gaussian	312.095835	45.982583
213	1	  0.001448	  0.004436	     -1.00	    366.51	    344.30	      2.56	      2.44	     44.79	     42.70	-14.18	 7.657e-05	      3.76	0	Gaussian	311.418769	45.606779
214	1	  0.001470	  0.004229	     -1.00	    663.20	    115.18	      2.59	      2.52	     45.39	     44.11	-3.47	 8.399e-05	      3.76	0	Gaussian	309.546798	46.817022
215	1	  0.001567	  0.004619	     -1.00	    237.53	    685.04	      2.43	      2.41	     42.47	     42.24	-42.25	 3.265e-04	      3.76	0	Gaussian	312.028451	43.938414
216	1	  0.001523	  0.004505	     -1.00	    598.57	     29.97	      2.50	      2.39	     43.78	     41.78	23.30	 2.179e-04	      3.77	0	Gaussian	310.042792	47.190472
217	1	  0.001503	  0.003785	     -1.00	    423.51	    736.12	      2.97	      2.39	     51.94	     41.82	-5.26	 1.774e-04	      3.77	0	Gaussian	310.780679	43.790186
218	1	  0.001475	  0.003932	     -1.00	    329.21	    668.85	      2.78	      2.49	     48.60	     43.66	-52.75	 6.287e-05	      3.77	0	Gaussian	311.441142	44.061823
219	1	  0.001490	  0.004549	     -1.00	    734.35	    297.71	      2.54	      2.37	     44.52	     41.40	-1.88	 6.985e-05	      3.77	0	Gaussian	308.962299	45.985001
220	1	  0.001474	  0.004120	     -1.00	    595.99	    389.13	      2.62	      2.53	     45.80	     44.31	49.56	 7.114e-05	      3.77	0	Gaussian	309.847839	45.500915
221	1	  0.001607	  0.004792	     -1.00	    259.76	    111.64	      2.41	      2.35	     42.10	     41.07	-5.22	 4.620e-04	      3.77	0	Gaussian	312.313680	46.640619
222	1	  0.001462	  0.004511	     -1.00	    676.15	    422.53	      2.54	      2.37	     44.40	     41.46	-4.13	 5.704e-05	      3.78	0	Gaussian	309.290470	45.375165
223	1	  0.001633	  0.004305	     -1.00	    188.37	    189.30	      2.49	      2.49	     43.64	     43.60	82.39	 4.437e-04	      3.79	0	Gaussian	312.736322	46.236560
224	1	  0.001462	  0.004181	     -1.00	    773.13	    686.70	      2.61	      2.46	     45.63	     43.13	-14.97	 3.605e-05	      3.79	0	Gaussian	308.514317	44.162176
225	1	  0.001501	  0.003889	     -1.00	    243.67	    791.75	      2.71	      2.48	     47.41	     43.43	73.59	 1.418e-04	      3.79	0	Gaussian	311.911647	43.439735
226	1	  0.001447	  0.004198	     -1.00	    365.53	    197.71	      2.58	      2.47	     45.16	     43.26	-1.03	 4.103e-05	      3.80	0	Gaussian	311.529396	46.294213
227	1	  0.001524	  0.003316	     -1.00	    324.96	    779.43	      2.85	      2.85	     49.94	     49.93	54.42	 1.091e-04	      3.80	0	Gaussian	311.393561	43.539081
228	1	  0.001530	  0.003976	     -1.00	    605.39	    492.16	      2.57	      2.57	     45.06	     45.06	8.18	 3.795e-04	      3.81	0	Gaussian	309.726267	45.019145
229	1	  0.001472	  0.003740	     -1.00	    456.97	    426.26	      2.80	      2.53	     48.95	     44.29	-44.52	 8.525e-05	      3.81	0	Gaussian	310.757480	45.265235
230	1	  0.001447	  0.004110	     -1.00	    509.57	    590.78	      2.56	      2.50	     44.84	     43.73	-7.09	 3.340e-05	      3.82	0	Gaussian	310.305234	44.513957
231	1	  0.001459	  0.004009	     -1.00	    337.99	    299.81	      2.60	      2.51	     45.54	     43.94	-9.49	 6.012e-05	      3.82	0	Gaussian	311.642186	45.801074
232	1	  0.001466	  0.004171	     -1.00	    784.35	     17.67	      2.57	      2.44	     45.01	     42.70	-6.20	 6.896e-05	      3.82	0	Gaussian	308.760871	47.320317
233	1	  0.001397	  0.004059	     -1.00	    317.34	    405.87	      2.56	      2.52	     44.72	     44.10	-14.44	 3.389e-05	      3.83	0	Gaussian	311.704226	45.292428
234	1	  0.001466	  0.004104	     -1.00	    722.38	    232.90	      2.58	      2.44	     45.22	     42.72	11.15	 7.321e-05	      3.83	0	Gaussian	309.077277	46.285923
235	1	  0.001466	  0.003969	     -1.00	    464.82	    519.27	      2.60	      2.50	     45.58	     43.79	7.98	 5.751e-05	      3.83	0	Gaussian	310.645818	44.830931
236	1	  0.001468	  0.003944	     -1.00	    510.14	     34.51	      2.63	      2.49	     46.01	     43.60	-16.53	 6.804e-05	      3.84	0	Gaussian	310.651250	47.129901
237	1	  0.001435	  0.003800	     -1.00	     88.67	    169.46	      2.63	      2.57	     45.99	     45.07	17.09	 5.012e-05	      3.84	0	Gaussian	313.426478	46.269154
238	1	  0.001441	  0.003914	     -1.00	    428.04	    615.71	      2.59	      2.49	     45.41	     43.51	-16.37	 2.361e-05	      3.84	0	Gaussian	310.827629	44.359746
239	1	  0.001433	  0.003748	     -1.00	    387.67	    428.17	      2.62	      2.59	     45.83	     45.25	79.43	 1.496e-04	      3.84	0	Gaussian	311.219195	45.223162
240	1	  0.001428	  0.002023	     -1.00	     30.27	    521.93	      4.93	      2.55	     86.25	     44.62	14.09	 7.808e-05	      3.85	0	Gaussian	313.512366	44.584652
241	1	  0.001512	  0.004154	     -1.00	    107.86	    502.29	      2.48	      2.39	     43.44	     41.91	-10.30	 4.183e-04	      3.86	0	Gaussian	313.018904	44.723638
242	1	  0.001458	  0.003194	     -1.00	    524.49	     89.44	      3.02	      2.53	     52.80	     44.26	-89.95	 7.468e-05	      3.86	0	Gaussian	310.516678	46.878887
243	1	  0.001575	  0.004211	     -1.00	    196.85	    197.02	      2.44	      2.41	     42.68	     42.20	4.29	 3.718e-04	      3.87	0	Gaussian	312.672756	46.205404
244	1	  0.001409	  0.003545	     -1.00	     62.43	    296.87	      2.65	      2.65	     46.36	     46.36	-12.24	 4.150e-05	      3.88	0	Gaussian	313.492340	45.657541
245	1	  0.001479	  0.004452	     -1.00	    124.60	    646.45	      2.38	      2.30	     41.64	     40.30	8.83	 6.186e-05	      3.88	0	Gaussian	312.793758	44.057196
246	1	  0.001447	  0.003851	     -1.00	    431.92	    601.02	      2.57	      2.50	     45.00	     43.73	-6.16	 4.218e-05	      3.88	0	Gaussian	310.811447	44.430736
247	1	  0.001458	  0.003957	     -1.00	    675.62	    652.76	      2.55	      2.45	     44.69	     42.93	-1.77	 4.051e-05	      3.88	0	Gaussian	309.173961	44.288359
248	1	  0.001488	  0.003929	     -1.00	      9.86	    463.39	      2.52	      2.45	     44.14	     42.92	-0.91	 1.004e-04	      3.89	0	Gaussian	313.696765	44.845853
249	1	  0.001539	  0.003988	     -1.00	    492.06	    611.77	      2.55	      2.40	     44.67	     42.03	24.86	 3.908e-04	      3.89	0	Gaussian	310.408103	44.407305
250	1	  0.001581	  0.004258	     -1.00	    232.42	    370.99	      2.39	      2.39	     41.89	     41.84	-56.48	 3.109e-04	      3.89	0	Gaussian	312.296963	45.410592
251	1	  0.001454	  0.003714	     -1.00	    436.07	    654.22	      2.61	      2.50	     45.75	     43.72	-50.35	 3.334e-05	      3.90	0	Gaussian	310.750299	44.181992
252	1	  0.001558	  0.003889	     -1.00	    497.60	    603.16	      2.61	      2.40	     45.69	     42.00	77.27	 4.001e-04	      3.90	0	Gaussian	310.376809	44.450357
253	1	  0.001444	  0.003721	     -1.00	    177.13	    569.82	      2.52	      2.51	     44.09	     44.02	-19.78	 6.662e-05	      3.90	0	Gaussian	312.509975	44.446797
254	1	  0.001627	  0.004058	     -1.00	    101.98	    269.66	      2.59	      2.31	     45.38	     40.45	15.59	 6.026e-04	      3.90	0	Gaussian	313.251110	45.809202
255	1	  0.001469	  0.003438	     -1.00	    357.27	    281.41	      2.64	      2.64	     46.21	     46.18	57.40	 6.138e-05	      3.90	0	Gaussian	311.525412	45.897365
256	1	  0.001535	  0.004165	     -1.00	    564.05	     41.41	      2.48	      2.29	     43.42	     40.03	9.46	 2.455e-04	      3.91	0	Gaussian	310.274485	47.121867
257	1	  0.001535	  0.004348	     -1.00	    608.35	    501.58	      2.42	      2.26	     42.28	     39.60	-4.26	 3.325e-04	      3.91	0	Gaussian	309.701207	44.975929
258	1	  0.001510	  0.003104	     -1.00	    780.56	    438.37	      2.79	      2.78	     48.81	     48.62	85.03	 3.227e-04	      3.91	0	Gaussian	308.580905	45.337766
259	1	  0.001564	  0.003809	     -1.00	    561.25	     84.03	      2.53	      2.46	     44.26	     43.14	60.36	 3.157e-04	      3.91	0	Gaussian	310.267138	46.920731
260	1	  0.001493	  0.003996	     -1.00	    182.10	    483.27	      2.49	      2.40	     43.66	     41.94	26.27	 3.465e-04	      3.92	0	Gaussian	312.544319	44.855771
261	1	  0.001519	  0.004021	     -1.00	    282.75	    579.75	      2.47	      2.40	     43.26	     42.06	18.47	 2.905e-04	      3.92	0	Gaussian	311.808463	44.457324
262	1	  0.001458	  0.003607	     -1.00	    293.13	    304.11	      2.55	      2.54	     44.60	     44.52	32.93	 5.135e-05	      3.92	0	Gaussian	311.940807	45.757321
263	1	  0.001518	  0.003649	     -1.00	    173.66	    270.71	      2.52	      2.52	     44.16	     44.16	23.59	 1.053e-04	      3.93	0	Gaussian	312.769410	45.847083
264	1	  0.001431	  0.003839	     -1.00	    661.10	     34.45	      2.62	      2.36	     45.90	     41.26	-6.31	 5.171e-05	      3.93	0	Gaussian	309.607157	47.195306
265	1	  0.001493	  0.003581	     -1.00	    262.74	    727.65	      2.55	      2.54	     44.71	     44.50	1.03	 1.003e-04	      3.93	0	Gaussian	311.833663	43.751288
266	1	  0.001563	  0.003525	     -1.00	    653.76	    487.27	      2.72	      2.45	     47.53	     42.87	9.38	 2.505e-04	      3.93	0	Gaussian	309.405941	45.061279
267	1	  0.001480	  0.002522	     -1.00	    633.53	    155.48	      3.04	      3.03	     53.15	     53.06	-20.38	 1.269e-04	      3.95	0	Gaussian	309.727599	46.615708
268	1	  0.001477	  0.003718	     -1.00	    360.22	    217.55	      2.55	      2.44	     44.66	     42.72	3.69	 5.997e-05	      3.95	0	Gaussian	311.551165	46.198452
269	1	  0.001430	  0.003536	     -1.00	    121.63	    372.91	      2.64	      2.38	     46.27	     41.69	13.22	 4.651e-05	      3.95	0	Gaussian	313.033685	45.337937
270	1	  0.001461	  0.002732	     -1.00	     37.22	     89.89	      3.19	      2.65	     55.75	     46.39	-72.93	 6.655e-05	      3.96	0	Gaussian	313.844927	46.607535
271	1	  0.001472	  0.003565	     -1.00	    787.94	    725.23	      2.56	      2.46	     44.83	     43.01	-18.77	 5.824e-05	      3.96	0	Gaussian	308.399313	43.984864
272	1	  0.001512	  0.004143	     -1.00	    104.53	    494.67	      2.35	      2.30	     41.07	     40.27	9.94	 4.184e-04	      3.96	0	Gaussian	313.047070	44.757357
273	1	  0.001425	  0.003462	     -1.00	    213.37	    462.66	      2.62	      2.59	     45.85	     45.41	49.34	 4.693e-05	      3.97	0	Gaussian	312.353367	44.969963
274	1	  0.001471	  0.002853	     -1.00	    227.17	    242.74	      2.92	      2.74	     51.15	     48.01	-15.02	 6.636e-05	      3.97	0	Gaussian	312.431742	46.008708
275	1	  0.001566	  0.003820	     -1.00	    523.14	    765.28	      2.52	      2.39	     44.18	     41.82	-2.61	 3.415e-04	      3.98	0	Gaussian	310.112961	43.696594
276	1	  0.001459	  0.003375	     -1.00	    677.23	    366.16	      2.67	      2.53	     46.65	     44.28	3.15	 7.080e-05	      3.98	0	Gaussian	309.313276	45.641287
277	1	  0.001458	  0.003440	     -1.00	    446.31	    232.27	      2.64	      2.49	     46.25	     43.64	2.98	 5.521e-05	      3.98	0	Gaussian	310.956917	46.172076
278	1	  0.001445	  0.003483	     -1.00	    777.88	    386.98	      2.59	      2.50	     45.25	     43.74	-9.83	 4.000e-05	      3.98	0	Gaussian	308.623480	45.579368
279	1	  0.001457	  0.003423	     -1.00	    630.25	    543.95	      2.55	      2.54	     44.63	     44.43	57.81	 3.527e-05	      3.98	0	Gaussian	309.532010	44.784729
280	1	  0.001465	  0.003497	     -1.00	    275.93	    291.94	      2.51	      2.49	     43.90	     43.55	31.67	 8.074e-05	      3.99	0	Gaussian	312.065561	45.805165
281	1	  0.001471	  0.003316	     -1.00	    649.83	    168.25	      2.74	      2.48	     48.02	     43.45	-16.46	 7.704e-05	      3.99	0	Gaussian	309.608558	46.562256
282	1	  0.001451	  0.003252	     -1.00	    734.95	    552.21	      2.61	      2.54	     45.75	     44.53	-34.54	 3.468e-05	      3.99	0	Gaussian	308.831104	44.784635
283	1	  0.001417	  0.003508	     -1.00	    412.94	    353.42	      2.58	      2.41	     45.08	     42.15	-3.60	 3.382e-05	      4.00	0	Gaussian	311.100716	45.586860
284	1	  0.001529	  0.003643	     -1.00	    465.05	     89.70	      2.51	      2.42	     43.93	     42.28	-3.90	 2.588e-04	      4.00	0	Gaussian	310.924970	46.849985
285	1	  0.001497	  0.003765	     -1.00	    508.88	    206.41	      2.50	      2.32	     43.73	     40.67	-9.04	 1.667e-04	      4.00	0	Gaussian	310.548440	46.322735
286	1	  0.001532	  0.003523	     -1.00	    110.47	    653.86	      2.49	      2.48	     43.50	     43.34	12.63	 2.023e-04	      4.01	0	Gaussian	312.879945	44.014274
287	1	  0.001478	  0.002910	     -1.00	    196.09	    151.24	      2.74	      2.62	     48.00	     45.92	17.71	 7.664e-05	      4.04	0	Gaussian	312.714974	46.419053
288	1	  0.001476	  0.003436	     -1.00	    401.07	    171.42	      2.53	      2.43	     44.31	     42.54	18.35	 1.022e-04	      4.04	0	Gaussian	311.306293	46.435485
289	1	  0.001451	  0.003259	     -1.00	    644.96	    749.76	      2.58	      2.51	     45.13	     43.96	-25.12	 7.423e-05	      4.05	0	Gaussian	309.325349	43.818639
290	1	  0.001444	  0.003736	     -1.00	    472.55	     29.56	      2.45	      2.27	     42.91	     39.65	0.44	 7.047e-05	      4.05	0	Gaussian	310.914039	47.135365
291	1	  0.001581	  0.003304	     -1.00	    303.56	     65.07	      2.57	      2.42	     44.92	     42.30	-33.81	 3.088e-04	      4.06	0	Gaussian	312.050480	46.882619
292	1	  0.001441	  0.002685	     -1.00	    308.96	    466.79	      2.82	      2.74	     49.31	     47.96	-28.78	 4.820e-05	      4.06	0	Gaussian	311.716251	45.001915
293	1	  0.001523	  0.003346	     -1.00	    561.81	    486.67	      2.53	      2.45	     44.27	     42.84	13.46	 1.939e-04	      4.07	0	Gaussian	310.020151	45.027073
294	1	  0.001473	  0.003036	     -1.00	    488.08	      9.80	      2.72	      2.53	     47.56	     44.22	-34.00	 1.236e-04	      4.08	0	Gaussian	310.820143	47.235349
295	1	  0.001416	  0.003164	     -1.00	    296.83	    430.22	      2.58	      2.51	     45.08	     43.85	-21.67	 3.699e-05	      4.09	0	Gaussian	311.823287	45.167389
296	1	  0.001515	  0.003716	     -1.00	    507.37	    365.47	      2.40	      2.25	     42.08	     39.30	0.96	 8.301e-05	      4.09	0	Gaussian	310.458111	45.574250
297	1	  0.001471	  0.002962	     -1.00	    683.13	    592.52	      2.69	      2.54	     47.14	     44.53	20.87	 8.988e-05	      4.09	0	Gaussian	309.155207	44.575618
298	1	  0.001492	  0.003441	     -1.00	    214.52	    154.33	      2.47	      2.34	     43.28	     41.00	4.40	 1.023e-04	      4.10	0	Gaussian	312.587504	46.415255
299	1	  0.001563	  0.003001	     -1.00	     19.99	    356.56	      2.59	      2.50	     45.37	     43.77	25.15	 2.229e-04	      4.10	0	Gaussian	313.722971	45.351817
300	1	  0.001475	  0.003179	     -1.00	    468.93	    411.38	      2.57	      2.45	     45.02	     42.84	-24.39	 5.634e-05	      4.10	0	Gaussian	310.687066	45.340750
301	1	  0.001511	  0.003209	     -1.00	    631.95	    109.96	      2.53	      2.46	     44.31	     43.00	-7.51	 1.503e-04	      4.11	0	Gaussian	309.764863	46.828967
302	1	  0.001499	  0.002231	     -1.00	    370.54	    164.16	      3.01	      2.97	     52.75	     52.06	-8.92	 1.862e-04	      4.11	0	Gaussian	311.519394	46.454082
303	1	  0.001468	  0.003165	     -1.00	    465.20	     58.70	      2.59	      2.45	     45.38	     42.96	1.14	 9.786e-05	      4.11	0	Gaussian	310.944927	46.995314
304	1	  0.001469	  0.003081	     -1.00	     86.06	    620.73	      2.52	      2.47	     44.04	     43.20	-10.76	 1.357e-04	      4.12	0	Gaussian	313.065565	44.155383
305	1	  0.001497	  0.003074	     -1.00	    499.01	    391.98	      2.52	      2.49	     44.13	     43.55	27.55	 4.783e-05	      4.12	0	Gaussian	310.497658	45.445722
306	1	  0.001454	  0.003056	     -1.00	    637.37	    638.88	      2.62	      2.44	     45.79	     42.76	10.53	 3.820e-05	      4.13	0	Gaussian	309.433685	44.339448
307	1	  0.001504	  0.003489	     -1.00	    290.49	    187.47	      2.45	      2.26	     42.84	     39.63	1.97	 9.370e-05	      4.13	0	Gaussian	312.046233	46.302629
308	1	  0.001501	  0.003480	     -1.00	    243.36	    413.68	      2.37	      2.32	     41.56	     40.69	-5.65	 3.199e-04	      4.13	0	Gaussian	312.191476	45.216354
309	1	  0.001471	  0.001223	     -1.00	    438.90	     52.79	      5.49	      2.88	     96.13	     50.33	-9.20	 1.052e-04	      4.13	0	Gaussian	311.130070	47.010242
310	1	  0.001800	  0.004106	     -1.00	    489.45	    723.84	      2.20	      2.14	     38.56	     37.51	33.86	 1.830e-03	      4.14	0	Gaussian	310.357518	43.877679
311	1	  0.001483	  0.002951	     -1.00	    779.01	    213.61	      2.70	      2.44	     47.19	     42.67	21.79	 1.119e-04	      4.14	0	Gaussian	308.700062	46.396905
312	1	  0.001423	  0.003064	     -1.00	    576.19	    121.64	      2.61	      2.42	     45.72	     42.31	-3.45	 3.500e-05	      4.15	0	Gaussian	310.141148	46.750666
313	1	  0.001444	  0.002835	     -1.00	    372.17	    597.82	      2.61	      2.59	     45.63	     45.33	-18.66	 2.642e-05	      4.16	0	Gaussian	311.207278	44.417396
314	1	  0.001457	  0.002742	     -1.00	    512.01	    143.55	      2.65	      2.63	     46.36	     46.05	48.12	 6.329e-05	      4.16	0	Gaussian	310.567478	46.619298
315	1	  0.001478	  0.003346	     -1.00	     27.64	    732.63	      2.41	      2.32	     42.26	     40.69	15.97	 1.043e-04	      4.16	0	Gaussian	313.353172	43.595756
316	1	  0.001546	  0.002967	     -1.00	    687.17	    485.17	      2.55	      2.48	     44.65	     43.40	2.99	 2.173e-04	      4.16	0	Gaussian	309.183748	45.083816
317	1	  0.001609	  0.003458	     -1.00	     49.56	    321.78	      2.32	      2.29	     40.56	     40.09	8.39	 5.926e-04	      4.16	0	Gaussian	313.556665	45.533087
318	1	  0.001493	  0.003411	     -1.00	    302.38	    371.59	      2.41	      2.28	     42.15	     39.86	-2.89	 2.350e-04	      4.17	0	Gaussian	311.829000	45.445589
319	1	  0.001471	  0.003093	     -1.00	    460.97	    686.44	      2.53	      2.36	     44.28	     41.29	-9.24	 6.235e-05	      4.17	0	Gaussian	310.566736	44.041447
320	1	  0.001501	  0.003483	     -1.00	    186.46	    489.42	      2.33	      2.27	     40.80	     39.74	7.86	 3.982e-04	      4.18	0	Gaussian	312.510758	44.829349
321	1	  0.001608	  0.003586	     -1.00	    292.33	    228.58	      2.33	      2.21	     40.80	     38.68	0.14	 5.929e-04	      4.18	0	Gaussian	312.002726	46.111029
322	1	  0.001475	  0.002883	     -1.00	    435.75	    205.39	      2.71	      2.41	     47.52	     42.21	-3.89	 7.989e-05	      4.18	0	Gaussian	311.046837	46.293172
323	1	  0.001537	  0.003309	     -1.00	    766.48	    755.30	      2.40	      2.32	     41.97	     40.58	-0.55	 2.587e-04	      4.18	0	Gaussian	308.526524	43.835616
324	1	  0.001500	  0.002776	     -1.00	    122.05	     84.61	      2.60	      2.57	     45.50	     44.99	34.39	 7.629e-05	      4.19	0	Gaussian	313.273635	46.685843
325	1	  0.001530	  0.002736	     -1.00	    348.28	    100.05	      2.75	      2.37	     48.06	     41.53	12.82	 2.655e-04	      4.19	0	Gaussian	311.718026	46.742898
326	1	  0.001455	  0.002691	     -1.00	    163.98	    146.02	      2.59	      2.59	     45.41	     45.32	62.34	 5.073e-05	      4.19	0	Gaussian	312.937024	46.424535
327	1	  0.001508	  0.002836	     -1.00	    437.06	    582.81	      2.63	      2.45	     46.04	     42.85	-83.14	 1.464e-04	      4.19	0	Gaussian	310.789219	44.518929
328	1	  0.001516	  0.002716	     -1.00	    767.50	    119.93	      2.58	      2.58	     45.09	     45.08	-37.74	 1.764e-04	      4.20	0	Gaussian	308.825823	46.833775
329	1	  0.001504	  0.003339	     -1.00	    614.62	     52.48	      2.43	      2.22	     42.59	     38.91	-3.95	 1.594e-04	      4.20	0	Gaussian	309.918224	47.091645
330	1	  0.001460	  0.002710	     -1.00	    170.88	    742.94	      2.64	      2.57	     46.25	     44.98	37.44	 2.895e-05	      4.20	0	Gaussian	312.418651	43.630137
331	1	  0.001509	  0.002753	     -1.00	     48.09	    214.41	      2.74	      2.46	     47.96	     43.11	-31.21	 1.070e-04	      4.20	0	Gaussian	313.660385	46.033712
332	1	  0.001604	  0.002559	     -1.00	    284.18	    683.39	      2.67	      2.67	     46.69	     46.67	38.60	 6.016e-04	      4.21	0	Gaussian	311.725278	43.970609
333	1	  0.001690	  0.003640	     -1.00	    767.42	    285.37	      2.29	      2.13	     40.16	     37.26	2.31	 9.025e-04	      4.21	0	Gaussian	308.743757	46.054863
334	1	  0.001513	  0.002873	     -1.00	    323.01	    345.85	      2.53	      2.50	     44.28	     43.75	-63.41	 2.731e-04	      4.21	0	Gaussian	311.709603	45.577232
335	1	  0.001511	  0.001696	     -1.00	    284.68	    766.12	      4.15	      2.59	     72.70	     45.39	12.75	 6.654e-05	      4.22	0	Gaussian	311.664029	43.581538
336	1	  0.001452	  0.002830	     -1.00	    472.96	    150.19	      2.59	      2.46	     45.28	     43.06	17.65	 8.126e-05	      4.22	0	Gaussian	310.830237	46.570017
337	1	  0.001509	  0.002877	     -1.00	    242.08	    201.41	      2.61	      2.40	     45.69	     41.97	1.06	 2.130e-04	      4.23	0	Gaussian	312.363445	46.210623
338	1	  0.001490	  0.002595	     -1.00	    752.21	    379.68	      2.82	      2.37	     49.36	     41.47	-25.92	 1.676e-04	      4.23	0	Gaussian	308.800307	45.604946
339	1	  0.001465	  0.002987	     -1.00	    166.69	    569.70	      2.48	      2.38	     43.48	     41.58	19.78	 1.019e-04	      4.23	0	Gaussian	312.578610	44.441437
340	1	  0.001451	  0.002547	     -1.00	    739.73	    249.10	      2.68	      2.63	     46.83	     45.99	-8.08	 5.468e-05	      4.24	0	Gaussian	308.950529	46.215921
341	1	  0.001564	  0.003036	     -1.00	    172.39	    684.02	      2.41	      2.41	     42.26	     42.26	22.80	 4.251e-04	      4.25	0	Gaussian	312.453516	43.907807
342	1	  0.001445	  0.002632	     -1.00	    184.83	    778.02	      2.61	      2.55	     45.68	     44.61	-54.18	 2.233e-05	      4.25	0	Gaussian	312.302083	43.472940
343	1	  0.001505	  0.002934	     -1.00	    334.95	    170.45	      2.53	      2.33	     44.25	     40.72	-3.43	 1.556e-04	      4.25	0	Gaussian	311.757040	46.406129
344	1	  0.001573	  0.001195	     -1.00	    566.89	     61.05	      4.89	      2.88	     85.56	     50.45	79.50	 3.555e-04	      4.26	0	Gaussian	310.242610	47.031021
345	1	  0.001459	  0.002638	     -1.00	      6.28	    112.93	      2.60	      2.56	     45.59	     44.74	71.30	 9.469e-05	      4.26	0	Gaussian	314.033375	46.479928
346	1	  0.001479	  0.002660	     -1.00	    256.96	    642.98	      2.50	      2.49	     43.78	     43.62	57.99	 4.911e-05	      4.27	0	Gaussian	311.932108	44.146468
347	1	  0.001564	  0.002560	     -1.00	    267.16	    152.60	      2.87	      2.37	     50.26	     41.56	-7.87	 1.248e-04	      4.27	0	Gaussian	312.231382	46.453111
348	1	  0.001455	  0.002696	     -1.00	    736.06	    191.81	      2.52	      2.45	     44.11	     42.90	-23.27	 7.652e-05	      4.27	0	Gaussian	309.005063	46.484336
349	1	  0.001540	  0.002873	     -1.00	    513.84	    759.77	      2.48	      2.40	     43.36	     41.94	1.01	 3.545e-04	      4.27	0	Gaussian	310.176872	43.718697
350	1	  0.001476	  0.002756	     -1.00	    737.93	     52.39	      2.66	      2.35	     46.48	     41.18	-12.97	 1.696e-04	      4.28	0	Gaussian	309.065095	47.140565
351	1	  0.001567	  0.002733	     -1.00	    493.89	    323.24	      2.58	      2.42	     45.10	     42.42	-20.44	 3.240e-04	      4.28	0	Gaussian	310.575538	45.766808
352	1	  0.001471	  0.002637	     -1.00	     19.03	    722.04	      2.57	      2.47	     44.97	     43.24	21.85	 8.025e-05	      4.28	0	Gaussian	313.417512	43.640195
353	1	  0.001448	  0.002559	     -1.00	    760.09	    589.22	      2.60	      2.54	     45.48	     44.37	14.66	 2.377e-05	      4.28	0	Gaussian	308.646159	44.618485
354	1	  0.001588	  0.003225	     -1.00	    777.91	    425.47	      2.38	      2.17	     41.71	     38.00	-6.41	 6.330e-04	      4.28	0	Gaussian	308.604852	45.397755
355	1	  0.001432	  0.002623	     -1.00	    505.22	    171.13	      2.54	      2.54	     44.52	     44.42	-10.91	 5.165e-05	      4.28	0	Gaussian	310.596110	46.486745
356	1	  0.001554	  0.002952	     -1.00	    294.61	     62.19	      2.40	      2.35	     42.05	     41.06	-7.69	 1.960e-04	      4.28	0	Gaussian	312.114033	46.891190
357	1	  0.001467	  0.002667	     -1.00	    532.00	    513.76	      2.56	      2.49	     44.86	     43.61	0.52	 4.008e-05	      4.29	0	Gaussian	310.202700	44.886706
358	1	  0.001560	  0.001807	     -1.00	      5.16	    283.43	      3.50	      2.62	     61.24	     45.82	33.23	 1.536e-04	      4.29	0	Gaussian	313.886377	45.683977
359	1	  0.001466	  0.002968	     -1.00	    618.40	    281.26	      2.43	      2.33	     42.55	     40.77	-1.44	 8.003e-05	      4.29	0	Gaussian	309.758455	46.017965
360	1	  0.001472	  0.002557	     -1.00	    565.86	    442.28	      2.70	      2.47	     47.24	     43.17	-6.35	 8.471e-05	      4.29	0	Gaussian	310.019077	45.237949
361	1	  0.001466	  0.002607	     -1.00	    602.94	     69.38	      2.64	      2.44	     46.21	     42.68	-7.29	 7.332e-05	      4.29	0	Gaussian	309.988733	47.007437
362	1	  0.001485	  0.002403	     -1.00	     15.92	    265.84	      2.72	      2.61	     47.52	     45.63	23.46	 9.941e-05	      4.29	0	Gaussian	313.830280	45.773030
363	1	  0.001481	  0.002652	     -1.00	    442.13	    751.00	      2.48	      2.48	     43.43	     43.37	-4.28	 5.439e-05	      4.29	0	Gaussian	310.649906	43.728539
364	1	  0.001504	  0.002515	     -1.00	    526.68	    747.38	      2.81	      2.42	     49.10	     42.36	-14.61	 1.846e-04	      4.29	0	Gaussian	310.100237	43.782598
365	1	  0.001469	  0.001723	     -1.00	    298.19	    137.94	      3.14	      3.11	     55.00	     54.51	10.12	 1.151e-04	      4.29	0	Gaussian	312.031555	46.538748
366	1	  0.001583	  0.002509	     -1.00	    522.86	    293.91	      2.60	      2.60	     45.53	     45.52	-40.85	 3.008e-04	      4.30	0	Gaussian	310.398267	45.917786
367	1	  0.001516	  0.002849	     -1.00	    283.47	    101.78	      2.42	      2.37	     42.36	     41.47	5.07	 1.318e-04	      4.30	0	Gaussian	312.159622	46.699918
368	1	  0.001529	  0.002577	     -1.00	    254.70	    381.44	      2.73	      2.40	     47.76	     42.02	-1.68	 2.218e-04	      4.30	0	Gaussian	312.140265	45.373830
369	1	  0.001482	  0.002539	     -1.00	     86.54	    121.15	      2.56	      2.56	     44.86	     44.78	76.57	 9.915e-05	      4.31	0	Gaussian	313.482987	46.493287
370	1	  0.001486	  0.002591	     -1.00	    287.04	    486.99	      2.54	      2.45	     44.54	     42.85	-25.95	 8.343e-05	      4.31	0	Gaussian	311.847097	44.895534
371	1	  0.001461	  0.002530	     -1.00	    566.77	    310.02	      2.59	      2.54	     45.33	     44.37	44.89	 4.976e-05	      4.31	0	Gaussian	310.091410	45.861118
372	1	  0.001464	  0.001766	     -1.00	    561.07	    197.62	      3.48	      2.70	     60.85	     47.20	1.09	 9.144e-05	      4.32	0	Gaussian	310.198211	46.387240
373	1	  0.001487	  0.002863	     -1.00	    244.69	    297.29	      2.44	      2.32	     42.70	     40.63	-10.27	 1.906e-04	      4.32	0	Gaussian	312.271397	45.762953
374	1	  0.001455	  0.002413	     -1.00	    359.16	    687.26	      2.59	      2.59	     45.41	     45.29	46.13	 3.885e-05	      4.32	0	Gaussian	311.232746	43.989948
375	1	  0.001534	  0.002980	     -1.00	    525.53	    359.27	      2.36	      2.29	     41.31	     40.06	-2.30	 1.260e-04	      4.32	0	Gaussian	310.339744	45.611468
376	1	  0.001498	  0.002769	     -1.00	    478.52	    440.63	      2.51	      2.30	     43.96	     40.33	-8.01	 1.545e-04	      4.33	0	Gaussian	310.604250	45.207461
377	1	  0.001589	  0.002810	     -1.00	    314.80	    104.24	      2.40	      2.38	     42.08	     41.73	-34.14	 3.088e-04	      4.33	0	Gaussian	311.943797	46.705437
378	1	  0.001446	  0.002249	     -1.00	    112.13	    336.68	      2.84	      2.59	     49.65	     45.38	-20.94	 7.985e-05	      4.33	0	Gaussian	313.126972	45.501849
379	1	  0.001454	  0.002422	     -1.00	    597.40	    526.03	      2.56	      2.56	     44.87	     44.85	-6.98	 3.177e-05	      4.34	0	Gaussian	309.760468	44.856197
380	1	  0.001478	  0.002347	     -1.00	    726.96	    493.60	      2.72	      2.52	     47.53	     44.04	-12.68	 5.010e-05	      4.34	0	Gaussian	308.913372	45.058528
381	1	  0.001582	  0.002809	     -1.00	    226.73	    120.46	      2.44	      2.29	     42.70	     40.12	3.26	 1.880e-04	      4.34	0	Gaussian	312.531667	46.580649
382	1	  0.001447	  0.002382	     -1.00	    216.20	    793.04	      2.65	      2.56	     46.35	     44.85	-22.06	 2.803e-05	      4.34	0	Gaussian	312.088338	43.419205
383	1	  0.001504	  0.002765	     -1.00	    446.57	    366.61	      2.52	      2.22	     44.05	     38.85	8.78	 1.389e-04	      4.34	0	Gaussian	310.866015	45.540957
384	1	  0.001451	  0.002065	     -1.00	    475.67	    671.74	      2.99	      2.54	     52.41	     44.55	-27.01	 3.546e-05	      4.34	0	Gaussian	310.479380	44.117321
385	1	  0.001465	  0.002672	     -1.00	    506.35	    318.26	      2.50	      2.38	     43.81	     41.64	10.95	 5.374e-05	      4.35	0	Gaussian	310.494623	45.795855
386	1	  0.001476	  0.002790	     -1.00	    240.62	    339.62	      2.45	      2.32	     42.89	     40.68	5.36	 8.180e-05	      4.35	0	Gaussian	312.266221	45.562259
387	1	  0.001457	  0.000598	     -1.00	    199.85	    351.15	      5.45	      4.82	     95.37	     84.33	-59.49	 1.514e-04	      4.35	0	Gaussian	312.529862	45.485358
388	1	  0.001454	  0.002425	     -1.00	    362.35	    490.11	      2.65	      2.45	     46.38	     42.96	-76.16	 7.821e-05	      4.35	0	Gaussian	311.345386	44.919359
389	1	  0.001468	  0.001429	     -1.00	    389.10	     99.42	      4.36	      2.65	     76.26	     46.33	6.21	 8.911e-05	      4.35	0	Gaussian	311.439125	46.766942
390	1	  0.001466	  0.002503	     -1.00	    444.16	    141.90	      2.52	      2.48	     44.09	     43.45	0.99	 7.547e-05	      4.36	0	Gaussian	311.032688	46.595156
391	1	  0.001512	  0.002847	     -1.00	    624.58	    119.51	      2.43	      2.26	     42.60	     39.50	-4.40	 2.344e-04	      4.36	0	Gaussian	309.809965	46.781096
392	1	  0.001562	  0.002491	     -1.00	    284.99	    721.39	      2.72	      2.31	     47.53	     40.44	-8.98	 2.239e-04	      4.36	0	Gaussian	311.693283	43.792205
393	1	  0.001454	  0.002357	     -1.00	    358.11	    700.95	      2.58	      2.57	     45.20	     44.90	-13.28	 3.377e-05	      4.37	0	Gaussian	311.230466	43.924958
394	1	  0.001450	  0.002706	     -1.00	    648.41	    698.32	      2.47	      2.34	     43.17	     40.87	4.04	 3.708e-05	      4.37	0	Gaussian	309.329588	44.062957
395	1	  0.001452	  0.002780	     -1.00	    580.44	    263.56	      2.45	      2.28	     42.88	     39.88	-5.62	 1.019e-04	      4.37	0	Gaussian	310.026492	46.085489
396	1	  0.001428	  0.001993	     -1.00	    678.20	    223.53	      2.87	      2.72	     50.20	     47.56	-38.15	 3.916e-05	      4.37	0	Gaussian	309.383817	46.313399
397	1	  0.001467	  0.000319	     -1.00	    441.61	    255.48	     10.29	      4.97	    180.14	     87.03	-70.29	 7.412e-05	      4.38	0	Gaussian	310.973231	46.060824
398	1	  0.001505	  0.002040	     -1.00	    763.82	    712.58	      2.92	      2.66	     51.15	     46.57	-29.22	 1.228e-04	      4.38	0	Gaussian	308.563669	44.036710
399	1	  0.001457	  0.002108	     -1.00	    106.96	    107.77	      2.81	      2.64	     49.17	     46.25	34.06	 5.222e-05	      4.38	0	Gaussian	313.356161	46.568465
400	1	  0.001452	  0.002099	     -1.00	     88.85	    640.97	      2.78	      2.53	     48.60	     44.34	68.42	 3.074e-05	      4.39	0	Gaussian	313.031001	44.062112
401	1	  0.001526	  0.002148	     -1.00	    322.13	    168.35	      2.75	      2.74	     48.14	     47.95	-43.75	 1.721e-04	      4.39	0	Gaussian	311.845710	46.409183
402	1	  0.001489	  0.002256	     -1.00	    467.18	    710.03	      2.65	      2.56	     46.38	     44.90	-61.57	 1.100e-04	      4.39	0	Gaussian	310.511574	43.932997
403	1	  0.001528	  0.002482	     -1.00	     33.55	    378.53	      2.52	      2.40	     44.13	     41.94	7.61	 9.025e-05	      4.39	0	Gaussian	313.613879	45.257697
404	1	  0.001550	  0.002792	     -1.00	    274.57	    707.57	      2.37	      2.28	     41.42	     39.89	-1.81	 2.263e-04	      4.39	0	Gaussian	311.770885	43.851853
405	1	  0.001435	  0.002230	     -1.00	    585.97	    567.70	      2.61	      2.53	     45.71	     44.26	27.08	 2.644e-05	      4.39	0	Gaussian	309.812860	44.654979
406	1	  0.001496	  0.002755	     -1.00	    609.55	    627.55	      2.42	      2.27	     42.28	     39.77	-4.63	 1.116e-04	      4.40	0	Gaussian	309.623497	44.382053
407	1	  0.001466	  0.002121	     -1.00	    593.99	     18.48	      2.67	      2.62	     46.78	     45.85	24.30	 6.543e-05	      4.40	0	Gaussian	310.081532	47.242419
408	1	  0.001461	  0.002004	     -1.00	      9.09	     92.79	      2.82	      2.70	     49.31	     47.17	52.99	 9.669e-05	      4.40	0	Gaussian	314.032830	46.575605
409	1	  0.001447	  0.002325	     -1.00	    736.29	    378.07	      2.60	      2.54	     45.58	     44.42	-59.07	 3.838e-05	      4.40	0	Gaussian	308.908491	45.606902
410	1	  0.001439	  0.002509	     -1.00	    492.23	    178.73	      2.53	      2.38	     44.31	     41.60	-25.73	 4.699e-05	      4.41	0	Gaussian	310.679861	46.445091
411	1	  0.001466	  0.002260	     -1.00	    539.78	    653.11	      2.64	      2.58	     46.16	     45.11	-14.84	 5.583e-05	      4.41	0	Gaussian	310.069073	44.232921
412	1	  0.001546	  0.002627	     -1.00	    275.76	    579.76	      2.43	      2.33	     42.49	     40.74	29.45	 3.957e-04	      4.41	0	Gaussian	311.854410	44.453630
413	1	  0.001479	  0.002661	     -1.00	    239.49	    238.49	      2.43	      2.32	     42.47	     40.68	-2.06	 5.226e-05	      4.41	0	Gaussian	312.351960	46.035524
414	1	  0.001447	  0.002099	     -1.00	    624.52	    231.15	      2.70	      2.61	     47.18	     45.67	-56.73	 6.858e-05	      4.41	0	Gaussian	309.745615	46.256277
415	1	  0.001498	  0.002342	     -1.00	    544.16	    299.82	      2.60	      2.50	     45.58	     43.72	-21.48	 1.380e-04	      4.41	0	Gaussian	310.250536	45.899362
416	1	  0.001540	  0.002102	     -1.00	    194.60	    112.03	      2.64	      2.61	     46.17	     45.67	75.17	 2.899e-04	      4.42	0	Gaussian	312.757110	46.601451
417	1	  0.001452	  0.002306	     -1.00	    101.72	    200.15	      2.63	      2.48	     46.07	     43.40	4.46	 5.720e-05	      4.42	0	Gaussian	313.312067	46.133903
418	1	  0.001511	  0.002560	     -1.00	     76.78	    200.42	      2.49	      2.30	     43.57	     40.34	-7.83	 2.697e-04	      4.42	0	Gaussian	313.479720	46.117147
419	1	  0.001455	  0.002191	     -1.00	    767.68	      8.88	      2.71	      2.55	     47.40	     44.59	-18.34	 3.753e-05	      4.43	0	Gaussian	308.881280	47.355684
420	1	  0.001500	  0.001974	     -1.00	    256.23	    189.11	      2.88	      2.55	     50.34	     44.57	-0.93	 8.065e-05	      4.43	0	Gaussian	312.277226	46.276139
421	1	  0.001612	  0.002703	     -1.00	    319.48	     46.35	      2.33	      2.28	     40.81	     39.85	-4.46	 2.034e-04	      4.43	0	Gaussian	311.955643	46.978805
422	1	  0.001507	  0.002567	     -1.00	    421.69	    726.71	      2.44	      2.33	     42.62	     40.77	14.70	 1.341e-04	      4.43	0	Gaussian	310.798489	43.833708
423	1	  0.001506	  0.002514	     -1.00	    773.78	    588.36	      2.52	      2.28	     44.09	     39.88	-13.47	 1.820e-04	      4.43	0	Gaussian	308.555624	44.627190
424	1	  0.001586	  0.002591	     -1.00	    771.53	    550.19	      2.40	      2.32	     42.08	     40.56	3.63	 6.583e-04	      4.44	0	Gaussian	308.588508	44.806735
425	1	  0.001450	  0.002461	     -1.00	     99.45	    609.65	      2.48	      2.39	     43.42	     41.79	7.75	 3.568e-05	      4.44	0	Gaussian	312.987163	44.215249
426	1	  0.001496	  0.000863	     -1.00	    264.93	     47.59	      6.37	      2.52	    111.52	     44.12	20.96	 1.509e-04	      4.45	0	Gaussian	312.328743	46.942939
427	1	  0.001514	  0.002360	     -1.00	    367.06	    570.65	      2.56	      2.40	     44.76	     42.09	-29.62	 1.903e-04	      4.45	0	Gaussian	311.259256	44.542788
428	1	  0.001459	  0.001793	     -1.00	    393.98	    469.97	      2.92	      2.66	     51.11	     46.56	2.92	 9.878e-05	      4.45	0	Gaussian	311.148828	45.029651
429	1	  0.001538	  0.000962	     -1.00	     62.45	    234.10	      5.76	      2.52	    100.80	     44.11	-51.91	 1.420e-04	      4.45	0	Gaussian	313.546715	45.950879
430	1	  0.001500	  0.002405	     -1.00	    339.66	    628.26	      2.49	      2.39	     43.52	     41.88	-13.84	 1.354e-04	      4.45	0	Gaussian	311.400415	44.258087
431	1	  0.001748	  0.002847	     -1.00	    429.75	    424.25	      2.28	      2.17	     39.98	     37.99	-24.61	 1.560e-03	      4.45	0	Gaussian	310.940749	45.261912
432	1	  0.001454	  0.002411	     -1.00	    654.60	    650.62	      2.50	      2.37	     43.84	     41.50	-2.48	 3.669e-05	      4.46	0	Gaussian	309.313766	44.290582
433	1	  0.001458	  0.001848	     -1.00	    239.85	    530.04	      2.89	      2.66	     50.52	     46.55	-73.48	 6.466e-05	      4.46	0	Gaussian	312.127386	44.668122
434	1	  0.001410	  0.002242	     -1.00	    404.93	    424.27	      2.60	      2.45	     45.45	     42.92	-17.04	 4.627e-05	      4.46	0	Gaussian	311.106617	45.249914
435	1	  0.001457	  0.002372	     -1.00	    502.44	    738.68	      2.52	      2.38	     44.09	     41.74	-4.63	 4.942e-05	      4.46	0	Gaussian	310.263732	43.813308
436	1	  0.001567	  0.002610	     -1.00	    750.42	    530.59	      2.37	      2.28	     41.45	     39.94	-7.58	 5.115e-04	      4.46	0	Gaussian	308.738590	44.892127
437	1	  0.001464	  0.002226	     -1.00	    295.91	    535.21	      2.57	      2.49	     45.04	     43.66	-18.86	 1.198e-04	      4.46	0	Gaussian	311.753627	44.673563
438	1	  0.001486	  0.002369	     -1.00	    406.07	    523.73	      2.49	      2.41	     43.55	     42.11	-21.88	 1.909e-04	      4.46	0	Gaussian	311.032699	44.782508
439	1	  0.001462	  0.001942	     -1.00	    563.83	    296.41	      2.83	      2.57	     49.57	     45.06	-75.38	 6.800e-05	      4.46	0	Gaussian	310.119445	45.923878
440	1	  0.001457	  0.002464	     -1.00	    384.60	    151.50	      2.50	      2.30	     43.68	     40.26	2.41	 6.866e-05	      4.47	0	Gaussian	311.432636	46.520586
441	1	  0.001441	  0.002207	     -1.00	    680.74	    287.91	      2.60	      2.51	     45.48	     43.86	-31.82	 6.929e-05	      4.47	0	Gaussian	309.331571	46.011278
442	1	  0.001568	  0.002564	     -1.00	    327.27	    337.31	      2.38	      2.29	     41.66	     40.00	20.15	 3.211e-04	      4.48	0	Gaussian	311.687167	45.619535
443	1	  0.001544	  0.002547	     -1.00	    739.95	    429.56	      2.40	      2.22	     42.03	     38.83	0.48	 2.874e-04	      4.48	0	Gaussian	308.858156	45.365366
444	1	  0.001497	  0.002142	     -1.00	    330.19	    688.10	      2.58	      2.53	     45.15	     44.26	-0.34	 6.894e-05	      4.48	0	Gaussian	311.421567	43.971698
445	1	  0.001509	  0.002371	     -1.00	    718.00	    248.68	      2.51	      2.39	     43.97	     41.78	-13.66	 1.157e-04	      4.48	0	Gaussian	309.098918	46.210012
446	1	  0.001517	  0.002363	     -1.00	    354.42	     92.79	      2.45	      2.38	     42.96	     41.74	-8.70	 3.008e-04	      4.48	0	Gaussian	311.681389	46.780087
447	1	  0.001481	  0.002436	     -1.00	    769.31	    490.54	      2.49	      2.28	     43.59	     39.88	-2.61	 6.693e-05	      4.48	0	Gaussian	308.631585	45.087712
448	1	  0.001470	  0.000870	     -1.00	    692.48	    397.92	      5.61	      2.86	     98.20	     50.09	-60.63	 8.608e-05	      4.49	0	Gaussian	309.193632	45.497315
449	1	  0.001497	  0.002386	     -1.00	    154.52	    229.28	      2.46	      2.37	     43.08	     41.45	-4.26	 8.860e-05	      4.49	0	Gaussian	312.931968	46.029664
450	1	  0.001482	  0.002120	     -1.00	    260.75	    163.95	      2.63	      2.54	     45.97	     44.39	-44.72	 7.955e-05	      4.49	0	Gaussian	312.266149	46.396411
451	1	  0.001460	  0.001740	     -1.00	    123.01	    116.47	      3.11	      2.61	     54.47	     45.76	11.92	 5.170e-05	      4.49	0	Gaussian	313.239788	46.537771
452	1	  0.001472	  0.000967	     -1.00	    467.43	    382.65	      4.02	      3.65	     70.38	     63.82	75.48	 6.913e-05	      4.50	0	Gaussian	310.715540	45.475249
453	1	  0.001666	  0.001738	     -1.00	    137.11	     74.44	      2.98	      2.53	     52.13	     44.36	24.29	 3.848e-04	      4.50	0	Gaussian	313.179913	46.742574
454	1	  0.001472	  0.001485	     -1.00	    728.07	    523.79	      3.07	      2.95	     53.79	     51.68	64.57	 5.924e-05	      4.50	0	Gaussian	308.890969	44.916397
455	1	  0.001557	  0.002330	     -1.00	    731.81	    431.62	      2.53	      2.25	     44.23	     39.30	4.67	 2.628e-04	      4.51	0	Gaussian	308.911798	45.352728
456	1	  0.001482	  0.002151	     -1.00	    201.65	    138.71	      2.60	      2.38	     45.50	     41.70	1.01	 8.031e-05	      4.51	0	Gaussian	312.687473	46.480841
457	1	  0.001499	  0.002386	     -1.00	     58.59	    624.43	      2.44	      2.32	     42.78	     40.64	7.20	 1.338e-04	      4.51	0	Gaussian	313.241567	44.121681
458	1	  0.001493	  0.001942	     -1.00	    342.14	     30.79	      2.82	      2.54	     49.43	     44.40	20.99	 1.238e-04	      4.52	0	Gaussian	311.811696	47.063715
459	1	  0.001461	  0.002243	     -1.00	    452.52	    732.80	      2.48	      2.42	     43.35	     42.35	-0.71	 5.966e-05	      4.52	0	Gaussian	310.593416	43.819044
460	1	  0.001441	  0.001721	     -1.00	     47.53	     25.11	      2.98	      2.53	     52.13	     44.30	9.02	 5.779e-05	      4.53	0	Gaussian	313.833662	46.915984
461	1	  0.001449	  0.002077	     -1.00	    112.17	    278.07	      2.54	      2.53	     44.46	     44.20	-32.17	 1.420e-04	      4.54	0	Gaussian	313.175765	45.776048
462	1	  0.001414	  0.001790	     -1.00	    107.17	    482.09	      2.83	      2.66	     49.55	     46.52	-83.46	 4.573e-05	      4.54	0	Gaussian	313.039942	44.817889
463	1	  0.001437	  0.001922	     -1.00	    529.07	    614.95	      2.61	      2.61	     45.74	     45.63	-35.43	 1.782e-05	      4.55	0	Gaussian	310.161996	44.408365
464	1	  0.001409	  0.002155	     -1.00	     59.31	    474.41	      2.54	      2.41	     44.47	     42.24	10.71	 3.566e-05	      4.55	0	Gaussian	313.361687	44.825015
465	1	  0.001436	  0.001863	     -1.00	    242.95	    508.02	      2.59	      2.59	     45.32	     45.31	-34.99	 3.327e-05	      4.55	0	Gaussian	312.123333	44.773248
466	1	  0.001475	  0.001907	     -1.00	    762.68	    338.00	      2.70	      2.52	     47.25	     44.07	8.89	 8.773e-05	      4.55	0	Gaussian	308.750018	45.805126
467	1	  0.001510	  0.001542	     -1.00	    571.93	     82.14	      3.52	      2.40	     61.68	     41.94	0.52	 1.740e-04	      4.56	0	Gaussian	310.194754	46.934229
468	1	  0.001456	  0.001927	     -1.00	    548.06	    252.52	      2.79	      2.50	     48.83	     43.77	17.37	 1.017e-04	      4.56	0	Gaussian	310.253052	46.123493
469	1	  0.001450	  0.001635	     -1.00	     92.92	    325.39	      3.02	      2.73	     52.92	     47.86	-0.92	 9.158e-05	      4.56	0	Gaussian	313.264543	45.543022
470	1	  0.001526	  0.002063	     -1.00	    419.12	    226.95	      2.45	      2.45	     42.94	     42.93	13.66	 1.548e-04	      4.56	0	Gaussian	311.145042	46.183887
471	1	  0.001430	  0.001873	     -1.00	    711.64	     43.01	      2.60	      2.50	     45.59	     43.83	15.06	 6.219e-05	      4.57	0	Gaussian	309.252218	47.174831
472	1	  0.001459	  0.001100	     -1.00	    444.44	    102.60	      4.63	      2.67	     81.08	     46.73	3.64	 7.195e-05	      4.57	0	Gaussian	311.057599	46.779553
473	1	  0.001435	  0.001631	     -1.00	    145.39	    352.84	      3.02	      2.62	     52.91	     45.85	5.28	 4.171e-05	      4.59	0	Gaussian	312.891903	45.445987
474	1	  0.001487	  0.002119	     -1.00	    162.20	    265.38	      2.53	      2.34	     44.29	     40.96	11.65	 8.906e-05	      4.59	0	Gaussian	312.850695	45.865311
475	1	  0.001492	  0.001971	     -1.00	    403.65	    532.74	      2.65	      2.32	     46.42	     40.64	-12.87	 2.237e-04	      4.59	0	Gaussian	311.042744	44.738951
476	1	  0.001464	  0.001840	     -1.00	    691.17	    529.97	      2.57	      2.57	     44.94	     44.93	11.42	 1.571e-04	      4.60	0	Gaussian	309.133866	44.873855
477	1	  0.001430	  0.001999	     -1.00	     74.83	    172.66	      2.60	      2.41	     45.52	     42.20	23.36	 5.630e-05	      4.60	0	Gaussian	313.517055	46.245512
478	1	  0.001485	  0.001224	     -1.00	    332.45	      9.34	      3.30	      3.14	     57.83	     54.99	73.04	 9.348e-05	      4.60	0	Gaussian	311.894546	47.158859
479	1	  0.001446	  0.001988	     -1.00	    233.64	    472.19	      2.56	      2.47	     44.73	     43.25	-19.63	 5.514e-05	      4.60	0	Gaussian	312.211843	44.936424
480	1	  0.001439	  0.000587	     -1.00	    123.22	    182.32	      5.42	      4.01	     94.82	     70.15	74.51	 5.770e-05	      4.61	0	Gaussian	313.182227	46.230359
481	1	  0.001532	  0.001887	     -1.00	    648.88	    252.34	      2.71	      2.46	     47.48	     43.08	-15.62	 4.164e-04	      4.61	0	Gaussian	309.567665	46.166359
482	1	  0.001459	  0.001838	     -1.00	    781.15	    742.86	      2.63	      2.59	     46.08	     45.26	2.08	 5.679e-05	      4.62	0	Gaussian	308.435976	43.899267
483	1	  0.001473	  0.002062	     -1.00	    246.33	    744.38	      2.50	      2.38	     43.82	     41.61	6.03	 5.753e-05	      4.62	0	Gaussian	311.928266	43.663993
484	1	  0.001553	  0.002230	     -1.00	     83.56	    201.28	      2.36	      2.30	     41.27	     40.31	6.06	 3.352e-04	      4.63	0	Gaussian	313.433343	46.117345
485	1	  0.001460	  0.001532	     -1.00	    662.93	    332.93	      2.88	      2.85	     50.38	     49.85	40.30	 5.161e-05	      4.63	0	Gaussian	309.427834	45.792403
486	1	  0.001444	  0.001469	     -1.00	    790.47	    391.16	      3.17	      2.75	     55.40	     48.16	-11.82	 5.187e-05	      4.63	0	Gaussian	308.536558	45.563903
487	1	  0.001650	  0.002240	     -1.00	     86.83	     70.37	      2.52	      2.20	     44.07	     38.49	7.23	 7.707e-04	      4.64	0	Gaussian	313.525547	46.730275
488	1	  0.001462	  0.001904	     -1.00	    623.16	    511.99	      2.51	      2.51	     43.99	     43.92	37.68	 4.480e-05	      4.64	0	Gaussian	309.596683	44.932724
489	1	  0.001443	  0.001620	     -1.00	    480.89	    624.81	      2.78	      2.67	     48.72	     46.73	17.64	 2.442e-05	      4.64	0	Gaussian	310.473764	44.340871
490	1	  0.001512	  0.002030	     -1.00	    263.87	    376.70	      2.55	      2.31	     44.58	     40.36	13.63	 2.147e-04	      4.64	0	Gaussian	312.082611	45.401055
491	1	  0.001487	  0.000415	     -1.00	    390.43	    218.33	     10.72	      2.90	    187.59	     50.71	10.85	 7.941e-05	      4.65	0	Gaussian	311.345694	46.210146
492	1	  0.001444	  0.001043	     -1.00	    723.92	    272.60	      3.43	      3.32	     59.99	     58.08	-89.01	 6.659e-05	      4.65	0	Gaussian	309.046159	46.099542
493	1	  0.001442	  0.001713	     -1.00	    682.14	    442.90	      2.60	      2.60	     45.47	     45.46	-16.92	 5.257e-05	      4.65	0	Gaussian	309.239490	45.281346
494	1	  0.001479	  0.001794	     -1.00	    258.31	    764.05	      2.61	      2.58	     45.66	     45.22	-16.08	 5.373e-05	      4.65	0	Gaussian	311.836543	43.577712
495	1	  0.001467	  0.001625	     -1.00	    138.91	    639.96	      2.74	      2.72	     48.00	     47.62	11.36	 3.699e-05	      4.65	0	Gaussian	312.705615	44.095876
496	1	  0.001414	  0.001811	     -1.00	    212.24	    497.76	      2.64	      2.50	     46.15	     43.76	-45.33	 4.348e-05	      4.66	0	Gaussian	312.333994	44.804641
497	1	  0.001440	  0.001833	     -1.00	     84.66	    412.76	      2.61	      2.47	     45.76	     43.23	13.26	 1.190e-04	      4.66	0	Gaussian	313.246035	45.129122
498	1	  0.001511	  0.000554	     -1.00	    441.82	    215.52	      9.15	      2.42	    160.11	     42.39	-14.33	 2.424e-04	      4.67	0	Gaussian	310.998723	46.248594
499	1	  0.001480	  0.001660	     -1.00	    593.35	    502.26	      2.69	      2.67	     47.15	     46.69	4.83	 9.061e-05	      4.67	0	Gaussian	309.800861	44.966632
500	1	  0.001518	  0.002153	     -1.00	    708.45	    311.49	      2.41	      2.25	     42.25	     39.36	-4.74	 1.358e-04	      4.67	0	Gaussian	309.130960	45.910620
501	1	  0.001496	  0.001062	     -1.00	    246.22	    718.52	      3.25	      3.25	     56.81	     56.80	6.64	 1.578e-04	      4.68	0	Gaussian	311.947599	43.785575
502	1	  0.001448	  0.001900	     -1.00	    604.32	    452.20	      2.54	      2.42	     44.49	     42.38	19.73	 1.142e-04	      4.68	0	Gaussian	309.755901	45.207093
503	1	  0.001488	  0.001873	     -1.00	    325.13	    101.67	      2.60	      2.34	     45.58	     40.98	-19.70	 1.087e-04	      4.68	0	Gaussian	311.875158	46.723041
504	1	  0.001524	  0.001341	     -1.00	     66.69	     40.98	      3.53	      2.36	     61.79	     41.36	-54.20	 3.945e-04	      4.68	0	Gaussian	313.688809	46.854441
505	1	  0.001426	  0.001874	     -1.00	    380.92	    371.55	      2.65	      2.24	     46.46	     39.18	8.32	 6.169e-05	      4.68	0	Gaussian	311.303139	45.485982
506	1	  0.001457	  0.001592	     -1.00	    118.86	    347.47	      2.88	      2.61	     50.37	     45.72	21.20	 1.044e-04	      4.68	0	Gaussian	313.073143	45.455382
507	1	  0.001537	  0.000911	     -1.00	    308.43	    740.80	      4.64	      2.69	     81.16	     47.11	-77.04	 1.398e-04	      4.69	0	Gaussian	311.527267	43.712723
508	1	  0.001449	  0.001082	     -1.00	    141.42	    220.00	      4.14	      2.56	     72.39	     44.81	8.62	 7.283e-05	      4.69	0	Gaussian	313.027864	46.065243
509	1	  0.001448	  0.001761	     -1.00	    515.75	     58.27	      2.66	      2.41	     46.59	     42.15	-19.17	 5.967e-05	      4.69	0	Gaussian	310.597063	47.021090
510	1	  0.001488	  0.001819	     -1.00	    319.39	    616.59	      2.56	      2.42	     44.86	     42.40	22.45	 7.763e-05	      4.70	0	Gaussian	311.541573	44.302844
511	1	  0.001498	  0.001870	     -1.00	    710.18	     78.99	      2.46	      2.45	     43.09	     42.87	42.10	 1.560e-04	      4.70	0	Gaussian	309.242796	47.005236
512	1	  0.001473	  0.001811	     -1.00	    342.84	    717.57	      2.61	      2.35	     45.75	     41.22	8.37	 4.396e-05	      4.71	0	Gaussian	311.319018	43.839221
513	1	  0.001428	  0.001242	     -1.00	    543.71	    122.05	      3.08	      2.89	     53.87	     50.63	8.32	 4.494e-05	      4.71	0	Gaussian	310.363926	46.734500
514	1	  0.001539	  0.001335	     -1.00	    348.92	    304.74	      3.03	      2.74	     53.08	     47.98	-19.10	 1.986e-04	      4.72	0	Gaussian	311.565010	45.783591
515	1	  0.001465	  0.001827	     -1.00	    666.56	    519.49	      2.56	      2.39	     44.76	     41.91	11.47	 7.275e-05	      4.72	0	Gaussian	309.303356	44.914144
516	1	  0.001459	  0.001769	     -1.00	    779.71	    300.20	      2.60	      2.43	     45.52	     42.58	-16.04	 7.989e-05	      4.72	0	Gaussian	308.652961	45.989230
517	1	  0.001509	  0.002088	     -1.00	    589.51	    378.43	      2.38	      2.27	     41.73	     39.68	-2.15	 1.608e-04	      4.72	0	Gaussian	309.897621	45.548630
518	1	  0.001469	  0.001388	     -1.00	    400.38	    364.11	      2.84	      2.84	     49.67	     49.63	54.04	 9.169e-05	      4.72	0	Gaussian	311.177747	45.530519
519	1	  0.001455	  0.001816	     -1.00	    727.46	    409.31	      2.55	      2.42	     44.56	     42.37	-13.00	 4.313e-05	      4.72	0	Gaussian	308.952310	45.456402
520	1	  0.001489	  0.000515	     -1.00	    292.16	    166.61	      7.74	      3.01	    135.56	     52.65	25.68	 1.036e-04	      4.73	0	Gaussian	312.050776	46.401202
521	1	  0.001458	  0.000714	     -1.00	    562.35	    257.53	      5.54	      2.94	     97.03	     51.43	7.83	 1.426e-04	      4.73	0	Gaussian	310.152995	46.106151
522	1	  0.001478	  0.001694	     -1.00	    610.95	    514.79	      2.54	      2.47	     44.48	     43.22	6.96	 8.623e-05	      4.74	0	Gaussian	309.676536	44.914676
523	1	  0.001458	  0.001795	     -1.00	    460.77	    127.70	      2.57	      2.37	     45.01	     41.41	8.46	 6.168e-05	      4.75	0	Gaussian	310.928704	46.669724
524	1	  0.001488	  0.001248	     -1.00	    640.82	    479.65	      3.44	      2.65	     60.23	     46.37	-23.47	 1.716e-04	      4.75	0	Gaussian	309.496505	45.092200
525	1	  0.001471	  0.001600	     -1.00	    394.99	    259.54	      2.91	      2.43	     50.87	     42.55	-3.10	 4.943e-05	      4.75	0	Gaussian	311.285995	46.019029
526	1	  0.001420	  0.001806	     -1.00	    127.40	    400.53	      2.52	      2.43	     44.15	     42.49	-0.66	 3.056e-05	      4.75	0	Gaussian	312.972734	45.212004
527	1	  0.001482	  0.001750	     -1.00	    271.78	    788.67	      2.54	      2.43	     44.54	     42.50	24.37	 3.583e-05	      4.75	0	Gaussian	311.731888	43.468784
528	1	  0.001510	  0.001527	     -1.00	    632.91	    171.90	      2.94	      2.40	     51.40	     41.93	-14.68	 1.741e-04	      4.76	0	Gaussian	309.722359	46.538289
529	1	  0.001495	  0.000588	     -1.00	    609.27	    290.30	      7.27	      2.61	    127.26	     45.68	22.77	 2.245e-04	      4.76	0	Gaussian	309.815179	45.971714
530	1	  0.001464	  0.001340	     -1.00	    222.73	    741.88	      3.00	      2.72	     52.44	     47.56	-59.88	 4.033e-05	      4.78	0	Gaussian	312.083297	43.663259
531	1	  0.001560	  0.001938	     -1.00	    346.38	    603.29	      2.39	      2.28	     41.76	     39.97	7.80	 5.440e-04	      4.78	0	Gaussian	311.373355	44.378974
532	1	  0.001435	  0.001637	     -1.00	    189.62	    364.64	      2.63	      2.46	     45.99	     43.13	2.29	 3.815e-05	      4.78	0	Gaussian	312.587493	45.416337
533	1	  0.001500	  0.001321	     -1.00	    214.45	    260.03	      3.08	      2.48	     53.94	     43.46	-44.66	 1.307e-04	      4.78	0	Gaussian	312.503776	45.920534
534	1	  0.001482	  0.001376	     -1.00	    138.81	      5.53	      3.05	      2.63	     53.36	     46.06	-11.29	 4.910e-05	      4.79	0	Gaussian	313.227427	47.065009
535	1	  0.001479	  0.000610	     -1.00	    717.89	    391.68	      5.60	      3.12	     98.10	     54.64	88.17	 1.278e-04	      4.79	0	Gaussian	309.025679	45.536100
536	1	  0.001495	  0.001363	     -1.00	    219.86	    108.27	      3.05	      2.66	     53.31	     46.52	-13.77	 8.918e-05	      4.79	0	Gaussian	312.588266	46.633692
537	1	  0.001444	  0.001192	     -1.00	     89.47	     96.68	      3.40	      2.62	     59.50	     45.85	0.00	 5.145e-05	      4.79	0	Gaussian	313.484531	46.609282
538	1	  0.001486	  0.001732	     -1.00	    584.08	    363.42	      2.61	      2.23	     45.76	     39.00	-10.32	 1.174e-04	      4.79	0	Gaussian	309.942919	45.617032
539	1	  0.001481	  0.001245	     -1.00	    200.31	    168.95	      2.83	      2.81	     49.60	     49.26	68.28	 9.446e-05	      4.79	0	Gaussian	312.672019	46.338685
540	1	  0.001550	  0.001490	     -1.00	    636.52	    346.48	      2.59	      2.58	     45.39	     45.11	65.11	 4.189e-04	      4.79	0	Gaussian	309.598849	45.718188
541	1	  0.001552	  0.001061	     -1.00	    304.74	    732.92	      3.50	      2.91	     61.27	     50.91	-19.23	 1.386e-04	      4.79	0	Gaussian	311.556737	43.747971
542	1	  0.001511	  0.001727	     -1.00	     83.68	    237.27	      2.51	      2.39	     43.89	     41.86	-10.60	 9.702e-05	      4.80	0	Gaussian	313.401478	45.949314
543	1	  0.001534	  0.001650	     -1.00	    116.61	     57.81	      2.55	      2.43	     44.66	     42.48	-3.76	 1.196e-04	      4.80	0	Gaussian	313.333834	46.807498
544	1	  0.001462	  0.001604	     -1.00	    588.55	    591.55	      2.62	      2.43	     45.93	     42.55	6.61	 6.822e-05	      4.80	0	Gaussian	309.782322	44.543539
545	1	  0.001442	  0.001318	     -1.00	     81.25	    779.93	      2.85	      2.85	     49.92	     49.89	-56.68	 2.701e-05	      4.80	0	Gaussian	312.969130	43.405627
546	1	  0.001534	  0.001196	     -1.00	    314.07	    171.22	      3.40	      2.64	     59.57	     46.16	-62.04	 2.346e-04	      4.80	0	Gaussian	311.898407	46.391426
547	1	  0.001436	  0.001657	     -1.00	    194.82	    421.32	      2.60	      2.41	     45.57	     42.19	-22.47	 6.545e-05	      4.80	0	Gaussian	312.508354	45.153555
548	1	  0.001573	  0.001705	     -1.00	    248.98	    204.42	      2.60	      2.23	     45.43	     38.97	13.93	 2.913e-04	      4.80	0	Gaussian	312.314404	46.200398
549	1	  0.001438	  0.000441	     -1.00	    174.73	    387.51	      8.24	      3.01	    144.25	     52.75	-15.12	 8.229e-05	      4.81	0	Gaussian	312.668562	45.300584
550	1	  0.001544	  0.001524	     -1.00	    182.43	    689.55	      2.58	      2.52	     45.25	     44.09	-52.74	 3.420e-04	      4.81	0	Gaussian	312.383946	43.887383
551	1	  0.001447	  0.001223	     -1.00	    516.00	    251.21	      2.85	      2.85	     49.96	     49.94	-5.15	 4.538e-05	      4.81	0	Gaussian	310.471579	46.115443
552	1	  0.001463	  0.001599	     -1.00	    791.43	    354.78	      2.63	      2.41	     45.95	     42.23	-11.63	 6.251e-05	      4.81	0	Gaussian	308.547300	45.735843
553	1	  0.001457	  0.001580	     -1.00	    704.20	     66.83	      2.74	      2.41	     47.98	     42.26	-5.33	 1.457e-04	      4.82	0	Gaussian	309.290758	47.060120
554	1	  0.001506	  0.001687	     -1.00	    389.43	    640.39	      2.44	      2.42	     42.77	     42.38	-5.90	 1.337e-04	      4.82	0	Gaussian	311.065461	44.225293
555	1	  0.001461	  0.001535	     -1.00	     94.41	    739.80	      2.59	      2.54	     45.41	     44.38	-3.94	 3.105e-05	      4.83	0	Gaussian	312.915981	43.601604
556	1	  0.001475	  0.001618	     -1.00	    115.34	    149.59	      2.58	      2.40	     45.16	     42.05	-2.09	 1.112e-04	      4.83	0	Gaussian	313.263353	46.378403
557	1	  0.001495	  0.001095	     -1.00	    108.71	     87.31	      3.44	      2.81	     60.27	     49.16	-12.55	 7.636e-05	      4.83	0	Gaussian	313.361990	46.665010
558	1	  0.001434	  0.001542	     -1.00	    479.80	    102.70	      2.68	      2.39	     46.88	     41.86	15.79	 4.904e-05	      4.84	0	Gaussian	310.814996	46.796031
559	1	  0.001464	  0.001507	     -1.00	    622.80	    319.59	      2.61	      2.54	     45.65	     44.47	-13.98	 6.073e-05	      4.84	0	Gaussian	309.706775	45.839331
560	1	  0.001533	  0.001714	     -1.00	    311.39	    227.34	      2.46	      2.36	     42.98	     41.38	5.02	 1.978e-04	      4.84	0	Gaussian	311.874732	46.127025
561	1	  0.001475	  0.001229	     -1.00	    296.40	    526.07	      2.90	      2.68	     50.72	     46.91	-16.19	 1.434e-04	      4.84	0	Gaussian	311.756922	44.716767
562	1	  0.001491	  0.001639	     -1.00	    317.46	    632.25	      2.51	      2.42	     43.87	     42.39	5.45	 9.140e-05	      4.84	0	Gaussian	311.543340	44.228203
563	1	  0.001461	  0.001460	     -1.00	     72.26	     25.68	      2.68	      2.52	     46.87	     44.17	-23.45	 6.241e-05	      4.85	0	Gaussian	313.664522	46.929289
564	1	  0.001571	  0.001688	     -1.00	    526.43	    402.64	      2.52	      2.24	     44.17	     39.20	-2.45	 7.580e-05	      4.85	0	Gaussian	310.307118	45.407709
565	1	  0.001512	  0.001544	     -1.00	    243.69	    305.85	      2.53	      2.49	     44.31	     43.53	29.76	 2.961e-04	      4.86	0	Gaussian	312.271537	45.722277
566	1	  0.001565	  0.001634	     -1.00	     89.85	    207.69	      2.48	      2.38	     43.49	     41.69	18.89	 3.419e-04	      4.86	0	Gaussian	313.385514	46.091339
567	1	  0.001509	  0.001536	     -1.00	    326.76	    704.47	      2.60	      2.41	     45.51	     42.20	-12.30	 6.312e-05	      4.86	0	Gaussian	311.432774	43.892948
568	1	  0.001476	  0.000884	     -1.00	    267.67	    656.32	      3.63	      3.11	     63.61	     54.40	75.11	 1.011e-04	      4.86	0	Gaussian	311.852457	44.089382
569	1	  0.001520	  0.001325	     -1.00	    274.13	     57.40	      3.07	      2.43	     53.77	     42.56	-17.84	 1.917e-04	      4.87	0	Gaussian	312.258006	46.902252
570	1	  0.001440	  0.001280	     -1.00	    530.83	    164.45	      3.12	      2.53	     54.62	     44.22	0.22	 6.292e-05	      4.88	0	Gaussian	310.425351	46.529710
571	1	  0.001460	  0.001359	     -1.00	    464.41	    471.35	      2.59	      2.59	     45.32	     45.31	-33.89	 6.466e-05	      4.88	0	Gaussian	310.678902	45.056395
572	1	  0.001456	  0.001496	     -1.00	    705.25	    541.42	      2.62	      2.43	     45.83	     42.57	-9.75	 6.975e-05	      4.89	0	Gaussian	309.034242	44.824965
573	1	  0.001465	  0.001367	     -1.00	    439.79	    732.95	      2.67	      2.64	     46.65	     46.23	-18.80	 7.020e-05	      4.89	0	Gaussian	310.676413	43.812592
574	1	  0.001470	  0.000302	     -1.00	    706.93	    139.58	     10.23	      3.32	    179.12	     58.17	5.98	 7.821e-05	      4.89	0	Gaussian	309.232516	46.719240
575	1	  0.001465	  0.001215	     -1.00	    661.06	    347.44	      3.17	      2.58	     55.53	     45.10	-1.87	 8.214e-05	      4.90	0	Gaussian	309.432584	45.723304
576	1	  0.001455	  0.000310	     -1.00	    793.14	      8.19	      7.61	      4.23	    133.19	     73.99	17.50	 5.950e-05	      4.90	0	Gaussian	308.704506	47.367902
577	1	  0.001471	  0.001401	     -1.00	    503.67	    339.67	      2.72	      2.38	     47.68	     41.59	9.91	 6.709e-05	      4.90	0	Gaussian	310.499187	45.693931
578	1	  0.001441	  0.000857	     -1.00	    613.92	    203.94	      4.16	      2.58	     72.78	     45.16	-6.57	 4.899e-05	      4.90	0	Gaussian	309.833665	46.379908
579	1	  0.001446	  0.001391	     -1.00	     39.37	    334.73	      2.63	      2.56	     46.06	     44.78	-11.25	 4.227e-05	      4.91	0	Gaussian	313.613244	45.466141
580	1	  0.001466	  0.001263	     -1.00	    247.94	    761.62	      2.89	      2.64	     50.52	     46.26	-5.65	 5.373e-05	      4.91	0	Gaussian	311.905485	43.583752
581	1	  0.001507	  0.001493	     -1.00	    433.63	    306.38	      2.62	      2.31	     45.78	     40.37	-6.60	 1.121e-04	      4.91	0	Gaussian	310.993057	45.817935
582	1	  0.001484	  0.001438	     -1.00	    239.72	    605.89	      2.56	      2.51	     44.84	     43.99	30.26	 5.620e-05	      4.91	0	Gaussian	312.072072	44.311677
583	1	  0.001432	  0.001258	     -1.00	    734.84	    156.04	      2.82	      2.70	     49.31	     47.18	5.59	 3.643e-05	      4.91	0	Gaussian	309.031984	46.652175
584	1	  0.001464	  0.001437	     -1.00	    681.32	    573.25	      2.60	      2.49	     45.57	     43.51	19.16	 8.888e-05	      4.92	0	Gaussian	309.177077	44.665934
585	1	  0.001447	  0.000389	     -1.00	    382.06	     45.94	      6.13	      3.82	    107.38	     66.83	22.12	 6.174e-05	      4.92	0	Gaussian	311.525955	47.013764
586	1	  0.001493	  0.000780	     -1.00	    510.28	    305.07	      4.62	      2.59	     80.93	     45.30	-15.57	 1.195e-04	      4.92	0	Gaussian	310.476332	45.859673
587	1	  0.001457	  0.001446	     -1.00	    699.59	    248.48	      2.60	      2.46	     45.44	     43.14	-10.43	 5.648e-05	      4.93	0	Gaussian	309.224464	46.204106
588	1	  0.001451	  0.001312	     -1.00	    363.65	    658.43	      2.66	      2.62	     46.52	     45.91	-20.28	 3.331e-05	      4.93	0	Gaussian	311.222631	44.127861
589	1	  0.001520	  0.001507	     -1.00	    190.46	    231.79	      2.50	      2.42	     43.82	     42.37	-6.29	 3.927e-04	      4.93	0	Gaussian	312.687857	46.039000
590	1	  0.001499	  0.001072	     -1.00	    160.85	     50.31	      3.31	      2.78	     57.87	     48.62	16.74	 9.024e-05	      4.93	0	Gaussian	313.038505	46.869575
591	1	  0.001486	  0.000500	     -1.00	    375.35	    130.81	      5.21	      3.64	     91.28	     63.72	3.53	 7.683e-05	      4.93	0	Gaussian	311.510574	46.612844
592	1	  0.001545	  0.001494	     -1.00	    255.21	     80.56	      2.54	      2.37	     44.40	     41.56	-11.31	 1.256e-04	      4.93	0	Gaussian	312.369221	46.783401
593	1	  0.001547	  0.000353	     -1.00	     62.12	    223.47	      8.05	      3.32	    140.95	     58.09	65.19	 1.813e-04	      4.94	0	Gaussian	313.558221	46.000318
594	1	  0.001516	  0.001432	     -1.00	    410.02	    283.75	      2.54	      2.54	     44.39	     44.39	-39.75	 1.210e-04	      4.94	0	Gaussian	311.167740	45.912758
595	1	  0.001470	  0.001478	     -1.00	    135.37	    198.63	      2.55	      2.42	     44.59	     42.39	1.34	 8.359e-05	      4.94	0	Gaussian	313.086515	46.161513
596	1	  0.001477	  0.001370	     -1.00	    240.26	    704.72	      2.61	      2.52	     45.72	     44.15	-28.62	 4.154e-05	      4.94	0	Gaussian	311.996343	43.847341
597	1	  0.001501	  0.001515	     -1.00	    788.59	     90.67	      2.54	      2.34	     44.47	     40.96	-11.16	 1.796e-04	      4.95	0	Gaussian	308.694949	46.978737
598	1	  0.001602	  0.001804	     -1.00	    425.46	     28.48	      2.31	      2.17	     40.45	     37.92	4.92	 8.064e-04	      4.95	0	Gaussian	311.239621	47.117440
599	1	  0.001486	  0.001255	     -1.00	    670.66	    267.14	      3.15	      2.46	     55.15	     43.14	1.95	 1.308e-04	      4.95	0	Gaussian	309.411345	46.105229
600	1	  0.001453	  0.001345	     -1.00	    608.73	    462.18	      2.66	      2.52	     46.58	     44.06	-17.41	 8.070e-05	      4.95	0	Gaussian	309.720815	45.161817
601	1	  0.001492	  0.001371	     -1.00	    232.06	     77.40	      2.68	      2.35	     46.99	     41.20	4.36	 8.610e-05	      4.95	0	Gaussian	312.529889	46.784993
602	1	  0.001433	  0.001359	     -1.00	     65.37	    518.69	      2.65	      2.52	     46.39	     44.15	-6.57	 4.161e-05	      4.95	0	Gaussian	313.284789	44.621292
603	1	  0.001438	  0.001296	     -1.00	     77.76	    528.79	      2.69	      2.58	     47.04	     45.13	34.20	 6.130e-05	      4.96	0	Gaussian	313.195070	44.581470
604	1	  0.001490	  0.001452	     -1.00	    772.62	    136.64	      2.57	      2.37	     45.07	     41.48	-4.40	 1.147e-04	      4.96	0	Gaussian	308.782155	46.756942
605	1	  0.001445	  0.001117	     -1.00	    566.97	    183.01	      2.96	      2.77	     51.77	     48.57	-8.67	 6.506e-05	      4.96	0	Gaussian	310.166818	46.458450
606	1	  0.001482	  0.001380	     -1.00	    771.55	    781.25	      2.66	      2.34	     46.62	     40.99	3.76	 7.467e-05	      4.96	0	Gaussian	308.481475	43.714589
607	1	  0.001469	  0.001350	     -1.00	    256.86	    657.34	      2.69	      2.39	     47.04	     41.80	-8.77	 4.886e-05	      4.97	0	Gaussian	311.922367	44.078932
608	1	  0.001472	  0.001104	     -1.00	    435.81	    291.74	      3.15	      2.70	     55.10	     47.19	4.37	 6.479e-05	      4.97	0	Gaussian	310.988159	45.887717
609	1	  0.001430	  0.001078	     -1.00	    135.00	    413.55	      3.11	      2.80	     54.39	     48.95	-8.55	 4.273e-05	      4.97	0	Gaussian	312.911653	45.155488
610	1	  0.001457	  0.001227	     -1.00	    725.08	    187.58	      2.83	      2.48	     49.60	     43.49	-7.37	 6.620e-05	      4.97	0	Gaussian	309.082454	46.500212
611	1	  0.001507	  0.001278	     -1.00	    719.60	    444.74	      2.54	      2.54	     44.43	     44.39	4.30	 1.304e-04	      4.97	0	Gaussian	308.987246	45.286473
612	1	  0.001564	  0.001404	     -1.00	    306.83	    326.83	      2.64	      2.26	     46.17	     39.47	18.92	 5.450e-04	      4.97	0	Gaussian	311.831973	45.658031
613	1	  0.001650	  0.001521	     -1.00	    536.62	    440.38	      2.47	      2.26	     43.26	     39.56	-5.97	 1.945e-04	      4.97	0	Gaussian	310.215919	45.234424
614	1	  0.001509	  0.001407	     -1.00	    782.40	     84.77	      2.61	      2.36	     45.62	     41.25	-9.58	 1.747e-04	      4.97	0	Gaussian	308.740701	47.004333
615	1	  0.001470	  0.001269	     -1.00	    341.10	    738.68	      2.74	      2.45	     47.91	     42.91	-36.97	 4.825e-05	      4.98	0	Gaussian	311.316138	43.738940
616	1	  0.001501	  0.001471	     -1.00	    364.49	    579.33	      2.47	      2.40	     43.30	     41.95	-3.37	 2.248e-04	      4.98	0	Gaussian	311.270372	44.500664
617	1	  0.001461	  0.001288	     -1.00	    631.52	    679.80	      2.65	      2.54	     46.40	     44.54	-4.73	 5.441e-05	      4.99	0	Gaussian	309.450433	44.143992
618	1	  0.001461	  0.000528	     -1.00	    121.93	     29.45	      4.65	      3.44	     81.33	     60.19	-42.28	 9.871e-05	      4.99	0	Gaussian	313.322161	46.943064
619	1	  0.001474	  0.000516	     -1.00	    636.30	    266.60	      5.86	      2.73	    102.50	     47.83	-13.79	 1.535e-04	      4.99	0	Gaussian	309.645247	46.094200
620	1	  0.001485	  0.001330	     -1.00	    138.39	    697.59	      2.60	      2.49	     45.45	     43.63	-0.76	 4.737e-05	      4.99	0	Gaussian	312.664112	43.825015
621	1	  0.001476	  0.000967	     -1.00	    480.95	    362.02	      3.35	      2.71	     58.58	     47.41	-45.43	 6.248e-05	      4.99	0	Gaussian	310.637992	45.578483
622	1	  0.001476	  0.001306	     -1.00	    724.68	    421.26	      2.68	      2.44	     46.84	     42.63	-38.24	 1.170e-04	      5.00	0	Gaussian	308.964955	45.399051
623	1	  0.001434	  0.001096	     -1.00	    503.92	    189.03	      2.93	      2.75	     51.25	     48.16	-3.96	 3.694e-05	      5.00	0	Gaussian	310.593465	46.402116
624	1	  0.001519	  0.001462	     -1.00	    634.78	    181.61	      2.55	      2.27	     44.62	     39.81	-3.78	 1.553e-04	      5.00	0	Gaussian	309.704023	46.493412
625	1	  0.001522	  0.001311	     -1.00	    280.92	     50.36	      2.70	      2.27	     47.27	     39.72	-25.16	 1.632e-04	      5.00	0	Gaussian	312.217004	46.938960
626	1	  0.001506	  0.001339	     -1.00	    529.15	    283.40	      2.66	      2.31	     46.53	     40.49	-2.18	 1.021e-04	      5.00	0	Gaussian	310.362260	45.969995
627	1	  0.001432	  0.001260	     -1.00	    209.81	    527.83	      2.71	      2.53	     47.37	     44.35	28.82	 5.013e-05	      5.00	0	Gaussian	312.327127	44.662091
628	1	  0.001429	  0.000700	     -1.00	     28.99	    492.99	      4.03	      3.01	     70.50	     52.67	38.90	 4.898e-05	      5.00	0	Gaussian	313.545414	44.719322
629	1	  0.001442	  0.001362	     -1.00	    167.46	    460.22	      2.56	      2.49	     44.82	     43.66	3.25	 1.322e-04	      5.00	0	Gaussian	312.659233	44.955569
630	1	  0.001471	  0.000968	     -1.00	    336.18	     87.12	      3.01	      2.84	     52.70	     49.65	-24.55	 9.974e-05	      5.01	0	Gaussian	311.810403	46.797011
631	1	  0.001426	  0.001248	     -1.00	     46.44	    530.13	      2.66	      2.59	     46.57	     45.26	10.26	 3.361e-05	      5.02	0	Gaussian	313.399421	44.556174
632	1	  0.001462	  0.001305	     -1.00	    470.48	    558.72	      2.62	      2.49	     45.84	     43.65	-5.28	 7.388e-05	      5.02	0	Gaussian	310.583476	44.647704
633	1	  0.001469	  0.001320	     -1.00	    550.34	    361.44	      2.59	      2.47	     45.34	     43.25	-4.79	 7.054e-05	      5.02	0	Gaussian	310.171403	45.612048
634	1	  0.001469	  0.000545	     -1.00	    686.91	    186.99	      4.91	      3.22	     85.93	     56.42	-23.11	 6.272e-05	      5.02	0	Gaussian	309.344175	46.488651
635	1	  0.001408	  0.001208	     -1.00	    210.38	    483.53	      2.75	      2.55	     48.16	     44.71	1.64	 2.829e-05	      5.02	0	Gaussian	312.357207	44.870363
636	1	  0.001480	  0.001405	     -1.00	    707.12	    382.52	      2.59	      2.28	     45.25	     39.86	-19.21	 9.057e-05	      5.03	0	Gaussian	309.103044	45.575381
637	1	  0.001473	  0.000775	     -1.00	    721.53	     55.44	      4.20	      2.68	     73.48	     46.92	-21.85	 1.814e-04	      5.03	0	Gaussian	309.177006	47.120174
638	1	  0.001449	  0.000307	     -1.00	    459.68	     10.17	      7.72	      3.62	    135.13	     63.39	-31.29	 6.094e-05	      5.03	0	Gaussian	311.016214	47.220010
639	1	  0.001462	  0.000443	     -1.00	    302.05	    646.92	      4.79	      3.97	     83.84	     69.48	28.53	 3.845e-05	      5.03	0	Gaussian	311.634129	44.151355
640	1	  0.001456	  0.001277	     -1.00	    210.21	    443.19	      2.63	      2.51	     46.03	     43.94	28.56	 1.045e-04	      5.03	0	Gaussian	312.389267	45.059581
641	1	  0.001508	  0.000844	     -1.00	    755.17	    404.96	      3.19	      2.95	     55.90	     51.63	16.81	 8.555e-05	      5.03	0	Gaussian	308.767886	45.486715
642	1	  0.001527	  0.001409	     -1.00	    252.81	    718.34	      2.53	      2.31	     44.35	     40.51	-3.36	 1.903e-04	      5.03	0	Gaussian	311.904867	43.789885
643	1	  0.001469	  0.001115	     -1.00	    549.69	    337.49	      2.78	      2.63	     48.60	     46.04	-33.32	 7.013e-05	      5.04	0	Gaussian	310.190249	45.724503
644	1	  0.001460	  0.001108	     -1.00	    760.99	    645.30	      2.94	      2.65	     51.51	     46.38	-7.84	 5.538e-05	      5.04	0	Gaussian	308.613729	44.353812
645	1	  0.001459	  0.001245	     -1.00	    474.65	    698.69	      2.68	      2.45	     46.93	     42.92	9.77	 4.770e-05	      5.04	0	Gaussian	310.469588	43.989780
646	1	  0.001539	  0.000810	     -1.00	    539.17	    450.68	      3.48	      3.06	     60.85	     53.60	-3.79	 1.558e-04	      5.04	0	Gaussian	310.192698	45.187005
647	1	  0.001479	  0.001317	     -1.00	    381.88	    437.46	      2.63	      2.33	     46.04	     40.83	-12.43	 3.011e-04	      5.04	0	Gaussian	311.251481	45.176627
648	1	  0.001534	  0.001334	     -1.00	    581.20	    377.83	      2.54	      2.41	     44.47	     42.21	-37.21	 2.159e-04	      5.05	0	Gaussian	309.953867	45.547987
649	1	  0.001449	  0.000747	     -1.00	    405.45	      7.12	      3.72	      2.82	     65.06	     49.36	-39.70	 6.536e-05	      5.05	0	Gaussian	311.392832	47.207349
650	1	  0.001442	  0.001123	     -1.00	    484.65	    190.78	      2.72	      2.68	     47.59	     46.84	-15.42	 4.571e-05	      5.05	0	Gaussian	310.723655	46.384997
651	1	  0.001448	  0.000884	     -1.00	    704.46	    357.83	      3.18	      2.96	     55.58	     51.78	-3.73	 5.165e-05	      5.05	0	Gaussian	309.133791	45.690759
652	1	  0.001471	  0.001267	     -1.00	    502.78	     87.31	      2.69	      2.30	     47.12	     40.24	-8.89	 9.440e-05	      5.05	0	Gaussian	310.667307	46.878923
653	1	  0.001473	  0.001115	     -1.00	    214.65	    299.41	      2.74	      2.62	     47.94	     45.90	-11.88	 7.016e-05	      5.05	0	Gaussian	312.471450	45.736223
654	1	  0.001471	  0.001249	     -1.00	    489.13	    469.33	      2.68	      2.38	     46.94	     41.73	6.20	 4.520e-05	      5.05	0	Gaussian	310.515379	45.077140
655	1	  0.001504	  0.001170	     -1.00	    497.79	     42.96	      2.72	      2.65	     47.57	     46.47	58.39	 1.202e-04	      5.06	0	Gaussian	310.730957	47.084523
656	1	  0.001481	  0.001191	     -1.00	    365.72	    560.93	      2.66	      2.55	     46.55	     44.69	29.56	 1.267e-04	      5.06	0	Gaussian	311.274698	44.587850
657	1	  0.001475	  0.001238	     -1.00	    428.64	    497.36	      2.65	      2.43	     46.40	     42.59	16.54	 7.827e-05	      5.06	0	Gaussian	310.900192	44.917337
658	1	  0.001479	  0.000506	     -1.00	    411.51	    204.11	      5.75	      2.98	    100.60	     52.15	-8.64	 8.076e-05	      5.06	0	Gaussian	311.212504	46.287370
659	1	  0.001527	  0.000544	     -1.00	    273.24	    138.86	      5.37	      2.56	     94.02	     44.90	22.37	 1.400e-04	      5.07	0	Gaussian	312.200656	46.520747
660	1	  0.001457	  0.001259	     -1.00	    428.62	    538.26	      2.61	      2.46	     45.68	     43.06	-13.34	 4.772e-05	      5.07	0	Gaussian	310.873757	44.724777
661	1	  0.001483	  0.000919	     -1.00	    673.77	    274.85	      3.08	      2.83	     53.88	     49.45	-10.17	 1.577e-04	      5.08	0	Gaussian	309.385992	46.070130
662	1	  0.001476	  0.001253	     -1.00	    582.50	    407.39	      2.63	      2.38	     46.10	     41.68	6.36	 6.114e-05	      5.08	0	Gaussian	309.927912	45.409285
663	1	  0.001444	  0.000737	     -1.00	    164.55	    541.51	      3.69	      3.16	     64.63	     55.30	-9.09	 4.144e-05	      5.08	0	Gaussian	312.614604	44.572529
664	1	  0.001466	  0.001109	     -1.00	    317.15	    580.83	      2.74	      2.58	     47.93	     45.20	-53.26	 4.961e-05	      5.09	0	Gaussian	311.581223	44.469944
665	1	  0.001454	  0.000886	     -1.00	    663.57	    773.95	      3.05	      2.83	     53.35	     49.59	-5.92	 3.834e-05	      5.09	0	Gaussian	309.191208	43.711318
666	1	  0.001464	  0.000741	     -1.00	    665.49	    543.77	      4.31	      2.59	     75.51	     45.33	-10.57	 8.898e-05	      5.10	0	Gaussian	309.297693	44.799172
667	1	  0.001502	  0.000944	     -1.00	    614.44	    299.42	      3.36	      2.59	     58.80	     45.26	-14.86	 1.380e-04	      5.10	0	Gaussian	309.774860	45.930898
668	1	  0.001465	  0.000717	     -1.00	    287.95	     14.66	      4.07	      2.52	     71.28	     44.02	-8.86	 4.941e-05	      5.10	0	Gaussian	312.196646	47.109672
669	1	  0.001454	  0.000810	     -1.00	    274.87	    531.67	      3.61	      2.82	     63.21	     49.39	3.99	 5.295e-05	      5.11	0	Gaussian	311.895079	44.679165
670	1	  0.001450	  0.000732	     -1.00	    738.21	    343.62	      3.65	      3.07	     63.84	     53.67	23.47	 5.313e-05	      5.11	0	Gaussian	308.912863	45.770019
671	1	  0.001468	  0.001157	     -1.00	    148.29	    787.44	      2.67	      2.47	     46.75	     43.23	13.32	 5.021e-05	      5.12	0	Gaussian	312.531027	43.408514
672	1	  0.001482	  0.001038	     -1.00	    269.35	    126.24	      2.83	      2.44	     49.53	     42.71	9.87	 6.900e-05	      5.12	0	Gaussian	312.236978	46.577666
673	1	  0.001489	  0.000665	     -1.00	      8.36	    388.11	      4.44	      2.83	     77.79	     49.46	-9.54	 4.865e-05	      5.12	0	Gaussian	313.772342	45.196940
674	1	  0.001493	  0.000951	     -1.00	    464.17	    348.64	      3.11	      2.67	     54.40	     46.73	-2.69	 9.113e-05	      5.12	0	Gaussian	310.759467	45.633691
675	1	  0.001442	  0.000556	     -1.00	    579.24	    296.17	      4.29	      3.23	     75.01	     56.49	-59.04	 4.540e-05	      5.12	0	Gaussian	310.015224	45.931555
676	1	  0.001472	  0.000863	     -1.00	    286.88	    627.32	      3.19	      2.82	     55.92	     49.45	9.15	 4.801e-05	      5.13	0	Gaussian	311.747371	44.235752
677	1	  0.001411	  0.000572	     -1.00	     87.20	    311.90	      3.95	      3.40	     69.19	     59.43	24.87	 3.384e-05	      5.13	0	Gaussian	313.314169	45.602606
678	1	  0.001457	  0.001168	     -1.00	    722.84	    284.50	      2.74	      2.21	     47.90	     38.75	-11.62	 7.464e-05	      5.13	0	Gaussian	309.047290	46.043099
679	1	  0.001430	  0.000783	     -1.00	     16.15	    142.67	      3.79	      2.67	     66.36	     46.82	4.03	 7.330e-05	      5.13	0	Gaussian	313.939578	46.347824
680	1	  0.001460	  0.000806	     -1.00	    318.70	    318.34	      3.63	      2.69	     63.53	     47.09	2.73	 9.471e-05	      5.13	0	Gaussian	311.758485	45.704081
681	1	  0.001448	  0.000888	     -1.00	    779.07	    101.22	      3.26	      2.72	     57.09	     47.69	-11.05	 4.279e-05	      5.13	0	Gaussian	308.755473	46.925803
682	1	  0.001532	  0.001303	     -1.00	    591.33	    103.36	      2.51	      2.29	     43.94	     40.09	-7.15	 4.783e-04	      5.14	0	Gaussian	310.048208	46.842984
683	1	  0.001517	  0.000493	     -1.00	    682.79	    351.50	      6.71	      2.26	    117.52	     39.56	-6.99	 4.585e-04	      5.14	0	Gaussian	309.283577	45.712494
684	1	  0.001425	  0.001111	     -1.00	    337.24	    427.40	      2.71	      2.55	     47.37	     44.71	0.98	 6.314e-05	      5.14	0	Gaussian	311.556114	45.201557
685	1	  0.001505	  0.001046	     -1.00	    205.33	    264.24	      2.66	      2.62	     46.58	     45.92	40.55	 1.496e-04	      5.14	0	Gaussian	312.561799	45.895636
686	1	  0.001471	  0.001105	     -1.00	     15.36	    187.75	      2.68	      2.54	     46.86	     44.38	-39.25	 7.571e-05	      5.14	0	Gaussian	313.904033	46.137070
687	1	  0.001476	  0.000664	     -1.00	    316.11	     87.53	      4.08	      2.71	     71.35	     47.40	8.21	 8.322e-05	      5.15	0	Gaussian	311.947479	46.784343
688	1	  0.001453	  0.001065	     -1.00	    695.78	     36.23	      2.81	      2.30	     49.25	     40.21	-25.89	 9.268e-05	      5.16	0	Gaussian	309.365869	47.200600
689	1	  0.001448	  0.001055	     -1.00	    390.62	    530.20	      2.72	      2.57	     47.69	     45.02	-14.83	 4.064e-05	      5.16	0	Gaussian	311.130753	44.744613
690	1	  0.001463	  0.001093	     -1.00	    515.68	    696.37	      2.70	      2.47	     47.27	     43.19	-5.51	 8.827e-05	      5.16	0	Gaussian	310.202079	44.018593
691	1	  0.001499	  0.000995	     -1.00	    498.27	    269.89	      2.69	      2.67	     47.17	     46.72	-50.95	 1.369e-04	      5.16	0	Gaussian	310.579937	46.019608
692	1	  0.001448	  0.000989	     -1.00	      5.12	    224.32	      2.79	      2.66	     48.82	     46.56	32.95	 6.895e-05	      5.16	0	Gaussian	313.939802	45.959833
693	1	  0.001474	  0.000388	     -1.00	    223.97	    221.49	      7.72	      2.41	    135.11	     42.10	15.59	 1.539e-04	      5.17	0	Gaussian	312.470015	46.106413
694	1	  0.001444	  0.000995	     -1.00	     51.71	    431.57	      2.84	      2.48	     49.78	     43.47	3.26	 3.442e-05	      5.17	0	Gaussian	313.448145	45.020886
695	1	  0.001581	  0.001168	     -1.00	    328.15	     50.35	      2.60	      2.30	     45.50	     40.20	-0.22	 2.684e-04	      5.17	0	Gaussian	311.893075	46.964774
696	1	  0.001440	  0.001080	     -1.00	    439.60	    560.64	      2.72	      2.50	     47.58	     43.76	-4.50	 3.731e-05	      5.17	0	Gaussian	310.786618	44.624509
697	1	  0.001450	  0.000973	     -1.00	    455.03	    484.36	      3.01	      2.65	     52.60	     46.34	-16.83	 6.309e-05	      5.17	0	Gaussian	310.733112	44.990864
698	1	  0.001444	  0.001078	     -1.00	    543.61	    606.37	      2.72	      2.47	     47.61	     43.30	-9.41	 2.674e-05	      5.17	0	Gaussian	310.071050	44.455010
699	1	  0.001492	  0.000580	     -1.00	    118.84	    769.84	      3.53	      3.37	     61.72	     59.00	66.19	 1.573e-04	      5.17	0	Gaussian	312.734628	43.474623
700	1	  0.001482	  0.000718	     -1.00	    345.70	    273.46	      3.94	      2.61	     68.94	     45.61	-16.54	 1.884e-04	      5.17	0	Gaussian	311.609199	45.928723
701	1	  0.001456	  0.000829	     -1.00	     25.09	    277.75	      3.35	      2.80	     58.62	     49.07	0.40	 1.010e-04	      5.18	0	Gaussian	313.758453	45.723313
702	1	  0.001463	  0.000512	     -1.00	     70.72	    118.93	      4.05	      3.49	     70.81	     61.00	-16.49	 9.771e-05	      5.18	0	Gaussian	313.592033	46.493645
703	1	  0.001484	  0.001176	     -1.00	    729.71	    310.45	      2.62	      2.32	     45.77	     40.67	-18.26	 6.555e-05	      5.18	0	Gaussian	308.987332	45.923301
704	1	  0.001438	  0.001006	     -1.00	    403.32	     70.51	      2.87	      2.28	     50.24	     39.94	-25.73	 4.478e-05	      5.19	0	Gaussian	311.362210	46.909548
705	1	  0.001432	  0.000871	     -1.00	    712.00	    183.72	      3.15	      2.73	     55.19	     47.80	-9.14	 2.968e-05	      5.19	0	Gaussian	309.174132	46.513517
706	1	  0.001471	  0.000992	     -1.00	     36.30	    209.91	      2.70	      2.66	     47.30	     46.62	-58.17	 9.113e-05	      5.19	0	Gaussian	313.743518	46.047215
707	1	  0.001466	  0.000612	     -1.00	     62.30	    597.69	      4.16	      2.91	     72.76	     50.96	7.52	 6.793e-05	      5.19	0	Gaussian	313.239392	44.249259
708	1	  0.001501	  0.001092	     -1.00	    650.39	    298.87	      2.61	      2.49	     45.75	     43.53	-37.39	 1.577e-04	      5.19	0	Gaussian	309.531510	45.947878
709	1	  0.001518	  0.001075	     -1.00	    348.10	    626.78	      2.66	      2.45	     46.51	     42.93	-52.44	 1.797e-04	      5.20	0	Gaussian	311.345995	44.269264
710	1	  0.001469	  0.000996	     -1.00	    689.96	    103.50	      2.96	      2.44	     51.79	     42.72	-4.38	 9.060e-05	      5.20	0	Gaussian	309.368946	46.882384
711	1	  0.001452	  0.001045	     -1.00	    472.46	    185.74	      2.68	      2.55	     46.93	     44.68	-28.26	 5.799e-05	      5.20	0	Gaussian	310.810049	46.402958
712	1	  0.001472	  0.001055	     -1.00	    334.66	    575.53	      2.69	      2.46	     47.07	     43.13	-6.47	 5.601e-05	      5.21	0	Gaussian	311.469589	44.503738
713	1	  0.001477	  0.000450	     -1.00	    438.75	    319.07	      5.64	      2.73	     98.63	     47.78	26.44	 1.340e-04	      5.21	0	Gaussian	310.950088	45.760738
714	1	  0.001439	  0.000856	     -1.00	    614.01	    608.23	      3.14	      2.80	     54.99	     48.99	-18.64	 2.378e-05	      5.21	0	Gaussian	309.604613	44.475017
715	1	  0.001483	  0.000737	     -1.00	    177.87	     84.39	      3.58	      2.80	     62.61	     49.00	-17.24	 8.827e-05	      5.21	0	Gaussian	312.893814	46.720714
716	1	  0.001454	  0.000973	     -1.00	    551.45	    724.77	      2.73	      2.64	     47.81	     46.18	-3.41	 3.119e-05	      5.21	0	Gaussian	309.951230	43.899626
717	1	  0.001454	  0.000758	     -1.00	    757.87	     28.22	      3.39	      2.88	     59.36	     50.33	4.57	 6.946e-05	      5.21	0	Gaussian	308.939484	47.261357
718	1	  0.001433	  0.000776	     -1.00	    576.07	    164.84	      3.38	      2.90	     59.12	     50.70	-1.94	 4.125e-05	      5.22	0	Gaussian	310.115655	46.547743
719	1	  0.001446	  0.000742	     -1.00	     83.98	    754.73	      3.46	      2.93	     60.55	     51.31	-13.03	 2.323e-05	      5.22	0	Gaussian	312.971547	43.525512
720	1	  0.001478	  0.000703	     -1.00	     87.50	    246.96	      3.20	      3.02	     56.05	     52.81	8.99	 1.796e-04	      5.22	0	Gaussian	313.367528	45.906400
721	1	  0.001466	  0.001033	     -1.00	    408.91	    306.40	      2.77	      2.30	     48.43	     40.23	-27.84	 8.860e-05	      5.22	0	Gaussian	311.159745	45.805830
722	1	  0.001462	  0.001051	     -1.00	    479.72	    140.63	      2.70	      2.42	     47.32	     42.34	-3.91	 1.808e-04	      5.22	0	Gaussian	310.790356	46.618066
723	1	  0.001432	  0.000731	     -1.00	    127.10	    168.47	      3.59	      2.84	     62.90	     49.66	-8.66	 4.706e-05	      5.23	0	Gaussian	313.167809	46.297443
724	1	  0.001439	  0.000662	     -1.00	    519.70	    180.32	      3.91	      2.92	     68.41	     51.13	-8.90	 4.168e-05	      5.23	0	Gaussian	310.491308	46.450160
725	1	  0.001442	  0.001031	     -1.00	    174.25	    455.77	      2.67	      2.55	     46.77	     44.61	-28.46	 1.598e-04	      5.23	0	Gaussian	312.617830	44.980305
726	1	  0.001559	  0.000997	     -1.00	    332.80	    161.96	      2.67	      2.49	     46.74	     43.66	-84.45	 3.100e-04	      5.24	0	Gaussian	311.777936	46.444791
727	1	  0.001452	  0.000651	     -1.00	    600.72	    147.57	      3.88	      2.81	     67.92	     49.14	-36.48	 6.116e-05	      5.24	0	Gaussian	309.957230	46.639331
728	1	  0.001473	  0.000974	     -1.00	    787.85	    623.16	      2.78	      2.41	     48.66	     42.14	-35.08	 5.697e-05	      5.24	0	Gaussian	308.446236	44.467420
729	1	  0.001427	  0.000809	     -1.00	    774.99	    165.33	      3.42	      2.66	     59.78	     46.50	-14.80	 3.447e-05	      5.24	0	Gaussian	308.751521	46.622786
730	1	  0.001474	  0.000909	     -1.00	    223.25	    189.56	      2.84	      2.50	     49.72	     43.84	-23.84	 8.310e-05	      5.24	0	Gaussian	312.500214	46.255445
731	1	  0.001465	  0.000918	     -1.00	    212.95	    358.50	      2.87	      2.38	     50.15	     41.72	-19.49	 7.713e-05	      5.25	0	Gaussian	312.436584	45.458328
732	1	  0.001528	  0.001056	     -1.00	     14.56	    341.78	      2.58	      2.48	     45.08	     43.37	14.19	 1.211e-04	      5.25	0	Gaussian	313.772010	45.417444
733	1	  0.001462	  0.000948	     -1.00	    211.89	    690.53	      2.82	      2.39	     49.35	     41.76	-0.14	 3.867e-05	      5.25	0	Gaussian	312.191487	43.898896
734	1	  0.001479	  0.000851	     -1.00	     41.02	    729.09	      3.00	      2.79	     52.52	     48.81	-10.16	 9.222e-05	      5.25	0	Gaussian	313.269639	43.620378
735	1	  0.001410	  0.000899	     -1.00	    147.39	    174.15	      2.80	      2.74	     48.98	     47.94	18.37	 3.682e-05	      5.25	0	Gaussian	313.025834	46.283139
736	1	  0.001463	  0.000896	     -1.00	     65.62	    337.90	      2.76	      2.70	     48.32	     47.31	16.06	 6.084e-05	      5.25	0	Gaussian	313.435817	45.467696
737	1	  0.001430	  0.001010	     -1.00	    332.55	    409.47	      2.74	      2.41	     47.99	     42.10	-0.01	 6.542e-05	      5.25	0	Gaussian	311.600125	45.283367
738	1	  0.001447	  0.000781	     -1.00	    443.66	    545.93	      3.22	      2.89	     56.29	     50.58	-2.51	 4.122e-05	      5.26	0	Gaussian	310.769153	44.695690
739	1	  0.001485	  0.000814	     -1.00	    712.93	     88.92	      3.18	      2.68	     55.65	     46.94	-17.63	 1.445e-04	      5.26	0	Gaussian	309.218455	46.959655
740	1	  0.001471	  0.000931	     -1.00	    626.48	    308.05	      2.72	      2.65	     47.63	     46.35	-46.01	 8.558e-05	      5.26	0	Gaussian	309.688413	45.895139
741	1	  0.001449	  0.000452	     -1.00	     52.38	    283.38	      5.03	      3.05	     88.09	     53.36	-50.76	 9.226e-05	      5.26	0	Gaussian	313.571196	45.714331
742	1	  0.001460	  0.000716	     -1.00	    184.95	    142.80	      3.46	      2.85	     60.62	     49.97	-17.72	 5.555e-05	      5.26	0	Gaussian	312.797479	46.451978
743	1	  0.001489	  0.000608	     -1.00	    389.76	    755.12	      3.50	      3.21	     61.35	     56.25	-2.77	 7.879e-05	      5.26	0	Gaussian	310.988521	43.684902
744	1	  0.001478	  0.000907	     -1.00	    591.79	    472.84	      2.82	      2.50	     49.38	     43.72	6.67	 7.296e-05	      5.26	0	Gaussian	309.828029	45.104697
745	1	  0.001479	  0.000771	     -1.00	    691.57	    306.87	      3.46	      2.72	     60.55	     47.56	2.66	 1.068e-04	      5.26	0	Gaussian	309.247910	45.926080
746	1	  0.001460	  0.000894	     -1.00	    553.13	    466.37	      2.87	      2.47	     50.16	     43.27	-23.68	 3.908e-05	      5.26	0	Gaussian	310.090022	45.119061
747	1	  0.001542	  0.001102	     -1.00	    292.72	     99.35	      2.58	      2.25	     45.23	     39.42	-12.15	 3.259e-04	      5.27	0	Gaussian	312.098319	46.716330
748	1	  0.001427	  0.000962	     -1.00	    609.42	    231.51	      2.81	      2.37	     49.11	     41.44	-19.15	 2.943e-05	      5.27	0	Gaussian	309.848306	46.248381
749	1	  0.001486	  0.000601	     -1.00	    232.69	    173.60	      4.25	      2.51	     74.47	     43.96	-33.84	 1.076e-04	      5.27	0	Gaussian	312.448896	46.335480
750	1	  0.001479	  0.000241	     -1.00	    110.45	    723.60	      9.94	      3.18	    173.98	     55.66	28.46	 4.405e-05	      5.28	0	Gaussian	312.824964	43.686936
751	1	  0.001505	  0.000981	     -1.00	    623.47	     47.37	      2.70	      2.37	     47.32	     41.49	1.59	 3.063e-04	      5.28	0	Gaussian	309.860117	47.119326
752	1	  0.001479	  0.000849	     -1.00	    248.94	    355.14	      3.06	      2.71	     53.49	     47.37	-11.16	 7.701e-05	      5.28	0	Gaussian	312.198676	45.494051
753	1	  0.001486	  0.000786	     -1.00	    354.24	    185.71	      3.25	      2.72	     56.80	     47.58	1.97	 1.103e-04	      5.29	0	Gaussian	311.614746	46.344690
754	1	  0.001440	  0.000843	     -1.00	    391.36	    481.05	      2.98	      2.64	     52.21	     46.23	-2.76	 7.547e-05	      5.29	0	Gaussian	311.158783	44.976246
755	1	  0.001463	  0.000675	     -1.00	    297.35	     27.88	      3.69	      2.73	     64.53	     47.87	-10.90	 6.062e-05	      5.30	0	Gaussian	312.121771	47.053090
756	1	  0.001459	  0.000967	     -1.00	    403.09	    474.33	      2.74	      2.41	     47.95	     42.12	2.86	 1.663e-04	      5.30	0	Gaussian	311.085317	45.013524
757	1	  0.001441	  0.000630	     -1.00	    616.91	    728.44	      3.43	      3.13	     60.06	     54.84	-17.02	 2.472e-05	      5.30	0	Gaussian	309.520386	43.908607
758	1	  0.001528	  0.000964	     -1.00	     22.75	    416.43	      2.70	      2.37	     47.17	     41.43	-5.46	 8.089e-05	      5.30	0	Gaussian	313.652458	45.073641
759	1	  0.001497	  0.000976	     -1.00	    782.06	    222.29	      2.64	      2.33	     46.27	     40.85	-4.60	 2.802e-04	      5.30	0	Gaussian	308.674920	46.357076
760	1	  0.001486	  0.000581	     -1.00	    459.76	    400.22	      4.53	      2.58	     79.35	     45.16	0.36	 1.598e-04	      5.30	0	Gaussian	310.755668	45.389040
761	1	  0.001472	  0.000855	     -1.00	    515.33	    706.03	      2.76	      2.71	     48.26	     47.43	-62.71	 1.138e-04	      5.30	0	Gaussian	310.198698	43.972875
762	1	  0.001458	  0.000437	     -1.00	    792.19	    461.52	      5.57	      2.86	     97.45	     50.04	16.48	 4.827e-05	      5.30	0	Gaussian	308.491900	45.232388
763	1	  0.001422	  0.000906	     -1.00	    223.49	    510.33	      2.79	      2.57	     48.80	     45.04	-6.85	 4.034e-05	      5.30	0	Gaussian	312.250158	44.751778
764	1	  0.001499	  0.000523	     -1.00	    338.17	     78.40	      3.66	      3.29	     64.08	     57.50	-3.46	 1.286e-04	      5.31	0	Gaussian	311.803326	46.838886
765	1	  0.001453	  0.000516	     -1.00	    422.99	     57.09	      3.90	      3.23	     68.30	     56.49	19.42	 7.635e-05	      5.31	0	Gaussian	311.236506	46.982266
766	1	  0.001474	  0.000953	     -1.00	    745.63	    791.65	      2.70	      2.47	     47.25	     43.19	-5.88	 6.546e-05	      5.31	0	Gaussian	308.646212	43.656716
767	1	  0.001540	  0.000929	     -1.00	     52.99	    225.94	      2.76	      2.39	     48.29	     41.89	0.12	 1.321e-04	      5.31	0	Gaussian	313.617352	45.982993
768	1	  0.001454	  0.000516	     -1.00	    141.63	     24.67	      4.03	      3.06	     70.46	     53.62	-24.91	 7.496e-05	      5.31	0	Gaussian	313.191704	46.977509
769	1	  0.001516	  0.000771	     -1.00	    699.92	    310.79	      3.13	      2.66	     54.72	     46.57	-24.24	 2.198e-04	      5.32	0	Gaussian	309.189166	45.910768
770	1	  0.001471	  0.000716	     -1.00	    199.53	     53.42	      3.40	      2.84	     59.59	     49.75	-12.43	 6.567e-05	      5.32	0	Gaussian	312.771668	46.878107
771	1	  0.001466	  0.000953	     -1.00	    503.69	    708.28	      2.70	      2.44	     47.19	     42.75	-9.02	 6.136e-05	      5.32	0	Gaussian	310.273566	43.957258
772	1	  0.001459	  0.000655	     -1.00	    782.88	     71.45	      3.62	      2.91	     63.31	     50.88	-19.43	 5.944e-05	      5.32	0	Gaussian	308.744050	47.067114
773	1	  0.001444	  0.000704	     -1.00	     21.19	    763.02	      3.12	      2.92	     54.57	     51.10	-11.50	 5.002e-05	      5.32	0	Gaussian	313.369716	43.449340
774	1	  0.001457	  0.000858	     -1.00	    348.55	    532.08	      2.75	      2.67	     48.05	     46.72	0.31	 5.282e-05	      5.33	0	Gaussian	311.407917	44.715071
775	1	  0.001504	  0.000495	     -1.00	    348.23	    219.93	      3.75	      3.45	     65.59	     60.46	-12.92	 2.463e-04	      5.33	0	Gaussian	311.630741	46.181110
776	1	  0.001454	  0.000823	     -1.00	    693.59	     14.96	      2.79	      2.71	     48.85	     47.52	-14.02	 5.889e-05	      5.33	0	Gaussian	309.392851	47.299593
777	1	  0.001502	  0.000889	     -1.00	    293.48	    128.85	      2.97	      2.53	     51.96	     44.24	1.78	 1.996e-04	      5.33	0	Gaussian	312.070561	46.578721
778	1	  0.001479	  0.000516	     -1.00	    525.02	    307.93	      3.62	      3.08	     63.34	     53.96	-18.00	 8.568e-05	      5.34	0	Gaussian	310.374982	45.852805
779	1	  0.001490	  0.000793	     -1.00	     76.69	    260.74	      2.78	      2.72	     48.60	     47.63	-40.69	 1.155e-04	      5.34	0	Gaussian	313.428175	45.835313
780	1	  0.001454	  0.000828	     -1.00	    772.20	    184.21	      2.87	      2.47	     50.29	     43.15	-6.65	 8.748e-05	      5.34	0	Gaussian	308.761231	46.532956
781	1	  0.001455	  0.000473	     -1.00	    407.76	    746.89	      4.32	      3.11	     75.59	     54.48	-4.77	 2.792e-05	      5.35	0	Gaussian	310.876555	43.732145
782	1	  0.001525	  0.000606	     -1.00	    258.02	     33.59	      3.59	      2.88	     62.80	     50.39	-29.75	 3.563e-04	      5.35	0	Gaussian	312.387250	47.004470
783	1	  0.001531	  0.000327	     -1.00	     50.95	    385.63	      5.84	      3.38	    102.16	     59.23	76.62	 9.873e-05	      5.35	0	Gaussian	313.492385	45.235379
784	1	  0.001430	  0.000357	     -1.00	    550.82	      9.57	      4.31	      4.15	     75.48	     72.63	20.57	 3.200e-05	      5.35	0	Gaussian	310.386125	47.265292
785	1	  0.001552	  0.001015	     -1.00	    246.26	     72.10	      2.49	      2.41	     43.65	     42.24	30.50	 1.750e-04	      5.35	0	Gaussian	312.437120	46.817840
786	1	  0.001462	  0.000690	     -1.00	    758.70	    307.38	      3.72	      2.66	     65.13	     46.49	-1.69	 7.707e-05	      5.35	0	Gaussian	308.792145	45.948097
787	1	  0.001450	  0.000703	     -1.00	    179.11	    293.87	      3.27	      2.83	     57.19	     49.46	-8.63	 6.332e-05	      5.35	0	Gaussian	312.714176	45.741799
788	1	  0.001483	  0.000922	     -1.00	    753.77	    621.60	      2.74	      2.33	     47.92	     40.73	1.05	 1.075e-04	      5.35	0	Gaussian	308.672693	44.463370
789	1	  0.001443	  0.000270	     -1.00	    592.56	    176.11	      6.10	      4.37	    106.71	     76.41	81.26	 7.603e-05	      5.35	0	Gaussian	309.996076	46.501796
790	1	  0.001403	  0.000769	     -1.00	    108.84	    406.44	      3.02	      2.49	     52.78	     43.54	-17.68	 3.320e-05	      5.35	0	Gaussian	313.091001	45.173294
791	1	  0.001463	  0.000755	     -1.00	    144.38	     97.02	      3.10	      2.72	     54.29	     47.58	-4.48	 5.048e-05	      5.35	0	Gaussian	313.111197	46.641614
792	1	  0.001444	  0.000911	     -1.00	    646.24	    331.22	      2.72	      2.49	     47.68	     43.55	6.38	 5.992e-05	      5.35	0	Gaussian	309.541641	45.793938
793	1	  0.001484	  0.000711	     -1.00	    715.15	    141.75	      3.45	      2.59	     60.36	     45.36	2.55	 6.991e-05	      5.35	0	Gaussian	309.174874	46.712105
794	1	  0.001467	  0.000855	     -1.00	    589.09	    259.96	      2.77	      2.56	     48.41	     44.86	47.02	 1.545e-04	      5.36	0	Gaussian	309.969856	46.106083
795	1	  0.001493	  0.000871	     -1.00	    759.04	    615.66	      2.86	      2.43	     50.09	     42.45	-4.47	 1.164e-04	      5.36	0	Gaussian	308.640593	44.493236
796	1	  0.001477	  0.000927	     -1.00	    473.28	    202.58	      2.70	      2.36	     47.34	     41.35	-34.34	 7.496e-05	      5.36	0	Gaussian	310.793389	46.324271
797	1	  0.001454	  0.000826	     -1.00	    296.77	    550.62	      2.84	      2.49	     49.70	     43.57	-0.44	 3.882e-05	      5.36	0	Gaussian	311.736956	44.601569
798	1	  0.001445	  0.000834	     -1.00	    544.24	     47.33	      2.82	      2.56	     49.28	     44.75	-22.41	 4.485e-05	      5.37	0	Gaussian	310.407546	47.085298
799	1	  0.001467	  0.000714	     -1.00	     52.96	    245.50	      3.32	      2.72	     58.04	     47.59	-11.21	 8.338e-05	      5.37	0	Gaussian	313.600395	45.891617
800	1	  0.001467	  0.000811	     -1.00	    130.67	    778.72	      2.82	      2.57	     49.42	     44.97	12.60	 5.120e-05	      5.37	0	Gaussian	312.651423	43.439607
801	1	  0.001444	  0.000822	     -1.00	    187.17	    375.69	      2.83	      2.57	     49.58	     44.99	-48.91	 5.663e-05	      5.37	0	Gaussian	312.595121	45.363111
802	1	  0.001482	  0.000808	     -1.00	    374.56	    621.79	      2.84	      2.47	     49.74	     43.18	-15.07	 9.921e-05	      5.38	0	Gaussian	311.175528	44.305692
803	1	  0.001499	  0.000871	     -1.00	    320.58	    647.48	      2.69	      2.50	     47.16	     43.68	-2.24	 9.273e-05	      5.38	0	Gaussian	311.512348	44.158112
804	1	  0.001661	  0.001298	     -1.00	    221.39	    612.87	      2.28	      1.97	     39.83	     34.49	-4.88	 7.791e-04	      5.38	0	Gaussian	312.187081	44.268992
805	1	  0.001509	  0.000799	     -1.00	    775.75	    659.46	      2.82	      2.44	     49.40	     42.78	-54.04	 9.408e-05	      5.38	0	Gaussian	308.509591	44.291806
806	1	  0.001441	  0.000739	     -1.00	    592.00	    250.73	      3.10	      2.71	     54.17	     47.36	-10.86	 9.587e-05	      5.38	0	Gaussian	309.955537	46.150708
807	1	  0.001441	  0.000459	     -1.00	    720.58	    108.33	      3.90	      3.79	     68.32	     66.28	23.54	 4.251e-05	      5.38	0	Gaussian	309.155311	46.871291
808	1	  0.001454	  0.000742	     -1.00	    400.77	    560.45	      2.96	      2.47	     51.75	     43.31	28.52	 4.431e-05	      5.38	0	Gaussian	311.043475	44.607119
809	1	  0.001451	  0.000449	     -1.00	    442.31	    520.45	      4.60	      3.08	     80.51	     53.99	-21.74	 3.641e-05	      5.39	0	Gaussian	310.794441	44.815040
810	1	  0.001481	  0.000669	     -1.00	    154.29	    302.36	      3.84	      2.35	     67.25	     41.18	3.87	 3.056e-04	      5.39	0	Gaussian	312.873597	45.687547
811	1	  0.001456	  0.000819	     -1.00	    624.72	    377.07	      2.75	      2.63	     48.07	     46.11	-48.39	 5.708e-05	      5.39	0	Gaussian	309.661289	45.569361
812	1	  0.001492	  0.000788	     -1.00	    275.95	    164.32	      2.92	      2.54	     51.07	     44.48	-7.17	 7.690e-05	      5.39	0	Gaussian	312.162595	46.403102
813	1	  0.001415	  0.000785	     -1.00	    124.53	    515.35	      2.86	      2.62	     50.11	     45.84	-17.99	 2.661e-05	      5.40	0	Gaussian	312.898634	44.672211
814	1	  0.001447	  0.000559	     -1.00	    714.98	    340.99	      3.90	      2.45	     68.32	     42.86	3.11	 7.376e-05	      5.41	0	Gaussian	309.071411	45.774016
815	1	  0.001461	  0.000581	     -1.00	     34.13	    679.97	      3.38	      2.83	     59.08	     49.45	-1.39	 4.255e-05	      5.41	0	Gaussian	313.354691	43.846536
816	1	  0.001490	  0.000804	     -1.00	    760.71	    417.47	      2.81	      2.42	     49.12	     42.34	-63.24	 7.456e-05	      5.41	0	Gaussian	308.724443	45.429619
817	1	  0.001493	  0.000671	     -1.00	    414.04	     38.13	      3.21	      2.78	     56.18	     48.68	-11.29	 1.618e-04	      5.41	0	Gaussian	311.311478	47.066554
818	1	  0.001475	  0.000500	     -1.00	    302.30	    124.34	      4.03	      2.69	     70.57	     47.04	10.67	 1.007e-04	      5.41	0	Gaussian	312.013898	46.604647
819	1	  0.001421	  0.000690	     -1.00	    550.90	    155.49	      3.28	      2.74	     57.34	     47.99	-9.11	 3.132e-05	      5.41	0	Gaussian	310.293723	46.580682
820	1	  0.001512	  0.000630	     -1.00	    441.93	    376.41	      3.44	      2.76	     60.19	     48.33	-2.29	 2.646e-04	      5.42	0	Gaussian	310.890707	45.492658
821	1	  0.001487	  0.000778	     -1.00	    326.66	    152.77	      2.77	      2.60	     48.46	     45.58	2.67	 1.355e-04	      5.42	0	Gaussian	311.826533	46.484552
822	1	  0.001479	  0.000227	     -1.00	    322.06	    745.36	      9.64	      2.79	    168.81	     48.83	8.08	 4.155e-05	      5.42	0	Gaussian	311.435488	43.698069
823	1	  0.001457	  0.000261	     -1.00	    755.89	    565.92	      6.05	      3.29	    105.98	     57.65	-72.45	 2.966e-05	      5.42	0	Gaussian	308.685176	44.727154
824	1	  0.001475	  0.000771	     -1.00	    651.89	    396.19	      2.93	      2.64	     51.27	     46.15	-10.11	 6.348e-05	      5.43	0	Gaussian	309.467817	45.490024
825	1	  0.001474	  0.000684	     -1.00	    752.77	    135.44	      3.50	      2.50	     61.18	     43.81	-15.88	 1.001e-04	      5.43	0	Gaussian	308.919363	46.755576
826	1	  0.001434	  0.000390	     -1.00	     14.38	    240.36	      3.91	      3.70	     68.44	     64.85	-13.20	 5.426e-05	      5.43	0	Gaussian	313.863333	45.890973
827	1	  0.001455	  0.000460	     -1.00	    574.18	     26.09	      4.78	      2.66	     83.71	     46.61	5.34	 5.225e-05	      5.43	0	Gaussian	310.213990	47.198156
828	1	  0.001493	  0.000853	     -1.00	    301.79	    161.66	      2.73	      2.31	     47.86	     40.43	-9.10	 1.080e-04	      5.43	0	Gaussian	311.989039	46.429617
829	1	  0.001487	  0.000591	     -1.00	    496.84	    457.86	      3.36	      2.90	     58.72	     50.71	-9.39	 3.145e-05	      5.44	0	Gaussian	310.471105	45.134639
830	1	  0.001468	  0.000825	     -1.00	    235.54	    716.34	      2.72	      2.51	     47.54	     43.99	3.95	 4.961e-05	      5.44	0	Gaussian	312.018676	43.790186
831	1	  0.001429	  0.000797	     -1.00	    124.72	    317.29	      2.84	      2.44	     49.63	     42.77	-22.11	 5.525e-05	      5.44	0	Gaussian	313.059087	45.600114
832	1	  0.001523	  0.000715	     -1.00	    207.25	    105.82	      2.85	      2.51	     49.82	     44.01	79.41	 1.018e-04	      5.45	0	Gaussian	312.676126	46.637826
833	1	  0.001481	  0.000756	     -1.00	    339.36	    697.74	      2.81	      2.55	     49.15	     44.63	-16.57	 1.379e-04	      5.45	0	Gaussian	311.355083	43.930888
834	1	  0.001487	  0.000530	     -1.00	    684.21	    469.66	      3.84	      2.77	     67.28	     48.53	9.17	 7.248e-05	      5.45	0	Gaussian	309.211634	45.155889
835	1	  0.001462	  0.000555	     -1.00	    356.89	    235.36	      3.44	      3.05	     60.28	     53.31	3.68	 6.623e-05	      5.45	0	Gaussian	311.560917	46.113244
836	1	  0.001453	  0.000756	     -1.00	    712.52	     57.00	      2.81	      2.63	     49.21	     46.04	-31.89	 1.124e-04	      5.45	0	Gaussian	309.238548	47.109449
837	1	  0.001455	  0.000715	     -1.00	    242.48	    587.22	      2.86	      2.66	     50.13	     46.56	-38.45	 6.707e-05	      5.45	0	Gaussian	312.067771	44.400909
838	1	  0.001446	  0.000385	     -1.00	    204.28	      8.42	      5.04	      3.03	     88.26	     53.05	-12.08	 3.601e-05	      5.45	0	Gaussian	312.776316	47.090949
839	1	  0.001453	  0.000649	     -1.00	    487.72	    115.63	      3.46	      2.76	     60.56	     48.29	-0.14	 5.293e-05	      5.46	0	Gaussian	310.752094	46.739105
840	1	  0.001471	  0.000768	     -1.00	    131.52	    720.46	      2.78	      2.55	     48.68	     44.65	-18.36	 2.575e-05	      5.46	0	Gaussian	312.690943	43.713708
841	1	  0.001467	  0.000652	     -1.00	    726.05	    776.86	      3.15	      2.79	     55.06	     48.87	-3.07	 4.401e-05	      5.46	0	Gaussian	308.781192	43.719934
842	1	  0.001561	  0.000942	     -1.00	    517.37	    352.61	      2.43	      2.38	     42.46	     41.73	-1.26	 3.088e-04	      5.46	0	Gaussian	310.398808	45.639176
843	1	  0.001585	  0.000530	     -1.00	    565.51	    534.28	      5.21	      2.02	     91.21	     35.35	-1.39	 1.084e-03	      5.46	0	Gaussian	309.967795	44.804168
844	1	  0.001470	  0.000390	     -1.00	    187.03	      9.64	      4.75	      2.85	     83.18	     49.88	26.58	 5.675e-05	      5.46	0	Gaussian	312.893555	47.075058
845	1	  0.001448	  0.000360	     -1.00	    668.87	    464.31	      5.75	      2.82	    100.72	     49.39	1.78	 3.656e-05	      5.46	0	Gaussian	309.317171	45.175341
846	1	  0.001498	  0.000816	     -1.00	    569.54	    398.67	      2.69	      2.48	     47.02	     43.49	-15.08	 6.549e-05	      5.46	0	Gaussian	310.020074	45.444931
847	1	  0.001456	  0.000570	     -1.00	    648.22	    463.76	      3.54	      2.88	     61.99	     50.44	-14.99	 5.636e-05	      5.46	0	Gaussian	309.455660	45.170006
848	1	  0.001448	  0.000785	     -1.00	    651.66	    375.35	      2.82	      2.43	     49.27	     42.52	-34.71	 5.211e-05	      5.46	0	Gaussian	309.480732	45.588156
849	1	  0.001497	  0.000836	     -1.00	    286.34	    267.52	      2.69	      2.40	     47.00	     42.02	-25.07	 1.037e-04	      5.47	0	Gaussian	312.013834	45.925286
850	1	  0.001524	  0.000645	     -1.00	    746.73	    142.93	      3.05	      2.75	     53.37	     48.07	-17.94	 4.158e-04	      5.47	0	Gaussian	308.957084	46.718189
851	1	  0.001491	  0.000738	     -1.00	    226.60	    167.92	      2.82	      2.52	     49.40	     44.06	10.86	 1.171e-04	      5.47	0	Gaussian	312.494724	46.358606
852	1	  0.001441	  0.000759	     -1.00	    331.61	    320.66	      2.84	      2.46	     49.74	     43.10	-2.22	 4.889e-05	      5.47	0	Gaussian	311.670056	45.699946
853	1	  0.001491	  0.000789	     -1.00	    119.61	    139.94	      2.69	      2.56	     47.17	     44.82	-29.24	 1.699e-04	      5.47	0	Gaussian	313.242750	46.426108
854	1	  0.001457	  0.000598	     -1.00	    289.04	    614.74	      3.41	      2.88	     59.64	     50.40	-15.95	 2.815e-05	      5.48	0	Gaussian	311.742119	44.296031
855	1	  0.001449	  0.000535	     -1.00	    665.19	    442.00	      3.61	      3.02	     63.20	     52.82	-6.16	 5.898e-05	      5.48	0	Gaussian	309.353676	45.279176
856	1	  0.001491	  0.000759	     -1.00	    390.29	    270.06	      2.96	      2.48	     51.79	     43.47	-3.85	 1.489e-04	      5.48	0	Gaussian	311.310499	45.967313
857	1	  0.001451	  0.000546	     -1.00	    501.16	     95.64	      3.88	      2.64	     68.00	     46.21	-17.05	 1.452e-04	      5.48	0	Gaussian	310.673009	46.839106
858	1	  0.001464	  0.000688	     -1.00	    565.10	    544.93	      3.04	      2.64	     53.26	     46.17	-8.85	 6.406e-05	      5.48	0	Gaussian	309.964386	44.753792
859	1	  0.001519	  0.000381	     -1.00	    304.45	    171.35	      6.81	      2.14	    119.26	     37.50	5.75	 1.680e-04	      5.49	0	Gaussian	311.963680	46.385664
860	1	  0.001489	  0.000426	     -1.00	    130.91	    570.83	      4.51	      2.92	     78.99	     51.17	-12.59	 4.903e-05	      5.49	0	Gaussian	312.812360	44.415691
861	1	  0.001442	  0.000649	     -1.00	     31.66	    294.21	      3.03	      2.48	     53.04	     43.40	-16.22	 7.155e-05	      5.49	0	Gaussian	313.700078	45.650595
862	1	  0.001454	  0.000543	     -1.00	     38.10	     49.23	      3.44	      3.07	     60.13	     53.81	-7.73	 6.511e-05	      5.49	0	Gaussian	313.875869	46.797504
863	1	  0.001457	  0.000352	     -1.00	    420.49	    187.38	      4.75	      3.33	     83.20	     58.31	-4.02	 5.240e-05	      5.49	0	Gaussian	311.162938	46.370252
864	1	  0.001437	  0.000499	     -1.00	    394.95	     22.22	      3.91	      3.00	     68.38	     52.47	-15.88	 5.021e-05	      5.49	0	Gaussian	311.454387	47.131359
865	1	  0.001439	  0.000479	     -1.00	     18.10	    530.17	      3.75	      2.91	     65.68	     50.93	-26.59	 1.168e-04	      5.49	0	Gaussian	313.585113	44.538489
866	1	  0.001449	  0.000696	     -1.00	    457.96	    174.48	      3.24	      2.55	     56.66	     44.63	-1.44	 4.186e-05	      5.49	0	Gaussian	310.916434	46.448942
867	1	  0.001451	  0.000718	     -1.00	    477.61	    128.78	      2.86	      2.51	     50.11	     43.87	-29.43	 5.502e-05	      5.50	0	Gaussian	310.812652	46.672681
868	1	  0.001528	  0.000611	     -1.00	    511.25	    465.78	      3.31	      2.65	     57.95	     46.33	3.08	 2.618e-04	      5.50	0	Gaussian	310.370023	45.103720
869	1	  0.001479	  0.000603	     -1.00	    427.82	    261.69	      2.95	      2.85	     51.58	     49.96	-54.24	 7.014e-05	      5.50	0	Gaussian	311.062393	46.025047
870	1	  0.001452	  0.000649	     -1.00	    424.78	    408.77	      2.93	      2.72	     51.37	     47.54	54.38	 7.610e-05	      5.50	0	Gaussian	310.984273	45.332324
871	1	  0.001488	  0.000720	     -1.00	    441.20	     37.17	      2.73	      2.67	     47.71	     46.75	-6.78	 1.052e-04	      5.50	0	Gaussian	311.125094	47.084540
872	1	  0.001453	  0.000661	     -1.00	    779.93	    333.19	      3.03	      2.69	     53.05	     47.07	-9.58	 4.357e-05	      5.50	0	Gaussian	308.635525	45.833780
873	1	  0.001453	  0.000359	     -1.00	    157.50	    741.10	      4.12	      3.67	     72.03	     64.21	-47.49	 2.334e-05	      5.50	0	Gaussian	312.506705	43.631396
874	1	  0.001445	  0.000689	     -1.00	     12.45	    654.56	      2.90	      2.57	     50.78	     44.96	-34.79	 2.689e-05	      5.51	0	Gaussian	313.516452	43.952427
875	1	  0.001470	  0.000696	     -1.00	    449.68	    762.68	      2.87	      2.52	     50.21	     44.17	-12.88	 3.842e-05	      5.51	0	Gaussian	310.593510	43.676876
876	1	  0.001459	  0.000714	     -1.00	    276.20	    636.47	      2.86	      2.48	     50.13	     43.35	-26.51	 4.666e-05	      5.51	0	Gaussian	311.810845	44.187175
877	1	  0.001452	  0.000614	     -1.00	    324.36	    483.92	      3.05	      2.59	     53.42	     45.26	-85.39	 5.211e-05	      5.51	0	Gaussian	311.601798	44.929304
878	1	  0.001467	  0.000729	     -1.00	     45.20	    636.51	      2.82	      2.49	     49.37	     43.61	3.89	 4.171e-05	      5.51	0	Gaussian	313.318763	44.057002
879	1	  0.001449	  0.000466	     -1.00	    136.04	    263.97	      3.92	      3.09	     68.64	     54.13	-20.75	 5.747e-05	      5.51	0	Gaussian	313.027466	45.856404
880	1	  0.001462	  0.000684	     -1.00	    127.28	    355.60	      2.96	      2.30	     51.79	     40.21	-17.61	 1.649e-04	      5.51	0	Gaussian	313.010342	45.422339
881	1	  0.001468	  0.000731	     -1.00	    686.27	    788.62	      2.83	      2.43	     49.48	     42.52	-30.96	 4.234e-05	      5.51	0	Gaussian	309.035496	43.650293
882	1	  0.001441	  0.000640	     -1.00	    680.58	    121.47	      2.96	      2.69	     51.82	     47.04	-21.58	 3.870e-05	      5.51	0	Gaussian	309.423618	46.794277
883	1	  0.001449	  0.000321	     -1.00	    393.07	    334.33	      4.45	      3.66	     77.96	     64.09	-70.03	 5.578e-05	      5.53	0	Gaussian	311.247257	45.666874
884	1	  0.001489	  0.000625	     -1.00	    652.84	     24.38	      3.35	      2.57	     58.70	     44.96	0.81	 3.054e-04	      5.54	0	Gaussian	309.670185	47.239258
885	1	  0.001463	  0.000720	     -1.00	    683.47	    323.35	      2.88	      2.19	     50.36	     38.31	0.42	 7.283e-05	      5.54	0	Gaussian	309.293984	45.845371
886	1	  0.001454	  0.000628	     -1.00	    582.00	    503.67	      3.15	      2.72	     55.05	     47.58	-7.06	 5.112e-05	      5.54	0	Gaussian	309.875720	44.955337
887	1	  0.001455	  0.000696	     -1.00	    744.18	    702.51	      2.87	      2.47	     50.16	     43.31	-28.57	 3.609e-05	      5.54	0	Gaussian	308.697648	44.077668
888	1	  0.001462	  0.000622	     -1.00	    152.55	    155.36	      2.92	      2.72	     51.03	     47.65	-22.36	 9.286e-05	      5.54	0	Gaussian	313.006673	46.374060
889	1	  0.001479	  0.000460	     -1.00	    370.50	     26.68	      4.92	      2.18	     86.06	     38.22	1.20	 2.363e-04	      5.54	0	Gaussian	311.619549	47.097905
890	1	  0.001500	  0.000573	     -1.00	    243.92	    139.17	      3.58	      2.62	     62.72	     45.88	-17.68	 8.696e-05	      5.54	0	Gaussian	312.399904	46.502920
891	1	  0.001571	  0.000518	     -1.00	    335.66	    106.07	      4.33	      2.03	     75.75	     35.51	-32.34	 3.137e-04	      5.54	0	Gaussian	311.799848	46.708049
892	1	  0.001540	  0.000451	     -1.00	     29.67	    424.60	      4.91	      2.31	     85.91	     40.35	3.06	 4.540e-04	      5.54	0	Gaussian	313.599696	45.039788
893	1	  0.001460	  0.000602	     -1.00	    649.56	    136.70	      3.03	      2.49	     53.02	     43.67	-7.22	 7.506e-05	      5.54	0	Gaussian	309.628392	46.710471
894	1	  0.001491	  0.000715	     -1.00	    524.86	    341.61	      2.83	      2.29	     49.57	     40.09	-14.50	 1.028e-04	      5.54	0	Gaussian	310.355146	45.694279
895	1	  0.001464	  0.000496	     -1.00	    713.01	    279.10	      3.12	      3.07	     54.54	     53.75	-7.15	 1.118e-04	      5.55	0	Gaussian	309.116964	46.064885
896	1	  0.001447	  0.000439	     -1.00	    672.85	    386.90	      3.99	      3.19	     69.79	     55.75	-16.69	 4.978e-05	      5.55	0	Gaussian	309.331694	45.541883
897	1	  0.001468	  0.000693	     -1.00	    523.18	    589.33	      2.86	      2.43	     50.00	     42.57	-10.37	 7.634e-05	      5.55	0	Gaussian	310.216080	44.526691
898	1	  0.001441	  0.000529	     -1.00	    536.31	    217.50	      4.24	      2.40	     74.23	     42.08	-5.01	 5.866e-05	      5.55	0	Gaussian	310.354683	46.282924
899	1	  0.001464	  0.000740	     -1.00	    637.40	     80.34	      2.78	      2.40	     48.59	     41.94	-21.03	 7.184e-05	      5.55	0	Gaussian	309.744551	46.970316
900	1	  0.001457	  0.000704	     -1.00	    515.88	    558.61	      2.84	      2.44	     49.72	     42.63	5.92	 4.567e-05	      5.55	0	Gaussian	310.282794	44.668351
901	1	  0.001467	  0.000533	     -1.00	     43.29	    347.49	      3.67	      2.67	     64.15	     46.71	-1.53	 6.488e-05	      5.55	0	Gaussian	313.576085	45.408963
902	1	  0.001488	  0.000679	     -1.00	    769.69	    299.57	      2.80	      2.56	     49.08	     44.82	-4.11	 1.031e-04	      5.55	0	Gaussian	308.721372	45.988724
903	1	  0.001461	  0.000642	     -1.00	    406.06	    604.38	      3.12	      2.66	     54.63	     46.59	-7.29	 6.539e-05	      5.55	0	Gaussian	310.979755	44.402774
904	1	  0.001435	  0.000629	     -1.00	    755.82	    214.17	      3.00	      2.46	     52.55	     43.05	-38.03	 4.379e-05	      5.55	0	Gaussian	308.858412	46.386158
905	1	  0.001458	  0.000640	     -1.00	    473.04	    426.56	      3.08	      2.66	     53.83	     46.61	-10.67	 5.636e-05	      5.56	0	Gaussian	310.649815	45.271219
906	1	  0.001479	  0.000638	     -1.00	    367.56	    618.51	      2.81	      2.73	     49.26	     47.84	-53.23	 1.053e-04	      5.56	0	Gaussian	311.223727	44.317729
907	1	  0.001461	  0.000538	     -1.00	    670.05	    297.22	      3.54	      2.88	     61.92	     50.43	-15.73	 1.599e-04	      5.56	0	Gaussian	309.399029	45.963314
908	1	  0.001456	  0.000603	     -1.00	    701.21	    688.84	      2.95	      2.75	     51.60	     48.11	66.04	 4.215e-05	      5.56	0	Gaussian	308.987070	44.127238
909	1	  0.001453	  0.000668	     -1.00	    591.81	    658.55	      2.92	      2.34	     51.07	     41.02	-24.36	 3.425e-05	      5.56	0	Gaussian	309.723408	44.228663
910	1	  0.001451	  0.000651	     -1.00	    607.54	    176.78	      2.96	      2.33	     51.85	     40.75	-45.40	 5.921e-05	      5.56	0	Gaussian	309.893206	46.504921
911	1	  0.001488	  0.000754	     -1.00	    491.35	    503.15	      2.63	      2.53	     46.04	     44.31	-7.16	 5.414e-05	      5.57	0	Gaussian	310.479545	44.918843
912	1	  0.001443	  0.000519	     -1.00	    539.19	    678.62	      3.67	      2.76	     64.25	     48.33	-11.08	 2.687e-05	      5.57	0	Gaussian	310.058110	44.112341
913	1	  0.001466	  0.000471	     -1.00	    224.62	    336.06	      4.03	      2.47	     70.51	     43.27	7.76	 9.977e-05	      5.57	0	Gaussian	312.376036	45.570041
914	1	  0.001455	  0.000714	     -1.00	    584.69	    185.59	      2.85	      2.25	     49.93	     39.36	-20.52	 9.787e-05	      5.57	0	Gaussian	310.044163	46.453921
915	1	  0.001460	  0.000307	     -1.00	    621.09	    668.98	      6.02	      2.93	    105.35	     51.37	-51.62	 1.003e-04	      5.57	0	Gaussian	309.524866	44.191020
916	1	  0.001505	  0.000640	     -1.00	    381.89	    760.65	      3.13	      2.53	     54.77	     44.36	-6.38	 8.962e-05	      5.58	0	Gaussian	311.036158	43.655107
917	1	  0.001457	  0.000657	     -1.00	    295.60	    561.76	      2.86	      2.56	     50.06	     44.89	-19.75	 3.698e-05	      5.58	0	Gaussian	311.736676	44.548552
918	1	  0.001461	  0.000527	     -1.00	    119.12	    590.57	      3.57	      2.76	     62.51	     48.35	-5.24	 2.504e-05	      5.58	0	Gaussian	312.873890	44.316273
919	1	  0.001470	  0.000345	     -1.00	    316.25	     24.13	      5.41	      2.80	     94.67	     48.95	5.16	 5.677e-05	      5.58	0	Gaussian	311.994733	47.080966
920	1	  0.001451	  0.000658	     -1.00	     87.31	    548.67	      2.86	      2.58	     49.98	     45.20	-33.38	 6.088e-05	      5.58	0	Gaussian	313.116074	44.493997
921	1	  0.001474	  0.000639	     -1.00	    161.62	    205.85	      2.81	      2.69	     49.26	     47.05	-35.54	 5.524e-05	      5.59	0	Gaussian	312.903495	46.143462
922	1	  0.001460	  0.000547	     -1.00	    640.68	    384.79	      3.48	      2.73	     60.91	     47.72	-13.62	 6.825e-05	      5.59	0	Gaussian	309.549502	45.539335
923	1	  0.001460	  0.000532	     -1.00	    203.91	    229.54	      3.54	      2.77	     62.02	     48.50	-16.41	 5.600e-05	      5.59	0	Gaussian	312.599029	46.057282
924	1	  0.001432	  0.000593	     -1.00	    696.52	    216.90	      3.03	      2.54	     52.96	     44.42	-16.50	 3.864e-05	      5.59	0	Gaussian	309.262329	46.351605
925	1	  0.001469	  0.000504	     -1.00	    304.61	    578.01	      3.44	      2.99	     60.17	     52.35	-12.93	 6.338e-05	      5.59	0	Gaussian	311.665795	44.476800
926	1	  0.001416	  0.000612	     -1.00	    156.56	    468.74	      2.99	      2.63	     52.27	     46.00	-32.26	 8.397e-05	      5.59	0	Gaussian	312.724571	44.909364
927	1	  0.001451	  0.000364	     -1.00	    433.38	    157.04	      4.09	      3.43	     71.55	     60.01	44.11	 5.315e-05	      5.60	0	Gaussian	311.095936	46.518885
928	1	  0.001470	  0.000321	     -1.00	    627.32	     63.18	      3.71	      3.58	     64.94	     62.73	16.02	 7.293e-05	      5.60	0	Gaussian	309.824171	47.046704
929	1	  0.001465	  0.000632	     -1.00	    574.79	    478.91	      2.89	      2.52	     50.64	     44.07	16.75	 5.037e-05	      5.60	0	Gaussian	309.938074	45.069092
930	1	  0.001506	  0.000592	     -1.00	    556.47	    506.66	      2.91	      2.50	     50.99	     43.68	78.66	 9.164e-05	      5.61	0	Gaussian	310.044032	44.930601
931	1	  0.001451	  0.000521	     -1.00	    713.17	    778.92	      3.48	      2.81	     60.85	     49.18	-7.73	 2.950e-05	      5.61	0	Gaussian	308.864472	43.705713
932	1	  0.001453	  0.000611	     -1.00	    704.16	    332.97	      2.88	      2.71	     50.38	     47.38	86.23	 6.089e-05	      5.61	0	Gaussian	309.148786	45.807837
933	1	  0.001452	  0.000571	     -1.00	    100.63	    141.59	      3.02	      2.50	     52.94	     43.67	0.91	 6.616e-05	      5.62	0	Gaussian	313.369761	46.406709
934	1	  0.001454	  0.000614	     -1.00	    262.04	    263.02	      2.89	      2.64	     50.60	     46.23	-6.57	 6.426e-05	      5.62	0	Gaussian	312.181034	45.933137
935	1	  0.001461	  0.000525	     -1.00	    794.12	    660.01	      3.32	      2.63	     58.12	     45.95	-16.90	 2.865e-05	      5.62	0	Gaussian	308.388014	44.295244
936	1	  0.001479	  0.000397	     -1.00	    144.52	    315.61	      4.71	      2.61	     82.45	     45.63	6.60	 1.055e-04	      5.62	0	Gaussian	312.928123	45.619768
937	1	  0.001481	  0.000338	     -1.00	    133.80	     40.57	      4.53	      3.12	     79.33	     54.63	-17.09	 7.563e-05	      5.62	0	Gaussian	313.231538	46.898529
938	1	  0.001563	  0.000690	     -1.00	      7.46	    341.01	      2.55	      2.34	     44.71	     40.97	-0.32	 1.544e-04	      5.62	0	Gaussian	313.819870	45.416500
939	1	  0.001438	  0.000511	     -1.00	    539.85	     73.90	      3.57	      2.86	     62.47	     50.07	-17.48	 4.064e-05	      5.62	0	Gaussian	310.420929	46.958730
940	1	  0.001466	  0.000453	     -1.00	    128.69	    675.66	      3.77	      2.83	     66.06	     49.62	-12.67	 2.603e-05	      5.63	0	Gaussian	312.744235	43.922440
941	1	  0.001473	  0.000524	     -1.00	    642.87	    441.26	      3.36	      2.80	     58.85	     49.06	-12.13	 6.167e-05	      5.63	0	Gaussian	309.503795	45.274019
942	1	  0.001478	  0.000592	     -1.00	    364.63	    246.67	      2.95	      2.38	     51.58	     41.66	-68.70	 6.558e-05	      5.63	0	Gaussian	311.500481	46.064117
943	1	  0.001446	  0.000583	     -1.00	    138.79	    527.18	      2.96	      2.59	     51.89	     45.37	-30.10	 3.562e-05	      5.63	0	Gaussian	312.795304	44.625004
944	1	  0.001509	  0.000318	     -1.00	    318.99	     76.50	      5.25	      2.82	     91.97	     49.43	19.33	 1.662e-04	      5.64	0	Gaussian	311.936133	46.837518
945	1	  0.001452	  0.000296	     -1.00	    325.75	    538.55	      5.69	      2.81	     99.65	     49.16	11.47	 4.402e-05	      5.64	0	Gaussian	311.554137	44.673165
946	1	  0.001471	  0.000717	     -1.00	    701.46	     45.40	      2.74	      2.26	     47.98	     39.58	-16.23	 1.439e-04	      5.64	0	Gaussian	309.321449	47.159729
947	1	  0.001463	  0.000510	     -1.00	     52.57	    591.07	      3.49	      2.89	     61.07	     50.50	-11.83	 6.175e-05	      5.64	0	Gaussian	313.308406	44.274415
948	1	  0.001453	  0.000595	     -1.00	    112.40	    606.44	      2.95	      2.44	     51.61	     42.77	-19.19	 2.437e-05	      5.64	0	Gaussian	312.905171	44.237898
949	1	  0.001451	  0.000583	     -1.00	     26.53	    263.92	      2.80	      2.68	     49.05	     46.83	-3.30	 9.891e-05	      5.65	0	Gaussian	313.761056	45.788810
950	1	  0.001449	  0.000582	     -1.00	    724.21	    564.75	      2.95	      2.58	     51.71	     45.22	-76.78	 3.094e-05	      5.65	0	Gaussian	308.896405	44.721612
951	1	  0.001446	  0.000628	     -1.00	    154.54	    323.62	      2.83	      2.61	     49.51	     45.75	-28.71	 6.241e-05	      5.65	0	Gaussian	312.854594	45.588190
952	1	  0.001456	  0.000572	     -1.00	    146.31	    566.89	      2.93	      2.69	     51.28	     47.07	-55.87	 4.116e-05	      5.65	0	Gaussian	312.714494	44.443051
953	1	  0.001489	  0.000461	     -1.00	    287.25	    275.13	      2.99	      2.96	     52.40	     51.85	0.63	 1.186e-04	      5.65	0	Gaussian	312.001978	45.890066
954	1	  0.001450	  0.000648	     -1.00	     55.48	    738.21	      2.76	      2.61	     48.30	     45.66	-10.50	 6.471e-05	      5.65	0	Gaussian	313.168825	43.586259
955	1	  0.001508	  0.000314	     -1.00	    747.64	    411.59	      7.22	      2.08	    126.29	     36.47	0.48	 1.080e-04	      5.65	0	Gaussian	308.815324	45.452807
956	1	  0.001454	  0.000610	     -1.00	    416.39	    328.53	      2.91	      2.41	     51.02	     42.11	-16.12	 5.462e-05	      5.65	0	Gaussian	311.094341	45.705497
957	1	  0.001511	  0.000633	     -1.00	    316.10	    716.00	      3.07	      2.37	     53.66	     41.50	-12.70	 7.339e-05	      5.65	0	Gaussian	311.494413	43.833338
958	1	  0.001510	  0.000405	     -1.00	    261.06	     66.39	      4.92	      2.33	     86.10	     40.84	-1.70	 1.416e-04	      5.66	0	Gaussian	312.340414	46.852923
959	1	  0.001469	  0.000594	     -1.00	    504.65	     55.42	      2.90	      2.47	     50.72	     43.31	-30.54	 8.299e-05	      5.66	0	Gaussian	310.675385	47.029333
960	1	  0.001490	  0.000425	     -1.00	    420.57	    208.64	      4.24	      2.64	     74.16	     46.12	-6.60	 9.538e-05	      5.66	0	Gaussian	311.147784	46.270539
961	1	  0.001444	  0.000422	     -1.00	    156.79	    336.10	      4.10	      2.62	     71.75	     45.94	13.04	 3.911e-05	      5.66	0	Gaussian	312.829427	45.531039
962	1	  0.001458	  0.000319	     -1.00	    603.53	    730.36	      4.50	      3.34	     78.78	     58.49	-33.46	 1.327e-04	      5.67	0	Gaussian	309.607033	43.894284
963	1	  0.001446	  0.000422	     -1.00	    473.76	    260.50	      3.72	      3.07	     65.06	     53.77	-33.69	 3.812e-05	      5.67	0	Gaussian	310.752058	46.052480
964	1	  0.001517	  0.000358	     -1.00	    243.39	    154.43	      4.02	      3.29	     70.39	     57.52	31.36	 2.301e-04	      5.67	0	Gaussian	312.391462	46.431252
965	1	  0.001498	  0.000293	     -1.00	    298.01	    767.13	      5.30	      2.93	     92.70	     51.32	19.82	 4.745e-05	      5.67	0	Gaussian	311.576823	43.583556
966	1	  0.001452	  0.000608	     -1.00	    211.05	    451.19	      3.06	      2.55	     53.53	     44.55	-7.29	 1.596e-04	      5.67	0	Gaussian	312.377531	45.022507
967	1	  0.001453	  0.000518	     -1.00	    385.16	    284.76	      3.61	      2.54	     63.22	     44.48	-10.76	 5.097e-05	      5.67	0	Gaussian	311.334901	45.895726
968	1	  0.001438	  0.000480	     -1.00	    415.93	    476.30	      3.56	      2.91	     62.37	     50.86	-20.04	 3.620e-05	      5.67	0	Gaussian	310.998586	45.010436
969	1	  0.001458	  0.000645	     -1.00	    576.20	    179.25	      2.82	      2.40	     49.36	     42.01	16.35	 1.301e-04	      5.67	0	Gaussian	310.106062	46.480092
970	1	  0.001462	  0.000617	     -1.00	    460.43	    781.53	      2.86	      2.41	     50.04	     42.23	-23.27	 4.356e-05	      5.67	0	Gaussian	310.511955	43.592778
971	1	  0.001498	  0.000635	     -1.00	    437.11	    365.75	      2.76	      2.50	     48.35	     43.79	-53.68	 2.497e-04	      5.68	0	Gaussian	310.930095	45.540491
972	1	  0.001448	  0.000554	     -1.00	     36.66	    615.19	      2.96	      2.65	     51.78	     46.41	-29.73	 2.611e-05	      5.68	0	Gaussian	313.392107	44.151704
973	1	  0.001448	  0.000597	     -1.00	    536.53	    709.26	      2.89	      2.52	     50.52	     44.10	-25.56	 3.616e-05	      5.68	0	Gaussian	310.057848	43.966638
974	1	  0.001453	  0.000428	     -1.00	    461.61	     76.30	      4.38	      2.53	     76.74	     44.27	-0.26	 6.748e-05	      5.68	0	Gaussian	310.957719	46.911151
975	1	  0.001543	  0.000495	     -1.00	    710.74	    241.89	      3.20	      2.74	     56.09	     47.99	5.23	 2.405e-04	      5.68	0	Gaussian	309.151928	46.239307
976	1	  0.001480	  0.000240	     -1.00	    305.96	     10.17	      4.93	      3.88	     86.34	     67.86	27.20	 5.131e-05	      5.69	0	Gaussian	312.076256	47.140607
977	1	  0.001536	  0.000497	     -1.00	    697.05	    476.57	      3.65	      2.31	     63.85	     40.50	-12.27	 2.275e-04	      5.69	0	Gaussian	309.122097	45.128035
978	1	  0.001452	  0.000305	     -1.00	    357.05	    474.76	      5.45	      2.42	     95.31	     42.35	3.07	 1.482e-04	      5.69	0	Gaussian	311.391128	44.988905
979	1	  0.001469	  0.000604	     -1.00	    222.15	    202.20	      2.80	      2.59	     48.96	     45.35	15.69	 8.217e-05	      5.69	0	Gaussian	312.497590	46.195680
980	1	  0.001459	  0.000624	     -1.00	    526.72	     74.34	      2.87	      2.25	     50.24	     39.32	-44.60	 6.822e-05	      5.69	0	Gaussian	310.511016	46.950725
981	1	  0.001460	  0.000581	     -1.00	    254.41	    492.31	      2.91	      2.41	     50.99	     42.16	-26.31	 5.501e-05	      5.69	0	Gaussian	312.059251	44.853194
982	1	  0.001465	  0.000581	     -1.00	    638.35	    221.96	      2.86	      2.61	     50.10	     45.64	-75.39	 8.869e-05	      5.69	0	Gaussian	309.656584	46.305067
983	1	  0.001445	  0.000384	     -1.00	     38.37	    238.70	      3.89	      3.03	     68.11	     52.99	-6.42	 4.867e-05	      5.69	0	Gaussian	313.704107	45.914138
984	1	  0.001444	  0.000575	     -1.00	    657.46	    231.58	      2.95	      2.41	     51.67	     42.24	-56.81	 4.367e-05	      5.70	0	Gaussian	309.520866	46.267434
985	1	  0.001495	  0.000488	     -1.00	    178.52	     65.76	      2.98	      2.79	     52.16	     48.90	26.21	 6.865e-05	      5.70	0	Gaussian	312.904917	46.808069
986	1	  0.001461	  0.000513	     -1.00	    204.11	    318.54	      3.46	      2.60	     60.55	     45.51	2.71	 6.434e-05	      5.71	0	Gaussian	312.527000	45.640610
987	1	  0.001507	  0.000326	     -1.00	    270.85	    759.36	      4.60	      3.21	     80.44	     56.13	-51.04	 8.052e-05	      5.71	0	Gaussian	311.758515	43.606255
988	1	  0.001461	  0.000441	     -1.00	    383.91	    714.24	      3.74	      2.83	     65.53	     49.57	-15.12	 5.930e-05	      5.71	0	Gaussian	311.053191	43.874748
989	1	  0.001501	  0.000542	     -1.00	    297.66	    752.80	      2.90	      2.53	     50.75	     44.27	-13.40	 4.055e-05	      5.71	0	Gaussian	311.589046	43.650833
990	1	  0.001430	  0.000522	     -1.00	    641.76	    317.94	      3.06	      2.53	     53.55	     44.23	-30.02	 3.613e-05	      5.71	0	Gaussian	309.579334	45.854701
991	1	  0.001447	  0.000525	     -1.00	    446.61	     81.57	      3.03	      2.45	     53.07	     42.86	26.46	 5.048e-05	      5.71	0	Gaussian	311.057168	46.879190
992	1	  0.001437	  0.000536	     -1.00	    533.14	    111.03	      3.15	      2.76	     55.14	     48.32	-17.15	 7.096e-05	      5.72	0	Gaussian	310.443439	46.781502
993	1	  0.001470	  0.000529	     -1.00	    530.14	    591.61	      3.35	      2.59	     58.55	     45.30	-9.47	 9.649e-05	      5.72	0	Gaussian	310.168728	44.518898
994	1	  0.001460	  0.000393	     -1.00	    782.60	     47.94	      3.96	      2.99	     69.27	     52.29	6.86	 7.521e-05	      5.72	0	Gaussian	308.757786	47.177471
995	1	  0.001517	  0.000594	     -1.00	    699.61	    405.15	      2.81	      2.32	     49.23	     40.67	-22.87	 1.538e-04	      5.72	0	Gaussian	309.141869	45.465896
996	1	  0.001469	  0.000491	     -1.00	    329.31	    274.51	      3.64	      2.49	     63.76	     43.52	-5.82	 8.992e-05	      5.73	0	Gaussian	311.718977	45.915282
997	1	  0.001477	  0.000372	     -1.00	    372.93	    122.50	      4.13	      2.81	     72.23	     49.12	-24.51	 9.044e-05	      5.73	0	Gaussian	311.533105	46.650560
998	1	  0.001489	  0.000499	     -1.00	    253.12	    127.62	      3.36	      2.67	     58.85	     46.69	-6.14	 6.809e-05	      5.73	0	Gaussian	312.346374	46.562160
999	1	  0.001451	  0.000533	     -1.00	    522.61	    657.66	      3.01	      2.36	     52.69	     41.30	-46.74	 3.560e-05	      5.73	0	Gaussian	310.179394	44.204170
1000	1	  0.001471	  0.000552	     -1.00	     99.62	    317.75	      2.92	      2.44	     51.17	     42.62	-36.56	 1.734e-04	      5.73	0	Gaussian	313.226296	45.582824
1001	1	  0.001474	  0.000340	     -1.00	    750.29	    345.57	      5.45	      2.43	     95.42	     42.55	-6.47	 1.524e-04	      5.73	0	Gaussian	308.830172	45.765113
1002	1	  0.001457	  0.000501	     -1.00	     30.12	     64.81	      3.30	      2.75	     57.83	     48.12	-12.82	 6.709e-05	      5.73	0	Gaussian	313.915882	46.719754
1003	1	  0.001516	  0.000531	     -1.00	    375.18	    335.86	      3.23	      2.54	     56.47	     44.44	2.01	 3.911e-04	      5.74	0	Gaussian	311.366428	45.650784
1004	1	  0.001459	  0.000416	     -1.00	    263.42	    254.57	      4.03	      2.28	     70.54	     39.90	-2.41	 9.155e-05	      5.74	0	Gaussian	312.178149	45.973466
1005	1	  0.001500	  0.000592	     -1.00	    269.27	     77.09	      2.73	      2.56	     47.80	     44.89	16.17	 7.989e-05	      5.74	0	Gaussian	312.275869	46.807515
1006	1	  0.001446	  0.000427	     -1.00	    734.85	    746.62	      3.57	      3.00	     62.51	     52.44	-10.77	 2.295e-05	      5.74	0	Gaussian	308.737993	43.865963
1007	1	  0.001457	  0.000397	     -1.00	     92.68	    520.03	      3.35	      3.18	     58.69	     55.63	-10.12	 9.322e-05	      5.74	0	Gaussian	313.104286	44.631438
1008	1	  0.001514	  0.000646	     -1.00	    585.70	    389.59	      2.68	      2.33	     46.92	     40.71	-21.97	 1.380e-04	      5.74	0	Gaussian	309.916770	45.494490
1009	1	  0.001493	  0.000322	     -1.00	    132.96	    581.04	      4.79	      2.92	     83.82	     51.11	-63.65	 5.716e-05	      5.75	0	Gaussian	312.790835	44.368977
1010	1	  0.001454	  0.000495	     -1.00	    577.08	    587.27	      3.46	      2.65	     60.57	     46.33	-9.62	 7.365e-05	      5.75	0	Gaussian	309.860642	44.559043
1011	1	  0.001485	  0.000471	     -1.00	    119.26	     39.18	      3.34	      2.78	     58.40	     48.73	-35.95	 8.972e-05	      5.75	0	Gaussian	313.331959	46.896046
1012	1	  0.001527	  0.000569	     -1.00	     50.64	    393.54	      2.84	      2.23	     49.64	     39.00	12.92	 9.047e-05	      5.75	0	Gaussian	313.487656	45.198169
1013	1	  0.001446	  0.000374	     -1.00	    702.40	    626.16	      3.92	      2.88	     68.63	     50.43	0.45	 2.592e-05	      5.76	0	Gaussian	309.010474	44.423758
1014	1	  0.001470	  0.000553	     -1.00	    331.38	    602.27	      2.87	      2.51	     50.17	     44.00	-24.63	 6.268e-05	      5.76	0	Gaussian	311.472671	44.376283
1015	1	  0.001492	  0.000538	     -1.00	    694.91	    412.67	      3.07	      2.58	     53.75	     45.15	-5.32	 9.666e-05	      5.76	0	Gaussian	309.169585	45.428695
1016	1	  0.001479	  0.000590	     -1.00	    635.61	    750.26	      2.81	      2.33	     49.15	     40.80	-8.66	 2.371e-04	      5.77	0	Gaussian	309.386291	43.812727
1017	1	  0.001458	  0.000467	     -1.00	    774.90	     52.57	      3.51	      2.70	     61.36	     47.29	-8.81	 7.128e-05	      5.77	0	Gaussian	308.808814	47.153022
1018	1	  0.001457	  0.000521	     -1.00	    243.38	    622.47	      2.96	      2.44	     51.85	     42.72	-31.89	 3.058e-05	      5.77	0	Gaussian	312.035942	44.235707
1019	1	  0.001470	  0.000397	     -1.00	    254.12	    702.42	      3.89	      2.66	     68.01	     46.47	-9.15	 2.719e-05	      5.77	0	Gaussian	311.907788	43.865464
1020	1	  0.001520	  0.000722	     -1.00	     44.16	    513.39	      2.55	      2.32	     44.58	     40.55	1.11	 4.950e-04	      5.77	0	Gaussian	313.428459	44.633193
1021	1	  0.001517	  0.000505	     -1.00	    612.16	    364.73	      3.45	      2.37	     60.40	     41.53	-22.82	 6.586e-04	      5.79	0	Gaussian	309.752898	45.622439
1022	1	  0.001441	  0.000512	     -1.00	    393.63	     48.87	      2.96	      2.57	     51.77	     45.04	-14.98	 5.320e-05	      5.79	0	Gaussian	311.444313	47.005928
1023	1	  0.001447	  0.000438	     -1.00	    177.85	    590.71	      3.55	      2.81	     62.15	     49.16	-9.69	 5.751e-05	      5.80	0	Gaussian	312.489184	44.349118
1024	1	  0.001493	  0.000565	     -1.00	    388.51	    115.58	      2.73	      2.54	     47.71	     44.47	-0.46	 9.380e-05	      5.80	0	Gaussian	311.431544	46.690938
1025	1	  0.001477	  0.000500	     -1.00	    456.02	    391.30	      3.26	      2.64	     57.10	     46.18	-13.31	 9.024e-05	      5.80	0	Gaussian	310.786506	45.429230
1026	1	  0.001494	  0.000549	     -1.00	    701.48	     85.69	      2.82	      2.44	     49.30	     42.73	-44.74	 1.830e-04	      5.80	0	Gaussian	309.299267	46.970482
1027	1	  0.001494	  0.000532	     -1.00	    266.43	    184.60	      2.89	      2.24	     50.66	     39.15	19.20	 1.207e-04	      5.80	0	Gaussian	312.211579	46.302897
1028	1	  0.001428	  0.000440	     -1.00	    189.38	    545.70	      3.10	      2.84	     54.23	     49.66	-70.33	 2.985e-05	      5.80	0	Gaussian	312.448045	44.566865
1029	1	  0.001522	  0.000567	     -1.00	    145.80	    113.10	      3.12	      2.34	     54.68	     40.98	-4.24	 3.384e-04	      5.81	0	Gaussian	313.087925	46.567394
1030	1	  0.001466	  0.000424	     -1.00	    719.07	    671.19	      3.59	      2.74	     62.85	     47.92	-9.42	 6.092e-05	      5.81	0	Gaussian	308.878108	44.216958
1031	1	  0.001482	  0.000590	     -1.00	    592.44	     70.31	      2.76	      2.31	     48.33	     40.36	-13.77	 1.118e-04	      5.81	0	Gaussian	310.060664	46.998620
1032	1	  0.001452	  0.000515	     -1.00	    789.84	    275.08	      2.95	      2.41	     51.64	     42.11	-45.17	 6.828e-05	      5.81	0	Gaussian	308.596209	46.111034
1033	1	  0.001444	  0.000422	     -1.00	    773.76	    256.69	      3.76	      2.66	     65.88	     46.50	-20.34	 4.051e-05	      5.81	0	Gaussian	308.714703	46.192209
1034	1	  0.001422	  0.000484	     -1.00	    198.77	    525.42	      3.10	      2.23	     54.30	     38.95	-10.64	 6.071e-05	      5.81	0	Gaussian	312.401748	44.667310
1035	1	  0.001449	  0.000459	     -1.00	    647.50	     71.74	      3.11	      2.62	     54.39	     45.91	47.69	 6.021e-05	      5.82	0	Gaussian	309.679824	47.014765
1036	1	  0.001456	  0.000402	     -1.00	    509.15	    608.13	      3.60	      2.88	     63.07	     50.37	-13.38	 4.130e-05	      5.82	0	Gaussian	310.297564	44.431960
1037	1	  0.001460	  0.000314	     -1.00	    704.35	    123.57	      3.89	      3.30	     68.16	     57.70	-17.98	 6.549e-05	      5.82	0	Gaussian	309.258891	46.793534
1038	1	  0.001478	  0.000431	     -1.00	    328.75	    119.50	      3.51	      2.74	     61.42	     47.97	-21.14	 6.734e-05	      5.82	0	Gaussian	311.837018	46.641475
1039	1	  0.001454	  0.000385	     -1.00	    184.28	    594.80	      3.81	      2.79	     66.73	     48.76	-6.33	 5.892e-05	      5.82	0	Gaussian	312.443920	44.333468
1040	1	  0.001454	  0.000486	     -1.00	    666.79	    561.14	      2.99	      2.46	     52.29	     43.02	-36.19	 4.999e-05	      5.82	0	Gaussian	309.279930	44.717661
1041	1	  0.001462	  0.000559	     -1.00	    308.57	    249.30	      2.81	      2.40	     49.24	     41.97	-27.44	 6.343e-05	      5.82	0	Gaussian	311.877465	46.022595
1042	1	  0.001489	  0.000478	     -1.00	    551.64	    398.80	      2.93	      2.54	     51.28	     44.45	-42.56	 5.904e-05	      5.83	0	Gaussian	310.140242	45.436730
1043	1	  0.001470	  0.000493	     -1.00	    521.70	    728.81	      2.95	      2.45	     51.64	     42.87	-9.50	 6.511e-05	      5.83	0	Gaussian	310.143586	43.868118
1044	1	  0.001436	  0.000494	     -1.00	    360.27	    457.45	      2.99	      2.52	     52.28	     44.12	-53.23	 4.516e-05	      5.83	0	Gaussian	311.381725	45.071919
1045	1	  0.001449	  0.000511	     -1.00	    100.40	    514.06	      2.86	      2.65	     50.09	     46.31	-3.17	 8.066e-05	      5.84	0	Gaussian	313.058421	44.664045
1046	1	  0.001483	  0.000522	     -1.00	    632.53	     22.38	      2.82	      2.48	     49.43	     43.49	-68.45	 8.252e-05	      5.84	0	Gaussian	309.812137	47.240335
1047	1	  0.001478	  0.000478	     -1.00	    736.84	    787.52	      3.30	      2.58	     57.77	     45.24	-8.53	 9.956e-05	      5.84	0	Gaussian	308.705566	43.673275
1048	1	  0.001451	  0.000531	     -1.00	    496.44	     73.36	      2.82	      2.55	     49.37	     44.62	-25.99	 4.882e-05	      5.85	0	Gaussian	310.720107	46.941410
1049	1	  0.001467	  0.000447	     -1.00	    768.92	    608.13	      3.26	      2.77	     57.11	     48.45	-9.39	 9.202e-05	      5.85	0	Gaussian	308.578641	44.532166
1050	1	  0.001470	  0.000515	     -1.00	    733.41	    396.36	      2.93	      2.13	     51.33	     37.36	-14.24	 6.849e-05	      5.85	0	Gaussian	308.918775	45.519631
1051	1	  0.001472	  0.000464	     -1.00	    568.97	    269.53	      3.32	      2.64	     58.10	     46.20	-18.71	 8.747e-05	      5.86	0	Gaussian	310.100762	46.052523
1052	1	  0.001469	  0.000532	     -1.00	     41.79	    289.42	      2.90	      2.09	     50.74	     36.52	-24.64	 9.905e-05	      5.86	0	Gaussian	313.636649	45.679421
1053	1	  0.001494	  0.000431	     -1.00	    307.03	    695.71	      3.35	      2.74	     58.64	     47.93	-12.65	 4.352e-05	      5.86	0	Gaussian	311.567550	43.924253
1054	1	  0.001463	  0.000319	     -1.00	    336.36	    558.33	      3.73	      2.98	     65.36	     52.11	-21.91	 5.153e-05	      5.87	0	Gaussian	311.470277	44.585521
1055	1	  0.001490	  0.000365	     -1.00	    300.22	    780.38	      3.81	      2.59	     66.64	     45.29	-0.14	 4.281e-05	      5.87	0	Gaussian	311.553357	43.522281
1056	1	  0.001455	  0.000502	     -1.00	    780.85	    276.60	      3.17	      2.50	     55.55	     43.69	-15.91	 6.953e-05	      5.88	0	Gaussian	308.656650	46.100804
1057	1	  0.001473	  0.000359	     -1.00	    448.32	    329.15	      3.66	      2.88	     64.08	     50.34	-5.14	 6.982e-05	      5.89	0	Gaussian	310.878925	45.717880
1058	1	  0.001430	  0.000450	     -1.00	     12.48	    593.24	      3.07	      2.40	     53.74	     41.95	-19.59	 2.602e-05	      5.89	0	Gaussian	313.568107	44.239697
1059	1	  0.001486	  0.000511	     -1.00	    630.91	    222.75	      3.14	      2.45	     55.04	     42.83	-11.99	 2.262e-04	      5.89	0	Gaussian	309.706872	46.298375
1060	1	  0.001499	  0.000437	     -1.00	    175.22	     14.94	      3.74	      2.19	     65.48	     38.35	-58.28	 8.745e-05	      5.89	0	Gaussian	312.970031	47.043240
1061	1	  0.001463	  0.000376	     -1.00	    138.62	    243.88	      3.73	      2.71	     65.26	     47.50	-24.82	 7.762e-05	      5.90	0	Gaussian	313.026833	45.951895
1062	1	  0.001459	  0.000421	     -1.00	    335.11	    585.58	      3.53	      2.61	     61.81	     45.72	-9.77	 7.129e-05	      5.90	0	Gaussian	311.459663	44.456684
1063	1	  0.001511	  0.000435	     -1.00	    152.40	    219.58	      2.89	      2.63	     50.63	     45.99	42.42	 2.286e-04	      5.90	0	Gaussian	312.954265	46.073751
1064	1	  0.001462	  0.000454	     -1.00	     31.43	    700.24	      2.94	      2.54	     51.39	     44.52	0.31	 3.738e-05	      5.90	0	Gaussian	313.355413	43.749899
1065	1	  0.001467	  0.000294	     -1.00	    336.32	    132.53	      4.32	      2.42	     75.66	     42.28	-10.39	 4.875e-05	      5.91	0	Gaussian	311.775722	46.584470
1066	1	  0.001559	  0.000559	     -1.00	    343.49	    352.40	      2.46	      2.45	     43.03	     42.91	-59.54	 7.236e-04	      5.91	0	Gaussian	311.567526	45.557036
1067	1	  0.001476	  0.000427	     -1.00	    297.82	    573.75	      3.46	      2.59	     60.51	     45.38	-19.18	 7.664e-05	      5.91	0	Gaussian	311.713543	44.493332
1068	1	  0.001468	  0.000434	     -1.00	     51.08	    730.36	      3.49	      2.53	     61.02	     44.20	-7.61	 9.221e-05	      5.91	0	Gaussian	313.203636	43.620468
1069	1	  0.001490	  0.000491	     -1.00	    480.39	    347.86	      2.85	      2.30	     49.96	     40.27	78.77	 7.968e-05	      5.92	0	Gaussian	310.650775	45.644827
1070	1	  0.001566	  0.000529	     -1.00	    304.47	    723.86	      2.63	      2.40	     46.00	     42.01	-28.78	 3.091e-04	      5.92	0	Gaussian	311.564749	43.790502
1071	1	  0.001454	  0.000401	     -1.00	    644.59	    613.65	      3.11	      2.40	     54.43	     42.02	-34.18	 3.971e-05	      5.93	0	Gaussian	309.399353	44.461352
1072	1	  0.001449	  0.000416	     -1.00	    322.47	    468.76	      3.07	      2.43	     53.77	     42.52	-60.96	 4.428e-05	      5.94	0	Gaussian	311.625097	44.999586
1073	1	  0.001447	  0.000409	     -1.00	    587.44	    763.14	      2.97	      2.83	     51.96	     49.59	-4.89	 2.832e-05	      5.94	0	Gaussian	309.694424	43.733102
1074	1	  0.001456	  0.000443	     -1.00	    412.36	    254.30	      3.20	      2.65	     55.99	     46.39	-22.84	 4.324e-05	      5.95	0	Gaussian	311.172087	46.052221
1075	1	  0.001553	  0.000511	     -1.00	    348.43	     46.50	      2.67	      2.35	     46.72	     41.04	31.37	 4.875e-04	      5.95	0	Gaussian	311.756723	46.993571
1076	1	  0.001498	  0.000455	     -1.00	    219.68	     28.19	      2.88	      2.32	     50.41	     40.58	-64.97	 7.316e-05	      5.95	0	Gaussian	312.654470	47.007711
1077	1	  0.001543	  0.000516	     -1.00	    551.18	    493.62	      3.02	      2.28	     52.78	     39.95	-0.35	 1.760e-04	      5.95	0	Gaussian	310.086932	44.989801
1078	1	  0.001557	  0.000494	     -1.00	     36.95	    389.37	      2.70	      2.38	     47.21	     41.72	0.84	 1.938e-04	      5.96	0	Gaussian	313.581936	45.209128
1079	1	  0.001455	  0.000484	     -1.00	    200.48	    406.54	      2.74	      2.64	     47.91	     46.25	-36.78	 9.989e-05	      5.96	0	Gaussian	312.482254	45.226035
1080	1	  0.001478	  0.000326	     -1.00	    740.91	    313.41	      4.56	      2.43	     79.88	     42.47	-10.41	 1.117e-04	      5.96	0	Gaussian	308.909871	45.913401
1081	1	  0.001437	  0.000398	     -1.00	    426.47	    377.79	      3.14	      2.27	     55.04	     39.79	-75.32	 3.804e-05	      5.97	0	Gaussian	310.993501	45.478829
1082	1	  0.001504	  0.000381	     -1.00	    598.11	     78.88	      3.50	      2.64	     61.35	     46.16	-2.18	 2.473e-04	      5.97	0	Gaussian	310.016380	46.960810
1083	1	  0.001536	  0.000498	     -1.00	    265.70	    715.95	      3.09	      2.31	     54.05	     40.49	-0.93	 2.266e-04	      5.97	0	Gaussian	311.822712	43.807861
1084	1	  0.001469	  0.000430	     -1.00	    474.90	    567.21	      3.25	      2.59	     56.90	     45.35	-8.82	 1.395e-04	      5.97	0	Gaussian	310.548948	44.609700
1085	1	  0.001507	  0.000463	     -1.00	    283.80	    150.55	      3.19	      2.39	     55.84	     41.91	-13.73	 1.295e-04	      5.98	0	Gaussian	312.119816	46.471847
1086	1	  0.001510	  0.000465	     -1.00	    228.37	    666.09	      2.76	      2.47	     48.26	     43.32	-25.21	 4.086e-04	      5.98	0	Gaussian	312.102068	44.022630
1087	1	  0.001502	  0.000358	     -1.00	    728.48	    512.56	      4.25	      2.30	     74.46	     40.32	-23.07	 1.474e-04	      5.98	0	Gaussian	308.893819	44.969579
1088	1	  0.001536	  0.000367	     -1.00	    111.23	     68.37	      4.18	      2.23	     73.18	     39.11	-8.46	 1.618e-04	      5.99	0	Gaussian	313.361323	46.754924
1089	1	  0.001468	  0.000290	     -1.00	    198.40	    302.58	      4.03	      2.65	     70.49	     46.46	-20.46	 6.286e-05	      6.00	0	Gaussian	312.577887	45.712126
1090	1	  0.001463	  0.000482	     -1.00	    730.47	    327.44	      2.81	      2.32	     49.14	     40.62	-38.34	 6.055e-05	      6.00	0	Gaussian	308.973462	45.843498
1091	1	  0.001492	  0.000318	     -1.00	    547.31	    511.79	      3.84	      2.58	     67.17	     45.09	-33.06	 8.549e-05	      6.00	0	Gaussian	310.101981	44.902529
1092	1	  0.001473	  0.000453	     -1.00	    774.54	    358.01	      2.81	      2.48	     49.22	     43.36	-13.75	 7.122e-05	      6.02	0	Gaussian	308.660008	45.714900
1093	1	  0.001476	  0.000430	     -1.00	    285.44	    474.49	      2.93	      2.17	     51.25	     37.96	-32.43	 7.457e-05	      6.04	0	Gaussian	311.866777	44.953421
1094	1	  0.001468	  0.000298	     -1.00	    168.81	    254.39	      3.29	      3.28	     57.51	     57.46	-42.24	 5.953e-05	      6.04	0	Gaussian	312.815258	45.920627
1095	1	  0.001497	  0.000460	     -1.00	    426.05	    664.57	      3.10	      2.34	     54.27	     41.01	-7.29	 2.609e-04	      6.04	0	Gaussian	310.809456	44.128603
1096	1	  0.001486	  0.000426	     -1.00	     56.96	    608.71	      3.14	      2.49	     54.97	     43.65	-10.98	 1.322e-04	      6.05	0	Gaussian	313.265141	44.194370
1097	1	  0.001481	  0.000408	     -1.00	    781.74	    352.37	      3.27	      2.48	     57.28	     43.48	-11.11	 1.227e-04	      6.06	0	Gaussian	308.613999	45.743910
1098	1	  0.001475	  0.000413	     -1.00	    289.42	    206.70	      2.83	      2.58	     49.52	     45.12	-40.55	 8.139e-05	      6.08	0	Gaussian	312.038926	46.211957
1099	1	  0.001458	  0.000379	     -1.00	    624.65	     30.69	      3.04	      2.08	     53.20	     36.34	-24.05	 8.297e-05	      6.10	0	Gaussian	309.861850	47.198065
1100	1	  0.001501	  0.000377	     -1.00	    279.47	     37.93	      2.89	      2.62	     50.55	     45.84	7.09	 3.372e-04	      6.11	0	Gaussian	312.236698	46.996228
1101	1	  0.001499	  0.000389	     -1.00	    427.45	    252.40	      2.88	      2.31	     50.39	     40.44	-55.85	 1.001e-04	      6.11	0	Gaussian	311.071212	46.068493
1102	1	  0.001459	  0.000338	     -1.00	    525.69	    218.07	      3.11	      2.29	     54.42	     40.00	-35.91	 7.723e-05	      6.12	0	Gaussian	310.426620	46.275544
1103	1	  0.001473	  0.000408	     -1.00	    758.55	    518.30	      2.93	      1.94	     51.27	     33.96	-48.87	 6.776e-05	      6.13	0	Gaussian	308.690241	44.952954
1104	1	  0.001449	  0.000314	     -1.00	    725.57	    358.04	      3.22	      2.27	     56.28	     39.66	16.51	 3.908e-05	      6.13	0	Gaussian	308.991033	45.697510
1105	1	  0.001471	  0.000399	     -1.00	    377.49	    708.33	      2.92	      2.16	     51.08	     37.78	-40.90	 7.197e-05	      6.13	0	Gaussian	311.099024	43.899525
1106	1	  0.001468	  0.000362	     -1.00	    155.49	     93.19	      3.00	      2.26	     52.46	     39.54	-41.46	 6.115e-05	      6.15	0	Gaussian	313.038892	46.666209
1107	1	  0.001500	  0.000295	     -1.00	    541.63	    400.62	      3.44	      2.52	     60.15	     44.14	-22.03	 6.730e-05	      6.16	0	Gaussian	310.206300	45.423856
1108	1	  0.001529	  0.000391	     -1.00	    649.83	    565.55	      3.42	      2.11	     59.85	     36.97	-21.39	 5.187e-04	      6.17	0	Gaussian	309.390264	44.690402
1109	1	  0.001546	  0.000226	     -1.00	    110.15	     76.36	      9.49	      2.79	    166.03	     48.78	10.33	 2.075e-04	      6.19	0	Gaussian	313.361710	46.716971
1110	1	  0.001497	  0.000382	     -1.00	    211.52	    172.60	      2.83	      2.18	     49.49	     38.24	-40.97	 9.153e-05	      6.22	0	Gaussian	312.593129	46.328067
1111	1	  0.001499	  0.000303	     -1.00	    301.91	    242.12	      3.67	      2.45	     64.19	     42.90	0.32	 1.607e-04	      6.23	0	Gaussian	311.927781	46.052717
1112	1	  0.001466	  0.000290	     -1.00	    767.55	    368.67	      3.09	      2.48	     54.06	     43.40	-66.20	 7.098e-05	      6.25	0	Gaussian	308.702071	45.662189
1113	1	  0.001501	  0.000363	     -1.00	     65.51	    369.30	      2.81	      2.28	     49.12	     39.96	-18.75	 7.923e-05	      6.25	0	Gaussian	313.409733	45.320778
1114	1	  0.001511	  0.000371	     -1.00	    562.71	    526.72	      3.03	      2.30	     53.09	     40.34	-22.36	 1.173e-04	      6.30	0	Gaussian	309.990790	44.838639
1115	1	  0.001562	  0.000366	     -1.00	    487.57	    400.39	      2.90	      1.98	     50.83	     34.70	-3.26	 3.440e-04	      6.32	0	Gaussian	310.569135	45.400974
1116	1	  0.001578	  0.000694	     -1.00	    125.01	     60.78	      1.76	      1.53	     30.81	     26.84	33.34	 2.233e-04	      6.40	0	Gaussian	313.274062	46.798848
1117	1	  0.001590	  0.000423	     -1.00	    183.02	     72.35	     12.19	      6.69	    213.41	    117.15	40.76	 4.473e-04	      6.41	0	Gaussian	312.868752	46.779975
1118	1	  0.001530	  0.000317	     -1.00	    343.53	    369.45	      3.17	      2.07	     55.51	     36.27	-34.28	 6.475e-04	      6.50	0	Gaussian	311.555144	45.477000
1119	1	  0.001515	  0.000305	     -1.00	    469.77	    369.95	      4.46	      2.72	     78.12	     47.53	50.55	 1.388e-04	      6.80	0	Gaussian	310.708042	45.536058
1120	1	  0.001494	  0.000357	     -1.00	    380.00	    138.71	      2.90	      1.41	     50.78	     24.76	-37.09	 1.779e-04	      6.81	0	Gaussian	311.473185	46.578201
1121	1	  0.001599	  0.000421	     -1.00	    165.77	     63.27	      1.86	      1.56	     32.50	     27.25	-34.75	 5.117e-04	      6.82	0	Gaussian	312.993970	46.812047
1122	1	  0.001485	  0.000373	     -1.00	    760.41	    102.45	      2.79	      1.14	     48.81	     19.88	11.60	 1.836e-04	      6.87	0	Gaussian	308.883645	46.913459
1123	1	  0.001506	  0.000226	     -1.00	    322.33	    267.89	      1.38	      1.29	     24.07	     22.50	-5.82	 1.830e-04	      7.13	0	Gaussian	311.770864	45.942678
1124	1	  0.001518	  0.000299	     -1.00	    233.98	     54.20	      4.33	      3.17	     75.83	     55.44	83.42	 2.880e-04	      7.23	0	Gaussian	312.535391	46.894478
1125	1	  0.001503	  0.000356	     -1.00	    433.82	    244.94	      1.51	      1.43	     26.37	     24.95	-40.10	 8.415e-05	      7.35	0	Gaussian	311.033124	46.106581
1126	1	  0.001577	  0.000455	     -1.00	    255.62	    152.06	      1.60	      1.12	     28.03	     19.65	-54.09	 3.411e-04	      7.83	0	Gaussian	312.310261	46.449205
