# 1028 stars found using the following parameters:
# sigma=1.00 roundness=0.10 radius=5 relax=1 profile=0 minbeta=1.5 max_stars=0 layer=1 minA=0.00 maxA=0.00 maxR=1.00
# star#	layer	B	A	beta	X	Y	FWHMx [px]	FWHMy [px]	FWHMx ["]	FWHMy ["]	angle	RMSE	mag	Sat	Profile	RA	Dec
1	1	  0.002697	  0.767968	     -1.00	    353.55	    610.74	      2.73	      2.47	     47.71	     43.15	46.50	 4.155e-03	     -1.92	0	Gaussian	314.292649	41.166894
2	1	  0.001804	  0.380481	     -1.00	    706.01	     38.88	      2.49	      2.40	     43.62	     42.07	56.10	 6.886e-04	     -1.03	0	Gaussian	312.520404	44.059936
3	1	  0.001733	  0.153307	     -1.00	    323.51	    441.32	      2.48	      2.31	     43.44	     40.36	38.08	 9.629e-04	      0.01	0	Gaussian	314.628252	41.939515
4	1	  0.001823	  0.109575	     -1.00	    103.17	    475.41	      2.66	      2.46	     46.53	     43.08	45.30	 1.321e-03	      0.23	0	Gaussian	315.966686	41.627146
5	1	  0.001637	  0.109128	     -1.00	    300.23	    355.66	      2.49	      2.39	     43.64	     41.80	35.13	 5.579e-04	      0.33	0	Gaussian	314.851838	42.324221
6	1	  0.001671	  0.084425	     -1.00	    216.06	    785.81	      2.62	      2.46	     45.86	     43.02	33.86	 5.486e-04	      0.53	0	Gaussian	314.982049	40.259713
7	1	  0.001574	  0.090992	     -1.00	    534.99	    369.30	      2.48	      2.37	     43.33	     41.42	23.74	 3.488e-04	      0.55	0	Gaussian	313.358798	42.409867
8	1	  0.001541	  0.085244	     -1.00	    451.97	    722.90	      2.58	      2.42	     45.22	     42.33	41.71	 3.023e-04	      0.55	0	Gaussian	313.591885	40.702692
9	1	  0.001578	  0.081500	     -1.00	    433.59	    279.47	      2.42	      2.33	     42.29	     40.74	48.66	 4.709e-04	      0.71	0	Gaussian	314.077145	42.768236
10	1	  0.001538	  0.076036	     -1.00	    456.91	    142.56	      2.51	      2.37	     43.87	     41.46	40.02	 3.036e-04	      0.73	0	Gaussian	314.047379	43.424041
11	1	  0.001553	  0.074766	     -1.00	    484.06	    158.48	      2.48	      2.34	     43.44	     41.03	61.24	 3.107e-04	      0.77	0	Gaussian	313.859272	43.366772
12	1	  0.001586	  0.065156	     -1.00	    465.60	    338.26	      2.42	      2.41	     42.40	     42.11	-58.94	 4.963e-04	      0.92	0	Gaussian	313.823805	42.513058
13	1	  0.001541	  0.056164	     -1.00	    255.98	    641.46	      2.60	      2.40	     45.56	     41.94	39.18	 2.291e-04	      1.00	0	Gaussian	314.867512	40.959747
14	1	  0.001533	  0.057510	     -1.00	    462.39	     41.55	      2.41	      2.35	     42.24	     41.15	36.45	 3.265e-04	      1.08	0	Gaussian	314.100838	43.900266
15	1	  0.001568	  0.048753	     -1.00	    166.78	    701.94	      2.68	      2.49	     46.94	     43.52	43.30	 2.363e-04	      1.08	0	Gaussian	315.358911	40.617250
16	1	  0.001641	  0.054234	     -1.00	    778.57	    398.07	      2.49	      2.37	     43.63	     41.52	30.86	 4.884e-04	      1.10	0	Gaussian	311.790749	42.409590
17	1	  0.001571	  0.049755	     -1.00	    308.42	    563.74	      2.49	      2.41	     43.59	     42.19	-57.00	 3.912e-04	      1.18	0	Gaussian	314.613143	41.357394
18	1	  0.001656	  0.052340	     -1.00	    642.26	    388.49	      2.40	      2.33	     41.95	     40.83	43.02	 5.585e-04	      1.20	0	Gaussian	312.663848	42.381755
19	1	  0.001513	  0.049359	     -1.00	    715.78	    275.22	      2.46	      2.38	     43.12	     41.58	44.63	 1.650e-04	      1.21	0	Gaussian	312.279565	42.954611
20	1	  0.001826	  0.049168	     -1.00	    418.10	    249.82	      2.43	      2.38	     42.50	     41.62	38.04	 1.023e-03	      1.23	0	Gaussian	314.201460	42.897051
21	1	  0.001560	  0.046043	     -1.00	    359.25	    499.83	      2.48	      2.48	     43.41	     43.34	-73.70	 2.659e-04	      1.24	0	Gaussian	314.353375	41.689260
22	1	  0.001483	  0.043147	     -1.00	    378.84	    341.05	      2.56	      2.38	     44.74	     41.64	51.58	 1.109e-04	      1.32	0	Gaussian	314.369873	42.444723
23	1	  0.001527	  0.042222	     -1.00	    703.09	    527.21	      2.47	      2.34	     43.17	     40.92	38.08	 1.753e-04	      1.40	0	Gaussian	312.177438	41.762695
24	1	  0.001733	  0.042455	     -1.00	    750.79	    467.53	      2.42	      2.29	     42.40	     40.13	32.43	 7.261e-04	      1.43	0	Gaussian	311.918706	42.068413
25	1	  0.001537	  0.039597	     -1.00	    489.54	    653.67	      2.45	      2.35	     42.87	     41.13	46.88	 2.152e-04	      1.47	0	Gaussian	313.415211	41.049390
26	1	  0.001525	  0.037950	     -1.00	    454.80	    536.38	      2.46	      2.37	     43.00	     41.45	28.80	 2.309e-04	      1.50	0	Gaussian	313.726271	41.578162
27	1	  0.001508	  0.034787	     -1.00	    273.38	     52.29	      2.53	      2.40	     44.33	     42.05	44.29	 2.035e-04	      1.55	0	Gaussian	315.308829	43.721465
28	1	  0.001653	  0.032462	     -1.00	    297.00	    794.47	      2.61	      2.38	     45.62	     41.73	27.74	 2.932e-04	      1.60	0	Gaussian	314.481689	40.272118
29	1	  0.001522	  0.030772	     -1.00	    295.78	    225.07	      2.54	      2.48	     44.46	     43.45	-37.70	 1.929e-04	      1.64	0	Gaussian	315.001055	42.931044
30	1	  0.001494	  0.033186	     -1.00	    665.60	    703.24	      2.41	      2.32	     42.14	     40.59	61.18	 1.850e-04	      1.70	0	Gaussian	312.286041	40.915317
31	1	  0.001549	  0.032482	     -1.00	    502.16	     70.60	      2.42	      2.34	     42.44	     40.91	68.35	 2.954e-04	      1.70	0	Gaussian	313.818322	43.789750
32	1	  0.001486	  0.029086	     -1.00	    557.47	    463.87	      2.53	      2.38	     44.32	     41.72	47.27	 1.082e-04	      1.75	0	Gaussian	313.141379	41.979430
33	1	  0.001543	  0.028196	     -1.00	    137.61	    763.48	      2.59	      2.35	     45.41	     41.12	29.19	 2.231e-04	      1.77	0	Gaussian	315.479199	40.310491
34	1	  0.001471	  0.025966	     -1.00	    164.48	     63.05	      2.56	      2.51	     44.86	     43.95	39.82	 1.262e-04	      1.80	0	Gaussian	315.995188	43.591726
35	1	  0.001497	  0.023387	     -1.00	     80.55	    769.08	      2.70	      2.46	     47.31	     43.04	27.02	 1.658e-04	      1.89	0	Gaussian	315.819965	40.244509
36	1	  0.001482	  0.025053	     -1.00	    285.85	    701.67	      2.59	      2.38	     45.41	     41.62	35.08	 1.444e-04	      1.90	0	Gaussian	314.630604	40.698309
37	1	  0.001571	  0.025967	     -1.00	    626.47	     93.67	      2.45	      2.41	     42.92	     42.25	10.20	 2.776e-04	      1.90	0	Gaussian	312.994544	43.757199
38	1	  0.001519	  0.023797	     -1.00	    317.42	    199.77	      2.49	      2.49	     43.59	     43.50	-57.98	 1.334e-04	      1.95	0	Gaussian	314.887157	43.064048
39	1	  0.001535	  0.023669	     -1.00	    735.66	    204.35	      2.39	      2.37	     41.83	     41.55	41.85	 1.781e-04	      2.04	0	Gaussian	312.203840	43.298550
40	1	  0.001504	  0.022240	     -1.00	    713.84	    538.38	      2.44	      2.33	     42.65	     40.72	47.71	 1.148e-04	      2.11	0	Gaussian	312.101904	41.715845
41	1	  0.001508	  0.018914	     -1.00	     48.89	    600.12	      2.71	      2.45	     47.40	     42.83	33.61	 1.182e-04	      2.12	0	Gaussian	316.177184	41.007303
42	1	  0.001549	  0.021996	     -1.00	    721.49	    423.84	      2.39	      2.36	     41.75	     41.30	53.64	 2.388e-04	      2.14	0	Gaussian	312.135235	42.258640
43	1	  0.001516	  0.018215	     -1.00	    297.22	     90.29	      2.72	      2.39	     47.62	     41.91	39.81	 1.362e-04	      2.18	0	Gaussian	315.119351	43.561128
44	1	  0.001487	  0.018901	     -1.00	    329.83	    152.79	      2.61	      2.40	     45.70	     41.94	35.06	 9.053e-05	      2.18	0	Gaussian	314.851845	43.291947
45	1	  0.001493	  0.018691	     -1.00	    102.35	    300.20	      2.56	      2.46	     44.86	     43.07	27.44	 1.560e-04	      2.19	0	Gaussian	316.146926	42.441847
46	1	  0.001472	  0.018248	     -1.00	    577.01	    225.82	      2.54	      2.39	     44.42	     41.86	43.35	 7.211e-05	      2.25	0	Gaussian	313.207100	43.107972
47	1	  0.001534	  0.017279	     -1.00	     65.37	      5.78	      2.60	      2.43	     45.55	     42.57	73.44	 2.031e-04	      2.27	0	Gaussian	316.687797	43.781589
48	1	  0.001495	  0.017940	     -1.00	    777.04	    215.15	      2.51	      2.42	     43.93	     42.39	26.32	 7.719e-05	      2.27	0	Gaussian	311.929181	43.269747
49	1	  0.001483	  0.016903	     -1.00	    469.25	    682.82	      2.55	      2.48	     44.55	     43.32	70.64	 9.458e-05	      2.30	0	Gaussian	313.517462	40.900764
50	1	  0.001514	  0.016932	     -1.00	    782.06	    256.94	      2.48	      2.47	     43.37	     43.29	-60.20	 1.666e-04	      2.32	0	Gaussian	311.867206	43.075707
51	1	  0.001501	  0.016957	     -1.00	    196.34	    767.42	      2.56	      2.37	     44.85	     41.53	44.67	 1.644e-04	      2.33	0	Gaussian	315.118615	40.332212
52	1	  0.001463	  0.016992	     -1.00	    666.02	    654.88	      2.45	      2.41	     42.81	     42.14	29.91	 7.789e-05	      2.35	0	Gaussian	312.318034	41.142795
53	1	  0.001482	  0.015392	     -1.00	    311.49	    661.86	      2.64	      2.47	     46.19	     43.19	53.94	 8.203e-05	      2.36	0	Gaussian	314.507920	40.900929
54	1	  0.001539	  0.014926	     -1.00	     96.35	    289.04	      2.69	      2.47	     47.04	     43.17	41.73	 4.166e-04	      2.37	0	Gaussian	316.195781	42.489253
55	1	  0.001494	  0.015209	     -1.00	    269.81	    740.86	      2.52	      2.52	     44.14	     44.11	-55.72	 1.147e-04	      2.40	0	Gaussian	314.694328	40.504845
56	1	  0.001473	  0.016865	     -1.00	    561.69	    330.56	      2.42	      2.37	     42.37	     41.49	54.20	 1.160e-04	      2.40	0	Gaussian	313.220610	42.607454
57	1	  0.001486	  0.014904	     -1.00	    306.49	    501.03	      2.57	      2.43	     45.04	     42.55	53.27	 6.981e-05	      2.44	0	Gaussian	314.680968	41.649182
58	1	  0.001467	  0.015080	     -1.00	    139.54	    554.47	      2.57	      2.37	     44.95	     41.41	42.72	 1.243e-04	      2.45	0	Gaussian	315.665201	41.285237
59	1	  0.001554	  0.015559	     -1.00	    440.51	    203.32	      2.41	      2.40	     42.12	     41.93	-82.46	 2.451e-04	      2.48	0	Gaussian	314.099346	43.129143
60	1	  0.001496	  0.014925	     -1.00	    622.40	    333.06	      2.52	      2.36	     44.13	     41.31	53.06	 6.202e-05	      2.48	0	Gaussian	312.832512	42.630910
61	1	  0.001486	  0.014395	     -1.00	    270.05	     92.38	      2.55	      2.40	     44.59	     42.00	39.75	 7.453e-05	      2.49	0	Gaussian	315.291335	43.532166
62	1	  0.001467	  0.015550	     -1.00	    577.61	    359.73	      2.45	      2.31	     42.88	     40.41	67.04	 9.934e-05	      2.49	0	Gaussian	313.096306	42.479918
63	1	  0.001528	  0.013539	     -1.00	    359.83	    589.72	      2.59	      2.37	     45.35	     41.53	50.72	 1.054e-04	      2.56	0	Gaussian	314.271870	41.269196
64	1	  0.001536	  0.013330	     -1.00	    484.98	    119.79	      2.55	      2.42	     44.55	     42.41	59.86	 5.945e-04	      2.57	0	Gaussian	313.886717	43.548540
65	1	  0.001520	  0.013660	     -1.00	    694.36	    339.83	      2.44	      2.44	     42.70	     42.68	-75.85	 1.532e-04	      2.58	0	Gaussian	312.368897	42.639185
66	1	  0.001470	  0.013581	     -1.00	    534.53	    307.11	      2.47	      2.42	     43.21	     42.41	60.77	 6.455e-05	      2.58	0	Gaussian	313.412291	42.701275
67	1	  0.001471	  0.012846	     -1.00	    199.39	    692.17	      2.63	      2.40	     46.04	     42.04	43.83	 8.406e-05	      2.59	0	Gaussian	315.168595	40.685085
68	1	  0.001468	  0.013213	     -1.00	    742.97	    182.58	      2.51	      2.44	     43.97	     42.76	31.05	 4.131e-05	      2.59	0	Gaussian	312.172677	43.404869
69	1	  0.001492	  0.013619	     -1.00	    728.53	     41.27	      2.44	      2.43	     42.63	     42.58	-36.32	 9.016e-05	      2.60	0	Gaussian	312.371619	44.061192
70	1	  0.001516	  0.011961	     -1.00	     85.04	      5.82	      2.62	      2.52	     45.90	     44.12	36.51	 1.066e-04	      2.62	0	Gaussian	316.562144	43.796865
71	1	  0.001495	  0.011152	     -1.00	    236.44	    491.73	      2.66	      2.66	     46.57	     46.54	44.21	 1.793e-04	      2.62	0	Gaussian	315.124977	41.645412
72	1	  0.001533	  0.013534	     -1.00	    483.13	    594.44	      2.48	      2.32	     43.35	     40.68	39.84	 2.183e-04	      2.64	0	Gaussian	313.502454	41.323182
73	1	  0.001477	  0.012241	     -1.00	    108.77	     36.80	      2.62	      2.42	     45.87	     42.38	42.05	 7.253e-05	      2.64	0	Gaussian	316.377882	43.671391
74	1	  0.001518	  0.012679	     -1.00	    464.63	    723.75	      2.55	      2.37	     44.59	     41.42	41.44	 1.106e-04	      2.65	0	Gaussian	313.513201	40.706284
75	1	  0.001508	  0.011421	     -1.00	    130.23	    468.84	      2.58	      2.57	     45.13	     44.97	0.03	 1.045e-04	      2.66	0	Gaussian	315.805613	41.677370
76	1	  0.001470	  0.012357	     -1.00	    666.39	    554.02	      2.50	      2.37	     43.76	     41.45	45.01	 5.521e-05	      2.70	0	Gaussian	312.388655	41.617085
77	1	  0.001482	  0.012266	     -1.00	    470.61	    293.63	      2.47	      2.38	     43.19	     41.61	79.10	 8.187e-05	      2.72	0	Gaussian	313.829796	42.725277
78	1	  0.001527	  0.010580	     -1.00	     21.80	    562.49	      2.73	      2.48	     47.75	     43.44	22.50	 1.271e-04	      2.74	0	Gaussian	316.380672	41.162109
79	1	  0.001469	  0.010849	     -1.00	    446.08	    585.73	      2.61	      2.49	     45.69	     43.57	33.97	 5.604e-05	      2.74	0	Gaussian	313.739903	41.341661
80	1	  0.001524	  0.011419	     -1.00	    720.05	    101.75	      2.47	      2.47	     43.21	     43.21	-43.68	 1.349e-04	      2.75	0	Gaussian	312.381189	43.772368
81	1	  0.001458	  0.010201	     -1.00	     13.89	    737.39	      2.74	      2.46	     47.91	     43.07	21.31	 7.910e-05	      2.78	0	Gaussian	316.254344	40.343795
82	1	  0.001475	  0.011022	     -1.00	    412.42	    160.38	      2.51	      2.45	     44.01	     42.83	12.84	 8.170e-05	      2.79	0	Gaussian	314.316831	43.311809
83	1	  0.001506	  0.010816	     -1.00	    649.03	    742.48	      2.57	      2.36	     44.93	     41.27	23.00	 8.358e-05	      2.81	0	Gaussian	312.360662	40.722185
84	1	  0.001586	  0.011055	     -1.00	    662.92	    394.32	      2.45	      2.42	     42.83	     42.33	-84.98	 4.664e-04	      2.83	0	Gaussian	312.528364	42.365799
85	1	  0.001496	  0.010726	     -1.00	    541.79	    380.21	      2.47	      2.44	     43.27	     42.79	31.35	 1.106e-04	      2.83	0	Gaussian	313.306929	42.362752
86	1	  0.001476	  0.010659	     -1.00	    374.13	    722.42	      2.53	      2.39	     44.20	     41.75	34.71	 7.004e-05	      2.84	0	Gaussian	314.070952	40.657510
87	1	  0.001467	  0.010957	     -1.00	    775.00	     43.42	      2.42	      2.39	     42.39	     41.89	27.12	 5.941e-05	      2.85	0	Gaussian	312.066610	44.076324
88	1	  0.001466	  0.010475	     -1.00	    244.74	    619.48	      2.58	      2.36	     45.15	     41.31	31.34	 7.180e-05	      2.85	0	Gaussian	314.956560	41.054839
89	1	  0.001485	  0.010585	     -1.00	    653.10	    722.72	      2.48	      2.39	     43.34	     41.82	84.04	 9.202e-05	      2.87	0	Gaussian	312.349630	40.817164
90	1	  0.001502	  0.009953	     -1.00	    609.84	     49.97	      2.52	      2.45	     44.16	     42.96	9.31	 1.317e-04	      2.88	0	Gaussian	313.137707	43.952357
91	1	  0.001460	  0.010187	     -1.00	    604.18	    630.53	      2.50	      2.42	     43.83	     42.31	30.71	 7.836e-05	      2.89	0	Gaussian	312.720986	41.223576
92	1	  0.001490	  0.009858	     -1.00	    462.22	    488.95	      2.53	      2.47	     44.28	     43.24	72.71	 1.363e-04	      2.89	0	Gaussian	313.719073	41.804921
93	1	  0.001448	  0.009989	     -1.00	    608.16	    161.14	      2.53	      2.44	     44.32	     42.70	39.20	 4.097e-05	      2.89	0	Gaussian	313.058900	43.429853
94	1	  0.001458	  0.008785	     -1.00	     12.62	    721.76	      2.77	      2.48	     48.56	     43.44	27.08	 6.067e-05	      2.90	0	Gaussian	316.277521	40.415433
95	1	  0.001473	  0.009272	     -1.00	     25.72	    666.76	      2.68	      2.44	     46.85	     42.74	38.42	 7.409e-05	      2.91	0	Gaussian	316.252431	40.680565
96	1	  0.001453	  0.009392	     -1.00	    214.59	    198.23	      2.60	      2.45	     45.55	     42.95	-44.98	 9.000e-05	      2.91	0	Gaussian	315.541449	42.999046
97	1	  0.001497	  0.009182	     -1.00	    214.99	    229.53	      2.63	      2.45	     46.07	     42.97	31.25	 9.092e-05	      2.92	0	Gaussian	315.508418	42.853433
98	1	  0.001517	  0.008842	     -1.00	     90.39	    737.95	      2.59	      2.59	     45.40	     45.25	68.20	 1.995e-04	      2.93	0	Gaussian	315.790027	40.396236
99	1	  0.001478	  0.009893	     -1.00	    688.22	    652.66	      2.51	      2.38	     43.86	     41.66	33.23	 9.947e-05	      2.94	0	Gaussian	312.181315	41.165018
100	1	  0.001490	  0.009409	     -1.00	    154.49	    456.45	      2.59	      2.38	     45.34	     41.57	41.02	 8.819e-05	      2.95	0	Gaussian	315.667229	41.752527
101	1	  0.001516	  0.001228	     -1.00	    125.09	    411.74	      8.25	      5.63	    144.32	     98.47	-74.12	 2.232e-04	      2.97	0	Gaussian	315.893523	41.939529
102	1	  0.001583	  0.008624	     -1.00	    181.85	    693.38	      2.74	      2.44	     48.01	     42.63	16.15	 3.104e-04	      2.97	0	Gaussian	315.274756	40.667518
103	1	  0.001511	  0.008652	     -1.00	    383.91	    167.31	      2.61	      2.49	     45.73	     43.56	68.72	 6.642e-05	      2.98	0	Gaussian	314.492982	43.260614
104	1	  0.001473	  0.008445	     -1.00	    128.84	    339.69	      2.70	      2.49	     47.32	     43.61	32.75	 5.984e-05	      2.99	0	Gaussian	315.941530	42.277679
105	1	  0.001472	  0.009395	     -1.00	    420.61	    399.68	      2.48	      2.41	     43.44	     42.11	-71.72	 1.033e-04	      2.99	0	Gaussian	314.055561	42.197184
106	1	  0.001505	  0.008620	     -1.00	    344.86	    458.03	      2.53	      2.52	     44.27	     44.13	43.58	 1.030e-04	      3.01	0	Gaussian	314.479901	41.875410
107	1	  0.001519	  0.009411	     -1.00	    467.72	    104.44	      2.45	      2.38	     42.96	     41.58	45.06	 5.203e-04	      3.02	0	Gaussian	314.011140	43.609410
108	1	  0.001474	  0.008686	     -1.00	    253.60	    378.22	      2.58	      2.39	     45.24	     41.91	80.77	 8.617e-05	      3.03	0	Gaussian	315.123579	42.186998
109	1	  0.001473	  0.008926	     -1.00	    649.43	    467.68	      2.48	      2.43	     43.34	     42.46	69.78	 6.261e-05	      3.04	0	Gaussian	312.558958	42.013635
110	1	  0.001458	  0.008435	     -1.00	    319.45	    347.06	      2.62	      2.40	     45.88	     42.05	48.08	 4.210e-05	      3.05	0	Gaussian	314.738783	42.377351
111	1	  0.001488	  0.008906	     -1.00	    706.31	    236.77	      2.48	      2.40	     43.45	     41.95	56.23	 1.768e-04	      3.05	0	Gaussian	312.368854	43.130236
112	1	  0.001474	  0.008007	     -1.00	    304.68	    700.13	      2.63	      2.52	     45.98	     44.14	-80.13	 8.592e-05	      3.06	0	Gaussian	314.516437	40.717717
113	1	  0.001455	  0.008196	     -1.00	    382.35	    409.24	      2.66	      2.41	     46.48	     42.21	44.51	 5.366e-05	      3.06	0	Gaussian	314.287816	42.127963
114	1	  0.001470	  0.008093	     -1.00	    573.81	    263.16	      2.54	      2.52	     44.52	     44.17	15.04	 1.227e-04	      3.07	0	Gaussian	313.197498	42.930892
115	1	  0.001618	  0.009070	     -1.00	    474.91	    113.37	      2.44	      2.35	     42.71	     41.11	83.45	 8.613e-04	      3.07	0	Gaussian	313.957090	43.572190
116	1	  0.001490	  0.008013	     -1.00	    158.27	    226.56	      2.67	      2.44	     46.66	     42.73	52.46	 8.186e-05	      3.07	0	Gaussian	315.869512	42.826067
117	1	  0.001498	  0.009360	     -1.00	    620.55	    368.48	      2.36	      2.35	     41.35	     41.08	69.16	 8.339e-05	      3.07	0	Gaussian	312.816920	42.463512
118	1	  0.001485	  0.008530	     -1.00	    785.09	    313.61	      2.51	      2.42	     44.00	     42.31	32.13	 7.042e-05	      3.08	0	Gaussian	311.807913	42.810511
119	1	  0.001480	  0.006983	     -1.00	    451.49	    394.65	      3.03	      2.44	     52.99	     42.72	5.55	 9.761e-05	      3.10	0	Gaussian	313.865304	42.240104
120	1	  0.001440	  0.007772	     -1.00	    440.99	     29.21	      2.55	      2.51	     44.61	     43.90	32.20	 3.510e-05	      3.11	0	Gaussian	314.250340	43.944044
121	1	  0.001483	  0.007557	     -1.00	    150.74	    528.61	      2.69	      2.45	     47.05	     42.83	34.72	 7.116e-05	      3.12	0	Gaussian	315.620904	41.413669
122	1	  0.001481	  0.007473	     -1.00	     19.44	     93.51	      2.67	      2.45	     46.78	     42.88	41.76	 8.923e-05	      3.13	0	Gaussian	316.885140	43.338152
123	1	  0.001471	  0.008292	     -1.00	    665.37	    758.27	      2.50	      2.35	     43.78	     41.21	44.21	 7.679e-05	      3.14	0	Gaussian	312.248393	40.656639
124	1	  0.001511	  0.004897	     -1.00	     12.28	    128.16	      3.17	      3.16	     55.44	     55.33	78.83	 2.657e-04	      3.15	0	Gaussian	316.892945	43.171714
125	1	  0.001467	  0.007594	     -1.00	    738.87	     77.23	      2.54	      2.45	     44.49	     42.96	-5.26	 4.799e-05	      3.16	0	Gaussian	312.277185	43.897902
126	1	  0.001476	  0.008332	     -1.00	    705.57	    575.35	      2.46	      2.34	     43.02	     41.02	32.98	 6.107e-05	      3.16	0	Gaussian	312.127633	41.537642
127	1	  0.001553	  0.007740	     -1.00	    148.55	    769.56	      2.60	      2.36	     45.45	     41.24	37.21	 4.865e-04	      3.17	0	Gaussian	315.407121	40.289754
128	1	  0.001512	  0.007941	     -1.00	    749.85	     12.60	      2.49	      2.38	     43.54	     41.66	17.77	 1.569e-04	      3.18	0	Gaussian	312.253855	44.207611
129	1	  0.001464	  0.007504	     -1.00	    427.55	    679.46	      2.53	      2.37	     44.37	     41.46	35.98	 5.934e-05	      3.23	0	Gaussian	313.777712	40.891424
130	1	  0.001460	  0.007310	     -1.00	    594.71	    202.49	      2.51	      2.42	     43.90	     42.42	41.18	 4.436e-05	      3.25	0	Gaussian	313.112306	43.227913
131	1	  0.001462	  0.007434	     -1.00	    504.40	    212.49	      2.47	      2.39	     43.26	     41.88	54.09	 8.120e-05	      3.26	0	Gaussian	313.682994	43.126489
132	1	  0.001476	  0.006793	     -1.00	     78.51	    298.53	      2.62	      2.43	     45.92	     42.61	46.67	 6.062e-05	      3.27	0	Gaussian	316.297810	42.431714
133	1	  0.001453	  0.006293	     -1.00	    541.60	    142.38	      2.69	      2.57	     47.04	     45.07	-27.37	 7.006e-05	      3.27	0	Gaussian	313.502968	43.477938
134	1	  0.001480	  0.006368	     -1.00	    251.93	    251.95	      2.66	      2.58	     46.56	     45.15	-2.26	 6.745e-05	      3.27	0	Gaussian	315.253294	42.775081
135	1	  0.001462	  0.006813	     -1.00	    281.58	    294.44	      2.57	      2.48	     45.05	     43.34	32.60	 6.632e-05	      3.27	0	Gaussian	315.025954	42.597356
136	1	  0.001473	  0.006527	     -1.00	    537.16	    670.84	      2.63	      2.48	     45.95	     43.48	-28.64	 6.677e-05	      3.27	0	Gaussian	313.106642	40.996576
137	1	  0.001469	  0.006294	     -1.00	    507.69	    316.04	      2.71	      2.50	     47.37	     43.84	88.86	 6.930e-05	      3.27	0	Gaussian	313.575524	42.643157
138	1	  0.001476	  0.006526	     -1.00	     79.11	    676.40	      2.71	      2.46	     47.50	     42.98	30.25	 5.756e-05	      3.28	0	Gaussian	315.917899	40.674521
139	1	  0.001498	  0.007261	     -1.00	    692.48	    105.62	      2.46	      2.40	     43.04	     41.97	30.76	 6.578e-05	      3.29	0	Gaussian	312.557224	43.738883
140	1	  0.001454	  0.006592	     -1.00	    339.07	    332.45	      2.61	      2.44	     45.72	     42.79	35.22	 7.882e-05	      3.30	0	Gaussian	314.628420	42.458711
141	1	  0.001456	  0.006706	     -1.00	    649.93	    662.75	      2.58	      2.43	     45.17	     42.60	37.69	 6.913e-05	      3.30	0	Gaussian	312.412534	41.097246
142	1	  0.001454	  0.006444	     -1.00	    524.18	    142.34	      2.61	      2.49	     45.69	     43.53	33.83	 5.352e-05	      3.32	0	Gaussian	313.615177	43.467417
143	1	  0.001488	  0.006064	     -1.00	     29.55	    301.68	      2.76	      2.45	     48.24	     42.83	39.59	 7.102e-05	      3.32	0	Gaussian	316.600430	42.379717
144	1	  0.001463	  0.006509	     -1.00	    595.26	    218.57	      2.58	      2.41	     45.21	     42.22	28.97	 4.153e-05	      3.35	0	Gaussian	313.095889	43.152775
145	1	  0.001513	  0.005589	     -1.00	     38.60	     37.67	      2.76	      2.58	     48.24	     45.11	52.99	 1.469e-04	      3.36	0	Gaussian	316.823987	43.612424
146	1	  0.001486	  0.006404	     -1.00	    657.56	     16.33	      2.52	      2.46	     44.14	     43.01	1.01	 6.381e-05	      3.37	0	Gaussian	312.854031	44.138172
147	1	  0.001563	  0.006243	     -1.00	    702.03	    514.98	      2.47	      2.46	     43.30	     43.09	56.81	 2.812e-04	      3.39	0	Gaussian	312.192859	41.819664
148	1	  0.001500	  0.006556	     -1.00	    682.69	    739.61	      2.51	      2.35	     43.91	     41.13	44.26	 7.365e-05	      3.40	0	Gaussian	312.154405	40.753398
149	1	  0.001467	  0.005917	     -1.00	    731.18	    484.96	      2.56	      2.53	     44.80	     44.27	39.19	 4.939e-05	      3.40	0	Gaussian	312.030394	41.976196
150	1	  0.001458	  0.005831	     -1.00	    332.46	    649.27	      2.64	      2.47	     46.20	     43.18	63.04	 4.914e-05	      3.41	0	Gaussian	314.389646	40.973253
151	1	  0.001461	  0.005705	     -1.00	    291.01	    640.60	      2.68	      2.49	     46.87	     43.58	38.73	 4.198e-05	      3.41	0	Gaussian	314.652681	40.986916
152	1	  0.001485	  0.005923	     -1.00	    715.19	    455.36	      2.61	      2.47	     45.73	     43.28	1.05	 1.028e-04	      3.41	0	Gaussian	312.152538	42.107029
153	1	  0.001490	  0.006306	     -1.00	    728.47	    348.69	      2.49	      2.43	     43.51	     42.48	66.57	 6.644e-05	      3.42	0	Gaussian	312.144890	42.615866
154	1	  0.001473	  0.005646	     -1.00	    130.56	    487.38	      2.68	      2.51	     46.94	     43.92	31.87	 6.435e-05	      3.42	0	Gaussian	315.785481	41.591296
155	1	  0.001501	  0.005984	     -1.00	    606.02	    596.94	      2.50	      2.50	     43.70	     43.69	-1.30	 1.842e-04	      3.42	0	Gaussian	312.734663	41.382341
156	1	  0.001485	  0.005734	     -1.00	    648.96	    409.12	      2.54	      2.50	     44.41	     43.81	-13.35	 5.487e-05	      3.44	0	Gaussian	312.605769	42.288526
157	1	  0.001476	  0.005911	     -1.00	    459.69	    695.29	      2.58	      2.41	     45.19	     42.26	58.41	 6.622e-05	      3.45	0	Gaussian	313.566476	40.836661
158	1	  0.001476	  0.006173	     -1.00	    591.59	     94.47	      2.48	      2.41	     43.34	     42.18	22.29	 5.459e-05	      3.45	0	Gaussian	313.219804	43.732781
159	1	  0.001466	  0.005492	     -1.00	    189.31	    737.57	      2.71	      2.45	     47.47	     42.96	30.94	 5.651e-05	      3.46	0	Gaussian	315.188603	40.466638
160	1	  0.001445	  0.002277	     -1.00	    509.18	    425.60	      3.98	      3.97	     69.73	     69.52	-1.90	 1.300e-04	      3.47	0	Gaussian	313.476109	42.130360
161	1	  0.001546	  0.005343	     -1.00	    369.64	    128.86	      2.70	      2.50	     47.23	     43.72	29.26	 1.395e-04	      3.47	0	Gaussian	314.619352	43.430795
162	1	  0.001531	  0.005041	     -1.00	    315.42	    605.92	      2.61	      2.61	     45.71	     45.71	-43.74	 2.082e-04	      3.51	0	Gaussian	314.532647	41.164880
163	1	  0.001490	  0.004808	     -1.00	     60.07	    203.90	      2.69	      2.65	     47.03	     46.47	47.45	 8.770e-05	      3.52	0	Gaussian	316.511361	42.857489
164	1	  0.001501	  0.004468	     -1.00	     78.16	    129.67	      2.91	      2.65	     50.98	     46.39	85.40	 9.606e-05	      3.53	0	Gaussian	316.474976	43.216276
165	1	  0.001520	  0.002762	     -1.00	     40.88	    118.16	      4.56	      2.70	     79.81	     47.27	12.31	 1.656e-04	      3.54	0	Gaussian	316.722996	43.240723
166	1	  0.001526	  0.005639	     -1.00	    476.67	    730.53	      2.52	      2.38	     44.06	     41.59	38.38	 1.817e-04	      3.55	0	Gaussian	313.433666	40.681604
167	1	  0.001460	  0.004964	     -1.00	    340.45	    697.59	      2.63	      2.58	     46.06	     45.22	74.74	 4.632e-05	      3.55	0	Gaussian	314.298920	40.752461
168	1	  0.001511	  0.004599	     -1.00	     35.53	     89.13	      2.80	      2.51	     49.05	     43.95	50.52	 9.265e-05	      3.57	0	Gaussian	316.788000	43.371236
169	1	  0.001447	  0.004869	     -1.00	    249.00	    574.54	      2.72	      2.45	     47.57	     42.85	32.12	 3.381e-05	      3.59	0	Gaussian	314.971111	41.267443
170	1	  0.001466	  0.004611	     -1.00	    117.40	    131.23	      2.73	      2.55	     47.79	     44.61	45.42	 4.876e-05	      3.59	0	Gaussian	316.224761	43.239074
171	1	  0.001509	  0.004683	     -1.00	    657.26	    146.13	      2.61	      2.53	     45.67	     44.30	78.11	 6.615e-05	      3.62	0	Gaussian	312.753925	43.528723
172	1	  0.001437	  0.004736	     -1.00	    470.99	    237.31	      2.63	      2.53	     46.07	     44.34	66.20	 3.359e-05	      3.62	0	Gaussian	313.875353	42.989327
173	1	  0.001466	  0.004126	     -1.00	    123.76	    307.69	      2.91	      2.65	     50.90	     46.38	24.04	 5.045e-05	      3.63	0	Gaussian	316.005310	42.422895
174	1	  0.001455	  0.004869	     -1.00	    692.84	    689.81	      2.60	      2.48	     45.49	     43.43	13.96	 9.215e-05	      3.63	0	Gaussian	312.126377	40.992772
175	1	  0.001479	  0.004414	     -1.00	      8.86	    245.62	      2.80	      2.54	     49.03	     44.46	35.96	 8.106e-05	      3.63	0	Gaussian	316.788758	42.623968
176	1	  0.001450	  0.004417	     -1.00	     90.89	    636.75	      2.75	      2.58	     48.14	     45.12	31.07	 3.446e-05	      3.64	0	Gaussian	315.884372	40.867431
177	1	  0.001503	  0.004712	     -1.00	    346.34	    113.17	      2.65	      2.43	     46.46	     42.47	56.50	 5.130e-05	      3.64	0	Gaussian	314.783106	43.488282
178	1	  0.001469	  0.004725	     -1.00	    372.40	    456.77	      2.61	      2.50	     45.71	     43.68	-32.69	 7.265e-05	      3.64	0	Gaussian	314.308751	41.899208
179	1	  0.001518	  0.004701	     -1.00	    112.47	    794.33	      2.70	      2.41	     47.20	     42.18	27.91	 6.709e-05	      3.64	0	Gaussian	315.602763	40.149458
180	1	  0.001468	  0.004371	     -1.00	     95.85	     63.38	      2.75	      2.54	     48.05	     44.39	36.11	 4.761e-05	      3.67	0	Gaussian	316.432291	43.537923
181	1	  0.001521	  0.004737	     -1.00	    412.95	    533.10	      2.52	      2.52	     44.12	     44.04	-85.03	 2.771e-04	      3.67	0	Gaussian	313.990025	41.567658
182	1	  0.001481	  0.004952	     -1.00	    765.99	    464.45	      2.52	      2.41	     44.11	     42.14	25.48	 8.435e-05	      3.67	0	Gaussian	311.824632	42.090682
183	1	  0.001457	  0.003459	     -1.00	    327.88	    326.01	      3.33	      2.62	     58.31	     45.80	18.93	 5.253e-05	      3.67	0	Gaussian	314.704855	42.481345
184	1	  0.001485	  0.004326	     -1.00	    283.10	    412.88	      2.72	      2.49	     47.59	     43.58	44.66	 5.848e-05	      3.70	0	Gaussian	314.906802	42.045312
185	1	  0.001497	  0.003667	     -1.00	    641.47	    332.16	      3.14	      2.53	     54.91	     44.36	28.66	 1.646e-04	      3.70	0	Gaussian	312.711748	42.645949
186	1	  0.001544	  0.004217	     -1.00	     50.56	    513.13	      2.73	      2.54	     47.83	     44.38	20.64	 2.492e-04	      3.70	0	Gaussian	316.253761	41.412968
187	1	  0.001427	  0.004436	     -1.00	    200.50	     76.68	      2.62	      2.50	     45.80	     43.79	69.32	 3.730e-05	      3.71	0	Gaussian	315.751425	43.555037
188	1	  0.001529	  0.004052	     -1.00	    721.01	     66.73	      2.69	      2.61	     47.08	     45.73	-36.06	 2.786e-04	      3.71	0	Gaussian	312.401375	43.937473
189	1	  0.001451	  0.004558	     -1.00	    683.06	    296.47	      2.56	      2.45	     44.83	     42.89	24.99	 2.384e-05	      3.71	0	Gaussian	312.473307	42.836804
190	1	  0.001473	  0.004611	     -1.00	    421.46	    613.22	      2.58	      2.40	     45.14	     42.09	67.30	 8.083e-05	      3.71	0	Gaussian	313.870020	41.197833
191	1	  0.001489	  0.004261	     -1.00	    203.34	    559.75	      2.64	      2.58	     46.12	     45.21	73.12	 8.630e-05	      3.71	0	Gaussian	315.266750	41.305323
192	1	  0.001467	  0.003975	     -1.00	     93.93	    134.02	      2.69	      2.68	     47.03	     46.90	-71.28	 4.078e-05	      3.72	0	Gaussian	316.370604	43.208203
193	1	  0.001447	  0.004281	     -1.00	    263.78	    718.69	      2.70	      2.45	     47.24	     42.92	47.02	 3.636e-05	      3.73	0	Gaussian	314.750777	40.604375
194	1	  0.001477	  0.004351	     -1.00	    323.80	    537.90	      2.57	      2.47	     44.92	     43.26	19.97	 6.517e-05	      3.73	0	Gaussian	314.540573	41.488268
195	1	  0.001464	  0.004097	     -1.00	    250.81	     66.94	      2.66	      2.58	     46.64	     45.08	45.19	 4.708e-05	      3.73	0	Gaussian	315.439234	43.637007
196	1	  0.001484	  0.004531	     -1.00	    682.84	    135.26	      2.48	      2.47	     43.32	     43.16	5.95	 4.985e-05	      3.73	0	Gaussian	312.596926	43.594241
197	1	  0.001461	  0.004439	     -1.00	    662.24	    238.45	      2.56	      2.48	     44.86	     43.38	21.92	 4.107e-05	      3.74	0	Gaussian	312.650626	43.097885
198	1	  0.001498	  0.003955	     -1.00	    337.06	    279.59	      2.79	      2.57	     48.81	     44.91	-5.18	 9.208e-05	      3.74	0	Gaussian	314.689061	42.704465
199	1	  0.001495	  0.004287	     -1.00	    756.09	    600.92	      2.55	      2.52	     44.55	     44.04	-11.20	 1.579e-04	      3.75	0	Gaussian	311.793155	41.443383
200	1	  0.001493	  0.004183	     -1.00	    376.00	    510.93	      2.56	      2.55	     44.79	     44.72	74.25	 1.381e-04	      3.75	0	Gaussian	314.239307	41.648116
201	1	  0.001470	  0.004440	     -1.00	    579.65	    511.64	      2.55	      2.44	     44.64	     42.76	53.26	 6.978e-05	      3.76	0	Gaussian	312.964713	41.768009
202	1	  0.001567	  0.004619	     -1.00	    777.53	     73.04	      2.43	      2.41	     42.46	     42.24	-41.79	 3.265e-04	      3.76	0	Gaussian	312.028451	43.938415
203	1	  0.001457	  0.004022	     -1.00	    324.02	    759.73	      2.64	      2.56	     46.25	     44.74	-13.88	 3.962e-05	      3.77	0	Gaussian	314.346507	40.451598
204	1	  0.001484	  0.003576	     -1.00	    500.08	    591.03	      3.07	      2.45	     53.75	     42.89	28.88	 8.959e-05	      3.78	0	Gaussian	313.399700	41.349238
205	1	  0.001490	  0.003887	     -1.00	    783.67	    179.75	      2.73	      2.49	     47.76	     43.58	74.18	 1.287e-04	      3.78	0	Gaussian	311.911648	43.439731
206	1	  0.001458	  0.004104	     -1.00	    546.97	    439.20	      2.60	      2.52	     45.56	     44.15	-6.21	 6.928e-05	      3.78	0	Gaussian	313.227043	42.089015
207	1	  0.001489	  0.004146	     -1.00	    394.10	    316.51	      2.67	      2.45	     46.81	     42.80	30.78	 1.180e-04	      3.79	0	Gaussian	314.295064	42.569454
208	1	  0.001603	  0.004429	     -1.00	    419.58	    793.96	      2.46	      2.42	     43.09	     42.28	17.53	 2.568e-04	      3.80	0	Gaussian	313.733343	40.350608
209	1	  0.001486	  0.003791	     -1.00	     57.58	    614.15	      2.79	      2.47	     48.81	     43.26	34.03	 7.319e-05	      3.80	0	Gaussian	316.110179	40.948444
210	1	  0.001454	  0.004208	     -1.00	    440.63	    105.71	      2.55	      2.47	     44.64	     43.20	55.78	 1.188e-04	      3.81	0	Gaussian	314.184463	43.585965
211	1	  0.001468	  0.004202	     -1.00	    734.55	    330.29	      2.51	      2.50	     44.01	     43.75	50.22	 2.900e-05	      3.81	0	Gaussian	312.119325	42.705619
212	1	  0.001460	  0.003691	     -1.00	    145.77	    750.71	      2.80	      2.55	     49.02	     44.65	24.83	 5.586e-05	      3.82	0	Gaussian	315.441570	40.375576
213	1	  0.001457	  0.003881	     -1.00	    210.67	    264.84	      2.66	      2.51	     46.50	     43.95	57.56	 3.148e-05	      3.82	0	Gaussian	315.501380	42.685695
214	1	  0.001529	  0.004317	     -1.00	    747.26	    777.18	      2.54	      2.37	     44.54	     41.55	25.57	 1.969e-04	      3.82	0	Gaussian	311.728961	40.609720
215	1	  0.001531	  0.003261	     -1.00	     89.83	    155.09	      3.06	      2.51	     53.59	     43.88	52.94	 2.518e-04	      3.84	0	Gaussian	316.374595	43.107164
216	1	  0.001466	  0.003888	     -1.00	    458.49	    794.01	      2.60	      2.50	     45.46	     43.74	33.34	 4.040e-05	      3.84	0	Gaussian	313.495025	40.373546
217	1	  0.001462	  0.003828	     -1.00	     85.63	    192.54	      2.70	      2.45	     47.29	     42.90	41.89	 6.664e-05	      3.85	0	Gaussian	316.362242	42.929865
218	1	  0.001478	  0.003580	     -1.00	      5.08	    696.22	      2.78	      2.58	     48.75	     45.09	29.39	 5.286e-05	      3.86	0	Gaussian	316.348587	40.528499
219	1	  0.001473	  0.000335	     -1.00	     48.95	    290.11	     12.17	      6.04	    213.04	    105.74	-9.43	 1.943e-04	      3.87	0	Gaussian	316.491322	42.448373
220	1	  0.001479	  0.004452	     -1.00	    664.60	     34.45	      2.38	      2.30	     41.64	     40.31	8.84	 6.178e-05	      3.88	0	Gaussian	312.793757	44.057197
221	1	  0.001463	  0.003248	     -1.00	    105.03	    151.02	      2.78	      2.74	     48.57	     47.96	34.56	 4.371e-05	      3.88	0	Gaussian	316.282671	43.137654
222	1	  0.001477	  0.003740	     -1.00	    611.54	    674.80	      2.64	      2.39	     46.20	     41.82	-73.09	 8.870e-05	      3.89	0	Gaussian	312.642281	41.019784
223	1	  0.001477	  0.003556	     -1.00	    251.39	    452.94	      2.74	      2.50	     48.03	     43.79	39.94	 4.562e-05	      3.90	0	Gaussian	315.067884	41.836683
224	1	  0.001537	  0.004511	     -1.00	    719.46	    769.53	      2.35	      2.26	     41.15	     39.63	17.30	 1.333e-04	      3.90	0	Gaussian	311.906124	40.631706
225	1	  0.001478	  0.003238	     -1.00	     70.41	    448.11	      2.88	      2.57	     50.49	     44.95	7.00	 5.636e-05	      3.90	0	Gaussian	316.196533	41.730057
226	1	  0.001484	  0.003857	     -1.00	    788.72	    225.28	      2.54	      2.48	     44.50	     43.33	8.21	 7.145e-05	      3.90	0	Gaussian	311.846675	43.228112
227	1	  0.001477	  0.003491	     -1.00	    357.21	    177.51	      2.62	      2.60	     45.87	     45.50	24.60	 5.978e-05	      3.91	0	Gaussian	314.654269	43.195081
228	1	  0.001487	  0.003772	     -1.00	    499.24	    163.70	      2.50	      2.50	     43.81	     43.73	33.36	 8.603e-05	      3.92	0	Gaussian	313.757369	43.351880
229	1	  0.001443	  0.003367	     -1.00	    124.72	     62.24	      2.69	      2.64	     47.15	     46.14	44.91	 3.780e-05	      3.92	0	Gaussian	316.249661	43.565401
230	1	  0.001461	  0.002727	     -1.00	    506.17	    532.68	      2.95	      2.85	     51.67	     49.96	66.45	 1.028e-04	      3.92	0	Gaussian	313.408442	41.626474
231	1	  0.001453	  0.003705	     -1.00	    482.82	    210.44	      2.55	      2.50	     44.69	     43.76	25.35	 3.503e-05	      3.92	0	Gaussian	313.822760	43.122645
232	1	  0.001443	  0.003163	     -1.00	    366.25	    295.88	      2.76	      2.75	     48.39	     48.14	-0.72	 4.190e-05	      3.93	0	Gaussian	314.489593	42.647742
233	1	  0.001476	  0.003700	     -1.00	    738.57	    312.04	      2.56	      2.48	     44.76	     43.42	25.99	 2.892e-05	      3.93	0	Gaussian	312.106848	42.793598
234	1	  0.001464	  0.003681	     -1.00	    724.63	    601.26	      2.56	      2.49	     44.83	     43.55	44.18	 3.415e-05	      3.94	0	Gaussian	311.989995	41.425693
235	1	  0.001619	  0.004126	     -1.00	    206.61	    537.54	      2.42	      2.26	     42.44	     39.58	28.86	 3.409e-04	      3.95	0	Gaussian	315.267250	41.411179
236	1	  0.001498	  0.004010	     -1.00	    297.55	    410.51	      2.46	      2.32	     43.00	     40.59	28.70	 7.468e-05	      3.95	0	Gaussian	314.818546	42.066176
237	1	  0.001527	  0.003595	     -1.00	    235.04	    504.78	      2.62	      2.40	     45.85	     41.92	0.88	 2.468e-04	      3.96	0	Gaussian	315.121592	41.583574
238	1	  0.001556	  0.003532	     -1.00	    359.19	    123.35	      2.65	      2.47	     46.38	     43.25	35.54	 2.478e-04	      3.96	0	Gaussian	314.691353	43.449478
239	1	  0.001440	  0.003512	     -1.00	    346.69	    350.67	      2.65	      2.45	     46.43	     42.84	33.66	 2.494e-05	      3.97	0	Gaussian	314.564035	42.378603
240	1	  0.001462	  0.003353	     -1.00	    392.90	    787.83	      2.67	      2.56	     46.74	     44.75	30.90	 4.715e-05	      3.97	0	Gaussian	313.901598	40.363150
241	1	  0.001481	  0.003988	     -1.00	    760.38	    518.63	      2.43	      2.31	     42.56	     40.48	11.26	 6.737e-05	      3.97	0	Gaussian	311.822678	41.832816
242	1	  0.001565	  0.003408	     -1.00	     29.37	    182.81	      2.63	      2.55	     46.05	     44.71	69.00	 3.058e-04	      3.97	0	Gaussian	316.726769	42.931553
243	1	  0.001510	  0.003192	     -1.00	     39.74	    511.94	      2.73	      2.60	     47.82	     45.44	21.97	 1.980e-04	      3.98	0	Gaussian	316.321512	41.410451
244	1	  0.001527	  0.003650	     -1.00	    720.77	    496.39	      2.53	      2.42	     44.35	     42.43	29.55	 1.449e-04	      3.99	0	Gaussian	312.088020	41.916961
245	1	  0.001447	  0.003216	     -1.00	    225.25	    187.64	      2.73	      2.56	     47.82	     44.79	30.25	 4.623e-05	      3.99	0	Gaussian	315.484206	43.056032
246	1	  0.001481	  0.003283	     -1.00	    664.14	    526.41	      2.83	      2.42	     49.48	     42.36	17.76	 8.070e-05	      4.00	0	Gaussian	312.422931	41.745614
247	1	  0.001489	  0.002871	     -1.00	    307.54	    121.31	      2.86	      2.70	     50.02	     47.32	88.92	 6.972e-05	      4.00	0	Gaussian	315.023842	43.423549
248	1	  0.001470	  0.003333	     -1.00	    444.42	    328.15	      2.67	      2.41	     46.69	     42.23	54.18	 3.871e-05	      4.00	0	Gaussian	313.966511	42.547140
249	1	  0.001532	  0.003523	     -1.00	    650.47	     41.86	      2.49	      2.48	     43.50	     43.34	12.68	 2.023e-04	      4.01	0	Gaussian	312.879945	44.014275
250	1	  0.001494	  0.002904	     -1.00	     67.49	    321.75	      2.85	      2.61	     49.95	     45.72	6.39	 6.697e-05	      4.03	0	Gaussian	316.342880	42.315440
251	1	  0.001467	  0.003113	     -1.00	    109.85	    550.91	      2.67	      2.60	     46.81	     45.57	-11.74	 7.551e-05	      4.03	0	Gaussian	315.851473	41.280559
252	1	  0.001446	  0.000726	     -1.00	    570.47	    592.25	     11.32	      2.75	    198.20	     48.10	-1.02	 7.269e-05	      4.04	0	Gaussian	312.960075	41.384380
253	1	  0.001477	  0.003349	     -1.00	    461.25	    706.63	      2.60	      2.47	     45.54	     43.17	38.61	 5.607e-05	      4.04	0	Gaussian	313.547719	40.784458
254	1	  0.001464	  0.002996	     -1.00	    252.29	    301.56	      2.83	      2.50	     49.62	     43.77	23.77	 6.466e-05	      4.05	0	Gaussian	315.203903	42.543854
255	1	  0.001440	  0.002930	     -1.00	     49.41	    725.56	      2.85	      2.53	     49.85	     44.24	24.18	 3.356e-05	      4.05	0	Gaussian	316.050700	40.424548
256	1	  0.001467	  0.002874	     -1.00	    110.98	    113.04	      2.73	      2.66	     47.78	     46.57	39.09	 5.311e-05	      4.06	0	Gaussian	316.284305	43.318770
257	1	  0.001522	  0.001602	     -1.00	     12.11	    489.70	      4.41	      2.88	     77.10	     50.44	30.79	 6.474e-05	      4.06	0	Gaussian	316.514173	41.492999
258	1	  0.001515	  0.003094	     -1.00	    793.77	    424.71	      2.74	      2.45	     48.01	     42.85	16.64	 1.105e-04	      4.07	0	Gaussian	311.675809	42.291898
259	1	  0.001460	  0.003103	     -1.00	    158.73	    109.49	      2.68	      2.52	     46.92	     44.04	34.73	 9.682e-05	      4.07	0	Gaussian	315.984535	43.371323
260	1	  0.001487	  0.002952	     -1.00	     45.83	    144.52	      2.79	      2.54	     48.86	     44.39	24.88	 4.736e-05	      4.08	0	Gaussian	316.663686	43.122209
261	1	  0.001462	  0.002631	     -1.00	    623.99	    268.19	      2.84	      2.79	     49.68	     48.84	12.55	 6.388e-05	      4.08	0	Gaussian	312.872706	42.936503
262	1	  0.001550	  0.003448	     -1.00	    568.58	    253.14	      2.44	      2.43	     42.64	     42.60	-15.27	 5.194e-04	      4.09	0	Gaussian	313.238957	42.974784
263	1	  0.001477	  0.003216	     -1.00	    580.41	    543.05	      2.54	      2.45	     44.50	     42.89	44.53	 1.745e-04	      4.09	0	Gaussian	312.935734	41.620979
264	1	  0.001455	  0.003081	     -1.00	    626.06	      8.73	      2.54	      2.49	     44.52	     43.66	-10.94	 3.204e-05	      4.10	0	Gaussian	313.065563	44.155384
265	1	  0.001476	  0.003131	     -1.00	    668.14	    215.22	      2.60	      2.50	     45.50	     43.79	41.27	 8.199e-05	      4.10	0	Gaussian	312.630509	43.210332
266	1	  0.001517	  0.002933	     -1.00	     64.00	    183.94	      2.72	      2.56	     47.54	     44.73	35.83	 1.443e-04	      4.10	0	Gaussian	316.507499	42.953245
267	1	  0.001512	  0.001307	     -1.00	    136.19	    314.04	      5.54	      2.75	     96.94	     48.21	-22.05	 3.285e-04	      4.12	0	Gaussian	315.921082	42.402520
268	1	  0.001469	  0.002745	     -1.00	    135.04	    600.14	      2.77	      2.63	     48.45	     46.04	38.91	 4.486e-05	      4.12	0	Gaussian	315.649143	41.069338
269	1	  0.001464	  0.002635	     -1.00	    160.27	    674.68	      2.84	      2.68	     49.71	     46.85	43.83	 4.602e-05	      4.12	0	Gaussian	315.424038	40.739795
270	1	  0.001486	  0.003065	     -1.00	    666.96	    476.88	      2.50	      2.46	     43.77	     43.13	43.60	 8.945e-05	      4.13	0	Gaussian	312.441583	41.979965
271	1	  0.001518	  0.003423	     -1.00	    428.37	    375.47	      2.41	      2.30	     42.18	     40.34	19.97	 2.860e-04	      4.14	0	Gaussian	314.027413	42.315438
272	1	  0.001477	  0.002871	     -1.00	    240.24	    734.56	      2.70	      2.49	     47.33	     43.66	25.68	 6.302e-05	      4.15	0	Gaussian	314.880590	40.514805
273	1	  0.001487	  0.003372	     -1.00	    703.70	    454.31	      2.41	      2.32	     42.14	     40.67	8.35	 8.763e-05	      4.16	0	Gaussian	312.225988	42.105889
274	1	  0.001478	  0.003346	     -1.00	    567.64	    120.63	      2.42	      2.33	     42.27	     40.71	16.00	 1.043e-04	      4.16	0	Gaussian	313.353171	43.595755
275	1	  0.001507	  0.002696	     -1.00	     74.65	    183.33	      2.87	      2.46	     50.17	     43.06	19.75	 1.120e-04	      4.16	0	Gaussian	316.441040	42.964243
276	1	  0.001467	  0.002557	     -1.00	    141.54	    301.32	      2.83	      2.54	     49.49	     44.54	-50.47	 6.392e-05	      4.16	0	Gaussian	315.900238	42.465657
277	1	  0.001479	  0.003299	     -1.00	    710.33	    198.31	      2.41	      2.35	     42.18	     41.11	23.22	 1.546e-04	      4.17	0	Gaussian	312.371655	43.313220
278	1	  0.001470	  0.002877	     -1.00	    680.10	    497.76	      2.53	      2.52	     44.28	     44.07	13.12	 3.445e-05	      4.17	0	Gaussian	312.343436	41.888927
279	1	  0.001461	  0.002279	     -1.00	    207.67	    401.23	      3.05	      2.75	     53.37	     48.16	23.79	 3.580e-05	      4.17	0	Gaussian	315.389166	42.047639
280	1	  0.001466	  0.002849	     -1.00	    481.89	    379.67	      2.67	      2.50	     46.65	     43.74	32.80	 6.244e-05	      4.17	0	Gaussian	313.686094	42.329111
281	1	  0.001478	  0.003181	     -1.00	    673.32	    726.65	      2.47	      2.37	     43.16	     41.46	3.14	 5.427e-05	      4.18	0	Gaussian	312.221558	40.809382
282	1	  0.001457	  0.002558	     -1.00	    172.81	    155.33	      2.76	      2.67	     48.40	     46.79	5.00	 9.149e-05	      4.18	0	Gaussian	315.848804	43.168419
283	1	  0.001455	  0.002871	     -1.00	    699.40	    321.15	      2.59	      2.50	     45.27	     43.69	-87.28	 2.474e-05	      4.19	0	Gaussian	312.350528	42.729758
284	1	  0.001493	  0.002672	     -1.00	    113.97	    353.72	      2.69	      2.54	     47.15	     44.54	37.55	 7.419e-05	      4.20	0	Gaussian	316.020432	42.201440
285	1	  0.001485	  0.002366	     -1.00	     78.53	    150.57	      2.92	      2.63	     51.17	     45.97	54.50	 6.161e-05	      4.20	0	Gaussian	316.450750	43.119487
286	1	  0.001456	  0.002588	     -1.00	     40.93	    258.55	      2.81	      2.57	     49.16	     44.95	28.44	 2.930e-05	      4.20	0	Gaussian	316.574373	42.588852
287	1	  0.001456	  0.002480	     -1.00	     19.76	    646.27	      2.88	      2.61	     50.38	     45.75	19.12	 3.366e-05	      4.20	0	Gaussian	316.309149	40.771336
288	1	  0.001460	  0.002710	     -1.00	    710.88	    130.94	      2.64	      2.57	     46.24	     44.98	37.37	 2.895e-05	      4.20	0	Gaussian	312.418652	43.630137
289	1	  0.001453	  0.003159	     -1.00	    476.54	     77.63	      2.43	      2.36	     42.52	     41.22	15.01	 6.183e-05	      4.21	0	Gaussian	313.977741	43.740554
290	1	  0.001480	  0.002687	     -1.00	    460.91	    782.88	      2.62	      2.59	     45.84	     45.30	2.51	 6.702e-05	      4.21	0	Gaussian	313.488969	40.427109
291	1	  0.001445	  0.002469	     -1.00	    154.24	    496.90	      2.74	      2.72	     47.94	     47.58	-62.88	 2.690e-05	      4.21	0	Gaussian	315.629719	41.563863
292	1	  0.001564	  0.003036	     -1.00	    712.39	     72.02	      2.41	      2.41	     42.26	     42.26	22.88	 4.251e-04	      4.25	0	Gaussian	312.453515	43.907807
293	1	  0.001526	  0.002457	     -1.00	    231.36	    250.11	      2.80	      2.55	     48.99	     44.59	-37.23	 1.842e-04	      4.25	0	Gaussian	315.385057	42.769137
294	1	  0.001445	  0.002632	     -1.00	    724.83	    166.02	      2.61	      2.55	     45.67	     44.62	-55.65	 2.232e-05	      4.25	0	Gaussian	312.302084	43.472941
295	1	  0.001525	  0.002694	     -1.00	    421.63	    381.97	      2.59	      2.40	     45.35	     41.94	-66.27	 3.511e-04	      4.25	0	Gaussian	314.064311	42.280739
296	1	  0.001466	  0.002630	     -1.00	    693.96	    260.91	      2.57	      2.53	     44.92	     44.33	43.73	 7.669e-05	      4.25	0	Gaussian	312.430107	43.009987
297	1	  0.001442	  0.002342	     -1.00	    417.95	     31.12	      2.73	      2.72	     47.77	     47.62	-27.94	 8.679e-05	      4.26	0	Gaussian	314.397579	43.919892
298	1	  0.001451	  0.002435	     -1.00	    242.03	    197.67	      2.65	      2.61	     46.33	     45.64	-0.17	 3.080e-05	      4.27	0	Gaussian	315.368047	43.021259
299	1	  0.001468	  0.003011	     -1.00	    687.35	    768.32	      2.43	      2.33	     42.57	     40.85	23.98	 6.032e-05	      4.27	0	Gaussian	312.105469	40.620886
300	1	  0.001561	  0.002571	     -1.00	     33.94	    175.87	      2.67	      2.55	     46.73	     44.57	7.19	 3.608e-04	      4.27	0	Gaussian	316.705373	42.967356
301	1	  0.001469	  0.002366	     -1.00	    161.29	    212.15	      2.80	      2.59	     48.96	     45.41	51.64	 5.789e-05	      4.27	0	Gaussian	315.864894	42.895392
302	1	  0.001443	  0.002374	     -1.00	    326.17	    307.95	      2.69	      2.65	     47.07	     46.35	-33.62	 2.464e-05	      4.27	0	Gaussian	314.732042	42.564588
303	1	  0.001475	  0.002969	     -1.00	    574.58	    693.35	      2.43	      2.34	     42.60	     41.01	16.79	 5.003e-05	      4.28	0	Gaussian	312.857670	40.912192
304	1	  0.001461	  0.002397	     -1.00	    189.14	    619.27	      2.81	      2.58	     49.15	     45.24	25.61	 4.167e-05	      4.28	0	Gaussian	315.298756	41.018000
305	1	  0.001471	  0.002637	     -1.00	    559.03	    110.04	      2.57	      2.48	     44.94	     43.44	31.79	 8.017e-05	      4.28	0	Gaussian	313.417512	43.640195
306	1	  0.001516	  0.002767	     -1.00	     72.43	    241.67	      2.51	      2.40	     43.90	     41.95	21.49	 1.869e-04	      4.28	0	Gaussian	316.394371	42.691430
307	1	  0.001475	  0.002841	     -1.00	    625.44	    284.75	      2.42	      2.38	     42.30	     41.70	2.61	 1.254e-04	      4.30	0	Gaussian	312.850548	42.859529
308	1	  0.001483	  0.000926	     -1.00	    302.92	    450.29	      5.62	      3.06	     98.44	     53.57	-81.17	 7.112e-05	      4.30	0	Gaussian	314.748885	41.883879
309	1	  0.001517	  0.002789	     -1.00	    193.71	    280.48	      2.50	      2.33	     43.74	     40.78	29.39	 2.544e-04	      4.31	0	Gaussian	315.593019	42.600630
310	1	  0.001480	  0.002414	     -1.00	    107.81	    596.28	      2.72	      2.53	     47.53	     44.35	29.76	 9.001e-05	      4.32	0	Gaussian	315.819976	41.067921
311	1	  0.001435	  0.002134	     -1.00	     91.38	    518.96	      2.76	      2.69	     48.25	     47.07	65.01	 2.598e-05	      4.32	0	Gaussian	315.996526	41.415872
312	1	  0.001514	  0.002735	     -1.00	    460.27	    383.63	      2.48	      2.36	     43.35	     41.24	3.22	 1.256e-04	      4.33	0	Gaussian	313.819278	42.297176
313	1	  0.001509	  0.002573	     -1.00	    778.33	    348.83	      2.60	      2.42	     45.57	     42.32	65.78	 1.494e-04	      4.33	0	Gaussian	311.826549	42.641275
314	1	  0.001446	  0.002382	     -1.00	    756.20	    181.04	      2.65	      2.57	     46.36	     44.94	-22.40	 2.244e-05	      4.34	0	Gaussian	312.088339	43.419204
315	1	  0.001457	  0.002732	     -1.00	    337.36	    381.39	      2.48	      2.36	     43.43	     41.22	26.67	 4.354e-05	      4.34	0	Gaussian	314.595139	42.228819
316	1	  0.001523	  0.001945	     -1.00	     54.52	    503.88	      3.03	      2.75	     53.04	     48.08	81.20	 2.949e-04	      4.34	0	Gaussian	316.238615	41.458884
317	1	  0.001526	  0.002765	     -1.00	    290.41	    378.45	      2.43	      2.35	     42.60	     41.07	19.73	 2.068e-04	      4.34	0	Gaussian	314.892632	42.211081
318	1	  0.001516	  0.002460	     -1.00	    199.35	    288.81	      2.66	      2.36	     46.61	     41.39	-36.51	 2.976e-04	      4.34	0	Gaussian	315.549420	42.565881
319	1	  0.001513	  0.002624	     -1.00	    386.74	    149.36	      2.51	      2.39	     43.90	     41.89	8.86	 9.616e-05	      4.35	0	Gaussian	314.491151	43.346413
320	1	  0.001443	  0.002079	     -1.00	     45.80	    669.94	      2.84	      2.76	     49.72	     48.24	-25.71	 3.047e-05	      4.35	0	Gaussian	316.127099	40.680490
321	1	  0.001496	  0.002443	     -1.00	    645.20	    769.69	      2.58	      2.53	     45.24	     44.31	14.04	 7.657e-05	      4.35	0	Gaussian	312.364902	40.592317
322	1	  0.001463	  0.002445	     -1.00	    722.31	    754.95	      2.55	      2.47	     44.63	     43.24	-8.22	 3.400e-05	      4.35	0	Gaussian	311.898409	40.701676
323	1	  0.001477	  0.002724	     -1.00	    680.33	    693.32	      2.46	      2.35	     43.00	     41.10	24.63	 1.217e-04	      4.36	0	Gaussian	312.201657	40.969735
324	1	  0.001434	  0.002365	     -1.00	    536.28	     50.96	      2.59	      2.58	     45.25	     45.15	80.94	 2.885e-05	      4.36	0	Gaussian	313.614260	43.903052
325	1	  0.001476	  0.001824	     -1.00	     17.00	    402.89	      3.05	      2.75	     53.33	     48.06	11.39	 9.837e-05	      4.36	0	Gaussian	316.573298	41.899977
326	1	  0.001452	  0.002117	     -1.00	    410.88	    648.97	      2.77	      2.70	     48.41	     47.21	-44.49	 2.845e-05	      4.37	0	Gaussian	313.905817	41.023961
327	1	  0.001608	  0.002802	     -1.00	    207.51	    545.56	      2.41	      2.26	     42.16	     39.63	21.70	 4.548e-04	      4.37	0	Gaussian	315.254199	41.374392
328	1	  0.001468	  0.002512	     -1.00	    270.43	     28.67	      2.52	      2.44	     44.06	     42.70	12.01	 4.114e-05	      4.37	0	Gaussian	315.350838	43.829473
329	1	  0.001461	  0.002643	     -1.00	    572.51	    652.31	      2.45	      2.38	     42.86	     41.73	24.85	 4.071e-05	      4.37	0	Gaussian	312.901558	41.103630
330	1	  0.001464	  0.002645	     -1.00	    519.73	    596.46	      2.49	      2.34	     43.57	     40.87	18.67	 4.523e-05	      4.38	0	Gaussian	313.273064	41.335372
331	1	  0.001497	  0.002162	     -1.00	    336.96	    677.34	      2.85	      2.43	     49.81	     42.49	2.61	 8.075e-05	      4.38	0	Gaussian	314.337785	40.844906
332	1	  0.001422	  0.002146	     -1.00	    393.66	     38.81	      2.75	      2.66	     48.07	     46.61	59.61	 3.140e-05	      4.38	0	Gaussian	314.547466	43.867710
333	1	  0.001447	  0.001935	     -1.00	    274.84	    603.47	      2.79	      2.79	     48.82	     48.75	29.58	 3.120e-05	      4.38	0	Gaussian	314.785376	41.149650
334	1	  0.001444	  0.002039	     -1.00	    422.97	    219.30	      2.80	      2.72	     49.06	     47.64	-27.20	 2.675e-05	      4.38	0	Gaussian	314.197224	43.043019
335	1	  0.001487	  0.001958	     -1.00	     10.15	    778.47	      3.03	      2.68	     53.08	     46.90	12.12	 1.239e-04	      4.38	0	Gaussian	316.236500	40.150267
336	1	  0.001452	  0.002099	     -1.00	    628.85	     28.97	      2.78	      2.53	     48.58	     44.34	64.23	 3.065e-05	      4.38	0	Gaussian	313.031003	44.062114
337	1	  0.001495	  0.002224	     -1.00	    576.34	    531.76	      2.65	      2.64	     46.45	     46.22	-42.38	 1.353e-04	      4.39	0	Gaussian	312.969926	41.671624
338	1	  0.001459	  0.002416	     -1.00	    120.56	    199.60	      2.57	      2.43	     45.01	     42.52	23.52	 5.440e-05	      4.39	0	Gaussian	316.134659	42.923488
339	1	  0.001465	  0.002675	     -1.00	    614.58	    740.41	      2.45	      2.32	     42.80	     40.62	20.03	 4.252e-05	      4.39	0	Gaussian	312.575203	40.713371
340	1	  0.001479	  0.001491	     -1.00	    276.37	    476.08	      3.23	      3.17	     56.51	     55.43	22.32	 6.999e-05	      4.39	0	Gaussian	314.891024	41.745601
341	1	  0.001478	  0.002312	     -1.00	    412.59	    568.02	      2.67	      2.50	     46.69	     43.72	28.24	 4.257e-05	      4.40	0	Gaussian	313.962836	41.403959
342	1	  0.001474	  0.002144	     -1.00	    198.61	    716.98	      2.74	      2.54	     47.94	     44.42	54.16	 8.840e-05	      4.40	0	Gaussian	315.150732	40.568911
343	1	  0.001492	  0.002591	     -1.00	    689.72	    779.48	      2.49	      2.33	     43.57	     40.74	18.48	 5.693e-05	      4.40	0	Gaussian	312.083088	40.569684
344	1	  0.001510	  0.002358	     -1.00	    762.09	    282.33	      2.61	      2.47	     45.68	     43.15	19.07	 5.895e-05	      4.41	0	Gaussian	311.977432	42.945792
345	1	  0.001447	  0.002249	     -1.00	    588.73	    387.14	      2.62	      2.58	     45.83	     45.24	59.87	 2.197e-05	      4.41	0	Gaussian	313.004216	42.357698
346	1	  0.001454	  0.002124	     -1.00	    450.01	    177.05	      2.61	      2.60	     45.68	     45.58	45.32	 6.117e-05	      4.42	0	Gaussian	314.061467	43.258189
347	1	  0.001479	  0.002395	     -1.00	    787.42	    485.29	      2.49	      2.45	     43.51	     42.87	-2.80	 5.460e-05	      4.42	0	Gaussian	311.674746	42.003433
348	1	  0.001460	  0.000823	     -1.00	    149.59	    718.00	      6.05	      3.14	    105.93	     55.02	-2.16	 5.175e-05	      4.43	0	Gaussian	315.448763	40.530601
349	1	  0.001477	  0.002055	     -1.00	    351.58	    550.81	      2.78	      2.55	     48.62	     44.58	55.18	 5.257e-05	      4.44	0	Gaussian	314.356683	41.445895
350	1	  0.001454	  0.001793	     -1.00	    231.98	     97.42	      2.80	      2.80	     49.05	     49.05	33.82	 4.824e-05	      4.44	0	Gaussian	315.529759	43.481405
351	1	  0.001575	  0.002658	     -1.00	    596.19	    542.50	      2.40	      2.33	     42.09	     40.80	24.28	 3.321e-04	      4.44	0	Gaussian	312.837352	41.632464
352	1	  0.001507	  0.002341	     -1.00	    359.97	    209.86	      2.52	      2.45	     44.09	     42.83	40.94	 2.203e-04	      4.45	0	Gaussian	314.607147	43.045715
353	1	  0.001553	  0.002032	     -1.00	    327.00	    231.15	      2.80	      2.57	     49.01	     44.92	78.29	 1.681e-04	      4.45	0	Gaussian	314.797218	42.923993
354	1	  0.001450	  0.001725	     -1.00	    165.73	    727.78	      3.08	      2.82	     53.87	     49.37	-15.26	 3.882e-05	      4.45	0	Gaussian	315.341344	40.496153
355	1	  0.001566	  0.002651	     -1.00	    406.51	    540.64	      2.37	      2.27	     41.53	     39.71	19.64	 4.772e-04	      4.45	0	Gaussian	314.023764	41.528376
356	1	  0.001440	  0.001982	     -1.00	    235.81	     84.67	      2.81	      2.65	     49.23	     46.37	28.56	 2.257e-05	      4.45	0	Gaussian	315.517832	43.543568
357	1	  0.001461	  0.001288	     -1.00	    412.19	    306.88	      3.42	      3.10	     59.94	     54.29	-46.33	 7.574e-05	      4.46	0	Gaussian	314.189029	42.626181
358	1	  0.001473	  0.001875	     -1.00	     37.70	    343.75	      2.89	      2.68	     50.65	     46.92	15.21	 6.865e-05	      4.47	0	Gaussian	316.505906	42.190548
359	1	  0.001465	  0.002219	     -1.00	    212.42	    745.64	      2.60	      2.41	     45.50	     42.25	18.34	 5.639e-05	      4.48	0	Gaussian	315.040392	40.444588
360	1	  0.001487	  0.002018	     -1.00	    557.76	    447.14	      2.71	      2.62	     47.49	     45.92	23.16	 1.589e-04	      4.48	0	Gaussian	313.152759	42.058102
361	1	  0.001473	  0.002213	     -1.00	    156.60	    255.42	      2.56	      2.45	     44.82	     42.81	25.87	 5.530e-05	      4.48	0	Gaussian	315.851272	42.690454
362	1	  0.001471	  0.001681	     -1.00	     16.15	    585.27	      3.07	      2.80	     53.79	     49.01	21.35	 3.758e-05	      4.49	0	Gaussian	316.392289	41.052063
363	1	  0.001479	  0.001778	     -1.00	     82.11	    359.76	      2.90	      2.75	     50.83	     48.09	6.26	 3.213e-05	      4.50	0	Gaussian	316.213022	42.149657
364	1	  0.001497	  0.001585	     -1.00	    748.25	    517.10	      3.29	      2.67	     57.52	     46.75	-48.52	 1.114e-04	      4.51	0	Gaussian	311.900190	41.833819
365	1	  0.001499	  0.002386	     -1.00	    598.59	     12.43	      2.44	      2.32	     42.79	     40.66	7.22	 1.338e-04	      4.51	0	Gaussian	313.241566	44.121681
366	1	  0.001460	  0.001857	     -1.00	    122.99	    233.28	      2.78	      2.65	     48.73	     46.37	12.92	 5.257e-05	      4.52	0	Gaussian	316.085084	42.768598
367	1	  0.001447	  0.002144	     -1.00	    386.36	    262.72	      2.57	      2.47	     44.91	     43.16	11.11	 3.705e-05	      4.52	0	Gaussian	314.391765	42.816039
368	1	  0.001473	  0.001055	     -1.00	    307.39	    763.53	      3.60	      3.44	     62.94	     60.17	81.33	 1.009e-04	      4.52	0	Gaussian	314.444899	40.423256
369	1	  0.001490	  0.001790	     -1.00	    352.88	    791.90	      2.91	      2.62	     51.01	     45.88	51.63	 5.843e-05	      4.52	0	Gaussian	314.142888	40.319402
370	1	  0.001442	  0.001774	     -1.00	    179.48	      8.04	      2.96	      2.58	     51.77	     45.18	24.79	 6.221e-05	      4.53	0	Gaussian	315.955388	43.858873
371	1	  0.001464	  0.001659	     -1.00	     25.77	    288.68	      2.96	      2.81	     51.76	     49.15	21.05	 5.203e-05	      4.53	0	Gaussian	316.637652	42.437176
372	1	  0.001463	  0.001884	     -1.00	    675.78	    422.76	      2.76	      2.62	     48.23	     45.84	20.66	 4.325e-05	      4.54	0	Gaussian	312.425717	42.239181
373	1	  0.001465	  0.001932	     -1.00	    699.05	    631.42	      2.81	      2.49	     49.15	     43.65	33.29	 5.317e-05	      4.54	0	Gaussian	312.128751	41.270518
374	1	  0.001449	  0.001864	     -1.00	    528.05	    155.19	      2.71	      2.65	     47.36	     46.38	54.43	 4.153e-05	      4.55	0	Gaussian	313.579433	43.409602
375	1	  0.001492	  0.002228	     -1.00	    493.74	    793.48	      2.51	      2.32	     43.96	     40.54	15.88	 6.883e-05	      4.56	0	Gaussian	313.279253	40.396635
376	1	  0.001503	  0.002182	     -1.00	    617.84	    783.47	      2.56	      2.28	     44.84	     39.84	22.45	 7.904e-05	      4.56	0	Gaussian	312.523672	40.512973
377	1	  0.001498	  0.002072	     -1.00	    140.27	    408.49	      2.58	      2.41	     45.18	     42.20	21.35	 5.210e-05	      4.56	0	Gaussian	315.802269	41.965700
378	1	  0.001496	  0.002172	     -1.00	    307.57	     31.38	      2.49	      2.39	     43.53	     41.89	15.14	 5.333e-05	      4.56	0	Gaussian	315.109294	43.843229
379	1	  0.001451	  0.002008	     -1.00	    471.70	    625.44	      2.65	      2.40	     46.45	     41.94	20.04	 3.887e-05	      4.56	0	Gaussian	313.548430	41.171078
380	1	  0.001460	  0.001537	     -1.00	     99.69	    450.92	      3.06	      2.78	     53.56	     48.62	-1.34	 2.457e-05	      4.57	0	Gaussian	316.012433	41.738583
381	1	  0.001450	  0.001652	     -1.00	    146.01	    784.04	      3.14	      2.61	     55.05	     45.62	3.16	 2.517e-05	      4.57	0	Gaussian	315.409122	40.220556
382	1	  0.001438	  0.001468	     -1.00	    234.83	    685.10	      3.00	      2.99	     52.57	     52.41	20.35	 2.528e-05	      4.58	0	Gaussian	314.958082	40.741950
383	1	  0.001456	  0.001884	     -1.00	    499.09	    480.54	      2.71	      2.55	     47.37	     44.55	19.69	 3.986e-05	      4.58	0	Gaussian	313.494892	41.866712
384	1	  0.001441	  0.001767	     -1.00	    413.83	    185.19	      2.72	      2.68	     47.58	     46.97	19.82	 3.490e-05	      4.59	0	Gaussian	314.285765	43.196667
385	1	  0.001415	  0.001640	     -1.00	    185.18	     75.92	      2.80	      2.79	     49.09	     48.82	55.51	 1.726e-05	      4.59	0	Gaussian	315.849980	43.547239
386	1	  0.001492	  0.002048	     -1.00	    424.79	    543.38	      2.58	      2.35	     45.22	     41.14	16.78	 1.040e-04	      4.59	0	Gaussian	313.907590	41.526905
387	1	  0.001450	  0.001692	     -1.00	    418.01	     98.18	      2.73	      2.62	     47.73	     45.83	-40.98	 9.762e-05	      4.59	0	Gaussian	314.336673	43.606395
388	1	  0.001498	  0.001656	     -1.00	      6.44	    466.77	      2.98	      2.59	     52.20	     45.29	18.65	 4.331e-05	      4.60	0	Gaussian	316.572639	41.595189
389	1	  0.001479	  0.001338	     -1.00	     48.87	    181.85	      3.21	      2.90	     56.23	     50.69	-27.45	 8.814e-05	      4.60	0	Gaussian	316.605014	42.951256
390	1	  0.001450	  0.001690	     -1.00	    373.16	    653.67	      2.79	      2.71	     48.92	     47.43	20.94	 2.728e-05	      4.60	0	Gaussian	314.134869	40.978508
391	1	  0.001487	  0.001675	     -1.00	    341.82	     41.05	      2.79	      2.74	     48.83	     48.01	20.01	 2.360e-05	      4.61	0	Gaussian	314.879638	43.821965
392	1	  0.001461	  0.001445	     -1.00	    116.72	    720.21	      3.11	      2.89	     54.36	     50.64	1.51	 3.623e-05	      4.61	0	Gaussian	315.646904	40.497372
393	1	  0.001472	  0.002003	     -1.00	    215.56	    365.62	      2.53	      2.44	     44.26	     42.78	32.87	 7.294e-05	      4.61	0	Gaussian	315.373745	42.219257
394	1	  0.001468	  0.001500	     -1.00	     24.12	    357.31	      3.05	      2.81	     53.34	     49.10	23.13	 3.229e-05	      4.61	0	Gaussian	316.576358	42.117119
395	1	  0.001472	  0.001883	     -1.00	    351.73	    238.69	      2.63	      2.46	     46.00	     43.13	38.89	 6.570e-05	      4.62	0	Gaussian	314.633257	42.905428
396	1	  0.001450	  0.001619	     -1.00	    256.10	    555.63	      2.91	      2.70	     50.89	     47.21	21.99	 2.475e-05	      4.62	0	Gaussian	314.944383	41.360540
397	1	  0.001458	  0.001561	     -1.00	    345.91	    755.30	      3.05	      2.68	     53.45	     46.91	32.06	 3.728e-05	      4.62	0	Gaussian	314.216349	40.486146
398	1	  0.001473	  0.002062	     -1.00	    786.33	    132.38	      2.50	      2.38	     43.84	     41.63	6.04	 5.747e-05	      4.62	0	Gaussian	311.928269	43.663994
399	1	  0.001471	  0.002113	     -1.00	    598.43	    344.49	      2.46	      2.36	     43.03	     41.35	5.97	 5.241e-05	      4.62	0	Gaussian	312.976056	42.563512
400	1	  0.001455	  0.002022	     -1.00	    784.45	    472.57	      2.49	      2.43	     43.61	     42.46	14.15	 3.677e-05	      4.63	0	Gaussian	311.702168	42.061850
401	1	  0.001470	  0.001512	     -1.00	    723.37	    441.89	      2.97	      2.80	     52.01	     49.03	38.21	 4.483e-05	      4.63	0	Gaussian	312.110405	42.174723
402	1	  0.001452	  0.001439	     -1.00	    209.06	    639.13	      2.96	      2.74	     51.75	     48.03	1.14	 3.606e-05	      4.63	0	Gaussian	315.158019	40.939027
403	1	  0.001423	  0.001681	     -1.00	    472.17	     56.07	      2.77	      2.68	     48.41	     46.89	10.98	 2.299e-05	      4.64	0	Gaussian	314.024803	43.838633
404	1	  0.001456	  0.001705	     -1.00	    518.03	    372.89	      2.72	      2.61	     47.67	     45.76	36.13	 5.122e-05	      4.64	0	Gaussian	313.463182	42.382885
405	1	  0.001469	  0.001257	     -1.00	    438.18	    722.90	      3.39	      2.89	     59.25	     50.65	17.22	 4.793e-05	      4.64	0	Gaussian	313.676779	40.694437
406	1	  0.001442	  0.001754	     -1.00	    566.43	    300.01	      2.64	      2.55	     46.23	     44.55	68.10	 1.857e-05	      4.64	0	Gaussian	313.214989	42.753609
407	1	  0.001428	  0.001571	     -1.00	    144.95	     66.48	      2.95	      2.68	     51.57	     46.94	27.54	 3.960e-05	      4.65	0	Gaussian	316.116291	43.561062
408	1	  0.001449	  0.001462	     -1.00	     95.86	    556.30	      3.08	      2.79	     53.88	     48.79	17.29	 3.099e-05	      4.65	0	Gaussian	315.932237	41.245384
409	1	  0.001467	  0.001625	     -1.00	    678.91	     27.96	      2.74	      2.72	     47.97	     47.61	11.21	 3.699e-05	      4.65	0	Gaussian	312.705618	44.095879
410	1	  0.001440	  0.000789	     -1.00	    643.07	    586.48	      4.84	      3.10	     84.73	     54.34	68.70	 3.998e-05	      4.66	0	Gaussian	312.510934	41.451887
411	1	  0.001496	  0.001165	     -1.00	    786.22	    106.56	      3.79	      2.74	     66.27	     47.96	86.42	 1.557e-04	      4.66	0	Gaussian	311.947598	43.785384
412	1	  0.001471	  0.001346	     -1.00	     83.96	    455.01	      3.18	      2.79	     55.59	     48.91	1.39	 4.683e-05	      4.68	0	Gaussian	316.105760	41.707997
413	1	  0.001467	  0.001572	     -1.00	    615.90	    470.20	      2.96	      2.60	     51.80	     45.55	17.09	 6.376e-05	      4.68	0	Gaussian	312.768511	41.983099
414	1	  0.001443	  0.001844	     -1.00	    519.54	    228.13	      2.51	      2.49	     43.90	     43.59	10.34	 3.731e-05	      4.68	0	Gaussian	313.573030	43.062474
415	1	  0.001497	  0.001835	     -1.00	    523.99	    519.76	      2.53	      2.45	     44.30	     42.88	40.84	 1.618e-04	      4.69	0	Gaussian	313.307241	41.697580
416	1	  0.001458	  0.001790	     -1.00	    583.24	    593.24	      2.58	      2.48	     45.09	     43.49	42.48	 8.211e-05	      4.70	0	Gaussian	312.879649	41.386971
417	1	  0.001473	  0.001449	     -1.00	    750.20	    317.01	      2.87	      2.83	     50.30	     49.47	-35.95	 2.448e-05	      4.71	0	Gaussian	312.028840	42.776361
418	1	  0.001495	  0.001451	     -1.00	    123.57	    219.02	      2.91	      2.69	     50.89	     47.16	-29.42	 1.365e-04	      4.71	0	Gaussian	316.095948	42.835395
419	1	  0.001484	  0.001769	     -1.00	    488.36	    330.24	      2.57	      2.47	     44.93	     43.21	28.08	 4.304e-05	      4.71	0	Gaussian	313.686355	42.564721
420	1	  0.001523	  0.001739	     -1.00	     63.56	    244.62	      2.61	      2.41	     45.77	     42.27	27.14	 2.712e-04	      4.72	0	Gaussian	316.446999	42.670925
421	1	  0.001521	  0.001844	     -1.00	    624.57	    379.63	      2.46	      2.42	     43.09	     42.30	15.33	 1.405e-04	      4.72	0	Gaussian	312.782865	42.413433
422	1	  0.001488	  0.001329	     -1.00	    153.53	    119.59	      2.90	      2.82	     50.77	     49.29	60.67	 2.592e-04	      4.73	0	Gaussian	316.007348	43.320433
423	1	  0.001491	  0.001369	     -1.00	    306.03	    186.73	      2.92	      2.64	     51.08	     46.19	8.72	 7.541e-05	      4.74	0	Gaussian	314.971850	43.117104
424	1	  0.001511	  0.001770	     -1.00	    726.95	    678.88	      2.48	      2.47	     43.37	     43.27	-0.22	 1.631e-04	      4.75	0	Gaussian	311.921761	41.061774
425	1	  0.001464	  0.001582	     -1.00	     66.36	     69.68	      2.71	      2.51	     47.41	     43.93	11.03	 4.723e-05	      4.75	0	Gaussian	316.613142	43.485761
426	1	  0.001480	  0.001092	     -1.00	    202.76	    509.11	      3.37	      2.84	     59.03	     49.75	10.49	 7.680e-05	      4.76	0	Gaussian	315.317717	41.541102
427	1	  0.001502	  0.001730	     -1.00	    703.67	    479.15	      2.51	      2.46	     43.96	     43.08	3.20	 1.635e-04	      4.76	0	Gaussian	312.208229	41.989042
428	1	  0.001454	  0.001589	     -1.00	    144.61	    156.29	      2.69	      2.50	     47.02	     43.75	19.47	 4.027e-05	      4.76	0	Gaussian	316.026684	43.143018
429	1	  0.001544	  0.001691	     -1.00	    728.75	    774.69	      2.54	      2.42	     44.47	     42.41	33.82	 3.146e-04	      4.76	0	Gaussian	311.845162	40.612115
430	1	  0.001526	  0.001710	     -1.00	    167.46	    484.29	      2.55	      2.41	     44.63	     42.17	24.40	 1.973e-04	      4.77	0	Gaussian	315.559953	41.632030
431	1	  0.001523	  0.001626	     -1.00	    161.45	    479.49	      2.58	      2.50	     45.10	     43.72	38.84	 2.012e-04	      4.78	0	Gaussian	315.601851	41.650128
432	1	  0.001464	  0.001340	     -1.00	    762.73	    129.88	      3.00	      2.72	     52.43	     47.55	-60.27	 4.036e-05	      4.78	0	Gaussian	312.083298	43.663261
433	1	  0.001495	  0.001062	     -1.00	      9.39	    141.84	      3.75	      2.67	     65.69	     46.74	10.24	 1.946e-04	      4.78	0	Gaussian	316.896429	43.105976
434	1	  0.001481	  0.001217	     -1.00	     40.48	    634.12	      3.16	      2.88	     55.25	     50.40	-12.09	 5.261e-05	      4.78	0	Gaussian	316.194864	40.843072
435	1	  0.001446	  0.001608	     -1.00	    226.43	     34.46	      2.66	      2.46	     46.54	     43.06	23.86	 3.817e-05	      4.78	0	Gaussian	315.627619	43.770649
436	1	  0.001452	  0.000507	     -1.00	    381.48	    568.88	      5.92	      3.65	    103.53	     63.81	-69.29	 2.942e-05	      4.78	0	Gaussian	314.155457	41.380439
437	1	  0.001456	  0.001089	     -1.00	    590.17	    290.19	      3.18	      3.17	     55.70	     55.50	2.75	 1.011e-04	      4.78	0	Gaussian	313.071461	42.813644
438	1	  0.001496	  0.001305	     -1.00	    391.26	    127.92	      2.95	      2.85	     51.58	     49.94	50.19	 2.908e-05	      4.78	0	Gaussian	314.481652	43.449627
439	1	  0.001494	  0.001736	     -1.00	    687.60	    755.20	      2.50	      2.42	     43.82	     42.39	7.98	 8.707e-05	      4.78	0	Gaussian	312.113069	40.682708
440	1	  0.001442	  0.001318	     -1.00	    621.25	    167.93	      2.85	      2.85	     49.91	     49.88	-52.90	 2.701e-05	      4.80	0	Gaussian	312.969129	43.405630
441	1	  0.001455	  0.001502	     -1.00	    738.05	    499.04	      2.57	      2.51	     45.01	     44.00	-65.34	 2.620e-05	      4.80	0	Gaussian	311.977142	41.913541
442	1	  0.001491	  0.001568	     -1.00	    712.17	    207.81	      2.61	      2.52	     45.69	     44.04	-29.16	 2.809e-04	      4.81	0	Gaussian	312.352696	43.269558
443	1	  0.001475	  0.001330	     -1.00	    464.18	    323.96	      2.77	      2.75	     48.40	     48.15	39.22	 3.397e-05	      4.81	0	Gaussian	313.844903	42.579200
444	1	  0.001482	  0.001665	     -1.00	    399.65	    306.26	      2.54	      2.44	     44.43	     42.71	11.09	 2.044e-04	      4.81	0	Gaussian	314.269004	42.621028
445	1	  0.001544	  0.001523	     -1.00	    722.43	     77.55	      2.59	      2.52	     45.27	     44.13	-52.90	 3.420e-04	      4.81	0	Gaussian	312.383948	43.887382
446	1	  0.001495	  0.001345	     -1.00	    123.92	    426.32	      2.92	      2.72	     51.08	     47.55	14.17	 3.778e-05	      4.81	0	Gaussian	315.886463	41.870777
447	1	  0.001462	  0.001513	     -1.00	    254.39	    397.54	      2.68	      2.50	     46.89	     43.70	14.53	 3.228e-05	      4.82	0	Gaussian	315.100635	42.097359
448	1	  0.001470	  0.001244	     -1.00	    382.00	    664.82	      2.93	      2.68	     51.31	     46.94	5.82	 4.795e-05	      4.82	0	Gaussian	314.070931	40.931846
449	1	  0.001514	  0.001599	     -1.00	    491.55	    316.86	      2.51	      2.48	     43.91	     43.49	22.36	 8.950e-05	      4.82	0	Gaussian	313.677306	42.629424
450	1	  0.001450	  0.001490	     -1.00	    222.62	    586.68	      2.69	      2.51	     47.03	     43.86	36.01	 3.680e-05	      4.83	0	Gaussian	315.122812	41.192936
451	1	  0.001461	  0.001535	     -1.00	    634.41	    127.81	      2.60	      2.54	     45.44	     44.41	-3.95	 3.094e-05	      4.83	0	Gaussian	312.915982	43.601600
452	1	  0.001478	  0.001476	     -1.00	     96.56	     32.57	      2.70	      2.48	     47.28	     43.41	25.70	 4.662e-05	      4.83	0	Gaussian	316.460279	43.681606
453	1	  0.001508	  0.001534	     -1.00	    694.42	    471.92	      2.55	      2.52	     44.57	     44.09	3.67	 1.689e-04	      4.84	0	Gaussian	312.271901	42.018102
454	1	  0.001454	  0.001481	     -1.00	    562.50	    281.21	      2.63	      2.54	     46.07	     44.44	20.08	 4.252e-05	      4.85	0	Gaussian	313.255152	42.839504
455	1	  0.001461	  0.001148	     -1.00	    168.52	    423.97	      3.06	      2.84	     53.55	     49.77	4.22	 3.352e-05	      4.86	0	Gaussian	315.611399	41.913873
456	1	  0.001463	  0.000520	     -1.00	    286.96	    656.31	      6.28	      3.08	    109.85	     53.90	-43.49	 7.283e-05	      4.86	0	Gaussian	314.663734	40.910882
457	1	  0.001479	  0.001256	     -1.00	    142.11	    211.12	      3.00	      2.71	     52.52	     47.42	16.33	 9.076e-05	      4.86	0	Gaussian	315.987006	42.885993
458	1	  0.001451	  0.001517	     -1.00	    582.62	    301.25	      2.56	      2.50	     44.83	     43.68	11.76	 5.096e-05	      4.88	0	Gaussian	313.110825	42.757333
459	1	  0.001491	  0.001236	     -1.00	    345.86	     10.83	      2.91	      2.78	     50.99	     48.67	7.73	 2.129e-05	      4.88	0	Gaussian	314.882069	43.965809
460	1	  0.001460	  0.001453	     -1.00	    635.38	    257.16	      2.59	      2.53	     45.40	     44.34	28.53	 4.449e-05	      4.89	0	Gaussian	312.808378	42.994818
461	1	  0.001457	  0.001163	     -1.00	    624.09	    441.47	      3.06	      2.81	     53.53	     49.17	-24.59	 4.179e-05	      4.89	0	Gaussian	312.738641	42.122659
462	1	  0.001461	  0.001112	     -1.00	    361.79	    472.93	      2.98	      2.98	     52.20	     52.15	31.46	 3.027e-05	      4.89	0	Gaussian	314.360961	41.816735
463	1	  0.001508	  0.001430	     -1.00	    280.65	    737.80	      2.63	      2.48	     46.09	     43.45	35.79	 3.388e-04	      4.90	0	Gaussian	314.630719	40.526181
464	1	  0.001559	  0.001011	     -1.00	    718.40	    486.43	      3.21	      2.93	     56.22	     51.35	35.97	 3.317e-04	      4.91	0	Gaussian	312.110048	41.962602
465	1	  0.001446	  0.001156	     -1.00	    600.83	    741.05	      2.95	      2.87	     51.72	     50.28	-16.98	 2.892e-05	      4.91	0	Gaussian	312.659691	40.702832
466	1	  0.001462	  0.001435	     -1.00	    770.65	    199.56	      2.59	      2.52	     45.30	     44.18	13.11	 3.306e-05	      4.91	0	Gaussian	311.981594	43.339702
467	1	  0.001466	  0.001264	     -1.00	    787.94	    149.62	      2.89	      2.64	     50.50	     46.24	-5.60	 5.373e-05	      4.91	0	Gaussian	311.905490	43.583753
468	1	  0.001458	  0.001134	     -1.00	     64.01	    148.24	      3.02	      2.70	     52.88	     47.24	3.02	 3.720e-05	      4.92	0	Gaussian	316.544931	43.119069
469	1	  0.001503	  0.001368	     -1.00	    787.89	    340.53	      2.68	      2.46	     46.96	     42.98	2.61	 2.172e-04	      4.92	0	Gaussian	311.771250	42.685245
470	1	  0.001464	  0.000947	     -1.00	    700.08	    302.97	      3.10	      2.96	     54.24	     51.73	0.11	 3.779e-05	      4.93	0	Gaussian	312.359660	42.815596
471	1	  0.001447	  0.001067	     -1.00	    193.36	    300.07	      3.24	      2.80	     56.79	     49.00	1.53	 6.776e-05	      4.93	0	Gaussian	315.576129	42.509116
472	1	  0.001451	  0.000948	     -1.00	     71.88	     40.37	      3.18	      3.17	     55.61	     55.42	-42.44	 4.614e-05	      4.93	0	Gaussian	316.609242	43.626159
473	1	  0.001454	  0.001337	     -1.00	    372.36	    765.24	      2.71	      2.49	     47.51	     43.60	36.01	 3.830e-05	      4.93	0	Gaussian	314.046031	40.456149
474	1	  0.001464	  0.001402	     -1.00	    441.31	     95.66	      2.61	      2.51	     45.74	     43.88	3.85	 1.656e-04	      4.94	0	Gaussian	314.188958	43.633465
475	1	  0.001477	  0.001370	     -1.00	    780.26	     92.72	      2.61	      2.52	     45.75	     44.19	-28.73	 4.146e-05	      4.94	0	Gaussian	311.996348	43.847337
476	1	  0.001477	  0.001192	     -1.00	     76.11	    748.64	      2.85	      2.70	     49.86	     47.22	-2.85	 1.281e-04	      4.95	0	Gaussian	315.866426	40.336375
477	1	  0.001463	  0.000935	     -1.00	    168.09	    397.14	      3.51	      2.86	     61.43	     50.07	7.01	 2.519e-05	      4.96	0	Gaussian	315.640076	42.038621
478	1	  0.001513	  0.001059	     -1.00	    795.01	    278.13	      2.94	      2.73	     51.41	     47.83	3.48	 6.462e-05	      4.96	0	Gaussian	311.769095	42.982625
479	1	  0.001466	  0.001214	     -1.00	    591.64	    360.26	      2.75	      2.60	     48.13	     45.48	-39.27	 4.442e-05	      4.98	0	Gaussian	313.006851	42.485575
480	1	  0.001430	  0.001130	     -1.00	    524.93	     78.65	      2.90	      2.73	     50.83	     47.78	4.65	 3.876e-05	      4.98	0	Gaussian	313.664182	43.766305
481	1	  0.001437	  0.001198	     -1.00	    175.69	    125.19	      2.78	      2.62	     48.64	     45.91	5.04	 3.543e-05	      4.98	0	Gaussian	315.860842	43.310883
482	1	  0.001472	  0.000257	     -1.00	    334.01	    132.26	     10.06	      3.52	    176.03	     61.54	29.15	 3.342e-05	      4.99	0	Gaussian	314.844239	43.390727
483	1	  0.001467	  0.001305	     -1.00	    679.11	    216.44	      2.70	      2.40	     47.32	     42.09	5.55	 7.948e-05	      4.99	0	Gaussian	312.559036	43.210751
484	1	  0.001440	  0.000957	     -1.00	    156.26	    309.98	      3.23	      2.88	     56.55	     50.48	61.07	 2.056e-05	      4.99	0	Gaussian	315.799348	42.436086
485	1	  0.001485	  0.001330	     -1.00	    678.39	     85.59	      2.60	      2.49	     45.48	     43.67	-0.76	 4.731e-05	      4.99	0	Gaussian	312.664114	43.825013
486	1	  0.001486	  0.001190	     -1.00	    100.27	    676.61	      2.83	      2.38	     49.47	     41.58	3.13	 6.654e-05	      5.00	0	Gaussian	315.788686	40.688675
487	1	  0.001459	  0.001228	     -1.00	    329.69	    400.72	      2.71	      2.55	     47.51	     44.60	28.53	 3.705e-05	      5.00	0	Gaussian	314.625927	42.133378
488	1	  0.001496	  0.001204	     -1.00	    137.29	    450.42	      2.72	      2.52	     47.54	     44.08	23.92	 3.937e-05	      5.02	0	Gaussian	315.779824	41.768269
489	1	  0.001472	  0.001224	     -1.00	    595.47	    415.84	      2.64	      2.59	     46.21	     45.39	2.08	 7.637e-05	      5.03	0	Gaussian	312.939196	42.226813
490	1	  0.001443	  0.001193	     -1.00	    611.85	    608.29	      2.76	      2.48	     48.24	     43.44	-2.49	 4.179e-05	      5.04	0	Gaussian	312.689802	41.332289
491	1	  0.001446	  0.001174	     -1.00	    316.58	    380.34	      2.73	      2.58	     47.81	     45.23	10.85	 2.874e-05	      5.04	0	Gaussian	314.726651	42.219911
492	1	  0.001470	  0.000410	     -1.00	    214.17	    374.82	      7.15	      2.97	    125.09	     51.91	-6.11	 1.249e-04	      5.04	0	Gaussian	315.373661	42.175348
493	1	  0.001536	  0.001406	     -1.00	    792.81	    106.34	      2.52	      2.30	     44.09	     40.31	-3.38	 1.865e-04	      5.05	0	Gaussian	311.904860	43.789889
494	1	  0.001448	  0.000476	     -1.00	     74.68	    471.18	      4.28	      3.88	     74.99	     67.86	-32.28	 3.852e-05	      5.05	0	Gaussian	316.146980	41.625909
495	1	  0.001521	  0.000779	     -1.00	    323.86	     25.84	      3.55	      2.96	     62.16	     51.75	10.42	 4.903e-05	      5.05	0	Gaussian	315.009683	43.880482
496	1	  0.001509	  0.001220	     -1.00	    517.67	    527.84	      2.63	      2.49	     46.11	     43.59	33.74	 1.992e-04	      5.06	0	Gaussian	313.340387	41.655977
497	1	  0.001445	  0.001162	     -1.00	    622.35	    554.77	      2.72	      2.59	     47.52	     45.33	-6.62	 3.037e-05	      5.06	0	Gaussian	312.664208	41.589484
498	1	  0.001527	  0.001238	     -1.00	    223.28	    242.48	      2.63	      2.43	     46.05	     42.51	22.85	 2.659e-04	      5.07	0	Gaussian	315.443441	42.798960
499	1	  0.001421	  0.000356	     -1.00	    543.41	    111.69	      7.45	      3.08	    130.48	     53.94	-41.99	 2.242e-05	      5.07	0	Gaussian	313.516982	43.622894
500	1	  0.001466	  0.001129	     -1.00	    313.28	    775.45	      2.78	      2.49	     48.61	     43.58	25.90	 6.126e-05	      5.07	0	Gaussian	314.398700	40.371333
501	1	  0.001441	  0.001179	     -1.00	    520.68	    106.43	      2.69	      2.54	     47.14	     44.54	5.81	 4.708e-05	      5.07	0	Gaussian	313.668064	43.633521
502	1	  0.001449	  0.001020	     -1.00	    560.22	    388.99	      2.82	      2.82	     49.34	     49.31	66.17	 3.977e-05	      5.08	0	Gaussian	313.183294	42.332414
503	1	  0.001485	  0.001141	     -1.00	     56.69	    288.31	      2.76	      2.43	     48.35	     42.60	10.84	 1.071e-04	      5.08	0	Gaussian	316.444805	42.462641
504	1	  0.001464	  0.001097	     -1.00	    702.15	    617.82	      2.78	      2.57	     48.69	     45.04	-44.12	 3.994e-05	      5.08	0	Gaussian	312.119038	41.336102
505	1	  0.001471	  0.001123	     -1.00	    551.18	    354.77	      2.72	      2.58	     47.53	     45.23	-22.14	 3.972e-05	      5.09	0	Gaussian	313.267886	42.487662
506	1	  0.001461	  0.000977	     -1.00	    171.01	    276.42	      3.14	      2.66	     54.95	     46.61	3.35	 4.593e-05	      5.09	0	Gaussian	315.739809	42.603156
507	1	  0.001463	  0.001084	     -1.00	    400.85	    621.56	      2.82	      2.43	     49.34	     42.60	38.30	 4.260e-05	      5.09	0	Gaussian	313.990747	41.146033
508	1	  0.001443	  0.000799	     -1.00	    219.05	     97.25	      3.67	      2.85	     64.28	     49.84	10.24	 3.615e-05	      5.10	0	Gaussian	315.612465	43.472788
509	1	  0.001457	  0.001111	     -1.00	    735.13	    629.21	      2.74	      2.54	     48.02	     44.42	45.22	 3.919e-05	      5.10	0	Gaussian	311.904903	41.299574
510	1	  0.001449	  0.000866	     -1.00	    506.72	    283.91	      3.31	      2.78	     57.86	     48.60	-44.19	 2.463e-05	      5.11	0	Gaussian	313.608366	42.793185
511	1	  0.001475	  0.001081	     -1.00	    360.89	    456.55	      2.80	      2.42	     49.09	     42.35	35.79	 6.880e-05	      5.11	0	Gaussian	314.380982	41.892756
512	1	  0.001452	  0.000892	     -1.00	    780.08	    547.03	      3.27	      2.80	     57.19	     49.08	-4.18	 2.810e-05	      5.11	0	Gaussian	311.679150	41.709085
513	1	  0.001468	  0.001157	     -1.00	    688.29	    175.44	      2.67	      2.47	     46.79	     43.28	13.37	 5.014e-05	      5.12	0	Gaussian	312.531033	43.408515
514	1	  0.001469	  0.001098	     -1.00	    749.64	    377.79	      2.70	      2.58	     47.35	     45.12	12.83	 3.780e-05	      5.12	0	Gaussian	311.989122	42.490091
515	1	  0.001511	  0.001126	     -1.00	    678.53	    661.89	      2.62	      2.56	     45.77	     44.81	12.05	 5.222e-04	      5.13	0	Gaussian	312.235141	41.116507
516	1	  0.001455	  0.001030	     -1.00	    158.80	    158.51	      2.80	      2.55	     49.07	     44.72	19.13	 5.918e-05	      5.14	0	Gaussian	315.934490	43.143236
517	1	  0.001499	  0.001194	     -1.00	    616.46	    283.57	      2.57	      2.45	     45.01	     42.91	5.96	 2.680e-04	      5.14	0	Gaussian	312.908855	42.859967
518	1	  0.001471	  0.000907	     -1.00	    723.95	    624.67	      3.27	      2.66	     57.16	     46.52	-5.98	 6.879e-05	      5.14	0	Gaussian	311.977945	41.315211
519	1	  0.001460	  0.000964	     -1.00	    174.48	    665.76	      2.87	      2.63	     50.27	     45.98	7.75	 3.476e-05	      5.15	0	Gaussian	315.345445	40.791151
520	1	  0.001486	  0.001115	     -1.00	    451.54	    204.89	      2.60	      2.56	     45.50	     44.76	21.71	 1.022e-04	      5.15	0	Gaussian	314.027496	43.128853
521	1	  0.001481	  0.001057	     -1.00	    782.76	    531.89	      2.70	      2.59	     47.29	     45.25	41.78	 6.122e-05	      5.15	0	Gaussian	311.672543	41.781711
522	1	  0.001445	  0.001050	     -1.00	    583.11	    466.42	      2.79	      2.47	     48.91	     43.15	17.36	 3.150e-05	      5.15	0	Gaussian	312.977971	41.982274
523	1	  0.001489	  0.000716	     -1.00	    102.59	    403.49	      3.55	      3.15	     62.22	     55.18	5.10	 4.210e-05	      5.15	0	Gaussian	316.041620	41.961451
524	1	  0.001456	  0.000947	     -1.00	    233.34	    392.65	      2.88	      2.61	     50.44	     45.72	-8.76	 3.589e-05	      5.16	0	Gaussian	315.236898	42.105603
525	1	  0.001464	  0.000824	     -1.00	    785.98	    592.13	      3.15	      2.91	     55.12	     50.88	-6.54	 4.859e-05	      5.17	0	Gaussian	311.611656	41.499729
526	1	  0.001492	  0.000580	     -1.00	    658.84	    157.84	      3.53	      3.37	     61.75	     58.95	85.37	 1.574e-04	      5.17	0	Gaussian	312.734631	43.474620
527	1	  0.001473	  0.000977	     -1.00	    510.18	    616.30	      2.81	      2.58	     49.14	     45.13	42.59	 5.915e-05	      5.17	0	Gaussian	313.316781	41.236701
528	1	  0.001455	  0.000921	     -1.00	    298.40	    728.78	      2.88	      2.69	     50.35	     47.04	20.96	 3.644e-05	      5.18	0	Gaussian	314.529973	40.579819
529	1	  0.001462	  0.000994	     -1.00	    685.45	    308.88	      2.74	      2.66	     47.88	     46.50	-7.32	 3.639e-05	      5.18	0	Gaussian	312.448732	42.779794
530	1	  0.001471	  0.000844	     -1.00	    189.00	    723.16	      3.13	      2.77	     54.78	     48.45	0.04	 1.108e-04	      5.19	0	Gaussian	315.203705	40.533593
531	1	  0.001469	  0.001032	     -1.00	    745.62	    263.30	      2.72	      2.54	     47.53	     44.40	-4.71	 3.079e-05	      5.19	0	Gaussian	312.096820	43.026660
532	1	  0.001503	  0.001019	     -1.00	    130.43	    212.67	      2.71	      2.53	     47.38	     44.32	9.90	 1.753e-04	      5.20	0	Gaussian	316.059117	42.870056
533	1	  0.001462	  0.000545	     -1.00	     46.10	    651.89	      4.16	      3.23	     72.77	     56.52	6.77	 4.307e-05	      5.20	0	Gaussian	316.143013	40.764586
534	1	  0.001467	  0.000978	     -1.00	    451.62	    159.77	      2.77	      2.60	     48.47	     45.46	18.52	 5.905e-05	      5.20	0	Gaussian	314.066264	43.340108
535	1	  0.001458	  0.000694	     -1.00	    532.21	    609.83	      3.48	      3.05	     60.89	     53.33	4.44	 4.065e-05	      5.21	0	Gaussian	313.184886	41.279904
536	1	  0.001479	  0.000718	     -1.00	     73.14	    432.47	      3.64	      2.81	     63.63	     49.10	9.27	 3.796e-05	      5.21	0	Gaussian	316.195329	41.804804
537	1	  0.001482	  0.000977	     -1.00	    361.66	    420.79	      2.72	      2.62	     47.55	     45.81	38.11	 9.198e-05	      5.21	0	Gaussian	314.407548	42.060545
538	1	  0.001467	  0.000951	     -1.00	    749.81	    412.11	      2.83	      2.52	     49.48	     44.16	-32.18	 3.578e-05	      5.21	0	Gaussian	311.963804	42.328675
539	1	  0.001440	  0.000720	     -1.00	    212.00	    340.10	      3.50	      2.97	     61.26	     52.07	2.03	 2.417e-05	      5.21	0	Gaussian	315.420480	42.335734
540	1	  0.001458	  0.000656	     -1.00	    377.49	    742.72	      3.82	      3.04	     66.92	     53.26	-1.37	 2.819e-05	      5.21	0	Gaussian	314.033368	40.564661
541	1	  0.001461	  0.000742	     -1.00	    589.49	    713.01	      3.40	      2.95	     59.55	     51.61	-2.90	 4.223e-05	      5.21	0	Gaussian	312.750609	40.828201
542	1	  0.001491	  0.000871	     -1.00	    361.69	    778.58	      2.83	      2.71	     49.54	     47.44	85.29	 6.396e-05	      5.22	0	Gaussian	314.100187	40.387182
543	1	  0.001453	  0.000961	     -1.00	    561.00	    567.21	      2.82	      2.50	     49.41	     43.84	-14.25	 5.473e-05	      5.22	0	Gaussian	313.038545	41.496495
544	1	  0.001446	  0.000742	     -1.00	    623.98	    142.73	      3.46	      2.94	     60.61	     51.42	-13.13	 2.321e-05	      5.22	0	Gaussian	312.971547	43.525504
545	1	  0.001468	  0.000720	     -1.00	    487.20	    779.11	      3.41	      3.07	     59.62	     53.65	-14.10	 4.980e-05	      5.22	0	Gaussian	313.330612	40.460148
546	1	  0.001481	  0.000203	     -1.00	    119.07	    661.13	      9.32	      3.85	    163.13	     67.46	-54.06	 6.160e-05	      5.23	0	Gaussian	315.688715	40.774040
547	1	  0.001477	  0.000927	     -1.00	    428.72	    751.82	      2.77	      2.66	     48.42	     46.50	45.68	 7.230e-05	      5.23	0	Gaussian	313.711446	40.553352
548	1	  0.001504	  0.000544	     -1.00	    117.30	    341.79	      4.07	      2.86	     71.23	     50.01	7.05	 2.764e-04	      5.23	0	Gaussian	316.011560	42.259409
549	1	  0.001449	  0.000337	     -1.00	     28.25	    537.27	      5.26	      3.57	     92.00	     62.54	-62.55	 3.247e-05	      5.24	0	Gaussian	316.366603	41.284148
550	1	  0.001473	  0.000727	     -1.00	    487.00	    429.16	      3.21	      2.96	     56.25	     51.85	7.52	 6.257e-05	      5.24	0	Gaussian	313.612876	42.100287
551	1	  0.001466	  0.000943	     -1.00	    392.74	    223.15	      2.77	      2.59	     48.47	     45.31	1.80	 4.837e-05	      5.24	0	Gaussian	314.386494	43.005303
552	1	  0.001451	  0.000915	     -1.00	     76.43	     97.47	      2.86	      2.50	     50.04	     43.83	19.95	 3.471e-05	      5.24	0	Gaussian	316.519796	43.364538
553	1	  0.001480	  0.000534	     -1.00	     25.10	    482.95	      4.25	      3.10	     74.34	     54.19	1.65	 5.112e-05	      5.25	0	Gaussian	316.441056	41.534200
554	1	  0.001479	  0.000461	     -1.00	    272.60	    397.52	      5.70	      2.61	     99.68	     45.61	-12.58	 4.629e-05	      5.25	0	Gaussian	314.986689	42.109896
555	1	  0.001480	  0.000946	     -1.00	    741.67	    679.36	      2.75	      2.56	     48.20	     44.73	27.53	 4.676e-05	      5.25	0	Gaussian	311.829782	41.067007
556	1	  0.001462	  0.000948	     -1.00	    751.89	     78.53	      2.82	      2.39	     49.41	     41.80	-0.14	 3.858e-05	      5.25	0	Gaussian	312.191474	43.898896
557	1	  0.001479	  0.000849	     -1.00	    581.02	    117.09	      3.00	      2.79	     52.50	     48.84	-10.22	 9.223e-05	      5.25	0	Gaussian	313.269639	43.620377
558	1	  0.001494	  0.000484	     -1.00	     53.50	    325.71	      5.14	      2.81	     90.01	     49.13	-22.63	 1.246e-04	      5.26	0	Gaussian	316.426080	42.286383
559	1	  0.001484	  0.000989	     -1.00	    746.72	    357.19	      2.68	      2.52	     46.86	     44.15	-11.37	 9.194e-05	      5.26	0	Gaussian	312.022433	42.585501
560	1	  0.001463	  0.000863	     -1.00	    639.57	    713.85	      2.82	      2.70	     49.27	     47.34	14.86	 4.094e-05	      5.27	0	Gaussian	312.439843	40.851590
561	1	  0.001472	  0.000813	     -1.00	    301.85	    779.09	      3.14	      2.73	     55.00	     47.76	1.03	 8.425e-05	      5.27	0	Gaussian	314.465328	40.347067
562	1	  0.001449	  0.000852	     -1.00	    615.44	    197.84	      2.83	      2.74	     49.57	     48.01	-23.50	 3.280e-05	      5.27	0	Gaussian	312.982846	43.261852
563	1	  0.001455	  0.000727	     -1.00	    322.03	    274.46	      3.31	      2.88	     57.89	     50.49	-1.57	 1.928e-05	      5.27	0	Gaussian	314.788905	42.718282
564	1	  0.001485	  0.000364	     -1.00	     89.84	    395.10	      6.65	      2.98	    116.42	     52.18	4.73	 4.295e-05	      5.28	0	Gaussian	316.129256	41.991030
565	1	  0.001464	  0.000513	     -1.00	    785.67	    774.77	      4.96	      2.75	     86.84	     48.15	-0.05	 6.293e-05	      5.28	0	Gaussian	311.492846	40.639938
566	1	  0.001458	  0.000908	     -1.00	    607.73	    383.19	      2.78	      2.59	     48.72	     45.40	-2.41	 3.055e-05	      5.28	0	Gaussian	312.886911	42.387121
567	1	  0.001465	  0.000990	     -1.00	    777.41	    439.35	      2.69	      2.46	     47.14	     42.98	14.99	 4.111e-05	      5.28	0	Gaussian	311.769593	42.214655
568	1	  0.001479	  0.000241	     -1.00	    650.45	    111.60	      9.83	      3.14	    172.00	     54.90	28.47	 4.411e-05	      5.28	0	Gaussian	312.824968	43.686951
569	1	  0.001454	  0.000812	     -1.00	    461.00	    601.42	      3.12	      2.68	     54.54	     46.83	-2.67	 2.049e-05	      5.28	0	Gaussian	313.634379	41.277201
570	1	  0.001490	  0.000398	     -1.00	     83.50	     73.37	      5.72	      3.05	    100.08	     53.31	-58.59	 2.672e-04	      5.28	0	Gaussian	316.500314	43.481953
571	1	  0.001463	  0.000868	     -1.00	    513.68	    193.94	      2.79	      2.67	     48.75	     46.75	26.11	 4.669e-05	      5.29	0	Gaussian	313.639177	43.219135
572	1	  0.001470	  0.000866	     -1.00	    262.51	    172.70	      2.80	      2.65	     48.97	     46.40	-8.16	 4.060e-05	      5.29	0	Gaussian	315.262011	43.152222
573	1	  0.001498	  0.000740	     -1.00	    345.08	    205.01	      3.14	      2.55	     54.96	     44.62	-12.35	 1.238e-04	      5.29	0	Gaussian	314.706349	43.058396
574	1	  0.001453	  0.000656	     -1.00	    282.16	    437.34	      3.59	      2.87	     62.92	     50.20	-5.13	 2.249e-05	      5.31	0	Gaussian	314.890312	41.930467
575	1	  0.001451	  0.000545	     -1.00	     16.47	    766.81	      4.20	      2.80	     73.51	     48.94	-2.94	 1.012e-04	      5.31	0	Gaussian	316.209820	40.209017
576	1	  0.001475	  0.000839	     -1.00	    791.87	    721.50	      2.88	      2.48	     50.39	     43.39	3.96	 4.652e-05	      5.31	0	Gaussian	311.489162	40.893663
577	1	  0.001475	  0.000456	     -1.00	    316.39	    414.95	      5.08	      2.76	     88.92	     48.38	9.03	 5.450e-05	      5.31	0	Gaussian	314.696491	42.058010
578	1	  0.001543	  0.000922	     -1.00	    404.18	    790.95	      2.63	      2.57	     45.98	     45.07	-43.48	 2.502e-04	      5.32	0	Gaussian	313.830048	40.355380
579	1	  0.001463	  0.000735	     -1.00	    246.18	    356.40	      3.28	      2.81	     57.44	     49.14	1.28	 5.946e-05	      5.32	0	Gaussian	315.190587	42.283679
580	1	  0.001453	  0.000617	     -1.00	    129.79	    127.09	      3.60	      3.20	     63.04	     55.94	-12.94	 6.730e-05	      5.32	0	Gaussian	316.150406	43.267720
581	1	  0.001464	  0.000805	     -1.00	    238.81	    271.41	      2.91	      2.55	     50.86	     44.66	5.76	 4.212e-05	      5.32	0	Gaussian	315.317596	42.675034
582	1	  0.001444	  0.000704	     -1.00	    561.19	    151.02	      3.12	      2.92	     54.59	     51.19	-11.60	 5.000e-05	      5.33	0	Gaussian	313.369709	43.449360
583	1	  0.001468	  0.000787	     -1.00	     38.62	     23.66	      2.91	      2.60	     50.90	     45.58	28.58	 4.313e-05	      5.33	0	Gaussian	316.838972	43.677437
584	1	  0.001463	  0.000692	     -1.00	     83.18	    611.79	      3.31	      2.86	     57.85	     50.01	-0.11	 4.243e-05	      5.33	0	Gaussian	315.955805	40.978017
585	1	  0.001454	  0.000700	     -1.00	    533.39	    262.68	      3.22	      2.80	     56.44	     49.03	-18.91	 8.107e-05	      5.33	0	Gaussian	313.455954	42.908954
586	1	  0.001518	  0.000981	     -1.00	    566.41	    442.33	      2.64	      2.36	     46.17	     41.26	13.87	 2.038e-04	      5.33	0	Gaussian	313.101990	42.085693
587	1	  0.001462	  0.000844	     -1.00	    546.77	    596.54	      2.88	      2.37	     50.34	     41.41	22.71	 4.348e-05	      5.33	0	Gaussian	313.104524	41.350697
588	1	  0.001524	  0.000829	     -1.00	    536.11	    680.88	      2.78	      2.51	     48.65	     44.00	0.65	 4.266e-04	      5.34	0	Gaussian	313.105422	40.948909
589	1	  0.001465	  0.000285	     -1.00	    173.03	    232.47	      7.41	      2.75	    129.70	     48.11	-9.30	 3.946e-05	      5.34	0	Gaussian	315.770538	42.809371
590	1	  0.001452	  0.000610	     -1.00	      8.93	    518.41	      3.78	      2.84	     66.15	     49.70	2.52	 1.978e-05	      5.35	0	Gaussian	316.504405	41.357256
591	1	  0.001484	  0.000298	     -1.00	    313.04	    236.33	      8.20	      2.52	    143.51	     44.16	0.60	 4.104e-05	      5.35	0	Gaussian	314.881044	42.890319
592	1	  0.001462	  0.000703	     -1.00	     81.92	    224.30	      3.31	      2.78	     57.98	     48.61	-1.71	 2.723e-05	      5.35	0	Gaussian	316.352698	42.779411
593	1	  0.001510	  0.000847	     -1.00	    366.46	     16.39	      2.75	      2.55	     48.06	     44.57	13.56	 8.666e-05	      5.35	0	Gaussian	314.743829	43.954021
594	1	  0.001455	  0.000850	     -1.00	    504.45	    148.47	      2.84	      2.35	     49.75	     41.08	11.07	 4.782e-05	      5.36	0	Gaussian	313.736850	43.426478
595	1	  0.001496	  0.000286	     -1.00	     84.47	    374.40	      7.61	      2.78	    133.22	     48.65	6.22	 1.155e-04	      5.37	0	Gaussian	316.183502	42.083330
596	1	  0.001532	  0.000804	     -1.00	     93.35	    424.69	      2.80	      2.50	     49.03	     43.73	2.50	 8.992e-05	      5.37	0	Gaussian	316.077851	41.855975
597	1	  0.001475	  0.000424	     -1.00	    657.73	    784.13	      4.23	      3.36	     74.03	     58.80	-42.67	 4.646e-05	      5.37	0	Gaussian	312.277257	40.531141
598	1	  0.001467	  0.000811	     -1.00	    670.67	    166.72	      2.83	      2.57	     49.49	     45.04	12.68	 5.114e-05	      5.37	0	Gaussian	312.651416	43.439602
599	1	  0.001507	  0.000846	     -1.00	    509.03	    160.90	      2.66	      2.43	     46.58	     42.58	-2.11	 3.050e-04	      5.37	0	Gaussian	313.696873	43.371064
600	1	  0.001460	  0.000741	     -1.00	    212.45	    675.34	      2.91	      2.69	     50.93	     47.12	27.20	 3.958e-05	      5.37	0	Gaussian	315.104096	40.772447
601	1	  0.001447	  0.000825	     -1.00	    577.48	    481.40	      2.79	      2.62	     48.78	     45.82	2.32	 2.912e-05	      5.38	0	Gaussian	313.001733	41.908689
602	1	  0.001473	  0.000448	     -1.00	    361.55	    248.99	      4.10	      2.94	     71.76	     51.49	-62.89	 1.716e-04	      5.39	0	Gaussian	314.561595	42.863849
603	1	  0.001435	  0.000589	     -1.00	    166.17	    184.00	      3.58	      2.99	     62.63	     52.41	-19.03	 2.126e-05	      5.39	0	Gaussian	315.862197	43.030043
604	1	  0.001456	  0.000680	     -1.00	    269.01	    781.11	      3.51	      2.67	     61.42	     46.73	-0.22	 4.676e-05	      5.40	0	Gaussian	314.663887	40.316448
605	1	  0.001528	  0.000854	     -1.00	    233.68	    258.32	      2.68	      2.49	     46.94	     43.62	14.99	 2.619e-04	      5.40	0	Gaussian	315.362528	42.732495
606	1	  0.001442	  0.000654	     -1.00	    550.02	    567.55	      3.43	      2.82	     60.12	     49.37	1.93	 4.492e-05	      5.40	0	Gaussian	313.106860	41.488561
607	1	  0.001483	  0.000777	     -1.00	    438.49	    752.73	      2.83	      2.57	     49.56	     45.05	7.47	 8.492e-05	      5.40	0	Gaussian	313.650748	40.554980
608	1	  0.001473	  0.000331	     -1.00	     60.90	    123.63	      6.05	      2.95	    105.91	     51.55	9.02	 3.785e-05	      5.40	0	Gaussian	316.590540	43.230964
609	1	  0.001457	  0.000783	     -1.00	    117.70	     91.49	      2.88	      2.46	     50.43	     43.04	8.52	 6.800e-05	      5.40	0	Gaussian	316.263991	43.424099
610	1	  0.001439	  0.000588	     -1.00	    189.00	    586.18	      3.65	      2.98	     63.81	     52.07	-4.64	 2.138e-05	      5.40	0	Gaussian	315.330484	41.172164
611	1	  0.001474	  0.000513	     -1.00	    461.25	    165.37	      3.61	      2.92	     63.21	     51.19	-49.95	 1.049e-04	      5.41	0	Gaussian	313.999650	43.320034
612	1	  0.001463	  0.000282	     -1.00	    525.67	    793.97	      6.41	      3.23	    112.18	     56.53	-49.10	 3.450e-05	      5.42	0	Gaussian	313.082872	40.412643
613	1	  0.001497	  0.000812	     -1.00	    569.49	    243.83	      2.72	      2.56	     47.65	     44.80	-0.04	 1.369e-04	      5.42	0	Gaussian	313.240695	43.018992
614	1	  0.001490	  0.000831	     -1.00	    702.84	    247.78	      2.77	      2.37	     48.40	     41.56	33.37	 1.886e-04	      5.42	0	Gaussian	312.382946	43.076538
615	1	  0.001498	  0.000771	     -1.00	    654.75	    530.02	      2.74	      2.66	     47.95	     46.59	48.98	 2.236e-04	      5.43	0	Gaussian	312.479320	41.723563
616	1	  0.001447	  0.000720	     -1.00	     76.52	    721.45	      2.95	      2.53	     51.67	     44.21	8.22	 4.447e-05	      5.43	0	Gaussian	315.890145	40.463153
617	1	  0.001472	  0.000708	     -1.00	    136.38	    379.55	      2.96	      2.47	     51.74	     43.31	10.10	 3.358e-05	      5.43	0	Gaussian	315.855009	42.097625
618	1	  0.001455	  0.000768	     -1.00	    459.62	    418.16	      2.83	      2.59	     49.45	     45.25	0.98	 3.098e-05	      5.43	0	Gaussian	313.794361	42.135027
619	1	  0.001461	  0.000737	     -1.00	    396.75	    435.49	      2.92	      2.45	     51.05	     42.96	12.18	 5.988e-05	      5.43	0	Gaussian	314.174634	42.014378
620	1	  0.001468	  0.000825	     -1.00	    775.54	    104.34	      2.72	      2.52	     47.60	     44.06	3.97	 4.955e-05	      5.44	0	Gaussian	312.018675	43.790191
621	1	  0.001443	  0.000677	     -1.00	    166.34	     76.81	      3.00	      2.67	     52.47	     46.80	-37.33	 5.285e-05	      5.44	0	Gaussian	315.969298	43.529100
622	1	  0.001494	  0.000552	     -1.00	    365.72	      7.85	      3.54	      2.96	     61.94	     51.83	-13.12	 3.920e-05	      5.44	0	Gaussian	314.756551	43.993383
623	1	  0.001482	  0.000675	     -1.00	    635.91	    406.79	      3.05	      2.73	     53.39	     47.73	-6.54	 4.731e-05	      5.44	0	Gaussian	312.690212	42.292225
624	1	  0.001474	  0.000357	     -1.00	    121.01	    383.54	      5.93	      2.70	    103.76	     47.17	2.33	 3.741e-05	      5.44	0	Gaussian	315.946841	42.067838
625	1	  0.001536	  0.000815	     -1.00	     40.22	    127.17	      2.70	      2.44	     47.28	     42.75	63.57	 3.171e-04	      5.45	0	Gaussian	316.717567	43.198345
626	1	  0.001457	  0.000735	     -1.00	    637.39	    628.36	      2.85	      2.63	     49.80	     45.98	-3.21	 5.752e-05	      5.45	0	Gaussian	312.515669	41.252034
627	1	  0.001453	  0.000291	     -1.00	    697.96	    385.12	      6.07	      3.33	    106.25	     58.24	-34.42	 2.841e-05	      5.45	0	Gaussian	312.312650	42.428200
628	1	  0.001446	  0.000769	     -1.00	    451.50	    112.76	      2.79	      2.63	     48.83	     46.08	-8.78	 9.589e-05	      5.45	0	Gaussian	314.108245	43.560038
629	1	  0.001501	  0.000374	     -1.00	     43.53	    496.14	      4.35	      3.05	     76.05	     53.44	34.60	 1.681e-04	      5.45	0	Gaussian	316.314154	41.486711
630	1	  0.001482	  0.000462	     -1.00	     12.66	    502.31	      4.14	      2.92	     72.50	     51.16	-0.25	 6.836e-05	      5.45	0	Gaussian	316.497887	41.434844
631	1	  0.001452	  0.000668	     -1.00	    550.97	    618.56	      3.28	      2.70	     57.49	     47.24	0.42	 3.036e-05	      5.46	0	Gaussian	313.061337	41.249788
632	1	  0.001471	  0.000768	     -1.00	    671.52	    108.46	      2.79	      2.56	     48.76	     44.72	-18.47	 2.563e-05	      5.46	0	Gaussian	312.690942	43.713709
633	1	  0.001464	  0.000749	     -1.00	    244.53	     45.61	      2.84	      2.53	     49.75	     44.23	4.09	 5.098e-05	      5.46	0	Gaussian	315.500496	43.731876
634	1	  0.001459	  0.000712	     -1.00	    420.37	    270.78	      2.86	      2.70	     50.10	     47.19	-11.43	 4.208e-05	      5.46	0	Gaussian	314.168672	42.800414
635	1	  0.001492	  0.000713	     -1.00	    103.40	    172.29	      2.90	      2.42	     50.74	     42.29	16.10	 8.532e-05	      5.46	0	Gaussian	316.270984	43.037529
636	1	  0.001460	  0.000685	     -1.00	    114.38	    684.36	      2.97	      2.50	     52.00	     43.76	14.66	 4.673e-05	      5.46	0	Gaussian	315.695182	40.662618
637	1	  0.001465	  0.000489	     -1.00	    285.27	    667.28	      4.17	      2.40	     72.97	     41.98	-1.16	 7.173e-05	      5.47	0	Gaussian	314.664408	40.858556
638	1	  0.001459	  0.000405	     -1.00	    195.41	    241.28	      5.08	      2.59	     89.00	     45.34	-38.70	 5.941e-05	      5.47	0	Gaussian	315.620630	42.784560
639	1	  0.001523	  0.000837	     -1.00	    430.17	    405.66	      2.68	      2.35	     46.99	     41.12	-8.91	 4.751e-04	      5.47	0	Gaussian	313.990303	42.175189
640	1	  0.001462	  0.000565	     -1.00	    574.20	     68.05	      3.49	      3.00	     61.11	     52.53	-2.71	 4.239e-05	      5.47	0	Gaussian	313.354140	43.846240
641	1	  0.001435	  0.000556	     -1.00	    509.84	    100.32	      3.47	      3.01	     60.67	     52.73	-0.58	 6.058e-05	      5.48	0	Gaussian	313.743197	43.655361
642	1	  0.001446	  0.000700	     -1.00	    465.65	     68.72	      2.89	      2.65	     50.66	     46.37	6.57	 6.356e-05	      5.48	0	Gaussian	314.055843	43.775249
643	1	  0.001442	  0.000728	     -1.00	    450.38	    436.37	      2.88	      2.50	     50.45	     43.70	7.51	 3.061e-05	      5.48	0	Gaussian	313.837234	42.043999
644	1	  0.001472	  0.000515	     -1.00	    378.78	    523.40	      4.02	      2.48	     70.39	     43.43	-24.09	 1.050e-04	      5.48	0	Gaussian	314.211185	41.591521
645	1	  0.001478	  0.000714	     -1.00	    682.74	    319.89	      2.83	      2.61	     49.49	     45.70	29.60	 8.075e-05	      5.48	0	Gaussian	312.457828	42.726563
646	1	  0.001473	  0.000667	     -1.00	    379.79	    620.88	      2.92	      2.65	     51.14	     46.39	46.60	 5.064e-05	      5.48	0	Gaussian	314.121651	41.136077
647	1	  0.001465	  0.000577	     -1.00	    320.20	    622.22	      3.52	      2.78	     61.65	     48.68	-1.92	 3.677e-05	      5.49	0	Gaussian	314.488824	41.091797
648	1	  0.001461	  0.000231	     -1.00	    298.16	    617.98	      6.27	      3.75	    109.78	     65.56	65.74	 1.129e-04	      5.49	0	Gaussian	314.628575	41.097257
649	1	  0.001472	  0.000584	     -1.00	    511.81	    710.64	      3.45	      2.81	     60.31	     49.26	-6.45	 6.023e-05	      5.49	0	Gaussian	313.232578	40.795364
650	1	  0.001449	  0.000546	     -1.00	     63.93	    631.41	      3.71	      2.83	     64.86	     49.51	-3.55	 2.152e-05	      5.49	0	Gaussian	316.054354	40.872822
651	1	  0.001469	  0.000737	     -1.00	    450.71	    314.30	      2.83	      2.46	     49.55	     43.04	-6.61	 3.834e-05	      5.50	0	Gaussian	313.938499	42.615982
652	1	  0.001460	  0.000458	     -1.00	    236.25	    141.78	      4.00	      2.96	     70.04	     51.88	-5.43	 4.886e-05	      5.50	0	Gaussian	315.459036	43.277728
653	1	  0.001425	  0.000698	     -1.00	    443.54	     62.59	      2.91	      2.60	     51.02	     45.53	4.07	 4.019e-05	      5.50	0	Gaussian	314.204014	43.789610
654	1	  0.001477	  0.000641	     -1.00	    150.83	    354.41	      3.31	      2.76	     57.97	     48.30	-5.74	 4.774e-05	      5.50	0	Gaussian	315.789551	42.225210
655	1	  0.001466	  0.000447	     -1.00	     45.11	     56.28	      4.15	      2.77	     72.56	     48.40	7.19	 7.531e-05	      5.50	0	Gaussian	316.762516	43.531252
656	1	  0.001445	  0.000689	     -1.00	    552.45	     42.56	      2.91	      2.57	     50.87	     45.04	-35.04	 2.676e-05	      5.51	0	Gaussian	313.516453	43.952425
657	1	  0.001473	  0.000626	     -1.00	    531.28	    654.45	      2.93	      2.78	     51.36	     48.58	-52.08	 4.094e-05	      5.51	0	Gaussian	313.155812	41.070100
658	1	  0.001441	  0.000668	     -1.00	    450.75	    122.40	      2.97	      2.48	     52.00	     43.40	-18.19	 6.982e-05	      5.51	0	Gaussian	314.104602	43.514447
659	1	  0.001467	  0.000729	     -1.00	    585.20	     24.51	      2.83	      2.50	     49.45	     43.67	3.91	 4.164e-05	      5.51	0	Gaussian	313.318776	44.057001
660	1	  0.001447	  0.000462	     -1.00	    357.05	    263.44	      4.10	      3.02	     71.70	     52.90	-14.42	 3.044e-05	      5.51	0	Gaussian	314.577057	42.793320
661	1	  0.001459	  0.000675	     -1.00	    192.69	    497.14	      2.93	      2.53	     51.22	     44.25	-7.99	 3.638e-05	      5.51	0	Gaussian	315.391360	41.589863
662	1	  0.001440	  0.000621	     -1.00	    367.55	    276.91	      2.96	      2.84	     51.88	     49.75	0.92	 2.716e-05	      5.51	0	Gaussian	314.498361	42.737314
663	1	  0.001455	  0.000699	     -1.00	    506.38	     36.51	      2.88	      2.51	     50.39	     43.94	8.69	 9.513e-05	      5.51	0	Gaussian	313.820382	43.951999
664	1	  0.001454	  0.000363	     -1.00	    697.39	    129.06	      4.00	      3.77	     70.08	     66.03	43.14	 2.378e-05	      5.52	0	Gaussian	312.507454	43.631494
665	1	  0.001473	  0.000547	     -1.00	    253.02	    228.99	      3.57	      2.64	     62.51	     46.13	-10.76	 7.888e-05	      5.52	0	Gaussian	315.268351	42.882938
666	1	  0.001479	  0.000396	     -1.00	     61.82	     51.13	      4.10	      3.10	     71.72	     54.19	-30.95	 7.935e-05	      5.53	0	Gaussian	316.661791	43.568290
667	1	  0.001436	  0.000340	     -1.00	    352.69	    329.45	      4.18	      3.39	     73.19	     59.38	-65.40	 2.390e-05	      5.53	0	Gaussian	314.545230	42.481802
668	1	  0.001444	  0.000621	     -1.00	    224.52	    298.66	      3.02	      2.60	     52.82	     45.51	6.38	 2.842e-05	      5.53	0	Gaussian	315.381535	42.537860
669	1	  0.001478	  0.000525	     -1.00	      5.27	    585.54	      3.72	      2.70	     65.19	     47.22	-9.15	 2.978e-05	      5.53	0	Gaussian	316.458601	41.042663
670	1	  0.001441	  0.000532	     -1.00	    363.94	    365.51	      3.53	      2.98	     61.85	     52.11	-12.44	 1.685e-05	      5.54	0	Gaussian	314.442120	42.320577
671	1	  0.001462	  0.000651	     -1.00	    218.48	    400.66	      2.89	      2.69	     50.52	     47.07	-3.44	 7.356e-05	      5.54	0	Gaussian	315.322179	42.057881
672	1	  0.001477	  0.000561	     -1.00	    154.24	    338.93	      3.30	      2.79	     57.82	     48.81	-16.54	 4.746e-05	      5.54	0	Gaussian	315.783474	42.299805
673	1	  0.001486	  0.000659	     -1.00	    480.80	    794.59	      2.91	      2.42	     51.01	     42.41	25.74	 5.369e-05	      5.54	0	Gaussian	313.357774	40.383904
674	1	  0.001468	  0.000568	     -1.00	    287.76	     40.34	      3.51	      2.72	     61.52	     47.52	4.97	 4.871e-05	      5.54	0	Gaussian	315.228096	43.787415
675	1	  0.001425	  0.000649	     -1.00	    535.63	     20.55	      2.96	      2.60	     51.85	     45.52	-17.89	 2.479e-05	      5.54	0	Gaussian	313.644319	44.045092
676	1	  0.001472	  0.000512	     -1.00	     34.64	    453.41	      3.71	      2.97	     64.95	     51.99	0.59	 5.293e-05	      5.55	0	Gaussian	316.412317	41.678627
677	1	  0.001471	  0.000487	     -1.00	    160.19	    409.91	      3.70	      2.98	     64.78	     52.14	-5.33	 2.871e-05	      5.55	0	Gaussian	315.676876	41.973420
678	1	  0.001473	  0.000579	     -1.00	    105.33	    191.73	      3.02	      2.67	     52.92	     46.72	-53.23	 5.463e-05	      5.55	0	Gaussian	316.238802	42.948597
679	1	  0.001449	  0.000663	     -1.00	    340.23	    258.33	      2.92	      2.51	     51.04	     43.96	8.42	 3.138e-05	      5.55	0	Gaussian	314.688366	42.805949
680	1	  0.001452	  0.000533	     -1.00	    265.11	    766.48	      3.57	      2.88	     62.53	     50.35	-1.37	 3.893e-05	      5.55	0	Gaussian	314.700498	40.382195
681	1	  0.001451	  0.000629	     -1.00	    665.67	    188.71	      2.94	      2.65	     51.50	     46.38	-15.01	 2.726e-05	      5.55	0	Gaussian	312.666722	43.333492
682	1	  0.001472	  0.000688	     -1.00	    732.38	    614.13	      2.83	      2.51	     49.51	     43.95	13.91	 6.026e-05	      5.55	0	Gaussian	311.932573	41.369121
683	1	  0.001453	  0.000599	     -1.00	    646.13	    187.35	      3.28	      2.72	     57.49	     47.63	-8.34	 2.842e-05	      5.55	0	Gaussian	312.793645	43.328779
684	1	  0.001452	  0.000607	     -1.00	    124.55	    531.13	      2.98	      2.68	     52.13	     46.95	5.52	 4.517e-05	      5.55	0	Gaussian	315.780119	41.383245
685	1	  0.001483	  0.000516	     -1.00	    300.39	     19.94	      3.43	      2.97	     60.06	     51.92	-10.95	 6.708e-05	      5.56	0	Gaussian	315.166519	43.891503
686	1	  0.001479	  0.000564	     -1.00	     90.91	    275.11	      3.31	      2.82	     57.89	     49.37	-0.07	 6.943e-05	      5.56	0	Gaussian	316.244087	42.549969
687	1	  0.001458	  0.000530	     -1.00	    472.01	    659.18	      3.63	      2.85	     63.52	     49.83	-6.27	 2.690e-05	      5.56	0	Gaussian	313.519326	41.013187
688	1	  0.001491	  0.000494	     -1.00	     96.04	    438.64	      3.66	      2.94	     64.08	     51.40	2.09	 6.470e-05	      5.56	0	Gaussian	316.047237	41.793040
689	1	  0.001481	  0.000349	     -1.00	    130.50	    666.54	      5.28	      2.51	     92.45	     43.94	1.11	 6.741e-05	      5.56	0	Gaussian	315.613729	40.756932
690	1	  0.001456	  0.000465	     -1.00	     89.65	    485.11	      3.98	      3.16	     69.68	     55.25	-14.38	 4.794e-05	      5.57	0	Gaussian	316.040635	41.572133
691	1	  0.001471	  0.000435	     -1.00	    147.33	    661.17	      3.86	      2.99	     67.52	     52.27	-10.60	 4.655e-05	      5.57	0	Gaussian	315.515860	40.793714
692	1	  0.001457	  0.000509	     -1.00	    429.24	    525.53	      3.65	      2.80	     63.86	     49.07	-6.31	 4.886e-05	      5.57	0	Gaussian	313.894796	41.613253
693	1	  0.001456	  0.000324	     -1.00	    776.45	    639.59	      6.37	      2.52	    111.48	     44.18	-6.08	 4.198e-05	      5.57	0	Gaussian	311.639556	41.271587
694	1	  0.001482	  0.000619	     -1.00	    336.65	    176.27	      2.92	      2.53	     51.14	     44.25	2.57	 5.873e-05	      5.58	0	Gaussian	314.786502	43.186932
695	1	  0.001460	  0.000515	     -1.00	    157.97	    542.43	      3.63	      2.83	     63.56	     49.55	-5.99	 4.100e-05	      5.58	0	Gaussian	315.563072	41.354376
696	1	  0.001464	  0.000659	     -1.00	    505.60	    721.48	      2.88	      2.43	     50.48	     42.57	10.88	 6.400e-05	      5.58	0	Gaussian	313.262472	40.740952
697	1	  0.001454	  0.000353	     -1.00	    135.47	    530.21	      4.10	      3.68	     71.83	     64.36	63.96	 5.535e-05	      5.58	0	Gaussian	315.713613	41.395360
698	1	  0.001468	  0.000611	     -1.00	    580.76	    344.10	      2.96	      2.50	     51.82	     43.69	-27.39	 6.389e-05	      5.58	0	Gaussian	313.088650	42.555110
699	1	  0.001456	  0.000436	     -1.00	    739.69	    790.86	      3.46	      2.94	     60.63	     51.43	-21.19	 2.180e-05	      5.59	0	Gaussian	311.766592	40.541573
700	1	  0.001466	  0.000296	     -1.00	    112.36	    241.34	      6.54	      2.34	    114.39	     40.93	-1.11	 1.090e-04	      5.59	0	Gaussian	316.143841	42.723155
701	1	  0.001461	  0.000451	     -1.00	     86.21	    658.97	      3.84	      2.93	     67.26	     51.35	9.22	 4.786e-05	      5.59	0	Gaussian	315.891486	40.760708
702	1	  0.001458	  0.000543	     -1.00	    776.33	    712.34	      3.04	      2.75	     53.28	     48.07	54.85	 3.640e-05	      5.60	0	Gaussian	311.591871	40.929133
703	1	  0.001466	  0.000564	     -1.00	     18.35	    602.86	      3.06	      2.46	     53.63	     43.14	-37.03	 4.689e-05	      5.60	0	Gaussian	316.361170	40.972008
704	1	  0.001474	  0.000451	     -1.00	    107.24	    695.88	      3.76	      3.10	     65.78	     54.20	-6.03	 5.990e-05	      5.60	0	Gaussian	315.727723	40.603950
705	1	  0.001476	  0.000495	     -1.00	    570.77	    431.41	      3.60	      2.81	     62.93	     49.13	0.74	 7.812e-05	      5.61	0	Gaussian	313.083055	42.139472
706	1	  0.001458	  0.000497	     -1.00	    455.80	    293.68	      3.49	      2.93	     61.09	     51.31	-6.73	 1.625e-05	      5.61	0	Gaussian	313.923840	42.715779
707	1	  0.001456	  0.000472	     -1.00	    315.73	    362.29	      3.74	      2.82	     65.49	     49.29	0.91	 2.798e-05	      5.61	0	Gaussian	314.748344	42.303665
708	1	  0.001452	  0.000421	     -1.00	    557.40	    675.65	      3.84	      3.08	     67.24	     53.98	4.49	 2.665e-05	      5.61	0	Gaussian	312.977501	40.985557
709	1	  0.001469	  0.000372	     -1.00	    346.95	     82.53	      4.03	      3.30	     70.53	     57.72	-37.43	 2.436e-05	      5.61	0	Gaussian	314.807721	43.631781
710	1	  0.001448	  0.000506	     -1.00	    736.08	    734.35	      3.68	      2.72	     64.46	     47.65	-7.29	 2.076e-05	      5.62	0	Gaussian	311.827115	40.805519
711	1	  0.001450	  0.000619	     -1.00	    506.57	    400.63	      2.91	      2.57	     50.89	     44.90	-6.49	 3.773e-05	      5.62	0	Gaussian	313.512934	42.245898
712	1	  0.001494	  0.000657	     -1.00	    778.21	    275.44	      2.81	      2.43	     49.23	     42.55	-5.64	 5.744e-05	      5.62	0	Gaussian	311.878901	42.986625
713	1	  0.001482	  0.000222	     -1.00	     51.76	    157.63	      7.47	      2.77	    130.72	     48.53	-5.34	 5.299e-05	      5.62	0	Gaussian	316.612376	43.065943
714	1	  0.001515	  0.000736	     -1.00	    503.04	    790.16	      2.59	      2.29	     45.36	     40.11	3.54	 2.276e-04	      5.62	0	Gaussian	313.224785	40.417566
715	1	  0.001457	  0.000517	     -1.00	     72.60	    278.85	      3.11	      2.70	     54.39	     47.27	-19.28	 3.235e-05	      5.62	0	Gaussian	316.354965	42.518733
716	1	  0.001436	  0.000514	     -1.00	    589.05	    260.22	      3.47	      2.88	     60.74	     50.47	0.54	 1.521e-05	      5.62	0	Gaussian	313.102442	42.953637
717	1	  0.001444	  0.000214	     -1.00	    610.35	    571.39	      7.37	      3.14	    128.97	     54.89	24.60	 2.587e-05	      5.63	0	Gaussian	312.726808	41.504723
718	1	  0.001466	  0.000453	     -1.00	    668.68	     63.66	      3.78	      2.84	     66.19	     49.77	-12.81	 2.600e-05	      5.63	0	Gaussian	312.744255	43.922430
719	1	  0.001451	  0.000327	     -1.00	    131.45	    710.38	      5.06	      3.04	     88.53	     53.27	-10.45	 2.954e-05	      5.63	0	Gaussian	315.566468	40.553434
720	1	  0.001462	  0.000486	     -1.00	    565.99	    723.78	      3.69	      2.85	     64.66	     49.84	-3.26	 4.318e-05	      5.63	0	Gaussian	312.887809	40.764585
721	1	  0.001452	  0.000473	     -1.00	    173.26	    758.82	      3.71	      2.88	     64.91	     50.44	-3.42	 4.490e-05	      5.63	0	Gaussian	315.266893	40.356675
722	1	  0.001440	  0.000497	     -1.00	    524.84	    453.37	      3.61	      2.83	     63.15	     49.59	-5.97	 1.894e-05	      5.64	0	Gaussian	313.355050	42.009485
723	1	  0.001447	  0.000471	     -1.00	    416.20	    711.60	      3.68	      2.88	     64.50	     50.49	-5.48	 2.076e-05	      5.64	0	Gaussian	313.821287	40.734037
724	1	  0.001493	  0.000580	     -1.00	    134.38	    201.25	      2.91	      2.54	     51.00	     44.54	34.88	 1.494e-04	      5.64	0	Gaussian	316.045733	42.926176
725	1	  0.001443	  0.000539	     -1.00	    238.40	    700.71	      3.08	      2.57	     53.95	     45.01	-35.32	 3.378e-05	      5.64	0	Gaussian	314.922151	40.671521
726	1	  0.001436	  0.000608	     -1.00	    496.63	    248.32	      2.96	      2.40	     51.89	     42.06	1.23	 2.561e-05	      5.64	0	Gaussian	313.702467	42.953758
727	1	  0.001450	  0.000648	     -1.00	    595.48	    126.21	      2.76	      2.61	     48.39	     45.75	-10.58	 6.467e-05	      5.65	0	Gaussian	313.168828	43.586269
728	1	  0.001488	  0.000554	     -1.00	    212.72	    515.88	      2.93	      2.65	     51.24	     46.32	9.25	 1.027e-04	      5.66	0	Gaussian	315.249652	41.516393
729	1	  0.001466	  0.000402	     -1.00	    359.13	    437.31	      3.86	      3.02	     67.63	     52.78	-18.57	 3.629e-05	      5.67	0	Gaussian	314.408897	41.981621
730	1	  0.001451	  0.000430	     -1.00	    476.35	    578.03	      3.68	      3.15	     64.48	     55.09	-6.82	 2.425e-05	      5.67	0	Gaussian	313.557903	41.396064
731	1	  0.001544	  0.000525	     -1.00	    739.55	    351.87	      3.09	      2.98	     54.16	     52.15	-36.79	 4.556e-04	      5.67	0	Gaussian	312.071942	42.606753
732	1	  0.001456	  0.000459	     -1.00	    656.78	    310.18	      3.84	      2.97	     67.21	     52.02	-8.45	 2.771e-05	      5.67	0	Gaussian	312.630878	42.757794
733	1	  0.001482	  0.000474	     -1.00	    342.01	    166.04	      3.32	      2.98	     58.03	     52.17	-0.43	 7.890e-05	      5.68	0	Gaussian	314.761767	43.238363
734	1	  0.001426	  0.000434	     -1.00	    524.83	    125.85	      3.78	      3.07	     66.16	     53.74	-15.86	 2.424e-05	      5.68	0	Gaussian	313.624884	43.545124
735	1	  0.001451	  0.000438	     -1.00	    780.23	    662.06	      3.58	      3.01	     62.58	     52.67	-16.23	 2.644e-05	      5.69	0	Gaussian	311.600918	41.167690
736	1	  0.001449	  0.000381	     -1.00	    740.34	    651.58	      4.23	      2.95	     74.08	     51.71	-11.48	 3.074e-05	      5.69	0	Gaussian	311.857017	41.196992
737	1	  0.001462	  0.000417	     -1.00	    739.38	    581.39	      4.11	      2.70	     71.98	     47.34	-2.23	 3.427e-05	      5.69	0	Gaussian	311.911349	41.526759
738	1	  0.001464	  0.000595	     -1.00	    491.45	    390.66	      2.87	      2.51	     50.28	     43.94	-2.01	 1.466e-04	      5.69	0	Gaussian	313.616578	42.283451
739	1	  0.001485	  0.000519	     -1.00	    396.18	    596.65	      3.34	      2.66	     58.51	     46.64	-4.81	 8.377e-05	      5.70	0	Gaussian	314.040637	41.259718
740	1	  0.001457	  0.000451	     -1.00	     50.82	    463.57	      3.64	      2.88	     63.73	     50.34	-5.12	 4.346e-05	      5.70	0	Gaussian	316.302048	41.643538
741	1	  0.001485	  0.000583	     -1.00	    673.82	    319.91	      2.92	      2.62	     51.03	     45.83	3.66	 8.316e-05	      5.70	0	Gaussian	312.514732	42.721578
742	1	  0.001448	  0.000349	     -1.00	    553.54	    729.98	      4.47	      2.95	     78.26	     51.68	0.25	 3.390e-05	      5.70	0	Gaussian	312.960015	40.728513
743	1	  0.001479	  0.000537	     -1.00	    266.59	    519.77	      2.98	      2.45	     52.20	     42.93	1.99	 6.374e-05	      5.70	0	Gaussian	314.912021	41.535027
744	1	  0.001459	  0.000394	     -1.00	    570.76	    571.76	      4.09	      2.85	     71.53	     49.83	2.77	 1.123e-04	      5.70	0	Gaussian	312.974021	41.480712
745	1	  0.001445	  0.000519	     -1.00	    106.34	    570.80	      3.05	      2.58	     53.45	     45.22	-32.73	 3.816e-05	      5.70	0	Gaussian	315.853689	41.185482
746	1	  0.001461	  0.000554	     -1.00	    617.47	    517.48	      2.98	      2.40	     52.11	     42.03	4.29	 3.153e-05	      5.71	0	Gaussian	312.722815	41.761935
747	1	  0.001456	  0.000412	     -1.00	     31.29	    232.89	      3.85	      2.88	     67.44	     50.34	0.58	 3.591e-05	      5.71	0	Gaussian	316.661739	42.700556
748	1	  0.001484	  0.000483	     -1.00	    276.61	    234.73	      3.06	      2.58	     53.60	     45.22	-7.46	 4.518e-05	      5.71	0	Gaussian	315.113483	42.872659
749	1	  0.001438	  0.000522	     -1.00	    536.86	    211.98	      3.03	      2.64	     53.03	     46.13	18.87	 3.342e-05	      5.71	0	Gaussian	313.475623	43.148774
750	1	  0.001440	  0.000435	     -1.00	    224.92	    330.89	      3.64	      3.03	     63.68	     53.11	-13.93	 2.198e-05	      5.71	0	Gaussian	315.348197	42.387804
751	1	  0.001497	  0.000320	     -1.00	    290.23	     23.58	      5.26	      2.65	     92.13	     46.34	-6.43	 7.649e-05	      5.71	0	Gaussian	315.228393	43.867337
752	1	  0.001450	  0.000445	     -1.00	    402.80	    680.27	      3.70	      2.85	     64.79	     49.95	0.71	 1.643e-05	      5.71	0	Gaussian	313.929714	40.872455
753	1	  0.001443	  0.000432	     -1.00	    787.50	    624.32	      3.25	      3.21	     56.91	     56.24	38.28	 2.429e-05	      5.72	0	Gaussian	311.580619	41.348944
754	1	  0.001471	  0.000304	     -1.00	    184.17	    793.25	      4.36	      3.44	     76.32	     60.26	19.77	 2.931e-05	      5.72	0	Gaussian	315.169104	40.203646
755	1	  0.001468	  0.000452	     -1.00	    264.22	    414.21	      3.62	      2.77	     63.35	     48.48	-3.97	 3.563e-05	      5.72	0	Gaussian	315.023661	42.026260
756	1	  0.001449	  0.000391	     -1.00	    434.77	    344.75	      4.21	      2.29	     73.65	     40.12	-19.73	 4.183e-05	      5.72	0	Gaussian	314.013347	42.463307
757	1	  0.001470	  0.000582	     -1.00	    790.67	    559.42	      2.89	      2.35	     50.65	     41.07	0.05	 6.063e-05	      5.72	0	Gaussian	311.604144	41.656067
758	1	  0.001464	  0.000437	     -1.00	    479.39	    366.67	      3.09	      2.99	     54.01	     52.27	46.39	 5.569e-05	      5.72	0	Gaussian	313.712729	42.388500
759	1	  0.001480	  0.000454	     -1.00	    785.95	    731.60	      3.91	      2.45	     68.51	     42.92	0.46	 9.833e-05	      5.72	0	Gaussian	311.519330	40.843206
760	1	  0.001451	  0.000437	     -1.00	    231.18	    618.83	      3.69	      2.87	     64.51	     50.15	-8.85	 3.329e-05	      5.73	0	Gaussian	315.040638	41.048726
761	1	  0.001439	  0.000380	     -1.00	    111.41	     76.52	      4.09	      2.77	     71.65	     48.41	-3.58	 2.324e-05	      5.73	0	Gaussian	316.319529	43.488859
762	1	  0.001449	  0.000503	     -1.00	    506.81	     48.87	      3.03	      2.69	     52.96	     47.07	16.90	 9.090e-05	      5.73	0	Gaussian	313.806945	43.894423
763	1	  0.001477	  0.000396	     -1.00	     82.30	    265.75	      3.90	      2.77	     68.22	     48.55	-2.53	 7.130e-05	      5.73	0	Gaussian	316.307682	42.586971
764	1	  0.001462	  0.000496	     -1.00	    465.95	    184.69	      3.37	      2.76	     58.90	     48.36	-11.45	 7.048e-05	      5.73	0	Gaussian	313.952804	43.232586
765	1	  0.001445	  0.000375	     -1.00	    400.35	     96.53	      4.06	      2.80	     71.14	     49.02	-6.75	 3.100e-05	      5.74	0	Gaussian	314.451710	43.602411
766	1	  0.001476	  0.000334	     -1.00	    313.48	    404.32	      5.12	      2.39	     89.69	     41.84	-5.20	 6.709e-05	      5.74	0	Gaussian	314.724385	42.105769
767	1	  0.001466	  0.000443	     -1.00	     53.28	    579.22	      3.91	      2.32	     68.41	     40.69	-8.13	 4.891e-05	      5.75	0	Gaussian	316.171023	41.107677
768	1	  0.001477	  0.000472	     -1.00	    424.55	    592.95	      3.34	      2.82	     58.42	     49.33	2.16	 7.094e-05	      5.75	0	Gaussian	313.867708	41.294641
769	1	  0.001477	  0.000523	     -1.00	    293.37	    199.35	      2.95	      2.44	     51.72	     42.76	-18.99	 4.373e-05	      5.76	0	Gaussian	315.040515	43.049455
770	1	  0.001460	  0.000407	     -1.00	    774.83	    678.07	      3.72	      2.91	     65.10	     51.02	-3.25	 4.367e-05	      5.76	0	Gaussian	311.623998	41.089679
771	1	  0.001444	  0.000427	     -1.00	    607.58	    186.00	      3.49	      2.46	     61.01	     43.04	-13.26	 2.073e-05	      5.76	0	Gaussian	313.042770	43.312816
772	1	  0.001449	  0.000411	     -1.00	    635.15	    218.88	      3.62	      3.02	     63.43	     52.89	-11.43	 4.740e-05	      5.76	0	Gaussian	312.839678	43.174447
773	1	  0.001473	  0.000220	     -1.00	     25.25	     26.98	      5.83	      3.42	    102.06	     59.83	35.22	 7.251e-05	      5.76	0	Gaussian	316.920445	43.651373
774	1	  0.001459	  0.000417	     -1.00	    676.11	    451.20	      3.29	      2.77	     57.60	     48.55	-17.65	 4.506e-05	      5.76	0	Gaussian	312.402703	42.105640
775	1	  0.001452	  0.000521	     -1.00	    442.39	    295.67	      3.01	      2.39	     52.61	     41.88	-26.46	 2.630e-05	      5.76	0	Gaussian	314.007276	42.697984
776	1	  0.001452	  0.000323	     -1.00	    753.02	    493.30	      4.74	      2.99	     83.02	     52.28	2.96	 1.983e-05	      5.76	0	Gaussian	311.886636	41.948279
777	1	  0.001453	  0.000299	     -1.00	    643.95	    489.72	      3.96	      3.43	     69.32	     60.05	30.43	 1.838e-05	      5.77	0	Gaussian	312.577105	41.907009
778	1	  0.001445	  0.000382	     -1.00	    351.68	     56.66	      4.18	      2.76	     73.12	     48.37	-2.53	 1.910e-05	      5.77	0	Gaussian	314.801491	43.755825
779	1	  0.001464	  0.000413	     -1.00	    318.18	    794.73	      3.60	      2.96	     63.02	     51.80	-16.45	 2.647e-05	      5.77	0	Gaussian	314.352305	40.284379
780	1	  0.001451	  0.000492	     -1.00	    664.65	    260.46	      3.07	      2.30	     53.82	     40.33	17.92	 3.429e-05	      5.77	0	Gaussian	312.618327	42.995814
781	1	  0.001451	  0.000468	     -1.00	    731.30	    225.28	      3.04	      2.76	     53.18	     48.26	10.00	 3.049e-05	      5.77	0	Gaussian	312.216623	43.197803
782	1	  0.001457	  0.000521	     -1.00	    783.38	     10.47	      2.97	      2.44	     51.97	     42.79	-32.18	 3.051e-05	      5.77	0	Gaussian	312.035949	44.235707
783	1	  0.001435	  0.000362	     -1.00	    213.86	    115.77	      3.88	      3.29	     67.87	     57.57	-23.16	 2.836e-05	      5.77	0	Gaussian	315.627228	43.382736
784	1	  0.001445	  0.000443	     -1.00	     27.23	    735.98	      3.27	      2.47	     57.27	     43.23	-0.32	 5.776e-05	      5.78	0	Gaussian	316.174945	40.360072
785	1	  0.001463	  0.000220	     -1.00	     10.46	    629.65	      7.57	      2.69	    132.42	     47.04	-12.71	 6.940e-05	      5.78	0	Gaussian	316.382450	40.841676
786	1	  0.001461	  0.000385	     -1.00	    462.19	    552.21	      3.92	      2.73	     68.68	     47.82	-17.07	 4.153e-05	      5.78	0	Gaussian	313.667195	41.508481
787	1	  0.001443	  0.000334	     -1.00	    644.78	    564.84	      4.46	      2.98	     78.08	     52.19	0.05	 1.565e-05	      5.78	0	Gaussian	312.516200	41.554471
788	1	  0.001479	  0.000554	     -1.00	    545.28	    301.19	      2.76	      2.65	     48.28	     46.42	10.56	 1.729e-04	      5.78	0	Gaussian	313.348697	42.735490
789	1	  0.001452	  0.000414	     -1.00	     69.86	    659.69	      3.76	      2.76	     65.80	     48.36	-15.46	 3.310e-05	      5.78	0	Gaussian	315.990534	40.745576
790	1	  0.001478	  0.000368	     -1.00	    135.45	    361.49	      3.84	      2.82	     67.15	     49.43	-4.55	 4.424e-05	      5.79	0	Gaussian	315.878631	42.181022
791	1	  0.001451	  0.000427	     -1.00	    130.46	    514.81	      3.16	      2.68	     55.37	     46.83	-33.34	 3.190e-05	      5.79	0	Gaussian	315.759447	41.463462
792	1	  0.001474	  0.000478	     -1.00	    271.93	    510.16	      3.23	      2.75	     56.50	     48.18	-0.63	 7.810e-05	      5.79	0	Gaussian	314.887616	41.583485
793	1	  0.001463	  0.000440	     -1.00	    325.85	    256.26	      3.50	      2.82	     61.18	     49.35	1.24	 3.459e-05	      5.79	0	Gaussian	314.781408	42.805916
794	1	  0.001432	  0.000340	     -1.00	    694.31	    216.89	      4.14	      2.92	     72.53	     51.10	-5.61	 1.544e-05	      5.80	0	Gaussian	312.460874	43.217066
795	1	  0.001471	  0.000431	     -1.00	    251.24	    477.28	      3.57	      2.72	     62.52	     47.53	-7.23	 3.360e-05	      5.80	0	Gaussian	315.046352	41.722957
796	1	  0.001476	  0.000546	     -1.00	    496.71	    527.52	      2.89	      2.27	     50.58	     39.70	-9.96	 2.090e-04	      5.80	0	Gaussian	313.471736	41.645019
797	1	  0.001464	  0.000412	     -1.00	    691.04	    577.49	      3.70	      2.79	     64.79	     48.83	-10.06	 2.418e-05	      5.80	0	Gaussian	312.217159	41.519898
798	1	  0.001453	  0.000351	     -1.00	    629.21	    424.85	      4.07	      2.69	     71.18	     47.03	-7.36	 2.642e-05	      5.81	0	Gaussian	312.718908	42.203628
799	1	  0.001490	  0.000446	     -1.00	    741.95	    390.10	      3.19	      2.82	     55.90	     49.32	5.52	 7.016e-05	      5.81	0	Gaussian	312.029342	42.428171
800	1	  0.001505	  0.000520	     -1.00	    288.43	    236.60	      2.82	      2.56	     49.32	     44.80	-16.90	 1.830e-04	      5.81	0	Gaussian	315.036811	42.872141
801	1	  0.001484	  0.000271	     -1.00	    115.84	    449.80	      5.36	      2.80	     93.86	     48.93	-5.01	 4.783e-05	      5.82	0	Gaussian	315.913473	41.755607
802	1	  0.001475	  0.000501	     -1.00	    422.69	    583.66	      2.98	      2.24	     52.24	     39.16	10.14	 6.415e-05	      5.82	0	Gaussian	313.886974	41.336994
803	1	  0.001441	  0.000373	     -1.00	    663.94	    279.85	      3.87	      3.07	     67.66	     53.74	-19.13	 2.391e-05	      5.82	0	Gaussian	312.608111	42.904317
804	1	  0.001486	  0.000502	     -1.00	     50.47	     48.42	      2.94	      2.34	     51.49	     41.00	-7.95	 1.067e-04	      5.82	0	Gaussian	316.736918	43.571934
805	1	  0.001463	  0.000431	     -1.00	    368.01	    533.25	      3.54	      2.80	     62.02	     48.94	-6.65	 5.512e-05	      5.82	0	Gaussian	314.269756	41.538585
806	1	  0.001457	  0.000499	     -1.00	    456.79	    274.75	      3.00	      2.28	     52.49	     39.93	2.23	 3.923e-05	      5.82	0	Gaussian	313.933742	42.805036
807	1	  0.001448	  0.000336	     -1.00	    334.56	    488.59	      4.71	      2.68	     82.52	     46.99	-8.40	 2.028e-05	      5.82	0	Gaussian	314.517207	41.725810
808	1	  0.001450	  0.000531	     -1.00	    580.56	    411.16	      2.87	      2.49	     50.32	     43.58	11.58	 4.836e-05	      5.82	0	Gaussian	313.037136	42.240218
809	1	  0.001447	  0.000241	     -1.00	     99.39	    253.71	      5.07	      3.35	     88.75	     58.65	-34.96	 2.343e-05	      5.82	0	Gaussian	316.212744	42.655890
810	1	  0.001471	  0.000441	     -1.00	     56.65	    276.68	      3.09	      2.42	     54.17	     42.30	0.53	 7.072e-05	      5.83	0	Gaussian	316.457081	42.516666
811	1	  0.001459	  0.000386	     -1.00	    155.87	    635.36	      3.75	      2.86	     65.67	     50.12	2.63	 2.460e-05	      5.83	0	Gaussian	315.487900	40.919901
812	1	  0.001476	  0.000219	     -1.00	    300.58	    468.41	      5.12	      3.76	     89.54	     65.82	-73.31	 4.067e-05	      5.83	0	Gaussian	314.747101	41.797662
813	1	  0.001448	  0.000347	     -1.00	    596.18	    242.98	      4.25	      2.74	     74.38	     47.93	-14.69	 1.927e-05	      5.83	0	Gaussian	313.070573	43.038735
814	1	  0.001495	  0.000414	     -1.00	    523.79	    296.80	      3.45	      2.84	     60.34	     49.78	0.36	 3.806e-04	      5.84	0	Gaussian	313.489063	42.743160
815	1	  0.001475	  0.000484	     -1.00	     12.50	    621.55	      3.00	      2.26	     52.42	     39.49	-32.40	 5.312e-05	      5.84	0	Gaussian	316.378119	40.880799
816	1	  0.001442	  0.000314	     -1.00	    551.42	    233.13	      4.09	      3.06	     71.54	     53.49	-8.51	 2.230e-05	      5.84	0	Gaussian	313.365027	43.058417
817	1	  0.001436	  0.000428	     -1.00	    154.63	    197.81	      3.36	      2.97	     58.75	     51.91	-7.60	 2.293e-05	      5.85	0	Gaussian	315.921334	42.957201
818	1	  0.001449	  0.000427	     -1.00	    398.05	    730.30	      3.71	      2.65	     64.92	     46.40	-5.37	 2.359e-05	      5.85	0	Gaussian	313.917461	40.635439
819	1	  0.001457	  0.000411	     -1.00	    397.78	    695.00	      3.53	      2.59	     61.87	     45.32	6.32	 2.637e-05	      5.85	0	Gaussian	313.948374	40.800436
820	1	  0.001465	  0.000463	     -1.00	    256.59	    219.82	      2.96	      2.66	     51.82	     46.49	-4.04	 7.422e-05	      5.85	0	Gaussian	315.254481	42.928243
821	1	  0.001459	  0.000340	     -1.00	    537.75	    693.27	      4.39	      2.73	     76.76	     47.78	-13.88	 3.924e-05	      5.86	0	Gaussian	313.085705	40.891714
822	1	  0.001440	  0.000301	     -1.00	    228.99	    719.86	      4.21	      3.35	     73.72	     58.68	-15.28	 2.682e-05	      5.86	0	Gaussian	314.962495	40.575889
823	1	  0.001459	  0.000242	     -1.00	     45.86	    401.92	      4.13	      3.71	     72.24	     64.89	-17.01	 2.782e-05	      5.86	0	Gaussian	316.395427	41.926385
824	1	  0.001494	  0.000403	     -1.00	      5.74	    345.67	      3.70	      2.57	     64.73	     44.92	-10.86	 5.841e-05	      5.87	0	Gaussian	316.702717	42.157036
825	1	  0.001510	  0.000413	     -1.00	    323.38	     11.64	      3.56	      2.52	     62.33	     44.11	-6.44	 5.428e-05	      5.87	0	Gaussian	315.026316	43.946371
826	1	  0.001471	  0.000490	     -1.00	    736.54	    759.67	      2.91	      2.44	     50.88	     42.73	-5.93	 7.007e-05	      5.87	0	Gaussian	311.807123	40.686662
827	1	  0.001482	  0.000496	     -1.00	    649.73	    371.41	      2.88	      2.40	     50.44	     42.02	-23.27	 1.024e-04	      5.87	0	Gaussian	312.629325	42.466187
828	1	  0.001458	  0.000356	     -1.00	    764.23	    775.58	      3.90	      2.74	     68.33	     47.92	-15.09	 3.351e-05	      5.88	0	Gaussian	311.625014	40.625655
829	1	  0.001444	  0.000436	     -1.00	    591.43	    319.67	      3.06	      2.59	     53.62	     45.30	-32.31	 3.391e-05	      5.88	0	Gaussian	313.040093	42.676012
830	1	  0.001454	  0.000344	     -1.00	    714.83	    326.87	      3.82	      3.05	     66.91	     53.43	-18.77	 2.076e-05	      5.88	0	Gaussian	312.247783	42.711209
831	1	  0.001478	  0.000395	     -1.00	    323.78	    184.02	      3.69	      2.48	     64.54	     43.39	-39.29	 4.744e-05	      5.88	0	Gaussian	314.861372	43.141946
832	1	  0.001477	  0.000169	     -1.00	     40.03	    557.42	      7.28	      3.01	    127.40	     52.61	-16.90	 5.139e-05	      5.88	0	Gaussian	316.274035	41.199240
833	1	  0.001467	  0.000375	     -1.00	     93.67	    725.40	      3.86	      3.03	     67.51	     52.98	-8.33	 8.446e-05	      5.88	0	Gaussian	315.782122	40.456951
834	1	  0.001468	  0.000478	     -1.00	    181.68	    705.48	      2.98	      2.17	     52.17	     38.07	-11.19	 5.016e-05	      5.88	0	Gaussian	315.264624	40.611006
835	1	  0.001448	  0.000352	     -1.00	     39.94	    205.96	      3.61	      2.92	     63.25	     51.07	4.93	 3.084e-05	      5.89	0	Gaussian	316.635801	42.832322
836	1	  0.001480	  0.000412	     -1.00	    277.54	    183.85	      3.35	      2.87	     58.61	     50.31	-18.85	 4.062e-05	      5.89	0	Gaussian	315.155795	43.110771
837	1	  0.001468	  0.000341	     -1.00	    160.98	    274.20	      3.87	      2.91	     67.73	     50.93	-6.12	 7.745e-05	      5.89	0	Gaussian	315.805099	42.606198
838	1	  0.001468	  0.000208	     -1.00	    684.83	    530.12	      5.18	      4.06	     90.66	     71.10	-43.93	 2.994e-05	      5.90	0	Gaussian	312.290204	41.739325
839	1	  0.001459	  0.000468	     -1.00	    397.31	    426.22	      2.96	      2.42	     51.73	     42.35	-2.97	 9.454e-05	      5.90	0	Gaussian	314.179154	42.058096
840	1	  0.001459	  0.000396	     -1.00	    627.20	    191.32	      3.62	      2.66	     63.42	     46.53	-9.80	 3.224e-05	      5.90	0	Gaussian	312.912334	43.299289
841	1	  0.001462	  0.000454	     -1.00	    571.43	     88.24	      2.94	      2.55	     51.53	     44.62	0.31	 3.731e-05	      5.90	0	Gaussian	313.355420	43.749911
842	1	  0.001491	  0.000395	     -1.00	    794.12	     90.42	      3.68	      2.53	     64.33	     44.28	-9.26	 2.260e-05	      5.90	0	Gaussian	311.907780	43.865470
843	1	  0.001445	  0.000341	     -1.00	    780.53	    759.27	      4.05	      2.79	     70.92	     48.79	-5.17	 2.091e-05	      5.91	0	Gaussian	311.534839	40.710368
844	1	  0.001476	  0.000460	     -1.00	    508.62	    304.41	      2.99	      2.20	     52.33	     38.46	-18.06	 8.973e-05	      5.91	0	Gaussian	313.579210	42.698232
845	1	  0.001476	  0.000322	     -1.00	     46.58	    571.37	      3.18	      2.96	     55.73	     51.78	-37.26	 6.424e-05	      5.91	0	Gaussian	316.219932	41.139279
846	1	  0.001462	  0.000338	     -1.00	    195.76	    439.56	      3.97	      2.71	     69.41	     47.50	-9.69	 2.912e-05	      5.91	0	Gaussian	315.426908	41.860531
847	1	  0.001439	  0.000383	     -1.00	    262.37	    589.80	      3.21	      2.63	     56.16	     46.11	-64.87	 2.489e-05	      5.91	0	Gaussian	314.874674	41.205204
848	1	  0.001459	  0.000368	     -1.00	    426.77	    656.11	      3.71	      2.80	     64.92	     49.08	-4.24	 4.637e-05	      5.91	0	Gaussian	313.801710	41.000290
849	1	  0.001468	  0.000434	     -1.00	    591.08	    118.35	      3.49	      2.53	     61.11	     44.31	-7.70	 9.221e-05	      5.91	0	Gaussian	313.203631	43.620477
850	1	  0.001450	  0.000446	     -1.00	    542.41	     61.69	      3.06	      2.22	     53.52	     38.89	-49.61	 1.544e-04	      5.92	0	Gaussian	313.565458	43.856594
851	1	  0.001466	  0.000356	     -1.00	    244.43	    229.56	      4.01	      2.37	     70.14	     41.46	-8.33	 7.105e-05	      5.92	0	Gaussian	315.322184	42.874217
852	1	  0.001446	  0.000304	     -1.00	    394.42	    362.81	      4.10	      2.91	     71.74	     50.88	-12.28	 3.996e-05	      5.92	0	Gaussian	314.252458	42.352990
853	1	  0.001511	  0.000349	     -1.00	    309.16	     42.31	      3.82	      2.61	     66.81	     45.60	-6.82	 9.468e-05	      5.92	0	Gaussian	315.088624	43.793322
854	1	  0.001455	  0.000372	     -1.00	    598.25	    459.61	      3.74	      2.68	     65.41	     46.95	-7.10	 4.490e-05	      5.92	0	Gaussian	312.887827	42.022857
855	1	  0.001451	  0.000333	     -1.00	    361.29	    742.50	      4.07	      2.60	     71.17	     45.44	-7.82	 2.948e-05	      5.92	0	Gaussian	314.132920	40.555595
856	1	  0.001453	  0.000233	     -1.00	    606.73	    457.61	      5.17	      3.20	     90.49	     56.00	16.20	 5.220e-05	      5.93	0	Gaussian	312.835890	42.037071
857	1	  0.001456	  0.000333	     -1.00	    108.11	    631.72	      3.88	      2.91	     67.95	     50.99	-7.20	 3.058e-05	      5.93	0	Gaussian	315.783948	40.903190
858	1	  0.001483	  0.000369	     -1.00	    720.22	    616.88	      3.62	      2.73	     63.40	     47.75	-6.23	 1.052e-04	      5.93	0	Gaussian	312.006683	41.349941
859	1	  0.001425	  0.000328	     -1.00	    196.57	    203.27	      4.22	      3.20	     73.86	     56.01	-6.18	 1.982e-05	      5.93	0	Gaussian	315.650653	42.962501
860	1	  0.001453	  0.000355	     -1.00	    155.29	    180.45	      3.89	      2.63	     68.04	     46.01	-9.31	 5.199e-05	      5.93	0	Gaussian	315.934611	43.038536
861	1	  0.001446	  0.000280	     -1.00	    248.01	     98.84	      4.38	      2.94	     76.58	     51.44	-23.48	 2.032e-05	      5.94	0	Gaussian	315.425954	43.486347
862	1	  0.001451	  0.000390	     -1.00	    755.31	    625.46	      3.74	      2.48	     65.49	     43.33	-2.10	 2.183e-05	      5.94	0	Gaussian	311.781307	41.327499
863	1	  0.001468	  0.000352	     -1.00	    574.99	    499.93	      3.69	      2.92	     64.64	     51.11	-17.76	 6.777e-05	      5.94	0	Gaussian	313.003018	41.820292
864	1	  0.001436	  0.000348	     -1.00	    518.78	    562.64	      3.77	      2.94	     66.05	     51.49	-18.16	 1.828e-05	      5.94	0	Gaussian	313.305741	41.493422
865	1	  0.001441	  0.000344	     -1.00	    263.66	    117.50	      3.88	      2.78	     67.90	     48.67	-7.27	 1.573e-05	      5.94	0	Gaussian	315.307868	43.410499
866	1	  0.001467	  0.000367	     -1.00	    741.73	    252.55	      3.74	      2.66	     65.46	     46.55	-13.73	 7.266e-05	      5.94	0	Gaussian	312.129599	43.075141
867	1	  0.001450	  0.000463	     -1.00	    124.49	     83.25	      2.92	      2.46	     51.20	     42.97	-14.55	 9.842e-05	      5.95	0	Gaussian	316.229307	43.467540
868	1	  0.001453	  0.000301	     -1.00	    596.13	    494.45	      4.15	      2.72	     72.57	     47.69	-8.84	 3.582e-05	      5.95	0	Gaussian	312.874415	41.858076
869	1	  0.001454	  0.000247	     -1.00	    584.69	    185.34	      4.60	      3.23	     80.55	     56.57	12.52	 2.199e-05	      5.95	0	Gaussian	313.190518	43.302441
870	1	  0.001448	  0.000328	     -1.00	    293.90	    264.36	      3.95	      2.88	     69.15	     50.35	-10.69	 1.775e-05	      5.95	0	Gaussian	314.976209	42.746288
871	1	  0.001446	  0.000308	     -1.00	    234.44	    218.48	      3.93	      2.96	     68.87	     51.86	-7.49	 2.782e-05	      5.95	0	Gaussian	315.396065	42.918806
872	1	  0.001450	  0.000260	     -1.00	    440.94	    157.51	      4.88	      2.96	     85.45	     51.89	5.74	 8.902e-05	      5.95	0	Gaussian	314.136695	43.343791
873	1	  0.001450	  0.000352	     -1.00	    409.94	    141.65	      3.87	      2.71	     67.76	     47.44	-11.43	 6.393e-05	      5.96	0	Gaussian	314.349491	43.397786
874	1	  0.001466	  0.000371	     -1.00	     18.29	    323.57	      3.78	      2.52	     66.19	     44.10	1.30	 5.975e-05	      5.96	0	Gaussian	316.647755	42.269385
875	1	  0.001466	  0.000333	     -1.00	    764.10	    223.11	      4.46	      2.38	     78.07	     41.70	35.96	 5.013e-05	      5.96	0	Gaussian	312.006886	43.225487
876	1	  0.001462	  0.000180	     -1.00	    251.85	    417.66	      7.84	      2.84	    137.16	     49.70	7.41	 4.617e-05	      5.96	0	Gaussian	315.097794	42.001701
877	1	  0.001467	  0.000432	     -1.00	    130.34	    731.48	      2.98	      2.42	     52.13	     42.33	-25.92	 5.510e-05	      5.96	0	Gaussian	315.553386	40.454435
878	1	  0.001445	  0.000284	     -1.00	    236.22	    112.34	      4.15	      3.02	     72.55	     52.79	-31.02	 2.727e-05	      5.96	0	Gaussian	315.488014	43.414924
879	1	  0.001443	  0.000369	     -1.00	    415.91	    343.73	      3.64	      2.86	     63.70	     50.02	-19.84	 3.443e-05	      5.97	0	Gaussian	314.133435	42.456114
880	1	  0.001447	  0.000286	     -1.00	    629.20	    541.12	      4.15	      3.02	     72.58	     52.89	19.52	 2.192e-05	      5.97	0	Gaussian	312.631435	41.657384
881	1	  0.001469	  0.000281	     -1.00	    442.24	    599.73	      4.78	      2.63	     83.72	     46.05	-12.84	 4.341e-05	      5.98	0	Gaussian	313.752246	41.273754
882	1	  0.001462	  0.000419	     -1.00	    695.51	    726.28	      3.01	      2.39	     52.62	     41.77	2.17	 4.249e-05	      5.98	0	Gaussian	312.084291	40.822709
883	1	  0.001485	  0.000449	     -1.00	    400.65	    142.25	      2.93	      2.17	     51.35	     37.97	-18.32	 1.005e-04	      5.98	0	Gaussian	314.408491	43.388856
884	1	  0.001452	  0.000338	     -1.00	    476.48	    447.12	      3.74	      3.08	     65.54	     53.91	-17.55	 5.521e-05	      5.98	0	Gaussian	313.664211	42.009672
885	1	  0.001510	  0.000465	     -1.00	    768.37	     54.09	      2.76	      2.48	     48.37	     43.42	-25.45	 4.086e-04	      5.98	0	Gaussian	312.102079	44.022647
886	1	  0.001474	  0.000340	     -1.00	    776.34	    371.69	      3.81	      2.58	     66.74	     45.08	-5.22	 4.632e-05	      5.99	0	Gaussian	311.823294	42.532654
887	1	  0.001461	  0.000356	     -1.00	    697.46	    596.92	      3.40	      2.32	     59.50	     40.54	-9.67	 2.283e-05	      5.99	0	Gaussian	312.163127	41.431919
888	1	  0.001446	  0.000316	     -1.00	    462.83	     21.66	      4.07	      2.70	     71.23	     47.18	-22.46	 1.831e-05	      5.99	0	Gaussian	314.115622	43.993607
889	1	  0.001476	  0.000314	     -1.00	    764.42	    681.76	      4.08	      2.24	     71.38	     39.22	-2.99	 5.236e-05	      5.99	0	Gaussian	311.686375	41.067149
890	1	  0.001488	  0.000277	     -1.00	    115.56	    442.55	      4.06	      2.97	     70.98	     51.99	-7.78	 5.109e-05	      5.99	0	Gaussian	315.922354	41.789113
891	1	  0.001486	  0.000421	     -1.00	    403.42	    602.62	      2.95	      2.37	     51.59	     41.57	-54.63	 8.245e-05	      5.99	0	Gaussian	313.990707	41.236303
892	1	  0.001468	  0.000354	     -1.00	    646.07	    624.56	      3.67	      2.70	     64.32	     47.32	5.07	 8.939e-05	      5.99	0	Gaussian	312.464329	41.274570
893	1	  0.001455	  0.000424	     -1.00	    620.43	    241.29	      2.95	      2.51	     51.55	     43.94	-13.80	 4.543e-05	      6.00	0	Gaussian	312.916564	43.060742
894	1	  0.001495	  0.000347	     -1.00	    371.74	    141.66	      3.60	      2.70	     63.08	     47.18	-22.77	 4.679e-05	      6.00	0	Gaussian	314.594143	43.372353
895	1	  0.001486	  0.000326	     -1.00	    427.33	    731.69	      4.00	      2.25	     70.03	     39.30	11.78	 1.386e-04	      6.01	0	Gaussian	313.736350	40.646750
896	1	  0.001483	  0.000245	     -1.00	     94.75	    348.88	      5.53	      2.44	     96.76	     42.68	-4.75	 1.353e-04	      6.01	0	Gaussian	316.145173	42.209695
897	1	  0.001450	  0.000309	     -1.00	    741.34	    566.45	      3.94	      2.75	     68.93	     48.21	-9.95	 1.755e-05	      6.01	0	Gaussian	311.909437	41.598031
898	1	  0.001460	  0.000319	     -1.00	    240.38	    519.24	      3.85	      2.70	     67.44	     47.21	-2.67	 2.598e-05	      6.02	0	Gaussian	315.075078	41.519718
899	1	  0.001448	  0.000388	     -1.00	    519.67	     39.10	      3.05	      2.58	     53.36	     45.11	-6.56	 8.338e-05	      6.02	0	Gaussian	313.732050	43.948271
900	1	  0.001467	  0.000366	     -1.00	    420.89	    521.48	      3.56	      2.73	     62.22	     47.82	-12.73	 7.737e-05	      6.02	0	Gaussian	313.950302	41.627051
901	1	  0.001457	  0.000255	     -1.00	    496.66	    756.79	      4.52	      3.06	     79.04	     53.60	-1.13	 2.912e-05	      6.02	0	Gaussian	313.289944	40.570264
902	1	  0.001491	  0.000496	     -1.00	    431.99	    112.90	      2.86	      2.35	     50.14	     41.05	-8.34	 3.743e-04	      6.02	0	Gaussian	314.233600	43.546698
903	1	  0.001460	  0.000355	     -1.00	     18.73	    330.40	      3.72	      2.54	     65.11	     44.49	-12.01	 5.910e-05	      6.02	0	Gaussian	316.637873	42.238004
904	1	  0.001478	  0.000220	     -1.00	     48.31	    560.93	      4.51	      2.69	     78.96	     47.03	-83.15	 5.351e-05	      6.03	0	Gaussian	316.219717	41.189077
905	1	  0.001466	  0.000407	     -1.00	     37.63	    730.05	      3.01	      2.21	     52.67	     38.66	-19.52	 7.888e-05	      6.03	0	Gaussian	316.117773	40.395172
906	1	  0.001455	  0.000298	     -1.00	    684.43	    406.70	      4.19	      2.77	     73.38	     48.52	-10.02	 2.203e-05	      6.03	0	Gaussian	312.382747	42.319361
907	1	  0.001462	  0.000306	     -1.00	    140.34	    255.30	      4.24	      2.66	     74.20	     46.60	-7.28	 3.595e-05	      6.03	0	Gaussian	315.953726	42.679017
908	1	  0.001480	  0.000413	     -1.00	    753.66	    392.61	      2.96	      2.22	     51.80	     38.93	-9.43	 6.985e-05	      6.03	0	Gaussian	311.953056	42.422453
909	1	  0.001461	  0.000343	     -1.00	    583.70	    420.42	      3.73	      2.53	     65.24	     44.33	-5.94	 6.794e-05	      6.04	0	Gaussian	313.010065	42.198526
910	1	  0.001445	  0.000370	     -1.00	    348.51	    292.47	      3.13	      2.41	     54.75	     42.13	-36.65	 3.631e-05	      6.04	0	Gaussian	314.604961	42.651919
911	1	  0.001470	  0.000265	     -1.00	    312.21	    474.49	      4.16	      2.65	     72.90	     46.33	-22.99	 3.663e-05	      6.04	0	Gaussian	314.669106	41.777006
912	1	  0.001450	  0.000294	     -1.00	    381.50	    476.68	      4.38	      2.74	     76.65	     47.99	-9.47	 1.534e-05	      6.04	0	Gaussian	314.234536	41.811864
913	1	  0.001464	  0.000285	     -1.00	    743.58	    118.25	      4.05	      2.58	     70.94	     45.17	-13.58	 3.671e-05	      6.05	0	Gaussian	312.216130	43.707677
914	1	  0.001447	  0.000289	     -1.00	    184.47	    251.48	      3.79	      2.91	     66.33	     50.88	-4.89	 4.225e-05	      6.05	0	Gaussian	315.679594	42.729101
915	1	  0.001446	  0.000251	     -1.00	    542.90	    407.38	      3.95	      2.57	     69.19	     44.92	-45.81	 3.263e-05	      6.05	0	Gaussian	313.278104	42.235909
916	1	  0.001438	  0.000309	     -1.00	     70.67	    527.79	      3.98	      2.74	     69.62	     47.98	-24.20	 1.805e-05	      6.05	0	Gaussian	316.115331	41.359639
917	1	  0.001460	  0.000350	     -1.00	    615.24	    252.48	      3.71	      2.48	     64.96	     43.49	-7.18	 4.911e-05	      6.05	0	Gaussian	312.941007	43.005221
918	1	  0.001477	  0.000297	     -1.00	    100.67	    649.50	      3.79	      2.82	     66.33	     49.33	-21.78	 4.924e-05	      6.06	0	Gaussian	315.812261	40.815102
919	1	  0.001432	  0.000363	     -1.00	    446.43	     80.73	      3.17	      2.35	     55.52	     41.12	-76.54	 4.170e-05	      6.06	0	Gaussian	314.169202	43.706632
920	1	  0.001465	  0.000322	     -1.00	    190.68	    785.44	      3.99	      2.56	     69.81	     44.82	-2.27	 5.123e-05	      6.06	0	Gaussian	315.136694	40.244440
921	1	  0.001487	  0.000420	     -1.00	    792.96	    766.02	      3.09	      2.53	     54.09	     44.35	3.34	 6.379e-05	      6.06	0	Gaussian	311.453338	40.684654
922	1	  0.001465	  0.000287	     -1.00	    287.19	    110.68	      3.94	      2.84	     69.03	     49.75	-9.42	 2.109e-05	      6.06	0	Gaussian	315.164044	43.458937
923	1	  0.001461	  0.000379	     -1.00	    747.72	    749.23	      3.07	      2.19	     53.70	     38.32	-27.38	 4.446e-05	      6.06	0	Gaussian	311.744881	40.741381
924	1	  0.001444	  0.000386	     -1.00	    593.33	    576.46	      3.03	      2.45	     53.11	     42.96	-45.97	 4.433e-05	      6.06	0	Gaussian	312.829377	41.471393
925	1	  0.001446	  0.000324	     -1.00	    740.73	    237.13	      3.67	      2.86	     64.30	     49.98	-5.73	 2.096e-05	      6.07	0	Gaussian	312.147241	43.147118
926	1	  0.001451	  0.000302	     -1.00	    766.30	    168.85	      3.92	      2.70	     68.69	     47.22	-6.17	 3.437e-05	      6.07	0	Gaussian	312.031834	43.481872
927	1	  0.001501	  0.000403	     -1.00	    297.32	     33.50	      3.37	      2.35	     59.00	     41.09	-6.09	 1.228e-04	      6.07	0	Gaussian	315.173218	43.826093
928	1	  0.001475	  0.000245	     -1.00	    686.18	     40.35	      4.85	      2.56	     84.97	     44.77	4.54	 4.843e-05	      6.07	0	Gaussian	312.648521	44.041845
929	1	  0.001469	  0.000286	     -1.00	    436.00	    735.30	      4.77	      2.37	     83.47	     41.47	-0.66	 5.781e-05	      6.08	0	Gaussian	313.680099	40.635067
930	1	  0.001495	  0.000368	     -1.00	     14.04	    671.43	      3.47	      2.54	     60.78	     44.48	7.90	 3.355e-04	      6.08	0	Gaussian	316.318864	40.650259
931	1	  0.001450	  0.000257	     -1.00	    620.04	    687.23	      4.11	      3.05	     72.01	     53.46	2.44	 3.048e-05	      6.09	0	Gaussian	312.580386	40.966070
932	1	  0.001456	  0.000292	     -1.00	    310.24	    536.54	      3.93	      2.73	     68.78	     47.84	-6.55	 2.253e-05	      6.09	0	Gaussian	314.625975	41.485730
933	1	  0.001478	  0.000347	     -1.00	     68.01	    553.73	      3.54	      2.64	     61.99	     46.16	-13.75	 5.626e-05	      6.10	0	Gaussian	316.105947	41.237026
934	1	  0.001472	  0.000265	     -1.00	    106.63	    734.04	      3.92	      3.06	     68.55	     53.54	12.50	 4.704e-05	      6.10	0	Gaussian	315.695130	40.425898
935	1	  0.001462	  0.000253	     -1.00	     23.58	    373.28	      4.60	      2.80	     80.50	     49.08	6.32	 3.276e-05	      6.10	0	Gaussian	316.563140	42.042534
936	1	  0.001452	  0.000376	     -1.00	    649.72	    260.54	      3.06	      2.17	     53.51	     38.02	-12.00	 2.960e-05	      6.10	0	Gaussian	312.713927	42.987078
937	1	  0.001463	  0.000239	     -1.00	    779.28	    511.46	      4.71	      3.01	     82.36	     52.74	-27.90	 4.302e-05	      6.11	0	Gaussian	311.708371	41.876162
938	1	  0.001454	  0.000299	     -1.00	    305.23	    582.62	      3.84	      2.72	     67.25	     47.67	-12.26	 2.783e-05	      6.11	0	Gaussian	314.616143	41.267093
939	1	  0.001482	  0.000195	     -1.00	     11.41	    431.09	      5.31	      3.28	     93.03	     57.40	29.63	 3.842e-05	      6.11	0	Gaussian	316.578729	41.764703
940	1	  0.001483	  0.000267	     -1.00	    121.85	    370.66	      4.66	      2.42	     81.50	     42.38	-8.71	 5.679e-05	      6.11	0	Gaussian	315.954364	42.128385
941	1	  0.001450	  0.000289	     -1.00	    117.40	    283.80	      3.90	      2.74	     68.23	     47.98	-7.17	 2.068e-05	      6.11	0	Gaussian	316.069174	42.529375
942	1	  0.001468	  0.000361	     -1.00	    636.92	    443.44	      3.39	      2.62	     59.36	     45.78	-5.06	 9.112e-05	      6.12	0	Gaussian	312.656125	42.120603
943	1	  0.001444	  0.000290	     -1.00	    672.24	    606.04	      3.78	      2.92	     66.21	     51.19	-12.72	 2.845e-05	      6.12	0	Gaussian	312.314361	41.375674
944	1	  0.001497	  0.000252	     -1.00	    329.02	     95.25	      4.71	      2.60	     82.47	     45.56	-16.86	 2.956e-05	      6.12	0	Gaussian	314.910882	43.560090
945	1	  0.001469	  0.000314	     -1.00	    164.78	    771.76	      3.58	      2.79	     62.73	     48.84	-17.80	 3.944e-05	      6.13	0	Gaussian	315.306545	40.290598
946	1	  0.001460	  0.000205	     -1.00	    388.34	    754.85	      4.15	      3.11	     72.62	     54.49	44.42	 4.817e-05	      6.14	0	Gaussian	313.956751	40.514625
947	1	  0.001461	  0.000251	     -1.00	    650.05	     87.64	      4.13	      2.86	     72.25	     50.04	-16.38	 1.609e-05	      6.14	0	Gaussian	312.846454	43.799153
948	1	  0.001469	  0.000359	     -1.00	     40.82	    376.94	      3.51	      2.18	     61.37	     38.19	-9.97	 4.881e-05	      6.15	0	Gaussian	316.452301	42.038696
949	1	  0.001470	  0.000314	     -1.00	     74.46	    409.79	      3.12	      2.31	     54.65	     40.37	4.38	 3.709e-05	      6.15	0	Gaussian	316.209979	41.911256
950	1	  0.001455	  0.000317	     -1.00	    464.87	    192.60	      3.72	      2.62	     65.14	     45.83	-14.00	 7.464e-05	      6.15	0	Gaussian	313.952853	43.194876
951	1	  0.001460	  0.000296	     -1.00	    248.79	    723.70	      3.86	      2.62	     67.64	     45.78	-1.16	 1.317e-04	      6.16	0	Gaussian	314.838002	40.571138
952	1	  0.001473	  0.000360	     -1.00	    422.45	    314.74	      2.98	      2.36	     52.12	     41.25	-36.02	 1.330e-04	      6.16	0	Gaussian	314.117171	42.596015
953	1	  0.001463	  0.000299	     -1.00	    767.98	    495.06	      3.65	      2.84	     63.90	     49.74	-12.64	 3.504e-05	      6.16	0	Gaussian	311.790942	41.947646
954	1	  0.001496	  0.000390	     -1.00	    568.39	    539.58	      2.84	      2.32	     49.72	     40.63	-15.56	 2.229e-04	      6.16	0	Gaussian	313.013672	41.630414
955	1	  0.001475	  0.000305	     -1.00	    183.71	    751.08	      3.65	      2.69	     63.87	     47.11	-6.38	 9.384e-05	      6.16	0	Gaussian	315.210364	40.399841
956	1	  0.001484	  0.000388	     -1.00	    326.24	    669.91	      3.32	      2.28	     58.14	     39.97	-12.85	 1.629e-04	      6.17	0	Gaussian	314.410109	40.872787
957	1	  0.001472	  0.000338	     -1.00	     30.55	    277.52	      3.26	      2.32	     57.11	     40.62	0.43	 1.336e-04	      6.17	0	Gaussian	316.619456	42.492700
958	1	  0.001455	  0.000267	     -1.00	    629.50	    225.27	      3.82	      2.86	     66.86	     50.10	-9.65	 5.952e-05	      6.17	0	Gaussian	312.870923	43.141186
959	1	  0.001481	  0.000301	     -1.00	    143.99	    365.50	      3.82	      2.48	     66.88	     43.49	-13.80	 6.447e-05	      6.17	0	Gaussian	315.821319	42.168596
960	1	  0.001462	  0.000284	     -1.00	    575.06	    716.09	      3.75	      2.77	     65.59	     48.57	2.90	 6.003e-05	      6.18	0	Gaussian	312.837534	40.805742
961	1	  0.001462	  0.000234	     -1.00	    124.23	    738.28	      4.23	      2.53	     74.11	     44.23	-30.55	 5.776e-05	      6.18	0	Gaussian	315.584124	40.418517
962	1	  0.001468	  0.000294	     -1.00	    279.17	    338.75	      3.86	      2.48	     67.49	     43.45	-9.75	 4.725e-05	      6.19	0	Gaussian	314.999859	42.388835
963	1	  0.001539	  0.000349	     -1.00	    138.57	    398.40	      3.57	      2.19	     62.56	     38.37	-12.15	 2.501e-04	      6.19	0	Gaussian	315.822804	42.011445
964	1	  0.001492	  0.000356	     -1.00	    101.98	    585.14	      3.47	      2.33	     60.76	     40.70	-11.75	 1.550e-04	      6.19	0	Gaussian	315.866562	41.115599
965	1	  0.001459	  0.000254	     -1.00	    744.07	    447.21	      4.00	      2.79	     69.93	     48.76	-2.84	 2.933e-05	      6.19	0	Gaussian	311.975514	42.160514
966	1	  0.001463	  0.000278	     -1.00	    262.83	    793.82	      3.82	      2.79	     66.83	     48.76	-16.42	 4.736e-05	      6.20	0	Gaussian	314.690383	40.253093
967	1	  0.001489	  0.000304	     -1.00	    789.16	    209.53	      4.33	      2.17	     75.83	     38.00	-9.95	 8.911e-05	      6.20	0	Gaussian	311.854975	43.302481
968	1	  0.001482	  0.000214	     -1.00	    298.88	    161.51	      4.94	      2.63	     86.44	     46.00	-4.49	 2.786e-05	      6.20	0	Gaussian	315.041142	43.229923
969	1	  0.001498	  0.000339	     -1.00	    404.64	    592.85	      2.96	      2.23	     51.78	     39.12	-16.18	 8.853e-05	      6.21	0	Gaussian	313.991357	41.282777
970	1	  0.001489	  0.000391	     -1.00	    483.60	    438.64	      2.85	      2.06	     49.85	     36.06	-45.74	 1.020e-04	      6.21	0	Gaussian	313.626446	42.053779
971	1	  0.001499	  0.000343	     -1.00	    478.16	    784.51	      3.45	      2.35	     60.35	     41.06	-3.27	 1.151e-04	      6.22	0	Gaussian	313.381904	40.429615
972	1	  0.001464	  0.000314	     -1.00	    419.64	    660.76	      3.38	      2.73	     59.15	     47.80	-13.41	 7.732e-05	      6.22	0	Gaussian	313.841913	40.974158
973	1	  0.001470	  0.000283	     -1.00	    334.25	    597.59	      3.91	      2.41	     68.38	     42.12	-7.22	 3.046e-05	      6.22	0	Gaussian	314.423491	41.216019
974	1	  0.001463	  0.000236	     -1.00	    176.57	    773.89	      4.61	      2.66	     80.65	     46.60	-10.88	 4.821e-05	      6.22	0	Gaussian	315.232957	40.288692
975	1	  0.001439	  0.000286	     -1.00	    110.46	    531.43	      3.27	      2.29	     57.16	     40.10	-81.71	 2.877e-05	      6.22	0	Gaussian	315.866657	41.371693
976	1	  0.001481	  0.000286	     -1.00	    105.97	    660.46	      3.80	      2.51	     66.49	     43.97	-13.11	 3.730e-05	      6.23	0	Gaussian	315.769403	40.767899
977	1	  0.001457	  0.000237	     -1.00	    184.26	    457.15	      4.05	      2.69	     70.89	     47.08	-10.73	 2.241e-05	      6.24	0	Gaussian	315.481673	41.770385
978	1	  0.001453	  0.000292	     -1.00	    703.59	    372.64	      3.19	      2.27	     55.88	     39.77	-49.57	 2.961e-05	      6.24	0	Gaussian	312.285975	42.489899
979	1	  0.001466	  0.000274	     -1.00	    235.95	    454.84	      3.81	      2.67	     66.75	     46.74	-0.69	 3.208e-05	      6.24	0	Gaussian	315.162330	41.817214
980	1	  0.001465	  0.000228	     -1.00	    751.07	    696.73	      4.73	      2.51	     82.74	     43.96	-1.39	 4.733e-05	      6.24	0	Gaussian	311.759467	40.990001
981	1	  0.001514	  0.000352	     -1.00	    614.47	    588.40	      4.61	      2.49	     80.74	     43.64	83.09	 3.884e-04	      6.25	0	Gaussian	312.688331	41.427143
982	1	  0.001455	  0.000259	     -1.00	     48.62	    356.82	      3.95	      2.70	     69.15	     47.34	-22.47	 2.763e-05	      6.25	0	Gaussian	316.424463	42.138098
983	1	  0.001492	  0.000073	     -1.00	    114.94	    180.03	      9.76	      3.73	    170.78	     65.31	12.22	 8.768e-05	      6.25	0	Gaussian	316.190130	43.010303
984	1	  0.001508	  0.000280	     -1.00	    329.30	     46.61	      3.68	      2.45	     64.47	     42.93	-7.93	 3.681e-05	      6.26	0	Gaussian	314.954921	43.787308
985	1	  0.001460	  0.000271	     -1.00	    428.93	    643.64	      3.71	      2.78	     64.86	     48.61	-8.99	 3.233e-05	      6.27	0	Gaussian	313.798628	41.059984
986	1	  0.001440	  0.000293	     -1.00	    401.60	    291.37	      3.22	      2.02	     56.35	     35.41	-12.26	 2.773e-05	      6.27	0	Gaussian	314.269723	42.691954
987	1	  0.001470	  0.000271	     -1.00	    384.09	    629.62	      3.79	      2.56	     66.36	     44.85	-19.81	 9.204e-05	      6.28	0	Gaussian	314.087693	41.097881
988	1	  0.001468	  0.000259	     -1.00	    665.96	    337.59	      3.93	      2.47	     68.75	     43.19	-17.56	 3.060e-05	      6.28	0	Gaussian	312.551614	42.634132
989	1	  0.001492	  0.000328	     -1.00	     94.09	    365.48	      3.22	      2.54	     56.37	     44.44	-14.66	 5.798e-05	      6.28	0	Gaussian	316.132615	42.132015
990	1	  0.001466	  0.000247	     -1.00	    723.18	    304.56	      3.81	      2.73	     66.72	     47.83	-15.48	 1.991e-05	      6.29	0	Gaussian	312.210673	42.820598
991	1	  0.001494	  0.000225	     -1.00	    242.67	    466.91	      4.54	      2.82	     79.40	     49.33	-15.18	 9.458e-05	      6.33	0	Gaussian	315.109245	41.765534
992	1	  0.001528	  0.000390	     -1.00	     74.68	    312.64	      2.89	      1.88	     50.63	     32.87	2.86	 2.649e-04	      6.34	0	Gaussian	316.307287	42.363235
993	1	  0.001467	  0.000216	     -1.00	    794.44	    328.46	      4.39	      2.72	     76.82	     47.55	-16.99	 2.172e-05	      6.34	0	Gaussian	311.737755	42.745378
994	1	  0.001479	  0.000186	     -1.00	     36.34	    620.51	      5.16	      2.39	     90.27	     41.76	14.35	 9.935e-05	      6.35	0	Gaussian	316.233677	40.903280
995	1	  0.001498	  0.000249	     -1.00	     33.40	    149.44	      4.04	      2.39	     70.80	     41.90	-11.54	 1.879e-04	      6.36	0	Gaussian	316.736858	43.089626
996	1	  0.001481	  0.000316	     -1.00	     49.88	    193.63	      3.25	      2.44	     56.90	     42.69	-18.22	 2.499e-04	      6.37	0	Gaussian	316.586256	42.897308
997	1	  0.001481	  0.000298	     -1.00	    754.44	    688.78	      3.24	      2.23	     56.73	     39.01	-9.53	 6.076e-05	      6.37	0	Gaussian	311.743864	41.029122
998	1	  0.001500	  0.000103	     -1.00	    328.69	     73.84	      5.76	      3.89	    100.84	     68.07	-58.55	 3.192e-05	      6.37	0	Gaussian	314.933167	43.659813
999	1	  0.001488	  0.000259	     -1.00	    649.72	    755.66	      4.13	      2.29	     72.27	     40.06	-7.83	 1.149e-04	      6.38	0	Gaussian	312.347003	40.660650
1000	1	  0.001471	  0.000274	     -1.00	    766.65	    366.64	      3.02	      2.16	     52.91	     37.75	-67.42	 4.784e-05	      6.43	0	Gaussian	311.888616	42.551431
1001	1	  0.001484	  0.000286	     -1.00	    286.45	    465.60	      3.24	      2.16	     56.65	     37.88	-6.97	 1.051e-04	      6.46	0	Gaussian	314.837761	41.801328
1002	1	  0.001474	  0.000233	     -1.00	    425.42	    739.71	      3.66	      2.51	     64.11	     43.92	-5.76	 6.967e-05	      6.46	0	Gaussian	313.741577	40.608067
1003	1	  0.001500	  0.000207	     -1.00	    338.88	     24.43	      4.35	      2.42	     76.16	     42.33	4.87	 3.199e-05	      6.47	0	Gaussian	314.914204	43.897474
1004	1	  0.001466	  0.000231	     -1.00	    483.46	    669.04	      3.32	      2.53	     58.02	     44.22	-15.06	 5.304e-05	      6.47	0	Gaussian	313.440616	40.973756
1005	1	  0.001474	  0.000240	     -1.00	    582.32	     73.26	      3.58	      2.56	     62.70	     44.78	-11.11	 7.079e-05	      6.47	0	Gaussian	313.297239	43.826709
1006	1	  0.001477	  0.000235	     -1.00	    620.34	    763.60	      3.54	      2.47	     61.90	     43.25	-9.00	 6.069e-05	      6.47	0	Gaussian	312.522694	40.607598
1007	1	  0.001477	  0.000230	     -1.00	    120.52	    650.13	      4.15	      2.37	     72.60	     41.54	-17.52	 4.947e-05	      6.47	0	Gaussian	315.690363	40.826270
1008	1	  0.001487	  0.000287	     -1.00	    590.84	    105.21	      3.14	      2.45	     54.89	     42.82	-15.17	 2.510e-04	      6.49	0	Gaussian	313.215912	43.681980
1009	1	  0.001476	  0.000284	     -1.00	    703.53	    730.32	      3.08	      2.08	     53.92	     36.40	-9.04	 6.220e-05	      6.52	0	Gaussian	312.031725	40.807879
1010	1	  0.001503	  0.000249	     -1.00	    146.06	    346.33	      3.34	      2.49	     58.40	     43.52	-14.02	 9.699e-05	      6.55	0	Gaussian	315.827288	42.259399
1011	1	  0.001481	  0.000241	     -1.00	    472.97	    776.45	      3.27	      2.61	     57.27	     45.66	-19.15	 6.219e-05	      6.56	0	Gaussian	313.420092	40.464335
1012	1	  0.001482	  0.000252	     -1.00	    647.01	    360.33	      3.57	      2.20	     62.41	     38.50	-20.38	 6.543e-05	      6.58	0	Gaussian	312.655035	42.516697
1013	1	  0.001484	  0.000207	     -1.00	     76.23	    385.46	      3.79	      2.32	     66.26	     40.68	-15.07	 5.588e-05	      6.59	0	Gaussian	316.223584	42.025743
1014	1	  0.001497	  0.000307	     -1.00	    669.06	    153.89	      3.05	      2.09	     53.35	     36.62	-11.82	 7.955e-05	      6.67	0	Gaussian	312.671668	43.498940
1015	1	  0.001485	  0.000168	     -1.00	    101.43	    382.11	      3.86	      2.78	     67.59	     48.59	12.94	 3.816e-05	      6.67	0	Gaussian	316.070153	42.060051
1016	1	  0.001517	  0.000227	     -1.00	    321.62	     56.42	      3.02	      2.06	     52.92	     36.04	-5.13	 3.972e-05	      6.78	0	Gaussian	314.995030	43.736187
1017	1	  0.001501	  0.000132	     -1.00	    318.32	     83.46	      4.38	      2.58	     76.70	     45.10	-11.92	 3.634e-05	      6.81	0	Gaussian	314.990602	43.607703
1018	1	  0.001502	  0.000216	     -1.00	    662.61	    226.89	      2.83	      1.98	     49.54	     34.62	-70.98	 2.777e-04	      6.81	0	Gaussian	312.657073	43.152425
1019	1	  0.001500	  0.000238	     -1.00	    648.09	     26.48	      3.16	      2.13	     55.37	     37.27	-12.23	 2.177e-04	      6.83	0	Gaussian	312.907720	44.085063
1020	1	  0.001483	  0.000226	     -1.00	    308.54	    108.70	      2.75	      2.11	     48.09	     36.88	-13.25	 7.776e-05	      6.95	0	Gaussian	315.029356	43.483109
1021	1	  0.001523	  0.000202	     -1.00	    671.26	    786.96	      2.99	      2.18	     52.33	     38.20	-16.11	 2.353e-04	      7.00	0	Gaussian	312.191819	40.524934
1022	1	  0.001539	  0.000221	     -1.00	    273.21	    303.99	      2.86	      2.71	     50.05	     47.45	-25.09	 5.339e-04	      7.13	0	Gaussian	315.069830	42.546996
1023	1	  0.001518	  0.000004	     -1.00	    316.61	     69.48	     27.37	     11.40	    479.02	    199.48	-40.56	 3.021e-04	      7.14	0	Gaussian	315.014836	43.671771
1024	1	  0.001525	  0.000186	     -1.00	    745.03	    301.35	      2.68	      1.51	     46.93	     26.49	-7.42	 2.784e-04	      7.58	0	Gaussian	312.073178	42.847348
1025	1	  0.001548	  0.000191	     -1.00	    355.22	    103.57	      2.59	      1.59	     45.35	     27.84	-6.50	 4.014e-04	      7.76	0	Gaussian	314.735042	43.539165
1026	1	  0.001581	  0.000282	     -1.00	    320.35	    163.31	      1.39	      1.08	     24.33	     18.82	1.85	 9.994e-04	      8.15	0	Gaussian	314.902500	43.236318
1027	1	  0.001537	  0.000330	     -1.00	    252.13	     57.00	      2.21	      1.58	     38.70	     27.73	-4.70	 3.443e-04	    999.00	0	Gaussian	315.440552	43.684317
1028	1	  0.001516	  0.000230	     -1.00	     60.23	    165.18	      8.27	      4.66	    144.69	     81.58	-61.92	 1.089e-04	    999.00	0	Gaussian	316.550943	43.037482
