# 1078 stars found using the following parameters:
# sigma=1.00 roundness=0.10 radius=5 relax=1 profile=0 minbeta=1.5 max_stars=0 layer=1 minA=0.00 maxA=0.00 maxR=1.00
# star#	layer	B	A	beta	X	Y	FWHMx [px]	FWHMy [px]	FWHMx ["]	FWHMy ["]	angle	RMSE	mag	Sat	Profile	RA	Dec
1	1	  0.004261	  0.874154	     -1.00	    604.13	    541.64	      3.05	      2.72	     53.31	     47.65	15.72	 9.796e-03	     -2.29	0	Gaussian	318.698386	38.047329
2	1	  0.003368	  0.667594	     -1.00	    551.31	    238.12	      2.92	      2.57	     51.16	     44.98	21.47	 6.425e-03	     -1.89	0	Gaussian	319.353550	39.393427
3	1	  0.002768	  0.255891	     -1.00	     29.86	    634.49	      2.94	      2.56	     51.42	     44.74	18.60	 3.570e-03	     -0.84	0	Gaussian	321.837462	37.115199
4	1	  0.001948	  0.146104	     -1.00	    420.42	    466.19	      2.96	      2.63	     51.87	     46.10	15.71	 1.579e-03	     -0.28	0	Gaussian	319.841655	38.235919
5	1	  0.002141	  0.137947	     -1.00	     75.54	    743.79	      3.05	      2.66	     53.38	     46.48	16.63	 1.881e-03	     -0.26	0	Gaussian	321.444298	36.665666
6	1	  0.001705	  0.085374	     -1.00	    445.29	      9.90	      2.97	      2.62	     52.06	     45.88	26.45	 7.400e-04	      0.31	0	Gaussian	320.255722	40.342356
7	1	  0.001772	  0.070647	     -1.00	    501.47	    151.02	      3.03	      2.67	     53.10	     46.80	15.63	 6.717e-04	      0.47	0	Gaussian	319.750195	39.748213
8	1	  0.001790	  0.074521	     -1.00	    192.83	    616.24	      2.92	      2.62	     51.17	     45.83	20.69	 9.044e-04	      0.47	0	Gaussian	320.950371	37.349694
9	1	  0.001788	  0.069795	     -1.00	    213.33	    608.15	      3.01	      2.70	     52.73	     47.32	22.37	 8.438e-04	      0.48	0	Gaussian	320.845232	37.405081
10	1	  0.001727	  0.071793	     -1.00	    295.64	    354.36	      2.98	      2.60	     52.15	     45.58	17.33	 8.715e-04	      0.50	0	Gaussian	320.694216	38.632689
11	1	  0.001672	  0.053794	     -1.00	    535.57	    275.54	      2.91	      2.52	     50.92	     44.11	13.85	 5.895e-04	      0.87	0	Gaussian	319.401427	39.208280
12	1	  0.001647	  0.051113	     -1.00	    446.92	    346.60	      2.94	      2.56	     51.39	     44.73	13.15	 5.570e-04	      0.90	0	Gaussian	319.832060	38.805183
13	1	  0.001649	  0.043880	     -1.00	    325.98	     56.38	      2.97	      2.49	     51.99	     43.61	16.09	 5.011e-04	      1.09	0	Gaussian	320.898032	40.017574
14	1	  0.001582	  0.040955	     -1.00	    720.98	    449.52	      2.94	      2.57	     51.53	     44.93	12.01	 4.318e-04	      1.14	0	Gaussian	318.122504	38.565157
15	1	  0.001653	  0.039264	     -1.00	    622.94	    603.36	      2.93	      2.60	     51.31	     45.44	4.64	 4.699e-04	      1.17	0	Gaussian	318.521877	37.779927
16	1	  0.001630	  0.039387	     -1.00	    307.34	    199.46	      2.99	      2.50	     52.31	     43.79	13.40	 4.818e-04	      1.19	0	Gaussian	320.822660	39.348389
17	1	  0.001655	  0.037805	     -1.00	    669.31	    293.03	      2.73	      2.72	     47.73	     47.61	-2.22	 5.349e-04	      1.24	0	Gaussian	318.597998	39.242248
18	1	  0.001589	  0.036175	     -1.00	    293.50	    337.53	      2.97	      2.56	     51.93	     44.89	15.39	 4.412e-04	      1.26	0	Gaussian	320.727566	38.707222
19	1	  0.001750	  0.031682	     -1.00	    404.73	    363.59	      2.95	      2.52	     51.64	     44.13	12.05	 8.161e-04	      1.43	0	Gaussian	320.055329	38.689997
20	1	  0.001597	  0.027469	     -1.00	    243.62	    667.59	      2.98	      2.62	     52.18	     45.80	13.28	 3.800e-04	      1.54	0	Gaussian	320.601925	37.163150
21	1	  0.001659	  0.025269	     -1.00	    538.95	    704.08	      2.97	      2.76	     52.01	     48.23	8.99	 4.610e-04	      1.57	0	Gaussian	318.890602	37.250675
22	1	  0.001568	  0.026737	     -1.00	    558.06	    162.70	      2.95	      2.58	     51.70	     45.09	19.94	 2.532e-04	      1.59	0	Gaussian	319.403307	39.745050
23	1	  0.001698	  0.028698	     -1.00	    794.16	    118.56	      2.78	      2.42	     48.75	     42.44	19.61	 3.675e-04	      1.65	0	Gaussian	318.053452	40.148938
24	1	  0.001571	  0.023015	     -1.00	     29.51	    676.93	      3.04	      2.67	     53.20	     46.79	23.11	 2.906e-04	      1.68	0	Gaussian	321.784575	36.923751
25	1	  0.001545	  0.024092	     -1.00	    675.91	    477.40	      2.88	      2.57	     50.41	     44.91	12.36	 2.660e-04	      1.74	0	Gaussian	318.354251	38.400652
26	1	  0.001677	  0.022678	     -1.00	    187.43	    546.46	      2.95	      2.55	     51.63	     44.69	14.01	 4.041e-04	      1.78	0	Gaussian	321.068104	37.660684
27	1	  0.001694	  0.021273	     -1.00	     73.50	    554.80	      3.01	      2.63	     52.68	     46.03	18.86	 5.537e-04	      1.80	0	Gaussian	321.697355	37.515959
28	1	  0.001667	  0.020854	     -1.00	    149.20	    688.00	      2.97	      2.66	     52.04	     46.47	23.54	 5.020e-04	      1.82	0	Gaussian	321.105014	36.985204
29	1	  0.001512	  0.020761	     -1.00	    435.44	     76.15	      3.00	      2.60	     52.46	     45.51	15.59	 1.992e-04	      1.85	0	Gaussian	320.230619	40.030419
30	1	  0.001503	  0.019909	     -1.00	    694.80	    270.12	      2.90	      2.55	     50.79	     44.60	18.59	 1.829e-04	      1.94	0	Gaussian	318.473884	39.368777
31	1	  0.001546	  0.018759	     -1.00	    714.31	    362.95	      2.86	      2.75	     49.98	     48.09	-3.66	 2.679e-04	      1.94	0	Gaussian	318.256099	38.957871
32	1	  0.001562	  0.016287	     -1.00	    629.98	    753.01	      3.04	      2.73	     53.27	     47.76	3.52	 2.310e-04	      2.04	0	Gaussian	318.319139	37.100326
33	1	  0.001517	  0.012398	     -1.00	    162.78	    352.76	      3.85	      2.72	     67.44	     47.53	19.50	 2.082e-04	      2.08	0	Gaussian	321.455536	38.514778
34	1	  0.001578	  0.016565	     -1.00	    583.00	    309.26	      2.99	      2.59	     52.27	     45.35	11.33	 2.984e-04	      2.10	0	Gaussian	319.084978	39.094762
35	1	  0.001682	  0.014758	     -1.00	    755.05	    687.93	      2.90	      2.81	     50.74	     49.26	16.13	 2.949e-04	      2.16	0	Gaussian	317.672190	37.496158
36	1	  0.001518	  0.015482	     -1.00	    171.61	    102.47	      2.99	      2.53	     52.26	     44.29	16.04	 1.928e-04	      2.19	0	Gaussian	321.735351	39.657703
37	1	  0.001547	  0.014709	     -1.00	    217.53	    778.50	      2.98	      2.60	     52.20	     45.51	12.69	 2.469e-04	      2.22	0	Gaussian	320.612958	36.637679
38	1	  0.001566	  0.008766	     -1.00	    741.03	    443.24	      4.13	      3.14	     72.36	     54.97	44.03	 4.307e-04	      2.22	0	Gaussian	318.012341	38.610051
39	1	  0.001497	  0.014500	     -1.00	    574.05	    741.38	      2.95	      2.63	     51.71	     46.07	9.20	 1.725e-04	      2.23	0	Gaussian	318.649925	37.108812
40	1	  0.001537	  0.014615	     -1.00	    773.17	    599.95	      2.77	      2.75	     48.52	     48.18	-1.82	 2.644e-04	      2.24	0	Gaussian	317.659258	37.914435
41	1	  0.001580	  0.014661	     -1.00	    230.16	    251.44	      3.03	      2.50	     53.06	     43.70	12.62	 2.203e-04	      2.25	0	Gaussian	321.201429	39.038777
42	1	  0.001533	  0.013367	     -1.00	     98.99	    743.80	      3.03	      2.72	     53.12	     47.69	17.45	 1.847e-04	      2.26	0	Gaussian	321.314358	36.687251
43	1	  0.001506	  0.011915	     -1.00	     26.23	    715.87	      3.14	      2.79	     54.97	     48.75	26.18	 1.421e-04	      2.32	0	Gaussian	321.752629	36.745398
44	1	  0.001500	  0.013114	     -1.00	    320.19	    761.47	      2.97	      2.62	     52.00	     45.84	13.40	 1.748e-04	      2.34	0	Gaussian	320.059822	36.804902
45	1	  0.001515	  0.012637	     -1.00	     18.67	    291.25	      3.07	      2.62	     53.73	     45.80	17.17	 1.534e-04	      2.35	0	Gaussian	322.355809	38.651536
46	1	  0.001499	  0.013064	     -1.00	    310.79	    329.46	      3.02	      2.57	     52.84	     44.91	13.04	 1.800e-04	      2.35	0	Gaussian	320.638399	38.759969
47	1	  0.001515	  0.012440	     -1.00	    664.51	    690.84	      3.02	      2.66	     52.86	     46.56	4.98	 1.365e-04	      2.37	0	Gaussian	318.188603	37.412315
48	1	  0.001481	  0.012181	     -1.00	    581.73	    446.21	      2.97	      2.61	     52.03	     45.71	13.61	 1.298e-04	      2.42	0	Gaussian	318.935202	38.465945
49	1	  0.001625	  0.012878	     -1.00	    752.67	    285.37	      2.98	      2.46	     52.23	     43.09	12.02	 3.316e-04	      2.43	0	Gaussian	318.115868	39.346139
50	1	  0.001506	  0.011455	     -1.00	    741.03	    546.31	      2.99	      2.67	     52.27	     46.66	11.90	 1.709e-04	      2.46	0	Gaussian	317.901960	38.136047
51	1	  0.001509	  0.011204	     -1.00	    352.93	    384.22	      3.07	      2.63	     53.70	     45.99	10.14	 1.463e-04	      2.47	0	Gaussian	320.328271	38.549241
52	1	  0.001475	  0.010931	     -1.00	    673.55	    509.13	      3.05	      2.69	     53.37	     47.17	13.34	 1.176e-04	      2.48	0	Gaussian	318.333163	38.253027
53	1	  0.001501	  0.010603	     -1.00	    591.55	    108.64	      3.09	      2.70	     54.11	     47.25	20.92	 1.799e-04	      2.50	0	Gaussian	319.269922	40.022490
54	1	  0.001496	  0.011109	     -1.00	    452.59	     29.01	      2.90	      2.69	     50.76	     47.03	50.07	 1.384e-04	      2.51	0	Gaussian	320.188603	40.261764
55	1	  0.001480	  0.010826	     -1.00	    396.99	    325.75	      3.04	      2.60	     53.18	     45.53	10.67	 1.223e-04	      2.53	0	Gaussian	320.146086	38.855636
56	1	  0.001490	  0.008677	     -1.00	    777.36	    534.95	      3.18	      3.09	     55.62	     54.11	-89.39	 2.625e-04	      2.54	0	Gaussian	317.703102	38.216697
57	1	  0.001515	  0.011208	     -1.00	    793.07	    415.62	      2.85	      2.65	     49.85	     46.31	16.09	 1.551e-04	      2.55	0	Gaussian	317.737552	38.778480
58	1	  0.001502	  0.010883	     -1.00	    518.29	    240.45	      3.00	      2.58	     52.44	     45.15	12.57	 1.260e-04	      2.55	0	Gaussian	319.544046	39.353776
59	1	  0.001508	  0.009856	     -1.00	    221.95	    160.60	      3.09	      2.64	     54.01	     46.18	13.58	 1.285e-04	      2.60	0	Gaussian	321.367149	39.443358
60	1	  0.001475	  0.009790	     -1.00	    516.70	    348.62	      3.05	      2.68	     53.43	     46.85	16.21	 1.191e-04	      2.61	0	Gaussian	319.425152	38.857248
61	1	  0.001486	  0.009980	     -1.00	    276.82	     97.19	      3.06	      2.61	     53.50	     45.64	18.38	 1.227e-04	      2.61	0	Gaussian	321.131888	39.784574
62	1	  0.001463	  0.003678	     -1.00	    769.61	    506.72	      6.42	      3.31	    112.45	     58.00	-15.38	 1.770e-04	      2.62	0	Gaussian	317.777948	38.340572
63	1	  0.001493	  0.007575	     -1.00	    168.38	    299.23	      3.45	      2.98	     60.33	     52.18	-4.88	 1.502e-04	      2.64	0	Gaussian	321.493401	38.762697
64	1	  0.001545	  0.010236	     -1.00	    483.32	    324.55	      2.97	      2.55	     52.07	     44.68	11.50	 2.892e-04	      2.64	0	Gaussian	319.647480	38.938134
65	1	  0.001510	  0.009397	     -1.00	     54.70	    751.81	      3.06	      2.69	     53.57	     47.17	24.94	 1.255e-04	      2.64	0	Gaussian	321.549400	36.610199
66	1	  0.001620	  0.009606	     -1.00	    187.08	    534.82	      2.97	      2.69	     52.05	     47.15	20.06	 3.305e-04	      2.65	0	Gaussian	321.084745	37.713079
67	1	  0.001481	  0.009229	     -1.00	    518.72	    667.36	      3.04	      2.68	     53.21	     46.97	4.84	 1.188e-04	      2.67	0	Gaussian	319.046835	37.401687
68	1	  0.001456	  0.009820	     -1.00	    681.12	    392.63	      2.95	      2.59	     51.68	     45.38	14.06	 9.775e-05	      2.67	0	Gaussian	318.417425	38.794288
69	1	  0.001548	  0.008752	     -1.00	    374.92	    305.69	      3.06	      2.78	     53.58	     48.64	8.98	 2.778e-04	      2.68	0	Gaussian	320.298236	38.927109
70	1	  0.001508	  0.009862	     -1.00	    637.02	    181.51	      2.94	      2.51	     51.53	     43.94	13.86	 1.197e-04	      2.71	0	Gaussian	318.915639	39.727374
71	1	  0.001591	  0.008898	     -1.00	    672.02	    442.72	      2.98	      2.73	     52.21	     47.73	15.38	 2.311e-04	      2.71	0	Gaussian	318.415066	38.556754
72	1	  0.001579	  0.009196	     -1.00	    262.15	    547.56	      2.99	      2.63	     52.33	     46.08	12.05	 4.420e-04	      2.71	0	Gaussian	320.644720	37.724204
73	1	  0.001488	  0.009804	     -1.00	    708.28	    139.67	      2.91	      2.54	     50.92	     44.45	18.45	 1.339e-04	      2.71	0	Gaussian	318.541537	39.980296
74	1	  0.001515	  0.009003	     -1.00	    477.68	    274.63	      3.03	      2.60	     53.05	     45.44	13.28	 1.175e-04	      2.74	0	Gaussian	319.740035	39.161449
75	1	  0.001514	  0.008829	     -1.00	    272.24	    422.55	      3.07	      2.61	     53.70	     45.65	10.27	 1.316e-04	      2.74	0	Gaussian	320.742647	38.301106
76	1	  0.001560	  0.008784	     -1.00	    688.42	    689.71	      2.97	      2.70	     51.99	     47.30	8.77	 2.620e-04	      2.74	0	Gaussian	318.052872	37.436329
77	1	  0.001550	  0.008435	     -1.00	    434.97	    345.18	      3.05	      2.72	     53.45	     47.55	15.07	 1.758e-04	      2.75	0	Gaussian	319.902925	38.801036
78	1	  0.001506	  0.009362	     -1.00	    502.83	     35.45	      2.96	      2.52	     51.81	     44.18	17.70	 1.206e-04	      2.75	0	Gaussian	319.883594	40.278490
79	1	  0.001493	  0.008971	     -1.00	    566.98	     13.16	      3.00	      2.61	     52.44	     45.66	20.36	 9.319e-05	      2.75	0	Gaussian	319.530205	40.438681
80	1	  0.001507	  0.008829	     -1.00	    760.97	     45.86	      2.85	      2.76	     49.84	     48.27	23.72	 1.204e-04	      2.76	0	Gaussian	318.333452	40.456665
81	1	  0.001467	  0.006990	     -1.00	    393.94	    482.01	      3.35	      2.98	     58.56	     52.14	-11.56	 8.785e-05	      2.76	0	Gaussian	319.974446	38.140410
82	1	  0.001519	  0.009713	     -1.00	    738.57	    208.46	      2.89	      2.47	     50.57	     43.32	13.76	 1.416e-04	      2.77	0	Gaussian	318.284315	39.688803
83	1	  0.001503	  0.008460	     -1.00	    367.58	    629.78	      3.04	      2.67	     53.22	     46.80	12.86	 2.038e-04	      2.77	0	Gaussian	319.948475	37.444417
84	1	  0.001523	  0.008530	     -1.00	    391.07	    783.95	      2.83	      2.82	     49.46	     49.44	-3.64	 1.789e-04	      2.78	0	Gaussian	319.635958	36.763483
85	1	  0.001483	  0.008298	     -1.00	    660.70	    240.07	      3.08	      2.69	     53.94	     47.15	13.58	 1.336e-04	      2.78	0	Gaussian	318.708692	39.478403
86	1	  0.001457	  0.008407	     -1.00	    673.55	    768.66	      3.02	      2.69	     52.88	     47.03	2.93	 1.010e-04	      2.78	0	Gaussian	318.054278	37.062900
87	1	  0.001500	  0.008574	     -1.00	    644.66	    392.36	      3.03	      2.59	     52.99	     45.40	9.14	 1.351e-04	      2.79	0	Gaussian	318.630420	38.765444
88	1	  0.001600	  0.008133	     -1.00	    267.72	    233.08	      3.07	      2.67	     53.81	     46.79	13.05	 3.399e-04	      2.80	0	Gaussian	321.008745	39.157949
89	1	  0.001484	  0.007636	     -1.00	    373.70	    675.32	      3.11	      2.71	     54.51	     47.36	11.02	 1.285e-04	      2.84	0	Gaussian	319.860163	37.242567
90	1	  0.001525	  0.004442	     -1.00	    502.61	    335.70	      4.49	      3.21	     78.54	     56.26	-14.23	 2.971e-04	      2.85	0	Gaussian	319.522258	38.904074
91	1	  0.001482	  0.007054	     -1.00	    190.19	    395.80	      3.28	      2.73	     57.41	     47.81	14.02	 1.096e-04	      2.85	0	Gaussian	321.243953	38.345872
92	1	  0.001474	  0.007958	     -1.00	    665.62	    195.87	      3.03	      2.66	     53.12	     46.59	12.54	 9.620e-05	      2.85	0	Gaussian	318.730166	39.685723
93	1	  0.001500	  0.007437	     -1.00	    153.21	    167.91	      3.14	      2.71	     54.99	     47.38	21.69	 1.073e-04	      2.85	0	Gaussian	321.753892	39.342933
94	1	  0.001534	  0.007527	     -1.00	    423.67	    483.07	      3.07	      2.74	     53.65	     47.97	16.92	 1.191e-04	      2.86	0	Gaussian	319.802956	38.161777
95	1	  0.001552	  0.006750	     -1.00	    628.38	    659.12	      3.07	      2.91	     53.80	     51.01	50.89	 3.601e-04	      2.91	0	Gaussian	318.429771	37.528861
96	1	  0.001470	  0.007425	     -1.00	    721.25	    293.71	      3.01	      2.68	     52.61	     46.99	19.24	 1.379e-04	      2.92	0	Gaussian	318.291796	39.282087
97	1	  0.001492	  0.007599	     -1.00	    144.48	    733.45	      3.03	      2.59	     53.03	     45.33	11.82	 1.096e-04	      2.94	0	Gaussian	321.074717	36.775596
98	1	  0.001489	  0.007248	     -1.00	    548.90	    569.75	      2.98	      2.75	     52.21	     48.05	21.42	 8.844e-05	      2.94	0	Gaussian	318.984415	37.872917
99	1	  0.001484	  0.006303	     -1.00	    249.75	    351.88	      3.28	      2.75	     57.36	     48.10	18.63	 1.032e-04	      2.98	0	Gaussian	320.960268	38.601216
100	1	  0.001510	  0.006900	     -1.00	    658.30	    453.28	      3.03	      2.68	     53.06	     46.94	8.14	 1.172e-04	      2.99	0	Gaussian	318.483128	38.497019
101	1	  0.001480	  0.007361	     -1.00	    575.99	    474.39	      2.99	      2.48	     52.26	     43.41	2.56	 1.127e-04	      3.01	0	Gaussian	318.936402	38.332042
102	1	  0.001503	  0.006072	     -1.00	     39.10	    780.15	      3.17	      2.81	     55.49	     49.24	12.19	 1.269e-04	      3.02	0	Gaussian	321.599554	36.468190
103	1	  0.001443	  0.006828	     -1.00	    754.96	    324.55	      2.99	      2.64	     52.40	     46.18	15.01	 7.584e-05	      3.03	0	Gaussian	318.059494	39.167576
104	1	  0.001482	  0.006335	     -1.00	    477.32	    517.18	      3.12	      2.72	     54.62	     47.54	7.37	 7.679e-05	      3.04	0	Gaussian	319.455299	38.052613
105	1	  0.001517	  0.006629	     -1.00	    159.63	      7.55	      3.10	      2.60	     54.23	     45.52	15.79	 9.890e-05	      3.05	0	Gaussian	321.933121	40.075981
106	1	  0.001489	  0.006445	     -1.00	    168.91	    215.44	      3.16	      2.62	     55.28	     45.83	13.13	 9.063e-05	      3.05	0	Gaussian	321.600475	39.142966
107	1	  0.001482	  0.005930	     -1.00	    660.94	    466.07	      3.12	      2.82	     54.57	     49.30	17.95	 7.225e-05	      3.06	0	Gaussian	318.453639	38.440502
108	1	  0.001494	  0.006498	     -1.00	    697.77	    221.98	      2.87	      2.83	     50.21	     49.49	-24.82	 1.160e-04	      3.06	0	Gaussian	318.510499	39.592719
109	1	  0.001484	  0.006491	     -1.00	    437.42	    237.47	      3.08	      2.62	     53.94	     45.93	10.34	 8.537e-05	      3.06	0	Gaussian	320.019495	39.295203
110	1	  0.001532	  0.006440	     -1.00	    672.01	    531.83	      3.03	      2.69	     53.03	     47.04	2.51	 1.430e-04	      3.07	0	Gaussian	318.317286	38.147597
111	1	  0.001525	  0.006535	     -1.00	    116.07	    128.13	      2.95	      2.69	     51.66	     47.16	15.50	 1.852e-04	      3.07	0	Gaussian	322.021164	39.486145
112	1	  0.001571	  0.006917	     -1.00	    729.25	    332.62	      2.95	      2.57	     51.62	     44.95	7.35	 3.682e-04	      3.07	0	Gaussian	318.201792	39.109577
113	1	  0.001454	  0.002325	     -1.00	    443.45	    561.87	      6.43	      3.50	    112.55	     61.29	-36.47	 8.925e-05	      3.07	0	Gaussian	319.596979	37.819526
114	1	  0.001511	  0.006148	     -1.00	    646.81	    653.90	      3.09	      2.70	     54.07	     47.24	10.61	 1.299e-04	      3.07	0	Gaussian	318.329829	37.567557
115	1	  0.001523	  0.006019	     -1.00	    548.78	     51.05	      2.93	      2.92	     51.33	     51.11	-59.70	 1.452e-04	      3.09	0	Gaussian	319.592351	40.248597
116	1	  0.001494	  0.006147	     -1.00	    230.26	     86.19	      3.12	      2.64	     54.66	     46.24	13.85	 8.203e-05	      3.09	0	Gaussian	321.417115	39.789330
117	1	  0.001487	  0.005865	     -1.00	    191.94	    687.51	      3.13	      2.75	     54.79	     48.20	9.64	 8.506e-05	      3.10	0	Gaussian	320.867001	37.026330
118	1	  0.001487	  0.005825	     -1.00	    525.69	    483.97	      3.14	      2.80	     54.87	     48.94	-14.74	 1.061e-04	      3.11	0	Gaussian	319.215719	38.245733
119	1	  0.001516	  0.005962	     -1.00	    540.17	    587.55	      3.15	      2.68	     55.12	     46.84	2.46	 1.218e-04	      3.11	0	Gaussian	319.014325	37.784204
120	1	  0.001443	  0.006365	     -1.00	    661.92	    115.55	      2.97	      2.60	     52.04	     45.57	18.94	 6.390e-05	      3.13	0	Gaussian	318.844559	40.051814
121	1	  0.001624	  0.006335	     -1.00	    111.13	    791.31	      2.98	      2.54	     52.12	     44.53	15.77	 2.307e-04	      3.16	0	Gaussian	321.187803	36.484151
122	1	  0.001528	  0.005638	     -1.00	    133.93	    626.19	      3.06	      2.70	     53.49	     47.18	16.98	 2.878e-04	      3.20	0	Gaussian	321.267939	37.250396
123	1	  0.001458	  0.005904	     -1.00	    724.95	    101.36	      3.01	      2.61	     52.66	     45.71	18.65	 5.937e-05	      3.20	0	Gaussian	318.485867	40.170706
124	1	  0.001502	  0.005693	     -1.00	    637.98	     21.44	      3.05	      2.63	     53.41	     46.09	25.80	 8.809e-05	      3.21	0	Gaussian	319.097324	40.463601
125	1	  0.001477	  0.005402	     -1.00	    192.90	    408.34	      3.14	      2.67	     54.96	     46.73	11.20	 7.961e-05	      3.22	0	Gaussian	321.212487	38.291577
126	1	  0.001655	  0.005952	     -1.00	    608.27	     44.61	      3.01	      2.51	     52.73	     43.87	21.98	 5.560e-04	      3.23	0	Gaussian	319.246820	40.331108
127	1	  0.001430	  0.004221	     -1.00	    671.02	    318.01	      3.25	      3.25	     56.88	     56.81	48.60	 7.275e-05	      3.23	0	Gaussian	318.559807	39.128887
128	1	  0.001567	  0.005496	     -1.00	    162.35	    517.69	      3.09	      2.64	     54.05	     46.21	15.76	 2.169e-04	      3.24	0	Gaussian	321.245893	37.767577
129	1	  0.001458	  0.005109	     -1.00	     82.40	    321.62	      3.20	      2.72	     56.03	     47.68	18.56	 8.153e-05	      3.24	0	Gaussian	321.953521	38.577672
130	1	  0.001464	  0.004745	     -1.00	    500.83	    483.18	      3.17	      2.87	     55.51	     50.15	11.34	 7.672e-05	      3.28	0	Gaussian	319.359699	38.228098
131	1	  0.001543	  0.004123	     -1.00	    643.05	    339.64	      3.40	      3.06	     59.44	     53.63	69.12	 2.779e-04	      3.29	0	Gaussian	318.699228	39.006179
132	1	  0.001480	  0.004849	     -1.00	    199.01	    344.93	      3.19	      2.74	     55.86	     47.98	16.48	 7.913e-05	      3.29	0	Gaussian	321.259140	38.584871
133	1	  0.001441	  0.004687	     -1.00	    143.20	    284.21	      3.20	      2.81	     56.00	     49.27	19.28	 5.406e-05	      3.30	0	Gaussian	321.656908	38.806342
134	1	  0.001549	  0.002382	     -1.00	    762.34	    662.18	      5.54	      3.13	     96.93	     54.75	13.79	 2.064e-04	      3.31	0	Gaussian	317.656974	37.620060
135	1	  0.001489	  0.004782	     -1.00	    289.12	    207.39	      3.20	      2.69	     55.99	     47.11	13.89	 7.745e-05	      3.33	0	Gaussian	320.918027	39.295054
136	1	  0.001526	  0.005140	     -1.00	    203.37	    194.50	      3.09	      2.56	     54.07	     44.78	8.97	 1.203e-04	      3.34	0	Gaussian	321.429861	39.271443
137	1	  0.001447	  0.004035	     -1.00	    668.36	    552.72	      3.15	      3.15	     55.18	     55.16	66.76	 6.301e-05	      3.35	0	Gaussian	318.315642	38.048780
138	1	  0.001539	  0.005211	     -1.00	    357.60	    396.34	      3.05	      2.58	     53.40	     45.19	12.51	 2.035e-04	      3.35	0	Gaussian	320.286579	38.498301
139	1	  0.001497	  0.005281	     -1.00	    336.01	    174.37	      3.05	      2.49	     53.38	     43.59	6.52	 8.762e-05	      3.35	0	Gaussian	320.688204	39.489626
140	1	  0.001517	  0.003947	     -1.00	    347.21	    643.55	      3.54	      2.93	     62.01	     51.36	38.14	 1.903e-04	      3.35	0	Gaussian	320.047396	37.364011
141	1	  0.001480	  0.004652	     -1.00	    268.13	    785.14	      3.13	      2.72	     54.86	     47.60	9.46	 8.860e-05	      3.36	0	Gaussian	320.322929	36.652242
142	1	  0.001449	  0.004740	     -1.00	    725.36	    406.59	      3.14	      2.67	     55.02	     46.82	9.85	 6.559e-05	      3.36	0	Gaussian	318.143620	38.766084
143	1	  0.001668	  0.004691	     -1.00	    616.72	     49.11	      3.06	      2.72	     53.59	     47.61	53.83	 6.500e-04	      3.37	0	Gaussian	319.191209	40.317843
144	1	  0.001484	  0.004351	     -1.00	    618.92	    485.08	      3.13	      2.90	     54.70	     50.77	34.58	 7.171e-05	      3.37	0	Gaussian	318.676129	38.318727
145	1	  0.001458	  0.004427	     -1.00	     31.38	     31.28	      3.24	      2.73	     56.74	     47.84	19.03	 5.723e-05	      3.38	0	Gaussian	322.642265	39.837548
146	1	  0.001487	  0.004970	     -1.00	    142.97	    399.34	      3.11	      2.54	     54.39	     44.47	3.59	 8.956e-05	      3.38	0	Gaussian	321.507584	38.284898
147	1	  0.001477	  0.004681	     -1.00	    774.54	    706.11	      3.06	      2.78	     53.63	     48.64	0.57	 8.680e-05	      3.39	0	Gaussian	317.541352	37.427531
148	1	  0.001519	  0.004790	     -1.00	    622.10	    274.11	      2.93	      2.78	     51.28	     48.69	26.19	 2.542e-04	      3.39	0	Gaussian	318.896590	39.289373
149	1	  0.001543	  0.004458	     -1.00	    574.10	    407.65	      3.35	      2.64	     58.72	     46.24	-2.88	 1.743e-04	      3.39	0	Gaussian	319.023470	38.636160
150	1	  0.001471	  0.004272	     -1.00	     10.31	    628.14	      3.21	      2.82	     56.17	     49.38	20.49	 7.045e-05	      3.40	0	Gaussian	321.954313	37.125166
151	1	  0.001458	  0.004307	     -1.00	    462.29	    335.04	      3.17	      2.82	     55.55	     49.36	10.75	 6.059e-05	      3.40	0	Gaussian	319.756967	38.871610
152	1	  0.001484	  0.003895	     -1.00	    618.72	    347.84	      3.38	      2.91	     59.24	     50.96	-1.05	 7.727e-05	      3.40	0	Gaussian	318.832073	38.948133
153	1	  0.001461	  0.004159	     -1.00	    246.64	    403.40	      3.42	      2.69	     59.94	     47.14	11.00	 6.005e-05	      3.41	0	Gaussian	320.912734	38.364363
154	1	  0.001467	  0.004709	     -1.00	    478.43	    780.35	      3.10	      2.68	     54.29	     46.87	-0.52	 7.632e-05	      3.41	0	Gaussian	319.148201	36.852901
155	1	  0.001507	  0.004656	     -1.00	    658.38	    662.16	      3.13	      2.68	     54.78	     46.95	5.48	 1.418e-04	      3.41	0	Gaussian	318.254539	37.538932
156	1	  0.001513	  0.004533	     -1.00	    365.77	     68.36	      3.24	      2.59	     56.64	     45.41	17.81	 9.813e-05	      3.41	0	Gaussian	320.649554	40.000813
157	1	  0.001446	  0.003950	     -1.00	    163.78	    768.06	      3.39	      2.83	     59.29	     49.59	7.52	 5.913e-05	      3.42	0	Gaussian	320.924636	36.636755
158	1	  0.001511	  0.003249	     -1.00	    426.52	    318.75	      4.29	      2.69	     75.04	     47.12	9.06	 9.821e-05	      3.42	0	Gaussian	319.983775	38.914163
159	1	  0.001476	  0.004191	     -1.00	    170.94	    394.06	      3.18	      2.81	     55.61	     49.12	24.82	 1.151e-04	      3.42	0	Gaussian	321.355655	38.335495
160	1	  0.001464	  0.004232	     -1.00	    170.00	    335.94	      3.20	      2.78	     56.07	     48.61	18.05	 6.029e-05	      3.42	0	Gaussian	321.436236	38.597894
161	1	  0.001473	  0.004369	     -1.00	    793.94	    341.95	      3.08	      2.79	     53.95	     48.76	9.49	 8.145e-05	      3.43	0	Gaussian	317.811170	39.118629
162	1	  0.001516	  0.004750	     -1.00	    293.00	    431.53	      3.17	      2.49	     55.50	     43.56	3.67	 1.283e-04	      3.43	0	Gaussian	320.613027	38.279378
163	1	  0.001459	  0.004024	     -1.00	    475.51	    652.76	      3.29	      2.82	     57.53	     49.28	-6.75	 6.502e-05	      3.44	0	Gaussian	319.309284	37.432195
164	1	  0.001505	  0.004421	     -1.00	    752.56	    559.06	      3.13	      2.73	     54.81	     47.86	0.96	 1.050e-04	      3.44	0	Gaussian	317.821608	38.086450
165	1	  0.001453	  0.004404	     -1.00	     95.56	    554.79	      3.14	      2.69	     55.01	     47.06	9.84	 5.653e-05	      3.44	0	Gaussian	321.573818	37.536954
166	1	  0.001509	  0.003868	     -1.00	    297.77	    577.37	      3.39	      2.83	     59.36	     49.51	3.53	 1.216e-04	      3.44	0	Gaussian	320.406653	37.620971
167	1	  0.001459	  0.002955	     -1.00	    488.75	    572.06	      3.57	      3.51	     62.53	     61.46	11.32	 6.999e-05	      3.45	0	Gaussian	319.326292	37.811724
168	1	  0.001506	  0.004634	     -1.00	    615.55	    510.54	      3.12	      2.61	     54.55	     45.62	4.90	 9.189e-05	      3.45	0	Gaussian	318.667171	38.199267
169	1	  0.001529	  0.002968	     -1.00	    575.35	    577.50	      4.42	      2.76	     77.40	     48.24	-21.75	 1.543e-04	      3.46	0	Gaussian	318.823916	37.859384
170	1	  0.001621	  0.004084	     -1.00	    537.13	    715.16	      3.39	      2.62	     59.32	     45.84	-20.95	 8.526e-04	      3.46	0	Gaussian	318.888648	37.198591
171	1	  0.001483	  0.004498	     -1.00	    221.95	    338.59	      3.13	      2.57	     54.72	     45.02	6.12	 9.385e-05	      3.46	0	Gaussian	321.136222	38.635359
172	1	  0.001464	  0.004257	     -1.00	    202.55	     88.67	      3.15	      2.70	     55.11	     47.19	17.65	 6.244e-05	      3.47	0	Gaussian	321.574643	39.750885
173	1	  0.001511	  0.004528	     -1.00	    471.59	    206.39	      3.09	      2.61	     54.13	     45.61	11.97	 8.546e-05	      3.48	0	Gaussian	319.858083	39.468027
174	1	  0.001461	  0.003331	     -1.00	    280.25	    632.59	      3.52	      3.03	     61.63	     53.10	29.90	 6.471e-05	      3.49	0	Gaussian	320.438521	37.354600
175	1	  0.001427	  0.004309	     -1.00	    643.83	    259.14	      3.07	      2.67	     53.76	     46.81	15.15	 4.839e-05	      3.49	0	Gaussian	318.786207	39.376559
176	1	  0.001459	  0.004203	     -1.00	    673.56	     69.95	      3.13	      2.66	     54.78	     46.57	4.58	 5.828e-05	      3.50	0	Gaussian	318.828260	40.271532
177	1	  0.001479	  0.004596	     -1.00	    762.47	    235.28	      2.96	      2.59	     51.87	     45.34	14.23	 6.901e-05	      3.51	0	Gaussian	318.112987	39.584906
178	1	  0.001486	  0.004083	     -1.00	    521.26	    275.27	      3.13	      2.71	     54.87	     47.47	11.19	 1.009e-04	      3.51	0	Gaussian	319.485240	39.196987
179	1	  0.001489	  0.003902	     -1.00	    344.87	    697.04	      3.36	      2.70	     58.81	     47.24	-1.98	 8.150e-05	      3.52	0	Gaussian	319.997222	37.118845
180	1	  0.001578	  0.004447	     -1.00	    607.43	    123.93	      3.00	      2.57	     52.42	     44.91	21.89	 3.630e-04	      3.52	0	Gaussian	319.157807	39.966213
181	1	  0.001509	  0.004214	     -1.00	    308.34	    304.75	      3.08	      2.61	     53.83	     45.70	9.27	 1.811e-04	      3.54	0	Gaussian	320.683481	38.870124
182	1	  0.001477	  0.001484	     -1.00	    344.75	    697.53	      3.93	      2.83	     68.75	     49.58	-86.21	 1.999e-04	      3.54	0	Gaussian	319.997338	37.116535
183	1	  0.001470	  0.003667	     -1.00	    218.14	    294.48	      3.28	      2.80	     57.39	     49.02	6.58	 7.584e-05	      3.55	0	Gaussian	321.214754	38.831924
184	1	  0.001561	  0.004054	     -1.00	    569.90	    339.80	      3.01	      2.80	     52.64	     48.95	21.43	 3.851e-04	      3.55	0	Gaussian	319.126047	38.943550
185	1	  0.001492	  0.004022	     -1.00	    482.23	    551.31	      3.12	      2.66	     54.58	     46.51	3.81	 8.521e-05	      3.56	0	Gaussian	319.387571	37.900948
186	1	  0.001460	  0.003553	     -1.00	    296.13	    602.37	      3.24	      2.89	     56.66	     50.62	18.08	 6.283e-05	      3.56	0	Gaussian	320.385545	37.505972
187	1	  0.001529	  0.004411	     -1.00	    766.23	    439.27	      2.95	      2.61	     51.60	     45.63	8.31	 1.793e-04	      3.56	0	Gaussian	317.869421	38.648388
188	1	  0.001579	  0.004340	     -1.00	    277.27	    237.77	      2.99	      2.62	     52.31	     45.84	11.90	 5.811e-04	      3.56	0	Gaussian	320.947577	39.145697
189	1	  0.001451	  0.001226	     -1.00	    645.79	    572.99	      7.94	      3.40	    138.91	     59.60	-50.38	 7.625e-05	      3.56	0	Gaussian	318.423711	37.937596
190	1	  0.001471	  0.004184	     -1.00	    621.06	     75.51	      3.04	      2.60	     53.15	     45.43	13.74	 5.009e-05	      3.57	0	Gaussian	319.134151	40.200403
191	1	  0.001453	  0.003610	     -1.00	     12.88	    587.17	      3.20	      2.81	     55.93	     49.20	13.75	 5.126e-05	      3.59	0	Gaussian	321.993533	37.312083
192	1	  0.001476	  0.003879	     -1.00	    149.75	    361.47	      3.13	      2.61	     54.81	     45.62	7.36	 7.329e-05	      3.61	0	Gaussian	321.518320	38.462810
193	1	  0.001439	  0.003484	     -1.00	    130.62	    344.83	      3.23	      2.81	     56.60	     49.16	9.05	 4.800e-05	      3.61	0	Gaussian	321.648890	38.519685
194	1	  0.001478	  0.003619	     -1.00	    166.83	    629.20	      3.18	      2.75	     55.60	     48.14	8.45	 5.305e-05	      3.61	0	Gaussian	321.079972	37.267198
195	1	  0.001497	  0.003852	     -1.00	    525.76	    127.14	      3.15	      2.67	     55.12	     46.70	15.03	 7.236e-05	      3.62	0	Gaussian	319.636245	39.879339
196	1	  0.001476	  0.003296	     -1.00	    567.49	     81.87	      3.45	      2.85	     60.30	     49.92	12.40	 6.646e-05	      3.62	0	Gaussian	319.444287	40.124030
197	1	  0.001478	  0.003862	     -1.00	    566.44	    518.16	      3.12	      2.67	     54.69	     46.65	1.23	 7.529e-05	      3.62	0	Gaussian	318.941949	38.123606
198	1	  0.001468	  0.003799	     -1.00	    782.74	    472.65	      3.07	      2.73	     53.75	     47.73	8.44	 8.034e-05	      3.63	0	Gaussian	317.737450	38.507683
199	1	  0.001553	  0.003633	     -1.00	    476.97	    131.58	      3.29	      2.61	     57.53	     45.64	11.19	 1.270e-04	      3.63	0	Gaussian	319.917866	39.815078
200	1	  0.001566	  0.003022	     -1.00	    532.41	    424.63	      3.65	      2.79	     63.83	     48.77	13.28	 2.707e-04	      3.64	0	Gaussian	319.245444	38.522939
201	1	  0.001449	  0.004064	     -1.00	    712.35	     53.56	      3.03	      2.57	     53.06	     44.93	12.87	 4.524e-05	      3.64	0	Gaussian	318.615718	40.380122
202	1	  0.001506	  0.003745	     -1.00	    552.78	    490.55	      3.13	      2.64	     54.75	     46.24	0.59	 9.701e-05	      3.64	0	Gaussian	319.052021	38.238532
203	1	  0.001491	  0.003559	     -1.00	    498.18	    348.44	      3.19	      2.71	     55.82	     47.46	13.61	 8.514e-05	      3.64	0	Gaussian	319.532894	38.841953
204	1	  0.001532	  0.004082	     -1.00	    699.79	    363.25	      2.98	      2.58	     52.10	     45.21	7.00	 2.712e-04	      3.65	0	Gaussian	318.340796	38.944628
205	1	  0.001574	  0.004059	     -1.00	    590.52	    656.37	      2.98	      2.57	     52.23	     44.99	-0.24	 3.283e-04	      3.65	0	Gaussian	318.649387	37.510906
206	1	  0.001460	  0.003636	     -1.00	    742.09	    122.47	      3.14	      2.68	     54.87	     46.90	7.67	 4.772e-05	      3.65	0	Gaussian	318.359784	40.087825
207	1	  0.001484	  0.003908	     -1.00	    773.25	    388.51	      3.00	      2.64	     52.55	     46.16	1.31	 1.031e-04	      3.66	0	Gaussian	317.882757	38.887652
208	1	  0.001458	  0.003435	     -1.00	    438.74	    732.58	      3.16	      2.77	     55.31	     48.43	-0.80	 6.041e-05	      3.67	0	Gaussian	319.426402	37.037458
209	1	  0.001527	  0.003664	     -1.00	    414.92	    693.57	      3.07	      2.60	     53.81	     45.55	-2.64	 1.406e-04	      3.68	0	Gaussian	319.605883	37.194898
210	1	  0.001513	  0.003845	     -1.00	    450.22	     99.39	      3.05	      2.61	     53.31	     45.64	20.81	 1.125e-04	      3.68	0	Gaussian	320.114756	39.937876
211	1	  0.001971	  0.004619	     -1.00	    545.79	    694.66	      2.67	      2.42	     46.67	     42.34	7.86	 1.918e-03	      3.68	0	Gaussian	318.862167	37.299326
212	1	  0.001468	  0.003390	     -1.00	    264.90	    586.49	      3.23	      2.71	     56.48	     47.44	6.84	 8.876e-05	      3.68	0	Gaussian	320.581313	37.550011
213	1	  0.001433	  0.002631	     -1.00	    139.31	    440.53	      3.54	      3.18	     62.04	     55.63	-16.33	 4.170e-05	      3.68	0	Gaussian	321.474924	38.094973
214	1	  0.001516	  0.003596	     -1.00	     90.85	    763.66	      3.09	      2.73	     54.11	     47.86	16.83	 1.598e-04	      3.69	0	Gaussian	321.334512	36.590212
215	1	  0.001445	  0.002199	     -1.00	     92.65	     25.89	      3.70	      3.57	     64.70	     62.44	29.00	 6.117e-05	      3.69	0	Gaussian	322.296256	39.924988
216	1	  0.001499	  0.003811	     -1.00	    654.82	     20.51	      3.02	      2.60	     52.92	     45.56	16.85	 5.426e-05	      3.70	0	Gaussian	318.997889	40.482597
217	1	  0.001463	  0.002563	     -1.00	    523.32	    525.65	      4.15	      2.76	     72.56	     48.39	4.11	 7.648e-05	      3.71	0	Gaussian	319.181443	38.053078
218	1	  0.001469	  0.003210	     -1.00	    239.46	    142.15	      3.24	      2.79	     56.78	     48.77	11.56	 5.744e-05	      3.71	0	Gaussian	321.290067	39.544121
219	1	  0.001493	  0.003602	     -1.00	    511.40	    511.00	      3.02	      2.64	     52.94	     46.29	45.08	 1.416e-04	      3.71	0	Gaussian	319.266758	38.109990
220	1	  0.001516	  0.003614	     -1.00	    670.80	    417.09	      3.01	      2.65	     52.76	     46.40	4.92	 1.638e-04	      3.71	0	Gaussian	318.450504	38.673480
221	1	  0.001458	  0.003289	     -1.00	    147.80	    254.41	      3.21	      2.74	     56.24	     47.91	9.77	 5.888e-05	      3.71	0	Gaussian	321.669993	38.945747
222	1	  0.001457	  0.002424	     -1.00	    428.08	    262.31	      4.22	      2.81	     73.93	     49.24	-9.77	 4.633e-05	      3.72	0	Gaussian	320.043485	39.173282
223	1	  0.001775	  0.004272	     -1.00	    255.23	    556.57	      2.83	      2.40	     49.52	     42.09	3.95	 9.653e-04	      3.72	0	Gaussian	320.672742	37.677030
224	1	  0.001543	  0.003636	     -1.00	    374.83	     92.78	      2.91	      2.70	     50.93	     47.29	28.02	 1.664e-04	      3.72	0	Gaussian	320.565402	39.898011
225	1	  0.001461	  0.003407	     -1.00	    461.59	    191.31	      3.17	      2.67	     55.52	     46.73	8.53	 5.312e-05	      3.74	0	Gaussian	319.934928	39.527979
226	1	  0.001925	  0.003872	     -1.00	    121.87	    790.80	      2.99	      2.43	     52.39	     42.46	-7.92	 6.245e-04	      3.74	0	Gaussian	321.128982	36.496191
227	1	  0.001449	  0.002430	     -1.00	    618.86	    782.84	      3.99	      2.89	     69.85	     50.56	2.20	 7.073e-05	      3.75	0	Gaussian	318.350334	36.955050
228	1	  0.001586	  0.003415	     -1.00	    778.85	    676.30	      3.06	      2.75	     53.64	     48.10	-19.67	 3.913e-04	      3.75	0	Gaussian	317.547278	37.567801
229	1	  0.001462	  0.003092	     -1.00	    354.29	    113.92	      3.16	      2.94	     55.24	     51.50	14.93	 4.878e-05	      3.75	0	Gaussian	320.658575	39.782293
230	1	  0.001501	  0.003215	     -1.00	    788.13	    383.31	      3.25	      2.66	     56.81	     46.52	10.95	 1.393e-04	      3.76	0	Gaussian	317.801011	38.923449
231	1	  0.001486	  0.002000	     -1.00	    175.56	     51.16	      4.82	      2.86	     84.41	     50.00	-13.75	 1.180e-04	      3.76	0	Gaussian	321.781513	39.894282
232	1	  0.001474	  0.003072	     -1.00	    184.43	    162.79	      3.27	      2.74	     57.16	     47.89	11.18	 5.846e-05	      3.77	0	Gaussian	321.580861	39.396824
233	1	  0.001471	  0.002851	     -1.00	    554.81	    756.14	      3.22	      2.98	     56.44	     52.14	1.90	 5.848e-05	      3.77	0	Gaussian	318.742956	37.025801
234	1	  0.001518	  0.003578	     -1.00	    743.21	    479.50	      3.00	      2.60	     52.47	     45.55	2.42	 1.501e-04	      3.77	0	Gaussian	317.960678	38.445010
235	1	  0.001492	  0.003099	     -1.00	    489.03	    292.77	      3.24	      2.74	     56.64	     47.94	5.04	 8.539e-05	      3.78	0	Gaussian	319.652222	39.088525
236	1	  0.001473	  0.003291	     -1.00	    423.35	    595.32	      3.20	      2.66	     56.03	     46.59	1.12	 7.507e-05	      3.78	0	Gaussian	319.672452	37.649685
237	1	  0.001471	  0.003264	     -1.00	    130.95	    515.26	      3.16	      2.61	     55.34	     45.64	3.07	 6.341e-05	      3.79	0	Gaussian	321.425891	37.749031
238	1	  0.001531	  0.003310	     -1.00	    711.38	    534.74	      3.04	      2.73	     53.25	     47.71	-4.02	 1.891e-04	      3.79	0	Gaussian	318.086235	38.165773
239	1	  0.001475	  0.003269	     -1.00	    385.21	     70.31	      3.12	      2.71	     54.62	     47.36	16.65	 5.513e-05	      3.79	0	Gaussian	320.533050	40.010274
240	1	  0.001434	  0.002698	     -1.00	    137.41	    193.77	      3.39	      2.92	     59.37	     51.07	13.44	 3.781e-05	      3.80	0	Gaussian	321.810167	39.210187
241	1	  0.001471	  0.002990	     -1.00	    275.53	    279.04	      3.22	      2.77	     56.43	     48.45	10.58	 1.162e-04	      3.80	0	Gaussian	320.904914	38.956413
242	1	  0.001524	  0.003434	     -1.00	    123.97	    625.55	      3.08	      2.50	     53.99	     43.83	1.39	 2.592e-04	      3.80	0	Gaussian	321.324412	37.244027
243	1	  0.001478	  0.002769	     -1.00	    274.25	    251.14	      3.39	      2.83	     59.35	     49.57	-5.42	 6.220e-05	      3.80	0	Gaussian	320.947896	39.082038
244	1	  0.001439	  0.001339	     -1.00	    456.30	    701.59	      5.13	      3.81	     89.81	     66.71	20.43	 6.382e-05	      3.81	0	Gaussian	319.362500	37.193401
245	1	  0.001470	  0.002815	     -1.00	    701.46	    330.94	      3.32	      2.83	     58.12	     49.46	-25.17	 1.250e-04	      3.81	0	Gaussian	318.366848	39.094557
246	1	  0.001460	  0.002638	     -1.00	    239.58	    427.71	      3.38	      2.95	     59.10	     51.65	19.57	 7.774e-05	      3.81	0	Gaussian	320.922313	38.247410
247	1	  0.001512	  0.003056	     -1.00	    646.21	    791.69	      3.06	      2.87	     53.55	     50.19	-18.64	 1.496e-04	      3.82	0	Gaussian	318.185462	36.936113
248	1	  0.001478	  0.002781	     -1.00	    782.20	    782.06	      3.36	      2.79	     58.82	     48.90	-6.25	 6.648e-05	      3.82	0	Gaussian	317.419825	37.084489
249	1	  0.001457	  0.002973	     -1.00	    678.62	    105.08	      3.27	      2.70	     57.17	     47.30	13.79	 4.007e-05	      3.82	0	Gaussian	318.757443	40.114277
250	1	  0.001466	  0.002534	     -1.00	    447.50	    474.60	      3.56	      2.86	     62.32	     49.99	-1.51	 5.747e-05	      3.84	0	Gaussian	319.676310	38.221230
251	1	  0.001473	  0.002809	     -1.00	     30.78	    537.39	      3.51	      2.61	     61.44	     45.77	-2.03	 1.093e-04	      3.85	0	Gaussian	321.958922	37.553558
252	1	  0.001485	  0.002828	     -1.00	    298.03	    245.04	      3.43	      2.68	     59.95	     46.90	5.59	 9.601e-05	      3.85	0	Gaussian	320.818480	39.132162
253	1	  0.001437	  0.000830	     -1.00	    193.63	    314.25	      7.63	      3.88	    133.56	     67.90	39.21	 5.839e-05	      3.85	0	Gaussian	321.329523	38.718855
254	1	  0.001439	  0.002622	     -1.00	    554.78	    772.43	      3.37	      2.82	     58.96	     49.38	-8.55	 4.592e-05	      3.87	0	Gaussian	318.725226	36.951408
255	1	  0.001490	  0.002092	     -1.00	    575.32	    615.72	      3.80	      3.13	     66.57	     54.79	63.01	 1.257e-04	      3.87	0	Gaussian	318.781414	37.684474
256	1	  0.001504	  0.002963	     -1.00	    181.41	    711.55	      3.24	      2.64	     56.74	     46.13	-1.05	 9.413e-05	      3.89	0	Gaussian	320.896115	36.908084
257	1	  0.001494	  0.003140	     -1.00	    593.20	    477.39	      3.06	      2.60	     53.64	     45.51	1.07	 1.206e-04	      3.90	0	Gaussian	318.833521	38.332674
258	1	  0.001556	  0.002882	     -1.00	     20.13	    603.22	      3.11	      2.65	     54.45	     46.44	-3.13	 2.485e-04	      3.90	0	Gaussian	321.932237	37.246743
259	1	  0.001472	  0.002887	     -1.00	    758.54	    791.50	      3.10	      2.71	     54.33	     47.42	-9.61	 8.469e-05	      3.92	0	Gaussian	317.545473	37.023324
260	1	  0.001528	  0.002891	     -1.00	    422.98	    369.32	      3.24	      2.58	     56.65	     45.21	-0.87	 1.509e-04	      3.93	0	Gaussian	319.943057	38.680191
261	1	  0.001470	  0.002465	     -1.00	    451.84	    405.06	      3.26	      2.93	     57.10	     51.24	11.80	 7.220e-05	      3.93	0	Gaussian	319.733760	38.542532
262	1	  0.001496	  0.002745	     -1.00	    615.42	    662.67	      3.15	      2.79	     55.21	     48.86	-2.32	 1.625e-04	      3.94	0	Gaussian	318.500072	37.502191
263	1	  0.001555	  0.002919	     -1.00	    202.84	    266.59	      3.19	      2.49	     55.81	     43.59	-0.57	 2.353e-04	      3.94	0	Gaussian	321.338647	38.943865
264	1	  0.001438	  0.002196	     -1.00	    456.38	    664.75	      3.47	      3.04	     60.67	     53.29	6.82	 4.156e-05	      3.95	0	Gaussian	319.404222	37.361399
265	1	  0.001431	  0.002609	     -1.00	    702.71	    397.92	      3.12	      2.88	     54.64	     50.47	-5.52	 4.812e-05	      3.96	0	Gaussian	318.285521	38.787610
266	1	  0.001453	  0.002208	     -1.00	    313.94	    509.95	      3.44	      3.01	     60.24	     52.73	7.50	 3.785e-05	      3.96	0	Gaussian	320.397054	37.941896
267	1	  0.001524	  0.002654	     -1.00	    580.89	    509.85	      3.18	      2.69	     55.66	     47.16	-3.12	 1.311e-04	      3.96	0	Gaussian	318.868049	38.173726
268	1	  0.001431	  0.000919	     -1.00	     16.03	    488.51	      6.44	      3.71	    112.81	     64.97	-68.43	 3.778e-05	      3.97	0	Gaussian	322.105930	37.759545
269	1	  0.001484	  0.002726	     -1.00	    726.36	    659.04	      3.10	      2.72	     54.25	     47.64	-3.25	 2.098e-04	      3.97	0	Gaussian	317.867397	37.606658
270	1	  0.001492	  0.002432	     -1.00	    484.32	    218.54	      3.38	      2.74	     59.12	     47.98	0.18	 6.222e-05	      3.98	0	Gaussian	319.768929	39.423898
271	1	  0.001461	  0.002675	     -1.00	    695.73	    129.53	      3.14	      2.74	     54.90	     48.03	20.00	 5.667e-05	      3.98	0	Gaussian	318.627661	40.016368
272	1	  0.001523	  0.002971	     -1.00	    753.80	    206.67	      2.93	      2.61	     51.22	     45.73	20.28	 1.396e-04	      3.99	0	Gaussian	318.196008	39.709625
273	1	  0.001537	  0.002698	     -1.00	    349.72	    529.22	      3.11	      2.74	     54.36	     48.02	5.26	 1.323e-04	      3.99	0	Gaussian	320.170061	37.886225
274	1	  0.001472	  0.002481	     -1.00	    220.78	     59.87	      3.07	      2.91	     53.82	     51.00	23.68	 5.165e-05	      4.00	0	Gaussian	321.507130	39.899546
275	1	  0.001463	  0.002157	     -1.00	    116.79	    539.79	      3.49	      2.91	     61.09	     50.86	10.57	 6.008e-05	      4.01	0	Gaussian	321.473982	37.624793
276	1	  0.001512	  0.002754	     -1.00	    630.54	    589.43	      3.07	      2.65	     53.69	     46.30	-2.28	 1.227e-04	      4.01	0	Gaussian	318.493480	37.849888
277	1	  0.001434	  0.002377	     -1.00	    631.80	    370.07	      3.30	      2.78	     57.77	     48.65	0.72	 3.859e-05	      4.02	0	Gaussian	318.730531	38.857082
278	1	  0.001470	  0.002599	     -1.00	    200.88	    285.62	      3.24	      2.59	     56.70	     45.30	1.43	 6.919e-05	      4.02	0	Gaussian	321.325164	38.855634
279	1	  0.001483	  0.002587	     -1.00	    434.19	    442.64	      3.19	      2.73	     55.80	     47.86	-1.27	 6.715e-05	      4.02	0	Gaussian	319.790646	38.355459
280	1	  0.001456	  0.002581	     -1.00	    437.06	    776.39	      3.20	      2.64	     56.05	     46.29	-0.11	 5.739e-05	      4.03	0	Gaussian	319.385911	36.836558
281	1	  0.001484	  0.002595	     -1.00	    391.44	    281.29	      3.20	      2.66	     55.94	     46.59	5.00	 6.194e-05	      4.04	0	Gaussian	320.232757	39.053432
282	1	  0.001457	  0.002231	     -1.00	    668.68	    565.15	      3.41	      2.81	     59.67	     49.20	-8.02	 8.038e-05	      4.04	0	Gaussian	318.300272	37.992021
283	1	  0.001503	  0.002352	     -1.00	    405.23	    565.56	      3.29	      2.74	     57.66	     47.95	0.50	 9.656e-05	      4.05	0	Gaussian	319.810578	37.769576
284	1	  0.001488	  0.002599	     -1.00	     66.91	    328.41	      3.19	      2.56	     55.92	     44.81	2.54	 9.509e-05	      4.05	0	Gaussian	322.032341	38.531747
285	1	  0.001484	  0.002000	     -1.00	    138.15	    642.29	      3.56	      2.97	     62.38	     51.91	22.97	 7.273e-05	      4.05	0	Gaussian	321.224028	37.181565
286	1	  0.001469	  0.002414	     -1.00	    759.05	    454.82	      3.17	      2.75	     55.56	     48.21	0.94	 5.931e-05	      4.05	0	Gaussian	317.894739	38.571123
287	1	  0.001464	  0.002405	     -1.00	    350.99	    501.46	      3.27	      2.67	     57.17	     46.66	1.14	 5.942e-05	      4.07	0	Gaussian	320.196381	38.013678
288	1	  0.001460	  0.002426	     -1.00	    174.57	    120.40	      3.28	      2.70	     57.34	     47.29	12.00	 3.583e-05	      4.08	0	Gaussian	321.694219	39.579366
289	1	  0.001496	  0.002390	     -1.00	    428.26	    634.14	      3.20	      2.78	     55.97	     48.74	-2.67	 9.949e-05	      4.08	0	Gaussian	319.599237	37.476990
290	1	  0.001458	  0.001545	     -1.00	    101.39	    315.58	      4.19	      3.11	     73.31	     54.38	40.83	 6.435e-05	      4.09	0	Gaussian	321.853661	38.623581
291	1	  0.001509	  0.002396	     -1.00	    748.50	    603.62	      3.16	      2.76	     55.23	     48.35	-7.22	 1.407e-04	      4.09	0	Gaussian	317.798096	37.878458
292	1	  0.001488	  0.002377	     -1.00	    553.75	    475.11	      3.21	      2.75	     56.26	     48.05	4.02	 7.888e-05	      4.09	0	Gaussian	319.064056	38.310030
293	1	  0.001469	  0.000745	     -1.00	    416.43	    198.13	      6.74	      3.92	    117.91	     68.65	-74.48	 9.786e-05	      4.10	0	Gaussian	320.190236	39.455788
294	1	  0.001457	  0.002233	     -1.00	    349.23	    299.67	      3.29	      2.75	     57.54	     48.17	8.40	 4.876e-05	      4.10	0	Gaussian	320.454122	38.931055
295	1	  0.001484	  0.002041	     -1.00	    722.45	      6.00	      3.60	      2.68	     62.94	     46.93	-0.82	 8.668e-05	      4.10	0	Gaussian	318.609985	40.607734
296	1	  0.001603	  0.002446	     -1.00	    753.88	    206.76	      3.34	      2.58	     58.45	     45.11	37.41	 6.874e-04	      4.10	0	Gaussian	318.195473	39.709277
297	1	  0.001461	  0.001985	     -1.00	    594.66	    508.76	      3.62	      2.80	     63.43	     48.97	-1.07	 6.321e-05	      4.10	0	Gaussian	318.789772	38.190131
298	1	  0.001457	  0.002152	     -1.00	    498.86	    525.42	      3.52	      2.68	     61.66	     46.83	-4.99	 4.765e-05	      4.11	0	Gaussian	319.322160	38.033376
299	1	  0.001521	  0.002519	     -1.00	    599.50	    440.36	      3.07	      2.63	     53.72	     46.10	-0.48	 1.552e-04	      4.12	0	Gaussian	318.838860	38.507667
300	1	  0.001474	  0.002096	     -1.00	    169.79	    540.47	      3.50	      2.70	     61.24	     47.32	-2.49	 7.234e-05	      4.12	0	Gaussian	321.175053	37.671388
301	1	  0.001465	  0.002308	     -1.00	    724.56	    736.25	      3.27	      2.72	     57.22	     47.69	-8.32	 5.147e-05	      4.12	0	Gaussian	317.796848	37.250922
302	1	  0.001468	  0.002144	     -1.00	    127.16	    697.14	      3.24	      2.98	     56.79	     52.09	14.43	 4.723e-05	      4.12	0	Gaussian	321.216395	36.923674
303	1	  0.001448	  0.002313	     -1.00	    742.86	     38.70	      3.11	      2.82	     54.41	     49.30	23.97	 3.090e-05	      4.13	0	Gaussian	318.450133	40.474417
304	1	  0.001453	  0.002285	     -1.00	    378.64	    386.41	      3.31	      2.71	     57.87	     47.39	6.51	 5.999e-05	      4.13	0	Gaussian	320.177822	38.562489
305	1	  0.001443	  0.002219	     -1.00	    655.62	    415.02	      3.20	      2.74	     55.99	     47.97	0.77	 4.790e-05	      4.13	0	Gaussian	318.541229	38.670490
306	1	  0.001539	  0.002447	     -1.00	    553.73	    391.36	      3.13	      2.61	     54.74	     45.61	4.28	 2.615e-04	      4.15	0	Gaussian	319.160420	38.693475
307	1	  0.001481	  0.002331	     -1.00	    792.27	    283.07	      3.12	      2.70	     54.66	     47.34	0.57	 7.010e-05	      4.15	0	Gaussian	317.884510	39.388727
308	1	  0.001470	  0.002489	     -1.00	    793.72	    135.41	      3.02	      2.62	     52.86	     45.80	14.85	 6.007e-05	      4.15	0	Gaussian	318.037425	40.070863
309	1	  0.001478	  0.002087	     -1.00	    431.01	    127.86	      3.24	      2.87	     56.71	     50.23	4.93	 8.761e-05	      4.16	0	Gaussian	320.192141	39.790088
310	1	  0.001455	  0.001820	     -1.00	    220.63	    354.10	      3.58	      3.04	     62.74	     53.17	15.83	 4.849e-05	      4.17	0	Gaussian	321.123903	38.563714
311	1	  0.001541	  0.001810	     -1.00	     27.58	    609.68	      3.74	      2.82	     65.42	     49.41	-6.89	 3.351e-04	      4.17	0	Gaussian	321.882359	37.224771
312	1	  0.001447	  0.002338	     -1.00	    681.02	    185.19	      3.07	      2.62	     53.72	     45.90	2.97	 5.978e-05	      4.17	0	Gaussian	318.651277	39.747892
313	1	  0.001503	  0.002039	     -1.00	    109.15	    580.88	      3.33	      2.81	     58.24	     49.21	3.49	 1.191e-04	      4.17	0	Gaussian	321.464196	37.431985
314	1	  0.001475	  0.002081	     -1.00	     79.56	    771.72	      3.33	      2.84	     58.26	     49.62	7.65	 1.654e-04	      4.18	0	Gaussian	321.386851	36.543524
315	1	  0.001475	  0.002264	     -1.00	    601.00	     80.63	      3.24	      2.60	     56.65	     45.44	3.63	 4.098e-05	      4.18	0	Gaussian	319.247163	40.159320
316	1	  0.001508	  0.002112	     -1.00	    672.00	    712.56	      3.25	      2.76	     56.91	     48.38	-7.33	 1.064e-04	      4.18	0	Gaussian	318.122593	37.318702
317	1	  0.001471	  0.001273	     -1.00	    369.81	    345.64	      4.21	      3.38	     73.76	     59.11	87.93	 1.009e-04	      4.18	0	Gaussian	320.278569	38.740344
318	1	  0.001459	  0.002001	     -1.00	    348.45	    669.84	      3.31	      2.91	     57.88	     50.99	-0.63	 5.384e-05	      4.20	0	Gaussian	320.009200	37.245569
319	1	  0.001467	  0.002001	     -1.00	     69.51	    721.17	      3.36	      2.85	     58.73	     49.85	1.51	 5.721e-05	      4.21	0	Gaussian	321.506279	36.761985
320	1	  0.001469	  0.001959	     -1.00	    660.93	    576.36	      3.27	      2.84	     57.22	     49.76	-1.92	 6.411e-05	      4.21	0	Gaussian	318.332758	37.934369
321	1	  0.001463	  0.002107	     -1.00	    689.55	    410.55	      3.35	      2.69	     58.62	     47.06	-2.09	 6.728e-05	      4.21	0	Gaussian	318.348425	38.718862
322	1	  0.001463	  0.001971	     -1.00	    659.72	    506.85	      3.31	      2.88	     58.02	     50.37	-14.33	 5.591e-05	      4.21	0	Gaussian	318.415787	38.252309
323	1	  0.001456	  0.001691	     -1.00	    325.32	    325.33	      3.51	      3.05	     61.44	     53.36	28.04	 8.179e-05	      4.22	0	Gaussian	320.559940	38.792174
324	1	  0.001488	  0.001888	     -1.00	    446.95	    500.05	      3.39	      2.80	     59.29	     49.08	-5.05	 1.076e-04	      4.22	0	Gaussian	319.649453	38.104580
325	1	  0.001540	  0.002522	     -1.00	    778.92	    256.48	      2.88	      2.40	     50.35	     42.07	4.16	 2.344e-04	      4.23	0	Gaussian	317.992386	39.500543
326	1	  0.001511	  0.001898	     -1.00	    184.46	    601.62	      3.35	      2.82	     58.66	     49.42	2.81	 2.805e-04	      4.23	0	Gaussian	321.015628	37.408217
327	1	  0.001471	  0.001081	     -1.00	    307.23	    617.96	      5.14	      3.13	     89.89	     54.82	-27.44	 6.023e-05	      4.24	0	Gaussian	320.303989	37.445056
328	1	  0.001456	  0.000593	     -1.00	    549.79	    652.22	     10.11	      2.89	    176.94	     50.63	9.14	 1.129e-04	      4.24	0	Gaussian	318.886702	37.496544
329	1	  0.001537	  0.002183	     -1.00	    501.04	    504.85	      3.05	      2.66	     53.39	     46.55	-0.95	 2.648e-04	      4.24	0	Gaussian	319.333432	38.129251
330	1	  0.001465	  0.001831	     -1.00	    664.74	     46.63	      3.27	      3.04	     57.22	     53.20	9.44	 4.205e-05	      4.25	0	Gaussian	318.908061	40.371147
331	1	  0.001515	  0.001722	     -1.00	    536.22	    259.91	      3.82	      2.65	     66.79	     46.31	-7.53	 9.379e-05	      4.25	0	Gaussian	319.416054	39.280412
332	1	  0.001482	  0.002069	     -1.00	    262.92	    726.25	      3.22	      2.65	     56.34	     46.37	0.48	 9.113e-05	      4.25	0	Gaussian	320.422620	36.914497
333	1	  0.001452	  0.001821	     -1.00	    688.77	    764.31	      3.44	      2.94	     60.14	     51.47	-10.43	 4.746e-05	      4.25	0	Gaussian	317.972035	37.094647
334	1	  0.001485	  0.001910	     -1.00	    611.69	    412.14	      3.42	      2.77	     59.89	     48.55	4.07	 8.146e-05	      4.26	0	Gaussian	318.800063	38.647254
335	1	  0.001492	  0.002064	     -1.00	    332.47	    747.35	      3.20	      2.73	     55.95	     47.85	-0.91	 1.371e-04	      4.26	0	Gaussian	320.007592	36.879591
336	1	  0.001489	  0.001816	     -1.00	    254.82	     84.82	      3.42	      2.83	     59.78	     49.52	3.95	 7.870e-05	      4.26	0	Gaussian	321.276136	39.819515
337	1	  0.001458	  0.001625	     -1.00	    175.40	     38.95	      3.63	      2.94	     63.47	     51.54	-4.09	 5.522e-05	      4.26	0	Gaussian	321.798919	39.949486
338	1	  0.001485	  0.001982	     -1.00	    392.95	    225.38	      3.36	      2.64	     58.78	     46.21	0.12	 6.656e-05	      4.26	0	Gaussian	320.293120	39.309888
339	1	  0.001451	  0.000467	     -1.00	    237.60	     25.10	     10.13	      3.69	    177.27	     64.54	42.65	 6.789e-05	      4.27	0	Gaussian	321.455508	40.074055
340	1	  0.001456	  0.001909	     -1.00	    226.22	    280.66	      3.43	      2.71	     59.96	     47.39	4.12	 4.688e-05	      4.27	0	Gaussian	321.186290	38.902371
341	1	  0.001431	  0.001639	     -1.00	    107.36	     35.99	      3.48	      3.01	     60.99	     52.62	4.74	 2.544e-05	      4.27	0	Gaussian	322.197227	39.894264
342	1	  0.001477	  0.001773	     -1.00	    225.98	    200.97	      3.47	      2.77	     60.79	     48.54	10.79	 7.979e-05	      4.27	0	Gaussian	321.291086	39.263928
343	1	  0.001492	  0.000807	     -1.00	    188.70	    117.52	      5.77	      3.58	    101.03	     62.73	-83.14	 1.460e-04	      4.28	0	Gaussian	321.616422	39.606318
344	1	  0.001457	  0.001432	     -1.00	     61.60	    520.01	      4.29	      2.80	     75.06	     48.99	3.18	 6.582e-05	      4.28	0	Gaussian	321.809216	37.661597
345	1	  0.001511	  0.001875	     -1.00	    465.72	    218.83	      3.37	      2.85	     58.95	     49.95	-4.77	 1.030e-04	      4.28	0	Gaussian	319.877229	39.405894
346	1	  0.001455	  0.001884	     -1.00	    558.28	    638.59	      3.27	      2.89	     57.25	     50.66	-14.56	 5.793e-05	      4.28	0	Gaussian	318.853415	37.565856
347	1	  0.001471	  0.001793	     -1.00	    730.19	    676.55	      3.22	      3.04	     56.44	     53.15	-6.88	 1.092e-04	      4.28	0	Gaussian	317.827011	37.529259
348	1	  0.001443	  0.001766	     -1.00	    645.46	    773.60	      3.42	      2.95	     59.79	     51.67	-4.06	 3.834e-05	      4.28	0	Gaussian	318.208967	37.018312
349	1	  0.001467	  0.001890	     -1.00	    429.73	    216.20	      3.30	      2.83	     57.68	     49.49	7.89	 6.619e-05	      4.29	0	Gaussian	320.090374	39.385390
350	1	  0.001457	  0.001888	     -1.00	    284.58	    470.30	      3.36	      2.79	     58.89	     48.84	5.94	 7.047e-05	      4.29	0	Gaussian	320.612924	38.095470
351	1	  0.001446	  0.001733	     -1.00	    417.78	    393.75	      3.53	      2.80	     61.83	     48.94	-5.69	 4.444e-05	      4.29	0	Gaussian	319.943592	38.564067
352	1	  0.001442	  0.000830	     -1.00	    319.96	    403.23	      5.42	      3.69	     94.85	     64.61	77.39	 3.711e-05	      4.30	0	Gaussian	320.493898	38.432728
353	1	  0.001456	  0.001888	     -1.00	    660.65	    161.03	      3.29	      2.61	     57.59	     45.77	-17.95	 4.379e-05	      4.30	0	Gaussian	318.799540	39.841689
354	1	  0.001474	  0.001590	     -1.00	    626.69	    727.90	      3.51	      2.99	     61.36	     52.37	-9.10	 7.091e-05	      4.30	0	Gaussian	318.364877	37.212628
355	1	  0.001464	  0.001752	     -1.00	    445.36	    596.48	      3.39	      2.89	     59.33	     50.53	0.63	 4.550e-05	      4.33	0	Gaussian	319.545761	37.663297
356	1	  0.001498	  0.001904	     -1.00	    404.76	    160.81	      3.14	      2.83	     54.90	     49.47	12.25	 6.559e-05	      4.33	0	Gaussian	320.304665	39.615429
357	1	  0.001516	  0.001695	     -1.00	    646.06	    675.26	      3.46	      2.83	     60.52	     49.52	-11.21	 1.255e-04	      4.34	0	Gaussian	318.311032	37.469089
358	1	  0.001489	  0.001478	     -1.00	    376.31	    366.40	      3.70	      2.96	     64.75	     51.80	40.07	 1.706e-04	      4.34	0	Gaussian	320.215646	38.651595
359	1	  0.001465	  0.001634	     -1.00	    114.91	    418.90	      3.48	      2.90	     60.94	     50.78	-2.94	 6.178e-05	      4.34	0	Gaussian	321.641019	38.169470
360	1	  0.001448	  0.001546	     -1.00	    248.24	     98.88	      3.63	      3.00	     63.54	     52.50	5.33	 4.167e-05	      4.34	0	Gaussian	321.295929	39.749242
361	1	  0.001457	  0.001434	     -1.00	    270.71	    471.54	      3.58	      3.30	     62.62	     57.73	-7.25	 7.174e-05	      4.34	0	Gaussian	320.690325	38.077151
362	1	  0.001479	  0.000717	     -1.00	     48.33	     95.93	      5.46	      4.11	     95.54	     72.01	-57.55	 9.390e-05	      4.34	0	Gaussian	322.454661	39.563118
363	1	  0.001517	  0.001845	     -1.00	    506.04	    395.20	      3.24	      2.71	     56.72	     47.47	-0.79	 1.057e-04	      4.35	0	Gaussian	319.432293	38.634899
364	1	  0.001517	  0.001906	     -1.00	    464.59	    124.75	      3.15	      2.76	     55.19	     48.24	10.80	 1.140e-04	      4.35	0	Gaussian	319.998980	39.835064
365	1	  0.001468	  0.001619	     -1.00	    475.05	    736.68	      3.48	      2.94	     60.96	     51.53	-9.37	 8.396e-05	      4.35	0	Gaussian	319.216503	37.049145
366	1	  0.001501	  0.001954	     -1.00	    623.07	    713.27	      3.09	      2.60	     54.06	     45.55	-2.28	 9.778e-05	      4.37	0	Gaussian	318.401358	37.276697
367	1	  0.001426	  0.001655	     -1.00	    681.72	    336.49	      3.43	      2.90	     60.02	     50.69	4.61	 3.234e-05	      4.37	0	Gaussian	318.476395	39.052816
368	1	  0.001476	  0.000560	     -1.00	    678.03	     36.75	      9.31	      3.09	    162.96	     54.10	8.61	 6.879e-05	      4.37	0	Gaussian	318.840233	40.428080
369	1	  0.001456	  0.001469	     -1.00	    295.47	    782.75	      3.62	      2.96	     63.44	     51.77	-1.63	 5.742e-05	      4.37	0	Gaussian	320.173070	36.686893
370	1	  0.001461	  0.001706	     -1.00	    713.29	    653.42	      3.42	      2.83	     59.80	     49.55	-7.48	 4.907e-05	      4.38	0	Gaussian	317.948537	37.622292
371	1	  0.001449	  0.000931	     -1.00	    218.67	    101.95	      4.65	      3.62	     81.38	     63.43	17.49	 3.248e-05	      4.38	0	Gaussian	321.463540	39.706402
372	1	  0.001457	  0.001539	     -1.00	    322.33	    302.92	      3.15	      3.10	     55.10	     54.30	-16.68	 5.176e-05	      4.38	0	Gaussian	320.605222	38.891401
373	1	  0.001545	  0.001864	     -1.00	    786.44	    255.45	      3.08	      2.71	     53.97	     47.38	36.89	 2.823e-04	      4.38	0	Gaussian	317.948975	39.511387
374	1	  0.001465	  0.001067	     -1.00	     82.09	    596.42	      4.38	      3.39	     76.67	     59.33	5.90	 4.758e-05	      4.38	0	Gaussian	321.595615	37.336298
375	1	  0.001432	  0.001456	     -1.00	    308.00	    709.47	      3.54	      3.01	     61.99	     52.74	-9.15	 2.442e-05	      4.39	0	Gaussian	320.189887	37.030243
376	1	  0.001447	  0.000743	     -1.00	    589.59	    251.58	      5.71	      3.74	     99.90	     65.38	5.03	 3.487e-05	      4.39	0	Gaussian	319.113364	39.364959
377	1	  0.001442	  0.001003	     -1.00	     32.59	    759.18	      4.58	      3.36	     80.20	     58.89	34.91	 5.459e-05	      4.39	0	Gaussian	321.662109	36.556468
378	1	  0.001497	  0.001824	     -1.00	    736.79	    520.88	      3.04	      2.85	     53.22	     49.89	-11.99	 1.310e-04	      4.39	0	Gaussian	317.953674	38.249628
379	1	  0.001526	  0.001612	     -1.00	    717.89	    666.23	      3.59	      2.65	     62.77	     46.41	-2.60	 2.685e-04	      4.39	0	Gaussian	317.908532	37.567064
380	1	  0.001453	  0.001398	     -1.00	    411.53	    117.31	      3.72	      2.96	     65.20	     51.88	-9.89	 4.241e-05	      4.39	0	Gaussian	320.319467	39.820269
381	1	  0.001457	  0.001603	     -1.00	    409.40	    640.79	      3.35	      3.01	     58.70	     52.71	-7.53	 6.424e-05	      4.39	0	Gaussian	319.698523	37.430493
382	1	  0.001506	  0.001059	     -1.00	    229.98	     72.23	      4.61	      3.14	     80.73	     55.05	-34.01	 1.086e-04	      4.39	0	Gaussian	321.437265	39.852480
383	1	  0.001444	  0.000919	     -1.00	    359.29	    767.86	      5.26	      3.09	     91.98	     54.07	-19.78	 4.613e-05	      4.40	0	Gaussian	319.833020	36.809568
384	1	  0.001495	  0.000642	     -1.00	    330.20	    738.92	      8.76	      2.62	    153.34	     45.87	-14.73	 2.021e-04	      4.40	0	Gaussian	320.030303	36.915906
385	1	  0.001466	  0.001638	     -1.00	    251.96	    601.51	      3.47	      2.72	     60.74	     47.67	-1.59	 7.098e-05	      4.41	0	Gaussian	320.635932	37.470227
386	1	  0.001518	  0.001806	     -1.00	    596.05	    134.00	      3.32	      2.58	     58.11	     45.12	2.03	 1.023e-04	      4.41	0	Gaussian	319.213215	39.910033
387	1	  0.001485	  0.001780	     -1.00	    472.52	    110.58	      3.20	      2.70	     55.99	     47.29	5.64	 1.072e-04	      4.43	0	Gaussian	319.969856	39.907090
388	1	  0.001448	  0.001645	     -1.00	    723.61	    470.64	      3.35	      2.78	     58.66	     48.57	-6.79	 4.742e-05	      4.44	0	Gaussian	318.084336	38.470140
389	1	  0.001454	  0.001462	     -1.00	    117.99	    270.29	      3.72	      2.71	     65.06	     47.44	-0.02	 5.341e-05	      4.45	0	Gaussian	321.819252	38.844697
390	1	  0.001467	  0.001478	     -1.00	    732.38	    569.61	      3.39	      3.04	     59.39	     53.14	-23.63	 5.290e-05	      4.45	0	Gaussian	317.927300	38.022163
391	1	  0.001466	  0.001558	     -1.00	    198.75	    745.28	      3.44	      2.85	     60.18	     49.83	-2.09	 1.144e-04	      4.46	0	Gaussian	320.758040	36.771167
392	1	  0.001528	  0.001747	     -1.00	    767.55	    776.46	      3.17	      2.69	     55.55	     47.01	-9.51	 1.021e-04	      4.46	0	Gaussian	317.509383	37.099154
393	1	  0.001492	  0.001311	     -1.00	    588.64	    645.27	      3.52	      3.20	     61.58	     55.96	37.96	 2.389e-04	      4.46	0	Gaussian	318.672376	37.560147
394	1	  0.001449	  0.000741	     -1.00	    126.09	    379.57	      4.37	      4.34	     76.51	     75.92	37.92	 6.151e-05	      4.46	0	Gaussian	321.629097	38.358144
395	1	  0.001501	  0.001741	     -1.00	    598.01	    681.31	      3.18	      2.64	     55.73	     46.29	-3.03	 1.303e-04	      4.46	0	Gaussian	318.579192	37.402852
396	1	  0.001613	  0.001808	     -1.00	    171.31	    524.96	      3.13	      2.43	     54.82	     42.54	16.56	 5.155e-04	      4.47	0	Gaussian	321.186140	37.743020
397	1	  0.001475	  0.001490	     -1.00	    475.18	    681.43	      3.60	      2.72	     62.94	     47.57	-1.09	 9.472e-05	      4.47	0	Gaussian	319.278431	37.301142
398	1	  0.001483	  0.001278	     -1.00	    373.89	    222.99	      3.66	      3.07	     64.13	     53.82	9.32	 6.633e-05	      4.47	0	Gaussian	320.406863	39.303235
399	1	  0.001500	  0.000728	     -1.00	    289.03	    647.40	      6.78	      2.73	    118.72	     47.79	8.25	 2.479e-04	      4.47	0	Gaussian	320.371134	37.295237
400	1	  0.001439	  0.000542	     -1.00	    223.22	    642.86	      6.59	      4.03	    115.29	     70.53	25.90	 3.705e-05	      4.48	0	Gaussian	320.746766	37.256825
401	1	  0.001515	  0.001550	     -1.00	     16.43	    647.68	      3.35	      2.90	     58.63	     50.70	-1.61	 1.660e-04	      4.48	0	Gaussian	321.894925	37.043021
402	1	  0.001488	  0.001298	     -1.00	    524.40	    161.14	      3.67	      3.04	     64.23	     53.19	11.34	 7.448e-05	      4.48	0	Gaussian	319.603233	39.722400
403	1	  0.001486	  0.001470	     -1.00	    225.06	     12.01	      3.50	      2.83	     61.20	     49.61	2.76	 8.032e-05	      4.49	0	Gaussian	321.546124	40.121104
404	1	  0.001435	  0.001321	     -1.00	     55.86	    646.64	      3.71	      2.91	     64.91	     50.92	-3.34	 3.356e-05	      4.49	0	Gaussian	321.677236	37.085086
405	1	  0.001475	  0.001533	     -1.00	    421.66	    571.45	      3.55	      2.74	     62.15	     47.93	-2.91	 8.015e-05	      4.50	0	Gaussian	319.710039	37.756990
406	1	  0.001489	  0.001039	     -1.00	    784.77	     27.89	      4.65	      2.88	     81.47	     50.39	-7.01	 7.224e-05	      4.50	0	Gaussian	318.210949	40.559397
407	1	  0.001439	  0.001448	     -1.00	    290.82	    675.33	      3.49	      2.78	     61.13	     48.74	1.64	 3.807e-05	      4.50	0	Gaussian	320.327355	37.170082
408	1	  0.001469	  0.001457	     -1.00	    386.47	    417.47	      3.55	      2.84	     62.16	     49.76	-5.62	 4.291e-05	      4.51	0	Gaussian	320.095039	38.427971
409	1	  0.001493	  0.001617	     -1.00	    344.67	    235.68	      3.23	      2.77	     56.55	     48.45	4.94	 9.973e-05	      4.51	0	Gaussian	320.560505	39.218339
410	1	  0.001557	  0.001793	     -1.00	    294.16	     40.28	      3.07	      2.49	     53.76	     43.52	5.60	 2.379e-04	      4.51	0	Gaussian	321.105114	40.060256
411	1	  0.001467	  0.000688	     -1.00	    327.36	    666.78	      5.93	      3.39	    103.73	     59.38	-43.57	 7.149e-05	      4.51	0	Gaussian	320.131826	37.241054
412	1	  0.001521	  0.000330	     -1.00	    428.46	    305.62	     11.27	      3.65	    197.25	     63.81	-8.57	 2.642e-04	      4.51	0	Gaussian	319.988502	38.975864
413	1	  0.001480	  0.001522	     -1.00	    288.69	    167.52	      3.48	      2.76	     60.87	     48.39	1.34	 8.774e-05	      4.51	0	Gaussian	320.971764	39.476052
414	1	  0.001484	  0.001322	     -1.00	    652.19	    630.43	      3.50	      3.16	     61.22	     55.26	2.65	 1.044e-04	      4.52	0	Gaussian	318.324320	37.679436
415	1	  0.001526	  0.001339	     -1.00	    366.83	    359.73	      3.49	      2.92	     61.12	     51.14	-7.15	 1.775e-04	      4.52	0	Gaussian	320.278400	38.673422
416	1	  0.001481	  0.001471	     -1.00	     38.47	    425.83	      3.47	      2.86	     60.67	     49.97	2.38	 9.639e-05	      4.52	0	Gaussian	322.063112	38.064077
417	1	  0.001503	  0.001565	     -1.00	    286.26	     37.62	      3.34	      2.77	     58.48	     48.56	4.43	 2.244e-04	      4.52	0	Gaussian	321.154763	40.064685
418	1	  0.001473	  0.001442	     -1.00	    425.43	     97.70	      3.56	      2.79	     62.36	     48.84	8.23	 4.504e-05	      4.53	0	Gaussian	320.262492	39.922720
419	1	  0.001485	  0.000877	     -1.00	    302.20	    226.91	      4.31	      3.60	     75.37	     63.07	-67.92	 9.156e-05	      4.53	0	Gaussian	320.817419	39.218585
420	1	  0.001459	  0.000884	     -1.00	     29.91	    336.08	      4.67	      3.36	     81.77	     58.83	-13.28	 5.610e-05	      4.53	0	Gaussian	322.231502	38.460516
421	1	  0.001441	  0.001419	     -1.00	    406.12	    505.26	      3.50	      2.83	     61.33	     49.53	-2.54	 5.552e-05	      4.54	0	Gaussian	319.877015	38.045164
422	1	  0.001472	  0.001415	     -1.00	    607.87	    639.35	      3.44	      2.77	     60.23	     48.52	1.41	 7.072e-05	      4.54	0	Gaussian	318.568831	37.602843
423	1	  0.001459	  0.001404	     -1.00	    512.78	    310.33	      3.49	      2.86	     61.17	     50.10	1.12	 4.881e-05	      4.54	0	Gaussian	319.493126	39.029077
424	1	  0.001428	  0.001417	     -1.00	     22.88	    746.41	      3.52	      2.74	     61.53	     47.88	-1.66	 3.601e-05	      4.54	0	Gaussian	321.732026	36.604858
425	1	  0.001476	  0.001033	     -1.00	    146.77	    769.07	      4.31	      3.01	     75.36	     52.70	10.58	 8.166e-05	      4.54	0	Gaussian	321.017862	36.616857
426	1	  0.001491	  0.001368	     -1.00	     65.53	     85.43	      3.51	      2.95	     61.36	     51.69	11.46	 1.047e-04	      4.55	0	Gaussian	322.370330	39.628144
427	1	  0.001445	  0.001381	     -1.00	     24.02	    406.36	      3.61	      2.83	     63.13	     49.53	-0.17	 3.631e-05	      4.55	0	Gaussian	322.170436	38.137721
428	1	  0.001463	  0.001338	     -1.00	    610.56	    731.32	      3.49	      3.00	     61.00	     52.56	-7.12	 4.660e-05	      4.55	0	Gaussian	318.453125	37.184123
429	1	  0.001467	  0.001380	     -1.00	    135.85	    663.48	      3.52	      2.75	     61.55	     48.22	2.10	 1.005e-04	      4.55	0	Gaussian	321.210202	37.083712
430	1	  0.001687	  0.002090	     -1.00	    680.96	    681.09	      2.64	      2.41	     46.18	     42.15	-7.03	 9.483e-04	      4.55	0	Gaussian	318.104803	37.470010
431	1	  0.001470	  0.001298	     -1.00	    557.93	    587.85	      3.52	      2.95	     61.58	     51.71	-0.46	 7.117e-05	      4.56	0	Gaussian	318.912219	37.797619
432	1	  0.001497	  0.001486	     -1.00	    223.91	    761.22	      3.29	      2.70	     57.50	     47.31	0.99	 1.188e-04	      4.56	0	Gaussian	320.598380	36.721536
433	1	  0.001453	  0.001425	     -1.00	    733.67	    151.68	      3.41	      2.84	     59.67	     49.80	1.02	 3.977e-05	      4.56	0	Gaussian	318.377007	39.946242
434	1	  0.001507	  0.000964	     -1.00	    625.59	    323.90	      4.75	      2.93	     83.08	     51.31	10.65	 1.706e-04	      4.56	0	Gaussian	318.819221	39.063762
435	1	  0.001478	  0.001183	     -1.00	     93.67	     12.12	      4.24	      2.65	     74.16	     46.36	2.53	 8.334e-05	      4.56	0	Gaussian	322.309404	39.988295
436	1	  0.001537	  0.001499	     -1.00	    317.87	    188.16	      3.24	      2.68	     56.77	     46.85	1.56	 3.262e-04	      4.56	0	Gaussian	320.775992	39.409734
437	1	  0.001424	  0.001220	     -1.00	    664.93	    352.35	      4.07	      2.66	     71.29	     46.54	0.57	 3.678e-05	      4.57	0	Gaussian	318.556933	38.966039
438	1	  0.001486	  0.001401	     -1.00	    676.44	    161.23	      3.34	      2.89	     58.49	     50.55	-14.94	 1.067e-04	      4.57	0	Gaussian	318.705812	39.854181
439	1	  0.001439	  0.001090	     -1.00	    630.63	    442.79	      4.00	      2.99	     69.93	     52.41	9.22	 4.839e-05	      4.57	0	Gaussian	318.655508	38.522378
440	1	  0.001488	  0.001540	     -1.00	    706.54	    268.46	      3.17	      2.74	     55.46	     47.99	8.56	 1.460e-04	      4.58	0	Gaussian	318.406554	39.386182
441	1	  0.001447	  0.000836	     -1.00	    707.87	    484.86	      4.62	      3.34	     80.82	     58.49	-9.25	 4.162e-05	      4.59	0	Gaussian	318.160477	38.392167
442	1	  0.001452	  0.001100	     -1.00	    471.90	     82.81	      4.12	      2.83	     72.16	     49.58	12.30	 5.277e-05	      4.60	0	Gaussian	320.007764	40.033545
443	1	  0.001516	  0.001425	     -1.00	    754.44	    442.91	      3.39	      2.75	     59.37	     48.18	23.58	 2.107e-04	      4.60	0	Gaussian	317.934418	38.622258
444	1	  0.001465	  0.000559	     -1.00	    543.57	     78.78	      6.11	      3.77	    106.98	     66.03	-78.29	 6.245e-05	      4.60	0	Gaussian	319.589592	40.116856
445	1	  0.001458	  0.001370	     -1.00	    458.61	    515.53	      3.49	      2.82	     61.14	     49.39	-1.83	 4.928e-05	      4.60	0	Gaussian	319.564449	38.044027
446	1	  0.001489	  0.001378	     -1.00	    526.21	    508.68	      3.35	      2.77	     58.59	     48.54	-1.23	 1.136e-04	      4.61	0	Gaussian	319.184310	38.133134
447	1	  0.001479	  0.001272	     -1.00	    656.75	    523.75	      3.49	      2.84	     61.16	     49.65	-5.24	 5.292e-05	      4.62	0	Gaussian	318.414410	38.172322
448	1	  0.001554	  0.001661	     -1.00	    299.68	    302.92	      3.07	      2.54	     53.67	     44.38	0.09	 4.194e-04	      4.62	0	Gaussian	320.735654	38.870377
449	1	  0.001511	  0.001254	     -1.00	    655.07	    611.62	      3.51	      2.90	     61.52	     50.71	-1.96	 1.246e-04	      4.62	0	Gaussian	318.328170	37.767946
450	1	  0.001451	  0.001200	     -1.00	    307.71	    689.62	      3.69	      2.82	     64.53	     49.37	-11.58	 4.664e-05	      4.62	0	Gaussian	320.215230	37.120077
451	1	  0.001441	  0.001179	     -1.00	    131.68	    480.96	      3.56	      3.05	     62.35	     53.35	-2.69	 3.643e-05	      4.62	0	Gaussian	321.465841	37.904863
452	1	  0.001494	  0.001381	     -1.00	    557.10	     40.83	      3.28	      2.79	     57.45	     48.82	-0.16	 1.931e-04	      4.62	0	Gaussian	319.555369	40.302920
453	1	  0.001557	  0.001300	     -1.00	    617.79	    329.71	      3.36	      2.75	     58.73	     48.18	-3.02	 1.839e-04	      4.63	0	Gaussian	318.858195	39.030520
454	1	  0.001444	  0.001321	     -1.00	    187.11	    566.29	      3.46	      2.80	     60.52	     48.99	-2.92	 3.586e-05	      4.65	0	Gaussian	321.044988	37.570573
455	1	  0.001522	  0.001300	     -1.00	    313.80	    317.33	      3.22	      3.02	     56.31	     52.81	-20.18	 2.539e-04	      4.65	0	Gaussian	320.636245	38.817954
456	1	  0.001469	  0.001185	     -1.00	    671.82	    782.87	      3.47	      2.97	     60.67	     51.95	-13.72	 1.081e-04	      4.66	0	Gaussian	318.049122	36.996468
457	1	  0.001509	  0.000876	     -1.00	    151.13	    180.90	      4.97	      2.77	     86.92	     48.42	0.55	 4.459e-04	      4.66	0	Gaussian	321.748526	39.282035
458	1	  0.001444	  0.001057	     -1.00	    747.12	     79.89	      3.55	      2.99	     62.21	     52.26	9.18	 3.135e-05	      4.66	0	Gaussian	318.377873	40.288218
459	1	  0.001438	  0.001069	     -1.00	    239.94	    762.40	      3.76	      3.04	     65.79	     53.20	-7.27	 3.579e-05	      4.66	0	Gaussian	320.507518	36.730386
460	1	  0.001456	  0.000449	     -1.00	    539.02	    620.49	      7.57	      3.49	    132.45	     61.01	-44.22	 7.319e-05	      4.67	0	Gaussian	318.983788	37.632677
461	1	  0.001443	  0.001070	     -1.00	    245.31	    201.29	      3.67	      3.26	     64.19	     57.12	-12.28	 5.103e-05	      4.67	0	Gaussian	321.179131	39.281051
462	1	  0.001575	  0.001661	     -1.00	    576.95	     47.58	      2.88	      2.41	     50.35	     42.17	1.12	 2.136e-04	      4.67	0	Gaussian	319.429391	40.289709
463	1	  0.001680	  0.001915	     -1.00	    782.12	    592.75	      2.69	      2.31	     47.13	     40.47	-1.64	 1.224e-03	      4.68	0	Gaussian	317.614960	37.954471
464	1	  0.001461	  0.000749	     -1.00	    424.97	    173.87	      5.53	      2.83	     96.84	     49.54	-20.60	 4.606e-05	      4.68	0	Gaussian	320.170416	39.574368
465	1	  0.001493	  0.001354	     -1.00	    256.46	    436.92	      3.17	      2.85	     55.50	     49.95	1.70	 9.619e-05	      4.68	0	Gaussian	320.814605	38.221276
466	1	  0.001451	  0.001061	     -1.00	    256.00	    247.04	      3.55	      2.98	     62.13	     52.20	-7.96	 4.346e-05	      4.69	0	Gaussian	321.058344	39.083376
467	1	  0.001468	  0.001124	     -1.00	    126.87	    682.40	      3.74	      2.77	     65.53	     48.57	-3.14	 4.707e-05	      4.69	0	Gaussian	321.236505	36.989982
468	1	  0.001552	  0.000680	     -1.00	    632.90	    386.39	      7.17	      2.32	    125.46	     40.62	-1.40	 5.435e-04	      4.69	0	Gaussian	318.705672	38.783094
469	1	  0.001451	  0.000983	     -1.00	    409.57	     73.35	      4.36	      2.77	     76.36	     48.44	2.18	 5.222e-05	      4.69	0	Gaussian	320.386191	40.019177
470	1	  0.001453	  0.001188	     -1.00	    489.18	    758.42	      3.64	      2.76	     63.77	     48.28	-4.03	 4.883e-05	      4.69	0	Gaussian	319.112088	36.961732
471	1	  0.001490	  0.001066	     -1.00	     63.68	    342.44	      3.81	      2.89	     66.65	     50.53	-2.08	 1.150e-04	      4.69	0	Gaussian	322.031884	38.465167
472	1	  0.001443	  0.000977	     -1.00	     53.48	    211.78	      3.75	      3.19	     65.71	     55.80	16.20	 3.729e-05	      4.69	0	Gaussian	322.266085	39.045151
473	1	  0.001528	  0.001171	     -1.00	    591.87	    143.86	      3.43	      2.87	     60.01	     50.21	-2.76	 1.972e-04	      4.70	0	Gaussian	319.226301	39.861115
474	1	  0.001492	  0.001243	     -1.00	    652.46	    600.85	      3.26	      3.01	     57.03	     52.66	-2.97	 1.059e-04	      4.70	0	Gaussian	318.354913	37.815232
475	1	  0.001492	  0.001078	     -1.00	     82.72	    150.22	      3.66	      2.88	     64.12	     50.32	3.53	 1.327e-04	      4.70	0	Gaussian	322.182718	39.352737
476	1	  0.001458	  0.000581	     -1.00	    694.75	    545.16	      5.12	      3.83	     89.66	     67.08	43.14	 7.352e-05	      4.70	0	Gaussian	318.171280	38.104654
477	1	  0.001483	  0.001134	     -1.00	    687.48	    614.54	      3.62	      2.98	     63.38	     52.24	-5.24	 6.901e-05	      4.70	0	Gaussian	318.138524	37.780408
478	1	  0.001458	  0.001207	     -1.00	    463.91	    431.31	      3.50	      2.77	     61.25	     48.48	3.13	 5.513e-05	      4.70	0	Gaussian	319.633022	38.433226
479	1	  0.001446	  0.001066	     -1.00	    603.88	    696.28	      3.69	      2.96	     64.51	     51.74	1.29	 3.964e-05	      4.71	0	Gaussian	318.529314	37.339061
480	1	  0.001499	  0.001158	     -1.00	    401.14	    651.91	      3.45	      2.94	     60.44	     51.46	-0.76	 1.516e-04	      4.71	0	Gaussian	319.732351	37.372771
481	1	  0.001471	  0.000383	     -1.00	    586.50	    181.50	      6.64	      4.46	    116.26	     78.06	38.07	 6.751e-05	      4.71	0	Gaussian	319.213568	39.683740
482	1	  0.001481	  0.000815	     -1.00	    532.94	    114.75	      4.00	      3.42	     70.00	     59.79	47.57	 6.432e-05	      4.71	0	Gaussian	319.608878	39.942505
483	1	  0.001507	  0.001311	     -1.00	    761.44	    766.05	      3.26	      2.77	     57.03	     48.47	-6.38	 1.877e-04	      4.71	0	Gaussian	317.554995	37.142342
484	1	  0.001525	  0.000949	     -1.00	    620.31	     18.99	      3.39	      3.37	     59.30	     58.97	5.94	 9.356e-05	      4.71	0	Gaussian	319.205620	40.459360
485	1	  0.001466	  0.001044	     -1.00	    348.84	    311.70	      3.73	      2.90	     65.29	     50.81	-12.77	 7.360e-05	      4.72	0	Gaussian	320.441422	38.875855
486	1	  0.001491	  0.001177	     -1.00	    618.79	    189.71	      3.47	      2.77	     60.68	     48.52	-1.08	 8.666e-05	      4.72	0	Gaussian	319.013669	39.674033
487	1	  0.001488	  0.000608	     -1.00	    368.49	    518.98	      5.23	      3.40	     91.46	     59.42	84.59	 9.023e-05	      4.73	0	Gaussian	320.075480	37.949494
488	1	  0.001450	  0.001216	     -1.00	    652.44	    190.66	      3.36	      2.87	     58.82	     50.22	-2.16	 4.769e-05	      4.74	0	Gaussian	318.813966	39.698480
489	1	  0.001476	  0.001032	     -1.00	     81.78	    341.43	      3.82	      2.71	     66.93	     47.51	-14.18	 1.155e-04	      4.74	0	Gaussian	321.930657	38.487529
490	1	  0.001456	  0.001177	     -1.00	    737.66	    402.37	      3.41	      2.92	     59.63	     51.10	11.87	 1.067e-04	      4.74	0	Gaussian	318.076295	38.795413
491	1	  0.001462	  0.000826	     -1.00	    382.43	    531.63	      4.77	      2.89	     83.57	     50.54	-12.33	 5.613e-05	      4.75	0	Gaussian	319.980855	37.904209
492	1	  0.001438	  0.001068	     -1.00	    740.44	    353.07	      3.60	      3.09	     62.93	     54.14	-2.07	 8.234e-05	      4.75	0	Gaussian	318.113711	39.024543
493	1	  0.001465	  0.001122	     -1.00	    150.44	    713.18	      3.55	      2.96	     62.15	     51.78	-1.66	 6.180e-05	      4.75	0	Gaussian	321.066745	36.872585
494	1	  0.001498	  0.001194	     -1.00	    688.12	    362.64	      3.23	      2.85	     56.62	     49.87	-2.96	 1.020e-04	      4.75	0	Gaussian	318.409790	38.937876
495	1	  0.001519	  0.001159	     -1.00	    634.85	    537.64	      3.50	      2.73	     61.24	     47.72	-10.39	 1.149e-04	      4.75	0	Gaussian	318.525675	38.090802
496	1	  0.001462	  0.000699	     -1.00	    323.09	    647.40	      4.09	      3.69	     71.61	     64.57	80.44	 4.903e-05	      4.75	0	Gaussian	320.179031	37.325320
497	1	  0.001437	  0.000997	     -1.00	    382.72	     25.01	      3.86	      2.90	     67.62	     50.74	-12.99	 2.736e-05	      4.75	0	Gaussian	320.605466	40.214584
498	1	  0.001449	  0.000554	     -1.00	    461.42	    683.73	      5.69	      3.42	     99.54	     59.93	28.13	 6.857e-05	      4.75	0	Gaussian	319.353877	37.279101
499	1	  0.001481	  0.001268	     -1.00	    530.95	     18.57	      3.36	      2.71	     58.79	     47.43	1.78	 7.769e-05	      4.75	0	Gaussian	319.737679	40.381365
500	1	  0.001495	  0.001224	     -1.00	    606.26	    338.25	      3.31	      2.87	     58.00	     50.18	6.56	 1.317e-04	      4.76	0	Gaussian	318.915734	38.981614
501	1	  0.001455	  0.001126	     -1.00	    188.53	    295.40	      3.62	      2.90	     63.42	     50.70	1.60	 5.588e-05	      4.76	0	Gaussian	321.383136	38.799445
502	1	  0.001473	  0.001031	     -1.00	    475.58	    753.24	      3.73	      3.08	     65.21	     53.93	-13.62	 9.392e-05	      4.76	0	Gaussian	319.194755	36.974090
503	1	  0.001460	  0.001111	     -1.00	    247.65	     43.75	      3.63	      2.91	     63.58	     50.93	4.18	 5.105e-05	      4.76	0	Gaussian	321.372134	39.999149
504	1	  0.001450	  0.001145	     -1.00	    430.51	    197.38	      3.60	      2.82	     62.93	     49.36	-3.21	 3.219e-05	      4.76	0	Gaussian	320.109030	39.472049
505	1	  0.001457	  0.001158	     -1.00	     92.50	    265.48	      3.53	      2.88	     61.70	     50.38	-6.27	 5.785e-05	      4.76	0	Gaussian	321.971029	38.841365
506	1	  0.001476	  0.000954	     -1.00	    564.29	    487.67	      3.94	      2.80	     69.00	     49.00	8.95	 1.267e-04	      4.76	0	Gaussian	318.988874	38.261407
507	1	  0.001473	  0.000984	     -1.00	    342.83	    402.69	      3.78	      2.89	     66.17	     50.59	-11.37	 7.906e-05	      4.77	0	Gaussian	320.363499	38.455969
508	1	  0.001487	  0.001120	     -1.00	    502.08	    294.83	      3.49	      2.83	     61.08	     49.61	-4.17	 9.184e-05	      4.77	0	Gaussian	319.573795	39.090609
509	1	  0.001449	  0.001130	     -1.00	    299.21	    520.47	      3.58	      2.78	     62.68	     48.65	-3.34	 4.434e-05	      4.77	0	Gaussian	320.467963	37.880795
510	1	  0.001493	  0.001132	     -1.00	    102.60	    729.98	      3.44	      2.84	     60.13	     49.77	-0.06	 1.223e-04	      4.77	0	Gaussian	321.311719	36.752887
511	1	  0.001476	  0.000931	     -1.00	    356.17	    422.79	      3.90	      2.99	     68.26	     52.41	4.76	 5.282e-05	      4.78	0	Gaussian	320.262440	38.376504
512	1	  0.001466	  0.000691	     -1.00	    648.88	    486.21	      5.68	      2.63	     99.34	     45.99	5.02	 6.240e-05	      4.79	0	Gaussian	318.501350	38.338164
513	1	  0.001440	  0.000615	     -1.00	    792.46	    462.22	      4.65	      3.57	     81.32	     62.56	47.34	 4.314e-05	      4.79	0	Gaussian	317.691769	38.563341
514	1	  0.001453	  0.001031	     -1.00	    260.06	    668.69	      3.68	      2.94	     64.48	     51.44	-2.51	 3.347e-05	      4.79	0	Gaussian	320.508262	37.172832
515	1	  0.001482	  0.001092	     -1.00	    650.06	     98.07	      3.34	      2.92	     58.47	     51.07	5.32	 8.507e-05	      4.80	0	Gaussian	318.935333	40.121990
516	1	  0.001469	  0.000995	     -1.00	    254.90	     64.80	      3.67	      2.89	     64.17	     50.63	-7.12	 4.698e-05	      4.81	0	Gaussian	321.302059	39.910606
517	1	  0.001436	  0.000454	     -1.00	     74.39	    388.82	      5.68	      3.95	     99.47	     69.16	-15.60	 3.946e-05	      4.81	0	Gaussian	321.909621	38.266213
518	1	  0.001539	  0.001229	     -1.00	    597.47	    562.52	      3.34	      2.66	     58.42	     46.52	-3.35	 1.658e-04	      4.81	0	Gaussian	318.713480	37.946211
519	1	  0.001475	  0.001162	     -1.00	    601.77	    575.58	      3.43	      2.75	     60.10	     48.12	-7.60	 1.163e-04	      4.82	0	Gaussian	318.674264	37.889914
520	1	  0.001467	  0.001054	     -1.00	     68.31	    185.59	      3.63	      2.75	     63.49	     48.21	-4.28	 6.530e-05	      4.82	0	Gaussian	322.217033	39.178374
521	1	  0.001429	  0.000533	     -1.00	    210.75	    427.68	      5.21	      3.57	     91.16	     62.41	60.74	 3.050e-05	      4.83	0	Gaussian	321.086333	38.220685
522	1	  0.001457	  0.000993	     -1.00	    494.35	    310.69	      3.70	      2.82	     64.80	     49.36	-0.45	 5.020e-05	      4.83	0	Gaussian	319.599942	39.011255
523	1	  0.001454	  0.000623	     -1.00	     82.23	    211.86	      4.85	      3.34	     84.96	     58.51	-17.74	 4.282e-05	      4.83	0	Gaussian	322.101811	39.073558
524	1	  0.001446	  0.000565	     -1.00	    187.33	    188.38	      5.02	      3.56	     87.86	     62.29	-49.87	 3.172e-05	      4.84	0	Gaussian	321.530295	39.283585
525	1	  0.001540	  0.001257	     -1.00	    302.19	     46.47	      3.14	      2.56	     54.95	     44.84	2.11	 2.235e-04	      4.84	0	Gaussian	321.050053	40.039818
526	1	  0.001478	  0.001060	     -1.00	    267.59	     10.79	      3.58	      2.81	     62.64	     49.21	3.15	 6.883e-05	      4.84	0	Gaussian	321.299336	40.168521
527	1	  0.001476	  0.001129	     -1.00	    420.94	    131.30	      3.28	      2.74	     57.44	     47.93	5.08	 1.079e-04	      4.84	0	Gaussian	320.246885	39.765100
528	1	  0.001493	  0.001034	     -1.00	    507.39	    428.74	      3.38	      3.05	     59.09	     53.40	-5.94	 8.229e-05	      4.85	0	Gaussian	319.385239	38.482662
529	1	  0.001467	  0.000566	     -1.00	    428.55	    762.96	      5.39	      3.29	     94.38	     57.64	36.94	 9.659e-05	      4.85	0	Gaussian	319.449129	36.890564
530	1	  0.001453	  0.001091	     -1.00	    442.16	    320.60	      3.51	      2.73	     61.50	     47.75	0.55	 5.597e-05	      4.85	0	Gaussian	319.890952	38.919736
531	1	  0.001470	  0.000811	     -1.00	    162.36	    718.88	      4.30	      2.87	     75.26	     50.29	-4.37	 9.232e-05	      4.86	0	Gaussian	320.993258	36.857662
532	1	  0.001443	  0.001020	     -1.00	    313.80	    360.33	      3.58	      2.89	     62.59	     50.64	-1.39	 4.288e-05	      4.86	0	Gaussian	320.582530	38.622272
533	1	  0.001450	  0.000866	     -1.00	    301.88	     78.87	      3.90	      2.91	     68.23	     50.89	-9.41	 4.132e-05	      4.86	0	Gaussian	321.009716	39.892048
534	1	  0.001485	  0.001068	     -1.00	    409.91	    588.91	      3.37	      2.80	     58.91	     49.07	-13.23	 7.663e-05	      4.86	0	Gaussian	319.756412	37.667255
535	1	  0.001470	  0.000946	     -1.00	    501.66	    638.52	      3.71	      2.80	     64.97	     48.96	-17.38	 1.293e-04	      4.86	0	Gaussian	319.176608	37.519147
536	1	  0.001462	  0.001033	     -1.00	    131.03	    564.45	      3.52	      2.80	     61.69	     48.94	1.59	 5.862e-05	      4.86	0	Gaussian	321.362501	37.526745
537	1	  0.001472	  0.001001	     -1.00	    189.25	    742.39	      3.53	      2.86	     61.82	     50.10	-1.03	 1.738e-04	      4.87	0	Gaussian	320.814480	36.775710
538	1	  0.001444	  0.000962	     -1.00	    733.33	    264.78	      3.54	      3.14	     61.98	     54.98	-3.05	 3.725e-05	      4.87	0	Gaussian	318.252701	39.425176
539	1	  0.001456	  0.001081	     -1.00	    764.23	    130.36	      3.40	      2.85	     59.45	     49.81	3.23	 6.791e-05	      4.87	0	Gaussian	318.218941	40.069854
540	1	  0.001487	  0.001085	     -1.00	    402.44	     90.45	      3.43	      2.80	     59.99	     48.95	-2.62	 5.993e-05	      4.87	0	Gaussian	320.406525	39.934461
541	1	  0.001459	  0.000956	     -1.00	     22.91	    202.80	      3.63	      2.88	     63.53	     50.40	-5.42	 5.467e-05	      4.87	0	Gaussian	322.452607	39.054798
542	1	  0.001450	  0.000829	     -1.00	    250.62	    279.00	      3.86	      3.12	     67.62	     54.60	-10.17	 6.188e-05	      4.88	0	Gaussian	321.048273	38.933061
543	1	  0.001489	  0.000768	     -1.00	    274.33	    305.62	      4.60	      2.79	     80.53	     48.83	-2.35	 1.003e-04	      4.88	0	Gaussian	320.878017	38.834439
544	1	  0.001462	  0.000775	     -1.00	     79.19	    574.14	      4.76	      2.71	     83.25	     47.49	-10.59	 4.968e-05	      4.88	0	Gaussian	321.640489	37.434137
545	1	  0.001488	  0.000902	     -1.00	    416.32	     49.68	      3.92	      2.58	     68.59	     45.08	9.54	 8.899e-05	      4.88	0	Gaussian	320.376400	40.133580
546	1	  0.001456	  0.000846	     -1.00	    525.20	    773.64	      3.96	      2.95	     69.28	     51.64	-6.27	 6.511e-05	      4.89	0	Gaussian	318.891383	36.921876
547	1	  0.001443	  0.000977	     -1.00	    559.20	    706.40	      3.70	      2.77	     64.82	     48.52	-8.10	 4.682e-05	      4.89	0	Gaussian	318.772838	37.256632
548	1	  0.001443	  0.000872	     -1.00	    702.14	    458.79	      3.77	      3.07	     66.04	     53.66	-5.59	 4.840e-05	      4.89	0	Gaussian	318.222137	38.507357
549	1	  0.001484	  0.000968	     -1.00	    194.86	    632.82	      3.57	      2.83	     62.48	     49.52	-7.98	 9.107e-05	      4.89	0	Gaussian	320.918325	37.276509
550	1	  0.001498	  0.000886	     -1.00	    386.15	    556.07	      3.48	      3.16	     60.90	     55.40	-0.32	 9.859e-05	      4.89	0	Gaussian	319.930537	37.796143
551	1	  0.001459	  0.000803	     -1.00	    740.16	    134.79	      4.59	      2.55	     80.28	     44.56	-10.66	 1.689e-04	      4.89	0	Gaussian	318.357390	40.029474
552	1	  0.001494	  0.000920	     -1.00	     75.51	    445.82	      3.69	      2.99	     64.58	     52.27	0.31	 1.170e-04	      4.89	0	Gaussian	321.828189	38.009872
553	1	  0.001443	  0.000972	     -1.00	    330.33	     83.16	      3.45	      3.07	     60.44	     53.65	-4.57	 3.045e-05	      4.90	0	Gaussian	320.838024	39.899745
554	1	  0.001484	  0.000899	     -1.00	    172.03	     62.50	      4.02	      2.51	     70.29	     43.85	-0.12	 1.119e-04	      4.90	0	Gaussian	321.786683	39.839338
555	1	  0.001483	  0.000926	     -1.00	     78.37	    662.46	      3.62	      3.05	     63.36	     53.35	-13.19	 8.190e-05	      4.90	0	Gaussian	321.531788	37.034894
556	1	  0.001457	  0.000960	     -1.00	    391.78	    392.35	      3.55	      2.82	     62.10	     49.38	-0.86	 9.073e-05	      4.90	0	Gaussian	320.094983	38.547245
557	1	  0.001480	  0.001112	     -1.00	    233.10	    579.23	      3.27	      2.71	     57.24	     47.38	-3.29	 1.042e-04	      4.91	0	Gaussian	320.769737	37.554146
558	1	  0.001449	  0.000967	     -1.00	    239.93	    173.70	      3.61	      2.78	     63.22	     48.68	-4.58	 3.830e-05	      4.91	0	Gaussian	321.246068	39.401230
559	1	  0.001472	  0.000329	     -1.00	    515.71	    704.20	      7.73	      3.87	    135.30	     67.68	41.47	 8.140e-05	      4.91	0	Gaussian	319.022577	37.231013
560	1	  0.001537	  0.001033	     -1.00	     99.23	    771.58	      3.49	      2.61	     61.10	     45.63	-3.29	 3.805e-04	      4.92	0	Gaussian	321.278236	36.562233
561	1	  0.001449	  0.001031	     -1.00	    154.99	    478.31	      3.52	      2.77	     61.59	     48.43	-1.71	 3.706e-05	      4.92	0	Gaussian	321.337685	37.938867
562	1	  0.001491	  0.000856	     -1.00	    490.69	    728.66	      3.83	      2.77	     66.98	     48.43	-5.47	 9.516e-05	      4.92	0	Gaussian	319.137007	37.098674
563	1	  0.001513	  0.000990	     -1.00	    362.03	    442.54	      3.53	      2.73	     61.75	     47.81	-1.27	 1.247e-04	      4.92	0	Gaussian	320.204746	38.291829
564	1	  0.001437	  0.000439	     -1.00	     74.89	    624.12	      5.16	      3.95	     90.37	     69.18	-23.20	 3.737e-05	      4.92	0	Gaussian	321.600215	37.204556
565	1	  0.001479	  0.001061	     -1.00	    494.55	    643.75	      3.26	      2.85	     57.13	     49.82	-5.46	 1.308e-04	      4.92	0	Gaussian	319.211181	37.489323
566	1	  0.001455	  0.000785	     -1.00	    777.83	    343.04	      4.19	      2.81	     73.28	     49.26	12.38	 9.728e-05	      4.93	0	Gaussian	317.904799	39.100772
567	1	  0.001447	  0.000865	     -1.00	    176.61	    754.25	      3.73	      3.10	     65.20	     54.33	-0.62	 5.317e-05	      4.93	0	Gaussian	320.870317	36.710745
568	1	  0.001446	  0.000782	     -1.00	    202.95	    300.02	      4.36	      2.73	     76.36	     47.81	9.65	 4.478e-05	      4.93	0	Gaussian	321.294632	38.792289
569	1	  0.001430	  0.000875	     -1.00	    719.97	    200.83	      3.68	      2.99	     64.33	     52.36	-5.75	 2.740e-05	      4.94	0	Gaussian	318.402996	39.708543
570	1	  0.001585	  0.000987	     -1.00	    765.43	    651.65	      3.61	      2.63	     63.18	     46.07	-16.88	 3.378e-04	      4.94	0	Gaussian	317.650128	37.670826
571	1	  0.001441	  0.000940	     -1.00	     57.05	    240.68	      3.63	      2.89	     63.54	     50.58	-1.56	 3.896e-05	      4.94	0	Gaussian	322.206436	38.918204
572	1	  0.001479	  0.000717	     -1.00	    290.42	    122.27	      3.94	      3.55	     69.00	     62.08	9.94	 6.269e-05	      4.94	0	Gaussian	321.020159	39.683545
573	1	  0.001478	  0.001038	     -1.00	    209.48	     49.77	      3.42	      2.78	     59.94	     48.71	-1.02	 1.200e-04	      4.95	0	Gaussian	321.586346	39.934244
574	1	  0.001456	  0.000944	     -1.00	    648.94	    700.25	      3.49	      2.84	     61.12	     49.72	-4.96	 3.942e-05	      4.95	0	Gaussian	318.267603	37.356910
575	1	  0.001511	  0.001006	     -1.00	      8.62	     90.46	      3.39	      2.82	     59.36	     49.30	1.57	 8.928e-05	      4.95	0	Gaussian	322.690045	39.546963
576	1	  0.001464	  0.000927	     -1.00	     51.34	    261.52	      3.57	      2.98	     62.44	     52.24	-6.13	 7.887e-05	      4.95	0	Gaussian	322.210696	38.818358
577	1	  0.001427	  0.000910	     -1.00	    160.18	    459.26	      3.69	      2.81	     64.56	     49.13	-1.90	 2.546e-05	      4.96	0	Gaussian	321.332778	38.030014
578	1	  0.001469	  0.000938	     -1.00	    347.46	    543.26	      3.70	      2.84	     64.79	     49.63	-7.25	 6.485e-05	      4.96	0	Gaussian	320.166044	37.820345
579	1	  0.001468	  0.000958	     -1.00	      8.74	     36.27	      3.55	      2.82	     62.10	     49.30	-5.35	 4.949e-05	      4.96	0	Gaussian	322.765465	39.791509
580	1	  0.001464	  0.001055	     -1.00	    595.92	    598.27	      3.28	      2.66	     57.33	     46.63	-0.34	 9.346e-05	      4.96	0	Gaussian	318.682672	37.781199
581	1	  0.001468	  0.000912	     -1.00	    697.19	    288.12	      3.57	      2.89	     62.44	     50.66	0.96	 8.721e-05	      4.96	0	Gaussian	318.439609	39.287989
582	1	  0.001462	  0.000850	     -1.00	    367.19	    479.17	      3.68	      2.94	     64.45	     51.46	-10.56	 4.463e-05	      4.97	0	Gaussian	320.130881	38.129627
583	1	  0.001482	  0.000654	     -1.00	    713.08	    376.25	      3.90	      3.31	     68.26	     57.93	-87.73	 1.571e-04	      4.97	0	Gaussian	318.248682	38.895676
584	1	  0.001460	  0.000841	     -1.00	    336.07	    428.88	      3.72	      3.01	     65.19	     52.60	-7.44	 7.154e-05	      4.98	0	Gaussian	320.370056	38.330629
585	1	  0.001467	  0.000785	     -1.00	    707.58	    103.76	      3.85	      2.89	     67.41	     50.58	-16.10	 9.744e-05	      4.98	0	Gaussian	318.586638	40.144986
586	1	  0.001462	  0.000887	     -1.00	    209.17	    389.57	      3.64	      2.87	     63.74	     50.20	-0.14	 4.977e-05	      4.99	0	Gaussian	321.143918	38.392012
587	1	  0.001516	  0.000924	     -1.00	    250.81	    362.89	      3.43	      2.77	     60.05	     48.48	-8.24	 4.505e-04	      4.99	0	Gaussian	320.940208	38.552174
588	1	  0.001465	  0.000846	     -1.00	    393.78	    619.61	      3.72	      2.79	     65.03	     48.87	-5.73	 5.460e-05	      4.99	0	Gaussian	319.811963	37.513489
589	1	  0.001464	  0.000814	     -1.00	    423.26	    147.66	      3.82	      2.84	     66.78	     49.77	0.80	 4.645e-05	      4.99	0	Gaussian	320.212929	39.692492
590	1	  0.001510	  0.001047	     -1.00	     30.01	     10.57	      3.35	      2.61	     58.65	     45.60	-1.71	 1.485e-04	      4.99	0	Gaussian	322.679225	39.929561
591	1	  0.001462	  0.000511	     -1.00	    167.76	    316.23	      6.33	      2.84	    110.84	     49.70	4.55	 7.993e-05	      4.99	0	Gaussian	321.474699	38.685064
592	1	  0.001458	  0.000803	     -1.00	    556.95	    304.49	      3.99	      2.85	     69.80	     49.82	-18.29	 3.357e-05	      4.99	0	Gaussian	319.242565	39.094206
593	1	  0.001446	  0.000744	     -1.00	    472.23	    400.56	      3.99	      2.98	     69.92	     52.21	-11.96	 4.639e-05	      5.00	0	Gaussian	319.621438	38.580966
594	1	  0.001452	  0.000531	     -1.00	    733.64	    614.91	      5.39	      2.99	     94.32	     52.35	-9.62	 4.546e-05	      5.00	0	Gaussian	317.871988	37.815019
595	1	  0.001440	  0.000916	     -1.00	     63.15	    306.46	      3.57	      2.83	     62.42	     49.53	-7.66	 2.821e-05	      5.00	0	Gaussian	322.083027	38.627170
596	1	  0.001471	  0.000672	     -1.00	    435.89	    457.61	      4.57	      2.93	     80.04	     51.28	9.09	 1.283e-04	      5.00	0	Gaussian	319.763103	38.288645
597	1	  0.001465	  0.000912	     -1.00	    595.29	    396.95	      3.56	      2.49	     62.39	     43.51	-8.88	 8.157e-05	      5.01	0	Gaussian	318.912581	38.703112
598	1	  0.001459	  0.000902	     -1.00	    186.40	     79.12	      3.47	      2.99	     60.75	     52.28	-1.70	 4.782e-05	      5.01	0	Gaussian	321.681035	39.778256
599	1	  0.001455	  0.000884	     -1.00	    472.36	    704.74	      3.22	      3.07	     56.39	     53.68	-18.12	 6.001e-05	      5.01	0	Gaussian	319.267913	37.192488
600	1	  0.001490	  0.000721	     -1.00	    620.75	     92.22	      3.88	      3.01	     67.98	     52.72	-20.61	 7.488e-05	      5.01	0	Gaussian	319.116283	40.123421
601	1	  0.001515	  0.001024	     -1.00	    552.51	    786.34	      3.28	      2.70	     57.32	     47.26	-9.57	 3.470e-04	      5.01	0	Gaussian	318.722840	36.886090
602	1	  0.001466	  0.000942	     -1.00	    707.29	    285.91	      3.15	      2.99	     55.15	     52.34	1.38	 1.036e-04	      5.01	0	Gaussian	318.382640	39.306519
603	1	  0.001439	  0.000607	     -1.00	    640.85	    421.24	      3.85	      3.37	     67.30	     59.06	-16.19	 4.240e-05	      5.02	0	Gaussian	318.620230	38.629737
604	1	  0.001503	  0.000460	     -1.00	    214.66	    210.74	      6.04	      2.99	    105.79	     52.33	-13.70	 2.249e-04	      5.02	0	Gaussian	321.343574	39.208669
605	1	  0.001466	  0.000821	     -1.00	    400.72	     35.80	      3.65	      2.85	     63.81	     49.95	-6.66	 5.553e-05	      5.02	0	Gaussian	320.485763	40.182341
606	1	  0.001464	  0.000937	     -1.00	    604.51	    281.39	      3.47	      2.78	     60.69	     48.60	1.75	 5.278e-05	      5.02	0	Gaussian	318.991370	39.240986
607	1	  0.001792	  0.001457	     -1.00	    208.86	    787.45	      2.57	      2.09	     44.91	     36.54	10.70	 1.440e-03	      5.03	0	Gaussian	320.650361	36.589504
608	1	  0.001448	  0.000789	     -1.00	    230.44	    557.33	      3.98	      2.90	     69.70	     50.82	-2.00	 4.622e-05	      5.03	0	Gaussian	320.811922	37.650992
609	1	  0.001471	  0.000909	     -1.00	    115.52	    401.84	      3.39	      2.97	     59.33	     52.02	-1.56	 9.214e-05	      5.03	0	Gaussian	321.659854	38.247221
610	1	  0.001460	  0.000864	     -1.00	    767.38	    346.20	      3.65	      2.82	     63.88	     49.38	-12.65	 8.456e-05	      5.03	0	Gaussian	317.962846	39.077866
611	1	  0.001470	  0.000737	     -1.00	    485.73	    504.74	      3.79	      3.00	     66.34	     52.43	-17.21	 8.059e-05	      5.04	0	Gaussian	319.421507	38.116640
612	1	  0.001458	  0.000740	     -1.00	    706.04	    712.48	      3.92	      2.90	     68.68	     50.84	-10.75	 5.595e-05	      5.04	0	Gaussian	317.927811	37.345670
613	1	  0.001455	  0.000812	     -1.00	    424.77	    790.51	      3.76	      2.73	     65.78	     47.83	1.45	 5.996e-05	      5.04	0	Gaussian	319.438992	36.762019
614	1	  0.001462	  0.000562	     -1.00	    447.14	    288.94	      4.28	      3.52	     74.91	     61.63	32.20	 5.901e-05	      5.04	0	Gaussian	319.900352	39.068796
615	1	  0.001430	  0.000845	     -1.00	    480.38	    633.63	      3.44	      3.07	     60.26	     53.71	-12.94	 3.079e-05	      5.04	0	Gaussian	319.303403	37.523578
616	1	  0.001474	  0.000709	     -1.00	    690.61	    716.19	      3.81	      3.42	     66.64	     59.93	-9.00	 6.261e-05	      5.05	0	Gaussian	318.012252	37.316643
617	1	  0.001522	  0.000775	     -1.00	    171.70	    365.83	      3.66	      2.83	     64.04	     49.47	-1.82	 1.677e-04	      5.05	0	Gaussian	321.387814	38.464071
618	1	  0.001442	  0.000818	     -1.00	    208.13	    366.21	      3.71	      2.88	     64.99	     50.50	-0.52	 3.756e-05	      5.05	0	Gaussian	321.179752	38.497000
619	1	  0.001446	  0.000692	     -1.00	    586.58	    696.41	      4.05	      2.81	     70.91	     49.13	-15.22	 4.659e-05	      5.05	0	Gaussian	318.627875	37.324529
620	1	  0.001458	  0.000840	     -1.00	    404.09	    255.70	      3.63	      2.87	     63.61	     50.22	-5.81	 6.083e-05	      5.06	0	Gaussian	320.190943	39.181695
621	1	  0.001590	  0.001091	     -1.00	    751.45	    674.29	      2.88	      2.64	     50.41	     46.21	-16.64	 2.461e-04	      5.06	0	Gaussian	317.707100	37.556040
622	1	  0.001492	  0.000820	     -1.00	    441.28	    395.73	      3.62	      2.82	     63.37	     49.39	-0.11	 2.106e-04	      5.06	0	Gaussian	319.805804	38.575823
623	1	  0.001461	  0.000783	     -1.00	    505.56	     13.91	      3.76	      2.98	     65.84	     52.24	-5.86	 5.460e-05	      5.06	0	Gaussian	319.893963	40.379599
624	1	  0.001508	  0.000762	     -1.00	    593.81	     41.78	      3.64	      2.89	     63.78	     50.67	1.29	 9.960e-05	      5.06	0	Gaussian	319.336175	40.331290
625	1	  0.001453	  0.000815	     -1.00	     63.36	    147.18	      3.73	      2.99	     65.37	     52.36	1.61	 4.045e-05	      5.06	0	Gaussian	322.297848	39.346897
626	1	  0.001485	  0.000860	     -1.00	     34.65	    661.61	      3.51	      2.91	     61.43	     50.97	-7.54	 8.821e-05	      5.07	0	Gaussian	321.775807	36.997618
627	1	  0.001450	  0.000264	     -1.00	    526.32	    646.72	      7.75	      4.01	    135.69	     70.25	40.51	 5.438e-05	      5.07	0	Gaussian	319.026774	37.502262
628	1	  0.001489	  0.000246	     -1.00	    475.65	    715.26	     10.03	      3.55	    175.62	     62.13	-3.95	 1.282e-04	      5.08	0	Gaussian	319.237304	37.147290
629	1	  0.001479	  0.000785	     -1.00	    293.03	    181.79	      3.76	      2.86	     65.89	     50.11	-8.79	 4.459e-05	      5.08	0	Gaussian	320.928247	39.415249
630	1	  0.001476	  0.000838	     -1.00	    392.33	    724.09	      3.55	      2.91	     62.11	     51.02	-8.76	 7.682e-05	      5.08	0	Gaussian	319.698080	37.036742
631	1	  0.001455	  0.000717	     -1.00	     41.63	    462.26	      3.92	      3.13	     68.63	     54.84	-13.44	 4.967e-05	      5.08	0	Gaussian	321.997081	37.902804
632	1	  0.001534	  0.000801	     -1.00	    266.51	    272.89	      3.67	      2.64	     64.27	     46.19	-22.41	 3.106e-04	      5.08	0	Gaussian	320.964690	38.975844
633	1	  0.001463	  0.000810	     -1.00	    267.94	    763.35	      3.64	      2.75	     63.69	     48.12	-0.87	 7.623e-05	      5.09	0	Gaussian	320.350029	36.750762
634	1	  0.001553	  0.000902	     -1.00	    370.26	     82.25	      3.46	      2.53	     60.62	     44.22	-2.92	 3.127e-04	      5.09	0	Gaussian	320.605506	39.941709
635	1	  0.001446	  0.000791	     -1.00	    139.52	    576.21	      3.72	      2.95	     65.07	     51.67	-10.47	 3.661e-05	      5.10	0	Gaussian	321.299892	37.481501
636	1	  0.001432	  0.000449	     -1.00	    153.47	    331.73	      5.04	      3.54	     88.28	     61.99	-27.24	 3.057e-05	      5.10	0	Gaussian	321.535947	38.601065
637	1	  0.001519	  0.000703	     -1.00	    471.04	    100.95	      4.04	      2.75	     70.77	     48.18	4.35	 1.911e-04	      5.10	0	Gaussian	319.990395	39.949778
638	1	  0.001454	  0.000717	     -1.00	    152.23	    133.90	      3.66	      2.93	     64.12	     51.24	-0.71	 3.903e-05	      5.10	0	Gaussian	321.805093	39.496051
639	1	  0.001443	  0.000714	     -1.00	    486.60	     72.43	      3.92	      3.10	     68.63	     54.20	3.20	 2.422e-05	      5.10	0	Gaussian	319.933876	40.094466
640	1	  0.001453	  0.000764	     -1.00	    103.09	    183.11	      3.78	      2.87	     66.24	     50.22	-1.13	 6.206e-05	      5.11	0	Gaussian	322.021298	39.224372
641	1	  0.001455	  0.000781	     -1.00	    635.13	    296.82	      3.66	      2.91	     64.06	     50.98	-3.65	 6.529e-05	      5.11	0	Gaussian	318.794195	39.196166
642	1	  0.001467	  0.000827	     -1.00	    401.21	    456.16	      3.50	      2.81	     61.35	     49.26	-4.41	 6.274e-05	      5.11	0	Gaussian	319.963820	38.264696
643	1	  0.001474	  0.000556	     -1.00	    332.43	    224.73	      5.01	      2.84	     87.63	     49.65	3.37	 8.601e-05	      5.11	0	Gaussian	320.645184	39.256832
644	1	  0.001432	  0.000687	     -1.00	    747.79	    380.30	      3.82	      2.98	     66.94	     52.17	1.33	 4.358e-05	      5.12	0	Gaussian	318.040919	38.905137
645	1	  0.001441	  0.000656	     -1.00	    374.42	    603.82	      4.21	      2.90	     73.64	     50.70	-8.56	 3.878e-05	      5.12	0	Gaussian	319.940455	37.568487
646	1	  0.001457	  0.000414	     -1.00	    384.83	    197.22	      4.75	      3.63	     83.15	     63.60	88.04	 4.797e-05	      5.12	0	Gaussian	320.375453	39.430878
647	1	  0.001476	  0.000729	     -1.00	    480.97	     98.81	      3.73	      2.88	     65.21	     50.35	-6.80	 1.111e-04	      5.12	0	Gaussian	319.934574	39.968621
648	1	  0.001455	  0.000543	     -1.00	    446.20	    535.96	      3.84	      3.55	     67.17	     62.20	50.34	 5.473e-05	      5.12	0	Gaussian	319.611546	37.940093
649	1	  0.001440	  0.000804	     -1.00	    696.46	     57.78	      3.45	      3.02	     60.37	     52.88	-0.69	 3.375e-05	      5.12	0	Gaussian	318.705752	40.347121
650	1	  0.001465	  0.000825	     -1.00	    402.27	    287.34	      3.55	      2.71	     62.15	     47.49	-3.75	 1.523e-04	      5.12	0	Gaussian	320.162600	39.035672
651	1	  0.001434	  0.000342	     -1.00	    338.72	    779.77	      5.22	      4.40	     91.41	     77.09	23.42	 4.786e-05	      5.12	0	Gaussian	319.934508	36.737811
652	1	  0.001520	  0.000688	     -1.00	    655.20	    673.84	      3.91	      2.83	     68.37	     49.58	-18.71	 1.927e-04	      5.13	0	Gaussian	318.260179	37.482871
653	1	  0.001449	  0.000786	     -1.00	      8.21	    388.54	      3.73	      2.71	     65.27	     47.44	-2.77	 4.176e-05	      5.13	0	Gaussian	322.283340	38.202423
654	1	  0.001462	  0.000664	     -1.00	    631.71	    576.58	      3.81	      3.03	     66.71	     53.07	-16.73	 5.722e-05	      5.13	0	Gaussian	318.500910	37.909743
655	1	  0.001480	  0.000545	     -1.00	    151.41	     75.26	      4.86	      2.82	     85.14	     49.35	-7.12	 6.899e-05	      5.13	0	Gaussian	321.888862	39.760888
656	1	  0.001450	  0.000865	     -1.00	     55.88	    550.29	      3.44	      2.64	     60.13	     46.20	-1.09	 4.453e-05	      5.13	0	Gaussian	321.801761	37.519534
657	1	  0.001464	  0.000449	     -1.00	    318.03	     18.92	      4.28	      4.04	     74.94	     70.66	79.54	 5.496e-05	      5.13	0	Gaussian	320.993267	40.180525
658	1	  0.001430	  0.000657	     -1.00	    663.56	    736.50	      3.66	      3.44	     64.02	     60.29	-11.93	 3.201e-05	      5.14	0	Gaussian	318.145336	37.202403
659	1	  0.001454	  0.000452	     -1.00	    491.08	    378.81	      6.37	      2.78	    111.48	     48.63	-4.11	 6.048e-05	      5.14	0	Gaussian	319.538119	38.696841
660	1	  0.001447	  0.000708	     -1.00	    466.84	     14.59	      3.75	      2.93	     65.56	     51.33	-16.00	 3.126e-05	      5.14	0	Gaussian	320.122393	40.340896
661	1	  0.001459	  0.000459	     -1.00	    677.82	    652.79	      4.39	      3.74	     76.85	     65.37	7.90	 5.338e-05	      5.15	0	Gaussian	318.153035	37.597265
662	1	  0.001439	  0.000492	     -1.00	    200.92	    481.73	      4.25	      3.67	     74.33	     64.29	8.74	 3.056e-05	      5.15	0	Gaussian	321.073558	37.966434
663	1	  0.001452	  0.000678	     -1.00	    688.23	    664.85	      3.90	      2.95	     68.28	     51.71	-1.82	 5.735e-05	      5.15	0	Gaussian	318.080391	37.550195
664	1	  0.001462	  0.000704	     -1.00	    421.91	     70.94	      3.70	      2.96	     64.78	     51.76	-9.03	 6.741e-05	      5.16	0	Gaussian	320.316742	40.041683
665	1	  0.001456	  0.000724	     -1.00	    361.75	     51.38	      3.72	      2.74	     65.17	     47.91	-2.89	 3.449e-05	      5.16	0	Gaussian	320.694902	40.074462
666	1	  0.001502	  0.000805	     -1.00	    401.71	    383.42	      3.55	      2.57	     62.07	     45.03	-3.95	 2.768e-04	      5.17	0	Gaussian	320.048649	38.596827
667	1	  0.001559	  0.000361	     -1.00	    564.29	    505.90	      6.40	      3.08	    112.05	     53.94	68.00	 3.715e-04	      5.17	0	Gaussian	318.968175	38.177930
668	1	  0.001465	  0.000746	     -1.00	    741.22	    636.21	      3.67	      2.78	     64.17	     48.72	-7.84	 4.770e-05	      5.17	0	Gaussian	317.805818	37.723062
669	1	  0.001446	  0.000338	     -1.00	    708.18	    740.96	      5.69	      3.90	     99.58	     68.31	-66.22	 4.912e-05	      5.17	0	Gaussian	317.885684	37.216697
670	1	  0.001508	  0.000882	     -1.00	    710.29	    337.46	      3.39	      2.50	     59.36	     43.81	0.24	 3.044e-04	      5.18	0	Gaussian	318.307769	39.071834
671	1	  0.001467	  0.000758	     -1.00	    262.40	    111.14	      3.58	      2.97	     62.65	     51.92	-3.63	 5.170e-05	      5.18	0	Gaussian	321.197576	39.707208
672	1	  0.001465	  0.000802	     -1.00	    700.45	    111.46	      3.53	      2.81	     61.79	     49.14	-4.82	 1.022e-04	      5.18	0	Gaussian	318.620236	40.103489
673	1	  0.001505	  0.000818	     -1.00	     78.34	    348.51	      3.36	      2.71	     58.82	     47.47	6.28	 1.493e-04	      5.18	0	Gaussian	321.940758	38.452147
674	1	  0.001463	  0.000713	     -1.00	    153.72	    651.24	      3.83	      2.87	     66.97	     50.29	-11.32	 4.787e-05	      5.18	0	Gaussian	321.125790	37.155498
675	1	  0.001490	  0.000537	     -1.00	    516.08	    207.53	      4.51	      2.78	     78.98	     48.75	-14.98	 7.463e-05	      5.19	0	Gaussian	319.596324	39.502582
676	1	  0.001489	  0.000803	     -1.00	    654.50	    330.54	      3.51	      2.79	     61.36	     48.80	0.23	 1.939e-04	      5.19	0	Gaussian	318.642523	39.057516
677	1	  0.001452	  0.000703	     -1.00	    603.45	    162.01	      3.79	      2.73	     66.42	     47.84	6.06	 4.019e-05	      5.19	0	Gaussian	319.136535	39.787914
678	1	  0.001481	  0.000755	     -1.00	    483.91	    252.29	      3.67	      2.80	     64.27	     49.04	-4.08	 7.563e-05	      5.19	0	Gaussian	319.730616	39.269146
679	1	  0.001456	  0.000437	     -1.00	    682.65	    585.04	      4.64	      3.64	     81.28	     63.70	-0.27	 5.602e-05	      5.19	0	Gaussian	318.198095	37.911906
680	1	  0.001502	  0.000472	     -1.00	    338.67	    243.95	      5.66	      3.01	     99.11	     52.67	44.74	 1.614e-04	      5.19	0	Gaussian	320.584874	39.175112
681	1	  0.001463	  0.000607	     -1.00	    228.79	    732.83	      4.09	      2.76	     71.57	     48.29	-16.74	 5.914e-05	      5.20	0	Gaussian	320.605588	36.854353
682	1	  0.001453	  0.000752	     -1.00	    747.51	    256.51	      3.57	      2.89	     62.47	     50.62	2.13	 3.655e-05	      5.20	0	Gaussian	318.178097	39.474876
683	1	  0.001474	  0.000791	     -1.00	     10.94	    454.61	      3.53	      2.62	     61.75	     45.92	-6.86	 9.763e-05	      5.20	0	Gaussian	322.179503	37.907349
684	1	  0.001475	  0.000589	     -1.00	    567.85	    194.72	      4.13	      2.73	     72.23	     47.84	-11.57	 5.276e-05	      5.20	0	Gaussian	319.307712	39.606856
685	1	  0.001478	  0.000681	     -1.00	    723.70	    551.54	      3.77	      2.75	     65.98	     48.16	-3.91	 6.809e-05	      5.20	0	Gaussian	317.996840	38.098346
686	1	  0.001476	  0.000744	     -1.00	    243.38	    726.62	      3.41	      3.05	     59.62	     53.44	-9.09	 1.014e-04	      5.20	0	Gaussian	320.531540	36.895497
687	1	  0.001506	  0.000809	     -1.00	    773.95	    244.73	      3.36	      2.68	     58.76	     46.86	-3.63	 2.418e-04	      5.20	0	Gaussian	318.034654	39.550687
688	1	  0.001528	  0.000958	     -1.00	    610.11	    578.27	      3.05	      2.48	     53.43	     43.36	-4.45	 1.664e-04	      5.20	0	Gaussian	318.623330	37.884415
689	1	  0.001490	  0.000779	     -1.00	    116.50	    761.57	      3.34	      2.94	     58.53	     51.53	-8.60	 8.580e-05	      5.21	0	Gaussian	321.195095	36.623163
690	1	  0.001491	  0.000666	     -1.00	    241.27	    601.88	      3.83	      2.76	     67.02	     48.26	3.63	 1.427e-04	      5.21	0	Gaussian	320.695724	37.458882
691	1	  0.001463	  0.000659	     -1.00	      7.04	    444.92	      3.91	      2.89	     68.48	     50.59	-6.71	 4.101e-05	      5.21	0	Gaussian	322.214290	37.947207
692	1	  0.001475	  0.000628	     -1.00	    510.60	     76.58	      3.83	      2.88	     67.05	     50.49	-17.05	 8.691e-05	      5.22	0	Gaussian	319.787134	40.097253
693	1	  0.001504	  0.000680	     -1.00	    108.55	    721.80	      3.94	      2.79	     68.97	     48.84	22.08	 1.384e-04	      5.22	0	Gaussian	321.288936	36.795280
694	1	  0.001502	  0.000653	     -1.00	    347.12	    176.62	      3.71	      2.98	     64.95	     52.23	-4.89	 2.016e-04	      5.22	0	Gaussian	320.620774	39.489773
695	1	  0.001453	  0.000711	     -1.00	    227.75	     44.37	      3.68	      2.87	     64.45	     50.23	-8.72	 3.856e-05	      5.22	0	Gaussian	321.487225	39.976825
696	1	  0.001460	  0.000527	     -1.00	    328.51	    685.39	      4.26	      3.18	     74.61	     55.59	-10.33	 5.052e-05	      5.23	0	Gaussian	320.103192	37.157521
697	1	  0.001469	  0.000452	     -1.00	    114.27	    383.46	      4.67	      3.24	     81.81	     56.69	-83.93	 1.075e-04	      5.23	0	Gaussian	321.691021	38.329152
698	1	  0.001450	  0.000661	     -1.00	    718.64	    569.81	      3.88	      3.02	     67.90	     52.78	3.09	 2.895e-05	      5.23	0	Gaussian	318.006556	38.010409
699	1	  0.001462	  0.000679	     -1.00	    217.78	    562.57	      3.79	      2.66	     66.35	     46.64	-5.30	 4.082e-05	      5.23	0	Gaussian	320.876848	37.615667
700	1	  0.001439	  0.000652	     -1.00	    240.42	    378.89	      3.51	      2.95	     61.41	     51.60	61.75	 5.063e-05	      5.23	0	Gaussian	320.979294	38.469806
701	1	  0.001520	  0.000744	     -1.00	    370.78	    437.72	      3.46	      2.68	     60.65	     46.91	-16.93	 1.451e-04	      5.23	0	Gaussian	320.160478	38.321619
702	1	  0.001454	  0.000739	     -1.00	    263.29	    163.90	      3.63	      2.82	     63.49	     49.30	-6.75	 5.442e-05	      5.24	0	Gaussian	321.123641	39.468237
703	1	  0.001447	  0.000732	     -1.00	    696.58	    441.75	      3.73	      2.85	     65.26	     49.82	0.03	 3.771e-05	      5.24	0	Gaussian	318.273146	38.581157
704	1	  0.001471	  0.000595	     -1.00	    284.68	     69.45	      4.59	      2.56	     80.34	     44.85	-8.77	 5.953e-05	      5.25	0	Gaussian	321.122361	39.918340
705	1	  0.001464	  0.000666	     -1.00	     61.94	    261.51	      3.84	      2.86	     67.22	     50.05	1.10	 6.817e-05	      5.25	0	Gaussian	322.150460	38.828996
706	1	  0.001477	  0.000688	     -1.00	    661.26	    637.30	      3.74	      2.64	     65.49	     46.19	4.15	 1.598e-04	      5.25	0	Gaussian	318.264810	37.655156
707	1	  0.001486	  0.000769	     -1.00	    510.75	    225.35	      3.46	      2.72	     60.56	     47.60	-3.51	 5.956e-05	      5.25	0	Gaussian	319.606199	39.416241
708	1	  0.001476	  0.000629	     -1.00	    231.77	    615.48	      3.99	      2.54	     69.92	     44.51	-9.27	 6.052e-05	      5.25	0	Gaussian	320.732441	37.388611
709	1	  0.001450	  0.000570	     -1.00	    336.74	    568.82	      4.10	      2.85	     71.71	     49.88	-15.79	 4.965e-05	      5.26	0	Gaussian	320.196100	37.694560
710	1	  0.001465	  0.000671	     -1.00	    167.34	    643.51	      3.80	      2.64	     66.49	     46.18	5.20	 4.452e-05	      5.26	0	Gaussian	321.059221	37.202943
711	1	  0.001464	  0.000694	     -1.00	    263.11	    603.52	      3.74	      2.73	     65.50	     47.84	-9.49	 8.758e-05	      5.26	0	Gaussian	320.570588	37.471147
712	1	  0.001480	  0.000768	     -1.00	      5.53	    323.58	      3.36	      2.81	     58.72	     49.26	-4.50	 4.723e-05	      5.26	0	Gaussian	322.386251	38.492579
713	1	  0.001477	  0.000685	     -1.00	    166.25	    699.10	      3.56	      2.85	     62.25	     49.81	2.52	 7.160e-05	      5.27	0	Gaussian	320.996100	36.950609
714	1	  0.001539	  0.000587	     -1.00	     53.39	    764.59	      4.06	      2.78	     71.13	     48.57	21.32	 5.169e-04	      5.27	0	Gaussian	321.540452	36.551469
715	1	  0.001461	  0.000529	     -1.00	    553.09	    461.33	      4.22	      2.96	     73.78	     51.86	-37.41	 4.649e-05	      5.27	0	Gaussian	319.083612	38.372566
716	1	  0.001488	  0.000702	     -1.00	    279.12	    158.44	      3.70	      2.68	     64.68	     46.86	-0.84	 1.664e-04	      5.27	0	Gaussian	321.038990	39.508212
717	1	  0.001512	  0.000785	     -1.00	    433.13	    359.08	      3.31	      2.66	     57.87	     46.50	2.37	 1.408e-04	      5.28	0	Gaussian	319.896828	38.735954
718	1	  0.001448	  0.000287	     -1.00	    772.98	    199.73	      6.90	      3.18	    120.79	     55.73	-6.76	 6.448e-05	      5.28	0	Gaussian	318.089872	39.757333
719	1	  0.001449	  0.000644	     -1.00	    240.70	    640.07	      3.85	      2.99	     67.45	     52.33	-4.85	 3.585e-05	      5.28	0	Gaussian	320.651970	37.285244
720	1	  0.001509	  0.000545	     -1.00	    516.29	    499.96	      3.37	      3.24	     59.02	     56.70	-18.74	 1.849e-04	      5.28	0	Gaussian	319.251350	38.164584
721	1	  0.001479	  0.000585	     -1.00	    479.57	    148.32	      3.84	      3.18	     67.18	     55.66	9.38	 6.252e-05	      5.28	0	Gaussian	319.882093	39.740847
722	1	  0.001476	  0.000715	     -1.00	    432.19	    694.88	      3.46	      2.61	     60.52	     45.66	7.65	 5.997e-05	      5.29	0	Gaussian	319.506711	37.203608
723	1	  0.001545	  0.000914	     -1.00	    307.56	    584.69	      3.13	      2.47	     54.85	     43.19	-1.61	 3.883e-04	      5.29	0	Gaussian	320.342362	37.596483
724	1	  0.001451	  0.000684	     -1.00	    285.53	    370.93	      3.11	      3.07	     54.51	     53.76	4.27	 6.882e-05	      5.29	0	Gaussian	320.731330	38.547980
725	1	  0.001486	  0.000764	     -1.00	    412.36	     39.62	      3.36	      2.79	     58.85	     48.90	-6.44	 1.107e-04	      5.29	0	Gaussian	320.412426	40.175821
726	1	  0.001469	  0.000622	     -1.00	     60.78	    674.61	      3.80	      2.77	     66.45	     48.43	-7.41	 7.557e-05	      5.29	0	Gaussian	321.614056	36.963646
727	1	  0.001448	  0.000628	     -1.00	     85.29	    239.74	      3.80	      2.93	     66.43	     51.33	-3.86	 5.240e-05	      5.29	0	Gaussian	322.046749	38.950608
728	1	  0.001456	  0.000717	     -1.00	    409.75	    622.44	      3.47	      2.84	     60.74	     49.75	-7.81	 5.545e-05	      5.30	0	Gaussian	319.718023	37.514371
729	1	  0.001460	  0.000720	     -1.00	    309.34	    102.86	      3.05	      2.95	     53.36	     51.65	-10.18	 4.145e-05	      5.30	0	Gaussian	320.935093	39.789994
730	1	  0.001443	  0.000634	     -1.00	    116.86	    560.51	      3.73	      2.82	     65.28	     49.31	-6.67	 4.343e-05	      5.30	0	Gaussian	321.447031	37.531245
731	1	  0.001510	  0.000743	     -1.00	    483.20	    716.62	      3.38	      2.65	     59.24	     46.44	-7.91	 1.057e-04	      5.30	0	Gaussian	319.193010	37.147377
732	1	  0.001464	  0.000732	     -1.00	    184.79	    426.01	      3.58	      2.64	     62.69	     46.20	4.78	 7.674e-05	      5.30	0	Gaussian	321.235911	38.203849
733	1	  0.001479	  0.000553	     -1.00	    754.64	    626.54	      3.96	      2.81	     69.27	     49.20	-30.01	 7.639e-05	      5.31	0	Gaussian	317.738562	37.777889
734	1	  0.001455	  0.000475	     -1.00	     27.41	    356.87	      4.60	      2.70	     80.43	     47.30	23.86	 7.924e-05	      5.31	0	Gaussian	322.217653	38.364263
735	1	  0.001451	  0.000559	     -1.00	    100.15	    208.86	      4.06	      2.91	     71.10	     50.87	2.45	 4.416e-05	      5.31	0	Gaussian	322.003432	39.104990
736	1	  0.001468	  0.000448	     -1.00	    585.58	     79.79	      5.70	      2.60	     99.80	     45.56	12.85	 7.540e-05	      5.31	0	Gaussian	319.339578	40.149585
737	1	  0.001478	  0.000649	     -1.00	    198.15	     45.21	      3.79	      2.66	     66.35	     46.57	-11.78	 8.588e-05	      5.31	0	Gaussian	321.658317	39.943749
738	1	  0.001461	  0.000635	     -1.00	    115.00	    648.01	      3.85	      2.73	     67.36	     47.80	-12.08	 5.455e-05	      5.31	0	Gaussian	321.346074	37.134258
739	1	  0.001478	  0.000551	     -1.00	    638.27	    727.28	      3.95	      2.98	     69.22	     52.23	16.32	 8.725e-05	      5.31	0	Gaussian	318.299516	37.224655
740	1	  0.001465	  0.000643	     -1.00	    272.76	    712.42	      3.70	      2.71	     64.83	     47.43	-1.99	 4.082e-05	      5.31	0	Gaussian	320.384166	36.985839
741	1	  0.001466	  0.000295	     -1.00	    366.40	    542.31	      6.86	      3.39	    120.00	     59.39	38.54	 6.468e-05	      5.31	0	Gaussian	320.059395	37.841423
742	1	  0.001476	  0.000597	     -1.00	    779.90	    719.71	      3.81	      2.87	     66.73	     50.28	-0.64	 7.895e-05	      5.31	0	Gaussian	317.496613	37.369116
743	1	  0.001479	  0.000619	     -1.00	    515.53	    712.35	      4.08	      2.70	     71.39	     47.25	-18.09	 7.231e-05	      5.32	0	Gaussian	319.014429	37.193633
744	1	  0.001475	  0.000720	     -1.00	    348.09	     68.50	      3.50	      2.70	     61.18	     47.19	-2.39	 8.422e-05	      5.32	0	Gaussian	320.752933	39.983424
745	1	  0.001462	  0.000668	     -1.00	    777.57	    737.13	      3.65	      2.85	     63.92	     49.84	-8.86	 7.709e-05	      5.32	0	Gaussian	317.492141	37.287298
746	1	  0.001480	  0.000657	     -1.00	    107.86	    397.22	      3.60	      2.73	     62.92	     47.72	1.97	 1.170e-04	      5.32	0	Gaussian	321.709250	38.260735
747	1	  0.001463	  0.000292	     -1.00	    215.62	    126.89	      6.44	      3.48	    112.78	     60.85	-9.14	 4.654e-05	      5.33	0	Gaussian	321.448180	39.590231
748	1	  0.001451	  0.000555	     -1.00	    159.18	    435.88	      3.56	      2.87	     62.22	     50.18	23.44	 5.696e-05	      5.33	0	Gaussian	321.368475	38.134917
749	1	  0.001454	  0.000597	     -1.00	     47.67	    720.47	      3.90	      2.65	     68.30	     46.42	-8.77	 3.833e-05	      5.33	0	Gaussian	321.628133	36.744795
750	1	  0.001486	  0.000413	     -1.00	    393.44	    152.52	      5.26	      2.81	     92.12	     49.22	-18.29	 1.409e-04	      5.33	0	Gaussian	320.381162	39.642798
751	1	  0.001482	  0.000459	     -1.00	    617.14	    198.32	      4.97	      2.86	     87.02	     50.01	-21.95	 1.287e-04	      5.33	0	Gaussian	319.013386	39.633095
752	1	  0.001459	  0.000682	     -1.00	    760.08	     85.27	      3.51	      2.80	     61.44	     48.95	-5.25	 3.278e-05	      5.34	0	Gaussian	318.294291	40.274266
753	1	  0.001497	  0.000729	     -1.00	    417.81	    495.96	      3.26	      2.72	     57.06	     47.62	-9.58	 1.296e-04	      5.34	0	Gaussian	319.821203	38.097859
754	1	  0.001456	  0.000547	     -1.00	    780.66	    747.06	      3.77	      3.43	     65.90	     60.12	0.30	 8.372e-05	      5.34	0	Gaussian	317.464279	37.244038
755	1	  0.001475	  0.000640	     -1.00	     92.75	    185.75	      3.60	      2.73	     63.04	     47.76	-14.71	 1.003e-04	      5.35	0	Gaussian	322.076968	39.202146
756	1	  0.001503	  0.000654	     -1.00	     83.68	    455.48	      3.58	      2.62	     62.70	     45.85	-8.87	 1.390e-04	      5.35	0	Gaussian	321.769476	37.974122
757	1	  0.001473	  0.000725	     -1.00	     82.42	    178.54	      3.13	      2.81	     54.76	     49.13	-22.31	 7.916e-05	      5.35	0	Gaussian	322.145917	39.224371
758	1	  0.001447	  0.000487	     -1.00	    461.89	    583.90	      4.72	      2.76	     82.54	     48.35	-28.27	 4.040e-05	      5.36	0	Gaussian	319.466098	37.734806
759	1	  0.001462	  0.000348	     -1.00	    683.92	    567.62	      5.29	      3.37	     92.60	     58.97	3.98	 5.499e-05	      5.36	0	Gaussian	318.209603	37.992904
760	1	  0.001462	  0.000328	     -1.00	    262.52	    180.45	      6.71	      2.81	    117.38	     49.14	-4.13	 6.125e-05	      5.36	0	Gaussian	321.106670	39.392248
761	1	  0.001467	  0.000670	     -1.00	    717.31	    268.57	      3.53	      2.70	     61.83	     47.23	-6.03	 1.042e-04	      5.36	0	Gaussian	318.342951	39.394567
762	1	  0.001467	  0.000462	     -1.00	    482.03	    464.78	      4.83	      2.80	     84.50	     48.97	-2.24	 7.605e-05	      5.36	0	Gaussian	319.489373	38.296032
763	1	  0.001457	  0.000288	     -1.00	    155.96	     50.76	      5.41	      3.97	     94.70	     69.40	48.12	 4.131e-05	      5.36	0	Gaussian	321.895726	39.876465
764	1	  0.001456	  0.000246	     -1.00	    789.97	    654.63	      5.34	      4.24	     93.54	     74.19	37.16	 3.968e-05	      5.37	0	Gaussian	317.505509	37.675874
765	1	  0.001446	  0.000575	     -1.00	    508.55	    561.42	      4.06	      3.02	     71.09	     52.89	-3.21	 3.577e-05	      5.37	0	Gaussian	319.225202	37.877130
766	1	  0.001473	  0.000653	     -1.00	    166.64	    682.65	      3.61	      2.78	     63.12	     48.64	6.58	 6.039e-05	      5.37	0	Gaussian	321.014376	37.025320
767	1	  0.001475	  0.000697	     -1.00	    171.96	    501.26	      3.42	      2.61	     59.79	     45.61	-2.47	 6.350e-05	      5.37	0	Gaussian	321.212572	37.850922
768	1	  0.001491	  0.000707	     -1.00	    621.80	    392.33	      3.42	      2.53	     59.93	     44.36	-5.28	 9.704e-05	      5.38	0	Gaussian	318.763633	38.746566
769	1	  0.001476	  0.000665	     -1.00	     29.39	    419.23	      3.69	      2.78	     64.58	     48.69	-6.02	 1.667e-04	      5.38	0	Gaussian	322.122981	38.084929
770	1	  0.001447	  0.000564	     -1.00	     82.62	    433.26	      4.05	      2.98	     70.88	     52.18	-9.14	 4.117e-05	      5.38	0	Gaussian	321.804615	38.073476
771	1	  0.001475	  0.000460	     -1.00	    608.56	    610.51	      4.96	      2.65	     86.86	     46.31	-3.51	 1.039e-04	      5.38	0	Gaussian	318.596633	37.735463
772	1	  0.001469	  0.000623	     -1.00	    755.52	    532.50	      3.65	      2.94	     63.83	     51.46	-7.59	 7.858e-05	      5.39	0	Gaussian	317.832559	38.210931
773	1	  0.001432	  0.000384	     -1.00	    129.33	     19.11	      4.16	      3.79	     72.74	     66.36	-61.21	 3.136e-05	      5.39	0	Gaussian	322.093218	39.993001
774	1	  0.001435	  0.000534	     -1.00	    669.22	    134.14	      3.82	      3.13	     66.79	     54.75	-8.23	 2.877e-05	      5.39	0	Gaussian	318.779796	39.972612
775	1	  0.001476	  0.000633	     -1.00	    442.03	    423.13	      3.64	      2.76	     63.64	     48.35	-9.26	 1.031e-04	      5.39	0	Gaussian	319.768744	38.451405
776	1	  0.001454	  0.000392	     -1.00	    387.15	    266.73	      5.15	      3.06	     90.08	     53.60	-13.67	 3.844e-05	      5.39	0	Gaussian	320.275598	39.115952
777	1	  0.001474	  0.000500	     -1.00	    717.56	    723.77	      3.97	      2.91	     69.45	     50.89	-22.62	 5.536e-05	      5.39	0	Gaussian	317.850015	37.302807
778	1	  0.001438	  0.000429	     -1.00	    681.15	    735.84	      5.03	      2.98	     88.00	     52.12	-9.48	 3.650e-05	      5.40	0	Gaussian	318.045557	37.219196
779	1	  0.001518	  0.000627	     -1.00	    483.76	    538.47	      3.69	      2.48	     64.59	     43.33	2.41	 2.200e-04	      5.40	0	Gaussian	319.393656	37.960901
780	1	  0.001492	  0.000674	     -1.00	    448.75	    425.05	      3.45	      2.69	     60.46	     47.15	-5.45	 1.002e-04	      5.40	0	Gaussian	319.727804	38.448546
781	1	  0.001538	  0.000556	     -1.00	    618.08	    583.59	      3.27	      2.88	     57.27	     50.49	-48.16	 2.469e-04	      5.41	0	Gaussian	318.571567	37.866524
782	1	  0.001481	  0.000650	     -1.00	    372.56	    281.18	      3.52	      2.79	     61.69	     48.90	-7.20	 5.066e-05	      5.41	0	Gaussian	320.342223	39.036706
783	1	  0.001542	  0.000820	     -1.00	    606.52	    676.18	      2.78	      2.28	     48.65	     39.92	-0.76	 2.173e-04	      5.41	0	Gaussian	318.536182	37.433164
784	1	  0.001452	  0.000434	     -1.00	    505.08	    685.23	      3.83	      3.46	     67.10	     60.57	-42.51	 6.619e-05	      5.42	0	Gaussian	319.104307	37.308768
785	1	  0.001469	  0.000671	     -1.00	    686.24	    425.31	      3.49	      2.58	     61.17	     45.12	-8.98	 6.407e-05	      5.42	0	Gaussian	318.351432	38.648329
786	1	  0.001468	  0.000636	     -1.00	    393.87	    117.19	      3.60	      2.58	     63.10	     45.10	-2.33	 6.318e-05	      5.42	0	Gaussian	320.423037	39.804411
787	1	  0.001477	  0.000584	     -1.00	    163.13	    608.64	      3.68	      2.82	     64.43	     49.43	4.10	 6.679e-05	      5.42	0	Gaussian	321.126505	37.356805
788	1	  0.001446	  0.000481	     -1.00	    547.03	    603.93	      3.94	      3.13	     68.92	     54.80	-8.28	 4.085e-05	      5.43	0	Gaussian	318.956599	37.715009
789	1	  0.001440	  0.000623	     -1.00	     54.08	     15.36	      3.67	      2.70	     64.24	     47.27	-10.04	 2.327e-05	      5.43	0	Gaussian	322.533669	39.932905
790	1	  0.001445	  0.000469	     -1.00	    111.89	    498.84	      4.20	      2.81	     73.55	     49.18	-14.53	 2.836e-05	      5.43	0	Gaussian	321.554271	37.805209
791	1	  0.001449	  0.000496	     -1.00	    785.91	     85.91	      3.92	      3.06	     68.68	     53.59	-14.99	 3.341e-05	      5.43	0	Gaussian	318.139078	40.292734
792	1	  0.001503	  0.000609	     -1.00	    127.06	    638.20	      3.48	      2.79	     60.97	     48.79	-18.62	 1.138e-04	      5.43	0	Gaussian	321.291137	37.189781
793	1	  0.001481	  0.000542	     -1.00	    506.51	    444.97	      3.79	      2.89	     66.34	     50.52	-14.68	 6.874e-05	      5.44	0	Gaussian	319.371440	38.407662
794	1	  0.001533	  0.000649	     -1.00	    602.67	    480.11	      2.92	      2.92	     51.11	     51.09	-48.87	 3.156e-04	      5.44	0	Gaussian	318.775710	38.328054
795	1	  0.001482	  0.000617	     -1.00	    593.11	    281.34	      3.62	      2.66	     63.44	     46.56	-1.74	 7.125e-05	      5.44	0	Gaussian	319.058148	39.231475
796	1	  0.001473	  0.000418	     -1.00	    322.44	    237.77	      4.73	      3.01	     82.79	     52.73	17.47	 7.026e-05	      5.44	0	Gaussian	320.686547	39.188160
797	1	  0.001443	  0.000373	     -1.00	    440.92	    668.36	      4.49	      3.52	     78.61	     61.67	-30.32	 3.462e-05	      5.44	0	Gaussian	319.487791	37.331820
798	1	  0.001470	  0.000541	     -1.00	    470.34	    470.68	      3.76	      2.83	     65.82	     49.57	-2.54	 6.803e-05	      5.44	0	Gaussian	319.549669	38.258992
799	1	  0.001490	  0.000727	     -1.00	    311.63	     54.11	      2.90	      2.39	     50.82	     41.80	-3.63	 1.399e-04	      5.44	0	Gaussian	320.984905	40.014133
800	1	  0.001477	  0.000570	     -1.00	    287.10	    487.50	      3.89	      2.57	     68.07	     44.95	-13.95	 6.769e-05	      5.45	0	Gaussian	320.577298	38.019604
801	1	  0.001447	  0.000376	     -1.00	    785.27	    563.49	      5.30	      3.11	     92.76	     54.43	-34.46	 6.728e-05	      5.45	0	Gaussian	317.627248	38.091509
802	1	  0.001511	  0.000672	     -1.00	     20.86	    531.57	      3.29	      2.59	     57.51	     45.27	-5.35	 2.522e-04	      5.45	0	Gaussian	322.022057	37.570233
803	1	  0.001475	  0.000280	     -1.00	    497.00	    691.96	      5.14	      3.81	     89.98	     66.66	80.04	 7.216e-05	      5.45	0	Gaussian	319.142580	37.271370
804	1	  0.001460	  0.000487	     -1.00	    499.76	    658.73	      4.01	      2.79	     70.23	     48.83	-10.41	 7.042e-05	      5.45	0	Gaussian	319.164530	37.425284
805	1	  0.001470	  0.000627	     -1.00	    509.39	    363.85	      2.91	      2.89	     50.94	     50.51	-19.64	 7.179e-05	      5.45	0	Gaussian	319.449675	38.781197
806	1	  0.001448	  0.000509	     -1.00	     52.19	    483.82	      3.93	      2.99	     68.74	     52.26	-0.12	 3.376e-05	      5.45	0	Gaussian	321.909382	37.815827
807	1	  0.001455	  0.000379	     -1.00	     24.88	    185.19	      5.15	      2.98	     90.06	     52.08	14.90	 5.139e-05	      5.46	0	Gaussian	322.465623	39.136264
808	1	  0.001473	  0.000505	     -1.00	    462.65	    620.34	      4.28	      2.66	     74.93	     46.56	-14.60	 7.523e-05	      5.46	0	Gaussian	319.419636	37.569228
809	1	  0.001504	  0.000710	     -1.00	    316.05	    749.41	      3.20	      2.55	     56.09	     44.68	-4.43	 2.663e-04	      5.46	0	Gaussian	320.097304	36.856020
810	1	  0.001486	  0.000556	     -1.00	    630.97	     95.75	      3.72	      2.85	     65.18	     49.93	-11.26	 8.420e-05	      5.46	0	Gaussian	319.051442	40.116116
811	1	  0.001457	  0.000552	     -1.00	    168.40	    419.32	      3.78	      2.71	     66.13	     47.35	-6.72	 5.529e-05	      5.46	0	Gaussian	321.337525	38.218663
812	1	  0.001469	  0.000513	     -1.00	    533.15	     66.33	      3.89	      2.83	     68.12	     49.51	-1.57	 4.826e-05	      5.46	0	Gaussian	319.666328	40.164531
813	1	  0.001462	  0.000580	     -1.00	    525.04	    329.95	      3.25	      2.77	     56.93	     48.56	-7.39	 6.402e-05	      5.47	0	Gaussian	319.398647	38.949945
814	1	  0.001473	  0.000482	     -1.00	    403.65	    537.59	      3.71	      3.13	     64.98	     54.84	-9.35	 5.332e-05	      5.47	0	Gaussian	319.852698	37.895687
815	1	  0.001493	  0.000525	     -1.00	    226.84	    586.59	      3.80	      2.74	     66.50	     47.92	4.38	 1.377e-04	      5.47	0	Gaussian	320.795923	37.515061
816	1	  0.001452	  0.000483	     -1.00	    203.74	    762.74	      3.95	      2.92	     69.21	     51.09	-3.70	 3.834e-05	      5.48	0	Gaussian	320.708924	36.696692
817	1	  0.001459	  0.000517	     -1.00	    240.56	    485.26	      3.51	      3.28	     61.42	     57.47	-22.12	 6.459e-05	      5.48	0	Gaussian	320.844473	37.987162
818	1	  0.001474	  0.000607	     -1.00	    543.42	    315.52	      3.57	      2.84	     62.42	     49.71	-2.72	 6.522e-05	      5.48	0	Gaussian	319.308579	39.031999
819	1	  0.001493	  0.000479	     -1.00	    461.11	    419.41	      4.92	      2.36	     86.17	     41.25	-7.99	 1.503e-04	      5.48	0	Gaussian	319.663257	38.485124
820	1	  0.001453	  0.000439	     -1.00	    214.20	    681.78	      3.83	      2.87	     67.02	     50.30	13.60	 3.829e-05	      5.48	0	Gaussian	320.749495	37.072415
821	1	  0.001452	  0.000564	     -1.00	     34.69	    499.32	      3.73	      2.84	     65.36	     49.78	-7.15	 4.693e-05	      5.50	0	Gaussian	321.987099	37.728984
822	1	  0.001463	  0.000251	     -1.00	    245.91	    291.59	      7.02	      2.90	    122.85	     50.68	-10.68	 1.175e-04	      5.50	0	Gaussian	321.059160	38.871438
823	1	  0.001438	  0.000554	     -1.00	    126.34	    290.27	      3.78	      2.66	     66.08	     46.59	-5.75	 3.664e-05	      5.50	0	Gaussian	321.745137	38.762483
824	1	  0.001467	  0.000545	     -1.00	    718.15	    632.54	      3.82	      2.63	     66.90	     45.98	-7.93	 7.819e-05	      5.50	0	Gaussian	317.942688	37.721910
825	1	  0.001456	  0.000550	     -1.00	    347.30	    586.29	      3.66	      2.76	     64.04	     48.33	-4.74	 5.395e-05	      5.50	0	Gaussian	320.115233	37.624466
826	1	  0.001465	  0.000559	     -1.00	    187.78	    129.50	      3.75	      2.53	     65.71	     44.28	-8.14	 8.680e-05	      5.50	0	Gaussian	321.605773	39.551093
827	1	  0.001484	  0.000630	     -1.00	    632.19	    508.40	      3.46	      2.56	     60.54	     44.82	-9.59	 8.297e-05	      5.50	0	Gaussian	318.573379	38.222723
828	1	  0.001475	  0.000619	     -1.00	     35.83	    359.54	      3.57	      2.45	     62.51	     42.84	-7.92	 9.817e-05	      5.50	0	Gaussian	322.166509	38.360546
829	1	  0.001453	  0.000554	     -1.00	    691.29	    152.30	      3.63	      2.77	     63.45	     48.55	-9.89	 9.114e-05	      5.50	0	Gaussian	318.627968	39.907823
830	1	  0.001465	  0.000490	     -1.00	    360.15	    173.95	      3.88	      2.90	     67.98	     50.70	-8.82	 4.620e-05	      5.51	0	Gaussian	320.548313	39.514090
831	1	  0.001472	  0.000456	     -1.00	    475.33	    289.66	      3.91	      3.01	     68.45	     52.74	1.46	 5.545e-05	      5.51	0	Gaussian	319.735654	39.090632
832	1	  0.001479	  0.000465	     -1.00	    431.68	    389.56	      3.76	      2.99	     65.82	     52.32	-20.31	 1.630e-04	      5.51	0	Gaussian	319.868546	38.595513
833	1	  0.001476	  0.000546	     -1.00	    729.82	    790.53	      3.52	      2.82	     61.67	     49.31	-9.20	 1.140e-04	      5.51	0	Gaussian	317.710493	37.006001
834	1	  0.001489	  0.000637	     -1.00	    186.04	    106.10	      3.35	      2.63	     58.61	     45.95	-6.25	 1.065e-04	      5.51	0	Gaussian	321.647014	39.655525
835	1	  0.001464	  0.000351	     -1.00	    641.31	    558.62	      4.62	      3.45	     80.93	     60.39	47.46	 7.877e-05	      5.51	0	Gaussian	318.465300	37.999879
836	1	  0.001456	  0.000461	     -1.00	    626.10	    149.36	      3.95	      3.02	     69.13	     52.90	6.98	 3.172e-05	      5.52	0	Gaussian	319.017530	39.865617
837	1	  0.001453	  0.000296	     -1.00	    379.69	    471.21	      4.56	      3.92	     79.74	     68.65	-54.05	 7.242e-05	      5.52	0	Gaussian	320.069011	38.177009
838	1	  0.001470	  0.000495	     -1.00	    234.60	      6.84	      4.16	      2.65	     72.79	     46.37	-0.98	 3.331e-05	      5.52	0	Gaussian	321.497394	40.154016
839	1	  0.001484	  0.000592	     -1.00	    602.83	    592.96	      3.55	      2.95	     62.11	     51.72	-4.46	 1.261e-04	      5.52	0	Gaussian	318.648927	37.811199
840	1	  0.001522	  0.000653	     -1.00	    432.10	    624.16	      3.18	      2.59	     55.62	     45.33	0.88	 2.561e-04	      5.52	0	Gaussian	319.589023	37.525741
841	1	  0.001496	  0.000677	     -1.00	    734.93	    686.27	      3.11	      2.60	     54.46	     45.45	-2.20	 1.920e-04	      5.53	0	Gaussian	317.789561	37.488282
842	1	  0.001450	  0.000472	     -1.00	    564.25	    289.99	      3.84	      3.04	     67.24	     53.25	-12.31	 3.843e-05	      5.53	0	Gaussian	319.216920	39.166968
843	1	  0.001470	  0.000424	     -1.00	    184.02	    370.89	      4.32	      2.69	     75.62	     47.11	11.71	 6.944e-05	      5.53	0	Gaussian	321.311090	38.452907
844	1	  0.001444	  0.000551	     -1.00	     41.32	    111.45	      3.93	      2.80	     68.81	     49.00	-1.15	 3.201e-05	      5.53	0	Gaussian	322.473410	39.485873
845	1	  0.001451	  0.000503	     -1.00	    743.73	     98.65	      3.81	      2.77	     66.71	     48.41	-12.94	 2.581e-05	      5.53	0	Gaussian	318.376925	40.198955
846	1	  0.001455	  0.000360	     -1.00	    755.42	    718.13	      4.18	      3.52	     73.24	     61.58	6.61	 5.687e-05	      5.53	0	Gaussian	317.638776	37.357755
847	1	  0.001454	  0.000505	     -1.00	     81.18	    509.69	      3.87	      2.73	     67.77	     47.83	-4.19	 5.358e-05	      5.53	0	Gaussian	321.712811	37.726925
848	1	  0.001450	  0.000406	     -1.00	    529.58	    350.07	      3.98	      2.97	     69.73	     52.01	-18.00	 8.601e-05	      5.54	0	Gaussian	319.348650	38.861779
849	1	  0.001452	  0.000458	     -1.00	    106.20	    602.45	      4.06	      2.81	     71.06	     49.23	0.09	 3.868e-05	      5.54	0	Gaussian	321.453156	37.331797
850	1	  0.001472	  0.000625	     -1.00	    204.52	    559.13	      3.48	      2.59	     60.96	     45.36	-10.85	 5.626e-05	      5.54	0	Gaussian	320.955884	37.619036
851	1	  0.001466	  0.000499	     -1.00	    735.70	     24.28	      3.75	      2.74	     65.66	     47.92	-4.85	 4.365e-05	      5.55	0	Gaussian	318.509567	40.534792
852	1	  0.001465	  0.000506	     -1.00	    165.47	     81.53	      3.63	      3.11	     63.55	     54.41	-13.39	 4.035e-05	      5.55	0	Gaussian	321.799058	39.746541
853	1	  0.001465	  0.000488	     -1.00	    511.01	    613.81	      3.87	      2.92	     67.74	     51.07	-15.96	 5.927e-05	      5.55	0	Gaussian	319.151380	37.639830
854	1	  0.001453	  0.000550	     -1.00	     29.84	     56.60	      3.74	      2.50	     65.54	     43.78	-4.98	 4.016e-05	      5.55	0	Gaussian	322.615638	39.721670
855	1	  0.001426	  0.000392	     -1.00	    613.99	    252.83	      4.80	      3.03	     84.00	     53.06	-18.17	 2.955e-05	      5.55	0	Gaussian	318.968752	39.380138
856	1	  0.001582	  0.000338	     -1.00	    751.53	    273.05	      7.47	      2.32	    130.74	     40.68	-12.14	 6.225e-04	      5.56	0	Gaussian	318.136121	39.401993
857	1	  0.001452	  0.000499	     -1.00	    105.82	    438.55	      3.85	      2.68	     67.43	     46.97	-14.13	 4.573e-05	      5.56	0	Gaussian	321.666747	38.071912
858	1	  0.001457	  0.000542	     -1.00	    190.38	    507.35	      3.50	      2.97	     61.32	     51.99	-19.12	 4.583e-05	      5.56	0	Gaussian	321.100774	37.840532
859	1	  0.001457	  0.000308	     -1.00	     97.82	    710.84	      4.05	      3.69	     70.93	     64.67	0.52	 5.675e-05	      5.56	0	Gaussian	321.362299	36.834806
860	1	  0.001463	  0.000493	     -1.00	    627.45	    112.55	      4.16	      2.56	     72.84	     44.83	-14.83	 4.703e-05	      5.57	0	Gaussian	319.052605	40.035856
861	1	  0.001454	  0.000359	     -1.00	    396.21	    765.10	      4.04	      3.50	     70.63	     61.22	-33.53	 5.494e-05	      5.57	0	Gaussian	319.628793	36.853537
862	1	  0.001464	  0.000595	     -1.00	    529.52	    372.88	      3.02	      2.49	     52.84	     43.66	-51.79	 7.377e-05	      5.57	0	Gaussian	319.322328	38.757335
863	1	  0.001462	  0.000357	     -1.00	     51.42	    342.26	      3.94	      3.49	     69.02	     61.00	23.13	 9.061e-05	      5.57	0	Gaussian	322.101516	38.453920
864	1	  0.001445	  0.000490	     -1.00	     35.73	    794.69	      3.94	      2.64	     68.88	     46.12	-14.12	 4.023e-05	      5.57	0	Gaussian	321.599714	36.399619
865	1	  0.001473	  0.000547	     -1.00	     18.20	    697.57	      3.64	      2.61	     63.69	     45.67	-1.54	 8.305e-05	      5.57	0	Gaussian	321.820594	36.820205
866	1	  0.001469	  0.000304	     -1.00	    336.55	    503.71	      4.30	      3.36	     75.21	     58.87	62.68	 5.108e-05	      5.57	0	Gaussian	320.275955	37.990564
867	1	  0.001478	  0.000379	     -1.00	     57.63	    664.64	      4.60	      3.17	     80.56	     55.56	-26.51	 8.581e-05	      5.58	0	Gaussian	321.644323	37.005646
868	1	  0.001446	  0.000397	     -1.00	    351.09	    786.93	      3.62	      3.62	     63.37	     63.29	-2.86	 4.340e-05	      5.58	0	Gaussian	319.856816	36.715907
869	1	  0.001445	  0.000406	     -1.00	    329.12	    471.77	      4.33	      2.61	     75.81	     45.65	-9.58	 4.279e-05	      5.58	0	Gaussian	320.357268	38.129191
870	1	  0.001434	  0.000431	     -1.00	    780.57	    366.01	      3.85	      2.64	     67.35	     46.13	-7.32	 3.693e-05	      5.58	0	Gaussian	317.863981	38.997156
871	1	  0.001431	  0.000411	     -1.00	    690.73	    317.71	      4.17	      2.90	     73.03	     50.67	-22.16	 4.725e-05	      5.59	0	Gaussian	318.444512	39.146585
872	1	  0.001608	  0.000785	     -1.00	    380.54	    666.00	      2.82	      2.54	     49.38	     44.52	-3.26	 7.203e-04	      5.59	0	Gaussian	319.832441	37.290865
873	1	  0.001456	  0.000280	     -1.00	    536.34	    447.53	      6.52	      2.53	    114.21	     44.29	-4.67	 4.283e-05	      5.59	0	Gaussian	319.196225	38.421491
874	1	  0.001437	  0.000481	     -1.00	     98.81	    533.10	      3.92	      2.93	     68.55	     51.24	-4.67	 3.633e-05	      5.59	0	Gaussian	321.583538	37.637991
875	1	  0.001461	  0.000516	     -1.00	    387.33	    647.55	      3.78	      2.50	     66.17	     43.73	-9.00	 6.397e-05	      5.60	0	Gaussian	319.815710	37.380682
876	1	  0.001485	  0.000530	     -1.00	    333.50	    374.57	      3.14	      2.54	     54.93	     44.49	43.51	 9.806e-05	      5.60	0	Gaussian	320.451740	38.575535
877	1	  0.001468	  0.000426	     -1.00	    507.87	    168.80	      4.09	      2.65	     71.67	     46.37	-8.44	 5.245e-05	      5.60	0	Gaussian	319.691071	39.672551
878	1	  0.001468	  0.000503	     -1.00	    752.01	    777.62	      3.58	      2.93	     62.59	     51.22	-12.36	 7.539e-05	      5.60	0	Gaussian	317.597049	37.082077
879	1	  0.001534	  0.000619	     -1.00	    255.39	    577.94	      3.38	      2.31	     59.18	     40.44	-16.90	 3.298e-04	      5.61	0	Gaussian	320.645517	37.580223
880	1	  0.001462	  0.000399	     -1.00	    411.81	    326.53	      4.11	      2.84	     71.98	     49.71	-20.50	 6.787e-05	      5.61	0	Gaussian	320.059440	38.865450
881	1	  0.001478	  0.000344	     -1.00	    699.84	    726.62	      4.62	      2.90	     80.86	     50.71	-6.57	 1.020e-04	      5.61	0	Gaussian	317.948439	37.275973
882	1	  0.001480	  0.000376	     -1.00	    280.99	    328.36	      3.82	      3.43	     66.88	     59.99	46.10	 1.747e-04	      5.61	0	Gaussian	320.810963	38.737299
883	1	  0.001479	  0.000456	     -1.00	    420.36	    760.33	      3.87	      2.67	     67.70	     46.70	-9.78	 9.842e-05	      5.61	0	Gaussian	319.498334	36.895653
884	1	  0.001448	  0.000461	     -1.00	    524.59	     40.22	      3.96	      2.92	     69.35	     51.14	-5.36	 2.823e-05	      5.61	0	Gaussian	319.748854	40.276440
885	1	  0.001500	  0.000402	     -1.00	    633.16	    490.71	      4.48	      2.71	     78.35	     47.51	-10.30	 9.300e-05	      5.61	0	Gaussian	318.587404	38.304667
886	1	  0.001501	  0.000538	     -1.00	    164.17	    376.80	      3.53	      2.60	     61.84	     45.57	-10.35	 1.231e-04	      5.62	0	Gaussian	321.416432	38.407228
887	1	  0.001457	  0.000418	     -1.00	    340.88	    343.86	      4.08	      2.76	     71.34	     48.31	-15.56	 5.070e-05	      5.62	0	Gaussian	320.447364	38.722090
888	1	  0.001466	  0.000385	     -1.00	    470.34	    448.17	      4.16	      3.05	     72.73	     53.41	4.73	 5.638e-05	      5.62	0	Gaussian	319.576149	38.361782
889	1	  0.001462	  0.000384	     -1.00	    307.70	    147.91	      3.87	      3.23	     67.73	     56.49	-24.72	 3.364e-05	      5.63	0	Gaussian	320.886598	39.583378
890	1	  0.001475	  0.000459	     -1.00	    687.37	    531.72	      3.95	      2.42	     69.20	     42.39	3.16	 1.034e-04	      5.63	0	Gaussian	318.228545	38.160463
891	1	  0.001462	  0.000437	     -1.00	     53.78	    167.61	      3.96	      2.68	     69.35	     46.91	-13.44	 5.709e-05	      5.63	0	Gaussian	322.324712	39.244925
892	1	  0.001443	  0.000389	     -1.00	    536.90	     99.42	      4.30	      2.66	     75.31	     46.63	-9.32	 3.050e-05	      5.63	0	Gaussian	319.604038	40.016300
893	1	  0.001467	  0.000500	     -1.00	     11.38	    194.18	      3.60	      2.66	     63.08	     46.51	-11.83	 6.743e-05	      5.63	0	Gaussian	322.530141	39.081962
894	1	  0.001477	  0.000518	     -1.00	    697.22	    555.41	      3.60	      2.64	     62.96	     46.29	-5.05	 8.939e-05	      5.63	0	Gaussian	318.145892	38.059540
895	1	  0.001442	  0.000455	     -1.00	    107.80	    617.46	      3.91	      2.70	     68.47	     47.20	-8.71	 2.427e-05	      5.63	0	Gaussian	321.425064	37.265499
896	1	  0.001498	  0.000438	     -1.00	     18.67	     81.93	      3.54	      3.19	     61.99	     55.85	12.84	 1.317e-04	      5.63	0	Gaussian	322.644332	39.595818
897	1	  0.001464	  0.000573	     -1.00	     15.14	    215.96	      3.26	      2.39	     57.05	     41.78	-10.99	 5.840e-05	      5.63	0	Gaussian	322.478759	38.987548
898	1	  0.001452	  0.000303	     -1.00	    242.10	    512.49	      4.08	      4.00	     71.44	     69.93	84.49	 3.697e-05	      5.63	0	Gaussian	320.801754	37.865018
899	1	  0.001477	  0.000549	     -1.00	    354.58	    730.18	      3.00	      2.51	     52.51	     43.90	-37.68	 6.547e-05	      5.64	0	Gaussian	319.903548	36.976685
900	1	  0.001456	  0.000367	     -1.00	    771.02	     13.81	      4.35	      3.12	     76.13	     54.68	-11.18	 3.580e-05	      5.64	0	Gaussian	318.309428	40.612842
901	1	  0.001453	  0.000415	     -1.00	    141.25	     60.86	      4.10	      2.85	     71.71	     49.81	-10.47	 3.777e-05	      5.64	0	Gaussian	321.967191	39.815934
902	1	  0.001433	  0.000365	     -1.00	     54.03	    577.47	      4.48	      2.74	     78.46	     47.94	-4.90	 3.274e-05	      5.64	0	Gaussian	321.776791	37.395172
903	1	  0.001445	  0.000383	     -1.00	     74.98	    369.48	      4.26	      2.94	     74.59	     51.46	-7.16	 4.202e-05	      5.65	0	Gaussian	321.931907	38.354149
904	1	  0.001448	  0.000474	     -1.00	    784.17	    499.10	      3.78	      2.74	     66.20	     48.00	-20.70	 4.786e-05	      5.65	0	Gaussian	317.701187	38.387035
905	1	  0.001458	  0.000436	     -1.00	    768.66	    574.32	      3.92	      2.68	     68.54	     46.87	-1.65	 6.919e-05	      5.65	0	Gaussian	317.712207	38.028853
906	1	  0.001459	  0.000386	     -1.00	    433.15	    528.53	      4.03	      3.09	     70.54	     54.15	-12.77	 3.752e-05	      5.65	0	Gaussian	319.694919	37.962689
907	1	  0.001516	  0.000464	     -1.00	    364.62	     98.69	      4.35	      2.32	     76.20	     40.54	-1.05	 2.983e-04	      5.65	0	Gaussian	320.617638	39.861445
908	1	  0.001452	  0.000355	     -1.00	     34.83	    584.44	      4.32	      2.85	     75.57	     49.95	-28.40	 4.229e-05	      5.66	0	Gaussian	321.874806	37.345406
909	1	  0.001446	  0.000439	     -1.00	    714.43	    609.07	      3.55	      2.52	     62.21	     44.14	-23.85	 3.735e-05	      5.66	0	Gaussian	317.989052	37.826793
910	1	  0.001464	  0.000381	     -1.00	    756.19	    540.75	      5.02	      2.39	     87.87	     41.82	-14.26	 8.827e-05	      5.66	0	Gaussian	317.819927	38.173491
911	1	  0.001488	  0.000478	     -1.00	    545.87	    628.53	      3.76	      2.55	     65.76	     44.71	8.98	 8.854e-05	      5.67	0	Gaussian	318.935592	37.601605
912	1	  0.001440	  0.000538	     -1.00	    727.42	    380.80	      3.07	      2.72	     53.77	     47.52	-14.38	 4.907e-05	      5.67	0	Gaussian	318.159699	38.886378
913	1	  0.001436	  0.000354	     -1.00	     34.35	    372.14	      4.74	      2.95	     83.05	     51.70	-7.79	 3.764e-05	      5.68	0	Gaussian	322.158018	38.302223
914	1	  0.001456	  0.000543	     -1.00	    243.53	    574.23	      3.03	      2.40	     52.96	     41.98	-18.30	 1.067e-04	      5.68	0	Gaussian	320.717078	37.586310
915	1	  0.001476	  0.000461	     -1.00	    560.63	    529.74	      4.15	      2.45	     72.57	     42.85	-5.45	 2.878e-04	      5.68	0	Gaussian	318.962249	38.065753
916	1	  0.001447	  0.000483	     -1.00	    740.96	    428.17	      3.68	      2.70	     64.39	     47.34	-8.43	 7.295e-05	      5.68	0	Gaussian	318.029049	38.679342
917	1	  0.001435	  0.000439	     -1.00	     16.17	    254.16	      3.75	      3.01	     65.62	     52.67	-13.22	 3.674e-05	      5.68	0	Gaussian	322.420574	38.816286
918	1	  0.001473	  0.000468	     -1.00	    639.00	     60.71	      3.64	      2.73	     63.68	     47.83	0.68	 5.868e-05	      5.69	0	Gaussian	319.044918	40.284057
919	1	  0.001475	  0.000304	     -1.00	    271.56	    111.59	      5.34	      2.60	     93.39	     45.47	-15.65	 9.484e-05	      5.69	0	Gaussian	321.143721	39.714004
920	1	  0.001462	  0.000431	     -1.00	    296.84	    258.82	      3.86	      2.72	     67.50	     47.68	-15.04	 7.418e-05	      5.69	0	Gaussian	320.807821	39.068381
921	1	  0.001500	  0.000518	     -1.00	     28.32	    693.34	      3.42	      2.58	     59.79	     45.20	-7.85	 8.650e-05	      5.69	0	Gaussian	321.770024	36.848758
922	1	  0.001478	  0.000482	     -1.00	    709.09	    627.51	      3.66	      2.66	     64.00	     46.54	-12.12	 8.627e-05	      5.69	0	Gaussian	318.000193	37.737900
923	1	  0.001479	  0.000305	     -1.00	    149.77	    671.31	      4.82	      3.06	     84.31	     53.53	-29.76	 1.111e-04	      5.70	0	Gaussian	321.122699	37.061137
924	1	  0.001483	  0.000400	     -1.00	    607.22	     18.33	      3.99	      2.83	     69.77	     49.47	-24.56	 8.987e-05	      5.71	0	Gaussian	319.284447	40.450835
925	1	  0.001473	  0.000442	     -1.00	    718.71	    700.70	      3.83	      2.55	     67.07	     44.67	-15.08	 6.552e-05	      5.71	0	Gaussian	317.867570	37.409508
926	1	  0.001492	  0.000297	     -1.00	    444.91	    511.68	      5.04	      2.77	     88.29	     48.55	11.40	 1.684e-04	      5.71	0	Gaussian	319.647468	38.049761
927	1	  0.001481	  0.000395	     -1.00	    354.91	    140.76	      4.09	      2.50	     71.58	     43.73	-3.25	 5.086e-05	      5.71	0	Gaussian	320.620820	39.660505
928	1	  0.001493	  0.000336	     -1.00	    360.30	     82.39	      4.42	      2.90	     77.44	     50.70	14.08	 1.163e-04	      5.72	0	Gaussian	320.663656	39.931692
929	1	  0.001468	  0.000396	     -1.00	    793.80	    575.26	      3.79	      2.95	     66.33	     51.71	-5.22	 5.692e-05	      5.72	0	Gaussian	317.565467	38.043913
930	1	  0.001456	  0.000336	     -1.00	    585.38	    765.27	      4.52	      3.03	     79.04	     53.00	-4.12	 4.729e-05	      5.72	0	Gaussian	318.559450	37.008732
931	1	  0.001468	  0.000259	     -1.00	    548.37	    554.71	      4.20	      4.20	     73.51	     73.46	2.05	 5.051e-05	      5.72	0	Gaussian	319.004490	37.941233
932	1	  0.001478	  0.000409	     -1.00	    495.74	    587.74	      3.76	      2.84	     65.88	     49.65	-6.64	 7.024e-05	      5.73	0	Gaussian	319.268364	37.746050
933	1	  0.001462	  0.000464	     -1.00	    479.13	    187.52	      3.74	      2.59	     65.43	     45.29	-10.48	 3.123e-05	      5.73	0	Gaussian	319.836893	39.561115
934	1	  0.001497	  0.000430	     -1.00	    563.29	    144.46	      3.77	      2.60	     65.96	     45.44	-8.82	 7.491e-05	      5.73	0	Gaussian	319.394216	39.833273
935	1	  0.001495	  0.000519	     -1.00	    336.49	    545.35	      3.50	      2.59	     61.28	     45.41	-0.69	 8.359e-05	      5.73	0	Gaussian	320.225874	37.801065
936	1	  0.001460	  0.000392	     -1.00	     97.64	    277.95	      3.72	      2.65	     65.09	     46.47	-16.17	 8.398e-05	      5.73	0	Gaussian	321.925092	38.790057
937	1	  0.001446	  0.000408	     -1.00	    528.38	    384.16	      4.07	      2.38	     71.26	     41.68	-10.36	 5.726e-05	      5.74	0	Gaussian	319.315769	38.704725
938	1	  0.001436	  0.000513	     -1.00	    234.66	    361.43	      3.12	      2.75	     54.65	     48.10	-20.87	 2.988e-05	      5.74	0	Gaussian	321.034404	38.543683
939	1	  0.001441	  0.000367	     -1.00	    792.99	    172.78	      4.09	      3.04	     71.59	     53.24	-11.63	 2.759e-05	      5.74	0	Gaussian	318.000598	39.897873
940	1	  0.001447	  0.000375	     -1.00	     22.59	    272.83	      4.15	      2.67	     72.56	     46.76	-22.29	 4.840e-05	      5.74	0	Gaussian	322.358672	38.738537
941	1	  0.001459	  0.000511	     -1.00	    236.65	    774.52	      3.40	      2.73	     59.53	     47.77	-8.58	 6.458e-05	      5.74	0	Gaussian	320.511243	36.672616
942	1	  0.001469	  0.000413	     -1.00	    507.49	     62.07	      3.97	      2.66	     69.49	     46.48	-8.86	 7.750e-05	      5.74	0	Gaussian	319.823303	40.160875
943	1	  0.001469	  0.000367	     -1.00	    632.57	     52.43	      4.22	      2.83	     73.87	     49.56	2.76	 6.172e-05	      5.74	0	Gaussian	319.092913	40.316506
944	1	  0.001524	  0.000365	     -1.00	    785.86	    713.72	      4.47	      2.60	     78.24	     45.44	-5.26	 3.812e-04	      5.75	0	Gaussian	317.468506	37.401146
945	1	  0.001467	  0.000321	     -1.00	    424.59	    546.51	      4.62	      2.94	     80.79	     51.39	-6.78	 5.392e-05	      5.75	0	Gaussian	319.722665	37.873230
946	1	  0.001436	  0.000335	     -1.00	    759.75	    417.89	      4.34	      2.85	     75.96	     49.89	-20.31	 3.895e-05	      5.75	0	Gaussian	317.930268	38.741640
947	1	  0.001473	  0.000440	     -1.00	    329.70	    539.64	      3.67	      2.65	     64.18	     46.38	-14.30	 7.698e-05	      5.75	0	Gaussian	320.271352	37.820982
948	1	  0.001440	  0.000387	     -1.00	    120.80	    190.59	      4.01	      2.64	     70.19	     46.18	-11.25	 2.713e-05	      5.75	0	Gaussian	321.909701	39.208178
949	1	  0.001456	  0.000492	     -1.00	      6.18	    292.00	      3.29	      2.76	     57.61	     48.27	-5.69	 4.946e-05	      5.76	0	Gaussian	322.425523	38.635617
950	1	  0.001470	  0.000300	     -1.00	    537.13	    540.61	      5.11	      2.82	     89.45	     49.37	-9.68	 1.118e-04	      5.76	0	Gaussian	319.085061	37.996332
951	1	  0.001461	  0.000451	     -1.00	     21.30	    306.49	      3.73	      2.52	     65.37	     44.09	-0.04	 6.499e-05	      5.77	0	Gaussian	322.320257	38.585426
952	1	  0.001465	  0.000435	     -1.00	     95.95	    239.34	      3.66	      2.70	     64.11	     47.20	-0.97	 7.795e-05	      5.77	0	Gaussian	321.986421	38.962958
953	1	  0.001454	  0.000390	     -1.00	    106.33	    231.56	      3.90	      2.76	     68.34	     48.29	-8.38	 5.107e-05	      5.77	0	Gaussian	321.937589	39.008435
954	1	  0.001443	  0.000391	     -1.00	    777.17	    316.92	      3.80	      3.06	     66.49	     53.61	-9.13	 3.968e-05	      5.77	0	Gaussian	317.936986	39.220603
955	1	  0.001464	  0.000449	     -1.00	    130.35	    324.88	      3.74	      2.66	     65.38	     46.55	-4.15	 5.352e-05	      5.77	0	Gaussian	321.676608	38.609709
956	1	  0.001456	  0.000450	     -1.00	    178.51	     16.13	      3.12	      2.50	     54.68	     43.78	25.21	 4.048e-05	      5.77	0	Gaussian	321.811724	40.056060
957	1	  0.001466	  0.000306	     -1.00	    399.88	    194.03	      4.10	      3.16	     71.70	     55.32	-21.16	 5.369e-05	      5.78	0	Gaussian	320.291792	39.459298
958	1	  0.001471	  0.000373	     -1.00	    599.80	     95.81	      3.86	      2.95	     67.58	     51.59	-20.05	 8.195e-05	      5.78	0	Gaussian	319.236243	40.088581
959	1	  0.001439	  0.000361	     -1.00	     85.00	    636.70	      4.12	      2.93	     72.13	     51.36	-16.26	 3.199e-05	      5.78	0	Gaussian	321.527751	37.157302
960	1	  0.001454	  0.000409	     -1.00	    608.81	    709.13	      3.80	      2.69	     66.55	     47.02	-4.03	 5.206e-05	      5.78	0	Gaussian	318.487169	37.284226
961	1	  0.001451	  0.000350	     -1.00	    746.18	    172.02	      3.93	      3.28	     68.81	     57.43	-21.67	 5.411e-05	      5.78	0	Gaussian	318.279830	39.862976
962	1	  0.001505	  0.000526	     -1.00	    217.74	    191.44	      3.42	      2.30	     59.82	     40.27	-7.37	 2.008e-04	      5.78	0	Gaussian	321.351039	39.299257
963	1	  0.001478	  0.000421	     -1.00	    498.17	    449.88	      3.70	      2.71	     64.84	     47.44	-7.29	 7.689e-05	      5.78	0	Gaussian	319.413795	38.378060
964	1	  0.001455	  0.000404	     -1.00	    762.86	     66.28	      4.00	      2.69	     69.96	     47.07	-16.05	 3.319e-05	      5.78	0	Gaussian	318.299093	40.364093
965	1	  0.001502	  0.000533	     -1.00	     20.52	     88.30	      2.86	      2.40	     49.99	     42.09	0.16	 1.006e-04	      5.78	0	Gaussian	322.624851	39.569002
966	1	  0.001567	  0.000678	     -1.00	    782.60	    417.04	      2.85	      2.38	     49.94	     41.66	-1.49	 3.884e-04	      5.79	0	Gaussian	317.797374	38.763670
967	1	  0.001469	  0.000423	     -1.00	    580.71	    270.51	      3.73	      2.60	     65.27	     45.52	-8.34	 6.578e-05	      5.79	0	Gaussian	319.143359	39.270481
968	1	  0.001474	  0.000525	     -1.00	    277.94	    609.40	      3.30	      2.48	     57.70	     43.32	-8.40	 5.756e-05	      5.79	0	Gaussian	320.479705	37.457777
969	1	  0.001475	  0.000455	     -1.00	    191.40	    434.60	      3.66	      2.48	     64.02	     43.37	-8.52	 9.593e-05	      5.79	0	Gaussian	321.187427	38.171139
970	1	  0.001442	  0.000485	     -1.00	    756.53	    507.55	      2.93	      2.76	     51.37	     48.28	-26.38	 8.909e-05	      5.79	0	Gaussian	317.853159	38.326509
971	1	  0.001480	  0.000469	     -1.00	      6.23	    342.80	      3.70	      2.50	     64.71	     43.72	-1.83	 6.474e-05	      5.80	0	Gaussian	322.356227	38.406648
972	1	  0.001514	  0.000565	     -1.00	    776.51	    424.36	      3.13	      2.50	     54.81	     43.79	-5.01	 1.569e-04	      5.80	0	Gaussian	317.825216	38.725138
973	1	  0.001440	  0.000419	     -1.00	    477.54	    432.55	      3.46	      3.04	     60.58	     53.26	-23.64	 3.720e-05	      5.80	0	Gaussian	319.553048	38.439390
974	1	  0.001459	  0.000484	     -1.00	    468.83	    663.41	      3.44	      2.52	     60.25	     44.05	-13.28	 1.232e-04	      5.80	0	Gaussian	319.335039	37.378010
975	1	  0.001490	  0.000443	     -1.00	    524.89	    198.39	      3.54	      2.61	     62.01	     45.66	-5.32	 8.816e-05	      5.81	0	Gaussian	319.555662	39.552237
976	1	  0.001447	  0.000354	     -1.00	    147.20	    122.44	      4.19	      2.49	     73.27	     43.54	-20.66	 6.623e-05	      5.81	0	Gaussian	321.849470	39.542947
977	1	  0.001477	  0.000470	     -1.00	    536.87	    514.26	      3.46	      2.55	     60.52	     44.61	-1.08	 1.404e-04	      5.81	0	Gaussian	319.116556	38.116633
978	1	  0.001463	  0.000494	     -1.00	    451.60	     84.06	      3.00	      2.24	     52.58	     39.29	-29.09	 4.432e-05	      5.81	0	Gaussian	320.125705	40.009206
979	1	  0.001460	  0.000465	     -1.00	    248.69	    448.24	      3.47	      2.77	     60.71	     48.48	-11.18	 8.136e-05	      5.82	0	Gaussian	320.844657	38.162665
980	1	  0.001453	  0.000392	     -1.00	    175.34	    274.40	      4.29	      2.49	     75.13	     43.61	-7.73	 6.335e-05	      5.82	0	Gaussian	321.486085	38.881932
981	1	  0.001472	  0.000301	     -1.00	    535.01	    308.19	      5.58	      2.18	     97.60	     38.16	53.77	 7.409e-05	      5.82	0	Gaussian	319.366196	39.058255
982	1	  0.001448	  0.000398	     -1.00	    342.90	     27.29	      3.76	      2.73	     65.83	     47.80	-0.40	 2.942e-05	      5.83	0	Gaussian	320.836521	40.166302
983	1	  0.001461	  0.000336	     -1.00	    534.83	    572.67	      4.21	      2.84	     73.77	     49.63	-5.09	 5.815e-05	      5.83	0	Gaussian	319.061811	37.847777
984	1	  0.001443	  0.000362	     -1.00	     63.80	    443.43	      4.01	      2.73	     70.20	     47.80	-11.91	 5.046e-05	      5.83	0	Gaussian	321.897278	38.009336
985	1	  0.001445	  0.000388	     -1.00	    317.00	    421.51	      3.87	      2.86	     67.78	     50.12	3.97	 2.851e-05	      5.83	0	Gaussian	320.488264	38.346832
986	1	  0.001455	  0.000478	     -1.00	    789.38	    148.36	      3.04	      2.26	     53.30	     39.47	-13.77	 1.219e-04	      5.83	0	Gaussian	318.048990	40.007589
987	1	  0.001462	  0.000329	     -1.00	    200.90	    643.98	      4.09	      2.98	     71.62	     52.20	-32.12	 1.144e-04	      5.84	0	Gaussian	320.870610	37.231496
988	1	  0.001440	  0.000399	     -1.00	     44.06	    273.22	      3.78	      2.82	     66.16	     49.30	-5.14	 4.251e-05	      5.84	0	Gaussian	322.236256	38.758265
989	1	  0.001469	  0.000365	     -1.00	    576.26	     97.56	      3.95	      2.65	     69.20	     46.37	2.31	 5.932e-05	      5.84	0	Gaussian	319.373562	40.059855
990	1	  0.001462	  0.000387	     -1.00	    491.80	    668.21	      3.79	      2.69	     66.28	     47.12	-13.05	 7.977e-05	      5.84	0	Gaussian	319.199030	37.375383
991	1	  0.001457	  0.000363	     -1.00	    183.82	    487.84	      3.95	      2.74	     69.14	     47.90	-24.49	 3.678e-05	      5.84	0	Gaussian	321.162593	37.922805
992	1	  0.001455	  0.000349	     -1.00	    325.87	    516.73	      3.97	      3.09	     69.50	     54.14	-20.67	 5.500e-05	      5.84	0	Gaussian	320.320925	37.921749
993	1	  0.001450	  0.000297	     -1.00	    518.70	    459.61	      4.19	      3.10	     73.42	     54.22	-23.24	 3.921e-05	      5.85	0	Gaussian	319.284084	38.351197
994	1	  0.001453	  0.000373	     -1.00	    139.32	    177.02	      3.74	      2.91	     65.52	     50.99	-6.61	 7.537e-05	      5.85	0	Gaussian	321.821615	39.287950
995	1	  0.001453	  0.000410	     -1.00	     66.16	    277.17	      3.75	      2.64	     65.67	     46.17	-6.03	 5.345e-05	      5.85	0	Gaussian	322.105295	38.762440
996	1	  0.001499	  0.000388	     -1.00	    150.96	    757.89	      3.81	      2.60	     66.71	     45.46	6.37	 9.057e-05	      5.85	0	Gaussian	321.008397	36.671102
997	1	  0.001489	  0.000394	     -1.00	    635.19	    499.73	      3.49	      2.88	     61.02	     50.35	-6.32	 1.044e-04	      5.86	0	Gaussian	318.565654	38.264968
998	1	  0.001476	  0.000321	     -1.00	    573.33	    266.99	      3.48	      2.87	     60.83	     50.23	-19.11	 7.413e-05	      5.86	0	Gaussian	319.190697	39.280264
999	1	  0.001457	  0.000472	     -1.00	    254.51	    750.23	      3.52	      2.59	     61.55	     45.35	-5.62	 6.528e-05	      5.86	0	Gaussian	320.440838	36.798405
1000	1	  0.001505	  0.000487	     -1.00	    612.22	    320.28	      3.44	      2.31	     60.23	     40.49	-8.09	 1.750e-04	      5.86	0	Gaussian	318.901513	39.069083
1001	1	  0.001461	  0.000347	     -1.00	    539.72	    185.40	      4.04	      2.53	     70.75	     44.28	-7.32	 3.805e-05	      5.87	0	Gaussian	319.484114	39.624830
1002	1	  0.001464	  0.000312	     -1.00	    205.00	    568.24	      4.33	      2.97	     75.76	     51.91	-0.84	 7.772e-05	      5.87	0	Gaussian	320.941790	37.578239
1003	1	  0.001473	  0.000291	     -1.00	    255.63	     29.04	      3.96	      3.17	     69.23	     55.56	-19.98	 9.433e-05	      5.87	0	Gaussian	321.345046	40.073831
1004	1	  0.001476	  0.000432	     -1.00	    568.89	    101.22	      3.74	      2.41	     65.45	     42.23	-0.69	 6.882e-05	      5.88	0	Gaussian	319.412783	40.036504
1005	1	  0.001500	  0.000431	     -1.00	    494.56	    542.14	      2.96	      2.57	     51.78	     45.05	-88.98	 1.896e-04	      5.88	0	Gaussian	319.327552	37.953325
1006	1	  0.001502	  0.000465	     -1.00	    605.17	     58.26	      3.46	      2.38	     60.62	     41.71	-7.92	 2.288e-04	      5.88	0	Gaussian	319.249006	40.265668
1007	1	  0.001454	  0.000352	     -1.00	    165.55	    594.71	      3.91	      2.70	     68.49	     47.27	-16.48	 5.993e-05	      5.89	0	Gaussian	321.130484	37.422048
1008	1	  0.001462	  0.000435	     -1.00	     38.65	    510.33	      3.63	      2.73	     63.45	     47.72	-12.03	 4.977e-05	      5.89	0	Gaussian	321.950475	37.683157
1009	1	  0.001469	  0.000417	     -1.00	    788.92	    629.90	      3.53	      2.72	     61.86	     47.60	-20.50	 6.187e-05	      5.90	0	Gaussian	317.537069	37.788821
1010	1	  0.001473	  0.000385	     -1.00	    452.56	    627.39	      3.06	      2.78	     53.52	     48.73	-20.52	 8.237e-05	      5.90	0	Gaussian	319.468944	37.528497
1011	1	  0.001462	  0.000347	     -1.00	    505.01	    268.54	      4.08	      2.48	     71.45	     43.38	-25.31	 3.903e-05	      5.91	0	Gaussian	319.588072	39.213505
1012	1	  0.001514	  0.000496	     -1.00	    440.86	    121.24	      3.30	      2.26	     57.83	     39.59	0.45	 1.987e-04	      5.91	0	Gaussian	320.142603	39.829378
1013	1	  0.001456	  0.000360	     -1.00	    784.19	     63.43	      3.96	      2.50	     69.25	     43.70	-7.15	 5.533e-05	      5.92	0	Gaussian	318.174516	40.395013
1014	1	  0.001492	  0.000394	     -1.00	    746.53	    578.85	      4.15	      2.05	     72.67	     35.93	4.25	 1.323e-04	      5.92	0	Gaussian	317.835634	37.990775
1015	1	  0.001468	  0.000352	     -1.00	    153.28	    533.48	      3.79	      2.76	     66.40	     48.26	4.00	 6.808e-05	      5.92	0	Gaussian	321.276918	37.687632
1016	1	  0.001456	  0.000321	     -1.00	    485.54	    231.70	      3.81	      3.03	     66.65	     53.10	-30.46	 5.147e-05	      5.93	0	Gaussian	319.745873	39.364772
1017	1	  0.001483	  0.000429	     -1.00	    620.15	    570.61	      3.50	      2.48	     61.19	     43.42	-14.70	 1.064e-04	      5.93	0	Gaussian	318.574008	37.927690
1018	1	  0.001487	  0.000317	     -1.00	    709.38	    700.44	      4.38	      2.63	     76.60	     46.11	-15.28	 7.260e-05	      5.93	0	Gaussian	317.921326	37.403455
1019	1	  0.001697	  0.000636	     -1.00	    618.32	    756.35	      2.47	      2.06	     43.16	     36.03	9.45	 1.330e-03	      5.94	0	Gaussian	318.381927	37.075818
1020	1	  0.001468	  0.000392	     -1.00	    193.09	    370.52	      3.73	      2.51	     65.22	     43.95	-21.70	 7.546e-05	      5.94	0	Gaussian	321.259957	38.463182
1021	1	  0.001465	  0.000389	     -1.00	    518.90	    542.65	      3.60	      2.64	     63.03	     46.22	-13.46	 5.789e-05	      5.94	0	Gaussian	319.187364	37.971631
1022	1	  0.001475	  0.000411	     -1.00	    352.15	    738.56	      3.62	      2.44	     63.34	     42.78	-5.16	 8.960e-05	      5.94	0	Gaussian	319.907413	36.936503
1023	1	  0.001469	  0.000282	     -1.00	    569.87	    556.27	      4.30	      2.62	     75.18	     45.88	-2.03	 5.340e-05	      5.94	0	Gaussian	318.879184	37.952033
1024	1	  0.001477	  0.000236	     -1.00	    700.09	    642.68	      4.67	      3.11	     81.71	     54.38	-32.89	 1.117e-04	      5.95	0	Gaussian	318.035838	37.661209
1025	1	  0.001463	  0.000304	     -1.00	    668.08	    615.91	      3.93	      3.19	     68.76	     55.77	-23.64	 5.595e-05	      5.95	0	Gaussian	318.248689	37.758672
1026	1	  0.001460	  0.000356	     -1.00	    235.76	    543.56	      3.85	      2.74	     67.42	     48.01	-8.68	 8.299e-05	      5.95	0	Gaussian	320.798936	37.718279
1027	1	  0.001493	  0.000364	     -1.00	    300.02	    130.29	      3.62	      2.69	     63.32	     47.00	4.65	 9.933e-05	      5.96	0	Gaussian	320.953975	39.656264
1028	1	  0.001481	  0.000412	     -1.00	      9.65	    602.19	      2.73	      2.64	     47.82	     46.21	-47.62	 1.366e-04	      5.98	0	Gaussian	321.991839	37.241334
1029	1	  0.001489	  0.000322	     -1.00	    757.93	    574.37	      3.88	      2.65	     67.83	     46.37	14.46	 9.789e-05	      5.99	0	Gaussian	317.774351	38.020255
1030	1	  0.001477	  0.000346	     -1.00	    511.23	    131.75	      3.04	      2.58	     53.22	     45.22	29.33	 7.539e-05	      5.99	0	Gaussian	319.716200	39.845221
1031	1	  0.001474	  0.000370	     -1.00	    308.52	     23.89	      3.87	      2.23	     67.72	     38.99	3.90	 7.395e-05	      5.99	0	Gaussian	321.042488	40.148756
1032	1	  0.001461	  0.000317	     -1.00	    325.64	    635.60	      3.97	      2.62	     69.56	     45.89	-18.79	 8.513e-05	      5.99	0	Gaussian	320.178749	37.381203
1033	1	  0.001448	  0.000377	     -1.00	     39.65	    194.30	      3.96	      2.70	     69.26	     47.30	-9.45	 3.722e-05	      5.99	0	Gaussian	322.368831	39.110121
1034	1	  0.001500	  0.000498	     -1.00	    433.20	    572.62	      2.94	      2.33	     51.40	     40.85	-4.00	 2.435e-04	      6.00	0	Gaussian	319.642876	37.761665
1035	1	  0.001467	  0.000521	     -1.00	    751.12	    465.93	      2.74	      2.00	     47.96	     34.96	-13.29	 1.008e-04	      6.01	0	Gaussian	317.929083	38.513686
1036	1	  0.001473	  0.000278	     -1.00	    634.95	     83.77	      4.19	      2.80	     73.28	     49.07	-17.62	 5.111e-05	      6.02	0	Gaussian	319.041901	40.174587
1037	1	  0.001473	  0.000374	     -1.00	    233.37	    414.92	      3.40	      2.70	     59.46	     47.25	5.11	 1.102e-04	      6.03	0	Gaussian	320.973823	38.299698
1038	1	  0.001480	  0.000342	     -1.00	    395.23	    185.41	      3.77	      2.51	     65.94	     43.93	8.90	 5.745e-05	      6.03	0	Gaussian	320.329619	39.494350
1039	1	  0.001481	  0.000440	     -1.00	    597.50	    335.39	      2.92	      2.07	     51.03	     36.30	-28.96	 1.417e-04	      6.03	0	Gaussian	318.970142	38.987308
1040	1	  0.001514	  0.000368	     -1.00	    755.32	    648.11	      3.51	      2.47	     61.43	     43.27	-32.79	 1.301e-04	      6.03	0	Gaussian	317.712122	37.679284
1041	1	  0.001487	  0.000396	     -1.00	    314.06	    228.27	      3.26	      2.62	     57.01	     45.84	-5.43	 1.019e-04	      6.03	0	Gaussian	320.747109	39.223530
1042	1	  0.001474	  0.000353	     -1.00	    341.39	    682.32	      3.80	      2.77	     66.60	     48.43	1.33	 5.811e-05	      6.04	0	Gaussian	320.034251	37.182713
1043	1	  0.001489	  0.000309	     -1.00	    666.44	     34.84	      3.72	      2.71	     65.11	     47.43	-8.73	 8.355e-05	      6.05	0	Gaussian	318.911680	40.426816
1044	1	  0.001473	  0.000308	     -1.00	    332.94	    486.25	      3.70	      2.92	     64.70	     51.09	-28.24	 5.100e-05	      6.05	0	Gaussian	320.317779	38.066770
1045	1	  0.001469	  0.000300	     -1.00	    453.79	    172.23	      3.62	      3.05	     63.34	     53.32	-3.61	 4.704e-05	      6.05	0	Gaussian	320.003926	39.608131
1046	1	  0.001485	  0.000323	     -1.00	    489.28	    597.01	      3.87	      2.36	     67.75	     41.29	-25.46	 8.488e-05	      6.05	0	Gaussian	319.294629	37.698250
1047	1	  0.001459	  0.000300	     -1.00	    700.45	    592.37	      3.17	      3.02	     55.40	     52.94	-39.32	 4.036e-05	      6.06	0	Gaussian	318.087535	37.892406
1048	1	  0.001477	  0.000387	     -1.00	    292.54	     62.56	      3.32	      2.27	     58.08	     39.71	-2.81	 8.502e-05	      6.06	0	Gaussian	321.085455	39.957285
1049	1	  0.001447	  0.000375	     -1.00	    141.49	    230.08	      3.04	      2.47	     53.27	     43.22	-22.50	 3.838e-05	      6.07	0	Gaussian	321.738349	39.049768
1050	1	  0.001480	  0.000288	     -1.00	    582.72	    127.14	      3.77	      2.83	     65.97	     49.61	-9.41	 5.404e-05	      6.07	0	Gaussian	319.300135	39.929852
1051	1	  0.001486	  0.000332	     -1.00	    618.09	    634.03	      4.72	      2.35	     82.67	     41.17	25.92	 1.618e-04	      6.08	0	Gaussian	318.516109	37.635486
1052	1	  0.001521	  0.000434	     -1.00	    741.95	    489.41	      3.09	      2.38	     54.12	     41.74	-8.01	 3.238e-04	      6.09	0	Gaussian	317.957360	38.398410
1053	1	  0.001476	  0.000271	     -1.00	    247.28	    267.64	      3.85	      2.87	     67.37	     50.30	-7.28	 8.409e-05	      6.11	0	Gaussian	321.082064	38.981523
1054	1	  0.001485	  0.000349	     -1.00	    686.40	    593.04	      3.30	      2.67	     57.78	     46.65	-5.94	 7.476e-05	      6.13	0	Gaussian	318.167843	37.878190
1055	1	  0.001504	  0.000259	     -1.00	    642.39	    606.39	      4.20	      2.75	     73.59	     48.20	-3.35	 1.393e-04	      6.13	0	Gaussian	318.406818	37.781726
1056	1	  0.001470	  0.000299	     -1.00	     57.98	     65.44	      3.67	      2.83	     64.28	     49.50	-12.04	 5.392e-05	      6.14	0	Gaussian	322.441446	39.710709
1057	1	  0.001485	  0.000235	     -1.00	    358.44	    130.55	      4.29	      2.91	     75.04	     50.99	2.49	 6.586e-05	      6.14	0	Gaussian	320.613238	39.710374
1058	1	  0.001508	  0.000400	     -1.00	    150.58	    525.71	      3.22	      2.08	     56.34	     36.35	-4.50	 1.645e-04	      6.16	0	Gaussian	321.301997	37.720263
1059	1	  0.001549	  0.000424	     -1.00	    623.51	    496.72	      3.06	      2.11	     53.65	     36.99	-0.31	 3.287e-04	      6.17	0	Gaussian	318.636575	38.269149
1060	1	  0.001513	  0.000329	     -1.00	    490.15	    260.43	      4.24	      1.57	     74.13	     27.46	-3.05	 2.766e-04	      6.21	0	Gaussian	319.684414	39.237468
1061	1	  0.001544	  0.000411	     -1.00	    516.69	    473.35	      3.31	      1.98	     57.89	     34.58	-10.92	 5.405e-04	      6.23	0	Gaussian	319.279773	38.286634
1062	1	  0.001477	  0.000358	     -1.00	    290.12	    448.01	      2.57	      2.13	     44.92	     37.20	-16.02	 8.477e-05	      6.34	0	Gaussian	320.608992	38.201840
1063	1	  0.001535	  0.000497	     -1.00	    472.89	    545.18	      2.04	      1.54	     35.67	     26.99	-88.13	 3.367e-04	      6.34	0	Gaussian	319.448149	37.920954
1064	1	  0.001537	  0.000137	     -1.00	    384.67	    771.99	     10.59	      1.92	    185.36	     33.64	62.60	 5.403e-04	      6.37	0	Gaussian	319.685708	36.812405
1065	1	  0.001513	  0.000361	     -1.00	    536.41	    474.68	      3.24	      1.93	     56.71	     33.72	-7.02	 3.581e-04	      6.39	0	Gaussian	319.164570	38.297326
1066	1	  0.001624	  0.000517	     -1.00	    388.73	    335.45	      2.50	      1.83	     43.75	     32.00	-10.21	 9.836e-04	      6.41	0	Gaussian	320.181913	38.803945
1067	1	  0.001496	  0.000262	     -1.00	    469.77	    236.91	      5.22	      1.96	     91.42	     34.26	-7.31	 1.767e-04	      6.45	0	Gaussian	319.831655	39.326877
1068	1	  0.001476	  0.000285	     -1.00	    376.91	    508.81	      2.19	      1.83	     38.36	     32.05	-60.98	 9.165e-05	      6.61	0	Gaussian	320.039674	38.003238
1069	1	  0.001481	  0.000286	     -1.00	    620.28	    305.97	      2.89	      2.59	     50.52	     45.38	78.17	 6.949e-05	      6.94	0	Gaussian	318.870760	39.141591
1070	1	  0.001586	  0.000291	     -1.00	    765.39	    530.82	      2.29	      1.83	     40.14	     32.09	-52.48	 7.230e-04	      6.94	0	Gaussian	317.776960	38.226374
1071	1	  0.001538	  0.000373	     -1.00	    735.68	    412.20	      2.60	      2.01	     45.47	     35.12	-44.55	 4.462e-04	      7.13	0	Gaussian	318.077186	38.748602
1072	1	  0.001520	  0.000412	     -1.00	    229.03	    144.38	      1.70	      1.39	     29.70	     24.40	78.00	 2.971e-04	      7.17	0	Gaussian	321.347549	39.523852
1073	1	  0.001605	  0.000069	     -1.00	    769.43	    611.16	      5.50	      3.79	     96.28	     66.35	-31.68	 1.007e-03	      7.21	0	Gaussian	317.669223	37.860016
1074	1	  0.002032	 -0.000447	     -1.00	    683.02	    281.17	      8.75	      7.48	    153.11	    130.96	31.33	 3.009e-03	    999.00	0	Gaussian	318.530747	39.308206
1075	1	  0.001573	  0.000379	     -1.00	    635.23	     32.44	      7.05	      3.02	    123.36	     52.93	-38.27	 4.786e-04	    999.00	0	Gaussian	319.100741	40.410687
1076	1	  0.001578	  0.000359	     -1.00	    491.90	     23.65	      5.56	      3.39	     97.39	     59.29	80.32	 6.695e-04	    999.00	0	Gaussian	319.962862	40.322543
1077	1	  0.001522	  0.000311	     -1.00	    360.46	    663.31	      3.21	      2.33	     56.12	     40.80	-59.49	 3.267e-04	    999.00	0	Gaussian	319.949137	37.285724
1078	1	  0.001580	  0.000219	     -1.00	    651.63	     34.61	      4.37	      2.90	     76.56	     50.74	-8.21	 4.339e-04	    999.00	0	Gaussian	319.000327	40.415044
