# 963 stars found using the following parameters:
# sigma=1.00 roundness=0.10 radius=5 relax=1 profile=0 minbeta=1.5 max_stars=0 layer=1 minA=0.00 maxA=0.00 maxR=1.00
# star#	layer	B	A	beta	X	Y	FWHMx [px]	FWHMy [px]	FWHMx ["]	FWHMy ["]	angle	RMSE	mag	Sat	Profile	RA	Dec
1	1	  0.002041	  0.151356	     -1.00	    241.96	    752.66	      2.69	      2.68	     47.05	     46.83	18.15	 1.692e-03	     -0.23	1	Gaussian	290.985172	43.387816
2	1	  0.001753	  0.072288	     -1.00	    118.53	    434.64	      2.63	      2.62	     46.09	     45.90	43.27	 8.513e-04	      0.62	0	Gaussian	291.485032	44.930176
3	1	  0.001709	  0.056047	     -1.00	    113.10	    417.40	      2.73	      2.62	     47.70	     45.93	0.54	 7.413e-04	      0.86	0	Gaussian	291.504828	45.012999
4	1	  0.002096	  0.052937	     -1.00	    190.89	    423.55	      2.64	      2.58	     46.27	     45.09	5.01	 1.541e-03	      0.97	0	Gaussian	291.014670	44.933783
5	1	  0.001646	  0.043962	     -1.00	    347.54	    378.28	      2.64	      2.63	     46.21	     46.07	35.83	 5.333e-04	      1.15	0	Gaussian	289.979668	45.032202
6	1	  0.001765	  0.040481	     -1.00	    743.47	    414.02	      2.67	      2.67	     46.68	     46.67	-36.53	 6.431e-04	      1.22	0	Gaussian	287.549299	44.559199
7	1	  0.001639	  0.034058	     -1.00	    510.08	    284.79	      2.76	      2.74	     48.35	     47.93	-24.36	 4.450e-04	      1.34	0	Gaussian	288.859370	45.335365
8	1	  0.001612	  0.036657	     -1.00	    144.43	    102.46	      2.64	      2.62	     46.28	     45.79	10.06	 4.769e-04	      1.35	0	Gaussian	291.022964	46.438334
9	1	  0.001665	  0.025423	     -1.00	    791.91	     66.00	      2.64	      2.60	     46.15	     45.48	73.84	 3.379e-04	      1.76	0	Gaussian	286.838759	46.084713
10	1	  0.001608	  0.024369	     -1.00	    426.90	     21.69	      2.71	      2.64	     47.35	     46.26	22.17	 3.164e-04	      1.76	0	Gaussian	289.110304	46.596501
11	1	  0.001545	  0.022156	     -1.00	    399.28	    692.92	      2.76	      2.73	     48.26	     47.86	72.14	 2.642e-04	      1.81	0	Gaussian	289.959005	43.556142
12	1	  0.001556	  0.021845	     -1.00	    700.71	    569.74	      2.73	      2.72	     47.73	     47.60	-62.97	 2.849e-04	      1.84	0	Gaussian	287.984841	43.889829
13	1	  0.001601	  0.022457	     -1.00	    188.02	    128.48	      2.69	      2.68	     47.06	     46.83	56.44	 2.710e-04	      1.84	0	Gaussian	290.763298	46.288821
14	1	  0.001567	  0.020564	     -1.00	    534.04	    315.99	      2.76	      2.71	     48.28	     47.40	64.61	 2.591e-04	      1.90	0	Gaussian	288.741949	45.174613
15	1	  0.001551	  0.021202	     -1.00	     56.96	    246.34	      2.61	      2.61	     45.73	     45.71	-12.32	 2.355e-04	      1.96	0	Gaussian	291.719464	45.836147
16	1	  0.001528	  0.018614	     -1.00	    203.63	    728.93	      2.72	      2.72	     47.68	     47.62	76.96	 2.037e-04	      2.02	0	Gaussian	291.202395	43.521471
17	1	  0.001533	  0.017987	     -1.00	    409.18	     65.09	      2.80	      2.70	     49.08	     47.32	50.50	 2.100e-04	      2.03	0	Gaussian	289.270298	46.413380
18	1	  0.001542	  0.016493	     -1.00	    433.49	     57.45	      2.65	      2.56	     46.32	     44.73	7.57	 2.147e-04	      2.25	0	Gaussian	289.105841	46.428875
19	1	  0.001542	  0.013499	     -1.00	    376.60	    517.74	      3.10	      2.62	     54.33	     45.81	-75.77	 1.869e-04	      2.27	0	Gaussian	289.932106	44.373639
20	1	  0.001597	  0.013589	     -1.00	     24.94	    503.16	      2.80	      2.78	     49.01	     48.60	-5.17	 2.644e-04	      2.30	0	Gaussian	292.138789	44.672620
21	1	  0.001578	  0.014449	     -1.00	    539.17	    215.81	      2.68	      2.68	     46.85	     46.85	-26.30	 2.039e-04	      2.33	0	Gaussian	288.602125	45.625340
22	1	  0.001509	  0.012931	     -1.00	    683.57	    606.55	      2.74	      2.74	     48.00	     48.00	69.01	 1.678e-04	      2.39	0	Gaussian	288.129299	43.736697
23	1	  0.001572	  0.013295	     -1.00	    632.73	    560.18	      2.72	      2.69	     47.63	     47.15	-21.19	 1.699e-04	      2.39	0	Gaussian	288.390206	43.987437
24	1	  0.001511	  0.014129	     -1.00	    239.63	    643.46	      2.70	      2.57	     47.20	     44.96	-1.19	 1.793e-04	      2.39	0	Gaussian	290.903576	43.891222
25	1	  0.001518	  0.013737	     -1.00	    185.23	    701.58	      2.68	      2.64	     46.86	     46.26	-9.36	 1.708e-04	      2.39	0	Gaussian	291.293446	43.658993
26	1	  0.001540	  0.013607	     -1.00	    176.37	    391.44	      2.71	      2.63	     47.46	     46.04	-2.71	 1.909e-04	      2.40	0	Gaussian	291.078444	45.090975
27	1	  0.001547	  0.012406	     -1.00	    399.10	    472.99	      2.79	      2.76	     48.78	     48.33	-26.90	 1.973e-04	      2.41	0	Gaussian	289.747965	44.561953
28	1	  0.001839	  0.010864	     -1.00	    473.67	    414.03	      3.01	      2.66	     52.73	     46.61	15.13	 1.192e-03	      2.51	0	Gaussian	289.222393	44.775438
29	1	  0.001499	  0.011362	     -1.00	    206.34	    479.57	      2.69	      2.65	     47.08	     46.40	-2.31	 1.602e-04	      2.59	0	Gaussian	290.966815	44.666184
30	1	  0.001518	  0.009544	     -1.00	    149.94	    339.53	      3.08	      2.70	     53.87	     47.22	-16.19	 1.614e-04	      2.62	0	Gaussian	291.201165	45.347001
31	1	  0.001488	  0.010449	     -1.00	    675.42	    790.07	      2.79	      2.70	     48.87	     47.29	84.68	 1.359e-04	      2.62	0	Gaussian	288.374120	42.910194
32	1	  0.001511	  0.011221	     -1.00	    309.53	    261.27	      2.66	      2.64	     46.54	     46.13	8.73	 1.411e-04	      2.62	0	Gaussian	290.107395	45.594583
33	1	  0.001548	  0.009854	     -1.00	    390.26	     28.83	      2.68	      2.68	     46.83	     46.82	11.35	 1.874e-04	      2.73	0	Gaussian	289.354323	46.593046
34	1	  0.001514	  0.009423	     -1.00	    734.61	     35.04	      2.74	      2.72	     47.93	     47.60	0.85	 1.183e-04	      2.74	0	Gaussian	287.161813	46.275532
35	1	  0.001526	  0.009509	     -1.00	     32.32	    730.59	      2.76	      2.65	     48.38	     46.38	-5.87	 1.636e-04	      2.76	0	Gaussian	292.272985	43.617803
36	1	  0.001500	  0.009567	     -1.00	    233.78	    327.29	      2.71	      2.64	     47.40	     46.25	-12.45	 1.118e-04	      2.77	0	Gaussian	290.653793	45.346236
37	1	  0.001502	  0.008899	     -1.00	    412.35	    707.57	      2.76	      2.73	     48.32	     47.87	14.93	 1.329e-04	      2.79	0	Gaussian	289.892486	43.479936
38	1	  0.001620	  0.009050	     -1.00	    763.13	    503.65	      2.69	      2.66	     47.00	     46.61	-32.08	 3.516e-04	      2.83	0	Gaussian	287.530564	44.137646
39	1	  0.001531	  0.008696	     -1.00	    693.72	     12.27	      2.74	      2.70	     48.01	     47.19	-4.18	 1.086e-04	      2.84	0	Gaussian	287.393264	46.414420
40	1	  0.001534	  0.008451	     -1.00	    758.34	    411.81	      2.72	      2.69	     47.57	     47.15	85.37	 2.077e-04	      2.88	0	Gaussian	287.455417	44.556582
41	1	  0.001550	  0.008302	     -1.00	    682.20	    161.73	      2.75	      2.70	     48.09	     47.32	-5.11	 1.504e-04	      2.89	0	Gaussian	287.640837	45.750765
42	1	  0.001533	  0.007898	     -1.00	     15.64	    176.86	      2.86	      2.74	     50.10	     48.01	36.69	 1.533e-04	      2.89	0	Gaussian	291.929359	46.182199
43	1	  0.001509	  0.008212	     -1.00	    694.36	    123.71	      2.74	      2.69	     47.91	     47.07	-1.60	 1.372e-04	      2.91	0	Gaussian	287.520305	45.911767
44	1	  0.001503	  0.006158	     -1.00	     14.48	    394.51	      3.08	      3.02	     53.91	     52.78	-35.20	 1.460e-04	      2.96	0	Gaussian	292.117554	45.180257
45	1	  0.001479	  0.007473	     -1.00	    451.59	    545.15	      2.81	      2.76	     49.13	     48.37	-4.42	 9.892e-05	      2.97	0	Gaussian	289.492061	44.193976
46	1	  0.001514	  0.007625	     -1.00	    444.47	    769.67	      2.75	      2.70	     48.08	     47.24	6.18	 1.283e-04	      2.98	0	Gaussian	289.754802	43.173296
47	1	  0.001495	  0.007529	     -1.00	    735.57	    207.57	      2.75	      2.67	     48.17	     46.77	10.28	 1.057e-04	      3.01	0	Gaussian	287.360141	45.497774
48	1	  0.001548	  0.007143	     -1.00	    169.39	    449.06	      2.75	      2.75	     48.20	     48.18	-4.50	 1.867e-04	      3.04	0	Gaussian	291.173921	44.830836
49	1	  0.001514	  0.007480	     -1.00	     90.82	     91.56	      2.71	      2.62	     47.46	     45.92	2.47	 1.010e-04	      3.04	0	Gaussian	291.363478	46.524836
50	1	  0.001496	  0.006944	     -1.00	    438.84	     44.02	      2.79	      2.73	     48.86	     47.83	46.49	 9.032e-05	      3.05	0	Gaussian	289.057117	46.485613
51	1	  0.001510	  0.006816	     -1.00	    611.17	    403.16	      2.81	      2.78	     49.15	     48.65	23.83	 1.088e-04	      3.06	0	Gaussian	288.354316	44.717326
52	1	  0.001497	  0.006837	     -1.00	     27.44	    758.49	      2.85	      2.67	     49.80	     46.67	-2.39	 8.984e-05	      3.08	0	Gaussian	292.325317	43.491651
53	1	  0.001494	  0.006904	     -1.00	    197.30	    388.66	      2.73	      2.69	     47.71	     47.11	-8.97	 9.146e-05	      3.10	0	Gaussian	290.942576	45.089684
54	1	  0.001488	  0.006679	     -1.00	    222.35	    214.17	      2.77	      2.75	     48.43	     48.21	12.91	 8.460e-05	      3.11	0	Gaussian	290.621571	45.872421
55	1	  0.001498	  0.006524	     -1.00	    360.65	    693.17	      2.82	      2.77	     49.37	     48.55	-14.58	 9.452e-05	      3.11	0	Gaussian	290.197547	43.581782
56	1	  0.001489	  0.006453	     -1.00	    644.68	    381.32	      2.79	      2.76	     48.88	     48.36	-30.97	 9.747e-05	      3.11	0	Gaussian	288.122581	44.789167
57	1	  0.001486	  0.006063	     -1.00	    101.96	    528.87	      2.86	      2.86	     50.01	     49.99	-38.96	 8.587e-05	      3.12	0	Gaussian	291.670401	44.506751
58	1	  0.001488	  0.006210	     -1.00	    285.48	    124.04	      2.81	      2.75	     49.11	     48.18	84.75	 8.781e-05	      3.15	0	Gaussian	290.127812	46.238991
59	1	  0.001752	  0.007131	     -1.00	     31.65	    116.04	      2.62	      2.61	     45.79	     45.76	-32.60	 6.531e-04	      3.15	0	Gaussian	291.772673	46.451546
60	1	  0.001528	  0.006182	     -1.00	    242.36	    782.74	      2.86	      2.77	     50.06	     48.46	-12.43	 1.329e-04	      3.15	0	Gaussian	291.008918	43.249236
61	1	  0.001483	  0.005218	     -1.00	    369.93	    713.23	      3.12	      2.95	     54.54	     51.66	4.15	 9.969e-05	      3.15	0	Gaussian	290.159050	43.483507
62	1	  0.001493	  0.006137	     -1.00	    570.06	    743.46	      2.86	      2.73	     50.14	     47.83	2.06	 9.540e-05	      3.17	0	Gaussian	288.963413	43.201953
63	1	  0.001488	  0.006524	     -1.00	    491.40	    103.46	      2.71	      2.66	     47.37	     46.61	1.63	 9.597e-05	      3.18	0	Gaussian	288.783968	46.173648
64	1	  0.001527	  0.005437	     -1.00	    523.39	    779.45	      3.15	      2.75	     55.15	     48.14	-12.60	 1.203e-04	      3.19	0	Gaussian	289.283176	43.072222
65	1	  0.001542	  0.005379	     -1.00	    291.69	    218.88	      2.98	      2.88	     52.15	     50.38	-65.96	 2.571e-04	      3.20	0	Gaussian	290.180396	45.801270
66	1	  0.001500	  0.005825	     -1.00	    121.69	    474.25	      2.86	      2.78	     49.98	     48.67	-22.33	 9.876e-05	      3.21	0	Gaussian	291.498863	44.745864
67	1	  0.001482	  0.005673	     -1.00	    601.86	     49.98	      2.83	      2.81	     49.45	     49.14	-63.78	 8.272e-05	      3.24	0	Gaussian	288.020513	46.324118
68	1	  0.001488	  0.005686	     -1.00	     54.88	    173.79	      2.81	      2.76	     49.23	     48.31	15.28	 1.107e-04	      3.24	0	Gaussian	291.670578	46.171048
69	1	  0.001518	  0.005645	     -1.00	     96.96	    781.11	      2.82	      2.78	     49.30	     48.59	1.72	 2.324e-04	      3.25	0	Gaussian	291.909346	43.346502
70	1	  0.001477	  0.004763	     -1.00	    783.03	    767.99	      3.04	      3.02	     53.19	     52.80	13.38	 1.006e-04	      3.26	0	Gaussian	287.704390	42.925744
71	1	  0.001478	  0.005729	     -1.00	    534.79	    479.68	      2.75	      2.71	     48.20	     47.43	7.48	 7.560e-05	      3.28	0	Gaussian	288.909355	44.429727
72	1	  0.001499	  0.005600	     -1.00	     67.21	    601.51	      2.86	      2.68	     50.03	     46.91	0.47	 9.918e-05	      3.29	0	Gaussian	291.950331	44.193236
73	1	  0.001490	  0.005392	     -1.00	    705.20	    249.30	      2.77	      2.77	     48.56	     48.55	21.55	 8.055e-05	      3.31	0	Gaussian	287.597858	45.335713
74	1	  0.001509	  0.005245	     -1.00	    611.93	    352.21	      2.83	      2.73	     49.57	     47.85	-41.90	 9.445e-05	      3.33	0	Gaussian	288.294160	44.947764
75	1	  0.001464	  0.005522	     -1.00	     38.79	    505.47	      2.85	      2.64	     49.89	     46.20	-5.85	 6.910e-05	      3.33	0	Gaussian	292.052404	44.653571
76	1	  0.001480	  0.005161	     -1.00	    341.76	    570.86	      2.84	      2.81	     49.78	     49.27	12.63	 6.514e-05	      3.33	0	Gaussian	290.200160	44.155137
77	1	  0.001499	  0.005599	     -1.00	    719.77	    663.38	      2.73	      2.67	     47.71	     46.68	-23.68	 1.040e-04	      3.34	0	Gaussian	287.971085	43.450190
78	1	  0.001504	  0.005346	     -1.00	    651.29	    529.59	      2.78	      2.72	     48.58	     47.67	-25.45	 1.060e-04	      3.35	0	Gaussian	288.243511	44.111547
79	1	  0.001495	  0.005289	     -1.00	    405.71	    122.11	      2.75	      2.75	     48.14	     48.10	-10.01	 9.367e-05	      3.36	0	Gaussian	289.352078	46.156836
80	1	  0.001505	  0.005091	     -1.00	    438.87	    671.57	      2.87	      2.71	     50.16	     47.37	-0.36	 8.045e-05	      3.38	0	Gaussian	289.694676	43.625749
81	1	  0.001474	  0.005067	     -1.00	    455.63	    754.56	      2.84	      2.73	     49.73	     47.83	-2.43	 7.299e-05	      3.38	0	Gaussian	289.672095	43.234494
82	1	  0.001427	  0.000790	     -1.00	    586.05	      8.70	      9.05	      5.77	    158.40	    101.06	-26.30	 1.367e-04	      3.39	0	Gaussian	288.074285	46.524042
83	1	  0.001520	  0.004679	     -1.00	    271.69	    398.33	      2.88	      2.88	     50.45	     50.44	4.87	 1.100e-04	      3.39	0	Gaussian	290.478805	44.994385
84	1	  0.001491	  0.005045	     -1.00	    568.94	     98.83	      2.79	      2.73	     48.75	     47.70	53.33	 7.833e-05	      3.40	0	Gaussian	288.284884	46.130981
85	1	  0.001462	  0.004405	     -1.00	    112.04	    692.92	      3.07	      2.86	     53.70	     50.06	-17.46	 5.795e-05	      3.40	0	Gaussian	291.743335	43.744295
86	1	  0.001508	  0.004905	     -1.00	    438.33	    700.11	      2.81	      2.81	     49.26	     49.20	28.43	 7.851e-05	      3.40	0	Gaussian	289.725629	43.495682
87	1	  0.001497	  0.004719	     -1.00	    666.81	     84.07	      2.83	      2.83	     49.56	     49.48	-33.94	 7.717e-05	      3.42	0	Gaussian	287.647829	46.114443
88	1	  0.001459	  0.004720	     -1.00	    560.70	    701.99	      2.86	      2.85	     50.06	     49.93	-20.77	 6.652e-05	      3.42	0	Gaussian	288.978336	43.397836
89	1	  0.001490	  0.004942	     -1.00	    484.19	     88.33	      2.79	      2.71	     48.75	     47.39	0.02	 6.621e-05	      3.44	0	Gaussian	288.813745	46.248094
90	1	  0.001484	  0.003801	     -1.00	    127.87	    686.63	      3.33	      2.88	     58.30	     50.49	-33.11	 8.417e-05	      3.45	0	Gaussian	291.639041	43.763643
91	1	  0.001481	  0.004891	     -1.00	    602.88	    113.13	      2.74	      2.72	     48.04	     47.67	42.83	 6.343e-05	      3.46	0	Gaussian	288.085628	46.037837
92	1	  0.001467	  0.004930	     -1.00	     91.57	    318.52	      2.77	      2.68	     48.48	     46.93	-9.54	 5.881e-05	      3.46	0	Gaussian	291.557759	45.481787
93	1	  0.001470	  0.003603	     -1.00	    310.68	     64.04	      3.37	      2.96	     59.00	     51.76	13.87	 8.443e-05	      3.46	0	Gaussian	289.905316	46.493906
94	1	  0.001478	  0.004658	     -1.00	    263.87	     59.66	      2.84	      2.75	     49.72	     48.11	26.54	 8.699e-05	      3.47	0	Gaussian	290.204667	46.548794
95	1	  0.001483	  0.004761	     -1.00	    567.12	    594.58	      2.81	      2.72	     49.11	     47.66	2.17	 8.587e-05	      3.47	0	Gaussian	288.828884	43.882030
96	1	  0.001488	  0.004654	     -1.00	    359.62	    276.39	      2.82	      2.74	     49.42	     48.01	3.91	 7.178e-05	      3.47	0	Gaussian	289.803034	45.488790
97	1	  0.001474	  0.004470	     -1.00	    547.58	    333.05	      2.87	      2.80	     50.20	     48.93	-62.99	 6.449e-05	      3.49	0	Gaussian	288.675235	45.086376
98	1	  0.001496	  0.004821	     -1.00	    787.41	    173.72	      2.73	      2.61	     47.77	     45.66	43.76	 8.321e-05	      3.51	0	Gaussian	286.996996	45.604572
99	1	  0.001540	  0.004426	     -1.00	     91.07	    132.93	      2.77	      2.75	     48.54	     48.13	12.77	 2.713e-04	      3.52	0	Gaussian	291.398647	46.334841
100	1	  0.001569	  0.004640	     -1.00	    175.88	    659.39	      2.86	      2.62	     50.14	     45.89	-6.73	 2.427e-04	      3.52	0	Gaussian	291.315694	43.859102
101	1	  0.001549	  0.004826	     -1.00	    723.84	    534.81	      2.66	      2.65	     46.59	     46.34	25.64	 1.922e-04	      3.52	0	Gaussian	287.805221	44.029229
102	1	  0.001477	  0.004486	     -1.00	    273.70	    453.11	      2.81	      2.76	     49.12	     48.27	-15.25	 6.536e-05	      3.53	0	Gaussian	290.517120	44.741940
103	1	  0.001533	  0.002266	     -1.00	    363.22	    345.14	      3.88	      3.88	     67.97	     67.96	-2.54	 2.722e-04	      3.53	0	Gaussian	289.848119	45.172203
104	1	  0.001480	  0.004214	     -1.00	    576.13	     37.98	      2.82	      2.81	     49.34	     49.18	2.05	 7.098e-05	      3.57	0	Gaussian	288.170862	46.400153
105	1	  0.001514	  0.004294	     -1.00	    481.01	    290.52	      2.90	      2.64	     50.67	     46.20	-4.56	 8.548e-05	      3.58	0	Gaussian	289.048608	45.332069
106	1	  0.001535	  0.004437	     -1.00	    413.35	    639.42	      2.75	      2.68	     48.18	     46.92	-17.01	 1.351e-04	      3.58	0	Gaussian	289.821023	43.790937
107	1	  0.001472	  0.003878	     -1.00	    129.84	    501.25	      3.02	      2.79	     52.89	     48.84	-14.89	 6.352e-05	      3.60	0	Gaussian	291.470263	44.616370
108	1	  0.001518	  0.004244	     -1.00	    674.40	    449.99	      2.75	      2.67	     48.05	     46.76	-40.46	 1.089e-04	      3.60	0	Gaussian	288.014560	44.453766
109	1	  0.001468	  0.001506	     -1.00	    449.65	    593.59	      5.29	      4.00	     92.65	     70.01	49.96	 8.461e-05	      3.61	0	Gaussian	289.552004	43.974233
110	1	  0.001512	  0.004126	     -1.00	    544.53	    193.70	      2.80	      2.76	     48.93	     48.26	3.04	 1.028e-04	      3.61	0	Gaussian	288.544238	45.721305
111	1	  0.001496	  0.004093	     -1.00	     27.79	    185.38	      2.81	      2.68	     49.15	     46.90	-15.21	 9.567e-05	      3.65	0	Gaussian	291.857239	46.135225
112	1	  0.001458	  0.004063	     -1.00	    234.43	    284.38	      2.79	      2.70	     48.78	     47.28	-13.05	 4.845e-05	      3.65	0	Gaussian	290.609699	45.542389
113	1	  0.001504	  0.003640	     -1.00	    311.40	    490.04	      2.95	      2.76	     51.63	     48.30	-23.09	 8.329e-05	      3.66	0	Gaussian	290.314178	44.546536
114	1	  0.001482	  0.003969	     -1.00	    596.06	    567.80	      2.78	      2.71	     48.68	     47.35	-4.55	 7.251e-05	      3.66	0	Gaussian	288.623250	43.981516
115	1	  0.001477	  0.003774	     -1.00	    153.55	    583.81	      2.88	      2.80	     50.33	     49.07	-7.24	 5.304e-05	      3.67	0	Gaussian	291.391082	44.221215
116	1	  0.001488	  0.003705	     -1.00	    531.70	    562.70	      2.91	      2.81	     50.94	     49.22	9.82	 8.292e-05	      3.67	0	Gaussian	289.014105	44.054116
117	1	  0.001479	  0.003872	     -1.00	     44.91	    204.22	      2.83	      2.71	     49.56	     47.47	-34.25	 6.671e-05	      3.68	0	Gaussian	291.761711	46.037608
118	1	  0.001457	  0.000813	     -1.00	    366.81	    301.78	      8.70	      4.19	    152.24	     73.26	-58.80	 6.573e-05	      3.69	0	Gaussian	289.782551	45.367560
119	1	  0.001509	  0.003809	     -1.00	    123.64	    199.33	      2.80	      2.71	     49.09	     47.49	-12.54	 1.348e-04	      3.72	0	Gaussian	291.245912	46.008285
120	1	  0.001478	  0.002971	     -1.00	    193.66	    185.19	      3.22	      2.96	     56.32	     51.79	-74.93	 6.051e-05	      3.73	0	Gaussian	290.779634	46.025227
121	1	  0.001483	  0.003634	     -1.00	    519.54	    464.16	      2.81	      2.79	     49.19	     48.83	-7.01	 5.765e-05	      3.74	0	Gaussian	288.987957	44.512094
122	1	  0.001525	  0.003618	     -1.00	    162.00	    534.39	      2.91	      2.69	     50.85	     47.10	-9.20	 1.321e-04	      3.74	0	Gaussian	291.295259	44.443215
123	1	  0.001481	  0.003568	     -1.00	    700.48	    101.77	      2.81	      2.79	     49.26	     48.91	-30.45	 1.110e-04	      3.75	0	Gaussian	287.456113	46.005315
124	1	  0.001515	  0.003596	     -1.00	    275.41	    387.23	      2.82	      2.75	     49.34	     48.16	3.33	 1.470e-04	      3.76	0	Gaussian	290.444818	45.042609
125	1	  0.001493	  0.003542	     -1.00	    568.51	    220.44	      2.86	      2.75	     49.98	     48.10	-14.62	 7.917e-05	      3.76	0	Gaussian	288.422064	45.580530
126	1	  0.001473	  0.001661	     -1.00	    443.38	    728.40	      5.02	      3.31	     87.81	     58.02	51.49	 7.523e-05	      3.76	0	Gaussian	289.721902	43.362751
127	1	  0.001490	  0.003484	     -1.00	    197.51	     53.97	      2.87	      2.74	     50.26	     48.03	60.75	 9.650e-05	      3.77	0	Gaussian	290.631294	46.622939
128	1	  0.001521	  0.003379	     -1.00	    404.49	    593.62	      3.01	      2.66	     52.66	     46.55	-16.14	 1.387e-04	      3.78	0	Gaussian	289.831761	44.006677
129	1	  0.001515	  0.003366	     -1.00	    166.15	    522.05	      2.84	      2.84	     49.67	     49.63	-44.63	 1.057e-04	      3.79	0	Gaussian	291.258376	44.497327
130	1	  0.001470	  0.003179	     -1.00	    429.28	    609.66	      3.00	      2.83	     52.52	     49.60	-18.02	 4.766e-05	      3.80	0	Gaussian	289.693729	43.915580
131	1	  0.001478	  0.003214	     -1.00	    548.97	     27.18	      2.91	      2.79	     50.90	     48.84	-20.91	 1.019e-04	      3.80	0	Gaussian	288.332154	46.471832
132	1	  0.001596	  0.003793	     -1.00	    726.67	    421.39	      2.67	      2.63	     46.74	     46.07	-27.62	 3.581e-04	      3.80	0	Gaussian	287.660964	44.539972
133	1	  0.001462	  0.003151	     -1.00	    772.51	    743.62	      2.95	      2.86	     51.55	     49.97	-25.95	 5.822e-05	      3.81	0	Gaussian	287.740744	43.044494
134	1	  0.001502	  0.003319	     -1.00	    161.02	    126.14	      2.80	      2.72	     49.09	     47.62	-44.03	 1.160e-04	      3.82	0	Gaussian	290.936678	46.318371
135	1	  0.001480	  0.002900	     -1.00	    115.20	    564.40	      3.25	      2.81	     56.82	     49.14	10.24	 6.326e-05	      3.82	0	Gaussian	291.616481	44.334784
136	1	  0.001476	  0.002697	     -1.00	    303.31	    242.87	      3.08	      3.08	     53.90	     53.86	-27.67	 8.186e-05	      3.84	0	Gaussian	290.129312	45.683208
137	1	  0.001629	  0.003708	     -1.00	    442.58	    569.09	      2.68	      2.58	     46.95	     45.07	3.36	 4.090e-04	      3.84	0	Gaussian	289.571616	44.091269
138	1	  0.001498	  0.003086	     -1.00	    342.97	    332.25	      2.93	      2.82	     51.21	     49.43	-26.78	 1.102e-04	      3.84	0	Gaussian	289.963793	45.245888
139	1	  0.001462	  0.002743	     -1.00	    370.90	    663.94	      3.03	      3.02	     53.10	     52.91	12.77	 4.613e-05	      3.85	0	Gaussian	290.106832	43.708575
140	1	  0.001455	  0.002891	     -1.00	    234.46	    419.18	      2.95	      2.90	     51.69	     50.77	-8.21	 5.114e-05	      3.90	0	Gaussian	290.734137	44.924461
141	1	  0.001454	  0.003010	     -1.00	    309.18	    312.69	      2.91	      2.82	     50.96	     49.32	-17.39	 3.928e-05	      3.90	0	Gaussian	290.159438	45.359811
142	1	  0.001464	  0.002847	     -1.00	    330.93	    736.46	      3.06	      2.85	     53.53	     49.81	-14.13	 5.088e-05	      3.90	0	Gaussian	290.420932	43.403581
143	1	  0.001588	  0.002527	     -1.00	    692.53	    112.50	      3.27	      2.85	     57.21	     49.93	19.85	 4.050e-04	      3.90	0	Gaussian	287.518754	45.963870
144	1	  0.001480	  0.003002	     -1.00	    362.99	     12.50	      2.91	      2.76	     50.87	     48.28	-14.69	 5.325e-05	      3.91	0	Gaussian	289.513810	46.688550
145	1	  0.001495	  0.003125	     -1.00	    760.65	    233.27	      2.80	      2.77	     49.02	     48.42	-43.05	 6.143e-05	      3.91	0	Gaussian	287.234120	45.360049
146	1	  0.001497	  0.003038	     -1.00	    339.17	    223.07	      2.78	      2.76	     48.66	     48.39	-1.06	 7.276e-05	      3.92	0	Gaussian	289.880492	45.747313
147	1	  0.001474	  0.002837	     -1.00	    491.69	    478.86	      2.93	      2.90	     51.22	     50.76	-41.56	 6.116e-05	      3.93	0	Gaussian	289.176199	44.466362
148	1	  0.001508	  0.003138	     -1.00	     55.68	    294.56	      2.87	      2.66	     50.23	     46.63	-15.15	 8.568e-05	      3.93	0	Gaussian	291.768803	45.615086
149	1	  0.001447	  0.002640	     -1.00	    105.85	    741.82	      3.01	      2.95	     52.73	     51.63	-4.57	 3.904e-05	      3.94	0	Gaussian	291.822066	43.522488
150	1	  0.001458	  0.002742	     -1.00	    198.21	    254.70	      3.03	      2.84	     52.99	     49.69	-28.17	 3.927e-05	      3.95	0	Gaussian	290.814636	45.703570
151	1	  0.001450	  0.002601	     -1.00	    127.63	    664.78	      3.07	      2.95	     53.82	     51.67	-16.59	 3.518e-05	      3.95	0	Gaussian	291.622357	43.864486
152	1	  0.001465	  0.000518	     -1.00	    551.59	    518.19	     10.06	      4.39	    176.00	     76.77	-67.17	 5.369e-05	      3.97	0	Gaussian	288.845352	44.241543
153	1	  0.001471	  0.002628	     -1.00	      9.69	      5.86	      3.07	      2.89	     53.76	     50.61	-8.74	 5.260e-05	      3.98	0	Gaussian	291.822257	46.971924
154	1	  0.001486	  0.002672	     -1.00	    550.55	    372.43	      2.97	      2.88	     51.95	     50.43	-20.31	 7.929e-05	      3.98	0	Gaussian	288.698623	44.905126
155	1	  0.001475	  0.002563	     -1.00	     43.56	    786.09	      3.09	      2.88	     54.16	     50.37	-6.86	 5.734e-05	      3.99	0	Gaussian	292.246108	43.354805
156	1	  0.001457	  0.002492	     -1.00	    653.37	    217.70	      3.11	      2.93	     54.51	     51.36	-13.73	 4.046e-05	      3.99	0	Gaussian	287.885694	45.522481
157	1	  0.001453	  0.002685	     -1.00	    231.31	    147.31	      2.97	      2.84	     51.97	     49.75	-12.70	 4.058e-05	      3.99	0	Gaussian	290.500485	46.171977
158	1	  0.001498	  0.002584	     -1.00	    787.37	    161.52	      2.98	      2.93	     52.19	     51.27	-70.38	 7.403e-05	      3.99	0	Gaussian	286.982650	45.659479
159	1	  0.001453	  0.002517	     -1.00	    150.34	    778.81	      3.10	      2.87	     54.22	     50.26	-6.52	 4.245e-05	      4.01	0	Gaussian	291.575541	43.324908
160	1	  0.001502	  0.001278	     -1.00	    209.36	    432.61	      5.84	      2.92	    102.27	     51.16	-26.41	 9.207e-05	      4.02	0	Gaussian	290.905566	44.879820
161	1	  0.001512	  0.002733	     -1.00	    258.07	    460.22	      2.84	      2.81	     49.64	     49.23	-6.94	 9.342e-05	      4.02	0	Gaussian	290.622376	44.720077
162	1	  0.001534	  0.002770	     -1.00	    790.79	     25.48	      2.84	      2.78	     49.67	     48.62	-17.71	 1.993e-04	      4.02	0	Gaussian	286.796212	46.267635
163	1	  0.001535	  0.002675	     -1.00	    442.04	    489.95	      2.85	      2.84	     49.88	     49.63	-36.64	 1.650e-04	      4.03	0	Gaussian	289.496529	44.452954
164	1	  0.001560	  0.002796	     -1.00	    360.54	    334.73	      2.86	      2.73	     49.98	     47.87	-29.89	 2.167e-04	      4.03	0	Gaussian	289.854832	45.221724
165	1	  0.001518	  0.002481	     -1.00	    116.81	    522.79	      3.04	      2.91	     53.13	     50.91	2.84	 1.621e-04	      4.03	0	Gaussian	291.571194	44.525452
166	1	  0.001486	  0.002437	     -1.00	    291.20	    647.31	      3.12	      2.85	     54.66	     49.96	-24.03	 7.452e-05	      4.04	0	Gaussian	290.585802	43.839308
167	1	  0.001446	  0.000447	     -1.00	     63.62	    779.02	     10.47	      4.61	    183.24	     80.69	-70.97	 4.498e-05	      4.04	0	Gaussian	292.115431	43.375815
168	1	  0.001469	  0.001561	     -1.00	    293.07	    721.22	      3.76	      3.70	     65.89	     64.78	59.34	 5.415e-05	      4.05	0	Gaussian	290.640985	43.498837
169	1	  0.001466	  0.002424	     -1.00	    140.84	    127.14	      3.07	      2.91	     53.72	     50.92	-16.43	 5.572e-05	      4.05	0	Gaussian	291.068923	46.327689
170	1	  0.001487	  0.002334	     -1.00	    530.26	     60.94	      3.10	      2.98	     54.32	     52.09	10.17	 7.243e-05	      4.06	0	Gaussian	288.489298	46.334625
171	1	  0.001506	  0.001847	     -1.00	    678.92	    658.09	      3.33	      3.33	     58.21	     58.21	59.42	 1.195e-04	      4.09	0	Gaussian	288.213052	43.506623
172	1	  0.001516	  0.002417	     -1.00	    385.80	    427.70	      2.98	      2.87	     52.20	     50.17	-11.08	 1.254e-04	      4.09	0	Gaussian	289.786921	44.778565
173	1	  0.001467	  0.002124	     -1.00	    715.29	    223.95	      3.05	      3.05	     53.37	     53.37	21.15	 4.023e-05	      4.09	0	Gaussian	287.505676	45.441451
174	1	  0.001533	  0.000858	     -1.00	    447.88	    498.78	      6.82	      3.43	    119.31	     59.98	26.68	 2.455e-04	      4.10	0	Gaussian	289.468978	44.408330
175	1	  0.001490	  0.000791	     -1.00	    746.79	    624.14	      7.34	      3.43	    128.41	     60.11	-50.62	 7.892e-05	      4.11	0	Gaussian	287.764496	43.606121
176	1	  0.001463	  0.002155	     -1.00	    618.35	    548.67	      3.18	      2.99	     55.64	     52.35	-25.45	 3.976e-05	      4.11	0	Gaussian	288.466146	44.051039
177	1	  0.001467	  0.000889	     -1.00	    294.59	    684.02	      6.01	      3.72	    105.18	     65.05	-51.62	 6.116e-05	      4.11	0	Gaussian	290.597985	43.668559
178	1	  0.001481	  0.002078	     -1.00	    318.29	    787.88	      3.29	      2.97	     57.57	     51.97	-9.13	 1.228e-04	      4.11	0	Gaussian	290.545476	43.176135
179	1	  0.001453	  0.002212	     -1.00	    306.19	    337.21	      3.10	      2.98	     54.34	     52.09	-22.13	 3.838e-05	      4.12	0	Gaussian	290.202023	45.249805
180	1	  0.001526	  0.002540	     -1.00	     13.69	    235.63	      2.91	      2.73	     50.92	     47.83	-20.79	 1.068e-04	      4.12	0	Gaussian	291.991447	45.912942
181	1	  0.001476	  0.002121	     -1.00	    630.05	    424.77	      3.18	      3.05	     55.67	     53.37	-47.35	 5.149e-05	      4.12	0	Gaussian	288.260779	44.604077
182	1	  0.001451	  0.002005	     -1.00	    786.45	    720.49	      3.34	      2.93	     58.53	     51.35	-33.28	 4.315e-05	      4.13	0	Gaussian	287.631631	43.137928
183	1	  0.001463	  0.002050	     -1.00	    416.73	    595.21	      3.31	      3.02	     57.85	     52.92	-17.63	 5.067e-05	      4.13	0	Gaussian	289.757414	43.990628
184	1	  0.001459	  0.001930	     -1.00	    548.73	     99.88	      3.43	      2.98	     59.96	     52.10	-44.67	 4.814e-05	      4.13	0	Gaussian	288.414624	46.143022
185	1	  0.001542	  0.002519	     -1.00	    261.35	    553.39	      2.86	      2.75	     50.15	     48.10	-18.64	 1.211e-04	      4.13	0	Gaussian	290.686866	44.290408
186	1	  0.001497	  0.002200	     -1.00	    413.72	     29.98	      3.07	      2.97	     53.68	     52.05	-36.24	 9.091e-05	      4.14	0	Gaussian	289.204074	46.569337
187	1	  0.001451	  0.002127	     -1.00	     83.18	    641.97	      3.12	      3.03	     54.57	     53.08	7.21	 3.788e-05	      4.14	0	Gaussian	291.882695	43.996866
188	1	  0.001484	  0.002256	     -1.00	    513.32	    122.61	      3.03	      2.88	     53.00	     50.45	-24.42	 5.840e-05	      4.15	0	Gaussian	288.664933	46.069035
189	1	  0.001509	  0.002351	     -1.00	     69.34	    794.27	      3.05	      2.75	     53.40	     48.12	-7.33	 5.788e-05	      4.15	0	Gaussian	292.091822	43.302022
190	1	  0.001456	  0.002106	     -1.00	    214.40	    588.18	      3.18	      2.94	     55.72	     51.43	-26.02	 3.765e-05	      4.15	0	Gaussian	291.012496	44.161851
191	1	  0.001457	  0.002155	     -1.00	    720.86	    763.24	      3.15	      2.93	     55.09	     51.29	-41.83	 4.433e-05	      4.15	0	Gaussian	288.072305	42.996649
192	1	  0.001487	  0.001894	     -1.00	    250.58	    412.73	      3.31	      3.18	     57.90	     55.67	26.44	 1.166e-04	      4.15	0	Gaussian	290.625967	44.942994
193	1	  0.001478	  0.001780	     -1.00	    526.88	    548.63	      3.30	      3.28	     57.68	     57.39	-42.88	 7.374e-05	      4.17	0	Gaussian	289.029399	44.121870
194	1	  0.001500	  0.002166	     -1.00	    587.59	    269.11	      3.04	      2.92	     53.27	     51.06	-58.90	 6.674e-05	      4.17	0	Gaussian	288.355375	45.344348
195	1	  0.001504	  0.002118	     -1.00	    191.50	    713.50	      3.20	      2.83	     56.00	     49.46	-25.86	 1.431e-04	      4.17	0	Gaussian	291.264590	43.600128
196	1	  0.001516	  0.001584	     -1.00	    752.42	     69.09	      3.61	      3.30	     63.13	     57.77	30.72	 1.781e-04	      4.18	0	Gaussian	287.090443	46.106463
197	1	  0.001480	  0.001279	     -1.00	    391.75	    256.03	      4.83	      3.00	     84.50	     52.48	-6.61	 1.062e-04	      4.20	0	Gaussian	289.578325	45.557612
198	1	  0.001494	  0.002128	     -1.00	     11.48	    378.19	      3.12	      2.83	     54.61	     49.48	-9.25	 6.362e-05	      4.20	0	Gaussian	292.123554	45.257389
199	1	  0.001574	  0.002272	     -1.00	    503.86	    272.14	      2.96	      2.79	     51.88	     48.75	-29.74	 3.238e-04	      4.21	0	Gaussian	288.885214	45.397730
200	1	  0.001442	  0.001953	     -1.00	    476.64	    576.85	      3.19	      3.01	     55.83	     52.75	-34.69	 3.422e-05	      4.21	0	Gaussian	289.368430	44.030846
201	1	  0.001452	  0.002018	     -1.00	    140.73	     51.18	      3.13	      2.96	     54.83	     51.75	-19.41	 3.366e-05	      4.21	0	Gaussian	290.999937	46.675733
202	1	  0.001543	  0.002109	     -1.00	    127.74	    551.43	      3.10	      2.85	     54.27	     49.90	5.89	 2.405e-04	      4.22	0	Gaussian	291.526277	44.386659
203	1	  0.001482	  0.001930	     -1.00	    285.67	    302.69	      3.27	      2.95	     57.27	     51.71	-25.65	 4.895e-05	      4.22	0	Gaussian	290.299572	45.422394
204	1	  0.001454	  0.001255	     -1.00	    135.33	    163.93	      4.06	      3.44	     71.04	     60.16	46.43	 3.646e-05	      4.22	0	Gaussian	291.138190	46.162819
205	1	  0.001476	  0.002095	     -1.00	    573.04	    622.55	      3.11	      2.74	     54.39	     48.01	-5.91	 5.323e-05	      4.22	0	Gaussian	288.821517	43.750214
206	1	  0.001497	  0.002123	     -1.00	    491.47	    542.06	      3.04	      2.80	     53.16	     48.99	-37.03	 1.911e-04	      4.23	0	Gaussian	289.241690	44.178490
207	1	  0.001515	  0.002125	     -1.00	    166.67	    502.29	      3.09	      2.80	     54.09	     49.06	-17.94	 1.602e-04	      4.23	0	Gaussian	291.237838	44.587872
208	1	  0.001475	  0.002065	     -1.00	    229.96	    230.49	      3.04	      2.88	     53.26	     50.37	-21.51	 6.966e-05	      4.24	0	Gaussian	290.587903	45.792336
209	1	  0.001542	  0.002080	     -1.00	    508.32	    183.19	      3.13	      2.71	     54.77	     47.40	-43.62	 9.668e-05	      4.24	0	Gaussian	288.762175	45.798230
210	1	  0.001484	  0.002024	     -1.00	    726.97	      8.05	      2.94	      2.94	     51.52	     51.51	-27.77	 6.744e-05	      4.25	0	Gaussian	287.177621	46.403737
211	1	  0.001444	  0.001516	     -1.00	    371.98	    785.92	      3.52	      3.21	     61.59	     56.21	-34.78	 3.723e-05	      4.25	0	Gaussian	290.213962	43.149070
212	1	  0.001466	  0.000646	     -1.00	    203.44	    541.49	      7.83	      3.36	    137.12	     58.77	-48.76	 7.552e-05	      4.26	0	Gaussian	291.040169	44.383607
213	1	  0.001486	  0.001912	     -1.00	    552.73	     51.01	      3.09	      2.85	     54.13	     49.93	-7.77	 8.801e-05	      4.26	0	Gaussian	288.334790	46.360872
214	1	  0.001510	  0.002008	     -1.00	    343.23	    244.78	      3.03	      2.93	     53.09	     51.32	-16.65	 1.024e-04	      4.26	0	Gaussian	289.876122	45.645211
215	1	  0.001462	  0.001825	     -1.00	    152.12	    237.94	      3.10	      3.09	     54.32	     54.14	-29.17	 4.458e-05	      4.26	0	Gaussian	291.096327	45.811909
216	1	  0.001460	  0.001775	     -1.00	    339.64	    167.31	      3.30	      2.97	     57.83	     51.94	-48.43	 3.673e-05	      4.28	0	Gaussian	289.822005	46.001325
217	1	  0.001484	  0.001836	     -1.00	    313.69	    472.61	      3.22	      2.97	     56.35	     51.98	-33.33	 8.041e-05	      4.28	0	Gaussian	290.283398	44.624767
218	1	  0.001541	  0.001924	     -1.00	     90.55	    220.89	      3.06	      2.79	     53.52	     48.75	-7.55	 1.698e-04	      4.28	0	Gaussian	291.479538	45.931289
219	1	  0.001459	  0.001723	     -1.00	    627.76	    344.82	      3.19	      3.18	     55.83	     55.68	83.70	 5.329e-05	      4.29	0	Gaussian	288.187499	44.968381
220	1	  0.001455	  0.001132	     -1.00	    467.09	    694.43	      4.10	      3.66	     71.79	     64.04	50.18	 5.131e-05	      4.29	0	Gaussian	289.543457	43.501057
221	1	  0.001484	  0.001596	     -1.00	    431.11	    529.04	      3.57	      2.99	     62.45	     52.26	-3.56	 5.307e-05	      4.29	0	Gaussian	289.603366	44.282538
222	1	  0.001449	  0.001873	     -1.00	    204.88	    155.61	      3.13	      2.92	     54.82	     51.09	-18.40	 5.489e-05	      4.31	0	Gaussian	290.679400	46.152788
223	1	  0.001471	  0.001868	     -1.00	     69.12	    559.26	      3.15	      2.90	     55.20	     50.77	-12.94	 4.669e-05	      4.32	0	Gaussian	291.903721	44.386995
224	1	  0.001471	  0.001809	     -1.00	    757.48	    452.30	      3.21	      2.74	     56.26	     47.98	-55.04	 4.313e-05	      4.32	0	Gaussian	287.506863	44.374420
225	1	  0.001474	  0.001641	     -1.00	    314.17	    597.81	      3.25	      3.19	     56.83	     55.78	-18.44	 7.910e-05	      4.32	0	Gaussian	290.397348	44.050748
226	1	  0.001461	  0.001572	     -1.00	    563.61	     15.68	      3.51	      2.93	     61.44	     51.27	6.87	 5.117e-05	      4.33	0	Gaussian	288.225608	46.511551
227	1	  0.001475	  0.001301	     -1.00	    742.03	    476.05	      3.55	      3.50	     62.08	     61.28	72.99	 6.172e-05	      4.33	0	Gaussian	287.628313	44.280029
228	1	  0.001471	  0.001837	     -1.00	     34.20	    448.28	      3.18	      2.87	     55.66	     50.21	-9.59	 7.355e-05	      4.33	0	Gaussian	292.035070	44.920216
229	1	  0.001465	  0.001877	     -1.00	    158.07	    372.39	      3.17	      2.72	     55.40	     47.57	-6.05	 6.673e-05	      4.34	0	Gaussian	291.178276	45.190607
230	1	  0.001447	  0.001549	     -1.00	    341.48	    772.32	      3.50	      3.08	     61.31	     53.83	-19.33	 3.177e-05	      4.34	0	Gaussian	290.388762	43.232045
231	1	  0.001471	  0.001484	     -1.00	    302.72	    506.28	      3.54	      3.09	     62.04	     54.04	-61.51	 6.599e-05	      4.35	0	Gaussian	290.383907	44.478136
232	1	  0.001437	  0.001240	     -1.00	    687.12	    677.00	      3.92	      3.22	     68.63	     56.31	-4.49	 3.431e-05	      4.35	0	Gaussian	288.183538	43.414370
233	1	  0.001498	  0.001494	     -1.00	    285.71	    661.59	      3.61	      2.98	     63.10	     52.08	-41.49	 9.251e-05	      4.36	0	Gaussian	290.632880	43.777436
234	1	  0.001492	  0.001668	     -1.00	    145.65	    403.65	      3.37	      2.90	     59.05	     50.80	-19.13	 8.208e-05	      4.36	0	Gaussian	291.285158	45.055149
235	1	  0.001456	  0.001598	     -1.00	    442.30	    383.76	      3.31	      3.09	     57.90	     54.07	-15.47	 5.089e-05	      4.36	0	Gaussian	289.388187	44.937156
236	1	  0.001477	  0.001726	     -1.00	    759.86	    616.68	      3.23	      2.95	     56.45	     51.66	-24.17	 5.982e-05	      4.37	0	Gaussian	287.677046	43.629241
237	1	  0.001453	  0.000408	     -1.00	    517.74	    267.48	     10.54	      3.80	    184.55	     66.48	5.79	 4.995e-05	      4.37	0	Gaussian	288.792766	45.407938
238	1	  0.001501	  0.001904	     -1.00	    496.62	    166.00	      2.91	      2.82	     50.99	     49.28	-18.31	 9.990e-05	      4.37	0	Gaussian	288.818025	45.885615
239	1	  0.001463	  0.001736	     -1.00	    541.46	    154.38	      3.16	      2.88	     55.35	     50.39	-20.90	 4.622e-05	      4.39	0	Gaussian	288.520768	45.902066
240	1	  0.001535	  0.001679	     -1.00	    252.82	    783.84	      3.18	      2.81	     55.72	     49.23	-12.51	 3.232e-04	      4.39	0	Gaussian	290.945321	43.237446
241	1	  0.001469	  0.001658	     -1.00	    664.91	     64.62	      3.22	      2.82	     56.35	     49.39	-2.94	 4.416e-05	      4.41	0	Gaussian	287.637249	46.203826
242	1	  0.001471	  0.001638	     -1.00	    184.37	    631.68	      3.17	      2.97	     55.40	     51.92	-16.54	 4.311e-05	      4.42	0	Gaussian	291.238732	43.981230
243	1	  0.001501	  0.001629	     -1.00	     78.21	    597.62	      3.19	      2.98	     55.81	     52.14	-18.96	 9.609e-05	      4.42	0	Gaussian	291.877666	44.204475
244	1	  0.001479	  0.001538	     -1.00	    148.05	    203.64	      3.28	      2.96	     57.37	     51.89	-9.47	 6.327e-05	      4.42	0	Gaussian	291.091637	45.972052
245	1	  0.001473	  0.001453	     -1.00	    499.60	    638.78	      3.44	      3.11	     60.21	     54.39	-5.03	 5.391e-05	      4.43	0	Gaussian	289.288777	43.731377
246	1	  0.001482	  0.001244	     -1.00	    500.49	    115.13	      3.74	      3.19	     65.41	     55.92	31.42	 1.128e-04	      4.43	0	Gaussian	288.738556	46.113361
247	1	  0.001450	  0.001435	     -1.00	    132.26	    278.75	      3.33	      3.22	     58.22	     56.36	-17.15	 2.976e-05	      4.44	0	Gaussian	291.260929	45.637895
248	1	  0.001464	  0.001518	     -1.00	    488.40	    341.85	      3.28	      3.02	     57.38	     52.88	-10.04	 4.496e-05	      4.44	0	Gaussian	289.055606	45.092785
249	1	  0.001586	  0.002103	     -1.00	     25.73	    174.35	      2.77	      2.55	     48.40	     44.72	-20.74	 5.090e-04	      4.44	0	Gaussian	291.861305	46.187284
250	1	  0.001450	  0.001469	     -1.00	    390.37	    549.52	      3.34	      3.08	     58.45	     53.95	-21.81	 3.142e-05	      4.45	0	Gaussian	289.876915	44.218421
251	1	  0.001526	  0.001482	     -1.00	    106.42	    249.07	      3.40	      2.95	     59.44	     51.67	5.24	 1.277e-04	      4.46	0	Gaussian	291.401464	45.791368
252	1	  0.001463	  0.001460	     -1.00	    421.36	    503.69	      3.32	      3.09	     58.08	     54.17	-19.02	 4.870e-05	      4.46	0	Gaussian	289.639085	44.405448
253	1	  0.001479	  0.001557	     -1.00	    148.87	    352.76	      3.20	      2.85	     56.02	     49.91	-9.55	 5.143e-05	      4.47	0	Gaussian	291.219747	45.286905
254	1	  0.001605	  0.001943	     -1.00	    100.31	    772.88	      2.85	      2.63	     49.89	     46.10	6.90	 5.896e-04	      4.47	0	Gaussian	291.881827	43.382523
255	1	  0.001452	  0.000461	     -1.00	    333.86	    752.15	      8.94	      3.49	    156.56	     61.12	-55.37	 6.126e-05	      4.47	0	Gaussian	290.417215	43.329651
256	1	  0.001460	  0.001563	     -1.00	    122.47	     23.34	      3.22	      2.88	     56.39	     50.38	-19.52	 2.797e-05	      4.48	0	Gaussian	291.094083	46.815868
257	1	  0.001462	  0.001072	     -1.00	    666.60	      5.19	      3.80	      3.56	     66.54	     62.26	9.96	 4.954e-05	      4.49	0	Gaussian	287.557023	46.470223
258	1	  0.001445	  0.000992	     -1.00	    599.51	    552.49	      4.91	      2.95	     85.89	     51.72	-19.56	 4.046e-05	      4.49	0	Gaussian	288.585916	44.048418
259	1	  0.001454	  0.001306	     -1.00	    660.84	    781.99	      3.55	      3.06	     62.17	     53.50	-17.40	 4.166e-05	      4.50	0	Gaussian	288.453523	42.958097
260	1	  0.001527	  0.001476	     -1.00	     89.35	     64.88	      3.23	      3.06	     56.47	     53.53	22.60	 1.249e-04	      4.50	0	Gaussian	291.349212	46.648161
261	1	  0.001499	  0.001315	     -1.00	    570.61	    348.08	      3.30	      3.11	     57.78	     54.47	-3.96	 1.097e-04	      4.50	0	Gaussian	288.547336	44.999780
262	1	  0.001462	  0.001327	     -1.00	    183.47	    579.37	      3.55	      3.10	     62.09	     54.27	-10.87	 3.974e-05	      4.50	0	Gaussian	291.199036	44.222462
263	1	  0.001464	  0.001469	     -1.00	    678.17	     68.50	      3.25	      3.01	     56.82	     52.72	-23.32	 4.192e-05	      4.51	0	Gaussian	287.557932	46.174779
264	1	  0.001469	  0.001403	     -1.00	     29.56	     18.56	      3.39	      3.00	     59.28	     52.53	-15.40	 6.715e-05	      4.51	0	Gaussian	291.701880	46.900578
265	1	  0.001485	  0.001210	     -1.00	    618.85	    518.87	      3.60	      3.02	     63.04	     52.87	-15.56	 8.153e-05	      4.51	0	Gaussian	288.431306	44.186002
266	1	  0.001472	  0.001344	     -1.00	    631.41	    228.16	      3.54	      2.98	     62.00	     52.22	-10.18	 5.408e-05	      4.53	0	Gaussian	288.035172	45.493641
267	1	  0.001464	  0.001331	     -1.00	    565.71	    549.55	      3.47	      3.07	     60.80	     53.69	-20.18	 4.979e-05	      4.53	0	Gaussian	288.790848	44.088000
268	1	  0.001473	  0.001298	     -1.00	    141.16	    537.80	      3.55	      2.99	     62.13	     52.40	-4.70	 4.868e-05	      4.53	0	Gaussian	291.429859	44.440902
269	1	  0.001445	  0.001038	     -1.00	    768.49	    302.23	      3.57	      3.56	     62.48	     62.28	-54.73	 3.482e-05	      4.55	0	Gaussian	287.266309	45.042378
270	1	  0.001459	  0.000619	     -1.00	    674.79	    696.94	      6.66	      3.18	    116.55	     55.74	-3.41	 6.982e-05	      4.56	0	Gaussian	288.279582	43.333525
271	1	  0.001479	  0.000861	     -1.00	    243.26	    704.11	      4.46	      3.41	     78.00	     59.67	0.94	 1.100e-04	      4.56	0	Gaussian	290.934559	43.610150
272	1	  0.001539	  0.001564	     -1.00	    483.38	    534.93	      3.06	      2.80	     53.55	     49.08	0.62	 2.654e-04	      4.56	0	Gaussian	289.284670	44.217050
273	1	  0.001490	  0.001093	     -1.00	    330.33	    656.27	      4.11	      2.96	     71.98	     51.75	-27.32	 6.010e-05	      4.57	0	Gaussian	290.350943	43.771661
274	1	  0.001468	  0.001161	     -1.00	    639.69	    620.68	      3.75	      3.03	     65.59	     52.97	-14.75	 5.282e-05	      4.57	0	Gaussian	288.412003	43.707268
275	1	  0.001462	  0.001168	     -1.00	    419.27	    200.99	      3.49	      3.21	     61.17	     56.14	-13.78	 4.600e-05	      4.58	0	Gaussian	289.346992	45.787353
276	1	  0.001480	  0.001284	     -1.00	    530.93	    439.21	      3.44	      2.94	     60.24	     51.47	-10.11	 5.723e-05	      4.59	0	Gaussian	288.891161	44.616860
277	1	  0.001499	  0.001354	     -1.00	    726.23	    706.37	      3.39	      2.82	     59.32	     49.41	-4.84	 7.891e-05	      4.59	0	Gaussian	287.978680	43.250211
278	1	  0.001437	  0.001146	     -1.00	    567.80	    764.35	      3.67	      3.24	     64.20	     56.69	-11.97	 3.284e-05	      4.59	0	Gaussian	288.998218	43.108490
279	1	  0.001464	  0.001349	     -1.00	    469.94	    593.26	      3.26	      2.89	     57.15	     50.51	-8.68	 4.381e-05	      4.60	0	Gaussian	289.426217	43.960907
280	1	  0.001493	  0.001337	     -1.00	    619.16	    188.50	      3.29	      2.87	     57.63	     50.24	-4.55	 6.634e-05	      4.60	0	Gaussian	288.067604	45.683301
281	1	  0.001473	  0.001251	     -1.00	    279.78	    369.78	      3.41	      2.99	     59.63	     52.25	-15.39	 4.604e-05	      4.60	0	Gaussian	290.400693	45.119459
282	1	  0.001486	  0.001149	     -1.00	    172.73	    144.30	      3.51	      3.27	     61.45	     57.29	-8.91	 7.239e-05	      4.61	0	Gaussian	290.877336	46.227048
283	1	  0.001543	  0.001114	     -1.00	    642.87	    794.89	      3.75	      2.93	     65.60	     51.37	3.90	 1.539e-04	      4.61	0	Gaussian	288.575296	42.913162
284	1	  0.001458	  0.000897	     -1.00	    505.80	    695.01	      3.77	      3.65	     66.07	     63.87	19.46	 4.389e-05	      4.61	0	Gaussian	289.306765	43.470296
285	1	  0.001480	  0.001067	     -1.00	    342.36	    139.50	      3.63	      3.45	     63.49	     60.39	11.48	 7.583e-05	      4.61	0	Gaussian	289.776662	46.126084
286	1	  0.001525	  0.001342	     -1.00	    308.73	    787.97	      3.39	      2.77	     59.28	     48.54	-8.30	 1.689e-04	      4.62	0	Gaussian	290.604386	43.182043
287	1	  0.001570	  0.001120	     -1.00	    163.52	    511.04	      3.92	      2.79	     68.66	     48.83	36.36	 3.100e-04	      4.62	0	Gaussian	291.265396	44.549680
288	1	  0.001509	  0.001255	     -1.00	    473.75	    538.20	      3.45	      2.97	     60.34	     51.98	-24.99	 1.288e-04	      4.62	0	Gaussian	289.347621	44.209284
289	1	  0.001471	  0.001284	     -1.00	    524.46	    128.78	      3.31	      2.95	     57.89	     51.71	-22.27	 5.342e-05	      4.63	0	Gaussian	288.600731	46.031992
290	1	  0.001454	  0.000407	     -1.00	    497.78	    616.83	      7.74	      3.93	    135.50	     68.78	26.25	 6.356e-05	      4.63	0	Gaussian	289.277995	43.832819
291	1	  0.001534	  0.001192	     -1.00	    745.18	     63.99	      3.21	      3.03	     56.21	     52.98	-9.46	 2.135e-04	      4.63	0	Gaussian	287.129907	46.135870
292	1	  0.001473	  0.001134	     -1.00	    531.29	    300.05	      3.51	      3.20	     61.50	     56.06	-9.25	 5.232e-05	      4.64	0	Gaussian	288.742203	45.249203
293	1	  0.001491	  0.001207	     -1.00	    434.37	    515.14	      3.54	      2.93	     61.90	     51.35	-12.32	 6.588e-05	      4.64	0	Gaussian	289.569357	44.343645
294	1	  0.001495	  0.000818	     -1.00	    143.70	    515.45	      4.23	      3.65	     73.95	     63.91	-27.62	 8.778e-05	      4.64	0	Gaussian	291.394609	44.542143
295	1	  0.001453	  0.000295	     -1.00	    401.15	    384.77	     13.12	      3.20	    229.72	     55.99	-24.57	 4.502e-05	      4.64	0	Gaussian	289.647916	44.963284
296	1	  0.001478	  0.000805	     -1.00	    643.92	    358.43	      3.90	      3.89	     68.23	     68.01	-17.52	 7.965e-05	      4.66	0	Gaussian	288.102083	44.893457
297	1	  0.001449	  0.001183	     -1.00	    718.46	    782.96	      3.31	      3.05	     57.87	     53.40	-8.01	 3.917e-05	      4.66	0	Gaussian	288.107822	42.909118
298	1	  0.001466	  0.001269	     -1.00	    743.83	    374.66	      3.23	      2.87	     56.60	     50.18	-14.58	 4.317e-05	      4.68	0	Gaussian	287.502206	44.736693
299	1	  0.001463	  0.001174	     -1.00	    749.20	    722.27	      3.44	      2.99	     60.26	     52.33	-29.87	 5.059e-05	      4.68	0	Gaussian	287.857537	43.159867
300	1	  0.001497	  0.001167	     -1.00	    275.94	    491.59	      3.52	      2.85	     61.61	     49.86	-6.56	 1.029e-04	      4.70	0	Gaussian	290.538634	44.563983
301	1	  0.001456	  0.001092	     -1.00	    765.85	     40.66	      3.47	      3.07	     60.66	     53.82	-19.71	 5.448e-05	      4.70	0	Gaussian	286.971690	46.222145
302	1	  0.001444	  0.000815	     -1.00	    422.14	    398.67	      3.83	      3.68	     67.08	     64.37	-30.32	 2.557e-05	      4.70	0	Gaussian	289.529814	44.884263
303	1	  0.001455	  0.000713	     -1.00	    215.43	    555.08	      4.43	      3.47	     77.53	     60.78	-27.98	 2.840e-05	      4.70	0	Gaussian	290.976727	44.313254
304	1	  0.001458	  0.000851	     -1.00	    380.62	    586.65	      3.66	      3.66	     64.12	     64.09	0.11	 5.577e-05	      4.71	0	Gaussian	289.973250	44.055541
305	1	  0.001468	  0.000830	     -1.00	    301.04	    108.91	      4.51	      3.10	     78.91	     54.17	-25.89	 6.741e-05	      4.71	0	Gaussian	290.012405	46.296512
306	1	  0.001498	  0.001151	     -1.00	     26.50	    641.66	      3.41	      3.08	     59.66	     53.98	-8.49	 1.298e-04	      4.71	0	Gaussian	292.239595	44.032144
307	1	  0.001525	  0.000767	     -1.00	    107.29	    257.99	      4.31	      3.28	     75.37	     57.41	45.26	 1.747e-04	      4.71	0	Gaussian	291.403697	45.749793
308	1	  0.001501	  0.000600	     -1.00	    379.20	    388.57	      5.84	      3.22	    102.24	     56.38	-49.21	 9.607e-05	      4.72	0	Gaussian	289.789946	44.962137
309	1	  0.001455	  0.001042	     -1.00	    252.42	    217.41	      3.57	      3.14	     62.48	     54.89	-18.00	 4.081e-05	      4.74	0	Gaussian	290.431111	45.836252
310	1	  0.001450	  0.001037	     -1.00	    650.45	    587.06	      3.61	      2.89	     63.24	     50.56	-19.75	 3.946e-05	      4.75	0	Gaussian	288.310407	43.851454
311	1	  0.001444	  0.000813	     -1.00	    783.68	    419.89	      3.81	      3.50	     66.68	     61.21	-31.46	 3.829e-05	      4.76	0	Gaussian	287.309307	44.498550
312	1	  0.001468	  0.000967	     -1.00	    244.19	    560.40	      3.87	      2.89	     67.74	     50.52	4.63	 3.546e-05	      4.78	0	Gaussian	290.800876	44.269730
313	1	  0.001468	  0.000712	     -1.00	    598.72	    759.81	      4.29	      3.62	     75.06	     63.30	-3.18	 5.161e-05	      4.78	0	Gaussian	288.806091	43.106097
314	1	  0.001473	  0.000945	     -1.00	    332.63	    473.14	      3.81	      3.13	     66.67	     54.87	-11.32	 3.937e-05	      4.79	0	Gaussian	290.164832	44.608982
315	1	  0.001461	  0.000915	     -1.00	    409.47	    312.17	      3.74	      3.20	     65.39	     55.94	-29.15	 3.737e-05	      4.79	0	Gaussian	289.522668	45.288260
316	1	  0.001456	  0.000962	     -1.00	    493.01	    705.91	      3.72	      2.78	     65.17	     48.61	-12.66	 5.391e-05	      4.79	0	Gaussian	289.395871	43.429875
317	1	  0.001480	  0.001024	     -1.00	    612.40	    233.10	      3.52	      2.96	     61.57	     51.86	-31.98	 5.019e-05	      4.80	0	Gaussian	288.159973	45.487083
318	1	  0.001449	  0.000605	     -1.00	    520.94	    644.78	      4.62	      3.79	     80.83	     66.31	-83.91	 3.546e-05	      4.80	0	Gaussian	289.163667	43.688203
319	1	  0.001448	  0.000451	     -1.00	     68.41	    476.96	      6.00	      3.69	    105.04	     64.59	-64.13	 3.962e-05	      4.81	0	Gaussian	291.840290	44.766880
320	1	  0.001460	  0.000719	     -1.00	    275.29	    509.91	      3.89	      3.60	     68.05	     63.00	-48.10	 3.471e-05	      4.81	0	Gaussian	290.559591	44.480429
321	1	  0.001456	  0.000940	     -1.00	    767.36	    718.47	      3.51	      3.32	     61.51	     58.10	-26.68	 4.746e-05	      4.81	0	Gaussian	287.744155	43.162462
322	1	  0.001824	  0.003030	     -1.00	    779.93	     59.87	      3.15	      1.74	     55.19	     30.49	85.52	 1.828e-03	      4.82	0	Gaussian	286.906477	46.123114
323	1	  0.001478	  0.001071	     -1.00	    380.64	    207.69	      3.35	      3.00	     58.60	     52.45	-22.00	 7.619e-05	      4.82	0	Gaussian	289.600179	45.786370
324	1	  0.001464	  0.001034	     -1.00	    575.48	    152.44	      3.35	      3.07	     58.66	     53.67	-13.14	 5.079e-05	      4.83	0	Gaussian	288.303096	45.882853
325	1	  0.001470	  0.000987	     -1.00	    383.13	     42.78	      3.23	      3.23	     56.61	     56.58	-40.56	 7.125e-05	      4.83	0	Gaussian	289.414959	46.535208
326	1	  0.001444	  0.000598	     -1.00	    123.47	     89.99	      5.19	      3.22	     90.76	     56.37	0.81	 5.005e-05	      4.86	0	Gaussian	291.148406	46.509887
327	1	  0.001457	  0.000920	     -1.00	    134.10	    178.47	      3.60	      3.08	     63.08	     53.82	-10.97	 3.324e-05	      4.87	0	Gaussian	291.159326	46.096979
328	1	  0.001475	  0.000997	     -1.00	    298.55	    123.90	      3.41	      3.08	     59.75	     53.86	5.90	 6.474e-05	      4.87	0	Gaussian	290.043302	46.229968
329	1	  0.001475	  0.001053	     -1.00	    605.03	    261.46	      3.32	      2.89	     58.14	     50.50	-10.08	 4.285e-05	      4.87	0	Gaussian	288.237641	45.364725
330	1	  0.001457	  0.000813	     -1.00	    782.20	    563.50	      3.76	      3.27	     65.73	     57.19	-20.28	 4.961e-05	      4.88	0	Gaussian	287.482066	43.851250
331	1	  0.001481	  0.000956	     -1.00	    460.90	    230.88	      3.42	      3.01	     59.83	     52.65	-14.03	 6.315e-05	      4.90	0	Gaussian	289.113460	45.619072
332	1	  0.001468	  0.000866	     -1.00	    337.60	    307.89	      3.66	      3.21	     64.00	     56.25	-18.63	 5.351e-05	      4.90	0	Gaussian	289.974026	45.361134
333	1	  0.001463	  0.000886	     -1.00	    670.47	    580.22	      3.51	      3.21	     61.35	     56.12	-1.02	 5.782e-05	      4.90	0	Gaussian	288.180776	43.866595
334	1	  0.001480	  0.000620	     -1.00	    741.92	    166.86	      4.69	      3.04	     82.04	     53.24	30.19	 7.590e-05	      4.91	0	Gaussian	287.272704	45.675680
335	1	  0.001443	  0.000520	     -1.00	    594.71	    148.89	      4.66	      3.85	     81.61	     67.41	-80.34	 3.658e-05	      4.91	0	Gaussian	288.177471	45.882950
336	1	  0.001464	  0.000991	     -1.00	    331.06	     27.36	      3.42	      2.88	     59.86	     50.33	-11.64	 5.110e-05	      4.91	0	Gaussian	289.736098	46.645568
337	1	  0.001474	  0.000835	     -1.00	    586.63	    719.05	      3.80	      2.96	     66.47	     51.87	-31.87	 8.256e-05	      4.92	0	Gaussian	288.837802	43.300690
338	1	  0.001465	  0.000910	     -1.00	    719.35	    582.93	      3.09	      3.08	     54.01	     53.95	-41.47	 5.661e-05	      4.92	0	Gaussian	287.885726	43.814979
339	1	  0.001461	  0.001020	     -1.00	    622.03	     41.41	      3.37	      2.83	     59.02	     49.46	-5.64	 4.483e-05	      4.93	0	Gaussian	287.882420	46.345579
340	1	  0.001471	  0.000979	     -1.00	    654.70	    354.78	      3.37	      2.86	     59.00	     49.98	-19.33	 9.328e-05	      4.93	0	Gaussian	288.031042	44.901145
341	1	  0.001452	  0.000835	     -1.00	    769.32	    684.31	      3.67	      3.23	     64.29	     56.51	-18.39	 3.958e-05	      4.94	0	Gaussian	287.694738	43.315491
342	1	  0.001452	  0.000316	     -1.00	    655.00	    334.34	      7.41	      3.62	    129.64	     63.37	47.51	 2.985e-05	      4.94	0	Gaussian	288.006498	44.993418
343	1	  0.001439	  0.000773	     -1.00	    194.56	    523.05	      3.91	      3.20	     68.50	     56.04	-1.28	 3.051e-05	      4.95	0	Gaussian	291.079843	44.474183
344	1	  0.001481	  0.000785	     -1.00	    249.69	    623.72	      3.93	      2.79	     68.82	     48.86	-14.76	 9.792e-05	      4.95	0	Gaussian	290.823211	43.975296
345	1	  0.001438	  0.000813	     -1.00	    490.21	    724.83	      3.71	      3.13	     64.95	     54.86	-4.28	 2.872e-05	      4.95	0	Gaussian	289.431630	43.345541
346	1	  0.001450	  0.000827	     -1.00	    643.92	    635.85	      3.69	      3.11	     64.56	     54.40	-14.25	 3.437e-05	      4.95	0	Gaussian	288.402290	43.635054
347	1	  0.001439	  0.000581	     -1.00	    716.05	    735.60	      5.44	      3.14	     95.22	     55.02	-13.40	 3.568e-05	      4.95	0	Gaussian	288.071591	43.125764
348	1	  0.001473	  0.000875	     -1.00	    565.20	    666.46	      3.50	      2.99	     61.27	     52.26	-13.50	 4.510e-05	      4.96	0	Gaussian	288.914613	43.556273
349	1	  0.001471	  0.000920	     -1.00	    699.04	    227.61	      3.50	      2.91	     61.20	     50.95	-10.41	 3.267e-05	      4.96	0	Gaussian	287.611340	45.438898
350	1	  0.001497	  0.000884	     -1.00	     29.31	    649.13	      3.57	      3.05	     62.40	     53.32	-12.39	 1.487e-04	      4.97	0	Gaussian	292.227801	43.995971
351	1	  0.001452	  0.000719	     -1.00	    290.79	    770.01	      3.87	      3.31	     67.70	     58.00	-7.64	 4.440e-05	      4.97	0	Gaussian	290.698816	43.276326
352	1	  0.001458	  0.000805	     -1.00	    279.60	    699.31	      3.71	      3.23	     64.85	     56.50	-12.55	 3.958e-05	      4.97	0	Gaussian	290.704749	43.608340
353	1	  0.001499	  0.000403	     -1.00	    338.92	    360.15	      5.73	      3.87	    100.26	     67.75	6.14	 1.208e-04	      4.97	0	Gaussian	290.016609	45.121310
354	1	  0.001491	  0.000925	     -1.00	    735.71	    335.59	      3.39	      3.04	     59.38	     53.27	-11.71	 1.058e-04	      4.97	0	Gaussian	287.507558	44.920019
355	1	  0.001460	  0.000720	     -1.00	    440.70	     72.20	      3.74	      3.31	     65.41	     58.00	-37.84	 4.750e-05	      4.98	0	Gaussian	289.075132	46.356158
356	1	  0.001476	  0.000442	     -1.00	    463.74	    678.44	      6.34	      2.92	    110.96	     51.14	-14.55	 1.033e-04	      4.98	0	Gaussian	289.548403	43.576507
357	1	  0.001442	  0.000784	     -1.00	    457.81	    793.92	      3.84	      2.69	     67.27	     47.10	-10.65	 2.918e-05	      4.98	0	Gaussian	289.696603	43.053062
358	1	  0.001512	  0.000915	     -1.00	    732.90	    620.16	      3.36	      2.87	     58.72	     50.23	-8.43	 9.566e-05	      4.98	0	Gaussian	287.844332	43.635405
359	1	  0.001465	  0.000841	     -1.00	    122.96	    238.55	      3.63	      3.00	     63.61	     52.49	-9.07	 7.168e-05	      4.98	0	Gaussian	291.285232	45.828734
360	1	  0.001455	  0.000828	     -1.00	    276.84	    591.49	      3.67	      2.96	     64.21	     51.82	-11.45	 3.980e-05	      4.99	0	Gaussian	290.624524	44.105096
361	1	  0.001435	  0.000769	     -1.00	    221.58	    262.69	      3.46	      3.39	     60.54	     59.35	-23.53	 1.997e-05	      4.99	0	Gaussian	290.671832	45.650748
362	1	  0.001457	  0.000844	     -1.00	    324.30	    420.36	      3.56	      3.07	     62.32	     53.72	-20.13	 3.997e-05	      5.00	0	Gaussian	290.166930	44.856440
363	1	  0.001507	  0.000943	     -1.00	    426.10	     36.60	      3.34	      2.80	     58.38	     48.94	-11.59	 1.166e-04	      5.00	0	Gaussian	289.131263	46.529448
364	1	  0.001442	  0.000395	     -1.00	     50.08	    752.86	      6.23	      3.33	    109.01	     58.25	-36.67	 3.422e-05	      5.00	0	Gaussian	292.179287	43.504548
365	1	  0.001451	  0.000866	     -1.00	    436.04	    181.50	      3.58	      2.94	     62.63	     51.38	-10.72	 3.616e-05	      5.01	0	Gaussian	289.219958	45.863072
366	1	  0.001478	  0.000466	     -1.00	    757.67	    273.63	      6.53	      2.75	    114.25	     48.16	9.53	 6.384e-05	      5.01	0	Gaussian	287.299902	45.180731
367	1	  0.001470	  0.000861	     -1.00	     91.14	    438.41	      3.58	      2.86	     62.61	     50.12	-10.84	 8.625e-05	      5.02	0	Gaussian	291.662942	44.930288
368	1	  0.001605	  0.001119	     -1.00	     56.18	    257.71	      3.01	      2.47	     52.69	     43.29	-5.71	 8.203e-04	      5.02	0	Gaussian	291.734216	45.784322
369	1	  0.001486	  0.000703	     -1.00	     75.58	    292.08	      3.52	      3.29	     61.61	     57.53	-12.85	 8.857e-05	      5.02	0	Gaussian	291.638123	45.613740
370	1	  0.001503	  0.000782	     -1.00	    375.61	    377.03	      3.85	      2.86	     67.42	     50.14	-4.81	 8.967e-05	      5.02	0	Gaussian	289.801229	45.017473
371	1	  0.001475	  0.000613	     -1.00	     38.41	    281.59	      4.32	      3.16	     75.53	     55.28	-14.02	 7.312e-05	      5.03	0	Gaussian	291.869566	45.685716
372	1	  0.001459	  0.000664	     -1.00	    628.02	     93.06	      3.77	      3.44	     65.94	     60.26	-66.53	 3.396e-05	      5.03	0	Gaussian	287.903602	46.107225
373	1	  0.001473	  0.000878	     -1.00	    610.81	    249.57	      3.43	      2.87	     60.07	     50.30	-9.28	 4.850e-05	      5.03	0	Gaussian	288.188244	45.413821
374	1	  0.001453	  0.000472	     -1.00	    193.82	    786.51	      5.10	      3.48	     89.24	     60.97	-11.95	 7.423e-05	      5.03	0	Gaussian	291.312362	43.262578
375	1	  0.001443	  0.000796	     -1.00	    324.92	     90.12	      3.44	      3.26	     60.17	     57.04	-27.68	 3.444e-05	      5.03	0	Gaussian	289.839384	46.364319
376	1	  0.001477	  0.000705	     -1.00	    793.79	     86.54	      3.96	      2.90	     69.38	     50.77	-19.01	 5.391e-05	      5.04	0	Gaussian	286.851996	45.990742
377	1	  0.001458	  0.000852	     -1.00	    689.65	    439.03	      3.31	      3.02	     57.99	     52.84	-14.78	 3.834e-05	      5.04	0	Gaussian	287.908530	44.490867
378	1	  0.001481	  0.000805	     -1.00	    422.58	      8.47	      3.42	      3.19	     59.81	     55.78	-25.14	 8.855e-05	      5.05	0	Gaussian	289.124117	46.659950
379	1	  0.001527	  0.000932	     -1.00	    297.25	    481.97	      3.39	      2.76	     59.29	     48.31	-9.78	 1.023e-04	      5.05	0	Gaussian	290.395599	44.593324
380	1	  0.001459	  0.000539	     -1.00	    497.23	    758.11	      3.96	      3.75	     69.25	     65.58	-18.45	 6.055e-05	      5.06	0	Gaussian	289.421437	43.188549
381	1	  0.001449	  0.000418	     -1.00	    411.92	    728.60	      4.96	      4.10	     86.88	     71.73	48.60	 6.503e-05	      5.06	0	Gaussian	289.915156	43.384009
382	1	  0.001452	  0.000685	     -1.00	    577.62	    360.68	      3.76	      3.45	     65.80	     60.40	-26.69	 3.772e-05	      5.06	0	Gaussian	288.517128	44.936984
383	1	  0.001467	  0.000702	     -1.00	    219.66	     17.52	      3.83	      3.07	     66.99	     53.68	-9.20	 4.102e-05	      5.07	0	Gaussian	290.451714	46.773480
384	1	  0.001461	  0.000602	     -1.00	    492.38	    794.00	      4.98	      2.74	     87.10	     48.03	-17.33	 4.811e-05	      5.07	0	Gaussian	289.486070	43.028140
385	1	  0.001477	  0.000774	     -1.00	    300.81	     12.29	      3.57	      2.99	     62.44	     52.33	1.08	 6.249e-05	      5.07	0	Gaussian	289.917395	46.737176
386	1	  0.001459	  0.000803	     -1.00	     11.49	    211.63	      3.33	      3.17	     58.28	     55.49	-18.45	 5.978e-05	      5.07	0	Gaussian	291.985692	46.024812
387	1	  0.001463	  0.000680	     -1.00	    133.20	    763.57	      4.08	      2.82	     71.34	     49.39	6.35	 5.091e-05	      5.07	0	Gaussian	291.669472	43.405641
388	1	  0.001488	  0.000836	     -1.00	    270.89	    274.37	      3.55	      2.76	     62.17	     48.32	-9.49	 8.035e-05	      5.08	0	Gaussian	290.366979	45.562498
389	1	  0.001465	  0.000705	     -1.00	    309.27	    556.64	      3.91	      2.94	     68.42	     51.45	-9.86	 3.886e-05	      5.08	0	Gaussian	290.389742	44.242840
390	1	  0.001453	  0.000785	     -1.00	    421.82	    577.18	      3.55	      2.96	     62.08	     51.74	-10.16	 4.968e-05	      5.09	0	Gaussian	289.708318	44.069410
391	1	  0.001457	  0.000791	     -1.00	    661.51	     18.87	      3.51	      3.04	     61.51	     53.29	-0.36	 4.212e-05	      5.09	0	Gaussian	287.605419	46.413018
392	1	  0.001456	  0.000773	     -1.00	    764.10	      8.50	      3.59	      3.00	     62.79	     52.45	-8.76	 3.628e-05	      5.09	0	Gaussian	286.943612	46.368200
393	1	  0.001461	  0.000657	     -1.00	     53.54	    672.70	      3.86	      3.17	     67.48	     55.40	-26.42	 6.321e-05	      5.09	0	Gaussian	292.093982	43.872779
394	1	  0.001473	  0.000672	     -1.00	    197.89	    493.68	      4.22	      2.54	     73.88	     44.52	-8.50	 1.046e-04	      5.09	0	Gaussian	291.032794	44.606970
395	1	  0.001472	  0.000768	     -1.00	    539.14	    761.98	      3.45	      3.08	     60.30	     53.86	-18.79	 6.357e-05	      5.10	0	Gaussian	289.170049	43.140415
396	1	  0.001485	  0.000698	     -1.00	    480.26	    268.35	      3.66	      3.07	     64.06	     53.71	-12.38	 5.377e-05	      5.10	0	Gaussian	289.030126	45.433497
397	1	  0.001504	  0.000794	     -1.00	    182.72	    715.54	      3.60	      2.71	     63.10	     47.36	-14.71	 2.235e-04	      5.11	0	Gaussian	291.321012	43.596307
398	1	  0.001462	  0.000669	     -1.00	    644.94	     26.03	      3.81	      3.04	     66.76	     53.19	-12.36	 5.577e-05	      5.11	0	Gaussian	287.719035	46.395213
399	1	  0.001463	  0.000789	     -1.00	    269.40	     93.06	      3.59	      2.78	     62.84	     48.65	-10.81	 7.123e-05	      5.11	0	Gaussian	290.201524	46.392251
400	1	  0.001486	  0.000729	     -1.00	    513.03	    209.70	      3.70	      2.99	     64.82	     52.42	-9.91	 7.526e-05	      5.11	0	Gaussian	288.760754	45.674109
401	1	  0.001466	  0.000780	     -1.00	     45.11	    386.41	      3.63	      2.87	     63.58	     50.29	-10.07	 5.166e-05	      5.11	0	Gaussian	291.914050	45.198695
402	1	  0.001482	  0.000790	     -1.00	     34.54	     80.34	      3.41	      3.09	     59.75	     54.02	-18.02	 8.370e-05	      5.12	0	Gaussian	291.722885	46.613658
403	1	  0.001475	  0.000434	     -1.00	    360.43	    585.45	      6.29	      2.83	    110.15	     49.60	-16.82	 5.868e-05	      5.13	0	Gaussian	290.097677	44.075253
404	1	  0.001485	  0.000739	     -1.00	    370.66	    205.78	      3.56	      2.94	     62.34	     51.40	-15.60	 8.382e-05	      5.13	0	Gaussian	289.662014	45.802604
405	1	  0.001467	  0.000600	     -1.00	    279.64	     86.91	      3.76	      3.46	     65.79	     60.56	-5.86	 9.156e-05	      5.13	0	Gaussian	290.129095	46.412774
406	1	  0.001475	  0.000680	     -1.00	    517.79	    712.58	      3.77	      3.03	     66.06	     53.12	-21.39	 7.081e-05	      5.13	0	Gaussian	289.250922	43.381366
407	1	  0.001457	  0.000356	     -1.00	    237.68	     89.70	      7.50	      2.79	    131.31	     48.85	-0.88	 5.149e-05	      5.14	0	Gaussian	290.403973	46.430725
408	1	  0.001461	  0.000723	     -1.00	    502.91	    469.91	      3.61	      2.96	     63.19	     51.85	-26.32	 7.167e-05	      5.14	0	Gaussian	289.097225	44.498644
409	1	  0.001499	  0.000672	     -1.00	    445.66	    527.50	      3.88	      2.74	     67.95	     47.93	-11.56	 6.913e-05	      5.14	0	Gaussian	289.511378	44.278917
410	1	  0.001504	  0.000770	     -1.00	    141.99	    704.78	      3.78	      2.56	     66.23	     44.85	-10.64	 9.517e-05	      5.14	0	Gaussian	291.565902	43.671254
411	1	  0.001458	  0.000647	     -1.00	    138.27	    320.88	      3.84	      3.13	     67.22	     54.71	-6.84	 2.818e-05	      5.14	0	Gaussian	291.259520	45.440379
412	1	  0.001445	  0.000383	     -1.00	    749.42	    556.14	      7.22	      2.74	    126.39	     47.92	-1.10	 3.852e-05	      5.15	0	Gaussian	287.673006	43.911665
413	1	  0.001469	  0.000631	     -1.00	    121.63	    220.01	      4.11	      2.76	     71.98	     48.23	-17.87	 6.568e-05	      5.15	0	Gaussian	291.277382	45.914734
414	1	  0.001488	  0.000653	     -1.00	    376.03	    340.71	      3.61	      3.16	     63.20	     55.28	-42.20	 1.024e-04	      5.15	0	Gaussian	289.762713	45.183015
415	1	  0.001446	  0.000685	     -1.00	    595.17	    526.71	      3.78	      2.99	     66.13	     52.29	-8.03	 2.889e-05	      5.16	0	Gaussian	288.585419	44.169004
416	1	  0.001474	  0.000696	     -1.00	    726.93	    168.62	      3.75	      3.03	     65.59	     52.98	-8.78	 6.051e-05	      5.17	0	Gaussian	287.368518	45.680881
417	1	  0.001472	  0.000158	     -1.00	    311.18	    293.62	      6.98	      6.84	    122.16	    119.78	83.47	 8.420e-05	      5.17	0	Gaussian	290.128264	45.445526
418	1	  0.001461	  0.000701	     -1.00	    428.20	    781.61	      3.69	      2.96	     64.58	     51.86	-10.35	 8.172e-05	      5.17	0	Gaussian	289.865705	43.130106
419	1	  0.001466	  0.000717	     -1.00	    344.04	    704.85	      3.55	      3.03	     62.16	     53.04	-15.24	 5.573e-05	      5.17	0	Gaussian	290.310986	43.539662
420	1	  0.001466	  0.000677	     -1.00	    462.40	    456.97	      3.55	      3.16	     62.07	     55.22	-15.20	 6.918e-05	      5.17	0	Gaussian	289.336407	44.588224
421	1	  0.001474	  0.000731	     -1.00	    642.20	    680.34	      3.54	      2.92	     61.89	     51.05	-8.44	 7.695e-05	      5.18	0	Gaussian	288.459730	43.434304
422	1	  0.001441	  0.000367	     -1.00	    250.21	    329.50	      4.95	      4.00	     86.68	     70.03	75.12	 2.544e-05	      5.18	0	Gaussian	290.551056	45.324695
423	1	  0.001457	  0.000662	     -1.00	    344.73	    538.29	      3.93	      2.67	     68.83	     46.76	-3.21	 3.618e-05	      5.19	0	Gaussian	290.150854	44.302181
424	1	  0.001457	  0.000526	     -1.00	    659.68	    764.84	      4.83	      2.97	     84.47	     52.05	-11.10	 4.851e-05	      5.19	0	Gaussian	288.442590	43.036931
425	1	  0.001454	  0.000536	     -1.00	     29.13	    700.82	      3.83	      3.51	     67.09	     61.38	4.02	 3.976e-05	      5.19	0	Gaussian	292.269646	43.757209
426	1	  0.001565	  0.000530	     -1.00	    518.33	    181.47	      4.11	      3.23	     71.89	     56.59	64.57	 2.140e-04	      5.19	0	Gaussian	288.696862	45.797964
427	1	  0.001461	  0.000579	     -1.00	     12.68	     38.31	      4.12	      3.03	     72.04	     52.97	0.53	 3.852e-05	      5.19	0	Gaussian	291.830526	46.820947
428	1	  0.001471	  0.000304	     -1.00	    790.82	    604.28	      6.74	      3.61	    117.98	     63.20	-22.48	 5.667e-05	      5.19	0	Gaussian	287.475798	43.659812
429	1	  0.001468	  0.000423	     -1.00	    509.26	     79.06	      4.80	      3.59	     84.09	     62.80	19.95	 5.685e-05	      5.20	0	Gaussian	288.643368	46.269762
430	1	  0.001488	  0.000618	     -1.00	    730.22	    380.67	      3.80	      3.12	     66.59	     54.69	-31.52	 9.179e-05	      5.20	0	Gaussian	287.592952	44.721026
431	1	  0.001451	  0.000707	     -1.00	    629.78	    463.17	      3.48	      3.00	     60.98	     52.43	-3.78	 3.920e-05	      5.21	0	Gaussian	288.304070	44.430094
432	1	  0.001486	  0.000602	     -1.00	    561.04	    295.74	      4.02	      2.95	     70.41	     51.64	-17.40	 6.331e-05	      5.21	0	Gaussian	288.550888	45.245018
433	1	  0.001471	  0.000662	     -1.00	    436.25	    594.14	      3.73	      2.92	     65.34	     51.05	4.49	 7.241e-05	      5.22	0	Gaussian	289.635444	43.981454
434	1	  0.001452	  0.000716	     -1.00	    711.96	    680.27	      3.61	      2.96	     63.10	     51.74	-10.88	 5.093e-05	      5.22	0	Gaussian	288.036693	43.379863
435	1	  0.001457	  0.000429	     -1.00	    247.64	    136.40	      4.45	      3.67	     77.85	     64.31	26.68	 4.998e-05	      5.22	0	Gaussian	290.384412	46.210152
436	1	  0.001505	  0.000855	     -1.00	    682.98	    104.47	      3.11	      2.65	     54.40	     46.34	-9.55	 1.890e-04	      5.23	0	Gaussian	287.569502	46.008421
437	1	  0.001473	  0.000740	     -1.00	    776.15	    332.27	      3.40	      2.85	     59.48	     49.89	-6.34	 8.174e-05	      5.23	0	Gaussian	287.254028	44.900314
438	1	  0.001452	  0.000522	     -1.00	    593.95	    585.97	      4.59	      2.89	     80.38	     50.63	4.24	 2.877e-05	      5.23	0	Gaussian	288.655261	43.900564
439	1	  0.001460	  0.000285	     -1.00	    634.61	    741.70	      6.76	      3.40	    118.28	     59.47	-66.06	 7.484e-05	      5.24	0	Gaussian	288.569959	43.161250
440	1	  0.001468	  0.000531	     -1.00	    184.93	    457.76	      3.88	      3.38	     67.91	     59.15	-24.60	 7.335e-05	      5.24	0	Gaussian	291.082999	44.780620
441	1	  0.001467	  0.000512	     -1.00	    128.93	    104.69	      4.28	      3.01	     74.85	     52.71	9.05	 6.694e-05	      5.25	0	Gaussian	291.126142	46.438763
442	1	  0.001480	  0.000710	     -1.00	    235.04	    513.39	      3.61	      2.79	     63.20	     48.76	-14.93	 5.953e-05	      5.25	0	Gaussian	290.816046	44.491719
443	1	  0.001459	  0.000492	     -1.00	    671.23	    367.63	      3.80	      3.55	     66.58	     62.08	-0.54	 3.378e-05	      5.25	0	Gaussian	287.942823	44.829313
444	1	  0.001518	  0.000691	     -1.00	    561.55	    615.32	      3.47	      3.06	     60.82	     53.63	-14.64	 1.076e-04	      5.26	0	Gaussian	288.884472	43.791866
445	1	  0.001468	  0.000675	     -1.00	    111.95	    231.21	      3.63	      2.81	     63.60	     49.16	-14.89	 6.324e-05	      5.26	0	Gaussian	291.350002	45.869733
446	1	  0.001442	  0.000557	     -1.00	    600.52	    695.56	      4.22	      2.96	     73.92	     51.88	-12.18	 2.772e-05	      5.27	0	Gaussian	288.729080	43.397062
447	1	  0.001448	  0.000470	     -1.00	    354.29	    740.09	      4.18	      3.33	     73.11	     58.33	37.01	 3.676e-05	      5.27	0	Gaussian	290.280326	43.371115
448	1	  0.001497	  0.000735	     -1.00	    287.49	    479.44	      3.22	      2.99	     56.42	     52.38	-19.45	 1.069e-04	      5.27	0	Gaussian	290.454636	44.611692
449	1	  0.001443	  0.000527	     -1.00	     67.64	    190.89	      4.10	      3.03	     71.81	     53.09	-28.55	 2.822e-05	      5.27	0	Gaussian	291.602269	46.084138
450	1	  0.001478	  0.000611	     -1.00	    720.97	    384.39	      3.64	      3.13	     63.65	     54.87	-6.39	 8.884e-05	      5.27	0	Gaussian	287.654184	44.712035
451	1	  0.001483	  0.000627	     -1.00	    112.07	    190.73	      3.72	      3.02	     65.05	     52.83	-14.27	 8.985e-05	      5.27	0	Gaussian	291.313325	46.055525
452	1	  0.001480	  0.000605	     -1.00	    593.95	    628.30	      3.93	      2.92	     68.80	     51.03	-9.61	 6.190e-05	      5.27	0	Gaussian	288.699449	43.708061
453	1	  0.001450	  0.000626	     -1.00	    221.90	    304.12	      3.57	      3.11	     62.53	     54.39	-9.93	 2.747e-05	      5.28	0	Gaussian	290.708266	45.460651
454	1	  0.001457	  0.000610	     -1.00	     78.89	    657.87	      3.72	      3.08	     65.07	     53.97	-19.34	 3.478e-05	      5.28	0	Gaussian	291.922614	43.926086
455	1	  0.001452	  0.000645	     -1.00	    213.42	    129.76	      3.36	      2.76	     58.82	     48.38	-50.00	 4.388e-05	      5.28	0	Gaussian	290.599726	46.264998
456	1	  0.001460	  0.000201	     -1.00	    340.71	    608.83	      7.52	      4.33	    131.67	     75.74	-49.86	 4.614e-05	      5.28	0	Gaussian	290.242370	43.981950
457	1	  0.001502	  0.000588	     -1.00	    353.80	    362.54	      3.74	      2.96	     65.39	     51.87	-4.29	 8.806e-05	      5.28	0	Gaussian	289.924765	45.099608
458	1	  0.001460	  0.000558	     -1.00	    427.16	    794.14	      3.99	      3.04	     69.78	     53.25	-3.37	 3.534e-05	      5.29	0	Gaussian	289.883939	43.073524
459	1	  0.001460	  0.000475	     -1.00	     31.35	    256.08	      4.29	      3.12	     75.05	     54.60	-44.73	 3.924e-05	      5.29	0	Gaussian	291.893862	45.807654
460	1	  0.001475	  0.000617	     -1.00	    498.98	    394.54	      3.79	      2.86	     66.39	     50.05	-13.16	 6.215e-05	      5.29	0	Gaussian	289.044029	44.844841
461	1	  0.001477	  0.000607	     -1.00	    698.34	    278.52	      3.90	      2.70	     68.32	     47.32	-11.41	 4.487e-05	      5.29	0	Gaussian	287.674053	45.209555
462	1	  0.001491	  0.000592	     -1.00	    448.75	    741.75	      3.78	      2.93	     66.25	     51.24	-14.23	 1.309e-04	      5.30	0	Gaussian	289.701852	43.297933
463	1	  0.001460	  0.000634	     -1.00	    438.69	    263.11	      3.72	      3.07	     65.20	     53.78	-5.44	 3.325e-05	      5.30	0	Gaussian	289.287697	45.489576
464	1	  0.001445	  0.000327	     -1.00	     12.48	    666.52	      4.88	      3.74	     85.37	     65.45	-72.58	 3.313e-05	      5.30	0	Gaussian	292.347565	43.925414
465	1	  0.001453	  0.000499	     -1.00	    485.60	    612.35	      5.04	      2.82	     88.22	     49.44	-16.69	 5.712e-05	      5.30	0	Gaussian	289.348546	43.862234
466	1	  0.001459	  0.000326	     -1.00	    632.76	    291.56	      4.96	      3.73	     86.77	     65.31	74.09	 3.668e-05	      5.31	0	Gaussian	288.097479	45.205523
467	1	  0.001454	  0.000569	     -1.00	    622.38	    728.36	      3.91	      2.93	     68.39	     51.23	-7.81	 4.939e-05	      5.31	0	Gaussian	288.630210	43.231255
468	1	  0.001527	  0.000833	     -1.00	    396.37	    248.12	      2.80	      2.60	     48.97	     45.50	-16.34	 1.977e-04	      5.31	0	Gaussian	289.540925	45.590191
469	1	  0.001488	  0.000443	     -1.00	    522.14	    139.44	      5.41	      2.76	     94.77	     48.36	-3.35	 1.169e-04	      5.32	0	Gaussian	288.627097	45.985532
470	1	  0.001457	  0.000618	     -1.00	    223.87	    511.71	      3.74	      2.90	     65.50	     50.71	-16.79	 5.908e-05	      5.32	0	Gaussian	290.884944	44.506897
471	1	  0.001483	  0.000647	     -1.00	     83.11	    273.28	      3.52	      2.92	     61.55	     51.14	-11.35	 5.198e-05	      5.32	0	Gaussian	291.573271	45.695326
472	1	  0.001447	  0.000282	     -1.00	    221.52	    734.72	      7.08	      3.31	    123.90	     57.86	-7.15	 2.728e-05	      5.32	0	Gaussian	291.096274	43.483406
473	1	  0.001447	  0.000598	     -1.00	    470.20	    562.14	      3.81	      2.91	     66.75	     50.90	-9.45	 3.343e-05	      5.33	0	Gaussian	289.393634	44.102705
474	1	  0.001466	  0.000426	     -1.00	    377.66	    260.02	      3.66	      3.62	     64.04	     63.40	29.20	 5.483e-05	      5.33	0	Gaussian	289.671974	45.549993
475	1	  0.001473	  0.000682	     -1.00	    670.82	    679.42	      3.53	      2.70	     61.71	     47.31	-10.56	 7.602e-05	      5.33	0	Gaussian	288.284989	43.416192
476	1	  0.001467	  0.000576	     -1.00	    354.98	    129.88	      3.95	      2.91	     69.21	     50.94	-26.48	 7.093e-05	      5.33	0	Gaussian	289.685789	46.160388
477	1	  0.001457	  0.000557	     -1.00	    658.53	    689.93	      3.74	      3.24	     65.44	     56.65	-8.99	 7.961e-05	      5.33	0	Gaussian	288.370679	43.378038
478	1	  0.001456	  0.000495	     -1.00	    457.69	    476.83	      3.62	      3.37	     63.41	     58.98	4.01	 4.528e-05	      5.34	0	Gaussian	289.385829	44.501175
479	1	  0.001468	  0.000430	     -1.00	     90.92	     16.74	      5.58	      2.72	     97.74	     47.68	-32.84	 7.872e-05	      5.34	0	Gaussian	291.295582	46.867742
480	1	  0.001459	  0.000487	     -1.00	    217.15	    790.70	      4.24	      2.96	     74.16	     51.75	0.53	 4.449e-05	      5.34	0	Gaussian	291.171611	43.228638
481	1	  0.001464	  0.000596	     -1.00	     66.20	    369.45	      3.88	      2.76	     67.91	     48.39	-15.40	 4.802e-05	      5.34	0	Gaussian	291.764386	45.263605
482	1	  0.001456	  0.000613	     -1.00	    671.83	    315.39	      3.79	      2.89	     66.34	     50.55	-22.70	 2.948e-05	      5.34	0	Gaussian	287.880637	45.065207
483	1	  0.001458	  0.000511	     -1.00	    166.56	    298.59	      4.43	      2.86	     77.54	     50.02	-6.20	 4.076e-05	      5.34	0	Gaussian	291.057997	45.523875
484	1	  0.001461	  0.000499	     -1.00	    660.21	    727.44	      4.77	      2.75	     83.56	     48.14	9.84	 4.108e-05	      5.34	0	Gaussian	288.400126	43.206388
485	1	  0.001458	  0.000465	     -1.00	     97.70	    117.34	      5.19	      2.96	     90.81	     51.81	-19.03	 7.137e-05	      5.34	0	Gaussian	291.341519	46.401937
486	1	  0.001443	  0.000508	     -1.00	    223.54	    481.17	      4.09	      3.47	     71.52	     60.71	-17.55	 2.399e-05	      5.34	0	Gaussian	290.859510	44.647337
487	1	  0.001450	  0.000505	     -1.00	    533.66	    699.60	      3.89	      3.23	     68.00	     56.51	-9.35	 4.781e-05	      5.35	0	Gaussian	289.140959	43.428833
488	1	  0.001492	  0.000545	     -1.00	    355.18	     23.79	      3.87	      2.95	     67.74	     51.57	-10.52	 1.741e-04	      5.35	0	Gaussian	289.576134	46.643279
489	1	  0.001501	  0.000657	     -1.00	    273.60	    483.51	      3.25	      3.05	     56.97	     53.45	-22.62	 1.532e-04	      5.35	0	Gaussian	290.545881	44.602648
490	1	  0.001474	  0.000602	     -1.00	    462.19	    302.24	      3.72	      2.84	     65.13	     49.68	-7.27	 8.778e-05	      5.35	0	Gaussian	289.179526	45.293361
491	1	  0.001463	  0.000594	     -1.00	    211.11	    352.67	      3.64	      3.05	     63.66	     53.43	-2.54	 4.114e-05	      5.36	0	Gaussian	290.821861	45.245486
492	1	  0.001457	  0.000629	     -1.00	    398.91	    789.41	      3.53	      2.92	     61.78	     51.14	-11.92	 6.773e-05	      5.36	0	Gaussian	290.052208	43.114657
493	1	  0.001488	  0.000745	     -1.00	    744.42	    100.64	      2.94	      2.51	     51.51	     43.91	-69.29	 6.035e-05	      5.36	0	Gaussian	287.178503	45.971666
494	1	  0.001464	  0.000554	     -1.00	    741.63	    228.58	      3.77	      2.97	     65.95	     52.01	-2.60	 3.309e-05	      5.36	0	Gaussian	287.346921	45.397792
495	1	  0.001448	  0.000300	     -1.00	    136.05	    250.05	      4.64	      4.02	     81.20	     70.44	17.75	 3.448e-05	      5.36	0	Gaussian	291.210919	45.767161
496	1	  0.001456	  0.000463	     -1.00	    777.58	    451.03	      3.76	      3.65	     65.80	     63.95	86.85	 3.948e-05	      5.36	0	Gaussian	287.382403	44.363177
497	1	  0.001455	  0.000463	     -1.00	    376.05	    235.12	      3.92	      3.35	     68.59	     58.69	-0.29	 3.119e-05	      5.36	0	Gaussian	289.657170	45.664777
498	1	  0.001451	  0.000205	     -1.00	    425.31	    291.00	      7.03	      4.01	    123.09	     70.21	37.63	 4.309e-05	      5.37	0	Gaussian	289.400999	45.372807
499	1	  0.001461	  0.000632	     -1.00	    146.93	    617.00	      3.77	      2.68	     66.05	     46.91	-14.07	 4.821e-05	      5.37	0	Gaussian	291.461034	44.072588
500	1	  0.001465	  0.000617	     -1.00	     49.70	    228.14	      3.44	      3.12	     60.30	     54.54	-18.36	 6.258e-05	      5.37	0	Gaussian	291.751002	45.924524
501	1	  0.001455	  0.000302	     -1.00	    393.49	    181.88	      5.84	      3.28	    102.27	     57.48	-62.84	 3.680e-05	      5.37	0	Gaussian	289.491861	45.894176
502	1	  0.001467	  0.000584	     -1.00	    629.12	    109.51	      3.87	      2.66	     67.72	     46.61	-7.11	 4.563e-05	      5.37	0	Gaussian	287.915445	46.031988
503	1	  0.001471	  0.000742	     -1.00	    717.52	    200.25	      2.95	      2.56	     51.56	     44.73	-37.76	 4.555e-05	      5.37	0	Gaussian	287.464237	45.546463
504	1	  0.001474	  0.000603	     -1.00	    524.32	    347.53	      3.80	      2.63	     66.47	     46.08	-10.84	 6.059e-05	      5.37	0	Gaussian	288.836245	45.038948
505	1	  0.001451	  0.000570	     -1.00	    445.64	    462.21	      3.91	      3.11	     68.36	     54.41	-10.95	 3.347e-05	      5.37	0	Gaussian	289.446311	44.576861
506	1	  0.001462	  0.000332	     -1.00	    689.01	    313.24	      5.04	      3.47	     88.26	     60.68	-60.45	 4.516e-05	      5.37	0	Gaussian	287.771455	45.060542
507	1	  0.001466	  0.000376	     -1.00	    438.56	    118.52	      6.46	      2.79	    113.05	     48.80	4.00	 6.469e-05	      5.38	0	Gaussian	289.137840	46.147410
508	1	  0.001456	  0.000415	     -1.00	    147.19	     64.22	      4.63	      3.25	     80.96	     56.83	15.98	 5.655e-05	      5.38	0	Gaussian	290.969708	46.611562
509	1	  0.001447	  0.000522	     -1.00	    547.36	    785.97	      3.79	      2.84	     66.42	     49.70	-13.53	 6.540e-05	      5.38	0	Gaussian	289.144023	43.024989
510	1	  0.001460	  0.000571	     -1.00	    766.26	    768.84	      3.66	      3.02	     64.00	     52.92	-11.45	 3.583e-05	      5.38	0	Gaussian	287.805783	42.935303
511	1	  0.001464	  0.000546	     -1.00	    569.23	    427.24	      3.89	      2.77	     68.06	     48.50	-8.79	 6.028e-05	      5.39	0	Gaussian	288.640481	44.641354
512	1	  0.001437	  0.000508	     -1.00	     87.90	    488.27	      4.10	      2.87	     71.77	     50.25	-7.59	 2.464e-05	      5.39	0	Gaussian	291.725574	44.702633
513	1	  0.001527	  0.000498	     -1.00	    188.40	     44.13	      3.51	      3.19	     61.39	     55.90	17.51	 3.277e-04	      5.39	0	Gaussian	290.681453	46.674402
514	1	  0.001489	  0.000622	     -1.00	    740.19	    343.63	      3.54	      2.80	     61.93	     49.04	-3.34	 1.184e-04	      5.39	0	Gaussian	287.489081	44.879882
515	1	  0.001471	  0.000477	     -1.00	    204.62	    213.37	      4.32	      2.96	     75.54	     51.82	-4.52	 7.488e-05	      5.39	0	Gaussian	290.735073	45.888488
516	1	  0.001476	  0.000402	     -1.00	     10.17	    543.91	      5.08	      2.90	     88.95	     50.80	-31.41	 7.013e-05	      5.39	0	Gaussian	292.265495	44.493301
517	1	  0.001447	  0.000263	     -1.00	    194.40	     71.61	      7.49	      2.77	    131.13	     48.52	-13.28	 5.083e-05	      5.40	0	Gaussian	290.668321	46.544504
518	1	  0.001463	  0.000565	     -1.00	    544.16	    391.81	      3.67	      3.03	     64.27	     53.08	-11.58	 4.910e-05	      5.40	0	Gaussian	288.758985	44.822107
519	1	  0.001479	  0.000356	     -1.00	    665.00	    200.33	      6.51	      2.75	    113.95	     48.18	4.07	 6.131e-05	      5.40	0	Gaussian	287.793082	45.591149
520	1	  0.001474	  0.000591	     -1.00	     19.38	    465.39	      3.62	      2.84	     63.39	     49.73	-14.20	 7.067e-05	      5.40	0	Gaussian	292.143763	44.850294
521	1	  0.001458	  0.000430	     -1.00	    268.68	    115.88	      3.76	      3.57	     65.75	     62.47	-0.39	 4.956e-05	      5.40	0	Gaussian	290.228421	46.288601
522	1	  0.001454	  0.000494	     -1.00	    738.34	    588.93	      3.97	      3.14	     69.43	     54.99	-17.20	 3.705e-05	      5.40	0	Gaussian	287.776843	43.772362
523	1	  0.001444	  0.000530	     -1.00	     14.91	    111.70	      3.79	      3.13	     66.31	     54.79	-21.71	 4.504e-05	      5.40	0	Gaussian	291.878763	46.482327
524	1	  0.001462	  0.000528	     -1.00	    190.89	    481.43	      3.94	      3.04	     68.89	     53.15	-16.60	 4.625e-05	      5.41	0	Gaussian	291.066212	44.667879
525	1	  0.001481	  0.000666	     -1.00	    408.08	    350.42	      3.55	      2.61	     62.19	     45.69	-10.75	 5.530e-05	      5.41	0	Gaussian	289.569916	45.114879
526	1	  0.001452	  0.000506	     -1.00	    255.56	    290.74	      4.06	      2.89	     71.03	     50.62	-7.73	 2.461e-05	      5.41	0	Gaussian	290.480455	45.498464
527	1	  0.001449	  0.000412	     -1.00	    393.78	    671.86	      4.67	      2.95	     81.79	     51.62	-21.01	 3.050e-05	      5.41	0	Gaussian	289.972936	43.656349
528	1	  0.001478	  0.000480	     -1.00	    245.76	    667.48	      3.89	      2.92	     68.08	     51.04	-27.38	 5.427e-05	      5.41	0	Gaussian	290.886679	43.776833
529	1	  0.001468	  0.000543	     -1.00	    433.21	    101.48	      3.80	      2.83	     66.45	     49.59	-15.42	 5.231e-05	      5.41	0	Gaussian	289.154151	46.229080
530	1	  0.001478	  0.000651	     -1.00	    658.07	    429.93	      3.40	      2.56	     59.58	     44.86	-35.70	 8.839e-05	      5.41	0	Gaussian	288.093218	44.557939
531	1	  0.001461	  0.000245	     -1.00	    246.42	     59.02	      6.93	      3.29	    121.35	     57.51	-70.94	 1.258e-04	      5.42	0	Gaussian	290.317497	46.564483
532	1	  0.001455	  0.000364	     -1.00	    189.21	    469.17	      3.89	      3.86	     68.04	     67.58	34.61	 3.975e-05	      5.43	0	Gaussian	291.065953	44.725343
533	1	  0.001509	  0.000697	     -1.00	    469.38	    293.64	      2.96	      2.84	     51.77	     49.68	-33.80	 1.074e-04	      5.44	0	Gaussian	289.125235	45.326911
534	1	  0.001479	  0.000519	     -1.00	    448.34	    136.66	      3.86	      2.77	     67.59	     48.40	-19.45	 7.484e-05	      5.44	0	Gaussian	289.094469	46.057282
535	1	  0.001525	  0.000686	     -1.00	    562.14	    355.19	      3.05	      2.66	     53.40	     46.56	-10.02	 1.930e-04	      5.44	0	Gaussian	288.607829	44.974278
536	1	  0.001478	  0.000659	     -1.00	     91.82	    675.42	      3.36	      2.64	     58.78	     46.16	-13.43	 7.274e-05	      5.44	0	Gaussian	291.855726	43.837296
537	1	  0.001468	  0.000538	     -1.00	    686.99	    147.68	      3.78	      2.93	     66.10	     51.29	-13.86	 4.838e-05	      5.45	0	Gaussian	287.594513	45.810014
538	1	  0.001453	  0.000485	     -1.00	    309.77	    635.78	      4.19	      2.66	     73.30	     46.54	-22.12	 4.017e-05	      5.45	0	Gaussian	290.459751	43.879621
539	1	  0.001440	  0.000551	     -1.00	    624.24	    762.51	      3.80	      2.82	     66.43	     49.35	-11.93	 2.650e-05	      5.46	0	Gaussian	288.654336	43.074550
540	1	  0.001445	  0.000571	     -1.00	    250.33	    391.75	      3.16	      3.00	     55.28	     52.44	-83.07	 2.821e-05	      5.46	0	Gaussian	290.608166	45.039346
541	1	  0.001481	  0.000630	     -1.00	    402.08	    739.67	      3.43	      2.71	     60.09	     47.40	-8.41	 9.099e-05	      5.46	0	Gaussian	289.986036	43.340211
542	1	  0.001505	  0.000600	     -1.00	    411.19	    750.31	      3.69	      2.47	     64.67	     43.24	-8.61	 1.002e-04	      5.46	0	Gaussian	289.940211	43.285173
543	1	  0.001452	  0.000374	     -1.00	    207.24	     83.48	      4.91	      3.20	     85.86	     55.97	-35.29	 5.088e-05	      5.46	0	Gaussian	290.595957	46.481071
544	1	  0.001464	  0.000353	     -1.00	    566.71	    488.47	      4.74	      3.34	     82.99	     58.38	-7.69	 5.008e-05	      5.47	0	Gaussian	288.720789	44.365037
545	1	  0.001461	  0.000512	     -1.00	    234.06	    373.51	      3.83	      2.93	     67.10	     51.34	-8.81	 4.632e-05	      5.47	0	Gaussian	290.694753	45.134170
546	1	  0.001452	  0.000534	     -1.00	     50.39	     50.94	      3.22	      3.21	     56.27	     56.26	17.95	 3.184e-05	      5.48	0	Gaussian	291.592925	46.738180
547	1	  0.001449	  0.000424	     -1.00	    193.68	    100.72	      4.99	      2.74	     87.33	     47.93	-0.09	 4.196e-05	      5.48	0	Gaussian	290.700519	46.411852
548	1	  0.001468	  0.000548	     -1.00	    253.15	    173.36	      3.59	      2.91	     62.80	     51.01	-8.21	 5.867e-05	      5.48	0	Gaussian	290.384324	46.037208
549	1	  0.001480	  0.000324	     -1.00	    409.41	    239.45	      5.45	      3.70	     95.35	     64.74	69.35	 1.057e-04	      5.48	0	Gaussian	289.449259	45.619764
550	1	  0.001473	  0.000404	     -1.00	    596.32	    186.43	      4.72	      2.93	     82.53	     51.22	-18.99	 6.103e-05	      5.48	0	Gaussian	288.209194	45.711678
551	1	  0.001459	  0.000472	     -1.00	    673.97	    297.51	      3.95	      3.06	     69.15	     53.55	-22.55	 3.562e-05	      5.48	0	Gaussian	287.847213	45.144304
552	1	  0.001447	  0.000503	     -1.00	     37.51	    427.05	      4.01	      2.76	     70.16	     48.32	-18.86	 3.202e-05	      5.48	0	Gaussian	291.996458	45.016064
553	1	  0.001453	  0.000566	     -1.00	    745.62	    668.34	      2.93	      2.92	     51.35	     51.07	-52.31	 4.739e-05	      5.48	0	Gaussian	287.820193	43.406937
554	1	  0.001468	  0.000592	     -1.00	    171.72	    601.25	      3.59	      2.83	     62.77	     49.52	-14.54	 6.584e-05	      5.48	0	Gaussian	291.291852	44.129365
555	1	  0.001450	  0.000527	     -1.00	     13.87	     77.36	      3.68	      2.95	     64.49	     51.56	-11.28	 4.383e-05	      5.48	0	Gaussian	291.856242	46.640794
556	1	  0.001439	  0.000449	     -1.00	    752.31	    184.95	      3.63	      3.47	     63.46	     60.73	12.18	 2.690e-05	      5.48	0	Gaussian	287.229132	45.585060
557	1	  0.001443	  0.000517	     -1.00	    300.69	    744.50	      3.55	      3.22	     62.20	     56.35	-29.91	 3.274e-05	      5.48	0	Gaussian	290.614840	43.386919
558	1	  0.001464	  0.000498	     -1.00	    251.49	    475.58	      3.45	      3.12	     60.45	     54.64	-14.25	 4.321e-05	      5.49	0	Gaussian	290.677990	44.654128
559	1	  0.001463	  0.000327	     -1.00	    257.30	    504.75	      4.24	      3.96	     74.28	     69.31	-14.07	 4.778e-05	      5.49	0	Gaussian	290.668008	44.516342
560	1	  0.001451	  0.000330	     -1.00	     28.64	    550.17	      4.27	      3.60	     74.77	     62.96	-49.80	 3.389e-05	      5.49	0	Gaussian	292.153134	44.453422
561	1	  0.001491	  0.000519	     -1.00	    417.00	    757.96	      3.50	      2.98	     61.34	     52.22	-21.18	 9.251e-05	      5.49	0	Gaussian	289.911828	43.246109
562	1	  0.001461	  0.000554	     -1.00	     47.01	    531.51	      3.68	      2.83	     64.37	     49.62	-17.14	 5.232e-05	      5.49	0	Gaussian	292.021311	44.528465
563	1	  0.001464	  0.000534	     -1.00	    458.35	    331.02	      3.67	      3.01	     64.31	     52.75	-14.77	 4.487e-05	      5.49	0	Gaussian	289.233424	45.165258
564	1	  0.001466	  0.000555	     -1.00	    307.24	    138.65	      3.55	      2.85	     62.20	     49.94	-9.03	 6.203e-05	      5.50	0	Gaussian	290.001844	46.156219
565	1	  0.001446	  0.000394	     -1.00	    776.16	    400.10	      4.45	      3.16	     77.89	     55.32	-7.94	 3.591e-05	      5.50	0	Gaussian	287.332565	44.594290
566	1	  0.001509	  0.000665	     -1.00	    487.34	    157.31	      2.92	      2.47	     51.17	     43.20	-50.80	 2.002e-04	      5.50	0	Gaussian	288.867741	45.932493
567	1	  0.001463	  0.000453	     -1.00	    105.92	    214.93	      3.63	      2.99	     63.48	     52.28	-35.12	 8.655e-05	      5.50	0	Gaussian	291.374685	45.948498
568	1	  0.001482	  0.000547	     -1.00	    184.94	    567.60	      3.66	      2.78	     64.08	     48.64	-13.23	 6.921e-05	      5.50	0	Gaussian	291.179512	44.275654
569	1	  0.001473	  0.000607	     -1.00	    515.45	    165.66	      3.01	      2.94	     52.73	     51.40	-76.77	 5.017e-05	      5.50	0	Gaussian	288.698030	45.872048
570	1	  0.001465	  0.000463	     -1.00	    200.28	    787.36	      3.81	      3.11	     66.69	     54.40	-1.50	 7.822e-05	      5.50	0	Gaussian	291.273130	43.254605
571	1	  0.001466	  0.000397	     -1.00	    243.00	    180.77	      4.45	      2.67	     77.84	     46.69	-47.30	 7.499e-05	      5.50	0	Gaussian	290.456869	46.010612
572	1	  0.001472	  0.000538	     -1.00	    352.96	    317.59	      3.71	      2.80	     64.94	     49.02	-18.49	 4.173e-05	      5.50	0	Gaussian	289.886039	45.305569
573	1	  0.001465	  0.000571	     -1.00	    770.95	    638.59	      3.72	      2.68	     65.03	     46.97	-26.48	 5.373e-05	      5.50	0	Gaussian	287.634278	43.521016
574	1	  0.001463	  0.000306	     -1.00	    306.93	    728.28	      4.29	      4.01	     75.13	     70.22	-8.85	 5.131e-05	      5.50	0	Gaussian	290.561697	43.457217
575	1	  0.001463	  0.000608	     -1.00	    592.43	     82.65	      3.04	      2.66	     53.17	     46.48	-54.72	 4.018e-05	      5.51	0	Gaussian	288.117517	46.184448
576	1	  0.001507	  0.000363	     -1.00	    526.84	    182.37	      3.78	      3.57	     66.12	     62.55	-86.38	 9.840e-05	      5.51	0	Gaussian	288.643898	45.787015
577	1	  0.001477	  0.000505	     -1.00	    549.64	    734.49	      3.70	      2.87	     64.69	     50.29	-17.07	 5.491e-05	      5.51	0	Gaussian	289.078595	43.257974
578	1	  0.001459	  0.000289	     -1.00	     83.37	    404.88	      6.46	      2.66	    113.13	     46.59	-47.12	 3.570e-05	      5.51	0	Gaussian	291.684252	45.089593
579	1	  0.001447	  0.000452	     -1.00	    171.20	      8.80	      3.94	      3.13	     68.92	     54.86	-17.64	 2.361e-05	      5.51	0	Gaussian	290.760624	46.848198
580	1	  0.001445	  0.000504	     -1.00	    111.99	    658.18	      3.89	      2.95	     68.10	     51.71	-6.75	 2.769e-05	      5.51	0	Gaussian	291.714961	43.904522
581	1	  0.001481	  0.000655	     -1.00	    615.54	    140.43	      2.95	      2.45	     51.61	     42.87	-52.41	 8.748e-05	      5.51	0	Gaussian	288.036342	45.903726
582	1	  0.001511	  0.000597	     -1.00	    639.66	    533.72	      3.25	      2.72	     56.93	     47.60	-17.63	 1.100e-04	      5.51	0	Gaussian	288.319324	44.102084
583	1	  0.001506	  0.000639	     -1.00	    539.64	     35.88	      2.91	      2.63	     50.98	     46.10	-48.00	 2.606e-04	      5.51	0	Gaussian	288.401558	46.440272
584	1	  0.001465	  0.000514	     -1.00	     25.98	     52.89	      3.66	      3.00	     63.98	     52.54	-21.34	 4.350e-05	      5.52	0	Gaussian	291.755388	46.745309
585	1	  0.001466	  0.000514	     -1.00	    705.65	    302.15	      3.69	      3.12	     64.55	     54.63	-10.61	 6.001e-05	      5.52	0	Gaussian	287.655565	45.096606
586	1	  0.001487	  0.000556	     -1.00	    133.72	    703.46	      3.62	      2.62	     63.35	     45.85	-12.70	 1.081e-04	      5.52	0	Gaussian	291.616448	43.682420
587	1	  0.001449	  0.000514	     -1.00	    446.37	    407.39	      3.76	      2.80	     65.89	     49.03	-9.05	 2.935e-05	      5.53	0	Gaussian	289.386572	44.826330
588	1	  0.001449	  0.000509	     -1.00	    457.45	    152.52	      3.16	      3.07	     55.37	     53.78	-55.36	 2.707e-05	      5.53	0	Gaussian	289.053032	45.977996
589	1	  0.001455	  0.000393	     -1.00	    297.67	    432.86	      4.16	      3.07	     72.85	     53.78	-26.65	 3.105e-05	      5.53	0	Gaussian	290.346896	44.818010
590	1	  0.001469	  0.000529	     -1.00	    752.77	    701.13	      3.48	      2.94	     60.84	     51.50	-13.59	 6.957e-05	      5.53	0	Gaussian	287.812926	43.252739
591	1	  0.001465	  0.000506	     -1.00	     33.72	    461.73	      3.59	      2.98	     62.88	     52.13	-25.21	 5.751e-05	      5.54	0	Gaussian	292.049137	44.858455
592	1	  0.001450	  0.000414	     -1.00	    247.07	    595.89	      4.27	      3.04	     74.75	     53.23	-22.40	 3.210e-05	      5.54	0	Gaussian	290.814661	44.104844
593	1	  0.001448	  0.000477	     -1.00	     95.14	    622.21	      3.96	      2.83	     69.34	     49.53	-19.09	 4.545e-05	      5.54	0	Gaussian	291.791163	44.080721
594	1	  0.001460	  0.000479	     -1.00	    525.77	     76.56	      3.82	      2.89	     66.81	     50.61	-16.66	 3.649e-05	      5.54	0	Gaussian	288.535193	46.267549
595	1	  0.001450	  0.000343	     -1.00	    487.36	    775.61	      4.73	      2.97	     82.83	     52.01	-39.71	 5.273e-05	      5.54	0	Gaussian	289.498757	43.115726
596	1	  0.001438	  0.000431	     -1.00	    689.15	    740.99	      3.80	      3.15	     66.51	     55.08	-7.19	 3.242e-05	      5.55	0	Gaussian	288.239577	43.122378
597	1	  0.001467	  0.000297	     -1.00	    144.49	    760.36	      5.36	      3.35	     93.82	     58.61	-62.04	 8.351e-05	      5.55	0	Gaussian	291.596575	43.413529
598	1	  0.001467	  0.000494	     -1.00	    310.99	    372.90	      3.95	      2.68	     69.20	     46.85	-18.23	 3.347e-05	      5.55	0	Gaussian	290.205773	45.083076
599	1	  0.001481	  0.000571	     -1.00	    587.87	    126.39	      3.42	      2.73	     59.82	     47.71	-10.87	 4.157e-05	      5.55	0	Gaussian	288.195613	45.990490
600	1	  0.001469	  0.000540	     -1.00	    294.12	    461.35	      3.75	      2.62	     65.63	     45.82	-16.02	 5.756e-05	      5.55	0	Gaussian	290.396014	44.689983
601	1	  0.001519	  0.000603	     -1.00	    254.67	    421.96	      2.95	      2.88	     51.56	     50.43	-3.68	 2.125e-04	      5.55	0	Gaussian	290.608590	44.897842
602	1	  0.001449	  0.000421	     -1.00	    314.72	    436.34	      4.01	      3.46	     70.11	     60.50	-18.97	 2.454e-05	      5.55	0	Gaussian	290.242614	44.790114
603	1	  0.001472	  0.000434	     -1.00	    559.33	    420.85	      3.93	      2.98	     68.83	     52.09	-10.01	 7.269e-05	      5.55	0	Gaussian	288.695219	44.678167
604	1	  0.001453	  0.000362	     -1.00	     84.62	    750.06	      5.16	      2.81	     90.36	     49.14	-18.78	 4.921e-05	      5.56	0	Gaussian	291.961242	43.497148
605	1	  0.001459	  0.000553	     -1.00	    584.06	    706.60	      3.57	      2.74	     62.52	     48.04	-11.62	 7.740e-05	      5.56	0	Gaussian	288.840669	43.359312
606	1	  0.001460	  0.000430	     -1.00	    518.35	    386.94	      4.13	      2.67	     72.37	     46.80	-4.53	 5.118e-05	      5.57	0	Gaussian	288.915012	44.864424
607	1	  0.001457	  0.000382	     -1.00	    682.12	    724.69	      4.04	      3.37	     70.66	     59.06	-44.99	 5.477e-05	      5.57	0	Gaussian	288.264716	43.201850
608	1	  0.001468	  0.000566	     -1.00	    576.56	    330.17	      3.05	      2.54	     53.42	     44.54	-71.80	 4.712e-05	      5.57	0	Gaussian	288.490895	45.076297
609	1	  0.001481	  0.000573	     -1.00	    344.09	    125.35	      3.41	      2.69	     59.64	     47.06	-10.54	 8.675e-05	      5.57	0	Gaussian	289.751263	46.189279
610	1	  0.001446	  0.000468	     -1.00	    755.93	    163.78	      3.91	      2.98	     68.50	     52.11	-13.48	 3.101e-05	      5.57	0	Gaussian	287.181508	45.677247
611	1	  0.001450	  0.000302	     -1.00	    171.70	    743.72	      5.56	      3.06	     97.34	     53.53	-0.08	 4.057e-05	      5.57	0	Gaussian	291.413446	43.473415
612	1	  0.001472	  0.000401	     -1.00	    783.80	    617.70	      4.90	      2.61	     85.73	     45.76	-3.80	 8.222e-05	      5.58	0	Gaussian	287.533279	43.604961
613	1	  0.001476	  0.000437	     -1.00	    294.98	    362.54	      4.00	      2.93	     70.03	     51.25	-23.34	 5.359e-05	      5.58	0	Gaussian	290.297383	45.141863
614	1	  0.001462	  0.000348	     -1.00	    261.83	    762.53	      4.48	      3.30	     78.40	     57.83	3.77	 4.576e-05	      5.58	0	Gaussian	290.870960	43.329570
615	1	  0.001470	  0.000413	     -1.00	    532.43	    233.66	      4.01	      2.95	     70.19	     51.64	-20.73	 4.717e-05	      5.58	0	Gaussian	288.663892	45.549767
616	1	  0.001466	  0.000554	     -1.00	    603.01	    609.20	      3.39	      2.81	     59.37	     49.13	-19.40	 6.085e-05	      5.58	0	Gaussian	288.624056	43.787955
617	1	  0.001445	  0.000357	     -1.00	    733.26	    130.94	      4.13	      3.39	     72.34	     59.29	-16.82	 2.592e-05	      5.58	0	Gaussian	287.284517	45.845117
618	1	  0.001458	  0.000407	     -1.00	    181.57	    274.76	      4.14	      2.78	     72.52	     48.69	-30.85	 3.856e-05	      5.58	0	Gaussian	290.939955	45.623021
619	1	  0.001469	  0.000493	     -1.00	    670.28	    607.46	      3.83	      2.67	     66.95	     46.70	-15.27	 7.269e-05	      5.59	0	Gaussian	288.211285	43.743183
620	1	  0.001466	  0.000314	     -1.00	    529.35	    749.91	      5.42	      2.91	     94.87	     50.92	-31.87	 8.335e-05	      5.59	0	Gaussian	289.217579	43.202620
621	1	  0.001457	  0.000453	     -1.00	    212.31	     35.28	      3.92	      2.76	     68.61	     48.34	-17.44	 3.876e-05	      5.59	0	Gaussian	290.516814	46.697709
622	1	  0.001475	  0.000530	     -1.00	    118.09	    613.44	      3.65	      2.67	     63.87	     46.76	-11.43	 7.093e-05	      5.59	0	Gaussian	291.639377	44.107021
623	1	  0.001458	  0.000505	     -1.00	     55.89	    723.46	      3.83	      2.72	     67.12	     47.57	-14.10	 3.634e-05	      5.59	0	Gaussian	292.119698	43.636964
624	1	  0.001463	  0.000363	     -1.00	    532.65	    257.47	      4.86	      2.87	     85.00	     50.22	-5.23	 4.496e-05	      5.60	0	Gaussian	288.688138	45.441506
625	1	  0.001484	  0.000434	     -1.00	    243.29	    446.11	      4.45	      2.55	     77.82	     44.55	-11.58	 7.751e-05	      5.60	0	Gaussian	290.702821	44.794917
626	1	  0.001470	  0.000618	     -1.00	    420.56	    236.24	      2.97	      2.31	     51.97	     40.43	-44.78	 5.700e-05	      5.60	0	Gaussian	289.375098	45.625875
627	1	  0.001489	  0.000549	     -1.00	    782.19	    324.52	      3.62	      2.47	     63.39	     43.20	-17.72	 9.979e-05	      5.60	0	Gaussian	287.207757	44.930010
628	1	  0.001463	  0.000407	     -1.00	    556.29	    716.05	      4.13	      2.81	     72.21	     49.26	5.64	 5.950e-05	      5.60	0	Gaussian	289.019463	43.337088
629	1	  0.001460	  0.000451	     -1.00	    445.99	    424.58	      4.09	      2.58	     71.66	     45.13	-16.97	 3.801e-05	      5.60	0	Gaussian	289.406290	44.748238
630	1	  0.001459	  0.000234	     -1.00	    377.53	    758.42	      4.89	      3.66	     85.50	     64.14	68.58	 3.318e-05	      5.60	0	Gaussian	290.154379	43.271300
631	1	  0.001480	  0.000527	     -1.00	    595.96	    246.09	      3.41	      2.84	     59.68	     49.73	-11.65	 5.824e-05	      5.61	0	Gaussian	288.277538	45.441814
632	1	  0.001450	  0.000231	     -1.00	    182.35	    212.90	      4.81	      4.39	     84.21	     76.82	-84.02	 4.424e-05	      5.61	0	Gaussian	290.878317	45.906080
633	1	  0.001455	  0.000369	     -1.00	    618.07	    158.76	      4.35	      3.06	     76.15	     53.61	-46.90	 4.934e-05	      5.61	0	Gaussian	288.041045	45.818720
634	1	  0.001459	  0.000376	     -1.00	    607.41	     74.60	      4.56	      2.96	     79.82	     51.76	-19.25	 3.921e-05	      5.61	0	Gaussian	288.013215	46.208192
635	1	  0.001437	  0.000502	     -1.00	     86.07	    172.36	      3.67	      2.82	     64.19	     49.38	-18.24	 2.706e-05	      5.61	0	Gaussian	291.466079	46.157170
636	1	  0.001468	  0.000481	     -1.00	    397.02	    412.64	      3.66	      2.94	     64.04	     51.46	-19.18	 8.683e-05	      5.62	0	Gaussian	289.701568	44.839084
637	1	  0.001464	  0.000406	     -1.00	    153.59	    222.71	      4.00	      2.93	     70.05	     51.25	-33.18	 4.970e-05	      5.62	0	Gaussian	291.073038	45.880824
638	1	  0.001446	  0.000513	     -1.00	    628.78	      8.19	      2.95	      2.86	     51.57	     50.06	-60.06	 2.919e-05	      5.63	0	Gaussian	287.801099	46.489653
639	1	  0.001482	  0.000561	     -1.00	    329.57	    374.37	      3.01	      2.41	     52.74	     42.22	-45.26	 6.418e-05	      5.63	0	Gaussian	290.089552	45.063063
640	1	  0.001444	  0.000359	     -1.00	    617.61	    781.73	      4.89	      2.96	     85.56	     51.85	-2.06	 2.998e-05	      5.63	0	Gaussian	288.714239	42.992109
641	1	  0.001474	  0.000416	     -1.00	    725.67	    751.77	      3.81	      2.91	     66.69	     50.88	-53.75	 1.369e-04	      5.63	0	Gaussian	288.031048	43.044871
642	1	  0.001471	  0.000489	     -1.00	    603.98	    734.56	      3.66	      2.81	     64.05	     49.23	-6.51	 6.564e-05	      5.63	0	Gaussian	288.748263	43.217031
643	1	  0.001473	  0.000396	     -1.00	     13.21	    263.61	      4.60	      2.83	     80.47	     49.59	-8.39	 4.965e-05	      5.63	0	Gaussian	292.017919	45.784383
644	1	  0.001506	  0.000596	     -1.00	    264.07	    267.37	      3.25	      2.54	     56.88	     44.38	-12.20	 1.184e-04	      5.64	0	Gaussian	290.403909	45.599410
645	1	  0.001444	  0.000402	     -1.00	    416.23	    455.96	      4.00	      2.69	     69.94	     47.09	-6.69	 2.494e-05	      5.64	0	Gaussian	289.623958	44.627168
646	1	  0.001453	  0.000414	     -1.00	     52.73	    504.31	      3.71	      3.40	     64.94	     59.49	-26.90	 3.264e-05	      5.64	0	Gaussian	291.962681	44.650449
647	1	  0.001465	  0.000462	     -1.00	    207.55	    171.01	      4.03	      2.71	     70.53	     47.39	-13.98	 5.558e-05	      5.64	0	Gaussian	290.676610	46.080409
648	1	  0.001449	  0.000407	     -1.00	    503.41	     31.71	      4.06	      2.75	     71.00	     48.19	-16.35	 4.141e-05	      5.64	0	Gaussian	288.629027	46.489119
649	1	  0.001488	  0.000486	     -1.00	    761.63	    706.84	      3.46	      2.88	     60.52	     50.49	-31.81	 8.679e-05	      5.64	0	Gaussian	287.765855	43.219741
650	1	  0.001502	  0.000584	     -1.00	    559.04	     41.63	      3.18	      2.60	     55.69	     45.52	-15.96	 1.794e-04	      5.64	0	Gaussian	288.284008	46.398043
651	1	  0.001453	  0.000247	     -1.00	    268.77	    631.94	      5.65	      2.89	     98.89	     50.62	-18.37	 4.356e-05	      5.65	0	Gaussian	290.711543	43.924865
652	1	  0.001475	  0.000461	     -1.00	    503.01	     68.70	      3.81	      2.75	     66.66	     48.11	-11.70	 6.699e-05	      5.65	0	Gaussian	288.672065	46.321849
653	1	  0.001464	  0.000542	     -1.00	    365.35	    119.32	      3.05	      2.46	     53.40	     42.99	-60.22	 6.161e-05	      5.65	0	Gaussian	289.608360	46.200595
654	1	  0.001464	  0.000438	     -1.00	    633.65	    672.67	      3.72	      2.98	     65.06	     52.08	-32.22	 9.924e-05	      5.65	0	Gaussian	288.503668	43.475750
655	1	  0.001471	  0.000360	     -1.00	    594.50	    236.68	      4.61	      2.88	     80.61	     50.35	-25.68	 7.054e-05	      5.65	0	Gaussian	288.276347	45.485651
656	1	  0.001462	  0.000457	     -1.00	     28.64	    581.30	      3.53	      3.18	     61.80	     55.72	-18.55	 4.435e-05	      5.65	0	Gaussian	292.178044	44.309661
657	1	  0.001461	  0.000473	     -1.00	    650.52	    483.95	      3.40	      3.00	     59.50	     52.56	-12.74	 2.678e-05	      5.65	0	Gaussian	288.198758	44.319173
658	1	  0.001471	  0.000441	     -1.00	    236.06	    535.80	      3.79	      2.96	     66.27	     51.76	-30.80	 4.683e-05	      5.66	0	Gaussian	290.829792	44.388134
659	1	  0.001475	  0.000452	     -1.00	     44.50	    266.23	      3.44	      3.21	     60.16	     56.24	-27.61	 6.769e-05	      5.66	0	Gaussian	291.817168	45.752588
660	1	  0.001469	  0.000431	     -1.00	    438.44	    280.37	      4.04	      2.40	     70.71	     42.06	-13.21	 4.528e-05	      5.66	0	Gaussian	289.307012	45.411177
661	1	  0.001459	  0.000430	     -1.00	    207.69	    630.91	      3.75	      3.02	     65.69	     52.92	-21.76	 5.099e-05	      5.66	0	Gaussian	291.092105	43.969735
662	1	  0.001456	  0.000234	     -1.00	    343.75	    786.41	      5.49	      3.17	     96.12	     55.43	49.54	 5.932e-05	      5.66	0	Gaussian	290.387665	43.165905
663	1	  0.001493	  0.000545	     -1.00	    176.94	    514.96	      3.36	      2.62	     58.82	     45.88	-15.40	 2.752e-04	      5.67	0	Gaussian	291.183965	44.522904
664	1	  0.001450	  0.000260	     -1.00	     81.53	    573.20	      4.52	      3.30	     79.06	     57.68	72.67	 3.399e-05	      5.67	0	Gaussian	291.836648	44.315064
665	1	  0.001481	  0.000427	     -1.00	    685.63	    293.03	      3.02	      3.01	     52.78	     52.74	-55.92	 6.528e-05	      5.67	0	Gaussian	287.769619	45.154735
666	1	  0.001495	  0.000359	     -1.00	    369.61	    579.50	      5.46	      2.38	     95.54	     41.66	-13.88	 1.099e-04	      5.68	0	Gaussian	290.034909	44.096059
667	1	  0.001457	  0.000251	     -1.00	    512.32	    738.89	      4.84	      3.87	     84.64	     67.80	14.56	 5.245e-05	      5.68	0	Gaussian	289.310461	43.265311
668	1	  0.001482	  0.000366	     -1.00	    179.14	     48.67	      4.98	      2.46	     87.19	     43.14	-26.99	 9.651e-05	      5.68	0	Gaussian	290.746259	46.660239
669	1	  0.001483	  0.000422	     -1.00	    577.51	    583.81	      3.62	      2.98	     63.27	     52.14	-39.30	 1.694e-04	      5.68	0	Gaussian	288.753927	43.923092
670	1	  0.001481	  0.000481	     -1.00	    330.69	    276.64	      3.63	      2.64	     63.55	     46.23	-21.69	 5.020e-05	      5.69	0	Gaussian	289.987409	45.508919
671	1	  0.001455	  0.000429	     -1.00	    290.99	    386.49	      3.97	      2.72	     69.45	     47.67	-19.42	 3.160e-05	      5.69	0	Gaussian	290.345381	45.035073
672	1	  0.001471	  0.000352	     -1.00	    693.07	    724.66	      4.22	      3.05	     73.82	     53.43	-7.73	 6.602e-05	      5.69	0	Gaussian	288.198504	43.193434
673	1	  0.001457	  0.000462	     -1.00	    634.32	    436.51	      3.81	      2.56	     66.76	     44.85	-15.28	 7.419e-05	      5.69	0	Gaussian	288.247151	44.547372
674	1	  0.001455	  0.000346	     -1.00	    161.06	    470.63	      4.24	      3.17	     74.22	     55.40	-16.13	 3.626e-05	      5.70	0	Gaussian	291.245763	44.737114
675	1	  0.001453	  0.000393	     -1.00	    493.33	    130.75	      4.08	      2.70	     71.44	     47.17	-18.14	 2.912e-05	      5.70	0	Gaussian	288.801117	46.048244
676	1	  0.001467	  0.000374	     -1.00	    111.99	    623.61	      4.07	      3.06	     71.29	     53.65	-10.21	 7.346e-05	      5.70	0	Gaussian	291.686233	44.063889
677	1	  0.001468	  0.000454	     -1.00	    556.73	    234.55	      3.65	      2.80	     63.90	     49.02	-10.19	 6.962e-05	      5.70	0	Gaussian	288.511676	45.526148
678	1	  0.001452	  0.000343	     -1.00	    268.43	    694.85	      3.79	      3.47	     66.31	     60.65	-2.20	 6.330e-05	      5.70	0	Gaussian	290.770081	43.636188
679	1	  0.001471	  0.000536	     -1.00	    277.38	    193.12	      2.99	      2.49	     52.26	     43.60	-31.10	 6.371e-05	      5.70	0	Gaussian	290.247362	45.929378
680	1	  0.001470	  0.000398	     -1.00	    680.29	    129.90	      3.88	      2.84	     67.96	     49.78	-11.41	 5.879e-05	      5.70	0	Gaussian	287.616012	45.896045
681	1	  0.001459	  0.000472	     -1.00	    744.48	    116.15	      3.18	      2.80	     55.72	     49.08	-18.66	 3.435e-05	      5.70	0	Gaussian	287.196615	45.901815
682	1	  0.001461	  0.000457	     -1.00	    684.71	    575.47	      3.72	      2.67	     65.16	     46.66	-23.37	 4.463e-05	      5.70	0	Gaussian	288.088656	43.876724
683	1	  0.001471	  0.000440	     -1.00	    789.24	    116.51	      3.45	      2.96	     60.34	     51.87	-17.78	 5.069e-05	      5.71	0	Gaussian	286.916788	45.860210
684	1	  0.001456	  0.000452	     -1.00	    330.88	     77.52	      3.55	      2.93	     62.19	     51.34	-13.80	 4.973e-05	      5.71	0	Gaussian	289.788140	46.417247
685	1	  0.001489	  0.000452	     -1.00	    313.60	    506.04	      3.99	      2.81	     69.92	     49.25	-7.26	 1.273e-04	      5.71	0	Gaussian	290.315375	44.471661
686	1	  0.001452	  0.000396	     -1.00	    705.29	    333.95	      3.94	      2.88	     68.96	     50.49	-24.03	 4.754e-05	      5.71	0	Gaussian	287.693953	44.953201
687	1	  0.001487	  0.000468	     -1.00	     38.29	     14.23	      3.63	      2.59	     63.46	     45.41	-15.37	 1.616e-04	      5.71	0	Gaussian	291.640429	46.914673
688	1	  0.001460	  0.000321	     -1.00	    368.30	    554.18	      5.16	      2.94	     90.28	     51.45	-8.89	 3.893e-05	      5.71	0	Gaussian	290.018920	44.212834
689	1	  0.001455	  0.000497	     -1.00	    395.51	    654.79	      3.08	      2.52	     53.88	     44.06	-54.30	 3.623e-05	      5.71	0	Gaussian	289.946038	43.733266
690	1	  0.001446	  0.000344	     -1.00	    718.13	    110.69	      4.11	      3.13	     71.90	     54.79	-17.64	 3.091e-05	      5.72	0	Gaussian	287.355580	45.949651
691	1	  0.001481	  0.000463	     -1.00	    236.78	    452.70	      3.57	      2.75	     62.49	     48.17	-23.19	 7.582e-05	      5.72	0	Gaussian	290.750017	44.769078
692	1	  0.001464	  0.000265	     -1.00	    427.09	    433.86	      4.47	      3.82	     78.28	     66.93	-41.17	 4.329e-05	      5.72	0	Gaussian	289.533962	44.720012
693	1	  0.001460	  0.000500	     -1.00	    761.69	    336.85	      3.01	      2.67	     52.70	     46.78	-66.23	 7.127e-05	      5.72	0	Gaussian	287.348518	44.892119
694	1	  0.001460	  0.000396	     -1.00	    399.92	    635.66	      4.00	      2.89	     70.02	     50.53	-29.56	 5.227e-05	      5.72	0	Gaussian	289.900480	43.817676
695	1	  0.001459	  0.000421	     -1.00	    411.70	     79.76	      3.64	      3.00	     63.77	     52.49	-24.21	 4.334e-05	      5.72	0	Gaussian	289.269483	46.344744
696	1	  0.001452	  0.000410	     -1.00	    690.24	    514.73	      3.94	      2.76	     68.93	     48.39	-15.23	 3.164e-05	      5.72	0	Gaussian	287.988543	44.147537
697	1	  0.001476	  0.000304	     -1.00	    195.33	    637.74	      4.33	      3.21	     75.82	     56.18	-34.80	 1.426e-04	      5.73	0	Gaussian	291.175391	43.946323
698	1	  0.001468	  0.000502	     -1.00	    759.98	    344.72	      3.29	      2.77	     57.55	     48.45	-25.00	 7.619e-05	      5.73	0	Gaussian	287.368209	44.858059
699	1	  0.001502	  0.000534	     -1.00	    671.81	     41.40	      3.21	      2.56	     56.24	     44.87	-8.77	 7.877e-05	      5.73	0	Gaussian	287.566422	46.302493
700	1	  0.001468	  0.000420	     -1.00	    466.42	    182.28	      3.78	      2.71	     66.16	     47.37	-19.32	 5.825e-05	      5.73	0	Gaussian	289.027372	45.835673
701	1	  0.001457	  0.000330	     -1.00	    169.27	    328.78	      4.00	      3.40	     70.06	     59.44	-3.36	 3.565e-05	      5.73	0	Gaussian	291.067719	45.383466
702	1	  0.001480	  0.000401	     -1.00	    550.99	    544.20	      3.59	      3.12	     62.80	     54.65	-23.64	 5.837e-05	      5.73	0	Gaussian	288.876051	44.123663
703	1	  0.001503	  0.000481	     -1.00	    736.68	    157.44	      2.99	      2.89	     52.29	     50.63	-38.63	 1.176e-04	      5.74	0	Gaussian	287.294348	45.722729
704	1	  0.001450	  0.000413	     -1.00	    408.77	    293.87	      3.74	      2.91	     65.53	     50.94	-18.18	 2.824e-05	      5.74	0	Gaussian	289.508601	45.372229
705	1	  0.001450	  0.000370	     -1.00	    527.88	     23.18	      4.10	      2.95	     71.69	     51.70	0.12	 3.374e-05	      5.74	0	Gaussian	288.462739	46.507543
706	1	  0.001457	  0.000346	     -1.00	    350.97	    479.10	      3.62	      3.12	     63.42	     54.66	-0.57	 4.327e-05	      5.74	0	Gaussian	290.055409	44.568677
707	1	  0.001453	  0.000406	     -1.00	    667.55	    526.22	      3.99	      3.05	     69.75	     53.45	-13.05	 3.941e-05	      5.75	0	Gaussian	288.140135	44.113839
708	1	  0.001476	  0.000409	     -1.00	    541.87	    770.82	      4.01	      2.66	     70.20	     46.55	-26.75	 1.056e-04	      5.75	0	Gaussian	289.162252	43.098074
709	1	  0.001458	  0.000266	     -1.00	     10.28	    123.10	      6.04	      2.30	    105.68	     40.28	-56.34	 5.743e-05	      5.75	0	Gaussian	291.918890	46.432866
710	1	  0.001492	  0.000508	     -1.00	    613.95	    131.54	      3.33	      2.60	     58.29	     45.45	-20.73	 1.004e-04	      5.76	0	Gaussian	288.036367	45.945261
711	1	  0.001476	  0.000399	     -1.00	    344.18	    655.48	      3.91	      2.64	     68.51	     46.16	-13.81	 5.083e-05	      5.76	0	Gaussian	290.264368	43.765809
712	1	  0.001455	  0.000405	     -1.00	    478.48	    638.52	      3.69	      3.18	     64.61	     55.59	-21.65	 3.750e-05	      5.76	0	Gaussian	289.418439	43.748056
713	1	  0.001514	  0.000552	     -1.00	    211.97	    205.82	      2.95	      2.56	     51.59	     44.79	-20.10	 1.714e-04	      5.76	0	Gaussian	290.680635	45.917945
714	1	  0.001454	  0.000445	     -1.00	    761.29	    784.38	      3.68	      2.63	     64.43	     46.09	-7.39	 4.736e-05	      5.76	0	Gaussian	287.852480	42.868905
715	1	  0.001466	  0.000426	     -1.00	    598.69	     17.70	      3.67	      2.81	     64.31	     49.21	-23.30	 9.942e-05	      5.76	0	Gaussian	288.003898	46.472617
716	1	  0.001456	  0.000419	     -1.00	    729.55	    263.74	      3.48	      2.66	     60.93	     46.58	-2.81	 3.540e-05	      5.76	0	Gaussian	287.462956	45.249633
717	1	  0.001443	  0.000417	     -1.00	    317.88	    449.16	      3.85	      2.76	     67.34	     48.27	-14.27	 2.423e-05	      5.76	0	Gaussian	290.234846	44.729152
718	1	  0.001497	  0.000430	     -1.00	    162.94	    606.72	      3.88	      2.39	     67.99	     41.91	-24.17	 9.409e-05	      5.76	0	Gaussian	291.351713	44.109784
719	1	  0.001467	  0.000352	     -1.00	    211.17	    182.32	      3.84	      3.32	     67.27	     58.11	-24.93	 5.896e-05	      5.76	0	Gaussian	290.663758	46.026096
720	1	  0.001470	  0.000474	     -1.00	    615.11	    216.67	      3.57	      2.58	     62.55	     45.22	-15.53	 4.343e-05	      5.77	0	Gaussian	288.124637	45.559180
721	1	  0.001441	  0.000355	     -1.00	    723.62	    515.86	      3.79	      3.33	     66.40	     58.21	-15.85	 3.095e-05	      5.78	0	Gaussian	287.785520	44.115187
722	1	  0.001474	  0.000460	     -1.00	     94.63	    666.39	      3.06	      2.53	     53.55	     44.29	-45.44	 8.629e-05	      5.78	0	Gaussian	291.830704	43.877264
723	1	  0.001464	  0.000312	     -1.00	    713.40	     70.47	      4.24	      2.78	     74.29	     48.63	-35.70	 4.901e-05	      5.79	0	Gaussian	287.337782	46.134967
724	1	  0.001466	  0.000402	     -1.00	    153.32	    550.55	      3.94	      2.41	     68.94	     42.25	-8.71	 5.275e-05	      5.79	0	Gaussian	291.363996	44.374443
725	1	  0.001459	  0.000320	     -1.00	    698.92	    194.78	      3.54	      3.38	     62.03	     59.11	-69.72	 4.265e-05	      5.79	0	Gaussian	287.574220	45.587193
726	1	  0.001468	  0.000376	     -1.00	    596.34	    601.70	      4.06	      2.52	     71.02	     44.05	-8.95	 7.213e-05	      5.79	0	Gaussian	288.657085	43.827221
727	1	  0.001475	  0.000283	     -1.00	    665.25	    616.03	      4.02	      3.56	     70.37	     62.30	-25.80	 7.759e-05	      5.79	0	Gaussian	288.251120	43.708273
728	1	  0.001478	  0.000513	     -1.00	    182.22	     61.29	      3.26	      2.54	     57.07	     44.54	-15.24	 6.390e-05	      5.79	0	Gaussian	290.738031	46.600322
729	1	  0.001507	  0.000515	     -1.00	    594.35	    714.43	      2.90	      2.40	     50.75	     41.99	-49.23	 1.231e-04	      5.79	0	Gaussian	288.786094	43.315901
730	1	  0.001476	  0.000450	     -1.00	    490.40	    401.67	      3.05	      3.03	     53.33	     53.06	33.01	 9.066e-05	      5.79	0	Gaussian	289.105026	44.818958
731	1	  0.001460	  0.000326	     -1.00	    241.87	    582.57	      4.33	      2.75	     75.80	     48.15	8.06	 4.001e-05	      5.79	0	Gaussian	290.835316	44.169470
732	1	  0.001449	  0.000387	     -1.00	     33.52	    154.50	      2.99	      2.99	     52.38	     52.28	-62.64	 3.747e-05	      5.79	0	Gaussian	291.793459	46.273589
733	1	  0.001492	  0.000459	     -1.00	     38.69	     71.54	      3.41	      2.68	     59.72	     46.86	-24.28	 1.021e-04	      5.79	0	Gaussian	291.687910	46.651361
734	1	  0.001455	  0.000378	     -1.00	    364.14	    771.45	      4.08	      2.50	     71.40	     43.73	-8.58	 4.459e-05	      5.79	0	Gaussian	290.248684	43.220733
735	1	  0.001478	  0.000343	     -1.00	    636.90	    573.73	      3.93	      3.11	     68.77	     54.49	-20.54	 9.173e-05	      5.80	0	Gaussian	288.379067	43.922647
736	1	  0.001456	  0.000375	     -1.00	    273.05	    718.83	      4.01	      2.78	     70.19	     48.64	-21.38	 4.187e-05	      5.80	0	Gaussian	290.762826	43.523040
737	1	  0.001468	  0.000366	     -1.00	    650.67	    111.41	      3.50	      3.32	     61.29	     58.18	-41.24	 5.058e-05	      5.80	0	Gaussian	287.781407	46.005002
738	1	  0.001463	  0.000451	     -1.00	    647.12	    290.54	      3.45	      2.80	     60.32	     48.98	-13.46	 3.268e-05	      5.81	0	Gaussian	288.006714	45.198236
739	1	  0.001462	  0.000420	     -1.00	    724.09	    289.38	      3.73	      2.63	     65.32	     46.08	-24.64	 4.863e-05	      5.81	0	Gaussian	287.526445	45.138573
740	1	  0.001482	  0.000443	     -1.00	    235.95	    136.93	      3.42	      2.81	     59.94	     49.17	-23.72	 1.654e-04	      5.81	0	Gaussian	290.460541	46.216145
741	1	  0.001450	  0.000289	     -1.00	    556.98	    408.38	      4.18	      3.45	     73.22	     60.43	-54.38	 3.917e-05	      5.81	0	Gaussian	288.696665	44.736691
742	1	  0.001453	  0.000472	     -1.00	    338.67	    505.46	      3.08	      2.27	     53.92	     39.73	-33.38	 3.995e-05	      5.82	0	Gaussian	290.157630	44.456755
743	1	  0.001457	  0.000415	     -1.00	    273.76	    232.53	      3.71	      2.73	     64.95	     47.85	-15.79	 3.983e-05	      5.82	0	Gaussian	290.308535	45.751856
744	1	  0.001443	  0.000351	     -1.00	    627.28	    477.85	      3.94	      2.95	     68.96	     51.66	-17.01	 2.502e-05	      5.82	0	Gaussian	288.335375	44.365483
745	1	  0.001461	  0.000268	     -1.00	    746.39	    783.45	      5.39	      2.70	     94.33	     47.30	-2.44	 6.260e-05	      5.82	0	Gaussian	287.940745	42.884906
746	1	  0.001470	  0.000382	     -1.00	     93.74	    331.13	      3.69	      2.90	     64.56	     50.84	-15.14	 5.807e-05	      5.82	0	Gaussian	291.554713	45.422383
747	1	  0.001477	  0.000343	     -1.00	    455.89	    175.20	      3.80	      3.20	     66.60	     55.98	-23.31	 7.428e-05	      5.82	0	Gaussian	289.086897	45.876156
748	1	  0.001457	  0.000370	     -1.00	     34.20	    672.58	      4.03	      2.63	     70.47	     45.97	-4.19	 6.807e-05	      5.82	0	Gaussian	292.215534	43.884751
749	1	  0.001445	  0.000396	     -1.00	    751.15	    754.77	      3.81	      2.80	     66.74	     49.04	-16.73	 3.326e-05	      5.82	0	Gaussian	287.881131	43.011061
750	1	  0.001456	  0.000340	     -1.00	     80.99	    717.61	      4.04	      3.03	     70.74	     52.96	-18.66	 4.153e-05	      5.82	0	Gaussian	291.957788	43.649145
751	1	  0.001460	  0.000461	     -1.00	     30.45	     39.18	      3.04	      2.47	     53.25	     43.15	-44.69	 3.706e-05	      5.82	0	Gaussian	291.714033	46.805356
752	1	  0.001463	  0.000431	     -1.00	     57.39	    394.13	      3.12	      2.48	     54.62	     43.48	-37.51	 5.688e-05	      5.83	0	Gaussian	291.841697	45.155460
753	1	  0.001463	  0.000339	     -1.00	    233.54	    661.90	      4.00	      2.79	     70.06	     48.83	5.27	 5.169e-05	      5.83	0	Gaussian	290.957901	43.810466
754	1	  0.001514	  0.000309	     -1.00	    290.03	    472.40	      6.82	      2.35	    119.30	     41.11	-62.72	 1.450e-04	      5.83	0	Gaussian	290.432102	44.642201
755	1	  0.001476	  0.000360	     -1.00	    164.28	    613.81	      4.49	      2.54	     78.51	     44.41	-7.12	 7.854e-05	      5.83	0	Gaussian	291.349326	44.076276
756	1	  0.001462	  0.000442	     -1.00	    383.46	    685.99	      3.05	      2.63	     53.46	     45.96	-2.14	 5.229e-05	      5.83	0	Gaussian	290.049989	43.598876
757	1	  0.001485	  0.000439	     -1.00	    570.62	    299.46	      3.48	      2.64	     60.99	     46.13	-27.70	 9.005e-05	      5.83	0	Gaussian	288.494830	45.220429
758	1	  0.001462	  0.000437	     -1.00	     70.88	     60.08	      3.23	      2.54	     56.47	     44.43	-23.71	 3.939e-05	      5.84	0	Gaussian	291.466216	46.682610
759	1	  0.001470	  0.000345	     -1.00	    475.57	    249.63	      3.92	      3.28	     68.59	     57.44	-30.54	 3.329e-05	      5.85	0	Gaussian	289.040175	45.522306
760	1	  0.001453	  0.000368	     -1.00	     56.72	     75.35	      4.06	      2.43	     71.12	     42.58	-17.89	 4.006e-05	      5.85	0	Gaussian	291.572716	46.621986
761	1	  0.001450	  0.000336	     -1.00	    421.24	    183.45	      4.11	      2.70	     72.01	     47.30	-10.64	 3.052e-05	      5.85	0	Gaussian	289.316357	45.865672
762	1	  0.001514	  0.000330	     -1.00	    708.74	    584.66	      4.29	      2.49	     75.08	     43.50	-25.01	 1.880e-04	      5.85	0	Gaussian	287.952224	43.815759
763	1	  0.001462	  0.000299	     -1.00	    366.97	    422.56	      4.90	      2.75	     85.83	     48.18	-2.94	 6.486e-05	      5.85	0	Gaussian	289.900250	44.815732
764	1	  0.001453	  0.000412	     -1.00	     26.92	    777.54	      3.79	      2.59	     66.35	     45.33	-16.29	 4.823e-05	      5.85	0	Gaussian	292.343369	43.403875
765	1	  0.001468	  0.000449	     -1.00	    788.88	    526.32	      3.50	      2.60	     61.24	     45.55	-22.13	 4.343e-05	      5.86	0	Gaussian	287.399383	44.013662
766	1	  0.001451	  0.000383	     -1.00	    530.89	    602.54	      3.80	      2.92	     66.45	     51.11	-15.69	 4.609e-05	      5.86	0	Gaussian	289.059757	43.873265
767	1	  0.001461	  0.000370	     -1.00	    317.01	    116.65	      3.89	      2.76	     68.16	     48.27	-29.10	 4.067e-05	      5.86	0	Gaussian	289.916972	46.249300
768	1	  0.001463	  0.000428	     -1.00	    663.44	    387.67	      3.11	      2.34	     54.49	     40.91	-78.16	 5.184e-05	      5.86	0	Gaussian	288.013358	44.745016
769	1	  0.001457	  0.000434	     -1.00	    572.91	    263.99	      3.28	      2.47	     57.41	     43.24	-20.71	 3.548e-05	      5.87	0	Gaussian	288.441934	45.379478
770	1	  0.001484	  0.000249	     -1.00	     94.85	     53.16	      5.39	      3.34	     94.29	     58.47	45.75	 8.990e-05	      5.87	0	Gaussian	291.302612	46.698175
771	1	  0.001462	  0.000371	     -1.00	    172.51	     22.80	      3.84	      2.67	     67.20	     46.65	-8.13	 3.713e-05	      5.87	0	Gaussian	290.765259	46.783244
772	1	  0.001455	  0.000369	     -1.00	    397.24	    454.47	      3.84	      2.74	     67.18	     47.98	-25.01	 4.007e-05	      5.87	0	Gaussian	289.741387	44.647903
773	1	  0.001473	  0.000395	     -1.00	    667.74	    273.56	      3.52	      2.88	     61.67	     50.46	-30.26	 5.414e-05	      5.87	0	Gaussian	287.859005	45.257841
774	1	  0.001465	  0.000470	     -1.00	    647.32	    231.22	      2.96	      2.44	     51.77	     42.66	-72.11	 4.079e-05	      5.88	0	Gaussian	287.938864	45.466463
775	1	  0.001450	  0.000392	     -1.00	    632.03	    311.64	      3.69	      2.84	     64.67	     49.79	-17.80	 2.493e-05	      5.88	0	Gaussian	288.124306	45.115209
776	1	  0.001480	  0.000423	     -1.00	    745.29	    775.65	      3.33	      2.74	     58.23	     47.92	-17.85	 7.679e-05	      5.88	0	Gaussian	287.938927	42.921124
777	1	  0.001448	  0.000286	     -1.00	    708.80	    406.50	      4.86	      2.87	     85.14	     50.25	3.18	 4.111e-05	      5.88	0	Gaussian	287.754163	44.622229
778	1	  0.001458	  0.000418	     -1.00	    372.52	    728.85	      3.10	      2.54	     54.24	     44.50	-63.92	 5.275e-05	      5.88	0	Gaussian	290.157619	43.410189
779	1	  0.001469	  0.000404	     -1.00	    779.40	    384.89	      3.11	      2.60	     54.46	     45.47	-84.07	 5.835e-05	      5.88	0	Gaussian	287.295143	44.660138
780	1	  0.001490	  0.000343	     -1.00	    553.05	    352.62	      3.78	      2.98	     66.14	     52.14	2.38	 9.743e-05	      5.89	0	Gaussian	288.661914	44.993144
781	1	  0.001470	  0.000398	     -1.00	    606.16	    185.43	      3.67	      2.60	     64.17	     45.43	-4.78	 4.874e-05	      5.89	0	Gaussian	288.146051	45.708027
782	1	  0.001480	  0.000405	     -1.00	    104.65	     54.38	      3.62	      2.54	     63.41	     44.41	-17.98	 6.324e-05	      5.89	0	Gaussian	291.239362	46.685943
783	1	  0.001485	  0.000358	     -1.00	    175.42	    560.67	      4.09	      2.61	     71.54	     45.68	-10.66	 7.275e-05	      5.89	0	Gaussian	291.233456	44.313660
784	1	  0.001438	  0.000390	     -1.00	    129.14	     63.81	      3.71	      2.77	     65.02	     48.51	-12.19	 2.682e-05	      5.89	0	Gaussian	291.087466	46.625935
785	1	  0.001476	  0.000267	     -1.00	    588.65	    136.74	      5.77	      2.48	    101.01	     43.46	-12.12	 9.806e-05	      5.89	0	Gaussian	288.202236	45.943006
786	1	  0.001481	  0.000502	     -1.00	    761.72	    320.45	      2.90	      2.15	     50.78	     37.66	-52.47	 5.678e-05	      5.89	0	Gaussian	287.329351	44.966076
787	1	  0.001447	  0.000301	     -1.00	    766.47	    585.30	      4.07	      3.06	     71.16	     53.49	-12.15	 2.825e-05	      5.89	0	Gaussian	287.601979	43.765752
788	1	  0.001470	  0.000310	     -1.00	    199.30	    341.19	      4.02	      2.97	     70.40	     52.02	-29.31	 6.887e-05	      5.89	0	Gaussian	290.886774	45.306183
789	1	  0.001465	  0.000318	     -1.00	    239.38	    499.53	      4.98	      2.32	     87.25	     40.64	-21.67	 5.184e-05	      5.90	0	Gaussian	290.776184	44.552424
790	1	  0.001462	  0.000320	     -1.00	    327.79	    618.57	      4.02	      2.86	     70.29	     50.09	-14.31	 3.609e-05	      5.90	0	Gaussian	290.331771	43.946244
791	1	  0.001472	  0.000304	     -1.00	    368.31	    400.23	      4.09	      2.82	     71.53	     49.29	-25.95	 8.430e-05	      5.90	0	Gaussian	289.870045	44.916789
792	1	  0.001455	  0.000420	     -1.00	    756.99	    670.41	      3.54	      2.68	     62.00	     46.97	-21.51	 7.077e-05	      5.90	0	Gaussian	287.753771	43.388394
793	1	  0.001480	  0.000486	     -1.00	     43.92	    662.88	      2.78	      2.33	     48.68	     40.71	18.60	 7.971e-05	      5.91	0	Gaussian	292.146657	43.923855
794	1	  0.001477	  0.000420	     -1.00	    372.65	    270.51	      3.50	      2.58	     61.20	     45.23	-11.32	 6.501e-05	      5.91	0	Gaussian	289.714319	45.505899
795	1	  0.001461	  0.000374	     -1.00	    176.94	    186.43	      3.90	      2.54	     68.35	     44.37	-15.00	 3.788e-05	      5.91	0	Gaussian	290.888930	46.031159
796	1	  0.001468	  0.000196	     -1.00	     12.02	     50.70	      5.65	      3.16	     98.86	     55.27	5.43	 7.183e-05	      5.91	0	Gaussian	291.845553	46.764488
797	1	  0.001453	  0.000307	     -1.00	     56.14	    691.70	      3.95	      3.16	     69.15	     55.25	-11.08	 3.658e-05	      5.91	0	Gaussian	292.092818	43.783534
798	1	  0.001477	  0.000360	     -1.00	     37.79	    714.74	      3.84	      2.62	     67.21	     45.86	-12.41	 1.008e-04	      5.92	0	Gaussian	292.226229	43.687854
799	1	  0.001508	  0.000395	     -1.00	    516.13	    548.42	      3.53	      2.63	     61.87	     46.00	-14.33	 1.694e-04	      5.92	0	Gaussian	289.095623	44.130964
800	1	  0.001462	  0.000363	     -1.00	    720.39	    137.48	      3.91	      2.49	     68.48	     43.63	-13.47	 5.743e-05	      5.92	0	Gaussian	287.372930	45.826947
801	1	  0.001455	  0.000313	     -1.00	     14.30	    715.36	      4.10	      2.75	     71.68	     48.10	-3.69	 3.517e-05	      5.92	0	Gaussian	292.374202	43.698583
802	1	  0.001457	  0.000308	     -1.00	     16.10	    728.59	      4.21	      2.66	     73.74	     46.52	-31.24	 4.569e-05	      5.92	0	Gaussian	292.373146	43.636408
803	1	  0.001489	  0.000452	     -1.00	    728.87	    343.71	      3.32	      2.53	     58.07	     44.30	-9.05	 1.257e-04	      5.92	0	Gaussian	287.559115	44.889167
804	1	  0.001461	  0.000398	     -1.00	    314.82	    159.62	      3.47	      2.78	     60.71	     48.73	-21.13	 3.187e-05	      5.93	0	Gaussian	289.973797	46.054937
805	1	  0.001472	  0.000420	     -1.00	    611.43	     31.65	      3.05	      2.30	     53.41	     40.34	-52.84	 8.600e-05	      5.93	0	Gaussian	287.938642	46.398733
806	1	  0.001456	  0.000368	     -1.00	    794.48	    257.86	      3.23	      2.96	     56.62	     51.75	-53.66	 4.034e-05	      5.93	0	Gaussian	287.053378	45.219636
807	1	  0.001498	  0.000418	     -1.00	    601.80	    275.46	      3.41	      2.58	     59.75	     45.23	-27.98	 7.310e-05	      5.93	0	Gaussian	288.273254	45.303925
808	1	  0.001474	  0.000330	     -1.00	    517.70	    439.59	      4.37	      2.56	     76.41	     44.85	-12.25	 5.109e-05	      5.94	0	Gaussian	288.973910	44.625357
809	1	  0.001482	  0.000327	     -1.00	    490.34	    259.35	      3.88	      2.72	     67.98	     47.60	-26.25	 9.688e-05	      5.94	0	Gaussian	288.957043	45.466518
810	1	  0.001455	  0.000355	     -1.00	    610.67	    332.81	      3.73	      2.86	     65.28	     50.12	-17.05	 2.963e-05	      5.94	0	Gaussian	288.280804	45.036741
811	1	  0.001473	  0.000405	     -1.00	    536.15	    138.39	      3.74	      2.48	     65.51	     43.48	-19.99	 8.031e-05	      5.94	0	Gaussian	288.536960	45.978879
812	1	  0.001457	  0.000344	     -1.00	    447.07	    320.00	      3.70	      3.02	     64.71	     52.88	-26.05	 2.615e-05	      5.94	0	Gaussian	289.293163	45.224086
813	1	  0.001453	  0.000318	     -1.00	    220.25	     88.57	      3.90	      2.94	     68.21	     51.46	-15.49	 4.343e-05	      5.94	0	Gaussian	290.516191	46.448457
814	1	  0.001466	  0.000395	     -1.00	    777.31	    192.24	      3.56	      2.57	     62.38	     44.97	-23.41	 6.408e-05	      5.95	0	Gaussian	287.081974	45.530210
815	1	  0.001465	  0.000281	     -1.00	    343.35	    675.41	      4.21	      2.79	     73.63	     48.88	-0.94	 4.264e-05	      5.95	0	Gaussian	290.288005	43.675029
816	1	  0.001495	  0.000430	     -1.00	    141.36	    413.52	      3.34	      2.51	     58.46	     43.98	-21.33	 1.763e-04	      5.95	0	Gaussian	291.321153	45.012574
817	1	  0.001448	  0.000284	     -1.00	    686.13	    360.49	      4.59	      2.28	     80.35	     39.91	-8.60	 3.592e-05	      5.95	0	Gaussian	287.842578	44.849225
818	1	  0.001450	  0.000238	     -1.00	     43.21	    576.53	      4.41	      3.15	     77.16	     55.13	-10.03	 2.527e-05	      5.95	0	Gaussian	292.081875	44.322975
819	1	  0.001462	  0.000340	     -1.00	    512.30	    728.79	      3.80	      2.71	     66.43	     47.52	-6.92	 5.728e-05	      5.95	0	Gaussian	289.300565	43.311417
820	1	  0.001464	  0.000316	     -1.00	    776.43	    236.74	      3.88	      2.87	     67.93	     50.15	-5.51	 5.516e-05	      5.96	0	Gaussian	287.140255	45.330612
821	1	  0.001488	  0.000413	     -1.00	    568.58	    607.67	      3.33	      2.62	     58.25	     45.93	-20.31	 1.034e-04	      5.96	0	Gaussian	288.833484	43.821362
822	1	  0.001462	  0.000344	     -1.00	    395.36	    220.56	      3.81	      2.63	     66.76	     46.10	-19.72	 2.874e-05	      5.96	0	Gaussian	289.519407	45.716552
823	1	  0.001451	  0.000280	     -1.00	     63.33	    736.87	      4.41	      3.02	     77.13	     52.82	-7.87	 5.542e-05	      5.97	0	Gaussian	292.083758	43.570671
824	1	  0.001498	  0.000433	     -1.00	     96.10	    247.54	      3.21	      2.56	     56.17	     44.85	-18.74	 1.259e-04	      5.97	0	Gaussian	291.466943	45.805174
825	1	  0.001451	  0.000364	     -1.00	     38.96	    412.72	      3.73	      2.75	     65.26	     48.12	-10.52	 2.895e-05	      5.97	0	Gaussian	291.975357	45.081259
826	1	  0.001488	  0.000239	     -1.00	    245.93	    659.52	      5.87	      2.50	    102.77	     43.72	5.84	 1.688e-04	      5.97	0	Gaussian	290.878527	43.813324
827	1	  0.001470	  0.000356	     -1.00	    511.65	    479.94	      3.50	      2.71	     61.32	     47.43	-20.96	 8.309e-05	      5.98	0	Gaussian	289.053239	44.446290
828	1	  0.001453	  0.000309	     -1.00	    191.75	    168.24	      3.80	      3.05	     66.47	     53.41	-13.96	 3.423e-05	      5.98	0	Gaussian	290.776216	46.104152
829	1	  0.001454	  0.000379	     -1.00	    185.15	     80.46	      3.58	      2.68	     62.67	     46.86	-5.94	 4.934e-05	      5.98	0	Gaussian	290.736956	46.510581
830	1	  0.001493	  0.000374	     -1.00	    725.22	    611.26	      3.71	      2.35	     64.98	     41.09	-7.09	 1.266e-04	      5.98	0	Gaussian	287.881116	43.681944
831	1	  0.001451	  0.000290	     -1.00	     63.16	    454.52	      4.29	      2.50	     75.14	     43.70	-32.49	 3.607e-05	      5.98	0	Gaussian	291.855085	44.873587
832	1	  0.001452	  0.000305	     -1.00	    643.85	    754.18	      4.07	      2.93	     71.20	     51.33	6.59	 5.052e-05	      5.99	0	Gaussian	288.527042	43.097479
833	1	  0.001450	  0.000352	     -1.00	    287.11	    576.46	      3.70	      2.77	     64.70	     48.57	-13.44	 3.565e-05	      5.99	0	Gaussian	290.546612	44.167119
834	1	  0.001478	  0.000402	     -1.00	    628.54	    617.57	      3.65	      2.73	     63.83	     47.76	-12.74	 6.287e-05	      5.99	0	Gaussian	288.476789	43.730079
835	1	  0.001487	  0.000378	     -1.00	    664.32	    671.40	      3.51	      2.57	     61.47	     44.93	-9.34	 1.013e-04	      6.00	0	Gaussian	288.315897	43.457654
836	1	  0.001475	  0.000428	     -1.00	    449.38	    712.98	      3.17	      2.29	     55.42	     40.08	17.88	 6.460e-05	      6.00	0	Gaussian	289.670209	43.428993
837	1	  0.001459	  0.000276	     -1.00	    228.62	    200.47	      3.79	      3.31	     66.27	     57.87	-38.98	 7.071e-05	      6.00	0	Gaussian	290.568251	45.930682
838	1	  0.001478	  0.000352	     -1.00	    752.86	    768.10	      3.47	      2.86	     60.67	     49.98	-8.16	 7.079e-05	      6.00	0	Gaussian	287.885351	42.949343
839	1	  0.001481	  0.000363	     -1.00	    283.05	    200.83	      3.02	      2.80	     52.89	     48.97	-23.00	 9.726e-05	      6.00	0	Gaussian	290.218365	45.890063
840	1	  0.001460	  0.000331	     -1.00	    166.48	     47.96	      3.53	      3.10	     61.70	     54.18	-6.90	 5.098e-05	      6.00	0	Gaussian	290.828380	46.672442
841	1	  0.001476	  0.000380	     -1.00	    711.63	    286.67	      3.25	      2.78	     56.94	     48.65	-18.84	 4.377e-05	      6.00	0	Gaussian	287.600712	45.161443
842	1	  0.001524	  0.000393	     -1.00	    690.81	    172.44	      3.46	      2.51	     60.51	     43.88	-24.70	 2.139e-04	      6.00	0	Gaussian	287.599217	45.695018
843	1	  0.001448	  0.000351	     -1.00	    630.76	    590.28	      3.04	      2.90	     53.20	     50.84	-50.31	 3.551e-05	      6.00	0	Gaussian	288.434291	43.852327
844	1	  0.001473	  0.000418	     -1.00	    618.55	    449.44	      2.97	      2.32	     52.05	     40.53	-74.15	 4.573e-05	      6.01	0	Gaussian	288.358597	44.501404
845	1	  0.001471	  0.000411	     -1.00	    712.49	    269.74	      3.00	      2.35	     52.43	     41.22	-81.91	 4.455e-05	      6.01	0	Gaussian	287.575943	45.237193
846	1	  0.001475	  0.000394	     -1.00	    555.99	    559.57	      3.51	      2.55	     61.40	     44.71	-24.03	 7.952e-05	      6.01	0	Gaussian	288.861130	44.049879
847	1	  0.001460	  0.000367	     -1.00	    275.19	    251.18	      3.50	      2.77	     61.20	     48.41	-17.81	 4.431e-05	      6.01	0	Gaussian	290.317295	45.665527
848	1	  0.001487	  0.000295	     -1.00	    273.88	    299.32	      4.10	      2.76	     71.75	     48.35	-6.40	 1.009e-04	      6.01	0	Gaussian	290.371597	45.446227
849	1	  0.001468	  0.000328	     -1.00	    169.36	    160.03	      3.76	      2.50	     65.83	     43.77	-17.75	 6.413e-05	      6.01	0	Gaussian	290.913746	46.157325
850	1	  0.001453	  0.000271	     -1.00	    296.36	    416.23	      4.26	      2.68	     74.48	     46.86	-6.26	 3.786e-05	      6.02	0	Gaussian	290.339489	44.895113
851	1	  0.001487	  0.000305	     -1.00	    762.42	    284.63	      3.97	      2.50	     69.51	     43.69	-10.25	 6.987e-05	      6.02	0	Gaussian	287.283322	45.127020
852	1	  0.001491	  0.000414	     -1.00	    656.08	    103.36	      3.25	      2.57	     56.80	     44.99	-20.98	 7.712e-05	      6.02	0	Gaussian	287.737935	46.036696
853	1	  0.001455	  0.000283	     -1.00	    647.31	    136.97	      3.57	      3.39	     62.45	     59.35	-27.40	 3.167e-05	      6.02	0	Gaussian	287.831889	45.892422
854	1	  0.001460	  0.000277	     -1.00	    680.43	    472.79	      3.99	      2.92	     69.88	     51.14	-10.92	 4.545e-05	      6.02	0	Gaussian	288.002565	44.345522
855	1	  0.001483	  0.000421	     -1.00	    655.05	    195.26	      3.17	      2.55	     55.49	     44.70	-7.54	 7.203e-05	      6.02	0	Gaussian	287.849708	45.622512
856	1	  0.001451	  0.000276	     -1.00	    146.05	    443.07	      4.06	      3.14	     71.06	     55.05	-26.24	 4.854e-05	      6.03	0	Gaussian	291.317036	44.873620
857	1	  0.001469	  0.000401	     -1.00	    351.42	     10.35	      3.05	      2.10	     53.39	     36.84	-49.41	 5.954e-05	      6.03	0	Gaussian	289.586622	46.707288
858	1	  0.001450	  0.000304	     -1.00	    267.23	     43.88	      3.58	      3.15	     62.60	     55.22	-27.22	 4.005e-05	      6.03	0	Gaussian	290.167271	46.618277
859	1	  0.001469	  0.000339	     -1.00	    269.69	     13.78	      3.71	      2.67	     65.02	     46.74	-21.90	 5.636e-05	      6.03	0	Gaussian	290.121505	46.753732
860	1	  0.001468	  0.000392	     -1.00	    576.79	    488.55	      3.43	      2.57	     59.98	     44.99	-18.51	 5.605e-05	      6.03	0	Gaussian	288.658520	44.356800
861	1	  0.001477	  0.000427	     -1.00	    651.71	     51.26	      2.94	      2.20	     51.42	     38.43	-27.71	 5.566e-05	      6.03	0	Gaussian	287.705355	46.275522
862	1	  0.001469	  0.000293	     -1.00	    166.06	    315.71	      4.17	      2.42	     72.96	     42.42	-26.49	 3.878e-05	      6.03	0	Gaussian	291.076562	45.445591
863	1	  0.001459	  0.000306	     -1.00	     83.14	    358.64	      3.98	      2.79	     69.71	     48.80	-10.44	 4.713e-05	      6.04	0	Gaussian	291.646428	45.302632
864	1	  0.001517	  0.000380	     -1.00	    389.95	    726.17	      3.61	      2.38	     63.19	     41.63	-13.10	 8.197e-05	      6.04	0	Gaussian	290.047892	43.410409
865	1	  0.001473	  0.000331	     -1.00	    258.50	    106.51	      3.09	      2.81	     54.05	     49.24	-59.75	 6.979e-05	      6.04	0	Gaussian	290.285228	46.338805
866	1	  0.001478	  0.000251	     -1.00	    779.20	    110.80	      3.66	      2.94	     63.98	     51.54	-78.82	 7.249e-05	      6.04	0	Gaussian	286.972692	45.894879
867	1	  0.001476	  0.000355	     -1.00	    150.93	     41.73	      3.65	      2.63	     63.94	     46.12	-12.57	 1.810e-04	      6.04	0	Gaussian	290.924395	46.711867
868	1	  0.001463	  0.000330	     -1.00	    162.76	    782.63	      3.70	      2.69	     64.84	     47.11	-16.35	 6.109e-05	      6.04	0	Gaussian	291.501642	43.299708
869	1	  0.001454	  0.000392	     -1.00	    579.49	     71.20	      3.08	      2.07	     53.88	     36.24	-38.43	 3.601e-05	      6.05	0	Gaussian	288.186860	46.247149
870	1	  0.001486	  0.000425	     -1.00	    527.07	    355.30	      3.25	      2.44	     56.81	     42.76	-11.55	 8.621e-05	      6.05	0	Gaussian	288.827252	45.001470
871	1	  0.001460	  0.000366	     -1.00	    479.95	    130.18	      3.34	      2.78	     58.52	     48.70	-13.11	 2.920e-05	      6.05	0	Gaussian	288.885773	46.061607
872	1	  0.001467	  0.000294	     -1.00	    281.79	    440.61	      3.77	      2.97	     65.91	     52.00	-14.78	 5.457e-05	      6.05	0	Gaussian	290.454419	44.793618
873	1	  0.001454	  0.000274	     -1.00	    698.18	    464.66	      3.91	      3.20	     68.36	     56.09	-33.27	 4.113e-05	      6.05	0	Gaussian	287.884490	44.367826
874	1	  0.001456	  0.000364	     -1.00	    629.65	    143.84	      3.08	      2.53	     53.91	     44.31	-32.80	 3.086e-05	      6.06	0	Gaussian	287.951149	45.876408
875	1	  0.001480	  0.000312	     -1.00	    352.27	    708.58	      4.05	      2.20	     70.83	     38.50	-17.64	 1.000e-04	      6.06	0	Gaussian	290.263640	43.516913
876	1	  0.001462	  0.000359	     -1.00	    283.36	    619.41	      3.72	      2.38	     65.05	     41.60	-12.23	 3.899e-05	      6.06	0	Gaussian	290.609263	43.972624
877	1	  0.001491	  0.000400	     -1.00	    671.02	     32.13	      3.15	      2.59	     55.17	     45.35	-3.81	 7.907e-05	      6.06	0	Gaussian	287.560613	46.344944
878	1	  0.001476	  0.000325	     -1.00	    179.66	    642.89	      3.70	      2.57	     64.74	     45.01	-9.30	 1.509e-04	      6.07	0	Gaussian	291.277873	43.932631
879	1	  0.001473	  0.000299	     -1.00	     28.52	    591.37	      4.35	      2.55	     76.07	     44.66	-20.05	 6.273e-05	      6.07	0	Gaussian	292.186883	44.263213
880	1	  0.001479	  0.000301	     -1.00	    603.13	    711.41	      3.28	      3.09	     57.44	     54.03	16.90	 8.765e-05	      6.07	0	Gaussian	288.729566	43.323003
881	1	  0.001454	  0.000262	     -1.00	     17.19	    300.28	      4.16	      2.88	     72.80	     50.46	0.75	 3.190e-05	      6.08	0	Gaussian	292.022561	45.612975
882	1	  0.001452	  0.000359	     -1.00	    105.54	    154.61	      2.98	      2.75	     52.21	     48.10	-38.86	 3.803e-05	      6.08	0	Gaussian	291.323582	46.225671
883	1	  0.001450	  0.000288	     -1.00	    204.81	    615.40	      3.77	      3.00	     65.90	     52.49	-24.45	 4.953e-05	      6.08	0	Gaussian	291.096535	44.042962
884	1	  0.001491	  0.000359	     -1.00	    681.76	     56.97	      3.04	      2.75	     53.25	     48.20	-12.75	 1.020e-04	      6.08	0	Gaussian	287.521690	46.223621
885	1	  0.001461	  0.000247	     -1.00	    199.94	    308.60	      4.92	      2.60	     86.04	     45.56	8.08	 4.512e-05	      6.09	0	Gaussian	290.852993	45.455230
886	1	  0.001460	  0.000391	     -1.00	    385.85	    706.16	      3.21	      2.67	     56.17	     46.76	-20.86	 4.339e-05	      6.09	0	Gaussian	290.054284	43.504859
887	1	  0.001447	  0.000351	     -1.00	    166.46	    643.63	      3.13	      2.30	     54.86	     40.27	-88.25	 2.924e-05	      6.10	0	Gaussian	291.361207	43.937624
888	1	  0.001468	  0.000290	     -1.00	    610.30	    716.47	      3.93	      2.57	     68.78	     45.07	-26.96	 6.402e-05	      6.10	0	Gaussian	288.691228	43.294516
889	1	  0.001468	  0.000393	     -1.00	    609.44	    632.61	      2.98	      2.12	     52.08	     37.05	-56.82	 5.524e-05	      6.10	0	Gaussian	288.609260	43.676557
890	1	  0.001474	  0.000299	     -1.00	    661.59	    266.95	      4.08	      2.87	     71.37	     50.15	4.84	 5.803e-05	      6.11	0	Gaussian	287.889911	45.292884
891	1	  0.001513	  0.000358	     -1.00	    445.95	    127.29	      3.69	      2.13	     64.55	     37.28	-12.43	 1.031e-04	      6.11	0	Gaussian	289.099821	46.101762
892	1	  0.001456	  0.000261	     -1.00	    525.64	    584.09	      3.93	      2.99	     68.81	     52.29	-22.64	 5.315e-05	      6.12	0	Gaussian	289.073267	43.961266
893	1	  0.001478	  0.000365	     -1.00	    102.77	     78.96	      2.88	      2.33	     50.37	     40.72	-1.74	 8.223e-05	      6.12	0	Gaussian	291.273925	46.574556
894	1	  0.001485	  0.000381	     -1.00	    175.64	    117.35	      2.95	      2.20	     51.60	     38.49	-66.52	 1.315e-04	      6.13	0	Gaussian	290.833390	46.348447
895	1	  0.001458	  0.000249	     -1.00	    515.99	    102.26	      3.93	      3.28	     68.76	     57.34	-3.33	 3.955e-05	      6.14	0	Gaussian	288.625755	46.159092
896	1	  0.001493	  0.000304	     -1.00	    584.34	    109.32	      3.55	      2.69	     62.07	     47.15	-15.29	 2.443e-04	      6.14	0	Gaussian	288.198860	46.070650
897	1	  0.001470	  0.000339	     -1.00	    650.72	    203.65	      3.43	      2.64	     60.04	     46.26	-14.81	 6.423e-05	      6.15	0	Gaussian	287.886359	45.588250
898	1	  0.001465	  0.000349	     -1.00	    692.76	    183.50	      3.25	      2.71	     56.87	     47.35	-12.91	 5.750e-05	      6.15	0	Gaussian	287.599748	45.643426
899	1	  0.001485	  0.000304	     -1.00	    756.85	    286.43	      3.59	      2.73	     62.85	     47.73	-36.29	 6.486e-05	      6.15	0	Gaussian	287.319889	45.123740
900	1	  0.001453	  0.000313	     -1.00	    781.31	    576.64	      3.54	      2.79	     62.03	     48.86	-17.47	 3.944e-05	      6.15	0	Gaussian	287.502295	43.792609
901	1	  0.001469	  0.000320	     -1.00	    291.30	    514.84	      3.72	      2.46	     65.03	     43.08	-19.42	 9.049e-05	      6.15	0	Gaussian	290.463581	44.446795
902	1	  0.001472	  0.000272	     -1.00	    352.03	    661.27	      3.98	      2.62	     69.67	     45.87	-12.29	 6.466e-05	      6.16	0	Gaussian	290.221106	43.733889
903	1	  0.001466	  0.000347	     -1.00	    594.62	    365.78	      2.79	      2.59	     48.90	     45.26	-47.78	 6.130e-05	      6.17	0	Gaussian	288.416679	44.900197
904	1	  0.001490	  0.000386	     -1.00	    448.99	    169.34	      3.23	      2.40	     56.57	     42.08	-17.00	 7.981e-05	      6.17	0	Gaussian	289.124667	45.908196
905	1	  0.001474	  0.000397	     -1.00	    725.60	    144.49	      2.82	      2.32	     49.42	     40.69	-55.60	 6.007e-05	      6.18	0	Gaussian	287.348510	45.790818
906	1	  0.001466	  0.000237	     -1.00	    579.98	    507.09	      3.97	      3.14	     69.50	     54.92	-28.99	 3.758e-05	      6.18	0	Gaussian	288.658390	44.270029
907	1	  0.001476	  0.000342	     -1.00	    131.40	    444.32	      3.04	      2.19	     53.19	     38.34	80.69	 8.801e-05	      6.18	0	Gaussian	291.411336	44.877365
908	1	  0.001448	  0.000329	     -1.00	    216.58	    117.81	      3.18	      2.04	     55.59	     35.69	-45.56	 4.456e-05	      6.18	0	Gaussian	290.567894	46.317440
909	1	  0.001494	  0.000346	     -1.00	    643.54	    349.33	      2.89	      2.55	     50.66	     44.63	-74.84	 1.237e-04	      6.18	0	Gaussian	288.094325	44.934994
910	1	  0.001480	  0.000341	     -1.00	    353.08	    259.70	      3.54	      2.41	     61.89	     42.19	-8.27	 8.713e-05	      6.18	0	Gaussian	289.828078	45.569807
911	1	  0.001454	  0.000332	     -1.00	    243.58	     38.55	      2.92	      2.71	     51.05	     47.43	-31.08	 3.969e-05	      6.18	0	Gaussian	290.316008	46.660012
912	1	  0.001476	  0.000308	     -1.00	    137.35	    452.63	      3.79	      2.32	     66.38	     40.55	-17.73	 6.780e-05	      6.18	0	Gaussian	291.380714	44.835298
913	1	  0.001463	  0.000258	     -1.00	    633.34	    603.25	      3.77	      2.95	     66.01	     51.70	-1.04	 3.975e-05	      6.18	0	Gaussian	288.432251	43.791390
914	1	  0.001458	  0.000315	     -1.00	    225.66	     66.21	      3.08	      2.59	     53.88	     45.28	-79.88	 4.632e-05	      6.19	0	Gaussian	290.459538	46.546738
915	1	  0.001468	  0.000232	     -1.00	    627.13	     53.33	      4.10	      3.00	     71.72	     52.56	-23.58	 9.034e-05	      6.19	0	Gaussian	287.863740	46.287381
916	1	  0.001462	  0.000272	     -1.00	     76.43	     17.60	      3.82	      2.75	     66.77	     48.05	-7.69	 5.642e-05	      6.19	0	Gaussian	291.391782	46.873642
917	1	  0.001489	  0.000329	     -1.00	     12.68	    750.52	      3.58	      2.39	     62.60	     41.80	-30.22	 8.539e-05	      6.19	0	Gaussian	292.411570	43.536927
918	1	  0.001445	  0.000341	     -1.00	    576.65	    562.12	      3.12	      1.99	     54.65	     34.89	-75.68	 4.441e-05	      6.19	0	Gaussian	288.736621	44.022402
919	1	  0.001483	  0.000405	     -1.00	    610.09	    201.47	      2.96	      2.38	     51.73	     41.71	-8.14	 5.408e-05	      6.19	0	Gaussian	288.139253	45.632183
920	1	  0.001478	  0.000306	     -1.00	    257.28	     99.59	      3.72	      2.44	     65.19	     42.74	-28.94	 7.828e-05	      6.20	0	Gaussian	290.286435	46.371325
921	1	  0.001471	  0.000297	     -1.00	    693.05	    712.91	      3.15	      2.49	     55.20	     43.53	53.09	 5.569e-05	      6.20	0	Gaussian	288.186110	43.246780
922	1	  0.001462	  0.000334	     -1.00	    170.55	    171.59	      3.08	      2.07	     53.95	     36.25	-56.31	 4.192e-05	      6.20	0	Gaussian	290.916678	46.103560
923	1	  0.001449	  0.000339	     -1.00	    398.62	     11.47	      3.06	      2.27	     53.56	     39.74	-56.84	 3.356e-05	      6.21	0	Gaussian	289.282079	46.665342
924	1	  0.001478	  0.000317	     -1.00	    310.56	    100.84	      3.24	      2.76	     56.70	     48.23	-39.17	 1.094e-04	      6.21	0	Gaussian	289.942882	46.326229
925	1	  0.001516	  0.000428	     -1.00	    293.30	    670.53	      2.72	      1.83	     47.53	     32.07	-51.27	 1.746e-04	      6.22	0	Gaussian	290.593825	43.731335
926	1	  0.001493	  0.000345	     -1.00	    672.97	     49.86	      2.63	      2.47	     46.03	     43.28	-31.72	 8.548e-05	      6.22	0	Gaussian	287.568998	46.263352
927	1	  0.001464	  0.000344	     -1.00	    726.59	     62.41	      2.94	      2.42	     51.48	     42.39	-28.14	 4.390e-05	      6.22	0	Gaussian	287.245083	46.159542
928	1	  0.001471	  0.000291	     -1.00	    555.09	    311.71	      3.38	      2.81	     59.20	     49.13	-10.43	 3.973e-05	      6.25	0	Gaussian	288.605341	45.177320
929	1	  0.001477	  0.000278	     -1.00	    339.79	    276.53	      3.79	      2.52	     66.40	     44.03	-3.70	 6.749e-05	      6.25	0	Gaussian	289.929331	45.502764
930	1	  0.001463	  0.000331	     -1.00	    456.53	    609.32	      2.97	      2.36	     51.99	     41.31	-77.51	 5.295e-05	      6.25	0	Gaussian	289.524920	43.897379
931	1	  0.001473	  0.000276	     -1.00	    177.17	    250.43	      3.75	      2.57	     65.61	     45.05	-25.76	 5.067e-05	      6.26	0	Gaussian	290.946082	45.737613
932	1	  0.001476	  0.000287	     -1.00	    616.37	    113.38	      3.70	      2.46	     64.68	     42.99	-7.42	 4.900e-05	      6.26	0	Gaussian	288.000516	46.025322
933	1	  0.001499	  0.000273	     -1.00	    659.56	     38.57	      4.07	      2.44	     71.22	     42.66	11.21	 8.026e-05	      6.26	0	Gaussian	287.640774	46.325917
934	1	  0.001462	  0.000289	     -1.00	    682.50	    554.08	      3.07	      2.65	     53.80	     46.33	-79.51	 4.594e-05	      6.26	0	Gaussian	288.078930	43.975465
935	1	  0.001461	  0.000364	     -1.00	    646.41	    670.26	      2.83	      2.34	     49.47	     41.04	-2.04	 9.135e-05	      6.29	0	Gaussian	288.423498	43.476833
936	1	  0.001458	  0.000301	     -1.00	     67.61	    319.49	      3.11	      2.07	     54.39	     36.15	-65.06	 4.143e-05	      6.30	0	Gaussian	291.712975	45.492722
937	1	  0.001451	  0.000301	     -1.00	    278.57	    158.63	      3.13	      2.01	     54.77	     35.12	-57.87	 4.642e-05	      6.30	0	Gaussian	290.206193	46.086105
938	1	  0.001539	  0.000334	     -1.00	    348.66	    231.19	      2.68	      2.48	     46.88	     43.34	-36.95	 2.719e-04	      6.31	0	Gaussian	289.827970	45.703173
939	1	  0.001467	  0.000359	     -1.00	    650.37	     14.46	      2.84	      2.19	     49.73	     38.37	-74.13	 6.917e-05	      6.31	0	Gaussian	287.671046	46.442635
940	1	  0.001462	  0.000298	     -1.00	    747.49	    679.71	      3.02	      2.40	     52.91	     42.05	-52.17	 6.857e-05	      6.32	0	Gaussian	287.821366	43.353980
941	1	  0.001488	  0.000307	     -1.00	    391.57	    199.22	      2.99	      2.00	     52.31	     34.98	-81.34	 8.611e-05	      6.34	0	Gaussian	289.521818	45.816664
942	1	  0.001499	  0.000358	     -1.00	    544.87	    508.43	      2.99	      2.32	     52.32	     40.59	-21.03	 9.900e-05	      6.36	0	Gaussian	288.876721	44.291154
943	1	  0.001517	  0.000380	     -1.00	    665.54	     95.23	      2.15	      2.05	     37.71	     35.94	-54.67	 3.324e-04	      6.36	0	Gaussian	287.668829	46.065187
944	1	  0.001528	  0.000408	     -1.00	    778.07	    184.46	      2.47	      2.12	     43.29	     37.08	-4.32	 3.917e-04	      6.38	0	Gaussian	287.068009	45.564525
945	1	  0.001486	  0.000304	     -1.00	    744.49	     53.60	      2.87	      2.28	     50.20	     39.83	-57.69	 1.259e-04	      6.41	0	Gaussian	287.121782	46.183195
946	1	  0.001500	  0.000249	     -1.00	    566.46	    157.52	      3.46	      2.61	     60.53	     45.74	-16.13	 1.194e-04	      6.41	0	Gaussian	288.365800	45.867321
947	1	  0.001460	  0.000272	     -1.00	    452.42	    192.22	      2.99	      2.55	     52.33	     44.59	-29.32	 4.822e-05	      6.42	0	Gaussian	289.126857	45.801496
948	1	  0.001514	  0.000436	     -1.00	    346.28	    553.39	      4.96	      3.02	     86.88	     52.93	67.93	 3.107e-04	      6.44	0	Gaussian	290.155506	44.231965
949	1	  0.001468	  0.000263	     -1.00	    530.41	    384.76	      3.02	      2.27	     52.80	     39.70	86.67	 4.765e-05	      6.46	0	Gaussian	288.837368	44.864933
950	1	  0.001515	  0.000357	     -1.00	    184.01	    379.57	      2.79	      2.17	     48.87	     37.99	-8.02	 2.728e-04	      6.48	0	Gaussian	291.019077	45.140344
951	1	  0.001473	  0.000258	     -1.00	    531.74	    460.14	      2.99	      2.10	     52.29	     36.73	-67.71	 8.397e-05	      6.53	0	Gaussian	288.907978	44.521013
952	1	  0.001516	  0.000339	     -1.00	     50.81	    214.95	      2.64	      2.05	     46.13	     35.94	-14.71	 3.192e-04	      6.55	0	Gaussian	291.732516	45.984470
953	1	  0.001479	  0.000232	     -1.00	    494.56	     74.05	      3.04	      2.18	     53.24	     38.22	-44.81	 7.160e-05	      6.55	0	Gaussian	288.731905	46.304463
954	1	  0.001511	  0.000334	     -1.00	    671.21	    668.70	      2.49	      2.15	     43.58	     37.61	82.89	 1.843e-04	      6.56	0	Gaussian	288.271185	43.464534
955	1	  0.001506	  0.000337	     -1.00	    139.84	    215.02	      2.54	      1.13	     44.47	     19.86	-3.52	 2.308e-04	      6.68	0	Gaussian	291.155046	45.925418
956	1	  0.001589	  0.000314	     -1.00	    206.11	    741.95	      3.16	      1.74	     55.29	     30.49	45.38	 1.039e-03	      6.74	0	Gaussian	291.198148	43.459973
957	1	  0.001490	  0.000288	     -1.00	     61.72	    569.17	      2.81	      1.95	     49.20	     34.04	-17.70	 1.814e-04	      6.77	0	Gaussian	291.958707	44.345766
958	1	  0.001621	  0.000757	     -1.00	    155.78	    518.06	      2.11	      1.87	     36.98	     32.73	-3.96	 2.820e-04	      7.76	0	Gaussian	291.320455	44.522400
959	1	  0.001530	  0.000358	     -1.00	    595.40	    280.09	      1.64	      1.54	     28.74	     27.00	-9.65	 2.067e-04	      8.06	0	Gaussian	288.318458	45.288177
960	1	  0.001520	  0.000410	     -1.00	    699.65	     24.89	      2.45	      1.59	     42.82	     27.82	77.25	 3.181e-04	      8.20	0	Gaussian	287.370627	46.352346
961	1	  0.001603	  0.000676	     -1.00	    403.55	     40.55	      3.17	      1.64	     55.45	     28.67	5.08	 6.735e-04	    999.00	0	Gaussian	289.280832	46.529353
962	1	  0.001618	  0.000513	     -1.00	    305.18	    478.96	      2.10	      1.84	     36.83	     32.29	-26.83	 2.681e-04	    999.00	0	Gaussian	290.342887	44.601611
963	1	  0.001576	  0.000332	     -1.00	    682.79	    173.27	      3.50	      1.49	     61.30	     26.03	-23.79	 4.524e-04	    999.00	0	Gaussian	287.650438	45.698155
