# 1073 stars found using the following parameters:
# sigma=1.00 roundness=0.10 radius=5 relax=1 profile=0 minbeta=1.5 max_stars=0 layer=1 minA=0.00 maxA=0.00 maxR=1.00
# star#	layer	B	A	beta	X	Y	FWHMx [px]	FWHMy [px]	FWHMx ["]	FWHMy ["]	angle	RMSE	mag	Sat	Profile	RA	Dec
1	1	  0.002529	  0.366761	     -1.00	     83.16	    290.46	      2.81	      2.68	     49.18	     46.97	10.81	 4.055e-03	     -1.24	0	Gaussian	296.069108	37.354004
2	1	  0.002076	  0.133600	     -1.00	     43.84	    565.83	      2.99	      2.91	     52.41	     50.85	-41.70	 1.490e-03	     -0.30	0	Gaussian	296.416105	36.090015
3	1	  0.002049	  0.133479	     -1.00	    456.99	    351.22	      2.86	      2.78	     50.06	     48.58	-32.62	 1.578e-03	     -0.20	0	Gaussian	293.951211	36.944091
4	1	  0.001936	  0.104816	     -1.00	    694.52	    485.86	      2.80	      2.79	     49.03	     48.87	-11.25	 1.399e-03	      0.08	0	Gaussian	292.695018	36.228009
5	1	  0.001901	  0.094956	     -1.00	    786.98	    101.98	      2.85	      2.78	     49.80	     48.69	-26.81	 1.183e-03	      0.17	0	Gaussian	291.901593	37.940567
6	1	  0.001796	  0.088952	     -1.00	    376.38	     46.27	      2.85	      2.75	     49.91	     48.10	14.00	 1.093e-03	      0.26	0	Gaussian	294.235813	38.383261
7	1	  0.002381	  0.093513	     -1.00	    107.33	      5.35	      2.76	      2.64	     48.35	     46.25	19.16	 1.615e-03	      0.28	0	Gaussian	295.793966	38.671153
8	1	  0.001821	  0.083877	     -1.00	    416.57	    773.45	      2.80	      2.50	     49.06	     43.83	-36.61	 1.055e-03	      0.44	0	Gaussian	294.419648	35.022204
9	1	  0.001843	  0.073383	     -1.00	    396.18	    723.34	      2.90	      2.64	     50.71	     46.14	-38.21	 9.189e-04	      0.49	0	Gaussian	294.505721	35.258404
10	1	  0.001801	  0.072902	     -1.00	    749.46	    467.42	      2.80	      2.59	     49.04	     45.34	-40.98	 9.922e-04	      0.56	0	Gaussian	292.375233	36.287646
11	1	  0.001765	  0.059376	     -1.00	    481.84	    726.59	      2.89	      2.57	     50.54	     45.07	-35.10	 7.311e-04	      0.75	0	Gaussian	294.030780	35.213391
12	1	  0.001911	  0.024074	     -1.00	    139.09	    215.93	      6.17	      2.96	    107.92	     51.74	-38.42	 1.850e-03	      0.76	0	Gaussian	295.709319	37.682507
13	1	  0.001759	  0.047176	     -1.00	     87.82	     81.79	      2.95	      2.86	     51.58	     50.01	-39.73	 6.628e-04	      0.86	0	Gaussian	295.945402	38.321831
14	1	  0.002308	  0.038609	     -1.00	    579.78	    541.61	      2.78	      2.57	     48.60	     45.00	-37.29	 2.370e-03	      1.26	0	Gaussian	293.373455	36.021586
15	1	  0.001609	  0.033262	     -1.00	    203.35	    526.62	      2.84	      2.77	     49.68	     48.50	-31.88	 3.979e-04	      1.32	0	Gaussian	295.490073	36.225158
16	1	  0.001568	  0.031774	     -1.00	     83.29	    149.94	      2.87	      2.86	     50.18	     50.12	71.81	 3.471e-04	      1.32	0	Gaussian	296.003842	38.006427
17	1	  0.001632	  0.032977	     -1.00	    186.71	     45.56	      2.89	      2.72	     50.61	     47.64	23.09	 4.797e-04	      1.33	0	Gaussian	295.346225	38.457455
18	1	  0.002003	  0.021439	     -1.00	    460.11	    626.12	      4.03	      2.92	     70.51	     51.10	50.20	 1.390e-03	      1.36	0	Gaussian	294.094235	35.680878
19	1	  0.001568	  0.029729	     -1.00	    324.17	    189.16	      2.83	      2.75	     49.58	     48.18	1.08	 3.301e-04	      1.45	0	Gaussian	294.621030	37.742492
20	1	  0.001674	  0.028012	     -1.00	    617.50	     19.88	      2.81	      2.80	     49.12	     49.04	5.78	 3.567e-04	      1.50	0	Gaussian	292.817598	38.400205
21	1	  0.001509	  0.014149	     -1.00	    655.23	    384.98	      5.03	      2.83	     88.02	     49.51	15.74	 3.723e-04	      1.60	0	Gaussian	292.848329	36.706577
22	1	  0.001683	  0.024200	     -1.00	    352.90	    793.99	      2.76	      2.76	     48.36	     48.29	18.30	 4.229e-04	      1.70	0	Gaussian	294.784423	34.949516
23	1	  0.001526	  0.022686	     -1.00	    172.92	    631.74	      2.84	      2.81	     49.76	     49.14	-29.33	 2.606e-04	      1.72	0	Gaussian	295.712765	35.749907
24	1	  0.001658	  0.023846	     -1.00	    728.87	    729.64	      2.76	      2.63	     48.27	     46.12	-31.92	 4.564e-04	      1.77	0	Gaussian	292.666766	35.102674
25	1	  0.001616	  0.022173	     -1.00	    652.17	    714.95	      2.84	      2.63	     49.64	     46.12	-34.62	 3.374e-04	      1.81	0	Gaussian	293.080031	35.201162
26	1	  0.001517	  0.019910	     -1.00	    763.42	    268.95	      2.84	      2.82	     49.65	     49.35	-27.73	 2.436e-04	      1.85	0	Gaussian	292.157071	37.187820
27	1	  0.001517	  0.019339	     -1.00	    305.42	    754.05	      2.86	      2.74	     50.05	     47.87	4.54	 2.528e-04	      1.91	0	Gaussian	295.028260	35.147594
28	1	  0.001555	  0.020616	     -1.00	    512.54	    616.54	      2.80	      2.63	     48.94	     46.10	-30.56	 2.811e-04	      1.91	0	Gaussian	293.795396	35.705178
29	1	  0.001635	  0.019940	     -1.00	     39.50	    704.37	      2.80	      2.69	     49.09	     47.08	-17.29	 3.350e-04	      1.93	0	Gaussian	296.498733	35.451735
30	1	  0.001715	  0.019434	     -1.00	     17.98	    273.43	      2.85	      2.65	     49.80	     46.37	18.34	 6.679e-04	      1.95	0	Gaussian	296.440247	37.451877
31	1	  0.001527	  0.018354	     -1.00	    783.86	    676.58	      2.97	      2.63	     52.01	     46.06	-39.99	 2.523e-04	      1.97	0	Gaussian	292.328417	35.320016
32	1	  0.001533	  0.017686	     -1.00	    605.95	    103.71	      2.81	      2.81	     49.21	     49.17	-37.50	 2.289e-04	      2.00	0	Gaussian	292.941162	38.019721
33	1	  0.001637	  0.016598	     -1.00	    170.01	    694.89	      2.95	      2.83	     51.66	     49.59	-12.80	 3.329e-04	      2.01	0	Gaussian	295.758584	35.460093
34	1	  0.001767	  0.016846	     -1.00	     26.33	    794.25	      2.86	      2.78	     50.00	     48.57	-40.80	 3.488e-04	      2.05	0	Gaussian	296.609692	35.041062
35	1	  0.001506	  0.015975	     -1.00	    585.72	    611.93	      2.82	      2.82	     49.33	     49.32	76.24	 2.053e-04	      2.10	0	Gaussian	293.384061	35.697730
36	1	  0.001488	  0.015629	     -1.00	    172.10	    611.78	      2.92	      2.77	     51.19	     48.57	-27.64	 1.706e-04	      2.11	0	Gaussian	295.708084	35.842100
37	1	  0.001475	  0.014580	     -1.00	    306.18	    341.90	      2.94	      2.88	     51.43	     50.36	23.37	 1.675e-04	      2.14	0	Gaussian	294.808268	37.043343
38	1	  0.001517	  0.015609	     -1.00	    290.61	    336.50	      2.81	      2.70	     49.19	     47.28	3.28	 1.955e-04	      2.18	0	Gaussian	294.894741	37.073718
39	1	  0.001510	  0.014781	     -1.00	    356.34	    731.11	      2.83	      2.81	     49.51	     49.17	-65.76	 1.869e-04	      2.19	0	Gaussian	294.732165	35.236223
40	1	  0.001560	  0.014952	     -1.00	    299.19	    732.44	      2.91	      2.66	     50.89	     46.52	-39.72	 2.020e-04	      2.20	0	Gaussian	295.052062	35.248607
41	1	  0.001470	  0.013463	     -1.00	    303.83	    649.30	      3.05	      2.72	     53.35	     47.56	-24.26	 1.620e-04	      2.25	0	Gaussian	294.983498	35.628668
42	1	  0.001598	  0.013023	     -1.00	    163.63	    241.89	      3.02	      2.82	     52.84	     49.34	21.37	 3.134e-04	      2.26	0	Gaussian	295.579310	37.554232
43	1	  0.001605	  0.011297	     -1.00	    380.20	    598.09	      3.20	      3.02	     56.05	     52.81	87.62	 3.066e-04	      2.27	0	Gaussian	294.526913	35.837993
44	1	  0.001593	  0.013322	     -1.00	    433.20	    421.07	      2.88	      2.86	     50.34	     49.98	-36.48	 3.204e-04	      2.27	0	Gaussian	294.127592	36.631975
45	1	  0.001476	  0.012899	     -1.00	     12.35	    311.98	      2.97	      2.80	     52.07	     48.97	21.59	 1.375e-04	      2.29	0	Gaussian	296.489434	37.274413
46	1	  0.001511	  0.013287	     -1.00	    190.85	    657.44	      2.93	      2.74	     51.30	     47.99	-14.35	 1.578e-04	      2.29	0	Gaussian	295.623671	35.626332
47	1	  0.001525	  0.014222	     -1.00	    337.56	    690.38	      2.81	      2.63	     49.21	     45.97	-44.10	 1.811e-04	      2.31	0	Gaussian	294.815668	35.429107
48	1	  0.001560	  0.013193	     -1.00	    268.57	    615.37	      2.82	      2.74	     49.32	     47.98	-18.38	 1.924e-04	      2.35	0	Gaussian	295.164708	35.795939
49	1	  0.001590	  0.012345	     -1.00	    514.83	    633.21	      2.98	      2.74	     52.11	     48.03	-47.65	 2.101e-04	      2.35	0	Gaussian	293.792498	35.628013
50	1	  0.001519	  0.011678	     -1.00	    427.98	    324.02	      2.91	      2.83	     51.01	     49.57	-12.72	 1.577e-04	      2.41	0	Gaussian	294.100763	37.080629
51	1	  0.001516	  0.011641	     -1.00	    187.27	    307.13	      2.89	      2.85	     50.52	     49.88	-9.55	 1.403e-04	      2.41	0	Gaussian	295.474603	37.244358
52	1	  0.001519	  0.012531	     -1.00	    774.29	    357.35	      2.78	      2.69	     48.61	     47.12	-27.64	 1.814e-04	      2.44	0	Gaussian	292.158829	36.778574
53	1	  0.001546	  0.011843	     -1.00	    131.71	    704.42	      2.87	      2.76	     50.25	     48.25	-7.41	 1.963e-04	      2.44	0	Gaussian	295.978630	35.427044
54	1	  0.001593	  0.012021	     -1.00	    145.54	    526.85	      2.81	      2.73	     49.23	     47.79	-33.83	 2.769e-04	      2.45	0	Gaussian	295.819218	36.241598
55	1	  0.001539	  0.012230	     -1.00	    211.29	    748.38	      2.81	      2.67	     49.20	     46.72	-23.12	 1.760e-04	      2.46	0	Gaussian	295.551860	35.202312
56	1	  0.001629	  0.010755	     -1.00	     79.15	    429.09	      2.88	      2.85	     50.34	     49.81	-47.79	 4.940e-04	      2.50	0	Gaussian	296.154610	36.712753
57	1	  0.001496	  0.009218	     -1.00	     82.18	    165.88	      3.31	      2.86	     57.94	     50.13	46.70	 1.735e-04	      2.51	0	Gaussian	296.017728	37.932683
58	1	  0.001530	  0.010698	     -1.00	    312.73	    667.18	      2.95	      2.72	     51.64	     47.65	-30.51	 1.628e-04	      2.53	0	Gaussian	294.942754	35.543653
59	1	  0.001495	  0.010225	     -1.00	    534.97	    410.27	      2.94	      2.77	     51.47	     48.49	-30.52	 1.411e-04	      2.56	0	Gaussian	293.544169	36.641586
60	1	  0.001576	  0.009907	     -1.00	    322.83	    280.33	      2.93	      2.77	     51.27	     48.50	7.87	 2.700e-04	      2.60	0	Gaussian	294.679161	37.321629
61	1	  0.001550	  0.009573	     -1.00	    693.43	    707.76	      2.90	      2.87	     50.82	     50.16	-1.93	 3.120e-04	      2.62	0	Gaussian	292.847650	35.216972
62	1	  0.001532	  0.009634	     -1.00	    342.49	    373.80	      2.91	      2.77	     50.85	     48.45	-13.84	 1.666e-04	      2.64	0	Gaussian	294.617689	36.883225
63	1	  0.001601	  0.010346	     -1.00	    404.46	    734.86	      2.79	      2.66	     48.89	     46.61	89.43	 9.262e-04	      2.65	0	Gaussian	294.465908	35.202832
64	1	  0.001499	  0.009473	     -1.00	    540.72	    610.12	      2.97	      2.71	     52.05	     47.49	-32.60	 1.297e-04	      2.65	0	Gaussian	293.634085	35.723708
65	1	  0.001523	  0.009060	     -1.00	     12.05	    377.03	      3.00	      2.82	     52.48	     49.42	26.28	 2.867e-04	      2.66	0	Gaussian	296.518710	36.972628
66	1	  0.001505	  0.009616	     -1.00	    426.07	    494.30	      2.85	      2.76	     49.88	     48.38	1.16	 1.409e-04	      2.67	0	Gaussian	294.210164	36.298095
67	1	  0.001533	  0.008520	     -1.00	    192.94	    335.98	      3.04	      2.90	     53.20	     50.67	37.83	 1.831e-04	      2.68	0	Gaussian	295.456143	37.109021
68	1	  0.001441	  0.002819	     -1.00	    269.13	    362.29	      7.75	      3.40	    135.61	     59.49	-37.12	 1.782e-04	      2.69	0	Gaussian	295.031585	36.962065
69	1	  0.001588	  0.009407	     -1.00	    282.66	    205.25	      2.89	      2.73	     50.52	     47.84	7.87	 3.962e-04	      2.69	0	Gaussian	294.870306	37.683231
70	1	  0.001527	  0.009263	     -1.00	    157.42	    779.62	      2.89	      2.76	     50.60	     48.23	-25.79	 1.397e-04	      2.70	0	Gaussian	295.868126	35.074211
71	1	  0.001477	  0.009075	     -1.00	    546.13	    702.62	      3.00	      2.66	     52.56	     46.57	-32.01	 1.144e-04	      2.71	0	Gaussian	293.659630	35.298956
72	1	  0.001657	  0.008689	     -1.00	    116.95	     56.38	      3.03	      2.74	     53.00	     47.90	-10.53	 7.786e-04	      2.72	0	Gaussian	295.761910	38.430647
73	1	  0.001501	  0.009058	     -1.00	    574.88	    223.36	      2.88	      2.75	     50.48	     48.16	-15.56	 1.189e-04	      2.73	0	Gaussian	293.198526	37.483325
74	1	  0.001527	  0.007035	     -1.00	    117.61	    728.67	      3.17	      3.15	     55.47	     55.10	-74.31	 2.264e-04	      2.75	0	Gaussian	296.068801	35.319353
75	1	  0.001575	  0.008557	     -1.00	    213.30	    642.85	      3.00	      2.72	     52.51	     47.52	-35.83	 3.649e-04	      2.75	0	Gaussian	295.490026	35.686712
76	1	  0.001504	  0.008630	     -1.00	     53.24	    504.55	      2.92	      2.80	     51.17	     49.01	-2.73	 1.226e-04	      2.75	0	Gaussian	296.336264	36.370790
77	1	  0.001528	  0.008855	     -1.00	    447.09	    328.25	      2.84	      2.75	     49.71	     48.19	8.79	 3.207e-04	      2.77	0	Gaussian	293.994086	37.053692
78	1	  0.001629	  0.008883	     -1.00	    325.98	    717.13	      2.83	      2.72	     49.48	     47.59	-44.72	 4.308e-04	      2.77	0	Gaussian	294.894415	35.310217
79	1	  0.001519	  0.005749	     -1.00	    747.39	    442.67	      3.61	      3.24	     63.19	     56.68	17.65	 1.369e-04	      2.80	0	Gaussian	292.369633	36.401548
80	1	  0.001481	  0.008439	     -1.00	    779.99	    295.32	      2.92	      2.74	     51.04	     47.95	-34.37	 1.176e-04	      2.80	0	Gaussian	292.082392	37.059294
81	1	  0.001555	  0.008444	     -1.00	    354.41	    577.41	      2.88	      2.76	     50.38	     48.32	-28.98	 2.450e-04	      2.80	0	Gaussian	294.660904	35.941903
82	1	  0.001516	  0.008198	     -1.00	    532.80	    428.67	      2.86	      2.75	     49.99	     48.19	-3.92	 1.316e-04	      2.85	0	Gaussian	293.567774	36.558060
83	1	  0.002088	  0.006919	     -1.00	     87.17	     69.85	      3.66	      2.50	     64.02	     43.70	8.58	 3.352e-03	      2.86	0	Gaussian	295.943659	38.377550
84	1	  0.001460	  0.007772	     -1.00	    617.01	    501.67	      2.87	      2.81	     50.22	     49.19	-73.35	 1.075e-04	      2.87	0	Gaussian	293.139543	36.188986
85	1	  0.001550	  0.008083	     -1.00	    637.17	    417.53	      2.87	      2.68	     50.15	     46.93	-30.10	 1.887e-04	      2.89	0	Gaussian	292.971674	36.565453
86	1	  0.001495	  0.007477	     -1.00	    331.61	    582.05	      2.96	      2.76	     51.78	     48.35	-23.88	 1.271e-04	      2.90	0	Gaussian	294.791908	35.928376
87	1	  0.001518	  0.007822	     -1.00	    607.31	    786.36	      2.96	      2.58	     51.87	     45.15	-25.46	 1.496e-04	      2.92	0	Gaussian	293.372135	34.893799
88	1	  0.001449	  0.007322	     -1.00	    601.94	    578.79	      2.84	      2.84	     49.63	     49.62	24.33	 9.960e-05	      2.93	0	Gaussian	293.272842	35.842594
89	1	  0.001503	  0.007263	     -1.00	    300.05	    458.47	      2.94	      2.82	     51.41	     49.27	-6.08	 1.536e-04	      2.93	0	Gaussian	294.905364	36.507823
90	1	  0.001481	  0.005667	     -1.00	    345.91	    306.88	      3.43	      3.02	     60.00	     52.82	9.71	 1.200e-04	      2.95	0	Gaussian	294.561154	37.190645
91	1	  0.001548	  0.007273	     -1.00	    491.63	    638.38	      2.93	      2.68	     51.36	     46.96	-48.13	 1.650e-04	      2.97	0	Gaussian	293.925118	35.613104
92	1	  0.001485	  0.006578	     -1.00	    534.82	    340.30	      2.98	      2.87	     52.22	     50.30	0.01	 1.012e-04	      3.00	0	Gaussian	293.501492	36.962928
93	1	  0.001481	  0.006936	     -1.00	    573.79	    509.47	      2.87	      2.77	     50.26	     48.50	-5.22	 8.969e-05	      3.02	0	Gaussian	293.387001	36.171126
94	1	  0.001571	  0.006880	     -1.00	    482.18	    612.91	      2.94	      2.69	     51.43	     47.04	11.58	 2.782e-04	      3.02	0	Gaussian	293.963041	35.733199
95	1	  0.001523	  0.002090	     -1.00	    208.56	     30.62	      5.37	      4.77	     93.92	     83.48	-20.20	 2.702e-04	      3.03	0	Gaussian	295.210065	38.519151
96	1	  0.001634	  0.007020	     -1.00	    763.73	    119.80	      2.78	      2.76	     48.68	     48.36	-5.84	 3.960e-04	      3.03	0	Gaussian	292.047550	37.870574
97	1	  0.001493	  0.006802	     -1.00	    694.34	    303.60	      2.86	      2.72	     50.01	     47.61	-34.61	 1.029e-04	      3.06	0	Gaussian	292.572344	37.061675
98	1	  0.001508	  0.004274	     -1.00	    708.28	    772.09	      3.77	      3.24	     66.03	     56.76	-81.69	 1.458e-04	      3.07	0	Gaussian	292.807776	34.918360
99	1	  0.001467	  0.002269	     -1.00	     47.69	    369.90	      7.15	      3.17	    125.23	     55.48	35.09	 1.800e-04	      3.08	0	Gaussian	296.309783	36.995870
100	1	  0.001500	  0.005834	     -1.00	    789.50	     54.94	      2.97	      2.93	     52.04	     51.32	-77.15	 1.318e-04	      3.09	0	Gaussian	291.852266	38.154805
101	1	  0.001587	  0.006395	     -1.00	    157.56	    687.61	      2.92	      2.76	     51.12	     48.25	-0.38	 2.121e-04	      3.10	0	Gaussian	295.825346	35.497138
102	1	  0.001474	  0.004319	     -1.00	    383.56	    642.28	      3.62	      3.26	     63.40	     57.05	32.72	 1.089e-04	      3.10	0	Gaussian	294.532151	35.634104
103	1	  0.001515	  0.006410	     -1.00	    462.59	    644.25	      2.93	      2.74	     51.33	     47.98	-15.99	 1.097e-04	      3.10	0	Gaussian	294.090754	35.596982
104	1	  0.001489	  0.005872	     -1.00	    193.28	    500.06	      2.98	      2.91	     52.08	     51.00	-16.20	 1.763e-04	      3.10	0	Gaussian	295.534503	36.350800
105	1	  0.001478	  0.005778	     -1.00	    758.84	    107.06	      3.03	      2.88	     53.12	     50.45	-28.66	 9.121e-05	      3.10	0	Gaussian	292.066162	37.931367
106	1	  0.001547	  0.005718	     -1.00	    478.02	    492.04	      3.11	      2.84	     54.38	     49.76	-69.17	 3.076e-04	      3.11	0	Gaussian	293.915436	36.288882
107	1	  0.001556	  0.005846	     -1.00	    390.54	    301.90	      2.95	      2.95	     51.64	     51.63	5.77	 1.715e-04	      3.11	0	Gaussian	294.302296	37.196939
108	1	  0.001735	  0.003689	     -1.00	    436.90	    336.16	      5.19	      2.59	     90.78	     45.38	13.51	 8.413e-04	      3.12	0	Gaussian	294.056928	37.021265
109	1	  0.001476	  0.005379	     -1.00	    613.15	    446.98	      3.03	      3.03	     53.01	     53.01	26.48	 9.838e-05	      3.12	0	Gaussian	293.126057	36.440895
110	1	  0.001465	  0.005892	     -1.00	    352.04	    528.43	      2.97	      2.81	     52.07	     49.21	-7.87	 9.012e-05	      3.13	0	Gaussian	294.647756	36.167865
111	1	  0.001504	  0.003190	     -1.00	    732.33	    244.17	      5.06	      3.01	     88.61	     52.74	2.70	 1.466e-04	      3.13	0	Gaussian	292.315630	37.316106
112	1	  0.001485	  0.006041	     -1.00	    288.54	     80.63	      2.92	      2.83	     51.07	     49.46	4.02	 9.647e-05	      3.13	0	Gaussian	294.768180	38.258127
113	1	  0.001545	  0.006267	     -1.00	    737.51	    403.41	      2.87	      2.75	     50.18	     48.07	-32.49	 2.303e-04	      3.14	0	Gaussian	292.397799	36.585316
114	1	  0.001475	  0.006352	     -1.00	    693.25	    592.50	      2.88	      2.68	     50.44	     46.87	-41.40	 1.124e-04	      3.15	0	Gaussian	292.773055	35.741956
115	1	  0.001484	  0.005374	     -1.00	    691.85	    691.00	      3.23	      2.74	     56.50	     48.03	-21.88	 1.831e-04	      3.17	0	Gaussian	292.845458	35.293853
116	1	  0.001457	  0.002421	     -1.00	    556.04	    104.37	      6.52	      3.00	    114.18	     52.50	15.06	 1.524e-04	      3.17	0	Gaussian	293.229302	38.039167
117	1	  0.001495	  0.005201	     -1.00	    515.54	    325.84	      3.11	      2.94	     54.40	     51.39	18.55	 1.031e-04	      3.17	0	Gaussian	293.602209	37.037330
118	1	  0.001479	  0.005778	     -1.00	    439.85	    176.52	      2.98	      2.79	     52.24	     48.82	6.61	 8.513e-05	      3.18	0	Gaussian	293.945040	37.755894
119	1	  0.001598	  0.005914	     -1.00	    586.73	     34.75	      2.88	      2.80	     50.43	     49.07	15.51	 2.936e-04	      3.18	0	Gaussian	293.005812	38.345984
120	1	  0.001478	  0.005659	     -1.00	    161.41	    143.33	      3.01	      2.80	     52.77	     48.96	-3.51	 1.216e-04	      3.18	0	Gaussian	295.543724	38.012122
121	1	  0.001503	  0.005832	     -1.00	    179.50	    530.59	      2.94	      2.77	     51.44	     48.57	-5.20	 1.737e-04	      3.18	0	Gaussian	295.627655	36.214149
122	1	  0.001513	  0.004599	     -1.00	     43.24	    348.53	      3.26	      3.14	     57.06	     54.87	58.62	 2.623e-04	      3.18	0	Gaussian	296.326189	37.096227
123	1	  0.001564	  0.003471	     -1.00	    144.97	    612.18	      4.40	      3.00	     76.96	     52.46	10.34	 2.999e-04	      3.20	0	Gaussian	295.861864	35.848150
124	1	  0.001570	  0.005917	     -1.00	    207.94	    714.62	      2.83	      2.72	     49.55	     47.58	5.36	 1.326e-04	      3.21	0	Gaussian	295.554617	35.358351
125	1	  0.001443	  0.004416	     -1.00	    349.12	    334.55	      3.49	      2.96	     61.00	     51.88	5.16	 8.536e-05	      3.22	0	Gaussian	294.558100	37.061795
126	1	  0.001541	  0.005472	     -1.00	    700.91	     10.85	      2.89	      2.86	     50.65	     50.00	44.22	 2.577e-04	      3.22	0	Gaussian	292.329311	38.401623
127	1	  0.001484	  0.005331	     -1.00	    269.79	    690.04	      3.00	      2.82	     52.56	     49.28	-38.91	 9.041e-05	      3.23	0	Gaussian	295.195395	35.452439
128	1	  0.001454	  0.004950	     -1.00	    653.90	    209.99	      3.06	      2.95	     53.60	     51.66	-14.48	 7.955e-05	      3.24	0	Gaussian	292.738174	37.509378
129	1	  0.001479	  0.005147	     -1.00	    742.09	    322.16	      2.99	      2.93	     52.27	     51.22	-35.15	 8.917e-05	      3.25	0	Gaussian	292.315348	36.954579
130	1	  0.001460	  0.005489	     -1.00	    698.56	    666.79	      2.90	      2.75	     50.78	     48.07	-76.36	 9.170e-05	      3.27	0	Gaussian	292.792556	35.401252
131	1	  0.001486	  0.004855	     -1.00	    233.99	    639.34	      3.04	      2.97	     53.21	     51.98	31.03	 8.936e-05	      3.27	0	Gaussian	295.371657	35.696577
132	1	  0.001483	  0.005081	     -1.00	    231.55	    614.28	      3.04	      2.83	     53.27	     49.53	-16.98	 9.078e-05	      3.27	0	Gaussian	295.373126	35.812587
133	1	  0.001472	  0.005527	     -1.00	    688.64	    448.38	      2.90	      2.72	     50.79	     47.56	-32.81	 8.541e-05	      3.28	0	Gaussian	292.702809	36.401850
134	1	  0.001495	  0.005600	     -1.00	    466.57	    714.46	      2.93	      2.58	     51.23	     45.07	-36.48	 1.175e-04	      3.29	0	Gaussian	294.108765	35.274321
135	1	  0.001469	  0.004353	     -1.00	    321.06	     22.27	      3.24	      3.01	     56.78	     52.66	-25.70	 7.793e-05	      3.29	0	Gaussian	294.545386	38.516170
136	1	  0.001475	  0.005027	     -1.00	    543.55	     10.25	      3.03	      2.80	     52.99	     49.05	-0.99	 8.809e-05	      3.30	0	Gaussian	293.239996	38.478567
137	1	  0.001478	  0.005003	     -1.00	    415.52	    704.02	      3.00	      2.79	     52.43	     48.85	-37.74	 7.609e-05	      3.31	0	Gaussian	294.387317	35.340135
138	1	  0.001641	  0.005259	     -1.00	    282.85	    723.06	      2.91	      2.78	     50.94	     48.73	-34.41	 2.603e-04	      3.31	0	Gaussian	295.138773	35.296785
139	1	  0.001484	  0.004941	     -1.00	    376.85	    700.96	      2.94	      2.85	     51.43	     49.87	86.16	 9.745e-05	      3.32	0	Gaussian	294.601516	35.367449
140	1	  0.001467	  0.004864	     -1.00	    113.29	    189.59	      3.04	      2.84	     53.27	     49.63	5.60	 8.232e-05	      3.33	0	Gaussian	295.847055	37.812881
141	1	  0.001491	  0.005425	     -1.00	    782.16	    770.57	      2.96	      2.56	     51.83	     44.72	-28.42	 9.601e-05	      3.34	0	Gaussian	292.401718	34.894200
142	1	  0.001478	  0.004371	     -1.00	    381.96	    212.68	      3.10	      2.96	     54.22	     51.79	0.45	 8.706e-05	      3.34	0	Gaussian	294.300329	37.611902
143	1	  0.001460	  0.003730	     -1.00	    681.77	    720.99	      3.80	      2.86	     66.48	     50.09	-46.48	 9.987e-05	      3.35	0	Gaussian	292.920552	35.161577
144	1	  0.001514	  0.004469	     -1.00	    298.92	    187.81	      2.97	      2.94	     52.04	     51.41	48.69	 1.467e-04	      3.37	0	Gaussian	294.766576	37.758044
145	1	  0.001464	  0.004646	     -1.00	    503.96	    502.78	      3.03	      2.82	     52.95	     49.30	-14.10	 1.243e-04	      3.37	0	Gaussian	293.775598	36.229566
146	1	  0.001451	  0.004774	     -1.00	    778.73	    309.77	      2.88	      2.87	     50.38	     50.20	-26.79	 6.559e-05	      3.37	0	Gaussian	292.099885	36.993860
147	1	  0.001551	  0.004634	     -1.00	     29.13	    718.53	      2.94	      2.91	     51.48	     50.88	3.25	 1.764e-04	      3.37	0	Gaussian	296.563093	35.389089
148	1	  0.001495	  0.004532	     -1.00	    603.95	    395.03	      2.95	      2.92	     51.70	     51.06	-78.89	 1.240e-04	      3.38	0	Gaussian	293.144415	36.682767
149	1	  0.001498	  0.004676	     -1.00	     86.01	    469.52	      3.02	      2.82	     52.90	     49.40	0.41	 1.504e-04	      3.38	0	Gaussian	296.133284	36.523737
150	1	  0.001479	  0.004786	     -1.00	    304.95	     77.59	      2.93	      2.79	     51.23	     48.82	18.86	 7.661e-05	      3.39	0	Gaussian	294.670716	38.266040
151	1	  0.001488	  0.004695	     -1.00	    552.34	     88.84	      2.96	      2.81	     51.85	     49.23	13.98	 1.356e-04	      3.40	0	Gaussian	293.240488	38.112374
152	1	  0.001534	  0.005235	     -1.00	    738.54	    263.49	      2.77	      2.66	     48.54	     46.63	-24.33	 1.953e-04	      3.40	0	Gaussian	292.294035	37.224685
153	1	  0.001507	  0.004020	     -1.00	    290.69	    224.92	      3.11	      3.11	     54.48	     54.39	-83.55	 1.558e-04	      3.41	0	Gaussian	294.834387	37.589360
154	1	  0.001500	  0.004354	     -1.00	    451.88	    463.65	      3.06	      2.93	     53.61	     51.20	-19.26	 9.739e-05	      3.41	0	Gaussian	294.046458	36.429210
155	1	  0.001520	  0.004330	     -1.00	    302.03	    117.06	      3.08	      2.86	     53.92	     49.98	14.40	 1.590e-04	      3.41	0	Gaussian	294.709652	38.084362
156	1	  0.001502	  0.003865	     -1.00	    529.86	    156.11	      3.26	      3.01	     57.03	     52.76	-47.82	 1.411e-04	      3.41	0	Gaussian	293.413589	37.812332
157	1	  0.001569	  0.004519	     -1.00	    401.54	    300.86	      2.85	      2.84	     49.93	     49.74	-18.25	 1.888e-04	      3.43	0	Gaussian	294.238643	37.197536
158	1	  0.001503	  0.004451	     -1.00	    324.97	    667.71	      2.89	      2.89	     50.54	     50.54	-16.90	 1.112e-04	      3.43	0	Gaussian	294.874345	35.537217
159	1	  0.001495	  0.004703	     -1.00	    623.38	    178.17	      2.87	      2.80	     50.24	     49.04	-23.28	 9.553e-05	      3.43	0	Gaussian	292.891125	37.669459
160	1	  0.001464	  0.004438	     -1.00	    381.11	     15.44	      3.01	      2.84	     52.70	     49.73	3.64	 9.417e-05	      3.43	0	Gaussian	294.190007	38.524050
161	1	  0.001524	  0.004437	     -1.00	    436.91	    349.69	      3.02	      2.83	     52.83	     49.62	3.11	 1.208e-04	      3.44	0	Gaussian	294.064858	36.958970
162	1	  0.001489	  0.004058	     -1.00	     94.96	    659.98	      3.34	      2.73	     58.52	     47.84	-3.16	 8.875e-05	      3.44	0	Gaussian	296.166352	35.641785
163	1	  0.001521	  0.004289	     -1.00	     80.93	    121.19	      3.10	      2.78	     54.25	     48.67	13.49	 1.733e-04	      3.45	0	Gaussian	296.004328	38.140759
164	1	  0.001510	  0.004483	     -1.00	    361.95	    638.55	      3.01	      2.78	     52.62	     48.61	-15.20	 2.281e-04	      3.45	0	Gaussian	294.651359	35.658625
165	1	  0.001489	  0.003944	     -1.00	    412.01	    626.34	      3.18	      2.90	     55.71	     50.75	-65.76	 1.066e-04	      3.46	0	Gaussian	294.363837	35.697251
166	1	  0.001468	  0.003999	     -1.00	    628.62	    215.09	      3.13	      2.99	     54.83	     52.25	27.36	 8.318e-05	      3.46	0	Gaussian	292.885900	37.497499
167	1	  0.001485	  0.004752	     -1.00	    583.73	    683.37	      2.93	      2.62	     51.27	     45.81	-42.36	 8.597e-05	      3.46	0	Gaussian	293.439241	35.372302
168	1	  0.001454	  0.004153	     -1.00	    331.85	    320.42	      3.06	      2.89	     53.59	     50.59	7.94	 7.206e-05	      3.47	0	Gaussian	294.649330	37.133306
169	1	  0.001516	  0.004188	     -1.00	    144.46	    783.99	      3.02	      2.85	     52.84	     49.82	39.58	 8.914e-05	      3.47	0	Gaussian	295.942681	35.057713
170	1	  0.001515	  0.004428	     -1.00	     93.59	    698.57	      2.92	      2.80	     51.14	     49.06	-13.94	 9.639e-05	      3.48	0	Gaussian	296.190898	35.464377
171	1	  0.001523	  0.004200	     -1.00	    601.57	    366.31	      3.10	      2.76	     54.32	     48.37	-21.21	 1.020e-04	      3.48	0	Gaussian	293.139310	36.815457
172	1	  0.001511	  0.003767	     -1.00	    331.03	     76.69	      3.04	      3.03	     53.15	     53.01	46.83	 1.419e-04	      3.49	0	Gaussian	294.517997	38.260303
173	1	  0.001436	  0.003137	     -1.00	     43.00	    384.22	      3.36	      3.35	     58.76	     58.61	-6.34	 1.108e-04	      3.49	0	Gaussian	296.343102	36.930809
174	1	  0.001522	  0.004078	     -1.00	    256.56	    679.41	      3.09	      2.83	     54.04	     49.46	-10.52	 1.356e-04	      3.50	0	Gaussian	295.264386	35.505363
175	1	  0.001520	  0.004218	     -1.00	    427.03	    308.20	      2.97	      2.81	     51.92	     49.20	4.97	 1.518e-04	      3.50	0	Gaussian	294.096917	37.153891
176	1	  0.001488	  0.003468	     -1.00	    585.17	    577.58	      3.42	      2.99	     59.79	     52.38	-58.35	 1.309e-04	      3.50	0	Gaussian	293.365744	35.854919
177	1	  0.001490	  0.004022	     -1.00	    710.71	    552.78	      3.06	      2.91	     53.63	     50.97	-69.94	 1.062e-04	      3.50	0	Gaussian	292.649523	35.915545
178	1	  0.001463	  0.003829	     -1.00	    635.81	    689.01	      3.17	      2.88	     55.44	     50.38	-9.34	 8.714e-05	      3.51	0	Gaussian	293.154039	35.325927
179	1	  0.001508	  0.004313	     -1.00	     46.15	    165.54	      2.97	      2.76	     52.04	     48.36	9.36	 1.741e-04	      3.51	0	Gaussian	296.228430	37.945154
180	1	  0.001495	  0.003600	     -1.00	    557.79	    574.34	      3.43	      2.79	     60.00	     48.88	-10.77	 1.931e-04	      3.51	0	Gaussian	293.516867	35.880641
181	1	  0.001464	  0.004153	     -1.00	    214.13	    256.42	      3.02	      2.81	     52.90	     49.26	10.87	 6.826e-05	      3.51	0	Gaussian	295.293921	37.470252
182	1	  0.001472	  0.004295	     -1.00	    152.27	    167.57	      2.94	      2.77	     51.52	     48.55	5.57	 8.366e-05	      3.52	0	Gaussian	295.609004	37.902633
183	1	  0.001464	  0.004099	     -1.00	    397.44	    206.95	      3.03	      2.74	     52.99	     47.97	-7.19	 8.774e-05	      3.52	0	Gaussian	294.207744	37.632318
184	1	  0.001483	  0.003956	     -1.00	    477.29	    406.76	      3.03	      2.89	     53.09	     50.65	-3.52	 8.484e-05	      3.53	0	Gaussian	293.868920	36.680755
185	1	  0.001464	  0.001876	     -1.00	    325.10	    246.06	      5.07	      3.57	     88.79	     62.48	36.65	 9.697e-05	      3.54	0	Gaussian	294.647176	37.479105
186	1	  0.001478	  0.003922	     -1.00	     69.62	    612.46	      3.07	      2.86	     53.81	     50.01	6.34	 1.579e-04	      3.54	0	Gaussian	296.289321	35.867799
187	1	  0.001429	  0.003790	     -1.00	    481.00	    151.72	      3.08	      2.87	     53.91	     50.26	2.10	 4.743e-05	      3.55	0	Gaussian	293.692424	37.853347
188	1	  0.001445	  0.003723	     -1.00	    519.62	    491.94	      3.01	      3.01	     52.75	     52.74	41.23	 6.909e-05	      3.55	0	Gaussian	293.680842	36.273110
189	1	  0.001479	  0.004130	     -1.00	    578.56	    480.23	      2.94	      2.77	     51.49	     48.50	-46.74	 1.227e-04	      3.55	0	Gaussian	293.341829	36.303056
190	1	  0.001451	  0.003564	     -1.00	    344.41	    511.02	      3.09	      3.01	     54.01	     52.74	-17.88	 6.532e-05	      3.56	0	Gaussian	294.681578	36.250566
191	1	  0.001582	  0.004432	     -1.00	    635.89	    743.37	      2.95	      2.59	     51.59	     45.35	-24.12	 3.292e-04	      3.56	0	Gaussian	293.187854	35.078306
192	1	  0.001607	  0.003771	     -1.00	    570.87	    596.14	      3.12	      2.75	     54.57	     48.11	-71.63	 4.133e-04	      3.58	0	Gaussian	293.457133	35.775776
193	1	  0.001522	  0.003860	     -1.00	    156.96	    612.13	      2.96	      2.80	     51.80	     48.94	-10.35	 1.799e-04	      3.61	0	Gaussian	295.793960	35.844907
194	1	  0.001458	  0.003931	     -1.00	    573.17	    439.61	      2.98	      2.76	     52.23	     48.34	-25.04	 7.430e-05	      3.61	0	Gaussian	293.346656	36.491375
195	1	  0.001488	  0.003554	     -1.00	    275.25	    160.09	      3.20	      2.72	     56.03	     47.60	20.51	 1.105e-04	      3.61	0	Gaussian	294.888964	37.894975
196	1	  0.001431	  0.004007	     -1.00	    671.22	    741.04	      2.86	      2.73	     49.98	     47.72	-38.85	 6.240e-05	      3.61	0	Gaussian	292.991599	35.074664
197	1	  0.001497	  0.003765	     -1.00	    240.02	    686.24	      2.99	      2.80	     52.35	     48.93	-15.24	 9.230e-05	      3.62	0	Gaussian	295.360686	35.479097
198	1	  0.001469	  0.002173	     -1.00	    414.81	    580.86	      4.42	      3.27	     77.32	     57.21	-58.57	 1.306e-04	      3.62	0	Gaussian	294.322686	35.904811
199	1	  0.001500	  0.003679	     -1.00	    761.63	     69.14	      3.02	      2.85	     52.79	     49.91	17.98	 1.310e-04	      3.63	0	Gaussian	292.022438	38.103824
200	1	  0.001437	  0.003299	     -1.00	    148.96	     79.94	      3.22	      2.89	     56.40	     50.60	12.84	 5.241e-05	      3.64	0	Gaussian	295.585230	38.310612
201	1	  0.001584	  0.003979	     -1.00	     39.19	    535.42	      2.90	      2.70	     50.81	     47.26	3.21	 4.225e-04	      3.65	0	Gaussian	296.429744	36.231822
202	1	  0.001470	  0.003453	     -1.00	    625.66	    435.61	      3.21	      2.80	     56.27	     48.98	-32.90	 8.366e-05	      3.65	0	Gaussian	293.048274	36.487607
203	1	  0.001554	  0.003799	     -1.00	    325.25	    539.26	      2.95	      2.79	     51.55	     48.78	-32.17	 2.682e-04	      3.65	0	Gaussian	294.805131	36.127292
204	1	  0.001477	  0.003360	     -1.00	    197.53	    124.04	      3.21	      2.84	     56.25	     49.68	3.10	 9.183e-05	      3.65	0	Gaussian	295.322964	38.089432
205	1	  0.001472	  0.003732	     -1.00	    339.77	    670.66	      2.94	      2.83	     51.38	     49.49	-47.51	 7.774e-05	      3.65	0	Gaussian	294.792899	35.518792
206	1	  0.001482	  0.002579	     -1.00	    624.41	     74.93	      3.47	      3.37	     60.66	     59.06	-66.91	 1.062e-04	      3.66	0	Gaussian	292.815307	38.143645
207	1	  0.001475	  0.003518	     -1.00	    647.01	    433.88	      2.96	      2.87	     51.82	     50.24	-16.92	 9.034e-05	      3.67	0	Gaussian	292.926984	36.486354
208	1	  0.001464	  0.003483	     -1.00	    588.33	      7.64	      3.03	      2.89	     53.10	     50.52	-8.90	 5.743e-05	      3.67	0	Gaussian	292.978339	38.470162
209	1	  0.001519	  0.003589	     -1.00	    105.07	     19.82	      2.99	      2.77	     52.39	     48.44	9.85	 1.426e-04	      3.68	0	Gaussian	295.814333	38.604555
210	1	  0.001461	  0.003261	     -1.00	     22.79	     52.48	      3.20	      2.85	     56.03	     49.81	1.93	 9.801e-05	      3.68	0	Gaussian	296.315332	38.478257
211	1	  0.001473	  0.002738	     -1.00	    251.79	    241.12	      3.58	      3.01	     62.71	     52.61	-47.02	 7.650e-05	      3.69	0	Gaussian	295.068056	37.528169
212	1	  0.001499	  0.003423	     -1.00	    496.16	    433.68	      3.04	      2.88	     53.14	     50.40	-49.19	 1.132e-04	      3.70	0	Gaussian	293.778096	36.549682
213	1	  0.001463	  0.003128	     -1.00	    230.18	     29.80	      3.19	      3.01	     55.80	     52.64	-27.38	 5.308e-05	      3.70	0	Gaussian	295.082548	38.515262
214	1	  0.001460	  0.003377	     -1.00	    760.02	    384.84	      2.96	      2.88	     51.84	     50.42	-30.11	 6.138e-05	      3.71	0	Gaussian	292.258442	36.659743
215	1	  0.001470	  0.003622	     -1.00	    717.37	    535.24	      2.95	      2.73	     51.66	     47.83	-30.16	 8.061e-05	      3.71	0	Gaussian	292.600635	35.992620
216	1	  0.001522	  0.003256	     -1.00	     31.88	    633.30	      3.10	      2.94	     54.25	     51.51	-4.60	 2.704e-04	      3.71	0	Gaussian	296.512430	35.781532
217	1	  0.001453	  0.003007	     -1.00	    737.78	     63.70	      3.22	      2.93	     56.33	     51.29	-85.56	 4.794e-05	      3.71	0	Gaussian	292.155249	38.140702
218	1	  0.001446	  0.003132	     -1.00	    488.78	    217.67	      3.17	      2.98	     55.46	     52.15	-10.99	 5.859e-05	      3.72	0	Gaussian	293.688468	37.546153
219	1	  0.001490	  0.003298	     -1.00	    295.44	    237.37	      3.11	      2.85	     54.37	     49.94	-3.39	 8.343e-05	      3.72	0	Gaussian	294.813711	37.530081
220	1	  0.001488	  0.002154	     -1.00	    251.63	    561.04	      3.80	      3.43	     66.49	     60.06	-37.96	 1.327e-04	      3.72	0	Gaussian	295.233115	36.051362
221	1	  0.001473	  0.003468	     -1.00	    290.82	    791.50	      3.00	      2.81	     52.59	     49.14	-25.95	 7.613e-05	      3.72	0	Gaussian	295.128611	34.980579
222	1	  0.001684	  0.002065	     -1.00	    356.50	    781.89	      3.95	      3.42	     69.22	     59.90	71.96	 7.932e-04	      3.73	0	Gaussian	294.758056	35.003666
223	1	  0.001470	  0.003293	     -1.00	     26.10	    208.92	      2.98	      2.94	     52.11	     51.50	42.26	 8.653e-05	      3.73	0	Gaussian	296.364886	37.749333
224	1	  0.001469	  0.003101	     -1.00	    220.93	    316.39	      3.06	      2.95	     53.53	     51.69	9.60	 7.403e-05	      3.73	0	Gaussian	295.285072	37.190461
225	1	  0.001460	  0.003236	     -1.00	    172.45	    138.45	      3.16	      2.83	     55.31	     49.52	0.09	 1.352e-04	      3.73	0	Gaussian	295.476812	38.031058
226	1	  0.001435	  0.003223	     -1.00	     14.95	    401.50	      3.06	      2.91	     53.55	     50.99	6.03	 5.615e-05	      3.73	0	Gaussian	296.512336	36.858399
227	1	  0.001460	  0.003273	     -1.00	    249.20	    765.98	      3.08	      2.76	     53.99	     48.29	45.52	 7.108e-05	      3.73	0	Gaussian	295.348233	35.110268
228	1	  0.001459	  0.002642	     -1.00	    325.62	    488.73	      3.47	      3.04	     60.78	     53.20	-9.23	 6.644e-05	      3.74	0	Gaussian	294.776105	36.359646
229	1	  0.001470	  0.003280	     -1.00	    596.44	     62.20	      3.01	      2.89	     52.74	     50.63	-6.33	 8.476e-05	      3.74	0	Gaussian	292.968108	38.215145
230	1	  0.001474	  0.003138	     -1.00	    353.71	     62.66	      3.09	      2.94	     54.14	     51.54	11.08	 6.729e-05	      3.75	0	Gaussian	294.377617	38.316406
231	1	  0.001479	  0.003217	     -1.00	     99.20	    647.63	      3.01	      2.92	     52.73	     51.10	-2.15	 1.111e-04	      3.75	0	Gaussian	296.136954	35.697561
232	1	  0.001477	  0.003202	     -1.00	    376.20	    574.49	      3.04	      2.90	     53.23	     50.84	-46.39	 1.013e-04	      3.75	0	Gaussian	294.536469	35.947767
233	1	  0.001584	  0.003595	     -1.00	     47.12	    543.83	      2.80	      2.74	     49.08	     48.04	-0.77	 4.542e-04	      3.77	0	Gaussian	296.388018	36.190816
234	1	  0.001446	  0.002535	     -1.00	    205.22	    240.90	      3.69	      2.92	     64.54	     51.17	-2.31	 6.173e-05	      3.77	0	Gaussian	295.337631	37.545103
235	1	  0.001439	  0.002759	     -1.00	    574.31	    199.50	      3.33	      3.02	     58.25	     52.83	0.13	 5.893e-05	      3.78	0	Gaussian	293.186282	37.593283
236	1	  0.001479	  0.002887	     -1.00	    192.64	     85.38	      3.25	      2.96	     56.81	     51.76	14.06	 1.008e-04	      3.79	0	Gaussian	295.331802	38.270527
237	1	  0.001483	  0.003346	     -1.00	    220.59	    519.31	      2.94	      2.78	     51.47	     48.60	-11.58	 8.450e-05	      3.79	0	Gaussian	295.388503	36.253452
238	1	  0.001468	  0.003047	     -1.00	    459.79	     19.89	      2.99	      2.97	     52.31	     51.99	20.07	 8.250e-05	      3.79	0	Gaussian	293.733497	38.470791
239	1	  0.001472	  0.003195	     -1.00	    178.09	    766.54	      3.09	      2.79	     54.03	     48.83	-14.91	 6.050e-05	      3.79	0	Gaussian	295.746381	35.128478
240	1	  0.001488	  0.003100	     -1.00	    176.65	    573.33	      3.05	      2.87	     53.30	     50.29	-4.68	 1.603e-04	      3.80	0	Gaussian	295.664151	36.017909
241	1	  0.001523	  0.002797	     -1.00	    397.72	    465.17	      3.21	      3.01	     56.22	     52.67	74.48	 1.453e-04	      3.80	0	Gaussian	294.354146	36.442409
242	1	  0.001434	  0.001652	     -1.00	    543.53	     49.92	      4.98	      3.21	     87.11	     56.23	17.83	 4.661e-05	      3.81	0	Gaussian	293.266045	38.295668
243	1	  0.001451	  0.003131	     -1.00	    596.36	    722.21	      3.06	      2.74	     53.55	     47.97	-43.27	 6.748e-05	      3.81	0	Gaussian	293.393129	35.190273
244	1	  0.001458	  0.002741	     -1.00	    400.42	    251.10	      3.34	      2.86	     58.52	     50.01	-24.64	 6.448e-05	      3.82	0	Gaussian	294.216248	37.427460
245	1	  0.001608	  0.003601	     -1.00	    365.81	    786.41	      2.92	      2.51	     51.10	     43.90	-32.38	 3.035e-04	      3.82	0	Gaussian	294.708679	34.979950
246	1	  0.001444	  0.002893	     -1.00	     70.68	    267.11	      3.10	      2.98	     54.22	     52.11	-15.22	 4.462e-05	      3.83	0	Gaussian	296.130989	37.466028
247	1	  0.001460	  0.002800	     -1.00	    260.31	    214.63	      3.23	      2.94	     56.51	     51.40	12.86	 6.678e-05	      3.83	0	Gaussian	295.004813	37.647828
248	1	  0.001466	  0.002981	     -1.00	     74.05	    203.38	      3.10	      2.88	     54.23	     50.34	5.01	 6.551e-05	      3.83	0	Gaussian	296.082410	37.760924
249	1	  0.001501	  0.001957	     -1.00	    445.46	    607.87	      3.63	      3.61	     63.55	     63.20	-73.48	 1.298e-04	      3.83	0	Gaussian	294.165853	35.769867
250	1	  0.001494	  0.003313	     -1.00	    702.57	    720.00	      2.77	      2.76	     48.49	     48.36	-48.46	 1.293e-04	      3.84	0	Gaussian	292.805252	35.157505
251	1	  0.001492	  0.000502	     -1.00	    376.26	    554.92	     12.59	      4.32	    220.39	     75.56	9.29	 1.544e-04	      3.84	0	Gaussian	294.525431	36.037614
252	1	  0.001525	  0.002326	     -1.00	    342.14	    625.94	      3.75	      2.85	     65.67	     49.95	-28.83	 2.615e-04	      3.84	0	Gaussian	294.755917	35.723244
253	1	  0.001563	  0.002240	     -1.00	     22.37	    636.98	      3.92	      2.89	     68.69	     50.53	-0.74	 3.534e-04	      3.84	0	Gaussian	296.567922	35.766933
254	1	  0.001509	  0.002889	     -1.00	    512.10	    673.56	      3.10	      2.92	     54.29	     51.14	-40.65	 1.208e-04	      3.85	0	Gaussian	293.831567	35.444563
255	1	  0.001455	  0.002407	     -1.00	    769.34	    453.12	      3.68	      2.91	     64.41	     50.93	-17.68	 6.361e-05	      3.85	0	Gaussian	292.254158	36.343760
256	1	  0.001441	  0.002990	     -1.00	    462.60	    568.09	      3.07	      2.68	     53.81	     46.85	-19.41	 6.460e-05	      3.86	0	Gaussian	294.046787	35.945899
257	1	  0.001444	  0.002656	     -1.00	     95.19	    566.28	      3.25	      3.01	     56.83	     52.66	-3.90	 5.185e-05	      3.86	0	Gaussian	296.123786	36.073982
258	1	  0.001472	  0.002889	     -1.00	    102.06	    359.87	      3.00	      2.95	     52.45	     51.62	-13.95	 1.348e-04	      3.86	0	Gaussian	295.991462	37.026639
259	1	  0.001474	  0.002907	     -1.00	    334.26	    348.18	      3.04	      2.88	     53.13	     50.44	-0.63	 9.308e-05	      3.87	0	Gaussian	294.650731	37.004315
260	1	  0.001470	  0.003010	     -1.00	    417.98	     88.35	      3.02	      2.65	     52.87	     46.45	-0.29	 9.877e-05	      3.88	0	Gaussian	294.018623	38.171875
261	1	  0.001429	  0.001132	     -1.00	    251.57	    456.24	      4.75	      4.64	     83.18	     81.26	-26.99	 6.311e-05	      3.88	0	Gaussian	295.180488	36.534351
262	1	  0.001551	  0.002110	     -1.00	    619.62	     38.47	      3.71	      3.14	     64.86	     54.90	-13.00	 2.420e-04	      3.88	0	Gaussian	292.818082	38.313608
263	1	  0.001464	  0.002435	     -1.00	    257.50	    639.61	      3.51	      2.91	     61.45	     51.00	-18.38	 6.175e-05	      3.88	0	Gaussian	295.239309	35.688012
264	1	  0.001505	  0.002352	     -1.00	    707.87	     86.82	      3.33	      3.13	     58.23	     54.83	-15.34	 1.033e-04	      3.89	0	Gaussian	292.343550	38.049299
265	1	  0.001486	  0.002424	     -1.00	    779.16	    493.38	      3.59	      2.77	     62.76	     48.43	-27.11	 1.231e-04	      3.90	0	Gaussian	292.227538	36.155708
266	1	  0.001456	  0.002577	     -1.00	    264.81	    182.10	      3.26	      2.89	     57.01	     50.52	1.76	 1.045e-04	      3.90	0	Gaussian	294.961384	37.796792
267	1	  0.001454	  0.002792	     -1.00	    302.21	    623.27	      3.08	      2.88	     53.99	     50.41	-25.87	 6.566e-05	      3.90	0	Gaussian	294.979207	35.748748
268	1	  0.001475	  0.002599	     -1.00	    741.43	    662.61	      3.25	      2.84	     56.92	     49.76	-33.18	 1.009e-04	      3.91	0	Gaussian	292.552901	35.402016
269	1	  0.001459	  0.002629	     -1.00	    303.32	    135.71	      3.13	      3.01	     54.71	     52.63	7.36	 7.648e-05	      3.91	0	Gaussian	294.712416	37.997515
270	1	  0.001455	  0.002487	     -1.00	    294.69	    147.38	      3.18	      3.10	     55.66	     54.34	-0.34	 6.244e-05	      3.91	0	Gaussian	294.769034	37.946693
271	1	  0.001459	  0.002750	     -1.00	    786.81	    790.76	      3.12	      2.89	     54.67	     50.57	-33.46	 5.810e-05	      3.91	0	Gaussian	292.389929	34.800703
272	1	  0.001459	  0.002591	     -1.00	    254.85	    495.03	      3.08	      2.93	     53.88	     51.36	-8.58	 9.826e-05	      3.91	0	Gaussian	295.181530	36.354427
273	1	  0.001456	  0.001114	     -1.00	     94.57	    324.18	      6.66	      3.15	    116.55	     55.16	-17.92	 7.119e-05	      3.92	0	Gaussian	296.018404	37.194247
274	1	  0.001585	  0.003287	     -1.00	    787.24	    699.96	      2.78	      2.54	     48.74	     44.39	-76.16	 6.519e-04	      3.92	0	Gaussian	292.325807	35.212392
275	1	  0.001469	  0.002471	     -1.00	    279.39	    572.86	      3.32	      2.85	     58.14	     49.85	-14.74	 6.487e-05	      3.93	0	Gaussian	295.082039	35.987999
276	1	  0.001429	  0.002037	     -1.00	    778.64	    212.69	      3.67	      3.14	     64.18	     54.90	-7.03	 4.459e-05	      3.93	0	Gaussian	292.030280	37.437852
277	1	  0.001493	  0.002644	     -1.00	    135.88	     44.83	      3.04	      2.97	     53.17	     52.01	30.13	 1.819e-04	      3.93	0	Gaussian	295.644842	38.478098
278	1	  0.001421	  0.000256	     -1.00	    303.05	    529.41	     17.11	      6.26	    299.47	    109.59	-71.26	 5.631e-05	      3.94	0	Gaussian	294.925646	36.180110
279	1	  0.001511	  0.002627	     -1.00	     73.43	    740.76	      3.17	      2.85	     55.41	     49.89	-20.89	 9.198e-05	      3.94	0	Gaussian	296.322691	35.275401
280	1	  0.001558	  0.003157	     -1.00	    362.28	    567.52	      2.86	      2.62	     50.06	     45.80	-28.43	 5.093e-04	      3.94	0	Gaussian	294.611136	35.984614
281	1	  0.001453	  0.001951	     -1.00	    248.28	    432.59	      3.98	      3.03	     69.74	     53.02	-5.42	 5.780e-05	      3.94	0	Gaussian	295.187219	36.644537
282	1	  0.001451	  0.002711	     -1.00	    392.60	    331.46	      3.02	      2.88	     52.80	     50.44	-5.75	 7.732e-05	      3.95	0	Gaussian	294.307438	37.059914
283	1	  0.001476	  0.001895	     -1.00	    779.91	    412.28	      3.72	      3.29	     65.07	     57.60	-49.99	 1.088e-04	      3.96	0	Gaussian	292.166270	36.525184
284	1	  0.001471	  0.002327	     -1.00	    321.53	    423.40	      3.50	      2.91	     61.18	     50.89	6.67	 6.236e-05	      3.97	0	Gaussian	294.764319	36.661996
285	1	  0.001475	  0.001967	     -1.00	    416.89	     76.66	      3.70	      3.14	     64.82	     54.93	-13.82	 1.165e-04	      3.97	0	Gaussian	294.017902	38.226359
286	1	  0.001491	  0.002617	     -1.00	    216.23	    777.05	      3.06	      2.88	     53.57	     50.44	-38.05	 8.236e-05	      3.98	0	Gaussian	295.537893	35.069246
287	1	  0.001445	  0.000943	     -1.00	    233.42	    161.04	      7.58	      3.13	    132.61	     54.84	-49.95	 7.061e-05	      3.99	0	Gaussian	295.132762	37.905441
288	1	  0.001488	  0.002244	     -1.00	    528.12	    381.87	      3.32	      3.12	     58.18	     54.55	17.15	 9.630e-05	      3.99	0	Gaussian	293.565392	36.774739
289	1	  0.001471	  0.002207	     -1.00	    489.25	    414.33	      3.36	      3.09	     58.80	     54.06	-2.67	 9.519e-05	      4.00	0	Gaussian	293.805607	36.641283
290	1	  0.001471	  0.002495	     -1.00	     29.14	    327.41	      3.20	      2.82	     55.99	     49.38	0.85	 1.032e-04	      4.00	0	Gaussian	296.398658	37.198125
291	1	  0.001466	  0.002372	     -1.00	    161.63	    393.05	      3.20	      2.91	     56.04	     50.87	1.24	 5.328e-05	      4.00	0	Gaussian	295.664067	36.854960
292	1	  0.001478	  0.002206	     -1.00	    463.41	    775.73	      3.39	      2.87	     59.31	     50.16	-53.38	 1.098e-04	      4.00	0	Gaussian	294.161030	34.995508
293	1	  0.001461	  0.002366	     -1.00	    258.93	     82.07	      3.27	      2.90	     57.21	     50.81	4.99	 8.292e-05	      4.00	0	Gaussian	294.942063	38.262354
294	1	  0.001455	  0.002101	     -1.00	    600.50	    432.42	      3.40	      3.15	     59.48	     55.13	-12.95	 5.587e-05	      4.01	0	Gaussian	293.187929	36.512906
295	1	  0.001451	  0.002389	     -1.00	    190.82	    590.16	      3.18	      2.95	     55.71	     51.63	-15.16	 6.327e-05	      4.02	0	Gaussian	295.591844	35.936105
296	1	  0.001455	  0.002477	     -1.00	      7.98	     77.63	      3.19	      2.76	     55.82	     48.35	4.51	 6.363e-05	      4.02	0	Gaussian	296.413865	38.365481
297	1	  0.001465	  0.001776	     -1.00	    742.02	    508.06	      3.51	      3.44	     61.45	     60.25	-62.79	 7.109e-05	      4.03	0	Gaussian	292.444751	36.105634
298	1	  0.001521	  0.002531	     -1.00	     60.55	    155.18	      3.06	      2.85	     53.49	     49.83	-2.41	 2.150e-04	      4.03	0	Gaussian	296.139395	37.988992
299	1	  0.001424	  0.000626	     -1.00	    508.59	    169.51	      7.23	      4.78	    126.46	     83.61	38.15	 5.206e-05	      4.03	0	Gaussian	293.544518	37.759704
300	1	  0.001452	  0.002354	     -1.00	    300.32	    424.48	      3.16	      2.94	     55.38	     51.54	-10.90	 5.733e-05	      4.04	0	Gaussian	294.885910	36.664384
301	1	  0.001445	  0.002073	     -1.00	    529.45	    197.34	      3.42	      3.06	     59.83	     53.53	-14.19	 4.976e-05	      4.05	0	Gaussian	293.442195	37.622635
302	1	  0.001446	  0.001231	     -1.00	    226.60	    237.07	      5.61	      3.02	     98.13	     52.80	-32.03	 5.493e-05	      4.05	0	Gaussian	295.211800	37.555626
303	1	  0.001480	  0.002374	     -1.00	    209.74	    120.57	      3.14	      2.91	     55.00	     50.89	14.22	 9.972e-05	      4.05	0	Gaussian	295.249822	38.101310
304	1	  0.001488	  0.002321	     -1.00	     55.69	    695.30	      3.17	      2.94	     55.51	     51.50	-11.31	 6.295e-05	      4.05	0	Gaussian	296.403493	35.489412
305	1	  0.001475	  0.002125	     -1.00	    202.49	    183.25	      3.38	      3.02	     59.16	     52.81	-10.67	 7.790e-05	      4.06	0	Gaussian	295.324239	37.813155
306	1	  0.001404	  0.000701	     -1.00	     26.42	    460.67	      8.40	      3.50	    146.96	     61.30	-6.51	 5.407e-05	      4.06	0	Gaussian	296.471250	36.581134
307	1	  0.001489	  0.002437	     -1.00	    611.06	    405.95	      3.04	      2.88	     53.27	     50.45	-15.43	 1.931e-04	      4.06	0	Gaussian	293.111365	36.629679
308	1	  0.001494	  0.001093	     -1.00	    505.20	    574.18	      5.75	      3.29	    100.70	     57.67	-0.01	 2.065e-04	      4.06	0	Gaussian	293.811273	35.901870
309	1	  0.001432	  0.002163	     -1.00	    466.08	    137.53	      3.30	      3.03	     57.76	     53.02	1.27	 5.695e-05	      4.07	0	Gaussian	293.769798	37.925014
310	1	  0.001520	  0.002232	     -1.00	    442.68	    636.75	      3.33	      2.79	     58.33	     48.75	-4.87	 1.512e-04	      4.07	0	Gaussian	294.197855	35.638530
311	1	  0.001487	  0.002535	     -1.00	    593.61	    765.43	      3.06	      2.64	     53.49	     46.27	-40.76	 1.426e-04	      4.07	0	Gaussian	293.434850	34.994385
312	1	  0.001464	  0.001730	     -1.00	    591.49	    641.47	      3.52	      3.49	     61.60	     61.06	-55.62	 9.105e-05	      4.07	0	Gaussian	293.370253	35.560509
313	1	  0.001449	  0.001523	     -1.00	    120.78	    612.18	      4.45	      3.00	     77.96	     52.53	8.27	 9.397e-05	      4.08	0	Gaussian	295.998944	35.855048
314	1	  0.001483	  0.002256	     -1.00	    580.26	    733.39	      3.21	      2.93	     56.14	     51.27	-38.72	 1.969e-04	      4.08	0	Gaussian	293.489060	35.145532
315	1	  0.001469	  0.002156	     -1.00	     64.09	     62.03	      3.27	      2.95	     57.28	     51.67	3.07	 9.801e-05	      4.08	0	Gaussian	296.075967	38.421169
316	1	  0.001486	  0.001955	     -1.00	    113.58	    452.53	      3.43	      3.15	     59.98	     55.17	13.45	 6.815e-05	      4.09	0	Gaussian	295.967621	36.594365
317	1	  0.001504	  0.002207	     -1.00	    421.63	    364.92	      3.10	      2.98	     54.27	     52.08	-28.69	 1.414e-04	      4.09	0	Gaussian	294.160892	36.894736
318	1	  0.001450	  0.000829	     -1.00	    322.98	    786.33	      6.03	      3.97	    105.62	     69.41	-22.66	 6.137e-05	      4.10	0	Gaussian	294.946888	34.994154
319	1	  0.001685	  0.002784	     -1.00	    147.52	    516.63	      2.80	      2.62	     48.98	     45.84	8.81	 5.334e-04	      4.10	0	Gaussian	295.803221	36.288162
320	1	  0.001509	  0.002344	     -1.00	    169.49	    522.99	      3.02	      2.85	     52.83	     49.93	1.81	 3.419e-04	      4.10	0	Gaussian	295.681036	36.252248
321	1	  0.001469	  0.000799	     -1.00	    640.63	    317.62	      6.86	      3.64	    120.07	     63.70	-53.22	 1.215e-04	      4.10	0	Gaussian	292.886065	37.021680
322	1	  0.001538	  0.001626	     -1.00	    343.99	    725.36	      3.94	      3.13	     68.95	     54.80	25.04	 3.650e-04	      4.10	0	Gaussian	294.798054	35.266601
323	1	  0.001455	  0.002142	     -1.00	    452.09	    721.90	      3.11	      3.08	     54.36	     53.84	12.80	 7.300e-05	      4.11	0	Gaussian	294.193559	35.245473
324	1	  0.001434	  0.001977	     -1.00	    611.63	    605.23	      3.39	      3.08	     59.30	     53.90	-21.25	 5.205e-05	      4.11	0	Gaussian	293.235468	35.717877
325	1	  0.001442	  0.002340	     -1.00	    791.26	    730.30	      3.22	      2.64	     56.28	     46.25	-24.31	 5.516e-05	      4.11	0	Gaussian	292.324500	35.072903
326	1	  0.001433	  0.001683	     -1.00	    210.01	    207.10	      3.63	      3.18	     63.57	     55.58	-10.91	 8.571e-05	      4.12	0	Gaussian	295.292656	37.700097
327	1	  0.001485	  0.002368	     -1.00	    788.46	    625.20	      3.06	      2.75	     53.51	     48.21	-34.49	 1.346e-04	      4.12	0	Gaussian	292.267709	35.551463
328	1	  0.001436	  0.002034	     -1.00	    589.33	    238.82	      3.32	      2.96	     58.04	     51.72	-16.67	 3.611e-05	      4.14	0	Gaussian	293.126000	37.405943
329	1	  0.001424	  0.001540	     -1.00	    452.49	    103.04	      4.28	      2.99	     74.86	     52.36	-11.84	 5.242e-05	      4.14	0	Gaussian	293.827287	38.089811
330	1	  0.001448	  0.002012	     -1.00	    595.97	    212.68	      3.38	      2.91	     59.11	     50.88	0.33	 5.303e-05	      4.14	0	Gaussian	293.070901	37.523141
331	1	  0.001493	  0.001729	     -1.00	     49.03	    752.67	      3.58	      3.15	     62.69	     55.13	-9.21	 6.942e-05	      4.14	0	Gaussian	296.465039	35.226847
332	1	  0.001511	  0.002206	     -1.00	    583.82	    495.50	      3.11	      2.88	     54.45	     50.42	-13.11	 1.270e-04	      4.15	0	Gaussian	293.321896	36.230939
333	1	  0.001412	  0.001290	     -1.00	     96.31	    618.46	      3.94	      3.82	     68.93	     66.82	-84.88	 5.344e-05	      4.15	0	Gaussian	296.140499	35.832878
334	1	  0.001533	  0.002121	     -1.00	    437.99	    360.02	      3.15	      2.82	     55.21	     49.34	2.23	 3.114e-04	      4.15	0	Gaussian	294.064752	36.911034
335	1	  0.001487	  0.001957	     -1.00	     92.18	     26.85	      3.37	      2.90	     59.01	     50.77	3.18	 1.204e-04	      4.15	0	Gaussian	295.893775	38.576031
336	1	  0.001511	  0.000656	     -1.00	      7.54	    767.09	      7.49	      3.93	    131.18	     68.77	-15.72	 1.081e-04	      4.16	0	Gaussian	296.704447	35.170624
337	1	  0.001528	  0.002383	     -1.00	    512.75	    583.29	      3.07	      2.56	     53.69	     44.89	-22.99	 1.856e-04	      4.16	0	Gaussian	293.774427	35.857281
338	1	  0.001454	  0.001634	     -1.00	    235.87	    392.04	      3.43	      3.41	     60.00	     59.73	-83.58	 6.410e-05	      4.16	0	Gaussian	295.237606	36.835830
339	1	  0.001473	  0.002138	     -1.00	    483.51	     10.34	      3.18	      2.89	     55.69	     50.50	3.48	 8.595e-05	      4.16	0	Gaussian	293.589296	38.504669
340	1	  0.001461	  0.002103	     -1.00	     59.09	    333.49	      3.31	      2.84	     57.98	     49.69	3.65	 8.149e-05	      4.16	0	Gaussian	296.227865	37.161433
341	1	  0.001439	  0.001350	     -1.00	    418.85	     58.94	      3.94	      3.46	     68.94	     60.49	35.27	 7.137e-05	      4.17	0	Gaussian	293.995833	38.307457
342	1	  0.001478	  0.002160	     -1.00	    440.34	    313.56	      3.12	      2.87	     54.58	     50.30	-22.73	 9.853e-05	      4.17	0	Gaussian	294.023950	37.124009
343	1	  0.001477	  0.002110	     -1.00	    772.26	    512.02	      3.15	      2.83	     55.08	     49.53	-6.79	 6.415e-05	      4.17	0	Gaussian	292.279017	36.073902
344	1	  0.001450	  0.000412	     -1.00	    539.23	    512.57	      7.98	      5.86	    139.61	    102.48	-44.05	 6.192e-05	      4.17	0	Gaussian	293.583073	36.170788
345	1	  0.001462	  0.001933	     -1.00	    142.93	    316.74	      3.33	      2.94	     58.29	     51.54	-1.32	 8.243e-05	      4.17	0	Gaussian	295.735378	37.213969
346	1	  0.001434	  0.001934	     -1.00	    283.33	    599.49	      3.39	      2.87	     59.25	     50.23	-36.56	 4.780e-05	      4.18	0	Gaussian	295.073384	35.864225
347	1	  0.001476	  0.001386	     -1.00	    386.81	    367.78	      3.81	      3.47	     66.69	     60.65	50.79	 7.727e-05	      4.18	0	Gaussian	294.361163	36.894694
348	1	  0.001443	  0.002017	     -1.00	    636.62	    486.59	      3.21	      2.95	     56.21	     51.56	-34.17	 5.659e-05	      4.19	0	Gaussian	293.019810	36.249658
349	1	  0.001451	  0.001572	     -1.00	    679.42	    595.05	      3.86	      3.08	     67.64	     53.91	-46.76	 8.519e-05	      4.19	0	Gaussian	292.851626	35.736224
350	1	  0.001429	  0.001333	     -1.00	    273.58	    228.08	      4.36	      3.17	     76.32	     55.52	-9.84	 3.287e-05	      4.19	0	Gaussian	294.935122	37.580874
351	1	  0.001527	  0.002274	     -1.00	    556.80	    641.38	      3.09	      2.70	     54.00	     47.26	-34.40	 1.104e-04	      4.19	0	Gaussian	293.563297	35.574554
352	1	  0.001431	  0.001673	     -1.00	    668.69	    110.63	      3.56	      3.11	     62.28	     54.51	-24.69	 3.376e-05	      4.19	0	Gaussian	292.585161	37.958725
353	1	  0.001438	  0.000204	     -1.00	    497.26	    782.63	     10.68	      8.41	    186.97	    147.24	-28.75	 5.623e-05	      4.19	0	Gaussian	293.977515	34.951932
354	1	  0.001433	  0.001039	     -1.00	    421.95	    559.82	      5.44	      3.25	     95.22	     56.94	-23.46	 4.933e-05	      4.20	0	Gaussian	294.270666	35.998761
355	1	  0.001440	  0.001473	     -1.00	    113.06	     93.02	      3.86	      3.09	     67.56	     54.09	6.89	 6.393e-05	      4.22	0	Gaussian	295.802405	38.261572
356	1	  0.001449	  0.001739	     -1.00	    230.33	    657.74	      3.46	      3.06	     60.62	     53.53	-24.82	 5.656e-05	      4.22	0	Gaussian	295.401312	35.613066
357	1	  0.001472	  0.001876	     -1.00	     93.16	    349.82	      3.21	      2.97	     56.13	     51.91	-12.36	 2.381e-04	      4.22	0	Gaussian	296.038244	37.075846
358	1	  0.001445	  0.001857	     -1.00	     34.06	    592.63	      3.24	      2.97	     56.62	     51.95	-3.00	 5.730e-05	      4.23	0	Gaussian	296.483097	35.968740
359	1	  0.001444	  0.001733	     -1.00	    102.72	    590.53	      3.41	      3.15	     59.70	     55.06	-15.04	 9.622e-05	      4.23	0	Gaussian	296.091730	35.959938
360	1	  0.001495	  0.001522	     -1.00	    679.08	    640.91	      4.29	      2.64	     75.12	     46.17	-14.54	 1.586e-04	      4.24	0	Gaussian	292.883471	35.527317
361	1	  0.001429	  0.000875	     -1.00	    575.05	    715.98	      5.53	      3.67	     96.84	     64.16	-79.97	 5.547e-05	      4.24	0	Gaussian	293.507322	35.226937
362	1	  0.001461	  0.000275	     -1.00	    766.42	    754.81	     14.15	      4.56	    247.68	     79.86	-13.54	 9.709e-05	      4.24	0	Gaussian	292.477329	34.972446
363	1	  0.001435	  0.001710	     -1.00	    515.80	    198.64	      3.38	      3.20	     59.17	     55.95	11.65	 4.824e-05	      4.24	0	Gaussian	293.521407	37.622470
364	1	  0.001447	  0.001556	     -1.00	    557.43	    686.35	      3.55	      3.18	     62.15	     55.73	78.74	 6.561e-05	      4.25	0	Gaussian	293.587088	35.368918
365	1	  0.001442	  0.001741	     -1.00	    478.42	    121.20	      3.36	      3.11	     58.89	     54.46	-10.75	 4.877e-05	      4.25	0	Gaussian	293.688377	37.995151
366	1	  0.001433	  0.001312	     -1.00	    678.14	    757.52	      4.58	      2.95	     80.18	     51.59	-15.72	 5.618e-05	      4.26	0	Gaussian	292.964041	34.996901
367	1	  0.001453	  0.001671	     -1.00	    281.61	     19.07	      3.38	      3.22	     59.16	     56.30	-5.70	 4.740e-05	      4.26	0	Gaussian	294.774854	38.546093
368	1	  0.001513	  0.002149	     -1.00	    221.91	    352.49	      3.00	      2.60	     52.44	     45.51	-1.19	 1.682e-04	      4.27	0	Gaussian	295.297700	37.023211
369	1	  0.001433	  0.001539	     -1.00	    619.82	    300.48	      3.49	      3.37	     61.15	     58.98	-43.56	 3.925e-05	      4.27	0	Gaussian	292.992858	37.109473
370	1	  0.001465	  0.001329	     -1.00	    213.94	    329.93	      4.13	      3.07	     72.24	     53.69	-24.13	 8.858e-05	      4.27	0	Gaussian	295.332208	37.130144
371	1	  0.001479	  0.001936	     -1.00	    660.69	    678.61	      3.27	      2.65	     57.26	     46.37	-47.76	 9.428e-05	      4.27	0	Gaussian	293.009690	35.363180
372	1	  0.001541	  0.002102	     -1.00	     47.38	    337.03	      3.03	      2.73	     53.05	     47.71	-18.06	 2.818e-04	      4.27	0	Gaussian	296.297212	37.148355
373	1	  0.001422	  0.001554	     -1.00	    363.64	    462.83	      3.60	      3.22	     62.98	     56.31	-39.50	 3.227e-05	      4.27	0	Gaussian	294.546183	36.465504
374	1	  0.001472	  0.000507	     -1.00	    391.73	    559.09	     11.41	      3.02	    199.77	     52.79	-3.98	 1.163e-04	      4.28	0	Gaussian	294.440487	36.012969
375	1	  0.001449	  0.001531	     -1.00	    174.71	    119.64	      3.76	      3.01	     65.77	     52.75	-18.95	 9.397e-05	      4.28	0	Gaussian	295.454149	38.117595
376	1	  0.001483	  0.001866	     -1.00	    712.97	    728.14	      3.19	      2.89	     55.84	     50.53	-62.05	 1.986e-04	      4.28	0	Gaussian	292.753280	35.116125
377	1	  0.001435	  0.001637	     -1.00	    439.68	     55.14	      3.43	      3.15	     60.03	     55.16	-3.77	 4.870e-05	      4.29	0	Gaussian	293.872329	38.316402
378	1	  0.001449	  0.001846	     -1.00	    271.57	    131.50	      3.18	      2.96	     55.67	     51.80	0.44	 6.703e-05	      4.29	0	Gaussian	294.894944	38.028690
379	1	  0.001460	  0.001728	     -1.00	    383.46	    535.43	      3.31	      3.02	     57.96	     52.78	-33.75	 5.616e-05	      4.29	0	Gaussian	294.474042	36.124614
380	1	  0.001460	  0.001815	     -1.00	    475.70	    220.54	      3.19	      3.00	     55.90	     52.45	-4.03	 9.314e-05	      4.30	0	Gaussian	293.765327	37.538292
381	1	  0.001439	  0.001822	     -1.00	     62.15	    361.04	      3.22	      2.90	     56.37	     50.84	-1.27	 6.826e-05	      4.30	0	Gaussian	296.222408	37.032850
382	1	  0.001454	  0.000612	     -1.00	    228.92	    794.43	      8.66	      3.25	    151.61	     56.91	-30.02	 5.436e-05	      4.30	0	Gaussian	295.475286	34.985807
383	1	  0.001452	  0.000965	     -1.00	    141.24	    338.86	      4.36	      3.78	     76.31	     66.18	48.87	 6.573e-05	      4.30	0	Gaussian	295.755648	37.112064
384	1	  0.001454	  0.001647	     -1.00	     21.74	    230.47	      3.46	      2.97	     60.55	     52.06	-4.68	 8.405e-05	      4.30	0	Gaussian	296.399762	37.650398
385	1	  0.001448	  0.001732	     -1.00	    561.87	    177.00	      3.31	      2.94	     57.94	     51.50	0.06	 6.404e-05	      4.30	0	Gaussian	293.243000	37.702268
386	1	  0.001497	  0.001777	     -1.00	    439.65	    770.10	      3.17	      2.92	     55.45	     51.03	-10.17	 1.710e-04	      4.31	0	Gaussian	294.289686	35.029556
387	1	  0.001442	  0.000376	     -1.00	    455.84	    524.31	      8.46	      4.97	    148.09	     87.02	-86.90	 7.680e-05	      4.32	0	Gaussian	294.059444	36.149210
388	1	  0.001434	  0.001680	     -1.00	    109.81	    396.29	      3.30	      2.95	     57.82	     51.64	0.26	 4.577e-05	      4.32	0	Gaussian	295.963538	36.855676
389	1	  0.001450	  0.001557	     -1.00	    116.19	    229.67	      3.56	      3.06	     62.30	     53.56	-10.96	 6.299e-05	      4.34	0	Gaussian	295.849113	37.625940
390	1	  0.001463	  0.001498	     -1.00	    745.03	    388.48	      3.59	      3.08	     62.86	     53.96	-16.50	 8.535e-05	      4.34	0	Gaussian	292.345213	36.650081
391	1	  0.001472	  0.000700	     -1.00	    698.25	    250.62	      5.83	      3.79	    101.97	     66.32	59.12	 1.539e-04	      4.35	0	Gaussian	292.513608	37.302563
392	1	  0.001538	  0.001323	     -1.00	    148.96	    507.90	      4.38	      2.85	     76.67	     49.86	-62.75	 3.250e-04	      4.36	0	Gaussian	295.790888	36.328040
393	1	  0.001468	  0.000861	     -1.00	    683.72	    163.78	      5.84	      3.02	    102.16	     52.79	-31.66	 8.144e-05	      4.36	0	Gaussian	292.536063	37.707629
394	1	  0.001450	  0.000893	     -1.00	     48.53	     35.91	      5.24	      3.40	     91.74	     59.47	9.37	 7.693e-05	      4.36	0	Gaussian	296.155770	38.547599
395	1	  0.001511	  0.001859	     -1.00	    256.20	    716.73	      3.12	      2.82	     54.53	     49.29	-6.73	 1.807e-04	      4.36	0	Gaussian	295.284895	35.334110
396	1	  0.001466	  0.000569	     -1.00	    525.01	     65.92	      9.45	      2.86	    165.36	     50.11	17.62	 9.142e-05	      4.36	0	Gaussian	293.383759	38.230083
397	1	  0.001532	  0.000713	     -1.00	    543.01	    566.57	      7.89	      2.81	    138.17	     49.15	-26.80	 2.930e-04	      4.36	0	Gaussian	293.594815	35.922022
398	1	  0.001548	  0.001932	     -1.00	    627.53	    408.18	      2.87	      2.72	     50.19	     47.59	-58.88	 4.879e-04	      4.36	0	Gaussian	293.019880	36.612428
399	1	  0.001535	  0.001553	     -1.00	    571.72	    323.71	      3.28	      3.21	     57.34	     56.17	-18.95	 1.239e-04	      4.37	0	Gaussian	293.281262	37.023670
400	1	  0.001484	  0.000524	     -1.00	    678.36	    412.42	      7.98	      3.75	    139.64	     65.59	-75.47	 1.588e-04	      4.37	0	Gaussian	292.736408	36.570819
401	1	  0.001444	  0.001678	     -1.00	     17.03	     67.60	      3.25	      2.89	     56.91	     50.59	5.71	 1.062e-04	      4.37	0	Gaussian	296.356017	38.409544
402	1	  0.001460	  0.001102	     -1.00	    245.08	    745.15	      4.32	      3.25	     75.66	     56.97	-38.90	 7.249e-05	      4.38	0	Gaussian	295.361145	35.207084
403	1	  0.001466	  0.001571	     -1.00	    107.98	    250.64	      3.43	      2.95	     59.97	     51.69	6.04	 7.110e-05	      4.39	0	Gaussian	295.906685	37.531222
404	1	  0.001553	  0.001488	     -1.00	    451.10	    756.88	      3.55	      2.91	     62.17	     50.86	-13.06	 1.918e-04	      4.39	0	Gaussian	294.218716	35.085944
405	1	  0.001499	  0.001436	     -1.00	    163.71	     88.98	      3.51	      3.05	     61.43	     53.34	7.51	 1.270e-04	      4.39	0	Gaussian	295.503227	38.263680
406	1	  0.001523	  0.001623	     -1.00	    573.23	     36.98	      3.28	      2.89	     57.50	     50.64	-13.79	 1.473e-04	      4.39	0	Gaussian	293.085475	38.341886
407	1	  0.001506	  0.001672	     -1.00	    174.09	    221.37	      3.34	      2.78	     58.43	     48.60	-1.18	 1.427e-04	      4.39	0	Gaussian	295.508509	37.645931
408	1	  0.001473	  0.001762	     -1.00	    680.01	    504.61	      3.09	      2.77	     54.06	     48.45	-7.86	 1.221e-04	      4.39	0	Gaussian	292.788662	36.148716
409	1	  0.001471	  0.001604	     -1.00	    587.98	    562.27	      3.19	      2.92	     55.86	     51.17	-12.70	 9.419e-05	      4.40	0	Gaussian	293.340506	35.923760
410	1	  0.001453	  0.001455	     -1.00	    649.26	    502.29	      3.45	      3.16	     60.30	     55.26	-41.13	 5.495e-05	      4.40	0	Gaussian	292.959232	36.172538
411	1	  0.001467	  0.001540	     -1.00	    448.48	    295.07	      3.26	      3.03	     57.07	     52.97	-0.83	 8.536e-05	      4.41	0	Gaussian	293.966398	37.205953
412	1	  0.001439	  0.001026	     -1.00	     81.95	    597.18	      3.96	      3.80	     69.31	     66.49	-51.21	 6.653e-05	      4.41	0	Gaussian	296.212685	35.934989
413	1	  0.001509	  0.001330	     -1.00	     67.16	    147.59	      3.88	      3.07	     67.92	     53.76	14.97	 2.667e-04	      4.41	0	Gaussian	296.097205	38.022290
414	1	  0.001429	  0.001228	     -1.00	     56.03	    600.78	      3.66	      3.37	     64.14	     59.03	-28.43	 4.403e-05	      4.41	0	Gaussian	296.361531	35.925331
415	1	  0.001530	  0.001629	     -1.00	    422.42	    657.02	      3.16	      2.82	     55.30	     49.34	-1.12	 9.674e-05	      4.42	0	Gaussian	294.322655	35.552926
416	1	  0.001447	  0.001112	     -1.00	    485.94	    345.76	      4.26	      3.09	     74.55	     54.10	-36.61	 5.309e-05	      4.42	0	Gaussian	293.783026	36.957762
417	1	  0.001439	  0.001330	     -1.00	     94.61	    242.48	      3.74	      3.16	     65.52	     55.29	4.81	 5.305e-05	      4.42	0	Gaussian	295.980612	37.573174
418	1	  0.001458	  0.001399	     -1.00	    374.34	    150.64	      3.58	      3.16	     62.70	     55.24	-17.42	 5.694e-05	      4.43	0	Gaussian	294.308572	37.901430
419	1	  0.001476	  0.001424	     -1.00	    186.64	    360.98	      3.42	      3.08	     59.92	     53.91	-3.57	 1.316e-04	      4.43	0	Gaussian	295.504781	36.995391
420	1	  0.001464	  0.001444	     -1.00	    188.61	    453.28	      3.54	      2.96	     61.94	     51.87	-15.76	 6.935e-05	      4.44	0	Gaussian	295.538480	36.568193
421	1	  0.001468	  0.001199	     -1.00	     43.57	    628.81	      3.69	      3.36	     64.55	     58.74	1.36	 1.380e-04	      4.44	0	Gaussian	296.444174	35.799199
422	1	  0.001452	  0.001447	     -1.00	    451.40	     73.89	      3.44	      3.05	     60.23	     53.43	-13.53	 9.829e-05	      4.44	0	Gaussian	293.815685	38.224863
423	1	  0.001452	  0.000508	     -1.00	    151.84	    550.12	      9.15	      3.01	    160.08	     52.70	5.77	 8.424e-05	      4.45	0	Gaussian	295.794178	36.132342
424	1	  0.001443	  0.000690	     -1.00	    115.03	    167.98	      4.89	      4.28	     85.57	     74.96	-75.41	 7.505e-05	      4.45	0	Gaussian	295.826635	37.912689
425	1	  0.001481	  0.001452	     -1.00	    247.05	    223.91	      3.32	      2.95	     58.12	     51.59	-15.55	 8.415e-05	      4.45	0	Gaussian	295.086511	37.609491
426	1	  0.001495	  0.001498	     -1.00	     43.75	    492.22	      3.41	      2.98	     59.68	     52.12	-4.00	 1.668e-04	      4.46	0	Gaussian	296.385300	36.430434
427	1	  0.001474	  0.001405	     -1.00	    587.00	    380.74	      3.49	      3.00	     61.16	     52.59	-5.31	 8.035e-05	      4.46	0	Gaussian	293.231104	36.755466
428	1	  0.001430	  0.001311	     -1.00	    411.61	    103.66	      3.61	      3.23	     63.17	     56.52	-16.40	 4.819e-05	      4.46	0	Gaussian	294.064793	38.103749
429	1	  0.001537	  0.001640	     -1.00	    686.81	    406.76	      3.09	      2.92	     54.07	     51.14	-29.29	 1.362e-04	      4.47	0	Gaussian	292.685025	36.592946
430	1	  0.001487	  0.001414	     -1.00	    278.75	    673.34	      3.43	      2.94	     60.06	     51.38	-9.33	 1.131e-04	      4.47	0	Gaussian	295.136713	35.526322
431	1	  0.001588	  0.001768	     -1.00	    570.92	    491.25	      3.03	      2.61	     53.02	     45.65	-9.58	 2.211e-04	      4.47	0	Gaussian	293.391738	36.255699
432	1	  0.001481	  0.001589	     -1.00	    413.02	    759.64	      3.14	      2.82	     54.97	     49.39	-10.06	 1.346e-04	      4.48	0	Gaussian	294.431833	35.086567
433	1	  0.001453	  0.000524	     -1.00	    485.03	    690.22	      9.21	      3.05	    161.28	     53.45	-15.11	 6.688e-05	      4.48	0	Gaussian	293.992058	35.378456
434	1	  0.001501	  0.001486	     -1.00	    553.97	    748.79	      3.17	      2.92	     55.54	     51.07	-12.14	 1.219e-04	      4.49	0	Gaussian	293.643853	35.085344
435	1	  0.001457	  0.000685	     -1.00	    728.07	    615.88	      5.30	      3.87	     92.78	     67.75	-58.92	 1.026e-04	      4.49	0	Gaussian	292.595396	35.620442
436	1	  0.001443	  0.001278	     -1.00	    643.01	    558.00	      3.54	      3.13	     61.93	     54.77	-18.28	 5.588e-05	      4.49	0	Gaussian	293.030329	35.920634
437	1	  0.001455	  0.001297	     -1.00	    752.67	     35.68	      3.65	      3.01	     63.84	     52.60	-12.51	 5.675e-05	      4.49	0	Gaussian	292.049308	38.261803
438	1	  0.001484	  0.001539	     -1.00	    778.04	     48.48	      3.24	      2.80	     56.78	     49.01	-3.71	 1.102e-04	      4.50	0	Gaussian	291.913139	38.190263
439	1	  0.001468	  0.001354	     -1.00	    734.44	    221.01	      3.31	      3.03	     58.01	     52.98	-3.06	 6.129e-05	      4.50	0	Gaussian	292.287213	37.421132
440	1	  0.001426	  0.000880	     -1.00	    792.90	    206.51	      4.25	      3.84	     74.37	     67.21	46.43	 2.830e-05	      4.50	0	Gaussian	291.944886	37.459069
441	1	  0.001518	  0.001564	     -1.00	    576.88	    742.17	      3.23	      2.83	     56.62	     49.46	-18.12	 2.618e-04	      4.51	0	Gaussian	293.513120	35.106805
442	1	  0.001469	  0.001513	     -1.00	    790.88	    143.48	      3.18	      2.82	     55.73	     49.38	-1.40	 8.359e-05	      4.51	0	Gaussian	291.910030	37.748524
443	1	  0.001442	  0.000552	     -1.00	    141.65	    240.36	      7.73	      3.14	    135.33	     54.88	-50.75	 6.080e-05	      4.51	0	Gaussian	295.706196	37.568383
444	1	  0.001446	  0.001228	     -1.00	    761.81	    284.10	      3.58	      3.23	     62.69	     56.57	-36.95	 4.980e-05	      4.51	0	Gaussian	292.177020	37.119308
445	1	  0.001489	  0.001018	     -1.00	    455.26	    402.13	      4.06	      3.38	     71.04	     59.24	-61.53	 1.052e-04	      4.51	0	Gaussian	293.991239	36.710636
446	1	  0.001440	  0.001260	     -1.00	    368.25	    175.69	      3.64	      3.06	     63.66	     53.54	-0.79	 4.398e-05	      4.52	0	Gaussian	294.358232	37.788047
447	1	  0.001498	  0.001429	     -1.00	    708.83	    249.77	      3.32	      2.85	     58.03	     49.86	-7.37	 1.314e-04	      4.52	0	Gaussian	292.452889	37.301541
448	1	  0.001470	  0.001238	     -1.00	    425.41	    509.63	      3.68	      3.00	     64.36	     52.52	-13.95	 8.033e-05	      4.52	0	Gaussian	294.222686	36.227919
449	1	  0.001438	  0.001267	     -1.00	    619.44	    629.89	      3.62	      3.04	     63.36	     53.28	-5.19	 6.699e-05	      4.53	0	Gaussian	293.207565	35.602119
450	1	  0.001459	  0.001249	     -1.00	    377.69	    742.12	      3.72	      3.01	     65.18	     52.60	-11.13	 6.497e-05	      4.54	0	Gaussian	294.618937	35.178674
451	1	  0.001425	  0.000861	     -1.00	     72.54	    219.72	      4.40	      3.51	     77.02	     61.52	6.22	 4.872e-05	      4.54	0	Gaussian	296.098709	37.685516
452	1	  0.001469	  0.000986	     -1.00	      8.66	    111.79	      3.72	      3.61	     65.13	     63.22	28.45	 7.001e-05	      4.54	0	Gaussian	296.424758	38.206228
453	1	  0.001529	  0.001550	     -1.00	    137.12	     53.56	      3.10	      2.72	     54.27	     47.55	3.71	 2.949e-04	      4.54	0	Gaussian	295.641825	38.437113
454	1	  0.001446	  0.000769	     -1.00	     90.05	     52.68	      4.32	      4.00	     75.54	     69.97	-30.79	 6.031e-05	      4.54	0	Gaussian	295.918586	38.456511
455	1	  0.001501	  0.001492	     -1.00	    762.93	    361.03	      3.19	      2.81	     55.89	     49.18	-44.45	 1.517e-04	      4.54	0	Gaussian	292.225337	36.767130
456	1	  0.001537	  0.001667	     -1.00	    200.57	    509.81	      2.97	      2.75	     51.92	     48.05	-35.03	 5.922e-04	      4.55	0	Gaussian	295.497760	36.303524
457	1	  0.001447	  0.000961	     -1.00	    461.20	    422.54	      4.53	      3.13	     79.38	     54.72	5.61	 4.676e-05	      4.55	0	Gaussian	293.969556	36.614522
458	1	  0.001476	  0.001261	     -1.00	     25.30	    737.31	      3.52	      3.18	     61.53	     55.58	-7.98	 7.352e-05	      4.55	0	Gaussian	296.592425	35.303504
459	1	  0.001600	  0.001483	     -1.00	    341.40	    572.47	      3.09	      2.98	     54.03	     52.16	-11.86	 6.521e-04	      4.55	0	Gaussian	294.731607	35.969086
460	1	  0.001455	  0.001201	     -1.00	    300.53	    301.78	      3.71	      2.98	     64.92	     52.21	-2.69	 7.368e-05	      4.55	0	Gaussian	294.819109	37.230586
461	1	  0.001482	  0.001028	     -1.00	    665.42	    528.40	      3.72	      3.47	     65.08	     60.76	8.23	 1.035e-04	      4.56	0	Gaussian	292.885907	36.046348
462	1	  0.001433	  0.000415	     -1.00	    736.85	    571.50	      8.35	      3.83	    146.13	     67.09	57.35	 8.129e-05	      4.56	0	Gaussian	292.516754	35.818766
463	1	  0.001476	  0.000874	     -1.00	    207.38	     44.99	      4.58	      3.08	     80.09	     53.91	-21.83	 1.283e-04	      4.56	0	Gaussian	295.224464	38.452890
464	1	  0.001498	  0.001422	     -1.00	    637.81	    345.14	      3.27	      2.91	     57.24	     50.97	-19.15	 1.004e-04	      4.56	0	Gaussian	292.920330	36.896746
465	1	  0.001452	  0.000848	     -1.00	    113.89	     75.06	      5.49	      2.64	     96.03	     46.16	9.52	 1.704e-04	      4.58	0	Gaussian	295.788927	38.344805
466	1	  0.001480	  0.000699	     -1.00	    315.59	    158.47	      4.34	      4.11	     76.03	     71.86	-16.84	 1.074e-04	      4.58	0	Gaussian	294.653738	37.887623
467	1	  0.001497	  0.001277	     -1.00	    688.24	    514.63	      3.62	      2.94	     63.30	     51.38	-2.85	 1.494e-04	      4.59	0	Gaussian	292.749352	36.099376
468	1	  0.001448	  0.000424	     -1.00	    222.79	    184.37	      8.91	      3.39	    156.03	     59.42	13.82	 6.031e-05	      4.59	0	Gaussian	295.206715	37.801005
469	1	  0.001469	  0.001046	     -1.00	     52.72	    740.06	      3.66	      3.37	     64.14	     58.91	-89.06	 8.242e-05	      4.59	0	Gaussian	296.438989	35.283978
470	1	  0.001441	  0.001247	     -1.00	    473.18	    524.82	      3.30	      3.22	     57.73	     56.35	-25.16	 6.710e-05	      4.59	0	Gaussian	293.962066	36.140323
471	1	  0.001446	  0.000449	     -1.00	    386.07	    108.10	     10.04	      2.99	    175.75	     52.30	-22.67	 8.132e-05	      4.59	0	Gaussian	294.215721	38.093469
472	1	  0.001516	  0.001296	     -1.00	    174.62	    740.10	      3.45	      2.99	     60.31	     52.26	1.09	 1.331e-04	      4.59	0	Gaussian	295.753627	35.250943
473	1	  0.001481	  0.001359	     -1.00	    232.79	    428.35	      3.26	      3.00	     57.07	     52.45	-14.45	 1.159e-04	      4.59	0	Gaussian	295.273583	36.669190
474	1	  0.001432	  0.000706	     -1.00	    792.77	    422.63	      5.01	      3.60	     87.69	     63.08	-26.16	 3.612e-05	      4.60	0	Gaussian	292.101660	36.471917
475	1	  0.001527	  0.001386	     -1.00	    407.11	    378.03	      3.23	      2.86	     56.57	     50.04	-22.14	 1.594e-04	      4.60	0	Gaussian	294.251239	36.839885
476	1	  0.001485	  0.000767	     -1.00	    699.54	    412.23	      4.39	      3.82	     76.77	     66.91	-3.38	 1.052e-04	      4.61	0	Gaussian	292.617150	36.562251
477	1	  0.001455	  0.001252	     -1.00	    381.01	    776.28	      3.44	      2.97	     60.15	     52.03	-10.90	 5.981e-05	      4.61	0	Gaussian	294.618765	35.021275
478	1	  0.001508	  0.000914	     -1.00	    149.62	    727.97	      3.88	      3.42	     67.83	     59.91	77.22	 1.387e-04	      4.62	0	Gaussian	295.888449	35.313750
479	1	  0.001540	  0.001408	     -1.00	    563.85	    494.57	      3.16	      2.73	     55.27	     47.71	-5.88	 2.361e-04	      4.62	0	Gaussian	293.433554	36.243376
480	1	  0.001452	  0.000523	     -1.00	    173.99	    468.49	      6.19	      3.89	    108.36	     68.07	-75.98	 8.430e-05	      4.62	0	Gaussian	295.629399	36.502472
481	1	  0.001503	  0.000903	     -1.00	    150.36	    736.91	      3.82	      3.61	     66.85	     63.20	-9.12	 1.453e-04	      4.62	0	Gaussian	295.888391	35.272430
482	1	  0.001442	  0.001193	     -1.00	     67.58	    108.72	      3.48	      3.15	     60.85	     55.10	-9.93	 5.582e-05	      4.62	0	Gaussian	296.076912	38.202872
483	1	  0.001488	  0.000280	     -1.00	    139.76	      7.63	      8.26	      5.10	    144.63	     89.31	35.56	 6.691e-05	      4.62	0	Gaussian	295.603596	38.649788
484	1	  0.001527	  0.001302	     -1.00	    223.77	    630.05	      3.07	      2.90	     53.79	     50.80	1.58	 3.714e-04	      4.63	0	Gaussian	295.424752	35.742417
485	1	  0.001469	  0.001261	     -1.00	    146.78	    638.56	      3.36	      3.06	     58.72	     53.63	-14.73	 7.710e-05	      4.63	0	Gaussian	295.863732	35.726074
486	1	  0.001452	  0.001168	     -1.00	    359.18	    428.97	      3.49	      3.11	     61.10	     54.47	-4.50	 7.155e-05	      4.63	0	Gaussian	294.552875	36.622998
487	1	  0.001439	  0.000839	     -1.00	    390.98	    162.42	      4.95	      3.03	     86.64	     53.02	-15.43	 4.070e-05	      4.64	0	Gaussian	294.219058	37.840510
488	1	  0.001451	  0.000883	     -1.00	    518.45	    282.52	      4.86	      2.90	     85.07	     50.70	-1.87	 8.990e-05	      4.65	0	Gaussian	293.558718	37.235327
489	1	  0.001519	  0.001292	     -1.00	    398.51	    370.40	      3.42	      2.85	     59.93	     49.87	-8.57	 1.992e-04	      4.65	0	Gaussian	294.295909	36.878292
490	1	  0.001445	  0.000462	     -1.00	    411.65	    266.53	      6.86	      3.85	    120.14	     67.35	-22.97	 8.926e-05	      4.66	0	Gaussian	294.160733	37.351933
491	1	  0.001450	  0.001207	     -1.00	    420.26	    215.35	      3.43	      3.05	     60.05	     53.30	-18.25	 8.707e-05	      4.66	0	Gaussian	294.081109	37.584575
492	1	  0.001449	  0.000513	     -1.00	    698.04	    227.89	      5.14	      4.34	     89.92	     76.00	-13.07	 4.553e-05	      4.66	0	Gaussian	292.498974	37.406840
493	1	  0.001430	  0.000373	     -1.00	    477.76	    104.33	      8.93	      3.54	    156.29	     62.04	2.44	 5.781e-05	      4.67	0	Gaussian	293.681681	38.073264
494	1	  0.001483	  0.001070	     -1.00	    225.66	    752.38	      3.66	      2.99	     64.04	     52.42	-43.40	 7.172e-05	      4.67	0	Gaussian	295.473322	35.179684
495	1	  0.001451	  0.001054	     -1.00	     26.53	     17.23	      3.64	      3.27	     63.73	     57.30	-14.42	 6.603e-05	      4.67	0	Gaussian	296.277435	38.641315
496	1	  0.001481	  0.001109	     -1.00	    654.62	    112.66	      3.56	      3.08	     62.34	     53.91	-35.53	 8.219e-05	      4.68	0	Gaussian	292.667360	37.956041
497	1	  0.001538	  0.001323	     -1.00	    179.24	    239.38	      3.31	      2.84	     57.89	     49.65	-13.84	 2.626e-04	      4.68	0	Gaussian	295.487530	37.560756
498	1	  0.001437	  0.000993	     -1.00	     33.37	    234.49	      4.00	      3.17	     70.02	     55.52	4.65	 8.070e-05	      4.68	0	Gaussian	296.333677	37.628427
499	1	  0.001508	  0.001093	     -1.00	    413.76	    590.77	      3.47	      3.28	     60.74	     57.45	-4.11	 2.678e-04	      4.68	0	Gaussian	294.334181	35.859709
500	1	  0.001460	  0.000861	     -1.00	    219.66	    403.23	      4.19	      3.35	     73.26	     58.58	-14.89	 5.651e-05	      4.68	0	Gaussian	295.336138	36.789467
501	1	  0.001426	  0.001144	     -1.00	    691.20	    607.47	      3.41	      3.18	     59.70	     55.57	-26.80	 3.880e-05	      4.68	0	Gaussian	292.794295	35.674574
502	1	  0.001437	  0.001186	     -1.00	    320.39	    627.04	      3.34	      3.05	     58.42	     53.31	-11.34	 8.592e-05	      4.68	0	Gaussian	294.878796	35.725456
503	1	  0.001466	  0.000487	     -1.00	    386.27	    756.60	      7.25	      3.18	    126.91	     55.70	-23.82	 8.393e-05	      4.68	0	Gaussian	294.578958	35.109532
504	1	  0.001491	  0.000815	     -1.00	    664.73	    429.32	      4.12	      3.55	     72.04	     62.22	-58.29	 9.183e-05	      4.69	0	Gaussian	292.824359	36.499512
505	1	  0.001566	  0.001447	     -1.00	    352.69	    373.52	      2.95	      2.81	     51.66	     49.11	-14.91	 5.655e-04	      4.69	0	Gaussian	294.559293	36.880808
506	1	  0.001519	  0.001141	     -1.00	    228.91	    344.23	      3.49	      2.93	     61.16	     51.32	-3.45	 2.382e-04	      4.69	0	Gaussian	295.253296	37.059074
507	1	  0.001573	  0.001428	     -1.00	    252.82	    709.16	      3.12	      2.58	     54.64	     45.16	-33.73	 2.484e-04	      4.69	0	Gaussian	295.300108	35.369909
508	1	  0.001509	  0.000938	     -1.00	    262.31	    704.91	      4.36	      2.79	     76.27	     48.81	-19.30	 1.656e-04	      4.69	0	Gaussian	295.244802	35.386508
509	1	  0.001445	  0.000994	     -1.00	    224.20	    702.61	      3.85	      3.09	     67.44	     54.08	-0.09	 5.519e-05	      4.69	0	Gaussian	295.457552	35.408699
510	1	  0.001425	  0.000628	     -1.00	     76.39	    243.00	      5.47	      3.35	     95.67	     58.71	-12.84	 5.556e-05	      4.69	0	Gaussian	296.086885	37.576263
511	1	  0.001442	  0.000862	     -1.00	    683.87	    247.98	      3.91	      3.47	     68.40	     60.73	9.74	 3.193e-05	      4.69	0	Gaussian	292.593500	37.321364
512	1	  0.001513	  0.000998	     -1.00	      9.77	    681.95	      4.09	      2.86	     71.56	     50.04	-38.07	 1.047e-04	      4.69	0	Gaussian	296.657671	35.562567
513	1	  0.001452	  0.000681	     -1.00	    675.50	    578.64	      4.79	      3.58	     83.78	     62.74	-22.85	 9.525e-05	      4.70	0	Gaussian	292.862678	35.812699
514	1	  0.001485	  0.001078	     -1.00	    524.69	    683.36	      3.70	      2.96	     64.84	     51.76	-17.00	 1.088e-04	      4.70	0	Gaussian	293.767305	35.395043
515	1	  0.001464	  0.000862	     -1.00	    635.59	     50.99	      4.00	      3.50	     69.96	     61.30	-40.63	 7.456e-05	      4.70	0	Gaussian	292.734420	38.248528
516	1	  0.001497	  0.001228	     -1.00	      9.28	    568.94	      3.21	      2.89	     56.16	     50.54	-3.73	 1.036e-04	      4.70	0	Gaussian	296.614458	36.084651
517	1	  0.001523	  0.000769	     -1.00	    768.29	     78.72	      4.84	      3.01	     84.67	     52.60	-1.59	 2.954e-04	      4.71	0	Gaussian	291.991339	38.056585
518	1	  0.001449	  0.000938	     -1.00	    517.44	    213.07	      4.09	      2.95	     71.50	     51.62	-1.79	 6.546e-05	      4.72	0	Gaussian	293.521060	37.555355
519	1	  0.001500	  0.000595	     -1.00	    655.09	    448.01	      5.36	      3.39	     93.88	     59.32	76.22	 2.469e-04	      4.72	0	Gaussian	292.890861	36.418220
520	1	  0.001440	  0.000456	     -1.00	    769.46	    737.57	      6.70	      3.66	    117.34	     64.01	9.18	 6.998e-05	      4.73	0	Gaussian	292.449046	35.049373
521	1	  0.001521	  0.001114	     -1.00	    675.63	    648.95	      3.30	      2.97	     57.77	     52.01	-6.53	 2.062e-04	      4.74	0	Gaussian	292.907814	35.492112
522	1	  0.001441	  0.001036	     -1.00	    250.49	    477.64	      3.65	      3.14	     63.87	     54.95	-12.11	 5.922e-05	      4.75	0	Gaussian	295.197512	36.435989
523	1	  0.001479	  0.001086	     -1.00	    398.92	     30.85	      3.42	      2.99	     59.83	     52.39	-23.09	 1.210e-04	      4.75	0	Gaussian	294.095135	38.445490
524	1	  0.001480	  0.000477	     -1.00	    768.05	    620.25	      6.41	      3.39	    112.16	     59.28	72.39	 1.036e-04	      4.75	0	Gaussian	292.377083	35.583074
525	1	  0.001524	  0.000710	     -1.00	    789.14	    486.17	      6.06	      2.38	    106.15	     41.60	-37.19	 2.741e-04	      4.75	0	Gaussian	292.166902	36.183965
526	1	  0.001489	  0.001033	     -1.00	    377.19	    379.83	      3.64	      2.96	     63.76	     51.80	2.97	 8.681e-05	      4.76	0	Gaussian	294.422912	36.842761
527	1	  0.001440	  0.000347	     -1.00	    299.73	    402.80	      6.94	      4.51	    121.40	     78.90	87.54	 4.454e-05	      4.76	0	Gaussian	294.877739	36.764585
528	1	  0.001491	  0.000584	     -1.00	    583.78	    282.71	      6.15	      3.01	    107.56	     52.67	8.47	 1.199e-04	      4.77	0	Gaussian	293.186207	37.206762
529	1	  0.001437	  0.001016	     -1.00	    790.73	    536.34	      3.66	      2.80	     63.98	     48.97	-13.38	 4.146e-05	      4.77	0	Gaussian	292.193283	35.954687
530	1	  0.001455	  0.000952	     -1.00	    759.28	    791.52	      3.93	      2.90	     68.74	     50.74	4.93	 5.045e-05	      4.77	0	Gaussian	292.541025	34.808940
531	1	  0.001437	  0.000361	     -1.00	    771.31	    553.80	      7.91	      3.61	    138.38	     63.13	-44.28	 5.061e-05	      4.78	0	Gaussian	292.313279	35.884005
532	1	  0.001476	  0.000975	     -1.00	    300.74	     10.92	      3.84	      2.72	     67.27	     47.57	-34.62	 1.332e-04	      4.78	0	Gaussian	294.658037	38.576597
533	1	  0.001438	  0.001134	     -1.00	    673.63	    694.88	      3.36	      2.79	     58.86	     48.89	-33.80	 7.971e-05	      4.78	0	Gaussian	292.948630	35.283765
534	1	  0.001543	  0.001210	     -1.00	    683.87	    313.60	      3.28	      2.67	     57.39	     46.73	-8.41	 3.678e-04	      4.78	0	Gaussian	292.638409	37.020645
535	1	  0.001451	  0.000775	     -1.00	     66.92	    526.77	      4.72	      2.88	     82.60	     50.34	-30.27	 5.075e-05	      4.78	0	Gaussian	296.267631	36.264337
536	1	  0.001459	  0.000594	     -1.00	    720.61	     45.76	      5.99	      3.03	    104.91	     52.97	-5.01	 7.853e-05	      4.79	0	Gaussian	292.240934	38.231560
537	1	  0.001461	  0.000998	     -1.00	    253.48	     63.12	      3.64	      3.05	     63.79	     53.46	-13.50	 8.708e-05	      4.79	0	Gaussian	294.963743	38.352211
538	1	  0.001487	  0.000812	     -1.00	    364.89	    765.48	      4.70	      2.82	     82.18	     49.27	-59.13	 1.010e-04	      4.79	0	Gaussian	294.702671	35.076005
539	1	  0.001476	  0.000758	     -1.00	    289.45	    296.55	      4.18	      3.60	     73.25	     63.02	-30.79	 1.264e-04	      4.79	0	Gaussian	294.880072	37.258696
540	1	  0.001514	  0.001136	     -1.00	    238.47	    628.36	      3.46	      2.78	     60.61	     48.61	-11.58	 1.721e-04	      4.80	0	Gaussian	295.341028	35.745682
541	1	  0.001419	  0.000730	     -1.00	     77.74	    409.54	      4.40	      3.37	     76.97	     58.91	-7.39	 3.641e-05	      4.80	0	Gaussian	296.154018	36.803674
542	1	  0.001471	  0.000765	     -1.00	    641.61	     14.45	      3.90	      3.79	     68.30	     66.41	7.64	 7.943e-05	      4.80	0	Gaussian	292.674389	38.413791
543	1	  0.001448	  0.000774	     -1.00	    376.67	    261.01	      3.94	      3.25	     68.95	     56.85	-1.88	 4.707e-05	      4.80	0	Gaussian	294.358571	37.390841
544	1	  0.001457	  0.000923	     -1.00	    218.83	     71.48	      3.87	      2.88	     67.66	     50.35	9.35	 6.336e-05	      4.81	0	Gaussian	295.171134	38.325890
545	1	  0.001452	  0.000711	     -1.00	    184.89	    713.77	      4.34	      3.37	     75.90	     59.05	-27.52	 4.580e-05	      4.81	0	Gaussian	295.683687	35.368974
546	1	  0.001496	  0.001044	     -1.00	    759.46	    652.78	      3.44	      2.95	     60.23	     51.64	54.91	 1.385e-04	      4.81	0	Gaussian	292.446716	35.438865
547	1	  0.001433	  0.000858	     -1.00	      8.07	    346.73	      3.87	      3.25	     67.75	     56.94	7.18	 7.123e-05	      4.81	0	Gaussian	296.529001	37.114310
548	1	  0.001434	  0.000652	     -1.00	    393.06	    411.01	      4.71	      3.40	     82.50	     59.48	-45.13	 3.991e-05	      4.82	0	Gaussian	294.350028	36.693334
549	1	  0.001518	  0.001100	     -1.00	     89.79	    670.67	      3.32	      2.80	     58.06	     49.04	-8.31	 3.241e-04	      4.82	0	Gaussian	296.200225	35.593920
550	1	  0.001480	  0.000241	     -1.00	    575.92	    659.15	     11.31	      3.61	    197.90	     63.22	39.23	 1.009e-04	      4.83	0	Gaussian	293.467763	35.485908
551	1	  0.001431	  0.001017	     -1.00	    535.18	    763.06	      3.60	      2.87	     62.97	     50.28	-25.28	 3.298e-05	      4.83	0	Gaussian	293.756304	35.027302
552	1	  0.001445	  0.000964	     -1.00	    303.28	    510.48	      3.63	      3.15	     63.58	     55.18	-20.53	 8.941e-05	      4.83	0	Gaussian	294.914378	36.267163
553	1	  0.001446	  0.000361	     -1.00	    747.69	    297.01	      5.61	      4.88	     98.24	     85.35	-32.74	 6.519e-05	      4.83	0	Gaussian	292.265987	37.066983
554	1	  0.001494	  0.000907	     -1.00	    107.74	    121.35	      3.78	      2.90	     66.14	     50.76	1.65	 1.256e-04	      4.83	0	Gaussian	295.847172	38.131600
555	1	  0.001520	  0.001134	     -1.00	    264.73	    172.44	      3.33	      2.68	     58.24	     46.94	1.99	 2.684e-04	      4.83	0	Gaussian	294.956705	37.841549
556	1	  0.001457	  0.000664	     -1.00	    255.44	    575.75	      4.12	      3.44	     72.18	     60.21	-1.25	 6.327e-05	      4.83	0	Gaussian	295.218956	35.982412
557	1	  0.001453	  0.000328	     -1.00	    127.20	    287.59	     11.27	      2.91	    197.27	     50.85	3.78	 7.858e-05	      4.84	0	Gaussian	295.812521	37.353940
558	1	  0.001439	  0.000304	     -1.00	    650.92	    580.50	     11.80	      2.90	    206.56	     50.73	0.77	 5.985e-05	      4.84	0	Gaussian	293.000773	35.814589
559	1	  0.001492	  0.000940	     -1.00	    426.13	    409.05	      3.39	      3.00	     59.34	     52.55	-38.24	 1.653e-04	      4.84	0	Gaussian	294.160805	36.689972
560	1	  0.001428	  0.000766	     -1.00	     13.61	    499.86	      3.78	      3.34	     66.12	     58.40	-18.07	 5.867e-05	      4.85	0	Gaussian	296.561197	36.403066
561	1	  0.001496	  0.001038	     -1.00	    100.90	    131.62	      3.47	      2.83	     60.79	     49.58	3.20	 1.264e-04	      4.85	0	Gaussian	295.892123	38.086063
562	1	  0.001454	  0.000717	     -1.00	    238.20	    202.00	      4.26	      3.24	     74.60	     56.73	-44.50	 7.050e-05	      4.85	0	Gaussian	295.126350	37.713997
563	1	  0.001449	  0.000960	     -1.00	    744.92	     87.50	      3.63	      2.93	     63.45	     51.26	-6.05	 3.102e-05	      4.86	0	Gaussian	292.131592	38.027976
564	1	  0.001490	  0.000311	     -1.00	     92.62	    737.66	      9.17	      3.78	    160.42	     66.23	-35.70	 7.821e-05	      4.86	0	Gaussian	296.213309	35.284676
565	1	  0.001486	  0.000955	     -1.00	    593.55	    270.96	      3.48	      3.01	     60.92	     52.68	-7.96	 6.180e-05	      4.87	0	Gaussian	293.122909	37.256472
566	1	  0.001452	  0.000808	     -1.00	    566.17	    142.81	      4.06	      2.99	     71.09	     52.33	-0.52	 8.911e-05	      4.87	0	Gaussian	293.196053	37.857693
567	1	  0.001518	  0.000965	     -1.00	     14.60	    759.36	      3.58	      2.70	     62.72	     47.23	-30.35	 1.469e-04	      4.87	0	Gaussian	296.661627	35.204540
568	1	  0.001516	  0.000851	     -1.00	    193.18	    370.31	      3.83	      3.08	     67.09	     53.90	-31.26	 1.835e-04	      4.87	0	Gaussian	295.471748	36.950149
569	1	  0.001483	  0.001075	     -1.00	    785.39	    283.17	      3.41	      2.55	     59.61	     44.58	2.01	 1.142e-04	      4.87	0	Gaussian	292.043162	37.112218
570	1	  0.001438	  0.000300	     -1.00	    109.29	    475.81	      6.93	      4.67	    121.21	     81.76	-81.24	 6.123e-05	      4.87	0	Gaussian	296.002759	36.487938
571	1	  0.001477	  0.000271	     -1.00	    645.41	    122.36	     11.68	      2.98	    204.37	     52.12	-51.35	 1.265e-04	      4.87	0	Gaussian	292.726908	37.915755
572	1	  0.001432	  0.000448	     -1.00	     56.66	    249.03	      5.95	      3.60	    104.16	     63.03	-40.53	 5.969e-05	      4.88	0	Gaussian	296.204405	37.554076
573	1	  0.001444	  0.000827	     -1.00	     66.31	    659.92	      3.61	      3.29	     63.20	     57.64	-13.40	 5.016e-05	      4.88	0	Gaussian	296.328468	35.649718
574	1	  0.001432	  0.000446	     -1.00	    665.99	     41.78	      5.19	      4.20	     90.88	     73.44	-76.58	 3.091e-05	      4.88	0	Gaussian	292.552661	38.276420
575	1	  0.001438	  0.000880	     -1.00	    654.30	    176.60	      3.63	      3.27	     63.47	     57.31	-21.49	 3.838e-05	      4.89	0	Gaussian	292.713136	37.662487
576	1	  0.001467	  0.000651	     -1.00	    684.52	    573.56	      5.47	      2.84	     95.71	     49.77	2.25	 1.063e-04	      4.89	0	Gaussian	292.809106	35.832033
577	1	  0.001435	  0.000685	     -1.00	    268.57	    436.90	      3.76	      3.67	     65.85	     64.28	16.95	 5.362e-05	      4.89	0	Gaussian	295.073546	36.617915
578	1	  0.001437	  0.000380	     -1.00	    163.60	    195.39	      6.42	      3.65	    112.35	     63.87	46.21	 5.569e-05	      4.89	0	Gaussian	295.556691	37.769823
579	1	  0.001479	  0.000875	     -1.00	    590.56	    170.95	      3.79	      2.94	     66.32	     51.44	-32.63	 1.018e-04	      4.89	0	Gaussian	293.074416	37.717385
580	1	  0.001453	  0.000852	     -1.00	    764.23	    426.72	      3.68	      3.30	     64.50	     57.77	-23.91	 5.160e-05	      4.89	0	Gaussian	292.264254	36.466576
581	1	  0.001501	  0.000884	     -1.00	    170.44	     99.96	      3.59	      3.07	     62.82	     53.74	-28.35	 1.600e-04	      4.90	0	Gaussian	295.469259	38.210386
582	1	  0.001439	  0.000719	     -1.00	    737.88	    692.53	      4.07	      3.54	     71.30	     61.95	-3.12	 7.760e-05	      4.90	0	Gaussian	292.592489	35.267480
583	1	  0.001409	  0.000665	     -1.00	    132.62	    541.46	      4.60	      3.21	     80.54	     56.11	-22.23	 4.242e-05	      4.90	0	Gaussian	295.899558	36.177932
584	1	  0.001471	  0.000893	     -1.00	    335.38	    550.32	      3.72	      2.81	     65.09	     49.17	-17.89	 1.358e-04	      4.90	0	Gaussian	294.753747	36.072964
585	1	  0.001471	  0.000981	     -1.00	    738.94	     35.52	      3.31	      2.91	     57.96	     50.97	-8.77	 7.110e-05	      4.90	0	Gaussian	292.128137	38.269424
586	1	  0.001478	  0.000812	     -1.00	    210.65	    227.99	      3.79	      3.06	     66.27	     53.58	-23.18	 1.442e-04	      4.90	0	Gaussian	295.299625	37.603099
587	1	  0.001442	  0.000830	     -1.00	    733.34	    116.45	      3.79	      3.27	     66.29	     57.24	-18.62	 3.924e-05	      4.91	0	Gaussian	292.218846	37.900912
588	1	  0.001453	  0.000867	     -1.00	    243.97	    367.74	      3.56	      3.23	     62.36	     56.59	-9.31	 6.774e-05	      4.91	0	Gaussian	295.178736	36.945407
589	1	  0.001491	  0.001040	     -1.00	    465.84	    449.58	      3.25	      2.79	     56.97	     48.77	-5.97	 9.864e-05	      4.91	0	Gaussian	293.959236	36.488487
590	1	  0.001543	  0.000720	     -1.00	    548.48	    734.16	      3.60	      3.60	     62.98	     62.96	84.05	 1.606e-04	      4.92	0	Gaussian	293.665460	35.154145
591	1	  0.001444	  0.000825	     -1.00	    668.00	    148.04	      3.38	      3.22	     59.19	     56.40	-33.67	 6.160e-05	      4.92	0	Gaussian	292.615099	37.787242
592	1	  0.001451	  0.000414	     -1.00	    255.45	    109.26	      6.01	      3.98	    105.14	     69.65	-22.83	 1.007e-04	      4.92	0	Gaussian	294.976982	38.137560
593	1	  0.001445	  0.000772	     -1.00	     68.24	    627.75	      3.95	      3.12	     69.16	     54.59	-1.56	 5.563e-05	      4.92	0	Gaussian	296.303745	35.797633
594	1	  0.001438	  0.000777	     -1.00	    239.66	    122.33	      3.95	      3.28	     69.22	     57.43	-13.11	 9.905e-05	      4.92	0	Gaussian	295.076089	38.082654
595	1	  0.001457	  0.000954	     -1.00	    603.39	    474.72	      3.41	      3.01	     59.76	     52.62	-9.38	 8.114e-05	      4.93	0	Gaussian	293.198777	36.318003
596	1	  0.001443	  0.000366	     -1.00	    474.16	     81.82	      7.01	      3.64	    122.65	     63.67	-18.41	 5.896e-05	      4.94	0	Gaussian	293.688523	38.178677
597	1	  0.001476	  0.000764	     -1.00	    262.92	     97.01	      3.55	      3.38	     62.06	     59.16	-23.86	 8.871e-05	      4.94	0	Gaussian	294.926766	38.191633
598	1	  0.001470	  0.000766	     -1.00	     80.26	    721.50	      3.84	      3.40	     67.19	     59.47	-1.76	 5.420e-05	      4.94	0	Gaussian	296.275975	35.362327
599	1	  0.001468	  0.000571	     -1.00	     62.81	    194.93	      4.87	      3.32	     85.19	     58.15	-30.33	 2.059e-04	      4.94	0	Gaussian	296.144249	37.803563
600	1	  0.001454	  0.000762	     -1.00	    663.24	    769.44	      4.05	      2.90	     70.84	     50.69	-14.44	 6.334e-05	      4.94	0	Gaussian	293.053628	34.948730
601	1	  0.001501	  0.000856	     -1.00	    348.32	    165.53	      3.78	      2.75	     66.24	     48.06	-7.18	 1.016e-04	      4.94	0	Gaussian	294.467848	37.842617
602	1	  0.001489	  0.000866	     -1.00	    711.32	    281.63	      3.57	      3.15	     62.44	     55.11	-26.51	 9.265e-05	      4.94	0	Gaussian	292.460981	37.154427
603	1	  0.001456	  0.000423	     -1.00	    676.53	    780.63	      5.71	      3.83	     99.93	     66.98	-31.33	 1.053e-04	      4.94	0	Gaussian	292.987682	34.892519
604	1	  0.001460	  0.000921	     -1.00	     83.16	    625.49	      3.49	      2.96	     61.05	     51.77	-10.44	 1.200e-04	      4.94	0	Gaussian	296.218117	35.804008
605	1	  0.001505	  0.000983	     -1.00	     18.55	    669.38	      3.44	      2.79	     60.15	     48.81	-18.73	 1.347e-04	      4.95	0	Gaussian	296.602845	35.618363
606	1	  0.001464	  0.000831	     -1.00	     73.26	     18.72	      3.75	      2.97	     65.59	     52.03	7.32	 8.007e-05	      4.95	0	Gaussian	296.001727	38.619906
607	1	  0.001526	  0.000639	     -1.00	    438.85	    434.90	      4.13	      3.23	     72.20	     56.54	31.80	 4.100e-04	      4.95	0	Gaussian	294.103586	36.566240
608	1	  0.001479	  0.000714	     -1.00	    731.86	    197.03	      4.74	      2.73	     83.01	     47.87	-28.35	 8.013e-05	      4.95	0	Gaussian	292.284894	37.532253
609	1	  0.001455	  0.000255	     -1.00	    253.48	    276.20	     11.94	      3.02	    208.92	     52.83	-48.74	 6.165e-05	      4.95	0	Gaussian	295.076684	37.365302
610	1	  0.001472	  0.000888	     -1.00	    166.46	    323.07	      3.45	      3.03	     60.32	     53.11	-10.79	 9.102e-05	      4.95	0	Gaussian	295.602542	37.177260
611	1	  0.001472	  0.000675	     -1.00	    702.79	    755.80	      4.30	      3.15	     75.23	     55.12	-5.57	 1.004e-04	      4.96	0	Gaussian	292.827350	34.994655
612	1	  0.001469	  0.000847	     -1.00	    740.73	    183.54	      3.59	      2.99	     62.76	     52.31	-3.39	 8.475e-05	      4.96	0	Gaussian	292.224763	37.589773
613	1	  0.001436	  0.000814	     -1.00	    398.11	    123.56	      3.80	      3.09	     66.50	     54.11	-15.24	 4.784e-05	      4.96	0	Gaussian	294.154898	38.017224
614	1	  0.001506	  0.000906	     -1.00	    462.98	     30.34	      3.63	      2.75	     63.49	     48.20	-4.74	 2.331e-04	      4.96	0	Gaussian	293.721436	38.421114
615	1	  0.001499	  0.000905	     -1.00	    773.24	    522.63	      3.46	      2.97	     60.57	     51.95	-11.25	 1.858e-04	      4.96	0	Gaussian	292.280955	36.025111
616	1	  0.001481	  0.000664	     -1.00	    361.15	    757.89	      4.94	      2.77	     86.41	     48.44	-19.53	 1.300e-04	      4.97	0	Gaussian	294.719516	35.111980
617	1	  0.001420	  0.000838	     -1.00	     23.04	    442.34	      3.62	      3.13	     63.37	     54.72	-6.53	 4.530e-05	      4.97	0	Gaussian	296.482933	36.666939
618	1	  0.001437	  0.000377	     -1.00	     96.76	    201.02	      5.95	      3.74	    104.15	     65.50	37.31	 6.142e-05	      4.97	0	Gaussian	295.948840	37.764987
619	1	  0.001486	  0.000867	     -1.00	    479.16	    450.77	      3.55	      2.97	     62.08	     52.05	-31.95	 1.109e-04	      4.97	0	Gaussian	293.884548	36.477851
620	1	  0.001509	  0.000725	     -1.00	    700.78	    731.55	      4.52	      2.75	     79.13	     48.20	6.29	 3.016e-04	      4.98	0	Gaussian	292.822652	35.105711
621	1	  0.001472	  0.000893	     -1.00	    636.79	    621.44	      3.54	      2.79	     61.90	     48.76	-14.16	 6.754e-05	      4.99	0	Gaussian	293.105693	35.633621
622	1	  0.001445	  0.000418	     -1.00	    453.18	    160.36	      5.57	      3.77	     97.53	     66.00	43.58	 7.520e-05	      4.99	0	Gaussian	293.858273	37.825033
623	1	  0.001453	  0.000813	     -1.00	    733.75	    347.16	      3.74	      2.89	     65.43	     50.61	-14.96	 5.700e-05	      4.99	0	Gaussian	292.379832	36.844152
624	1	  0.001426	  0.000706	     -1.00	      6.45	    125.49	      4.12	      3.01	     72.16	     52.69	-16.06	 2.825e-05	      4.99	0	Gaussian	296.443749	38.143098
625	1	  0.001511	  0.000874	     -1.00	    478.69	    466.58	      3.56	      2.78	     62.31	     48.73	-10.07	 1.427e-04	      4.99	0	Gaussian	293.896603	36.405449
626	1	  0.001437	  0.000765	     -1.00	     48.84	    273.24	      3.72	      3.14	     65.07	     55.02	-2.94	 5.137e-05	      5.00	0	Gaussian	296.260668	37.443946
627	1	  0.001448	  0.000601	     -1.00	    286.53	    634.44	      4.20	      3.80	     73.51	     66.57	52.87	 5.567e-05	      5.00	0	Gaussian	295.073204	35.702510
628	1	  0.001432	  0.000582	     -1.00	    531.45	     89.56	      3.99	      3.68	     69.89	     64.37	-31.22	 5.611e-05	      5.01	0	Gaussian	293.361694	38.118284
629	1	  0.001497	  0.000909	     -1.00	    492.19	    371.34	      3.41	      2.81	     59.69	     49.22	-10.68	 7.286e-05	      5.01	0	Gaussian	293.762929	36.837646
630	1	  0.001432	  0.000317	     -1.00	    486.79	    553.57	      5.62	      4.95	     98.38	     86.67	12.98	 5.586e-05	      5.01	0	Gaussian	293.902392	36.003327
631	1	  0.001526	  0.000908	     -1.00	      9.40	    672.49	      3.40	      2.95	     59.51	     51.67	-18.68	 1.723e-04	      5.01	0	Gaussian	296.655937	35.606306
632	1	  0.001471	  0.000719	     -1.00	     85.92	    535.38	      3.93	      2.99	     68.71	     52.32	-10.81	 1.063e-04	      5.01	0	Gaussian	296.162991	36.219272
633	1	  0.001430	  0.000670	     -1.00	    213.51	    142.96	      4.12	      2.98	     72.05	     52.11	-26.60	 4.298e-05	      5.01	0	Gaussian	295.239379	37.996191
634	1	  0.001477	  0.000772	     -1.00	    438.23	    675.42	      3.75	      2.96	     65.69	     51.77	-3.01	 9.812e-05	      5.02	0	Gaussian	294.244605	35.463066
635	1	  0.001473	  0.000503	     -1.00	    434.99	    268.21	      4.96	      3.47	     86.89	     60.65	-20.48	 9.538e-05	      5.02	0	Gaussian	294.027733	37.335046
636	1	  0.001530	  0.001012	     -1.00	    647.80	    326.08	      3.14	      2.71	     55.04	     47.49	-37.53	 1.594e-04	      5.02	0	Gaussian	292.851088	36.979712
637	1	  0.001452	  0.000764	     -1.00	    515.18	     45.07	      3.77	      2.90	     66.01	     50.78	11.47	 6.389e-05	      5.02	0	Gaussian	293.427333	38.330579
638	1	  0.001528	  0.000788	     -1.00	    183.76	    211.52	      3.85	      2.92	     67.30	     51.05	-10.65	 2.041e-04	      5.02	0	Gaussian	295.447402	37.688394
639	1	  0.001453	  0.000765	     -1.00	    136.19	    379.01	      3.47	      3.09	     60.79	     54.07	1.26	 6.404e-05	      5.03	0	Gaussian	295.803706	36.927752
640	1	  0.001500	  0.000792	     -1.00	    129.38	    739.69	      3.66	      3.18	     63.99	     55.62	-9.22	 1.355e-04	      5.03	0	Gaussian	296.007483	35.265456
641	1	  0.001431	  0.000725	     -1.00	     21.25	    615.86	      3.68	      3.08	     64.49	     53.96	5.05	 6.217e-05	      5.03	0	Gaussian	296.565576	35.864760
642	1	  0.001476	  0.000527	     -1.00	     39.57	    671.46	      5.26	      2.94	     92.11	     51.49	-13.30	 9.878e-05	      5.03	0	Gaussian	296.484673	35.603447
643	1	  0.001468	  0.000788	     -1.00	    697.67	    569.27	      3.63	      3.07	     63.55	     53.76	-23.96	 9.677e-05	      5.03	0	Gaussian	292.733109	35.845996
644	1	  0.001465	  0.000818	     -1.00	    189.73	    487.31	      3.62	      2.96	     63.36	     51.88	-16.26	 8.299e-05	      5.03	0	Gaussian	295.548608	36.410719
645	1	  0.001474	  0.000334	     -1.00	    221.34	    104.62	      8.19	      3.06	    143.42	     53.61	3.63	 1.195e-04	      5.03	0	Gaussian	295.173792	38.171224
646	1	  0.001449	  0.000825	     -1.00	    627.67	    788.97	      3.33	      3.07	     58.26	     53.68	-12.44	 6.071e-05	      5.03	0	Gaussian	293.261623	34.874023
647	1	  0.001476	  0.000850	     -1.00	    556.47	    233.28	      3.57	      2.94	     62.49	     51.47	-16.91	 1.260e-04	      5.04	0	Gaussian	293.310256	37.445712
648	1	  0.001527	  0.000874	     -1.00	    309.71	    703.96	      3.10	      2.88	     54.31	     50.44	-8.32	 4.249e-04	      5.04	0	Gaussian	294.978671	35.375866
649	1	  0.001493	  0.000845	     -1.00	    698.94	    339.86	      3.42	      2.93	     59.89	     51.22	12.28	 1.158e-04	      5.04	0	Gaussian	292.571178	36.893544
650	1	  0.001465	  0.000755	     -1.00	    141.76	     31.77	      3.53	      3.37	     61.83	     59.01	6.88	 7.752e-05	      5.04	0	Gaussian	295.603731	38.536843
651	1	  0.001429	  0.000757	     -1.00	     59.74	    381.59	      3.73	      3.05	     65.30	     53.46	-9.90	 1.805e-04	      5.04	0	Gaussian	296.245373	36.938265
652	1	  0.001461	  0.000601	     -1.00	    439.87	    372.83	      4.12	      3.37	     72.14	     58.91	-27.40	 5.941e-05	      5.05	0	Gaussian	294.061529	36.851332
653	1	  0.001435	  0.000884	     -1.00	    371.44	    614.86	      3.27	      3.00	     57.21	     52.48	49.42	 6.348e-05	      5.05	0	Gaussian	294.585254	35.764099
654	1	  0.001479	  0.000749	     -1.00	    301.46	    554.03	      3.58	      3.11	     62.70	     54.36	-20.53	 7.713e-05	      5.05	0	Gaussian	294.947482	36.067334
655	1	  0.001467	  0.000804	     -1.00	    632.34	    462.44	      3.49	      3.18	     61.08	     55.63	-19.31	 8.658e-05	      5.05	0	Gaussian	293.028140	36.361977
656	1	  0.001437	  0.000263	     -1.00	    301.59	    496.70	      5.72	      5.63	    100.10	     98.61	49.43	 6.216e-05	      5.05	0	Gaussian	294.916736	36.331194
657	1	  0.001482	  0.000672	     -1.00	    517.29	    355.76	      4.02	      3.05	     70.36	     53.35	-49.85	 9.371e-05	      5.05	0	Gaussian	293.610733	36.899113
658	1	  0.001459	  0.000689	     -1.00	    563.20	    348.02	      4.01	      2.73	     70.15	     47.76	-41.97	 9.824e-05	      5.05	0	Gaussian	293.345124	36.915664
659	1	  0.001415	  0.000336	     -1.00	    116.28	    564.91	      6.21	      3.89	    108.72	     68.08	-58.20	 4.227e-05	      5.05	0	Gaussian	296.003209	36.074380
660	1	  0.001485	  0.000588	     -1.00	    149.39	    388.93	      4.04	      3.40	     70.65	     59.54	17.79	 1.403e-04	      5.06	0	Gaussian	295.732434	36.877775
661	1	  0.001460	  0.000755	     -1.00	    501.92	    250.45	      3.72	      2.97	     65.12	     52.05	-13.27	 7.973e-05	      5.06	0	Gaussian	293.633335	37.389729
662	1	  0.001468	  0.000669	     -1.00	    365.57	    509.55	      4.02	      3.37	     70.30	     58.92	-4.71	 9.428e-05	      5.06	0	Gaussian	294.560959	36.249930
663	1	  0.001457	  0.000679	     -1.00	    242.67	    256.82	      3.76	      3.23	     65.90	     56.62	-29.32	 7.226e-05	      5.06	0	Gaussian	295.129042	37.458676
664	1	  0.001463	  0.000820	     -1.00	    393.04	    285.42	      3.58	      2.94	     62.73	     51.51	-9.77	 8.367e-05	      5.06	0	Gaussian	294.278500	37.271965
665	1	  0.001442	  0.000486	     -1.00	    306.60	    260.66	      4.84	      3.44	     84.63	     60.25	-29.25	 5.185e-05	      5.06	0	Gaussian	294.761933	37.418399
666	1	  0.001495	  0.000803	     -1.00	    216.68	    223.65	      3.52	      2.89	     61.54	     50.60	-12.60	 1.529e-04	      5.06	0	Gaussian	295.262406	37.621126
667	1	  0.001502	  0.000486	     -1.00	     65.99	    122.56	      5.93	      2.58	    103.86	     45.12	-1.23	 3.135e-04	      5.06	0	Gaussian	296.092633	38.138995
668	1	  0.001435	  0.000620	     -1.00	    276.58	    111.84	      4.02	      3.32	     70.41	     58.09	-34.92	 6.395e-05	      5.07	0	Gaussian	294.855096	38.117926
669	1	  0.001475	  0.000769	     -1.00	    285.27	    158.54	      3.71	      2.90	     64.87	     50.68	-3.82	 2.021e-04	      5.07	0	Gaussian	294.829841	37.898510
670	1	  0.001446	  0.000705	     -1.00	    229.64	    124.78	      3.78	      3.07	     66.15	     53.77	-12.43	 9.174e-05	      5.08	0	Gaussian	295.135840	38.074853
671	1	  0.001477	  0.000620	     -1.00	    443.89	    447.63	      4.09	      3.09	     71.61	     54.02	8.59	 8.384e-05	      5.08	0	Gaussian	294.082377	36.505838
672	1	  0.001459	  0.000473	     -1.00	    128.44	    275.86	      4.25	      3.69	     74.41	     64.58	19.32	 7.667e-05	      5.08	0	Gaussian	295.799804	37.407944
673	1	  0.001495	  0.000708	     -1.00	    199.93	    697.85	      3.70	      3.13	     64.68	     54.84	-6.85	 8.462e-05	      5.08	0	Gaussian	295.591674	35.437772
674	1	  0.001443	  0.000561	     -1.00	    203.10	    452.94	      4.37	      3.19	     76.57	     55.90	4.28	 5.272e-05	      5.08	0	Gaussian	295.455496	36.565222
675	1	  0.001448	  0.000664	     -1.00	     49.13	    234.93	      4.25	      2.91	     74.43	     50.87	6.47	 7.484e-05	      5.08	0	Gaussian	296.242009	37.621810
676	1	  0.001457	  0.000794	     -1.00	      8.45	    190.21	      3.74	      2.90	     65.53	     50.79	-4.95	 6.255e-05	      5.08	0	Gaussian	296.459974	37.841357
677	1	  0.001455	  0.000712	     -1.00	    376.27	    297.52	      3.71	      3.13	     65.01	     54.80	-17.74	 6.160e-05	      5.08	0	Gaussian	294.381644	37.222539
678	1	  0.001486	  0.000660	     -1.00	     50.35	    669.77	      4.47	      2.72	     78.31	     47.55	-3.86	 8.277e-05	      5.09	0	Gaussian	296.422939	35.608500
679	1	  0.001411	  0.000594	     -1.00	    291.89	    367.87	      4.02	      3.32	     70.34	     58.04	-16.90	 3.512e-05	      5.09	0	Gaussian	294.904062	36.928447
680	1	  0.001484	  0.000656	     -1.00	    581.68	    298.16	      3.61	      3.60	     63.20	     63.06	-66.54	 8.760e-05	      5.09	0	Gaussian	293.208164	37.136684
681	1	  0.001502	  0.000486	     -1.00	    165.68	    739.07	      5.73	      3.10	    100.28	     54.18	1.03	 1.705e-04	      5.09	0	Gaussian	295.803332	35.258210
682	1	  0.001460	  0.000646	     -1.00	    501.03	     45.40	      4.03	      3.11	     70.48	     54.51	4.67	 6.440e-05	      5.09	0	Gaussian	293.509697	38.335245
683	1	  0.001465	  0.000784	     -1.00	    584.52	    362.29	      3.66	      2.95	     64.02	     51.63	-12.02	 4.501e-05	      5.09	0	Gaussian	293.233300	36.841166
684	1	  0.001454	  0.000377	     -1.00	    418.15	    460.35	      6.48	      3.32	    113.36	     58.16	3.57	 6.560e-05	      5.10	0	Gaussian	294.235600	36.457030
685	1	  0.001499	  0.000582	     -1.00	    682.45	    420.38	      4.51	      3.01	     78.87	     52.74	-35.70	 1.378e-04	      5.10	0	Gaussian	292.718747	36.532579
686	1	  0.001442	  0.000465	     -1.00	    377.07	    398.06	      4.24	      4.02	     74.29	     70.37	77.97	 3.526e-05	      5.10	0	Gaussian	294.433816	36.758849
687	1	  0.001433	  0.000369	     -1.00	    709.92	    608.70	      5.49	      4.16	     96.06	     72.79	-71.75	 6.062e-05	      5.10	0	Gaussian	292.691242	35.660988
688	1	  0.001420	  0.000426	     -1.00	    522.17	    115.88	      4.86	      3.62	     85.01	     63.30	-33.22	 3.136e-05	      5.11	0	Gaussian	293.432232	38.001011
689	1	  0.001498	  0.000678	     -1.00	    560.67	    223.38	      3.88	      3.08	     67.87	     53.99	15.71	 1.261e-04	      5.11	0	Gaussian	293.279861	37.489417
690	1	  0.001458	  0.000698	     -1.00	    600.33	    258.40	      3.80	      3.11	     66.53	     54.43	-24.64	 4.169e-05	      5.11	0	Gaussian	293.076058	37.311201
691	1	  0.001465	  0.000575	     -1.00	    181.79	    291.62	      4.89	      2.82	     85.60	     49.35	5.50	 8.143e-05	      5.11	0	Gaussian	295.498598	37.317978
692	1	  0.001444	  0.000714	     -1.00	     40.15	     64.81	      3.48	      3.00	     60.85	     52.58	11.62	 5.749e-05	      5.11	0	Gaussian	296.218416	38.415593
693	1	  0.001430	  0.000599	     -1.00	    290.12	    264.10	      3.87	      3.31	     67.70	     57.91	-31.75	 3.935e-05	      5.11	0	Gaussian	294.858819	37.408434
694	1	  0.001421	  0.000490	     -1.00	     14.09	    428.98	      4.49	      3.60	     78.54	     63.00	5.41	 4.260e-05	      5.11	0	Gaussian	296.528820	36.731232
695	1	  0.001452	  0.000633	     -1.00	    739.03	    682.02	      4.06	      3.03	     71.10	     53.04	-35.64	 9.932e-05	      5.11	0	Gaussian	292.579165	35.314782
696	1	  0.001491	  0.000642	     -1.00	    398.32	    656.49	      3.88	      2.96	     67.85	     51.73	-10.05	 9.096e-05	      5.12	0	Gaussian	294.457212	35.563821
697	1	  0.001458	  0.000554	     -1.00	    174.74	    280.01	      4.23	      3.15	     74.09	     55.21	18.32	 7.238e-05	      5.12	0	Gaussian	295.533646	37.374018
698	1	  0.001444	  0.000779	     -1.00	    766.42	    681.65	      3.25	      3.14	     56.89	     54.95	-12.01	 7.685e-05	      5.12	0	Gaussian	292.427931	35.304609
699	1	  0.001493	  0.000841	     -1.00	    676.41	    531.79	      3.16	      3.01	     55.26	     52.67	-12.59	 1.260e-04	      5.13	0	Gaussian	292.826749	36.026164
700	1	  0.001429	  0.000661	     -1.00	    186.85	     60.27	      3.99	      2.99	     69.81	     52.29	-7.47	 4.697e-05	      5.13	0	Gaussian	295.352929	38.389072
701	1	  0.001485	  0.000585	     -1.00	    282.14	    127.67	      4.31	      3.13	     75.46	     54.83	-19.77	 1.747e-04	      5.13	0	Gaussian	294.831267	38.042592
702	1	  0.001446	  0.000566	     -1.00	    577.22	    342.77	      4.35	      3.19	     76.21	     55.88	-10.38	 5.275e-05	      5.14	0	Gaussian	293.262225	36.933813
703	1	  0.001435	  0.000454	     -1.00	    310.92	    474.12	      4.08	      3.98	     71.49	     69.62	14.08	 5.882e-05	      5.14	0	Gaussian	294.851852	36.432012
704	1	  0.001442	  0.000715	     -1.00	    345.52	    440.48	      3.65	      3.14	     63.81	     54.99	-19.21	 4.963e-05	      5.14	0	Gaussian	294.636974	36.574877
705	1	  0.001456	  0.000618	     -1.00	    548.02	    282.80	      4.00	      3.23	     70.03	     56.60	1.03	 5.983e-05	      5.14	0	Gaussian	293.390109	37.221624
706	1	  0.001462	  0.000677	     -1.00	    115.64	    208.03	      3.67	      3.11	     64.22	     54.47	-1.18	 6.224e-05	      5.14	0	Gaussian	295.842068	37.726533
707	1	  0.001446	  0.000452	     -1.00	    492.50	    589.13	      4.87	      3.42	     85.18	     59.85	-26.76	 6.655e-05	      5.15	0	Gaussian	293.891342	35.838252
708	1	  0.001498	  0.000570	     -1.00	    433.61	    627.35	      2.85	      1.19	     49.87	     20.78	-4.43	 1.952e-04	      5.15	0	Gaussian	294.243331	35.684895
709	1	  0.001477	  0.000608	     -1.00	    504.95	    375.86	      3.81	      3.33	     66.60	     58.27	-0.47	 7.010e-05	      5.15	0	Gaussian	293.693214	36.811764
710	1	  0.001454	  0.000887	     -1.00	    594.02	    791.44	      3.17	      2.74	     55.45	     48.02	-14.17	 6.076e-05	      5.16	0	Gaussian	293.448467	34.875811
711	1	  0.001438	  0.000380	     -1.00	    309.91	     36.16	      5.42	      3.45	     94.90	     60.43	-64.05	 8.709e-05	      5.16	0	Gaussian	294.618480	38.456096
712	1	  0.001448	  0.000724	     -1.00	    420.17	    182.28	      3.69	      2.95	     64.61	     51.58	-11.96	 5.537e-05	      5.16	0	Gaussian	294.062021	37.737234
713	1	  0.001477	  0.000534	     -1.00	    396.89	    510.19	      3.75	      3.56	     65.61	     62.36	-53.96	 6.831e-05	      5.16	0	Gaussian	294.384130	36.235767
714	1	  0.001491	  0.000812	     -1.00	    754.48	    746.55	      2.89	      2.88	     50.55	     50.39	-31.31	 8.508e-05	      5.16	0	Gaussian	292.537318	35.014991
715	1	  0.001438	  0.000394	     -1.00	    234.05	    483.26	      5.42	      3.56	     94.94	     62.29	29.79	 5.459e-05	      5.16	0	Gaussian	295.293967	36.415400
716	1	  0.001467	  0.000488	     -1.00	     32.63	    497.61	      4.68	      3.26	     81.91	     57.09	23.61	 1.517e-04	      5.17	0	Gaussian	296.451276	36.408479
717	1	  0.001482	  0.000659	     -1.00	    331.01	    107.51	      3.70	      3.11	     64.73	     54.51	1.58	 9.792e-05	      5.17	0	Gaussian	294.535533	38.117639
718	1	  0.001433	  0.000613	     -1.00	    254.82	    513.66	      3.80	      3.27	     66.55	     57.27	-26.65	 5.583e-05	      5.18	0	Gaussian	295.191150	36.268556
719	1	  0.001478	  0.000707	     -1.00	    132.38	    514.27	      3.61	      3.08	     63.20	     53.98	-19.57	 1.482e-04	      5.18	0	Gaussian	295.888410	36.303520
720	1	  0.001469	  0.000742	     -1.00	    162.70	    216.64	      3.39	      2.94	     59.42	     51.52	-7.47	 1.228e-04	      5.18	0	Gaussian	295.572324	37.671609
721	1	  0.001548	  0.000979	     -1.00	    184.88	    220.07	      2.97	      2.76	     51.97	     48.31	-15.44	 1.642e-04	      5.18	0	Gaussian	295.445156	37.648415
722	1	  0.001459	  0.000656	     -1.00	    360.08	    406.65	      3.62	      3.23	     63.28	     56.59	-13.31	 6.296e-05	      5.18	0	Gaussian	294.535432	36.725467
723	1	  0.001457	  0.000668	     -1.00	    576.00	    151.52	      3.70	      3.07	     64.76	     53.78	-14.87	 1.176e-04	      5.19	0	Gaussian	293.145231	37.813268
724	1	  0.001459	  0.000532	     -1.00	    622.40	    659.65	      4.52	      2.93	     79.03	     51.21	-43.66	 8.510e-05	      5.19	0	Gaussian	293.209842	35.465145
725	1	  0.001478	  0.000625	     -1.00	    172.47	     73.56	      3.92	      3.06	     68.67	     53.58	-12.80	 9.617e-05	      5.19	0	Gaussian	295.444073	38.332316
726	1	  0.001453	  0.000702	     -1.00	    493.63	    655.66	      3.56	      2.95	     62.31	     51.71	-18.95	 6.133e-05	      5.19	0	Gaussian	293.924020	35.533317
727	1	  0.001448	  0.000670	     -1.00	    159.37	    584.18	      3.77	      3.10	     66.06	     54.22	-16.56	 6.739e-05	      5.19	0	Gaussian	295.767260	35.973031
728	1	  0.001484	  0.000725	     -1.00	    197.02	     11.61	      3.54	      2.94	     61.96	     51.47	-4.02	 1.102e-04	      5.20	0	Gaussian	295.268062	38.611548
729	1	  0.001460	  0.000339	     -1.00	    376.08	    653.57	      7.52	      2.57	    131.54	     45.02	-1.86	 1.247e-04	      5.20	0	Gaussian	294.580224	35.584915
730	1	  0.001461	  0.000706	     -1.00	     47.10	    208.17	      3.70	      2.84	     64.81	     49.65	1.23	 7.693e-05	      5.21	0	Gaussian	296.241939	37.746693
731	1	  0.001444	  0.000316	     -1.00	    714.86	    110.57	      5.61	      4.07	     98.25	     71.20	22.40	 3.656e-05	      5.21	0	Gaussian	292.320432	37.936878
732	1	  0.001499	  0.000832	     -1.00	    692.56	    316.96	      3.11	      2.74	     54.42	     47.90	-13.73	 1.652e-04	      5.21	0	Gaussian	292.591573	37.001319
733	1	  0.001470	  0.000721	     -1.00	    763.67	    660.24	      3.72	      2.65	     65.17	     46.43	-16.07	 1.375e-04	      5.21	0	Gaussian	292.428516	35.403134
734	1	  0.001451	  0.000648	     -1.00	    568.95	    402.55	      3.70	      3.07	     64.73	     53.80	-4.02	 5.651e-05	      5.21	0	Gaussian	293.347084	36.663049
735	1	  0.001475	  0.000744	     -1.00	    455.59	     64.84	      3.51	      2.89	     61.38	     50.66	-10.64	 1.664e-04	      5.21	0	Gaussian	293.785815	38.264916
736	1	  0.001415	  0.000452	     -1.00	     42.83	    458.76	      4.50	      3.31	     78.69	     57.90	-43.20	 4.789e-05	      5.21	0	Gaussian	296.376228	36.585548
737	1	  0.001491	  0.000592	     -1.00	    217.03	    416.46	      3.96	      3.05	     69.32	     53.38	11.42	 1.062e-04	      5.21	0	Gaussian	295.357808	36.729196
738	1	  0.001453	  0.000583	     -1.00	    187.10	    464.43	      3.92	      3.20	     68.56	     55.94	-11.75	 9.573e-05	      5.22	0	Gaussian	295.552517	36.517186
739	1	  0.001465	  0.000518	     -1.00	    778.89	    588.81	      4.64	      2.86	     81.30	     50.14	-5.72	 8.655e-05	      5.22	0	Gaussian	292.295467	35.721251
740	1	  0.001464	  0.000577	     -1.00	    729.75	    312.26	      3.54	      3.27	     61.96	     57.31	2.68	 1.630e-04	      5.22	0	Gaussian	292.378049	37.005631
741	1	  0.001479	  0.000544	     -1.00	    328.56	    616.40	      3.76	      3.10	     65.87	     54.28	-81.27	 1.252e-04	      5.22	0	Gaussian	294.827293	35.771600
742	1	  0.001454	  0.000572	     -1.00	    252.20	    538.26	      4.03	      2.96	     70.61	     51.82	-7.93	 6.732e-05	      5.23	0	Gaussian	295.218444	36.156050
743	1	  0.001445	  0.000617	     -1.00	    758.04	    159.77	      3.87	      3.11	     67.79	     54.37	-13.71	 5.514e-05	      5.23	0	Gaussian	292.109056	37.690248
744	1	  0.001466	  0.000649	     -1.00	    349.65	    250.54	      3.75	      2.84	     65.65	     49.63	-14.06	 6.696e-05	      5.23	0	Gaussian	294.508162	37.449327
745	1	  0.001485	  0.000574	     -1.00	    374.88	    317.48	      4.21	      2.84	     73.62	     49.65	-31.94	 8.462e-05	      5.23	0	Gaussian	294.400902	37.130992
746	1	  0.001505	  0.000780	     -1.00	    124.33	    748.81	      3.15	      2.99	     55.20	     52.27	2.74	 1.136e-04	      5.23	0	Gaussian	296.039910	35.224863
747	1	  0.001476	  0.000742	     -1.00	    785.37	    123.97	      3.42	      2.88	     59.79	     50.49	-11.81	 9.292e-05	      5.24	0	Gaussian	291.927092	37.840636
748	1	  0.001505	  0.000620	     -1.00	    418.27	    376.86	      4.12	      2.80	     72.06	     49.05	-62.27	 1.236e-04	      5.24	0	Gaussian	294.186940	36.841074
749	1	  0.001479	  0.000694	     -1.00	     82.69	    526.99	      3.36	      2.97	     58.74	     51.98	-3.49	 1.235e-04	      5.24	0	Gaussian	296.177704	36.258925
750	1	  0.001413	  0.000588	     -1.00	    541.86	    315.83	      3.97	      3.11	     69.42	     54.52	-18.78	 3.237e-05	      5.24	0	Gaussian	293.446101	37.072441
751	1	  0.001474	  0.000643	     -1.00	     98.47	    750.70	      3.49	      3.32	     61.13	     58.11	6.78	 4.970e-05	      5.24	0	Gaussian	296.186094	35.223116
752	1	  0.001430	  0.000581	     -1.00	    682.94	    553.67	      4.24	      2.67	     74.25	     46.72	-26.94	 4.719e-05	      5.25	0	Gaussian	292.804765	35.923475
753	1	  0.001428	  0.000487	     -1.00	     22.25	    165.91	      4.82	      2.96	     84.38	     51.85	-11.99	 4.585e-05	      5.25	0	Gaussian	296.368600	37.950415
754	1	  0.001448	  0.000753	     -1.00	    762.92	    205.64	      3.38	      2.78	     59.22	     48.72	-17.44	 6.187e-05	      5.25	0	Gaussian	292.114453	37.477772
755	1	  0.001451	  0.000665	     -1.00	    252.41	    131.52	      3.69	      3.08	     64.67	     53.93	-12.40	 4.515e-05	      5.25	0	Gaussian	295.006592	38.035491
756	1	  0.001426	  0.000572	     -1.00	    114.65	    636.70	      3.92	      3.10	     68.63	     54.22	-21.73	 3.904e-05	      5.25	0	Gaussian	296.044683	35.743724
757	1	  0.001453	  0.000634	     -1.00	    401.49	    568.06	      3.75	      3.18	     65.69	     55.75	-3.92	 9.868e-05	      5.25	0	Gaussian	294.390484	35.968331
758	1	  0.001459	  0.000298	     -1.00	    770.94	    244.51	      7.72	      2.99	    135.05	     52.33	9.28	 7.262e-05	      5.26	0	Gaussian	292.096960	37.296007
759	1	  0.001482	  0.000494	     -1.00	    126.66	    773.14	      4.26	      2.92	     74.59	     51.14	-10.89	 9.289e-05	      5.26	0	Gaussian	296.037623	35.112390
760	1	  0.001463	  0.000498	     -1.00	    768.38	    639.17	      4.71	      2.98	     82.49	     52.11	-53.31	 1.064e-04	      5.26	0	Gaussian	292.388163	35.496866
761	1	  0.001476	  0.000688	     -1.00	    346.09	     95.70	      3.59	      2.88	     62.88	     50.38	-7.27	 1.124e-04	      5.26	0	Gaussian	294.441046	38.166457
762	1	  0.001468	  0.000505	     -1.00	    101.86	    278.31	      4.63	      2.98	     81.03	     52.16	-1.72	 8.705e-05	      5.26	0	Gaussian	295.955059	37.404723
763	1	  0.001434	  0.000581	     -1.00	    233.61	     92.12	      4.13	      2.99	     72.23	     52.35	-6.13	 5.186e-05	      5.26	0	Gaussian	295.095442	38.224889
764	1	  0.001430	  0.000590	     -1.00	    196.93	    572.55	      3.94	      3.02	     68.98	     52.91	-15.03	 7.592e-05	      5.26	0	Gaussian	295.548782	36.015399
765	1	  0.001476	  0.000626	     -1.00	    377.41	    499.61	      3.81	      2.78	     66.73	     48.73	0.32	 8.777e-05	      5.27	0	Gaussian	294.488458	36.291427
766	1	  0.001486	  0.000763	     -1.00	    575.80	    750.33	      3.25	      2.73	     56.96	     47.78	-6.78	 1.907e-04	      5.27	0	Gaussian	293.524023	35.070021
767	1	  0.001494	  0.000659	     -1.00	     89.36	     15.84	      3.53	      3.19	     61.76	     55.86	-11.92	 1.032e-04	      5.27	0	Gaussian	295.905211	38.628185
768	1	  0.001495	  0.000721	     -1.00	    228.04	    419.72	      3.38	      2.88	     59.08	     50.47	-14.00	 1.645e-04	      5.27	0	Gaussian	295.296427	36.710588
769	1	  0.001501	  0.000511	     -1.00	    696.47	     44.68	      4.84	      2.65	     84.74	     46.30	-2.39	 1.048e-04	      5.27	0	Gaussian	292.379082	38.248333
770	1	  0.001447	  0.000676	     -1.00	    588.84	    321.94	      3.55	      2.90	     62.12	     50.81	-29.90	 5.463e-05	      5.27	0	Gaussian	293.182812	37.024452
771	1	  0.001446	  0.000423	     -1.00	    394.04	     63.41	      4.04	      4.02	     70.67	     70.42	-54.66	 7.702e-05	      5.27	0	Gaussian	294.142995	38.296875
772	1	  0.001497	  0.000741	     -1.00	    307.99	    232.28	      3.51	      2.65	     61.41	     46.40	-3.04	 1.244e-04	      5.27	0	Gaussian	294.738401	37.549072
773	1	  0.001485	  0.000675	     -1.00	     72.97	    691.30	      3.56	      2.83	     62.23	     49.51	-25.42	 7.670e-05	      5.28	0	Gaussian	296.304206	35.503351
774	1	  0.001467	  0.000675	     -1.00	    406.52	     20.97	      3.56	      2.75	     62.37	     48.17	-19.51	 1.115e-04	      5.28	0	Gaussian	294.044828	38.488085
775	1	  0.001480	  0.000381	     -1.00	    410.62	    482.65	      6.63	      2.75	    116.11	     48.07	-20.48	 1.194e-04	      5.29	0	Gaussian	294.290935	36.357345
776	1	  0.001462	  0.000625	     -1.00	     58.57	     89.95	      3.69	      2.88	     64.52	     50.40	-17.25	 6.397e-05	      5.29	0	Gaussian	296.121277	38.292991
777	1	  0.001420	  0.000559	     -1.00	     50.72	    440.74	      3.96	      3.08	     69.24	     53.88	-14.35	 4.474e-05	      5.29	0	Gaussian	296.323149	36.666787
778	1	  0.001466	  0.000349	     -1.00	    133.20	    637.93	      6.64	      2.82	    116.23	     49.40	-4.03	 1.127e-04	      5.29	0	Gaussian	295.940213	35.732816
779	1	  0.001524	  0.000687	     -1.00	    388.77	    379.44	      3.29	      2.83	     57.54	     49.51	-9.11	 1.580e-04	      5.29	0	Gaussian	294.356596	36.840277
780	1	  0.001452	  0.000491	     -1.00	    702.22	    451.87	      5.46	      2.29	     95.63	     40.15	-33.58	 6.258e-05	      5.30	0	Gaussian	292.628981	36.379857
781	1	  0.001461	  0.000420	     -1.00	    283.29	    418.41	      5.21	      2.96	     91.24	     51.86	-49.22	 8.636e-05	      5.30	0	Gaussian	294.979926	36.698205
782	1	  0.001469	  0.000608	     -1.00	    713.56	    155.02	      3.75	      2.92	     65.56	     51.11	-24.66	 9.018e-05	      5.30	0	Gaussian	292.359416	37.733624
783	1	  0.001437	  0.000560	     -1.00	     20.08	    125.66	      4.00	      3.14	     69.98	     54.97	-9.79	 4.038e-05	      5.30	0	Gaussian	296.363658	38.138317
784	1	  0.001467	  0.000676	     -1.00	    710.07	     35.40	      3.63	      2.77	     63.51	     48.52	-13.29	 7.393e-05	      5.30	0	Gaussian	292.294125	38.284289
785	1	  0.001499	  0.000717	     -1.00	    546.81	    235.39	      3.30	      2.75	     57.84	     48.19	-9.05	 1.166e-04	      5.30	0	Gaussian	293.366883	37.440131
786	1	  0.001506	  0.000613	     -1.00	     71.65	    772.70	      3.72	      2.80	     65.08	     48.99	-19.24	 9.813e-05	      5.30	0	Gaussian	296.346189	35.128875
787	1	  0.001537	  0.000799	     -1.00	    313.82	    200.40	      3.12	      2.56	     54.61	     44.85	-7.19	 7.362e-04	      5.31	0	Gaussian	294.687185	37.694325
788	1	  0.001485	  0.000630	     -1.00	    156.48	    155.54	      3.75	      3.04	     65.72	     53.17	-10.33	 1.317e-04	      5.31	0	Gaussian	295.578546	37.957045
789	1	  0.001434	  0.000294	     -1.00	    331.57	    643.68	      6.98	      3.26	    122.14	     56.98	-14.23	 5.246e-05	      5.31	0	Gaussian	294.824705	35.645322
790	1	  0.001466	  0.000318	     -1.00	    514.20	    526.43	      7.51	      2.78	    131.43	     48.74	-3.95	 7.482e-05	      5.31	0	Gaussian	293.732182	36.117149
791	1	  0.001464	  0.000569	     -1.00	    244.79	     73.54	      3.88	      2.91	     67.89	     50.94	-1.80	 1.185e-04	      5.31	0	Gaussian	295.020195	38.307027
792	1	  0.001477	  0.000608	     -1.00	    747.63	    251.89	      3.71	      2.88	     64.86	     50.43	-27.80	 1.365e-04	      5.32	0	Gaussian	292.234306	37.273451
793	1	  0.001438	  0.000465	     -1.00	    345.43	    124.26	      4.72	      3.02	     82.64	     52.88	-10.48	 5.582e-05	      5.32	0	Gaussian	294.461195	38.034583
794	1	  0.001486	  0.000632	     -1.00	    397.49	     21.36	      3.64	      3.01	     63.75	     52.74	-21.73	 1.533e-04	      5.32	0	Gaussian	294.097780	38.489991
795	1	  0.001542	  0.000603	     -1.00	    250.25	    700.56	      3.64	      2.81	     63.75	     49.22	-5.06	 1.872e-04	      5.32	0	Gaussian	295.310306	35.410203
796	1	  0.001500	  0.000636	     -1.00	    689.66	     49.49	      3.64	      2.70	     63.67	     47.21	-14.95	 1.176e-04	      5.32	0	Gaussian	292.421709	38.229579
797	1	  0.001426	  0.000519	     -1.00	    504.34	    124.26	      3.97	      3.22	     69.40	     56.36	-10.18	 3.567e-05	      5.32	0	Gaussian	293.540533	37.970049
798	1	  0.001449	  0.000674	     -1.00	    356.63	    225.97	      3.46	      2.90	     60.49	     50.78	-9.39	 6.428e-05	      5.33	0	Gaussian	294.454064	37.560186
799	1	  0.001481	  0.000577	     -1.00	    351.22	    157.50	      4.14	      2.71	     72.42	     47.38	-10.89	 1.217e-04	      5.33	0	Gaussian	294.446467	37.878641
800	1	  0.001448	  0.000387	     -1.00	    608.30	    237.80	      4.78	      3.48	     83.66	     60.90	22.45	 5.214e-05	      5.33	0	Gaussian	293.017018	37.402262
801	1	  0.001464	  0.000524	     -1.00	     94.34	    231.20	      4.46	      2.76	     78.03	     48.32	-9.22	 1.410e-04	      5.33	0	Gaussian	295.976946	37.625576
802	1	  0.001446	  0.000510	     -1.00	    163.84	    548.70	      3.94	      3.22	     68.97	     56.30	-13.81	 7.657e-05	      5.33	0	Gaussian	295.725276	36.135349
803	1	  0.001474	  0.000651	     -1.00	    528.01	    562.29	      3.41	      2.94	     59.74	     51.53	-9.60	 8.898e-05	      5.34	0	Gaussian	293.676273	35.947498
804	1	  0.001470	  0.000484	     -1.00	    407.79	    286.43	      3.84	      3.31	     67.23	     57.98	-25.53	 7.120e-05	      5.34	0	Gaussian	294.194469	37.261658
805	1	  0.001446	  0.000500	     -1.00	    382.63	    789.92	      3.99	      3.21	     69.78	     56.13	-21.40	 4.878e-05	      5.34	0	Gaussian	294.617064	34.958357
806	1	  0.001421	  0.000586	     -1.00	    564.01	    124.46	      3.76	      3.08	     65.81	     53.84	-15.36	 2.698e-05	      5.34	0	Gaussian	293.196456	37.943152
807	1	  0.001447	  0.000520	     -1.00	    321.24	    260.27	      3.71	      3.27	     64.96	     57.29	-1.08	 1.009e-04	      5.35	0	Gaussian	294.677259	37.414900
808	1	  0.001529	  0.000659	     -1.00	    333.44	     11.76	      3.63	      2.51	     63.50	     43.99	34.10	 1.973e-04	      5.35	0	Gaussian	294.466830	38.560031
809	1	  0.001431	  0.000595	     -1.00	    794.32	    268.40	      3.60	      3.21	     63.09	     56.18	-27.29	 3.169e-05	      5.35	0	Gaussian	291.982019	37.175388
810	1	  0.001564	  0.000828	     -1.00	    393.15	    742.51	      3.04	      2.45	     53.24	     42.90	-10.89	 5.434e-04	      5.35	0	Gaussian	294.533050	35.171700
811	1	  0.001430	  0.000544	     -1.00	    257.03	    405.80	      3.88	      3.11	     67.84	     54.38	-14.66	 3.707e-05	      5.35	0	Gaussian	295.123446	36.765258
812	1	  0.001464	  0.000480	     -1.00	     65.73	     29.71	      4.59	      2.92	     80.31	     51.07	-3.61	 1.035e-04	      5.35	0	Gaussian	296.051299	38.571120
813	1	  0.001437	  0.000421	     -1.00	    311.85	    378.72	      4.77	      3.21	     83.51	     56.25	-26.52	 5.260e-05	      5.35	0	Gaussian	294.795607	36.871426
814	1	  0.001532	  0.000845	     -1.00	    556.57	    734.34	      2.73	      2.51	     47.84	     43.92	-28.64	 1.733e-04	      5.35	0	Gaussian	293.620761	35.150279
815	1	  0.001431	  0.000487	     -1.00	    360.23	    475.73	      4.28	      2.68	     74.87	     46.94	-13.18	 6.504e-05	      5.36	0	Gaussian	294.572669	36.407381
816	1	  0.001431	  0.000492	     -1.00	    625.26	    571.78	      4.02	      3.18	     70.36	     55.66	1.40	 4.088e-05	      5.36	0	Gaussian	293.138214	35.865076
817	1	  0.001490	  0.000645	     -1.00	    569.83	    637.76	      3.50	      2.73	     61.35	     47.79	-26.60	 8.924e-05	      5.36	0	Gaussian	293.488531	35.586013
818	1	  0.001420	  0.000568	     -1.00	    259.43	    317.47	      3.80	      3.20	     66.49	     55.94	-16.84	 4.949e-05	      5.36	0	Gaussian	295.063898	37.172464
819	1	  0.001443	  0.000353	     -1.00	    702.57	    194.63	      4.84	      3.63	     84.79	     63.56	19.87	 5.687e-05	      5.37	0	Gaussian	292.450000	37.557194
820	1	  0.001433	  0.000537	     -1.00	     19.15	    483.83	      3.72	      3.29	     65.03	     57.59	-1.22	 6.293e-05	      5.37	0	Gaussian	296.522712	36.475822
821	1	  0.001455	  0.000363	     -1.00	    405.47	    682.36	      5.68	      3.02	     99.50	     52.90	-6.21	 6.308e-05	      5.37	0	Gaussian	294.431478	35.442815
822	1	  0.001513	  0.000537	     -1.00	     72.06	    766.22	      3.84	      2.84	     67.25	     49.64	-7.34	 1.126e-04	      5.38	0	Gaussian	296.341137	35.158605
823	1	  0.001510	  0.000632	     -1.00	    388.31	    559.41	      3.48	      2.75	     60.93	     48.17	-9.47	 1.428e-04	      5.39	0	Gaussian	294.459953	36.012719
824	1	  0.001442	  0.000561	     -1.00	    481.10	    240.48	      3.81	      2.98	     66.65	     52.15	-19.55	 7.043e-05	      5.39	0	Gaussian	293.746543	37.444239
825	1	  0.001484	  0.000528	     -1.00	    576.23	    376.53	      3.94	      2.78	     68.88	     48.71	-5.13	 1.596e-04	      5.39	0	Gaussian	293.289341	36.779312
826	1	  0.001492	  0.000280	     -1.00	    609.70	     48.67	      8.35	      2.62	    146.09	     45.78	-3.90	 1.407e-04	      5.39	0	Gaussian	292.882358	38.271299
827	1	  0.001444	  0.000456	     -1.00	    508.59	    143.06	      3.85	      3.37	     67.41	     58.92	1.11	 4.315e-05	      5.39	0	Gaussian	293.527868	37.881573
828	1	  0.001445	  0.000575	     -1.00	     40.19	    289.34	      3.70	      2.92	     64.72	     51.07	-9.82	 6.873e-05	      5.40	0	Gaussian	296.318040	37.371724
829	1	  0.001465	  0.000488	     -1.00	    577.84	    628.75	      4.18	      2.77	     73.18	     48.52	-13.43	 8.922e-05	      5.40	0	Gaussian	293.438348	35.624009
830	1	  0.001444	  0.000547	     -1.00	    120.68	    667.09	      3.83	      2.81	     67.03	     49.24	-25.86	 6.156e-05	      5.40	0	Gaussian	296.024102	35.602006
831	1	  0.001469	  0.000382	     -1.00	     68.15	    594.16	      5.21	      3.15	     91.23	     55.05	-39.77	 5.951e-05	      5.40	0	Gaussian	296.289782	35.952679
832	1	  0.001491	  0.000540	     -1.00	    299.10	    564.93	      4.36	      2.72	     76.30	     47.58	-30.79	 1.052e-04	      5.40	0	Gaussian	294.966486	36.017989
833	1	  0.001459	  0.000481	     -1.00	    157.05	    128.63	      4.42	      2.99	     77.30	     52.34	-4.92	 7.107e-05	      5.40	0	Gaussian	295.561909	38.081786
834	1	  0.001447	  0.000529	     -1.00	    129.79	    154.47	      4.01	      2.70	     70.21	     47.26	1.74	 7.819e-05	      5.40	0	Gaussian	295.733960	37.970708
835	1	  0.001448	  0.000621	     -1.00	    742.23	    578.62	      3.04	      2.84	     53.18	     49.75	-8.39	 9.517e-05	      5.40	0	Gaussian	292.491714	35.783951
836	1	  0.001444	  0.000589	     -1.00	    555.80	    294.92	      3.76	      2.76	     65.85	     48.37	-16.84	 5.063e-05	      5.41	0	Gaussian	293.353459	37.162650
837	1	  0.001449	  0.000736	     -1.00	    661.51	    645.16	      2.87	      2.70	     50.20	     47.28	-51.35	 6.623e-05	      5.41	0	Gaussian	292.983648	35.515251
838	1	  0.001441	  0.000456	     -1.00	    547.78	    154.78	      4.20	      3.03	     73.46	     53.00	-13.54	 4.789e-05	      5.41	0	Gaussian	293.309625	37.810684
839	1	  0.001527	  0.000498	     -1.00	    529.61	    597.80	      4.90	      2.47	     85.76	     43.26	-32.48	 5.207e-04	      5.41	0	Gaussian	293.688733	35.784378
840	1	  0.001445	  0.000520	     -1.00	    165.98	    379.57	      3.86	      3.02	     67.54	     52.93	-16.49	 4.869e-05	      5.42	0	Gaussian	295.632603	36.915935
841	1	  0.001439	  0.000571	     -1.00	    465.83	     42.25	      3.66	      2.90	     64.05	     50.83	-9.27	 7.150e-05	      5.42	0	Gaussian	293.712233	38.364923
842	1	  0.001459	  0.000464	     -1.00	    543.60	    368.19	      4.58	      2.79	     80.22	     48.80	-8.28	 5.421e-05	      5.42	0	Gaussian	293.469047	36.831227
843	1	  0.001447	  0.000571	     -1.00	    510.41	    595.88	      3.54	      2.88	     61.91	     50.44	-13.16	 7.000e-05	      5.43	0	Gaussian	293.795003	35.800527
844	1	  0.001443	  0.000318	     -1.00	    701.78	    534.40	      6.69	      3.01	    117.04	     52.73	-1.47	 6.048e-05	      5.43	0	Gaussian	292.686943	36.003264
845	1	  0.001480	  0.000590	     -1.00	    451.74	    374.68	      3.53	      2.82	     61.74	     49.36	-10.29	 8.263e-05	      5.43	0	Gaussian	293.995059	36.838215
846	1	  0.001454	  0.000536	     -1.00	    169.01	     63.65	      3.70	      3.03	     64.83	     53.03	1.73	 8.488e-05	      5.43	0	Gaussian	295.459357	38.379511
847	1	  0.001475	  0.000580	     -1.00	    705.34	    146.81	      3.67	      2.76	     64.25	     48.30	0.54	 9.804e-05	      5.43	0	Gaussian	292.400598	37.775197
848	1	  0.001453	  0.000496	     -1.00	    202.57	    361.85	      3.79	      3.07	     66.32	     53.73	-3.08	 1.324e-04	      5.43	0	Gaussian	295.413555	36.986264
849	1	  0.001471	  0.000605	     -1.00	    550.86	    214.27	      3.53	      2.77	     61.84	     48.56	-10.55	 9.534e-05	      5.43	0	Gaussian	293.330179	37.535538
850	1	  0.001443	  0.000489	     -1.00	    244.62	    170.87	      3.85	      3.11	     67.34	     54.46	-20.90	 6.331e-05	      5.43	0	Gaussian	295.072736	37.855961
851	1	  0.001524	  0.000688	     -1.00	    177.05	    748.53	      3.27	      2.61	     57.26	     45.62	-12.57	 1.801e-04	      5.43	0	Gaussian	295.743858	35.211490
852	1	  0.001462	  0.000494	     -1.00	    561.18	     44.62	      4.07	      2.97	     71.19	     51.98	-16.58	 1.184e-04	      5.43	0	Gaussian	293.160368	38.312181
853	1	  0.001434	  0.000544	     -1.00	    722.70	    185.53	      3.79	      2.88	     66.40	     50.36	-17.84	 5.117e-05	      5.43	0	Gaussian	292.328870	37.589342
854	1	  0.001465	  0.000549	     -1.00	    647.25	    100.83	      3.68	      2.91	     64.43	     50.95	-2.73	 7.117e-05	      5.43	0	Gaussian	292.701556	38.013858
855	1	  0.001504	  0.000656	     -1.00	    336.82	     90.44	      3.33	      2.64	     58.23	     46.13	-13.04	 1.301e-04	      5.44	0	Gaussian	294.492045	38.194420
856	1	  0.001454	  0.000512	     -1.00	    631.61	    245.42	      3.60	      3.36	     62.96	     58.78	-18.54	 5.315e-05	      5.44	0	Gaussian	292.889186	37.356909
857	1	  0.001444	  0.000407	     -1.00	    337.81	    452.72	      4.24	      3.33	     74.20	     58.34	-30.38	 6.201e-05	      5.45	0	Gaussian	294.687447	36.521214
858	1	  0.001441	  0.000499	     -1.00	    566.67	    781.71	      3.86	      3.06	     67.55	     53.60	-36.96	 5.330e-05	      5.45	0	Gaussian	293.593366	34.930525
859	1	  0.001426	  0.000473	     -1.00	    550.87	    137.71	      4.03	      3.07	     70.47	     53.73	-0.14	 3.206e-05	      5.45	0	Gaussian	293.280779	37.887938
860	1	  0.001439	  0.000575	     -1.00	     83.10	    555.47	      3.55	      2.95	     62.09	     51.58	-17.91	 5.259e-05	      5.45	0	Gaussian	296.187892	36.127248
861	1	  0.001458	  0.000531	     -1.00	    306.26	     22.62	      3.68	      2.96	     64.41	     51.75	-12.85	 6.750e-05	      5.46	0	Gaussian	294.632264	38.520276
862	1	  0.001483	  0.000669	     -1.00	    346.54	    613.37	      2.91	      2.65	     50.98	     46.32	-57.86	 1.449e-04	      5.46	0	Gaussian	294.724461	35.779456
863	1	  0.001482	  0.000506	     -1.00	    344.18	     88.46	      3.99	      2.70	     69.81	     47.20	-11.64	 1.269e-04	      5.46	0	Gaussian	294.448027	38.200730
864	1	  0.001529	  0.000695	     -1.00	    573.63	     28.14	      2.82	      2.61	     49.43	     45.70	-8.38	 2.008e-04	      5.46	0	Gaussian	293.077264	38.382452
865	1	  0.001463	  0.000433	     -1.00	    318.88	    215.48	      3.75	      3.22	     65.65	     56.43	-26.33	 8.223e-05	      5.46	0	Gaussian	294.666262	37.622746
866	1	  0.001419	  0.000675	     -1.00	    698.49	    644.24	      2.97	      2.71	     51.99	     47.39	-66.61	 4.358e-05	      5.46	0	Gaussian	292.778100	35.503945
867	1	  0.001447	  0.000455	     -1.00	    385.33	    175.79	      4.27	      2.97	     74.67	     52.00	-7.03	 5.572e-05	      5.46	0	Gaussian	294.259519	37.780964
868	1	  0.001462	  0.000679	     -1.00	    599.62	    624.26	      2.90	      2.67	     50.79	     46.66	-53.66	 7.427e-05	      5.46	0	Gaussian	293.314278	35.635831
869	1	  0.001472	  0.000503	     -1.00	    381.82	    516.86	      3.89	      3.08	     68.12	     53.85	-24.61	 5.667e-05	      5.46	0	Gaussian	294.473036	36.210535
870	1	  0.001495	  0.000400	     -1.00	    639.50	     71.68	      4.43	      3.08	     77.50	     53.84	-24.67	 2.096e-04	      5.47	0	Gaussian	292.726093	38.151538
871	1	  0.001546	  0.000632	     -1.00	    380.93	    731.03	      4.04	      2.35	     70.70	     41.18	0.80	 2.798e-04	      5.47	0	Gaussian	294.594957	35.228361
872	1	  0.001448	  0.000571	     -1.00	    350.05	    497.29	      3.56	      2.92	     62.34	     51.03	-8.52	 5.348e-05	      5.47	0	Gaussian	294.642146	36.311768
873	1	  0.001455	  0.000415	     -1.00	    274.90	    408.17	      4.81	      2.76	     84.14	     48.35	-45.32	 7.057e-05	      5.48	0	Gaussian	295.022494	36.748325
874	1	  0.001434	  0.000440	     -1.00	     22.20	    251.72	      4.20	      2.97	     73.59	     51.90	-14.66	 7.053e-05	      5.48	0	Gaussian	296.406293	37.551538
875	1	  0.001447	  0.000571	     -1.00	    498.87	     75.35	      3.63	      2.74	     63.61	     47.98	-10.97	 6.327e-05	      5.49	0	Gaussian	293.541202	38.197964
876	1	  0.001446	  0.000544	     -1.00	     24.63	     34.51	      3.73	      2.73	     65.28	     47.84	-10.95	 7.463e-05	      5.49	0	Gaussian	296.296405	38.561405
877	1	  0.001450	  0.000316	     -1.00	    210.35	    467.78	      5.31	      3.34	     92.98	     58.38	3.53	 5.405e-05	      5.49	0	Gaussian	295.421409	36.494415
878	1	  0.001478	  0.000683	     -1.00	    735.18	    605.95	      3.59	      2.20	     62.89	     38.59	-31.32	 1.033e-04	      5.50	0	Gaussian	292.549344	35.662589
879	1	  0.001477	  0.000637	     -1.00	    754.35	    412.55	      2.84	      2.75	     49.65	     48.07	-41.54	 9.315e-05	      5.50	0	Gaussian	292.309705	36.535840
880	1	  0.001445	  0.000495	     -1.00	    127.25	    237.46	      3.78	      3.03	     66.13	     52.97	-14.55	 9.703e-05	      5.50	0	Gaussian	295.788478	37.586347
881	1	  0.001487	  0.000375	     -1.00	    113.77	    751.34	      4.94	      2.86	     86.45	     50.05	-2.12	 8.602e-05	      5.50	0	Gaussian	296.100342	35.216106
882	1	  0.001421	  0.000507	     -1.00	    615.05	    281.82	      3.78	      3.10	     66.08	     54.24	-5.89	 2.899e-05	      5.50	0	Gaussian	293.007645	37.197204
883	1	  0.001438	  0.000453	     -1.00	     21.80	    146.64	      4.10	      2.89	     71.76	     50.51	-5.03	 6.568e-05	      5.50	0	Gaussian	296.362778	38.040227
884	1	  0.001470	  0.000524	     -1.00	    761.90	    171.28	      3.72	      2.82	     65.15	     49.31	-9.00	 8.027e-05	      5.50	0	Gaussian	292.095377	37.635625
885	1	  0.001482	  0.000448	     -1.00	     77.67	    791.39	      4.02	      2.76	     70.44	     48.39	-9.67	 6.451e-05	      5.50	0	Gaussian	296.320291	35.041408
886	1	  0.001498	  0.000643	     -1.00	    406.43	    491.01	      2.89	      2.87	     50.52	     50.16	5.90	 9.598e-05	      5.51	0	Gaussian	294.319363	36.320445
887	1	  0.001474	  0.000562	     -1.00	    205.26	     12.33	      3.53	      2.77	     61.83	     48.48	-13.29	 1.270e-04	      5.51	0	Gaussian	295.219913	38.605282
888	1	  0.001459	  0.000365	     -1.00	    236.51	    709.83	      4.67	      3.21	     81.73	     56.19	19.20	 1.085e-04	      5.51	0	Gaussian	295.391923	35.371827
889	1	  0.001438	  0.000518	     -1.00	    404.94	    333.88	      3.44	      2.85	     60.17	     49.81	-12.66	 9.899e-05	      5.51	0	Gaussian	294.238199	37.044054
890	1	  0.001437	  0.000389	     -1.00	     14.81	    141.52	      4.63	      3.16	     80.98	     55.36	-4.21	 7.120e-05	      5.51	0	Gaussian	296.401565	38.066054
891	1	  0.001514	  0.000464	     -1.00	    567.35	    562.44	      4.57	      2.49	     79.95	     43.59	-12.09	 3.018e-04	      5.52	0	Gaussian	293.456011	35.931305
892	1	  0.001461	  0.000522	     -1.00	    688.18	    146.58	      3.60	      2.93	     63.07	     51.30	-12.13	 7.246e-05	      5.52	0	Gaussian	292.498553	37.784420
893	1	  0.001445	  0.000491	     -1.00	    358.39	     26.93	      3.61	      2.99	     63.11	     52.29	-19.64	 7.493e-05	      5.52	0	Gaussian	294.329598	38.479978
894	1	  0.001474	  0.000592	     -1.00	    752.41	    420.06	      3.18	      2.89	     55.59	     50.62	-8.15	 9.630e-05	      5.52	0	Gaussian	292.325805	36.502442
895	1	  0.001483	  0.000502	     -1.00	    123.71	    601.78	      3.85	      2.69	     67.43	     47.04	-16.04	 1.413e-04	      5.52	0	Gaussian	295.977638	35.902168
896	1	  0.001453	  0.000464	     -1.00	    701.52	    679.92	      3.65	      3.25	     63.89	     56.92	-44.65	 1.889e-04	      5.52	0	Gaussian	292.784781	35.340268
897	1	  0.001483	  0.000462	     -1.00	    586.19	    180.84	      3.91	      2.86	     68.42	     50.14	-16.79	 1.188e-04	      5.52	0	Gaussian	293.105992	37.673856
898	1	  0.001430	  0.000416	     -1.00	     46.35	    652.34	      4.58	      2.97	     80.10	     51.97	-9.36	 3.824e-05	      5.52	0	Gaussian	296.438298	35.689925
899	1	  0.001446	  0.000512	     -1.00	    226.83	    281.20	      3.66	      2.92	     64.07	     51.07	-12.41	 6.088e-05	      5.53	0	Gaussian	295.233124	37.351266
900	1	  0.001497	  0.000415	     -1.00	    132.02	    760.60	      4.50	      2.87	     78.70	     50.16	-5.36	 9.528e-05	      5.53	0	Gaussian	296.001998	35.168604
901	1	  0.001463	  0.000546	     -1.00	    341.98	    110.16	      3.37	      2.69	     59.05	     47.03	-2.54	 7.576e-05	      5.53	0	Gaussian	294.473227	38.101167
902	1	  0.001433	  0.000480	     -1.00	    554.49	    515.04	      3.79	      3.17	     66.36	     55.44	-4.54	 4.194e-05	      5.53	0	Gaussian	293.498844	36.153391
903	1	  0.001447	  0.000410	     -1.00	    751.18	    548.86	      4.20	      2.87	     73.46	     50.21	-35.16	 7.385e-05	      5.53	0	Gaussian	292.421699	35.915525
904	1	  0.001466	  0.000349	     -1.00	    295.29	    284.40	      3.95	      3.38	     69.20	     59.22	51.08	 8.434e-05	      5.54	0	Gaussian	294.839955	37.312756
905	1	  0.001461	  0.000476	     -1.00	    447.40	    388.70	      3.86	      2.84	     67.58	     49.63	-16.64	 4.445e-05	      5.54	0	Gaussian	294.027984	36.775406
906	1	  0.001456	  0.000464	     -1.00	    285.03	    425.69	      4.20	      2.80	     73.47	     48.94	-4.25	 7.467e-05	      5.54	0	Gaussian	294.973785	36.664033
907	1	  0.001485	  0.000534	     -1.00	    539.93	    229.11	      3.40	      2.91	     59.54	     50.86	-14.89	 1.068e-04	      5.54	0	Gaussian	293.402260	37.471955
908	1	  0.001470	  0.000474	     -1.00	    749.88	     51.72	      3.78	      2.99	     66.19	     52.40	-18.26	 6.364e-05	      5.54	0	Gaussian	292.077060	38.189616
909	1	  0.001454	  0.000599	     -1.00	    523.54	    447.77	      3.02	      2.56	     52.79	     44.87	-53.84	 5.756e-05	      5.54	0	Gaussian	293.631839	36.474153
910	1	  0.001466	  0.000478	     -1.00	    581.37	    113.40	      4.02	      2.48	     70.30	     43.34	-19.12	 7.291e-05	      5.55	0	Gaussian	293.089168	37.986272
911	1	  0.001506	  0.000455	     -1.00	    446.20	    264.43	      3.83	      2.86	     66.98	     50.12	-1.66	 8.351e-05	      5.55	0	Gaussian	293.961219	37.348014
912	1	  0.001478	  0.000432	     -1.00	    770.17	    754.78	      3.80	      3.10	     66.49	     54.28	-49.61	 8.626e-05	      5.55	0	Gaussian	292.456762	34.970977
913	1	  0.001450	  0.000509	     -1.00	    543.18	    530.90	      3.66	      2.93	     64.00	     51.32	-19.26	 4.220e-05	      5.55	0	Gaussian	293.572113	36.085278
914	1	  0.001465	  0.000424	     -1.00	    142.27	    193.50	      4.40	      2.82	     77.03	     49.39	-4.47	 8.336e-05	      5.55	0	Gaussian	295.679964	37.785520
915	1	  0.001447	  0.000446	     -1.00	    118.50	    500.59	      3.49	      3.42	     61.02	     59.88	-21.79	 5.173e-05	      5.55	0	Gaussian	295.961421	36.370777
916	1	  0.001449	  0.000532	     -1.00	    386.06	     64.30	      3.49	      2.93	     61.02	     51.24	-12.92	 7.649e-05	      5.55	0	Gaussian	294.190016	38.295966
917	1	  0.001421	  0.000412	     -1.00	     34.76	    247.79	      4.03	      3.30	     70.47	     57.72	-9.79	 5.635e-05	      5.55	0	Gaussian	296.331370	37.566229
918	1	  0.001424	  0.000414	     -1.00	    183.76	      6.35	      4.15	      3.12	     72.67	     54.55	-17.00	 3.820e-05	      5.55	0	Gaussian	295.343425	38.640637
919	1	  0.001433	  0.000455	     -1.00	    503.16	    269.39	      4.13	      2.56	     72.23	     44.84	-15.47	 3.915e-05	      5.56	0	Gaussian	293.637955	37.302076
920	1	  0.001465	  0.000470	     -1.00	    328.74	    156.23	      3.89	      2.69	     68.11	     47.16	-15.34	 6.332e-05	      5.56	0	Gaussian	294.576133	37.893061
921	1	  0.001458	  0.000366	     -1.00	    717.22	    207.65	      4.62	      3.09	     80.87	     54.05	-9.26	 4.765e-05	      5.56	0	Gaussian	292.375732	37.490595
922	1	  0.001463	  0.000510	     -1.00	    714.18	    489.98	      3.55	      2.95	     62.19	     51.64	-6.47	 7.563e-05	      5.56	0	Gaussian	292.587822	36.200545
923	1	  0.001467	  0.000439	     -1.00	    236.04	    561.93	      3.46	      3.34	     60.57	     58.40	5.64	 7.228e-05	      5.56	0	Gaussian	295.321875	36.052185
924	1	  0.001466	  0.000512	     -1.00	    345.30	    410.41	      3.56	      2.85	     62.35	     49.83	-2.22	 4.335e-05	      5.56	0	Gaussian	294.621764	36.713472
925	1	  0.001509	  0.000584	     -1.00	    625.77	    746.33	      3.29	      2.65	     57.62	     46.37	-15.71	 3.474e-04	      5.56	0	Gaussian	293.245588	35.068816
926	1	  0.001451	  0.000441	     -1.00	    751.10	    606.56	      4.02	      3.07	     70.42	     53.77	-5.25	 6.648e-05	      5.56	0	Gaussian	292.461558	35.652822
927	1	  0.001550	  0.000567	     -1.00	    220.69	    736.70	      3.43	      2.54	     60.05	     44.45	-21.46	 6.138e-04	      5.57	0	Gaussian	295.493644	35.253149
928	1	  0.001484	  0.000491	     -1.00	    338.33	    659.46	      3.86	      2.61	     67.54	     45.72	5.87	 1.842e-04	      5.57	0	Gaussian	294.795046	35.570672
929	1	  0.001445	  0.000394	     -1.00	    593.21	    149.35	      4.94	      2.69	     86.39	     47.09	-13.23	 7.063e-05	      5.57	0	Gaussian	293.044872	37.815578
930	1	  0.001467	  0.000524	     -1.00	    397.03	    533.54	      3.53	      2.90	     61.81	     50.82	-21.14	 7.960e-05	      5.57	0	Gaussian	294.396362	36.128425
931	1	  0.001474	  0.000261	     -1.00	     25.65	    581.12	      7.44	      2.96	    130.26	     51.85	14.38	 1.739e-04	      5.58	0	Gaussian	296.526173	36.024137
932	1	  0.001435	  0.000445	     -1.00	    130.69	    140.13	      3.86	      3.02	     67.63	     52.92	-4.40	 4.433e-05	      5.58	0	Gaussian	295.721737	38.036992
933	1	  0.001505	  0.000624	     -1.00	    357.51	    311.45	      2.91	      2.73	     50.97	     47.76	-20.58	 2.375e-04	      5.58	0	Gaussian	294.497150	37.165290
934	1	  0.001524	  0.000456	     -1.00	    282.80	    710.95	      3.50	      3.04	     61.34	     53.26	-28.54	 1.914e-04	      5.58	0	Gaussian	295.132952	35.352386
935	1	  0.001462	  0.000470	     -1.00	    211.27	    621.00	      3.84	      2.57	     67.17	     44.91	-14.99	 6.547e-05	      5.58	0	Gaussian	295.490945	35.787877
936	1	  0.001451	  0.000450	     -1.00	    510.29	    427.73	      3.84	      2.96	     67.18	     51.87	-26.41	 5.866e-05	      5.59	0	Gaussian	293.694511	36.571376
937	1	  0.001490	  0.000638	     -1.00	    515.63	    570.30	      2.90	      2.35	     50.69	     41.13	-35.45	 1.382e-04	      5.59	0	Gaussian	293.750501	35.915642
938	1	  0.001498	  0.000611	     -1.00	    790.83	    132.54	      3.18	      2.58	     55.72	     45.23	-6.91	 1.461e-04	      5.59	0	Gaussian	291.902282	37.798671
939	1	  0.001546	  0.000526	     -1.00	    357.70	    538.54	      3.30	      2.75	     57.75	     48.17	-13.39	 5.188e-04	      5.59	0	Gaussian	294.621292	36.119411
940	1	  0.001509	  0.000685	     -1.00	    772.53	    626.44	      2.82	      2.23	     49.33	     39.02	-41.99	 1.358e-04	      5.59	0	Gaussian	292.356551	35.552904
941	1	  0.001526	  0.000568	     -1.00	    561.60	    325.04	      3.36	      2.69	     58.82	     47.08	-60.40	 1.976e-04	      5.60	0	Gaussian	293.339621	37.021851
942	1	  0.001433	  0.000452	     -1.00	    386.64	    441.72	      3.82	      2.98	     66.82	     52.17	-21.30	 4.112e-05	      5.60	0	Gaussian	294.403866	36.554335
943	1	  0.001496	  0.000500	     -1.00	    404.80	    453.78	      3.57	      2.41	     62.51	     42.15	-28.48	 2.129e-04	      5.60	0	Gaussian	294.307562	36.492189
944	1	  0.001457	  0.000395	     -1.00	    691.86	    382.63	      4.21	      2.83	     73.62	     49.58	-8.51	 4.988e-05	      5.60	0	Gaussian	292.640311	36.701056
945	1	  0.001463	  0.000497	     -1.00	    604.89	    483.81	      3.70	      2.76	     64.72	     48.28	-21.74	 1.173e-04	      5.60	0	Gaussian	293.196128	36.275752
946	1	  0.001442	  0.000439	     -1.00	    433.31	    599.75	      3.70	      3.15	     64.70	     55.05	-16.36	 9.828e-05	      5.61	0	Gaussian	294.229399	35.811505
947	1	  0.001486	  0.000539	     -1.00	    563.11	    660.87	      3.23	      2.83	     56.52	     49.59	-27.82	 9.434e-05	      5.61	0	Gaussian	293.540072	35.483076
948	1	  0.001464	  0.000594	     -1.00	    555.38	    352.21	      2.97	      2.42	     52.03	     42.39	-48.32	 1.051e-04	      5.61	0	Gaussian	293.392154	36.899679
949	1	  0.001478	  0.000468	     -1.00	    472.69	    791.56	      3.53	      2.95	     61.86	     51.57	-34.55	 9.103e-05	      5.61	0	Gaussian	294.118589	34.919970
950	1	  0.001624	  0.000374	     -1.00	    249.84	    690.21	      8.48	      1.78	    148.45	     31.08	-44.45	 4.888e-04	      5.61	0	Gaussian	295.307501	35.457845
951	1	  0.001460	  0.000314	     -1.00	    130.21	     30.09	      4.62	      3.28	     80.87	     57.43	-9.59	 8.565e-05	      5.62	0	Gaussian	295.671021	38.548550
952	1	  0.001482	  0.000473	     -1.00	    207.72	    410.53	      3.50	      2.93	     61.33	     51.20	-19.56	 9.700e-05	      5.62	0	Gaussian	295.408193	36.759594
953	1	  0.001470	  0.000558	     -1.00	    217.25	    380.86	      2.94	      2.50	     51.40	     43.76	-6.06	 7.015e-05	      5.62	0	Gaussian	295.338743	36.893621
954	1	  0.001500	  0.000545	     -1.00	    279.39	    664.64	      3.00	      2.54	     52.50	     44.49	-41.82	 1.910e-04	      5.62	0	Gaussian	295.128700	35.566045
955	1	  0.001477	  0.000372	     -1.00	    424.72	    224.52	      4.09	      3.01	     71.54	     52.75	-18.44	 1.400e-04	      5.62	0	Gaussian	294.060893	37.540506
956	1	  0.001478	  0.000482	     -1.00	    689.18	    631.80	      3.32	      2.98	     58.15	     52.11	-30.51	 1.731e-04	      5.63	0	Gaussian	292.821535	35.564586
957	1	  0.001443	  0.000328	     -1.00	    785.38	    240.29	      4.28	      3.23	     74.97	     56.50	-1.17	 4.393e-05	      5.63	0	Gaussian	292.012150	37.308290
958	1	  0.001469	  0.000523	     -1.00	    646.10	    355.77	      3.32	      2.84	     58.02	     49.70	-16.12	 1.296e-04	      5.63	0	Gaussian	292.880518	36.844424
959	1	  0.001509	  0.000324	     -1.00	    571.12	    650.63	      4.37	      2.21	     76.46	     38.65	-61.67	 1.110e-04	      5.63	0	Gaussian	293.489221	35.526718
960	1	  0.001462	  0.000499	     -1.00	    412.98	    328.36	      3.71	      2.72	     64.91	     47.63	-18.20	 8.369e-05	      5.64	0	Gaussian	294.189074	37.066414
961	1	  0.001481	  0.000540	     -1.00	    649.57	    761.61	      2.99	      2.57	     52.35	     44.91	-4.91	 1.683e-04	      5.64	0	Gaussian	293.123957	34.989838
962	1	  0.001479	  0.000463	     -1.00	    399.17	    483.87	      3.61	      2.92	     63.21	     51.18	-19.74	 9.755e-05	      5.64	0	Gaussian	294.356482	36.355892
963	1	  0.001469	  0.000464	     -1.00	     88.72	    312.90	      3.31	      3.04	     57.91	     53.12	-4.77	 9.775e-05	      5.64	0	Gaussian	296.047106	37.248294
964	1	  0.001463	  0.000410	     -1.00	    311.35	    212.37	      3.99	      2.83	     69.84	     49.57	-28.67	 7.608e-05	      5.65	0	Gaussian	294.708054	37.639914
965	1	  0.001527	  0.000539	     -1.00	     16.51	    204.37	      3.53	      2.33	     61.77	     40.78	-3.17	 3.248e-04	      5.65	0	Gaussian	296.418982	37.773228
966	1	  0.001467	  0.000449	     -1.00	    580.53	    174.35	      3.78	      2.68	     66.21	     46.93	-16.25	 1.215e-04	      5.65	0	Gaussian	293.134182	37.706223
967	1	  0.001483	  0.000454	     -1.00	    456.34	    138.25	      3.28	      2.86	     57.33	     50.12	-29.03	 2.083e-04	      5.66	0	Gaussian	293.826580	37.925727
968	1	  0.001496	  0.000512	     -1.00	    517.85	     56.35	      3.65	      2.50	     63.84	     43.71	-4.72	 1.235e-04	      5.66	0	Gaussian	293.419097	38.277372
969	1	  0.001464	  0.000498	     -1.00	    648.45	    136.60	      3.14	      2.62	     55.02	     45.85	-36.41	 6.819e-05	      5.66	0	Gaussian	292.719233	37.848913
970	1	  0.001438	  0.000418	     -1.00	    189.30	    165.45	      3.88	      2.99	     67.98	     52.28	-20.71	 5.089e-05	      5.66	0	Gaussian	295.392008	37.900158
971	1	  0.001469	  0.000385	     -1.00	    265.81	    749.63	      3.90	      3.12	     68.20	     54.55	-7.66	 7.245e-05	      5.66	0	Gaussian	295.247360	35.180194
972	1	  0.001459	  0.000312	     -1.00	     54.82	    215.55	      4.61	      3.33	     80.63	     58.28	-18.22	 1.029e-04	      5.66	0	Gaussian	296.200171	37.710153
973	1	  0.001490	  0.000517	     -1.00	    396.11	    549.62	      3.23	      2.81	     56.57	     49.13	-21.69	 1.212e-04	      5.66	0	Gaussian	294.410565	36.054916
974	1	  0.001464	  0.000374	     -1.00	     32.04	    107.40	      4.52	      2.86	     79.18	     50.07	-15.26	 7.385e-05	      5.66	0	Gaussian	296.285243	38.219792
975	1	  0.001466	  0.000395	     -1.00	    137.29	     79.54	      4.02	      2.90	     70.31	     50.82	-6.07	 1.394e-04	      5.67	0	Gaussian	295.653559	38.316325
976	1	  0.001431	  0.000430	     -1.00	    439.64	    108.24	      3.84	      2.91	     67.24	     50.89	-11.79	 5.163e-05	      5.67	0	Gaussian	293.904931	38.071145
977	1	  0.001499	  0.000368	     -1.00	    411.89	    653.60	      4.81	      3.04	     84.13	     53.14	-42.47	 1.295e-04	      5.67	0	Gaussian	294.379660	35.572325
978	1	  0.001480	  0.000407	     -1.00	    356.44	    437.58	      4.88	      2.36	     85.40	     41.29	2.27	 1.503e-04	      5.67	0	Gaussian	294.573236	36.584348
979	1	  0.001530	  0.000388	     -1.00	    429.87	    668.29	      4.55	      2.41	     79.67	     42.20	-2.97	 1.863e-04	      5.67	0	Gaussian	294.287301	35.498703
980	1	  0.001455	  0.000274	     -1.00	     76.61	    642.50	      5.08	      3.27	     88.90	     57.22	-4.97	 6.001e-05	      5.68	0	Gaussian	296.262619	35.727355
981	1	  0.001439	  0.000348	     -1.00	    229.06	    551.66	      4.20	      3.21	     73.49	     56.17	-13.02	 7.344e-05	      5.68	0	Gaussian	295.356350	36.101691
982	1	  0.001476	  0.000449	     -1.00	    391.68	    666.21	      3.75	      3.07	     65.67	     53.75	-3.42	 1.141e-04	      5.68	0	Gaussian	294.499756	35.521612
983	1	  0.001453	  0.000462	     -1.00	    604.93	    153.25	      3.53	      2.93	     61.86	     51.22	-13.69	 7.954e-05	      5.68	0	Gaussian	292.980183	37.792334
984	1	  0.001508	  0.000435	     -1.00	    435.57	    259.64	      3.55	      2.82	     62.14	     49.32	-30.28	 1.014e-04	      5.69	0	Gaussian	294.019367	37.374297
985	1	  0.001452	  0.000475	     -1.00	    772.41	    387.72	      2.81	      2.79	     49.26	     48.85	-47.83	 5.356e-05	      5.71	0	Gaussian	292.190931	36.640815
986	1	  0.001465	  0.000485	     -1.00	    123.21	    363.19	      3.47	      2.39	     60.72	     41.85	-46.24	 7.753e-05	      5.71	0	Gaussian	295.871047	37.004905
987	1	  0.001465	  0.000417	     -1.00	    743.68	    543.66	      3.87	      2.74	     67.73	     47.93	-17.62	 8.352e-05	      5.71	0	Gaussian	292.459879	35.942588
988	1	  0.001454	  0.000388	     -1.00	    677.74	    123.50	      3.88	      2.97	     67.92	     52.04	-15.60	 6.105e-05	      5.72	0	Gaussian	292.542258	37.895372
989	1	  0.001470	  0.000512	     -1.00	    599.11	    174.80	      3.37	      2.69	     58.97	     47.14	-11.77	 1.205e-04	      5.72	0	Gaussian	293.027920	37.695901
990	1	  0.001470	  0.000423	     -1.00	    409.41	    188.01	      3.78	      2.67	     66.20	     46.70	21.54	 1.016e-04	      5.72	0	Gaussian	294.127545	37.715062
991	1	  0.001490	  0.000447	     -1.00	    365.13	    321.54	      3.87	      2.40	     67.77	     42.09	-5.23	 1.167e-04	      5.72	0	Gaussian	294.459118	37.115919
992	1	  0.001472	  0.000479	     -1.00	    588.40	    305.17	      3.04	      2.54	     53.26	     44.42	-87.32	 1.072e-04	      5.74	0	Gaussian	293.174472	37.101631
993	1	  0.001466	  0.000502	     -1.00	    492.45	    360.75	      2.99	      2.56	     52.33	     44.83	-78.09	 6.674e-05	      5.75	0	Gaussian	293.755043	36.886207
994	1	  0.001448	  0.000375	     -1.00	    582.82	     82.07	      3.89	      3.09	     68.02	     54.02	-17.52	 5.416e-05	      5.75	0	Gaussian	293.060048	38.129876
995	1	  0.001466	  0.000465	     -1.00	    722.78	    491.39	      3.40	      2.77	     59.47	     48.49	-17.60	 8.926e-05	      5.75	0	Gaussian	292.540748	36.190290
996	1	  0.001468	  0.000306	     -1.00	    161.62	    561.56	      4.16	      3.03	     72.83	     53.09	-57.33	 8.646e-05	      5.75	0	Gaussian	295.743926	36.076667
997	1	  0.001450	  0.000277	     -1.00	    154.90	     49.65	      4.50	      3.09	     78.74	     54.13	-34.93	 7.482e-05	      5.75	0	Gaussian	295.535288	38.449322
998	1	  0.001450	  0.000403	     -1.00	    610.80	    526.18	      3.81	      2.73	     66.65	     47.86	-20.64	 5.728e-05	      5.75	0	Gaussian	293.190015	36.079469
999	1	  0.001460	  0.000386	     -1.00	    359.63	     37.65	      3.82	      2.91	     66.83	     50.87	-29.06	 1.081e-04	      5.76	0	Gaussian	294.328548	38.429819
1000	1	  0.001462	  0.000370	     -1.00	     88.62	    188.62	      4.01	      2.72	     70.15	     47.53	-12.07	 6.565e-05	      5.76	0	Gaussian	295.990591	37.825038
1001	1	  0.001458	  0.000395	     -1.00	    109.72	    313.31	      3.65	      2.99	     63.81	     52.36	-19.61	 4.409e-05	      5.76	0	Gaussian	295.925787	37.240086
1002	1	  0.001463	  0.000386	     -1.00	    252.32	     52.79	      3.14	      3.01	     54.92	     52.67	-8.84	 1.111e-04	      5.76	0	Gaussian	294.964963	38.400534
1003	1	  0.001518	  0.000510	     -1.00	    664.04	    702.85	      2.72	      2.57	     47.68	     45.02	81.72	 3.590e-04	      5.77	0	Gaussian	293.006763	35.251409
1004	1	  0.001500	  0.000533	     -1.00	    699.90	    560.89	      3.10	      2.58	     54.27	     45.08	-26.78	 1.408e-04	      5.77	0	Gaussian	292.715080	35.883224
1005	1	  0.001462	  0.000442	     -1.00	    112.83	    776.21	      3.42	      2.85	     59.85	     49.84	-11.80	 6.742e-05	      5.77	0	Gaussian	296.116565	35.101980
1006	1	  0.001478	  0.000449	     -1.00	    430.51	    520.18	      3.17	      2.89	     55.56	     50.64	-35.41	 1.110e-04	      5.78	0	Gaussian	294.199870	36.177577
1007	1	  0.001450	  0.000442	     -1.00	    602.76	    163.48	      3.49	      2.75	     61.06	     48.19	-12.14	 6.215e-05	      5.79	0	Gaussian	292.999468	37.746300
1008	1	  0.001482	  0.000534	     -1.00	    773.03	    602.65	      3.02	      2.57	     52.87	     44.96	-13.71	 8.726e-05	      5.79	0	Gaussian	292.337431	35.660907
1009	1	  0.001475	  0.000393	     -1.00	    313.51	     95.59	      4.30	      2.45	     75.34	     42.84	-7.18	 8.321e-05	      5.81	0	Gaussian	294.630811	38.179459
1010	1	  0.001438	  0.000476	     -1.00	    730.74	    763.24	      3.02	      2.40	     52.95	     42.09	-80.70	 4.758e-05	      5.83	0	Gaussian	292.678711	34.949239
1011	1	  0.001485	  0.000360	     -1.00	    206.11	    313.67	      3.99	      2.39	     69.80	     41.85	-3.73	 1.256e-04	      5.83	0	Gaussian	295.369123	37.207971
1012	1	  0.001472	  0.000440	     -1.00	    762.41	    604.89	      3.05	      2.48	     53.46	     43.43	55.24	 7.396e-05	      5.85	0	Gaussian	292.397744	35.655422
1013	1	  0.001479	  0.000415	     -1.00	    539.66	    726.81	      3.76	      2.40	     65.85	     41.95	-11.66	 1.514e-04	      5.85	0	Gaussian	293.710002	35.190997
1014	1	  0.001489	  0.000440	     -1.00	    645.16	    456.27	      3.67	      2.46	     64.25	     43.11	-27.12	 9.403e-05	      5.85	0	Gaussian	292.952123	36.384707
1015	1	  0.001481	  0.000378	     -1.00	     82.18	    339.77	      3.60	      2.90	     62.97	     50.74	6.62	 1.755e-04	      5.87	0	Gaussian	296.097118	37.125619
1016	1	  0.001472	  0.000414	     -1.00	    164.81	    568.53	      3.44	      2.77	     60.28	     48.44	-24.92	 1.073e-04	      5.87	0	Gaussian	295.729080	36.043564
1017	1	  0.001467	  0.000417	     -1.00	    291.56	    763.21	      3.05	      2.59	     53.44	     45.28	-32.48	 7.285e-05	      5.87	0	Gaussian	295.110282	35.109943
1018	1	  0.001458	  0.000363	     -1.00	    734.80	      7.48	      3.88	      2.68	     67.84	     46.93	-6.61	 5.405e-05	      5.88	0	Gaussian	292.131453	38.400203
1019	1	  0.001447	  0.000417	     -1.00	    514.53	    766.69	      3.14	      2.36	     55.01	     41.31	-82.85	 6.343e-05	      5.88	0	Gaussian	293.872693	35.018373
1020	1	  0.001512	  0.000480	     -1.00	    645.55	    337.17	      2.88	      2.28	     50.36	     39.95	-39.62	 1.826e-04	      5.88	0	Gaussian	292.871246	36.929882
1021	1	  0.001461	  0.000400	     -1.00	    518.57	    650.52	      3.03	      2.82	     53.02	     49.37	-70.87	 6.611e-05	      5.90	0	Gaussian	293.781866	35.547459
1022	1	  0.001487	  0.000337	     -1.00	     65.53	    344.57	      4.22	      2.63	     73.87	     46.10	5.58	 2.061e-04	      5.90	0	Gaussian	296.195573	37.108227
1023	1	  0.001491	  0.000339	     -1.00	    234.26	    358.19	      3.66	      2.87	     64.00	     50.22	-14.55	 1.348e-04	      5.90	0	Gaussian	295.229600	36.992772
1024	1	  0.001447	  0.000413	     -1.00	    383.51	    625.10	      3.07	      2.59	     53.81	     45.32	-76.47	 5.628e-05	      5.90	0	Gaussian	294.523059	35.712937
1025	1	  0.001467	  0.000314	     -1.00	    725.17	    424.63	      4.19	      2.77	     73.27	     48.52	-24.00	 1.482e-04	      5.91	0	Gaussian	292.481707	36.494027
1026	1	  0.001462	  0.000449	     -1.00	    740.58	    747.61	      3.00	      2.22	     52.48	     38.88	-76.48	 6.964e-05	      5.92	0	Gaussian	292.614326	35.016103
1027	1	  0.001469	  0.000386	     -1.00	    606.04	    742.36	      3.41	      2.87	     59.64	     50.32	-12.66	 6.135e-05	      5.93	0	Gaussian	293.352018	35.094671
1028	1	  0.001492	  0.000404	     -1.00	    507.26	    364.74	      3.54	      2.54	     61.90	     44.40	-7.13	 1.052e-04	      5.93	0	Gaussian	293.673278	36.861932
1029	1	  0.001464	  0.000454	     -1.00	    787.39	    661.27	      2.95	      2.25	     51.66	     39.33	81.72	 6.684e-05	      5.95	0	Gaussian	292.298440	35.388027
1030	1	  0.001467	  0.000398	     -1.00	    122.33	    781.47	      3.04	      2.52	     53.22	     44.14	-66.09	 9.828e-05	      5.95	0	Gaussian	296.065573	35.075302
1031	1	  0.001462	  0.000238	     -1.00	    517.24	    780.49	      4.37	      3.04	     76.47	     53.18	-10.25	 7.418e-05	      5.95	0	Gaussian	293.865715	34.954457
1032	1	  0.001497	  0.000323	     -1.00	    599.64	    553.12	      4.90	      2.09	     85.70	     36.66	1.42	 1.888e-04	      5.95	0	Gaussian	293.269507	35.960869
1033	1	  0.001558	  0.000958	     -1.00	    494.20	    495.83	      1.94	      1.63	     33.98	     28.56	-43.16	 4.612e-04	      5.96	0	Gaussian	293.826451	36.265226
1034	1	  0.001485	  0.000307	     -1.00	    392.77	    393.48	      5.15	      2.50	     90.07	     43.80	-45.93	 1.162e-04	      5.97	0	Gaussian	294.341758	36.774139
1035	1	  0.001456	  0.000416	     -1.00	    467.44	    734.51	      3.02	      2.36	     52.85	     41.35	64.20	 7.438e-05	      5.97	0	Gaussian	294.115323	35.182388
1036	1	  0.001493	  0.000443	     -1.00	    679.80	    152.23	      3.11	      2.51	     54.45	     43.96	-16.12	 1.025e-04	      5.99	0	Gaussian	292.550435	37.762453
1037	1	  0.001446	  0.000401	     -1.00	    736.57	    557.44	      3.05	      2.31	     53.41	     40.42	86.26	 7.248e-05	      6.00	0	Gaussian	292.508784	35.882919
1038	1	  0.001466	  0.000387	     -1.00	    410.49	    225.42	      3.06	      2.29	     53.56	     40.12	-7.23	 1.106e-04	      6.01	0	Gaussian	294.143296	37.541980
1039	1	  0.001500	  0.000347	     -1.00	    198.59	    669.62	      3.62	      2.48	     63.36	     43.48	-11.83	 2.269e-04	      6.01	0	Gaussian	295.585794	35.568013
1040	1	  0.001453	  0.000384	     -1.00	    491.39	    702.07	      3.04	      2.50	     53.17	     43.82	-48.36	 5.730e-05	      6.02	0	Gaussian	293.963509	35.321950
1041	1	  0.001552	  0.000523	     -1.00	    203.03	    344.32	      2.81	      2.18	     49.26	     38.23	-16.04	 7.807e-04	      6.05	0	Gaussian	295.402207	37.067198
1042	1	  0.001464	  0.000320	     -1.00	    442.42	    500.31	      3.11	      2.83	     54.49	     49.47	29.46	 8.794e-05	      6.05	0	Gaussian	294.121270	36.264411
1043	1	  0.001534	  0.000440	     -1.00	    291.69	    110.67	      3.29	      2.08	     57.60	     36.38	-2.60	 3.965e-04	      6.05	0	Gaussian	294.766360	38.117791
1044	1	  0.001457	  0.000301	     -1.00	    304.54	    525.21	      3.16	      2.95	     55.37	     51.55	57.30	 7.921e-05	      6.05	0	Gaussian	294.914984	36.198908
1045	1	  0.001493	  0.000371	     -1.00	    291.43	    568.85	      2.94	      2.47	     51.47	     43.19	-60.86	 9.832e-05	      6.08	0	Gaussian	295.011892	36.002467
1046	1	  0.001519	  0.000426	     -1.00	     84.20	    739.16	      3.80	      2.13	     66.57	     37.30	-7.85	 9.365e-05	      6.11	0	Gaussian	296.261356	35.279967
1047	1	  0.001514	  0.000388	     -1.00	    224.19	    766.54	      3.17	      2.47	     55.46	     43.17	-23.82	 2.461e-04	      6.13	0	Gaussian	295.488362	35.115170
1048	1	  0.001475	  0.000313	     -1.00	    203.48	    784.59	      3.09	      2.41	     54.14	     42.24	-38.17	 9.730e-05	      6.15	0	Gaussian	295.612696	35.038381
1049	1	  0.001472	  0.000364	     -1.00	    701.52	    577.32	      2.87	      2.47	     50.26	     43.19	-44.36	 1.105e-04	      6.18	0	Gaussian	292.717031	35.807609
1050	1	  0.001484	  0.000384	     -1.00	    780.66	    598.63	      2.98	      2.04	     52.12	     35.73	-9.53	 1.017e-04	      6.18	0	Gaussian	292.292436	35.675772
1051	1	  0.001568	  0.000415	     -1.00	    203.62	    326.69	      3.11	      1.97	     54.36	     34.54	-1.00	 6.273e-04	      6.21	0	Gaussian	295.390031	37.148509
1052	1	  0.001502	  0.000331	     -1.00	    186.41	    669.64	      2.89	      2.27	     50.67	     39.70	-63.41	 2.298e-04	      6.26	0	Gaussian	295.654410	35.571487
1053	1	  0.001572	  0.000241	     -1.00	    167.87	    256.94	      8.47	      1.76	    148.22	     30.78	-2.10	 6.985e-04	      6.26	0	Gaussian	295.562135	37.483101
1054	1	  0.001521	  0.000423	     -1.00	    155.98	    634.71	      2.84	      2.08	     49.64	     36.33	-87.10	 1.566e-04	      6.28	0	Gaussian	295.809907	35.741160
1055	1	  0.001508	  0.000528	     -1.00	    441.52	    187.99	      1.59	      1.19	     27.90	     20.76	-13.35	 4.838e-04	      6.29	0	Gaussian	293.942291	37.702306
1056	1	  0.001484	  0.000337	     -1.00	    699.82	     32.06	      3.12	      2.29	     54.68	     40.00	16.59	 9.822e-05	      6.30	0	Gaussian	292.350751	38.304686
1057	1	  0.001528	  0.000324	     -1.00	    203.12	    110.86	      3.03	      2.20	     53.01	     38.57	-42.22	 2.939e-04	      6.37	0	Gaussian	295.283533	38.148639
1058	1	  0.001473	  0.000341	     -1.00	    529.24	    274.86	      4.64	      4.34	     81.28	     75.98	59.51	 1.045e-04	      6.47	0	Gaussian	293.492326	37.266068
1059	1	  0.001480	  0.000250	     -1.00	    209.25	     99.58	      2.74	      2.28	     47.88	     39.92	63.61	 1.577e-04	      6.59	0	Gaussian	295.241882	38.198859
1060	1	  0.001526	  0.000453	     -1.00	    206.12	    172.96	      2.42	      1.98	     42.41	     34.69	-9.69	 2.298e-04	      6.71	0	Gaussian	295.297833	37.859599
1061	1	  0.001497	  0.000310	     -1.00	    370.48	    309.67	      2.13	      1.49	     37.25	     26.02	-67.85	 1.134e-04	      6.81	0	Gaussian	294.421733	37.168649
1062	1	  0.001532	  0.000460	     -1.00	    563.79	    481.99	      1.63	      1.48	     28.50	     25.98	25.21	 2.093e-04	      6.85	0	Gaussian	293.426046	36.301026
1063	1	  0.001522	  0.000346	     -1.00	    555.72	    655.50	      2.18	      1.83	     38.08	     32.03	-40.19	 1.336e-04	      6.92	0	Gaussian	293.577917	35.510462
1064	1	  0.001524	  0.000344	     -1.00	    596.89	     51.91	      1.35	      1.24	     23.63	     21.78	22.19	 2.927e-04	      7.25	0	Gaussian	292.958577	38.262317
1065	1	  0.001526	  0.000398	     -1.00	    290.49	    118.87	      1.71	      1.49	     29.86	     26.01	-83.33	 1.999e-04	      7.78	0	Gaussian	294.777813	38.080253
1066	1	  0.001506	  0.000369	     -1.00	    449.92	    171.45	      1.47	      1.45	     25.77	     25.40	19.77	 3.676e-04	      8.68	0	Gaussian	293.883881	37.775174
1067	1	  0.002441	 -0.001193	     -1.00	    338.49	     23.47	     16.05	     14.70	    280.89	    257.21	57.72	 4.151e-03	    999.00	0	Gaussian	294.443977	38.503850
1068	1	  0.001556	  0.000579	     -1.00	    312.08	     87.77	      2.29	      1.67	     40.01	     29.20	-9.17	 4.410e-04	    999.00	0	Gaussian	294.634776	38.216211
1069	1	  0.001625	  0.000297	     -1.00	    146.65	    771.50	      7.83	      2.84	    137.08	     49.66	-62.50	 6.659e-04	    999.00	0	Gaussian	295.924818	35.114508
1070	1	  0.001549	  0.000336	     -1.00	    116.27	    695.76	      8.55	      4.47	    149.68	     78.23	-17.63	 6.657e-04	    999.00	0	Gaussian	296.061767	35.471184
1071	1	  0.001546	  0.000366	     -1.00	    428.11	    482.20	      1.77	      1.31	     30.99	     22.92	-26.42	 2.530e-04	    999.00	0	Gaussian	294.191716	36.352910
1072	1	  0.001526	  0.000296	     -1.00	    544.17	    581.42	      3.26	      1.56	     57.10	     27.34	-35.76	 3.003e-04	    999.00	0	Gaussian	293.597348	35.853617
1073	1	  0.001543	 -0.000063	     -1.00	    641.76	     18.57	     23.17	      5.38	    405.58	     94.12	-34.90	 2.134e-04	    999.00	0	Gaussian	292.676379	38.394766
