# 1100 stars found using the following parameters:
# sigma=1.00 roundness=0.10 radius=5 relax=1 profile=0 minbeta=1.5 max_stars=0 layer=1 minA=0.00 maxA=0.00 maxR=1.00
# star#	layer	B	A	beta	X	Y	FWHMx [px]	FWHMy [px]	FWHMx ["]	FWHMy ["]	angle	RMSE	mag	Sat	Profile	RA	Dec
1	1	  0.003897	  0.801357	     -1.00	    400.12	    181.95	      2.80	      2.58	     48.98	     45.08	35.19	 2.733e-03	     -2.04	1	Gaussian	314.295871	41.165801
2	1	  0.003405	  0.561166	     -1.00	     52.66	    786.16	      2.61	      2.41	     45.73	     42.25	34.65	 1.587e-03	     -1.51	0	Gaussian	313.314449	44.385435
3	1	  0.003070	  0.165065	     -1.00	    401.11	    353.61	      2.57	      2.36	     45.05	     41.39	25.19	 6.766e-04	     -0.14	0	Gaussian	314.631379	41.938386
4	1	  0.003246	  0.121097	     -1.00	    622.73	    357.20	      2.65	      2.50	     46.31	     43.75	41.67	 1.360e-03	      0.10	0	Gaussian	315.968607	41.626288
5	1	  0.003049	  0.123470	     -1.00	    409.56	    441.74	      2.56	      2.35	     44.73	     41.10	29.48	 5.954e-04	      0.19	0	Gaussian	314.854838	42.322893
6	1	  0.002978	  0.098213	     -1.00	    181.57	    388.82	      2.61	      2.41	     45.77	     42.22	29.27	 2.650e-04	      0.38	0	Gaussian	313.363014	42.408494
7	1	  0.002960	  0.096648	     -1.00	    322.48	     55.05	      2.58	      2.46	     45.23	     43.00	28.23	 3.095e-04	      0.39	0	Gaussian	313.595541	40.701705
8	1	  0.003112	  0.096087	     -1.00	    564.21	     33.19	      2.60	      2.44	     45.50	     42.68	18.05	 6.785e-04	      0.40	0	Gaussian	314.984484	40.259251
9	1	  0.002987	  0.089868	     -1.00	    278.87	    785.24	      2.60	      2.42	     45.43	     42.35	38.30	 2.487e-04	      0.49	0	Gaussian	314.734387	44.058808
10	1	  0.002934	  0.086782	     -1.00	    265.94	    494.29	      2.58	      2.41	     45.15	     42.19	17.73	 2.461e-04	      0.53	0	Gaussian	314.080729	42.766932
11	1	  0.002923	  0.083441	     -1.00	    220.05	    625.08	      2.61	      2.41	     45.71	     42.18	27.50	 2.619e-04	      0.56	0	Gaussian	314.051089	43.422594
12	1	  0.002930	  0.079522	     -1.00	    196.07	    604.86	      2.62	      2.45	     45.83	     42.97	27.31	 1.618e-04	      0.59	0	Gaussian	313.863078	43.365339
13	1	  0.002962	  0.071019	     -1.00	    244.43	    431.07	      2.61	      2.40	     45.76	     42.04	32.77	 2.040e-04	      0.74	0	Gaussian	313.827660	42.511834
14	1	  0.002949	  0.063234	     -1.00	    500.89	    168.26	      2.53	      2.48	     44.26	     43.43	25.76	 2.233e-04	      0.87	0	Gaussian	314.870223	40.958950
15	1	  0.002931	  0.064208	     -1.00	    197.67	    723.57	      2.54	      2.36	     44.44	     41.35	28.62	 2.719e-04	      0.90	0	Gaussian	314.104399	43.898689
16	1	  0.002994	  0.056284	     -1.00	    598.41	    123.89	      2.59	      2.48	     45.42	     43.37	-89.67	 3.739e-04	      0.97	0	Gaussian	315.361031	40.616614
17	1	  0.003025	  0.055718	     -1.00	     79.51	    351.85	      2.60	      2.39	     45.49	     41.85	20.19	 5.063e-04	      1.01	0	Gaussian	312.668659	42.380273
18	1	  0.002965	  0.055471	     -1.00	     76.19	    793.22	      2.59	      2.40	     45.39	     42.01	25.92	 3.200e-04	      1.02	0	Gaussian	313.476827	44.384587
19	1	  0.002975	  0.055598	     -1.00	    436.46	    235.76	      2.57	      2.39	     44.97	     41.83	31.41	 2.825e-04	      1.03	0	Gaussian	314.616079	41.356292
20	1	  0.003191	  0.053818	     -1.00	    276.17	    526.04	      2.48	      2.48	     43.47	     43.47	-42.76	 1.076e-03	      1.06	0	Gaussian	314.205021	42.895620
21	1	  0.002957	  0.050820	     -1.00	    375.91	    290.05	      2.52	      2.52	     44.19	     44.09	-85.58	 2.491e-04	      1.09	0	Gaussian	314.356711	41.688158
22	1	  0.002883	  0.047704	     -1.00	    330.01	    442.89	      2.56	      2.48	     44.78	     43.43	-10.79	 2.198e-04	      1.16	0	Gaussian	314.373205	42.443369
23	1	  0.002920	  0.044591	     -1.00	     43.13	    205.05	      2.54	      2.53	     44.53	     44.25	-1.14	 2.069e-04	      1.22	0	Gaussian	312.182434	41.761262
24	1	  0.002923	  0.041076	     -1.00	    274.00	    116.73	      2.60	      2.45	     45.44	     42.84	16.23	 1.663e-04	      1.32	0	Gaussian	313.419106	41.048094
25	1	  0.002915	  0.040983	     -1.00	    288.32	    237.98	      2.57	      2.46	     44.94	     43.08	14.98	 1.638e-04	      1.33	0	Gaussian	313.729923	41.576983
26	1	  0.002893	  0.039088	     -1.00	    384.94	    744.67	      2.59	      2.40	     45.42	     42.04	38.13	 1.393e-04	      1.40	0	Gaussian	315.311543	43.719994
27	1	  0.002925	  0.035790	     -1.00	    486.40	     10.96	      2.54	      2.52	     44.52	     44.10	25.54	 1.923e-04	      1.46	0	Gaussian	314.484553	40.271484
28	1	  0.002941	  0.034753	     -1.00	    391.98	    570.93	      2.61	      2.47	     45.63	     43.19	27.16	 1.542e-04	      1.49	0	Gaussian	315.003893	42.929658
29	1	  0.002880	  0.034164	     -1.00	    109.57	     38.21	      2.59	      2.47	     45.28	     43.17	24.58	 1.124e-04	      1.52	0	Gaussian	312.290681	40.914114
30	1	  0.002977	  0.035565	     -1.00	    163.53	    688.33	      2.56	      2.37	     44.88	     41.51	35.30	 3.760e-04	      1.52	0	Gaussian	313.822206	43.788219
31	1	  0.003063	  0.031834	     -1.00	    782.18	    593.31	      2.77	      2.40	     48.55	     42.04	30.63	 3.442e-04	      1.54	0	Gaussian	317.412266	42.431610
32	1	  0.002900	  0.032499	     -1.00	    175.44	    291.97	      2.60	      2.43	     45.54	     42.58	21.25	 1.776e-04	      1.58	0	Gaussian	313.145811	41.978001
33	1	  0.002873	  0.030675	     -1.00	    493.49	    752.32	      2.59	      2.41	     45.37	     42.22	36.43	 1.740e-04	      1.66	0	Gaussian	315.997150	43.590347
34	1	  0.002986	  0.030447	     -1.00	    637.29	     68.38	      2.62	      2.42	     45.80	     42.31	19.15	 4.691e-04	      1.66	0	Gaussian	315.481220	40.310088
35	1	  0.002963	  0.028455	     -1.00	     45.33	    644.75	      2.67	      2.45	     46.67	     42.80	20.87	 2.687e-04	      1.70	0	Gaussian	312.999034	43.755636
36	1	  0.002879	  0.026929	     -1.00	    481.71	    104.03	      2.55	      2.55	     44.60	     44.60	-40.16	 1.423e-04	      1.76	0	Gaussian	314.633253	40.697509
37	1	  0.002931	  0.027052	     -1.00	    366.51	    592.19	      2.57	      2.44	     44.95	     42.75	33.70	 1.298e-04	      1.79	0	Gaussian	314.890179	43.062644
38	1	  0.002911	  0.025712	     -1.00	    694.07	     72.54	      2.71	      2.44	     47.50	     42.63	14.42	 1.417e-04	      1.79	0	Gaussian	315.821602	40.244234
39	1	  0.002908	  0.023642	     -1.00	     34.43	    192.26	      2.63	      2.39	     46.12	     41.76	6.00	 1.038e-04	      1.93	0	Gaussian	312.106805	41.714503
40	1	  0.002948	  0.023884	     -1.00	      7.62	    303.67	      2.60	      2.37	     45.58	     41.50	14.55	 2.032e-04	      1.95	0	Gaussian	312.140214	42.257108
41	1	  0.002918	  0.020834	     -1.00	    696.74	    243.82	      2.69	      2.48	     47.09	     43.35	17.38	 1.256e-04	      2.01	0	Gaussian	316.178653	41.006727
42	1	  0.002912	  0.019960	     -1.00	    367.95	    703.30	      2.81	      2.46	     49.22	     42.97	40.20	 1.116e-04	      2.02	0	Gaussian	315.122328	43.559676
43	1	  0.002894	  0.021746	     -1.00	    346.46	    636.31	      2.59	      2.42	     45.40	     42.40	40.36	 1.042e-04	      2.02	0	Gaussian	314.854923	43.290438
44	1	  0.002890	  0.020924	     -1.00	    594.15	    529.53	      2.64	      2.39	     46.21	     41.84	23.91	 1.000e-04	      2.07	0	Gaussian	316.148738	42.440715
45	1	  0.002870	  0.020550	     -1.00	    116.16	    522.95	      2.52	      2.51	     44.11	     43.91	84.61	 1.039e-04	      2.07	0	Gaussian	313.211364	43.106471
46	1	  0.002892	  0.019338	     -1.00	    298.79	     91.53	      2.61	      2.43	     45.69	     42.46	17.89	 8.875e-05	      2.15	0	Gaussian	313.521213	40.899663
47	1	  0.002863	  0.018391	     -1.00	    101.03	     85.67	      2.64	      2.45	     46.28	     42.87	15.54	 8.677e-05	      2.17	0	Gaussian	312.322744	41.141372
48	1	  0.002893	  0.018782	     -1.00	    580.45	     54.58	      2.58	      2.41	     45.17	     42.11	19.56	 1.564e-04	      2.20	0	Gaussian	315.120977	40.331727
49	1	  0.002864	  0.018492	     -1.00	    148.83	    422.42	      2.62	      2.38	     45.77	     41.71	18.21	 6.405e-05	      2.21	0	Gaussian	313.224829	42.605972
50	1	  0.002887	  0.017719	     -1.00	    449.94	    138.80	      2.61	      2.46	     45.71	     43.08	26.95	 7.496e-05	      2.22	0	Gaussian	314.510915	40.899921
51	1	  0.002889	  0.017859	     -1.00	    598.14	    541.50	      2.64	      2.41	     46.22	     42.19	27.83	 9.572e-05	      2.23	0	Gaussian	316.197473	42.488133
52	1	  0.002901	  0.017426	     -1.00	    504.02	     68.23	      2.59	      2.46	     45.35	     43.02	15.54	 8.624e-05	      2.25	0	Gaussian	314.696968	40.504153
53	1	  0.002942	  0.016998	     -1.00	    246.37	    568.08	      2.59	      2.43	     45.37	     42.55	29.12	 2.472e-04	      2.29	0	Gaussian	314.103075	43.127858
54	1	  0.002898	  0.016953	     -1.00	    427.80	    297.75	      2.61	      2.43	     45.65	     42.59	22.57	 8.383e-05	      2.29	0	Gaussian	314.683830	41.648093
55	1	  0.002903	  0.016629	     -1.00	     89.66	    409.75	      2.65	      2.41	     46.44	     42.26	15.64	 7.008e-05	      2.30	0	Gaussian	312.837097	42.629449
56	1	  0.002862	  0.016230	     -1.00	    138.12	    391.05	      2.57	      2.54	     44.99	     44.37	51.88	 8.103e-05	      2.30	0	Gaussian	313.100698	42.478459
57	1	  0.002864	  0.016304	     -1.00	    600.36	    273.40	      2.66	      2.42	     46.48	     42.30	23.19	 9.742e-05	      2.32	0	Gaussian	315.667376	41.284514
58	1	  0.002894	  0.015814	     -1.00	    394.93	    705.77	      2.61	      2.47	     45.61	     43.20	35.21	 8.299e-05	      2.34	0	Gaussian	315.293957	43.530679
59	1	  0.002988	  0.015381	     -1.00	    755.20	    256.84	      2.65	      2.50	     46.34	     43.79	27.73	 5.057e-04	      2.35	0	Gaussian	316.549329	40.975577
60	1	  0.002934	  0.015616	     -1.00	     20.13	    390.95	      2.54	      2.45	     44.50	     42.97	18.08	 1.817e-04	      2.39	0	Gaussian	312.373847	42.637643
61	1	  0.002984	  0.015734	     -1.00	    188.68	    642.76	      2.58	      2.35	     45.18	     41.22	22.07	 8.878e-04	      2.41	0	Gaussian	313.890521	43.546944
62	1	  0.002868	  0.015012	     -1.00	    171.57	    450.10	      2.55	      2.49	     44.56	     43.57	-12.04	 7.555e-05	      2.41	0	Gaussian	313.416538	42.699860
63	1	  0.002947	  0.015484	     -1.00	    390.43	    201.55	      2.56	      2.39	     44.85	     41.83	25.98	 1.420e-04	      2.42	0	Gaussian	314.275140	41.268086
64	1	  0.002909	  0.013834	     -1.00	    704.83	     19.42	      2.71	      2.47	     47.49	     43.24	9.55	 2.007e-04	      2.46	0	Gaussian	315.779927	39.990295
65	1	  0.002874	  0.013769	     -1.00	    564.83	    127.99	      2.68	      2.47	     46.99	     43.24	24.22	 6.593e-05	      2.46	0	Gaussian	315.170975	40.684485
66	1	  0.002923	  0.014317	     -1.00	    270.34	    176.10	      2.57	      2.44	     45.01	     42.65	10.33	 2.233e-04	      2.47	0	Gaussian	313.506475	41.322009
67	1	  0.002922	  0.012430	     -1.00	    494.91	    318.70	      2.71	      2.64	     47.48	     46.13	-51.85	 2.809e-04	      2.49	0	Gaussian	315.127592	41.644348
68	1	  0.002884	  0.013792	     -1.00	    543.68	    787.43	      2.61	      2.44	     45.68	     42.73	45.84	 9.021e-05	      2.51	0	Gaussian	316.379394	43.669893
69	1	  0.002858	  0.014005	     -1.00	     10.58	    783.78	      2.60	      2.41	     45.58	     42.09	25.80	 5.728e-05	      2.51	0	Gaussian	313.043524	44.432773
70	1	  0.002957	  0.013615	     -1.00	    310.19	     52.08	      2.58	      2.49	     45.18	     43.62	1.07	 2.624e-04	      2.51	0	Gaussian	313.516827	40.705284
71	1	  0.002868	  0.013053	     -1.00	     83.67	    184.87	      2.68	      2.49	     46.90	     43.66	6.59	 5.183e-05	      2.52	0	Gaussian	312.393398	41.615690
72	1	  0.002913	  0.012641	     -1.00	    595.12	    359.09	      2.65	      2.56	     46.41	     44.87	0.34	 1.095e-04	      2.53	0	Gaussian	315.807629	41.676409
73	1	  0.002893	  0.011966	     -1.00	    698.88	    519.56	      2.77	      2.46	     48.46	     43.12	26.99	 8.963e-05	      2.58	0	Gaussian	316.757581	42.234618
74	1	  0.002872	  0.012168	     -1.00	    305.20	    190.90	      2.60	      2.56	     45.53	     44.84	37.24	 6.370e-05	      2.59	0	Gaussian	313.743641	41.340418
75	1	  0.002873	  0.011776	     -1.00	    266.69	    615.01	      2.62	      2.57	     45.85	     45.04	-31.48	 7.953e-05	      2.61	0	Gaussian	314.320253	43.310389
76	1	  0.002936	  0.011536	     -1.00	    716.95	    285.36	      2.74	      2.50	     48.05	     43.73	10.30	 1.370e-04	      2.62	0	Gaussian	316.382024	41.161575
77	1	  0.003050	  0.012587	     -1.00	     60.17	    342.63	      2.60	      2.36	     45.55	     41.34	10.45	 5.891e-04	      2.65	0	Gaussian	312.533141	42.364392
78	1	  0.002879	  0.012017	     -1.00	    232.01	    474.11	      2.55	      2.46	     44.69	     43.11	28.49	 5.484e-05	      2.66	0	Gaussian	313.833625	42.723860
79	1	  0.002898	  0.011913	     -1.00	    176.71	    376.95	      2.55	      2.50	     44.57	     43.83	8.51	 9.982e-05	      2.66	0	Gaussian	313.311067	42.361429
80	1	  0.002853	  0.010900	     -1.00	    754.01	    114.94	      2.71	      2.52	     47.35	     44.19	48.25	 6.553e-05	      2.67	0	Gaussian	316.255734	40.343619
81	1	  0.002891	  0.011500	     -1.00	    125.11	     21.15	      2.60	      2.48	     45.59	     43.39	-10.65	 9.832e-05	      2.68	0	Gaussian	312.354129	40.815937
82	1	  0.002947	  0.011528	     -1.00	    742.59	    752.41	      2.70	      2.41	     47.28	     42.10	34.00	 1.763e-04	      2.68	0	Gaussian	317.517229	43.200877
83	1	  0.002907	  0.011713	     -1.00	     54.29	    690.58	      2.61	      2.43	     45.63	     42.50	21.59	 1.394e-04	      2.69	0	Gaussian	313.141955	43.950869
84	1	  0.002879	  0.011418	     -1.00	    398.70	     68.71	      2.62	      2.45	     45.82	     42.92	22.30	 6.136e-05	      2.71	0	Gaussian	314.074220	40.656677
85	1	  0.002853	  0.011645	     -1.00	     74.67	    581.42	      2.61	      2.40	     45.64	     41.96	20.38	 5.894e-05	      2.71	0	Gaussian	313.063335	43.428449
86	1	  0.002867	  0.011333	     -1.00	    157.63	    120.13	      2.60	      2.46	     45.53	     42.97	38.93	 8.521e-05	      2.71	0	Gaussian	312.725504	41.222333
87	1	  0.002865	  0.011424	     -1.00	    508.19	    191.73	      2.57	      2.46	     45.04	     43.05	23.03	 5.930e-05	      2.72	0	Gaussian	314.959017	41.053925
88	1	  0.002897	  0.011274	     -1.00	    273.11	    283.38	      2.62	      2.40	     45.83	     42.04	24.48	 1.662e-04	      2.74	0	Gaussian	313.723042	41.803662
89	1	  0.002883	  0.010709	     -1.00	     78.85	     84.12	      2.56	      2.50	     44.86	     43.77	10.06	 1.125e-04	      2.77	0	Gaussian	312.186132	41.163646
90	1	  0.002903	  0.010410	     -1.00	    471.92	    580.11	      2.57	      2.56	     45.05	     44.87	-1.57	 1.035e-04	      2.77	0	Gaussian	315.510777	42.852104
91	1	  0.002964	  0.010129	     -1.00	    756.21	    739.89	      2.66	      2.56	     46.57	     44.79	79.93	 1.915e-04	      2.77	0	Gaussian	317.572386	43.123515
92	1	  0.002858	  0.010697	     -1.00	    467.06	    610.95	      2.52	      2.48	     44.12	     43.37	29.85	 7.017e-05	      2.79	0	Gaussian	315.543832	42.997677
93	1	  0.002881	  0.010359	     -1.00	    730.59	    182.26	      2.66	      2.43	     46.59	     42.49	29.88	 8.146e-05	      2.80	0	Gaussian	316.253750	40.680086
94	1	  0.002893	  0.010200	     -1.00	    569.28	    367.21	      2.68	      2.43	     46.84	     42.59	16.92	 7.491e-05	      2.80	0	Gaussian	315.669435	41.751616
95	1	  0.002861	  0.009999	     -1.00	    752.63	    130.47	      2.71	      2.46	     47.36	     43.06	21.20	 6.556e-05	      2.81	0	Gaussian	316.278816	40.415148
96	1	  0.002886	  0.010319	     -1.00	    298.89	    378.20	      2.56	      2.49	     44.84	     43.54	21.95	 1.462e-04	      2.82	0	Gaussian	314.059115	42.195912
97	1	  0.002924	  0.010062	     -1.00	    295.84	    612.97	      2.56	      2.53	     44.72	     44.27	-14.50	 8.402e-05	      2.82	0	Gaussian	314.496312	43.259172
98	1	  0.002934	  0.010057	     -1.00	    679.24	    101.44	      2.66	      2.46	     46.56	     43.09	23.61	 2.366e-04	      2.82	0	Gaussian	315.791826	40.395847
99	1	  0.002997	  0.009515	     -1.00	    582.21	    129.75	      2.79	      2.48	     48.89	     43.40	14.97	 3.363e-04	      2.83	0	Gaussian	315.276987	40.666845
100	1	  0.002875	  0.009794	     -1.00	    574.81	    486.26	      2.61	      2.51	     45.70	     43.99	29.77	 5.543e-05	      2.85	0	Gaussian	315.943430	42.276601
101	1	  0.002928	  0.010464	     -1.00	    203.03	    660.78	      2.52	      2.40	     44.11	     42.00	-30.89	 6.257e-04	      2.85	0	Gaussian	314.014863	43.607879
102	1	  0.002916	  0.010256	     -1.00	    382.98	    333.56	      2.60	      2.38	     45.47	     41.65	21.34	 1.201e-04	      2.86	0	Gaussian	314.483017	41.874193
103	1	  0.002877	  0.009811	     -1.00	     85.77	    272.68	      2.65	      2.43	     46.46	     42.62	18.97	 7.936e-05	      2.87	0	Gaussian	312.563590	42.012133
104	1	  0.002855	  0.009718	     -1.00	    389.27	    446.98	      2.53	      2.53	     44.27	     44.26	-14.83	 5.389e-05	      2.87	0	Gaussian	314.741895	42.376063
105	1	  0.002896	  0.009890	     -1.00	     97.44	    375.21	      2.62	      2.39	     45.85	     41.82	21.57	 8.266e-05	      2.88	0	Gaussian	312.821546	42.462126
106	1	  0.002880	  0.009611	     -1.00	    459.05	    427.40	      2.67	      2.44	     46.66	     42.72	30.79	 8.292e-05	      2.88	0	Gaussian	315.126306	42.185763
107	1	  0.003017	  0.009374	     -1.00	    756.03	    355.18	      2.68	      2.47	     46.94	     43.23	26.63	 5.143e-04	      2.88	0	Gaussian	316.756030	41.413006
108	1	  0.002862	  0.009556	     -1.00	    125.58	    486.74	      2.66	      2.44	     46.50	     42.66	18.07	 7.170e-05	      2.89	0	Gaussian	313.201739	42.929480
109	1	  0.002857	  0.009139	     -1.00	    338.03	    375.26	      2.66	      2.48	     46.65	     43.37	31.66	 5.215e-05	      2.91	0	Gaussian	314.291320	42.126796
110	1	  0.002886	  0.009089	     -1.00	    462.99	    102.38	      2.66	      2.45	     46.62	     42.97	31.17	 8.360e-05	      2.92	0	Gaussian	314.519196	40.717022
111	1	  0.003130	  0.010281	     -1.00	    197.46	    650.78	      2.48	      2.30	     43.44	     40.32	54.86	 1.449e-03	      2.93	0	Gaussian	313.960759	43.570670
112	1	  0.002904	  0.009013	     -1.00	    527.02	    592.53	      2.65	      2.45	     46.36	     42.80	28.74	 1.020e-04	      2.94	0	Gaussian	315.871620	42.824723
113	1	  0.002844	  0.009060	     -1.00	    216.60	    739.33	      2.62	      2.47	     45.85	     43.24	34.28	 4.491e-05	      2.95	0	Gaussian	314.253790	43.942545
114	1	  0.002889	  0.007830	     -1.00	    267.76	    377.91	      2.76	      2.68	     48.27	     46.98	29.74	 1.586e-04	      2.95	0	Gaussian	313.869062	42.238657
115	1	  0.002861	  0.004080	     -1.00	    762.47	    173.40	      5.30	      2.63	     92.77	     46.08	18.27	 1.267e-04	      2.96	0	Gaussian	316.422686	40.591920
116	1	  0.002873	  0.008685	     -1.00	     48.78	    157.28	      2.67	      2.49	     46.72	     43.57	10.40	 3.943e-05	      2.97	0	Gaussian	312.132528	41.536361
117	1	  0.002887	  0.008543	     -1.00	    585.02	    296.88	      2.59	      2.52	     45.38	     44.02	-69.49	 8.635e-05	      2.98	0	Gaussian	315.622862	41.412733
118	1	  0.002891	  0.008417	     -1.00	    640.71	    746.60	      2.69	      2.42	     47.10	     42.29	38.54	 1.121e-04	      3.01	0	Gaussian	316.886195	43.336728
119	1	  0.002923	  0.005672	     -1.00	    653.54	    713.76	      3.19	      2.97	     55.82	     51.93	69.41	 2.734e-04	      3.03	0	Gaussian	316.894178	43.170457
120	1	  0.002862	  0.008147	     -1.00	    339.13	    101.89	      2.56	      2.54	     44.75	     44.47	11.36	 3.899e-05	      3.05	0	Gaussian	313.781332	40.890366
121	1	  0.002859	  0.007977	     -1.00	     94.84	    542.94	      2.59	      2.55	     45.38	     44.57	-9.44	 4.653e-05	      3.06	0	Gaussian	313.116610	43.226422
122	1	  0.002849	  0.007141	     -1.00	    136.88	    611.05	      2.70	      2.69	     47.25	     47.00	-12.78	 6.697e-05	      3.07	0	Gaussian	313.507051	43.476493
123	1	  0.002868	  0.008280	     -1.00	    185.23	    548.30	      2.62	      2.40	     45.85	     41.99	27.38	 1.017e-04	      3.08	0	Gaussian	313.687162	43.125056
124	1	  0.002878	  0.007358	     -1.00	    617.22	    535.18	      2.72	      2.52	     47.56	     44.10	17.53	 5.176e-05	      3.11	0	Gaussian	316.299461	42.430621
125	1	  0.002880	  0.007324	     -1.00	    199.39	    445.82	      2.67	      2.57	     46.78	     44.99	-6.13	 7.880e-05	      3.12	0	Gaussian	313.579468	42.641739
126	1	  0.002888	  0.007730	     -1.00	    230.17	     91.81	      2.57	      2.50	     44.91	     43.73	11.60	 1.092e-04	      3.12	0	Gaussian	313.110776	40.995366
127	1	  0.003141	  0.008684	     -1.00	    627.56	     60.53	      2.50	      2.30	     43.69	     40.17	17.88	 1.751e-03	      3.12	0	Gaussian	315.408926	40.289248
128	1	  0.002851	  0.007315	     -1.00	    154.01	    614.02	      2.59	      2.59	     45.42	     45.38	40.06	 6.736e-05	      3.13	0	Gaussian	313.619378	43.465953
129	1	  0.002895	  0.007569	     -1.00	    439.46	    551.85	      2.60	      2.47	     45.48	     43.31	5.39	 9.255e-05	      3.14	0	Gaussian	315.255798	42.773744
130	1	  0.002861	  0.007551	     -1.00	    118.12	     80.67	      2.64	      2.44	     46.13	     42.76	4.23	 8.405e-05	      3.15	0	Gaussian	312.416997	41.095902
131	1	  0.002876	  0.007100	     -1.00	    679.96	    163.81	      2.68	      2.55	     46.86	     44.60	32.98	 5.135e-05	      3.15	0	Gaussian	315.919607	40.674089
132	1	  0.002861	  0.007146	     -1.00	     97.05	    527.03	      2.60	      2.57	     45.47	     44.91	8.64	 5.454e-05	      3.16	0	Gaussian	313.100505	43.151280
133	1	  0.002888	  0.007464	     -1.00	    367.58	    458.02	      2.62	      2.42	     45.89	     42.38	33.13	 2.599e-04	      3.17	0	Gaussian	314.631612	42.457329
134	1	  0.002981	  0.007249	     -1.00	     42.11	    217.30	      2.69	      2.46	     47.09	     43.03	30.49	 3.094e-04	      3.17	0	Gaussian	312.197970	41.818361
135	1	  0.002896	  0.006873	     -1.00	    665.68	    540.28	      2.74	      2.49	     47.92	     43.54	47.22	 8.028e-05	      3.19	0	Gaussian	316.601724	42.378589
136	1	  0.002871	  0.006689	     -1.00	      8.40	    241.88	      2.77	      2.50	     48.49	     43.70	21.77	 5.202e-05	      3.20	0	Gaussian	312.035391	41.974758
137	1	  0.002895	  0.006247	     -1.00	     19.17	    273.70	      2.91	      2.55	     50.92	     44.61	-8.05	 1.389e-04	      3.22	0	Gaussian	312.157737	42.105441
138	1	  0.002860	  0.006796	     -1.00	     27.09	    787.84	      2.59	      2.57	     45.26	     45.04	17.80	 8.747e-05	      3.22	0	Gaussian	313.155861	44.428407
139	1	  0.002885	  0.007032	     -1.00	    150.15	    152.84	      2.55	      2.49	     44.58	     43.56	12.83	 1.647e-04	      3.23	0	Gaussian	312.739051	41.380972
140	1	  0.002875	  0.006665	     -1.00	     79.72	    649.82	      2.68	      2.50	     46.83	     43.69	10.43	 5.141e-05	      3.25	0	Gaussian	313.224081	43.731294
141	1	  0.002892	  0.006460	     -1.00	    717.47	    769.51	      2.72	      2.50	     47.65	     43.75	45.11	 7.171e-05	      3.25	0	Gaussian	317.402143	43.316897
142	1	  0.002869	  0.006421	     -1.00	    597.89	    340.83	      2.66	      2.55	     46.63	     44.67	28.35	 5.004e-05	      3.27	0	Gaussian	315.787459	41.590439
143	1	  0.002863	  0.006732	     -1.00	    427.29	    147.66	      2.62	      2.48	     45.80	     43.49	25.84	 4.321e-05	      3.27	0	Gaussian	314.392924	40.972291
144	1	  0.002897	  0.006707	     -1.00	     76.39	    330.44	      2.67	      2.43	     46.68	     42.54	16.08	 6.403e-05	      3.27	0	Gaussian	312.610602	42.287203
145	1	  0.002883	  0.005596	     -1.00	    737.51	    600.95	      2.83	      2.73	     49.50	     47.71	28.16	 7.317e-05	      3.28	0	Gaussian	317.160975	42.536384
146	1	  0.002880	  0.006364	     -1.00	    310.25	     80.90	      2.63	      2.59	     45.98	     45.25	53.89	 6.917e-05	      3.28	0	Gaussian	313.570149	40.835669
147	1	  0.002865	  0.006474	     -1.00	    466.43	    163.18	      2.66	      2.46	     46.60	     43.09	36.50	 4.494e-05	      3.28	0	Gaussian	314.655562	40.985991
148	1	  0.002861	  0.005843	     -1.00	    417.53	    505.10	      2.78	      2.56	     48.67	     44.79	19.84	 5.550e-05	      3.31	0	Gaussian	315.028680	42.596158
149	1	  0.002848	  0.002505	     -1.00	    216.39	    337.73	      4.09	      4.09	     71.59	     71.59	-22.54	 1.431e-04	      3.32	0	Gaussian	313.480228	42.128826
150	1	  0.002867	  0.006123	     -1.00	    582.33	     85.10	      2.63	      2.56	     46.11	     44.85	59.40	 5.816e-05	      3.32	0	Gaussian	315.190954	40.466079
151	1	  0.002945	  0.001587	     -1.00	    590.87	    414.57	      6.86	      3.78	    120.08	     66.14	-13.07	 2.570e-04	      3.33	0	Gaussian	315.894209	41.931309
152	1	  0.002994	  0.006334	     -1.00	    303.38	    653.20	      2.68	      2.41	     46.88	     42.27	25.68	 3.302e-04	      3.33	0	Gaussian	314.622572	43.429302
153	1	  0.002946	  0.005904	     -1.00	    436.68	    193.15	      2.60	      2.57	     45.47	     44.90	10.76	 2.427e-04	      3.38	0	Gaussian	314.535672	41.163939
154	1	  0.002930	  0.005772	     -1.00	    756.46	    595.00	      2.76	      2.46	     48.36	     43.00	39.99	 1.294e-04	      3.38	0	Gaussian	317.261929	42.479970
155	1	  0.002965	  0.006327	     -1.00	    299.53	     43.37	      2.56	      2.40	     44.73	     41.99	19.10	 3.574e-04	      3.40	0	Gaussian	313.437394	40.680620
156	1	  0.002896	  0.003788	     -1.00	     70.96	    407.56	      4.05	      2.49	     70.94	     43.54	30.17	 1.661e-04	      3.40	0	Gaussian	312.717808	42.644864
157	1	  0.002863	  0.005536	     -1.00	    427.54	     98.81	      2.66	      2.64	     46.64	     46.16	36.16	 4.662e-05	      3.40	0	Gaussian	314.302013	40.751611
158	1	  0.002859	  0.005865	     -1.00	     72.87	    768.34	      2.64	      2.48	     46.23	     43.36	18.91	 3.422e-05	      3.40	0	Gaussian	313.407824	44.276822
159	1	  0.002916	  0.005181	     -1.00	    589.28	    701.24	      2.71	      2.70	     47.39	     47.31	-65.15	 1.172e-04	      3.40	0	Gaussian	316.476605	43.214934
160	1	  0.002869	  0.005300	     -1.00	    751.02	     30.59	      2.82	      2.58	     49.31	     45.11	6.69	 8.139e-05	      3.41	0	Gaussian	316.070474	39.971083
161	1	  0.002906	  0.005724	     -1.00	    619.41	    631.28	      2.69	      2.45	     47.08	     42.82	35.27	 1.191e-04	      3.41	0	Gaussian	316.512810	42.856245
162	1	  0.002864	  0.000453	     -1.00	    642.73	    548.21	     18.50	      4.76	    323.82	     83.35	-6.03	 1.401e-04	      3.42	0	Gaussian	316.480170	42.449525
163	1	  0.002881	  0.005750	     -1.00	     39.49	    739.62	      2.64	      2.46	     46.27	     43.13	31.66	 5.383e-05	      3.43	0	Gaussian	313.142104	44.193163
164	1	  0.002920	  0.005271	     -1.00	     23.94	    587.97	      2.71	      2.63	     47.38	     46.05	27.87	 7.939e-05	      3.43	0	Gaussian	312.758782	43.527385
165	1	  0.002912	  0.005434	     -1.00	    624.23	    748.24	      2.77	      2.47	     48.41	     43.17	17.38	 1.054e-04	      3.44	0	Gaussian	316.789288	43.369885
166	1	  0.002867	  0.005379	     -1.00	    551.07	    693.13	      2.66	      2.57	     46.47	     44.98	29.80	 5.150e-05	      3.45	0	Gaussian	316.226488	43.237739
167	1	  0.002849	  0.005530	     -1.00	    496.50	    235.21	      2.68	      2.43	     46.99	     42.61	33.42	 3.330e-05	      3.45	0	Gaussian	314.973782	41.266562
168	1	  0.002939	  0.005546	     -1.00	    762.60	    492.48	      2.71	      2.42	     47.47	     42.37	28.34	 1.877e-04	      3.46	0	Gaussian	317.081368	42.014340
169	1	  0.002917	  0.005365	     -1.00	    793.31	    115.47	      2.76	      2.48	     48.28	     43.43	16.76	 7.261e-05	      3.46	0	Gaussian	316.485836	40.286152
170	1	  0.002834	  0.005527	     -1.00	    222.20	    529.48	      2.68	      2.46	     46.92	     43.02	27.01	 2.742e-05	      3.47	0	Gaussian	313.879373	42.987919
171	1	  0.002911	  0.005371	     -1.00	    323.59	    672.53	      2.69	      2.50	     47.16	     43.84	27.00	 3.740e-05	      3.47	0	Gaussian	314.786101	43.486773
172	1	  0.002854	  0.005433	     -1.00	     80.55	     46.77	      2.71	      2.45	     47.38	     42.84	14.99	 9.865e-05	      3.47	0	Gaussian	312.130979	40.991398
173	1	  0.002873	  0.005291	     -1.00	    355.77	    330.18	      2.65	      2.55	     46.43	     44.55	37.78	 8.083e-05	      3.48	0	Gaussian	314.312142	41.898014
174	1	  0.002888	  0.005292	     -1.00	    667.07	     42.35	      2.71	      2.49	     47.47	     43.53	25.79	 6.690e-05	      3.49	0	Gaussian	315.604622	40.149230
175	1	  0.002929	  0.005520	     -1.00	    328.83	    248.28	      2.57	      2.46	     44.99	     43.04	15.84	 3.054e-04	      3.50	0	Gaussian	313.993562	41.566551
176	1	  0.002883	  0.004730	     -1.00	    574.44	    518.55	      2.89	      2.51	     50.66	     43.98	20.62	 1.182e-04	      3.52	0	Gaussian	316.007221	42.421663
177	1	  0.002879	  0.005103	     -1.00	    676.54	    598.83	      2.74	      2.44	     48.03	     42.68	35.14	 5.693e-05	      3.52	0	Gaussian	316.789800	42.622713
178	1	  0.002865	  0.004900	     -1.00	    560.80	    763.45	      2.78	      2.51	     48.69	     43.92	39.20	 5.063e-05	      3.53	0	Gaussian	316.433785	43.536455
179	1	  0.003012	  0.005274	     -1.00	    768.37	    570.88	      2.66	      2.41	     46.63	     42.24	25.24	 4.118e-04	      3.54	0	Gaussian	317.281792	42.353912
180	1	  0.002855	  0.004961	     -1.00	    661.76	    200.75	      2.73	      2.50	     47.78	     43.84	18.69	 3.183e-05	      3.54	0	Gaussian	315.886029	40.866882
181	1	  0.003207	  0.005624	     -1.00	    749.80	    265.71	      2.54	      2.37	     44.53	     41.45	27.49	 1.475e-03	      3.54	0	Gaussian	316.535626	41.023454
182	1	  0.002822	  0.005057	     -1.00	    460.48	    732.83	      2.67	      2.44	     46.72	     42.63	-89.70	 5.060e-05	      3.54	0	Gaussian	315.753507	43.553405
183	1	  0.002863	  0.004973	     -1.00	     34.59	    496.20	      2.72	      2.47	     47.66	     43.21	38.33	 4.649e-05	      3.54	0	Gaussian	312.655419	43.096461
184	1	  0.002851	  0.005110	     -1.00	     23.94	    435.56	      2.70	      2.44	     47.26	     42.68	22.78	 2.513e-05	      3.54	0	Gaussian	312.478350	42.835342
185	1	  0.002900	  0.004698	     -1.00	    699.74	    578.55	      2.84	      2.51	     49.79	     44.00	50.49	 1.394e-04	      3.55	0	Gaussian	316.886649	42.496111
186	1	  0.002878	  0.005021	     -1.00	    333.96	    168.08	      2.59	      2.54	     45.32	     44.53	-3.17	 9.668e-05	      3.57	0	Gaussian	313.873647	41.196868
187	1	  0.002898	  0.005112	     -1.00	    435.97	    388.38	      2.64	      2.44	     46.23	     42.64	29.76	 7.836e-05	      3.57	0	Gaussian	314.909810	42.044161
188	1	  0.002874	  0.004804	     -1.00	    161.67	    241.24	      2.71	      2.52	     47.47	     44.09	22.62	 8.458e-05	      3.58	0	Gaussian	312.969010	41.766684
189	1	  0.002899	  0.004939	     -1.00	    538.74	    257.43	      2.67	      2.47	     46.75	     43.27	18.61	 1.115e-04	      3.59	0	Gaussian	315.269099	41.304402
190	1	  0.002847	  0.004862	     -1.00	    506.20	     91.02	      2.63	      2.48	     46.00	     43.37	82.62	 3.688e-05	      3.59	0	Gaussian	314.753356	40.603572
191	1	  0.002909	  0.004209	     -1.00	    377.49	    466.27	      3.17	      2.39	     55.48	     41.80	28.84	 3.844e-04	      3.60	0	Gaussian	314.708121	42.480063
192	1	  0.002894	  0.005048	     -1.00	    417.02	    258.58	      2.58	      2.41	     45.16	     42.16	10.97	 9.833e-05	      3.60	0	Gaussian	314.543505	41.487153
193	1	  0.002872	  0.004766	     -1.00	    409.50	    734.00	      2.61	      2.53	     45.70	     44.26	25.84	 6.847e-05	      3.61	0	Gaussian	315.441573	43.635421
194	1	  0.002902	  0.004818	     -1.00	    361.35	    276.32	      2.71	      2.39	     47.48	     41.84	33.04	 1.586e-04	      3.61	0	Gaussian	314.242731	41.646984
195	1	  0.002911	  0.004628	     -1.00	    360.66	    510.37	      2.81	      2.45	     49.22	     42.81	3.53	 1.228e-04	      3.61	0	Gaussian	314.692191	42.703067
196	1	  0.003050	  0.005053	     -1.00	    764.78	    347.98	      2.51	      2.48	     43.97	     43.35	-55.55	 9.248e-04	      3.61	0	Gaussian	316.792896	41.367314
197	1	  0.002975	  0.004736	     -1.00	    680.52	    328.99	      2.69	      2.43	     47.03	     42.48	20.53	 3.274e-04	      3.62	0	Gaussian	316.255106	41.412226
198	1	  0.002867	  0.004620	     -1.00	    181.58	    318.02	      2.69	      2.52	     47.08	     44.11	24.18	 1.150e-04	      3.63	0	Gaussian	313.231314	42.087695
199	1	  0.002876	  0.004700	     -1.00	    574.55	    694.33	      2.68	      2.46	     46.98	     43.00	45.70	 4.698e-05	      3.63	0	Gaussian	316.372294	43.206924
200	1	  0.002863	  0.004491	     -1.00	    454.07	     40.50	      2.69	      2.51	     47.12	     44.01	18.57	 4.231e-05	      3.65	0	Gaussian	314.349427	40.450779
201	1	  0.002861	  0.004633	     -1.00	    229.82	    664.07	      2.57	      2.55	     44.96	     44.60	36.61	 1.843e-04	      3.66	0	Gaussian	314.187920	43.584456
202	1	  0.002917	  0.004674	     -1.00	    310.93	    464.47	      2.68	      2.41	     46.83	     42.20	25.94	 2.166e-04	      3.67	0	Gaussian	314.298593	42.568096
203	1	  0.002890	  0.003987	     -1.00	    253.12	    176.58	      2.99	      2.55	     52.38	     44.72	26.69	 9.997e-05	      3.68	0	Gaussian	313.403695	41.348017
204	1	  0.002899	  0.004503	     -1.00	    421.37	    388.27	      2.73	      2.35	     47.73	     41.20	28.49	 7.654e-05	      3.68	0	Gaussian	314.821402	42.065022
205	1	  0.002957	  0.003283	     -1.00	    623.50	    718.55	      3.01	      2.96	     52.69	     51.77	-84.70	 2.458e-04	      3.69	0	Gaussian	316.721657	43.238869
206	1	  0.002861	  0.004339	     -1.00	    482.08	    546.09	      2.60	      2.56	     45.52	     44.74	23.49	 3.402e-05	      3.70	0	Gaussian	315.503704	42.684356
207	1	  0.003034	  0.004795	     -1.00	    531.79	    278.69	      2.60	      2.32	     45.52	     40.59	23.41	 3.973e-04	      3.71	0	Gaussian	315.269463	41.410195
208	1	  0.002886	  0.004040	     -1.00	    735.78	    674.11	      2.73	      2.61	     47.80	     45.74	83.59	 7.700e-05	      3.72	0	Gaussian	317.306932	42.864262
209	1	  0.002899	  0.004212	     -1.00	    690.58	    228.57	      2.74	      2.46	     48.00	     43.04	24.64	 9.293e-05	      3.73	0	Gaussian	316.111644	40.947890
210	1	  0.002880	  0.004294	     -1.00	    627.17	     79.53	      2.69	      2.47	     47.15	     43.25	20.56	 2.024e-04	      3.73	0	Gaussian	315.443626	40.375074
211	1	  0.002871	  0.004304	     -1.00	    592.46	    638.15	      2.66	      2.48	     46.51	     43.48	33.23	 8.788e-05	      3.73	0	Gaussian	316.363708	42.928561
212	1	  0.002940	  0.004225	     -1.00	    747.68	    384.87	      2.71	      2.44	     47.46	     42.70	14.58	 1.613e-04	      3.73	0	Gaussian	316.768033	41.558310
213	1	  0.002881	  0.004208	     -1.00	    182.05	    597.16	      2.62	      2.53	     45.86	     44.31	35.32	 6.854e-05	      3.74	0	Gaussian	313.761232	43.350338
214	1	  0.002855	  0.003960	     -1.00	    755.74	    156.82	      2.79	      2.57	     48.83	     45.03	16.50	 3.681e-05	      3.74	0	Gaussian	316.349858	40.528135
215	1	  0.002883	  0.004110	     -1.00	    157.84	     75.31	      2.67	      2.55	     46.74	     44.58	6.25	 1.028e-04	      3.74	0	Gaussian	312.646672	41.018450
216	1	  0.002857	  0.004054	     -1.00	    206.03	    553.92	      2.59	      2.54	     45.36	     44.48	-61.04	 4.704e-05	      3.77	0	Gaussian	313.826584	43.121181
217	1	  0.002888	  0.003944	     -1.00	    323.76	    607.41	      2.66	      2.57	     46.64	     44.98	11.52	 8.283e-05	      3.79	0	Gaussian	314.657491	43.193588
218	1	  0.002885	  0.003933	     -1.00	    473.76	    354.31	      2.75	      2.51	     48.12	     43.96	29.03	 5.582e-05	      3.79	0	Gaussian	315.070622	41.835548
219	1	  0.002870	  0.003922	     -1.00	    566.51	    675.71	      2.76	      2.41	     48.26	     42.10	41.94	 4.525e-05	      3.79	0	Gaussian	316.284276	43.136192
220	1	  0.002870	  0.003995	     -1.00	     34.43	    128.54	      2.73	      2.45	     47.86	     42.96	9.08	 3.627e-05	      3.80	0	Gaussian	311.994937	41.424305
221	1	  0.002844	  0.003551	     -1.00	    334.77	    489.44	      2.78	      2.71	     48.70	     47.41	55.46	 3.767e-05	      3.80	0	Gaussian	314.492899	42.646336
222	1	  0.002841	  0.003873	     -1.00	    532.33	    759.74	      2.68	      2.56	     46.90	     44.73	48.52	 4.143e-05	      3.81	0	Gaussian	316.251358	43.563924
223	1	  0.002890	  0.003699	     -1.00	    650.20	    389.53	      2.84	      2.51	     49.77	     43.87	23.50	 6.497e-05	      3.82	0	Gaussian	316.198106	41.729160
224	1	  0.002946	  0.003903	     -1.00	     12.99	    691.75	      2.61	      2.47	     45.61	     43.29	-2.81	 2.403e-04	      3.83	0	Gaussian	312.884327	44.012775
225	1	  0.002939	  0.003918	     -1.00	     20.56	    232.39	      2.69	      2.46	     47.11	     43.13	18.03	 1.765e-04	      3.83	0	Gaussian	312.092999	41.915503
226	1	  0.002839	  0.003838	     -1.00	    363.15	    438.82	      2.63	      2.55	     46.07	     44.58	19.36	 2.266e-05	      3.83	0	Gaussian	314.567144	42.377224
227	1	  0.002890	  0.003462	     -1.00	    779.17	    542.28	      2.87	      2.63	     50.18	     46.03	28.19	 4.692e-05	      3.84	0	Gaussian	317.285476	42.209678
228	1	  0.002954	  0.003694	     -1.00	    582.12	    674.29	      2.71	      2.64	     47.43	     46.13	14.09	 3.030e-04	      3.84	0	Gaussian	316.376449	43.105800
229	1	  0.002889	  0.003457	     -1.00	     81.25	    212.42	      2.83	      2.59	     49.61	     45.39	27.36	 1.053e-04	      3.85	0	Gaussian	312.427818	41.744200
230	1	  0.002864	  0.003066	     -1.00	    237.34	    233.00	      2.88	      2.87	     50.39	     50.21	5.38	 1.103e-04	      3.85	0	Gaussian	313.412602	41.625420
231	1	  0.002864	  0.003704	     -1.00	    107.62	    628.06	      2.70	      2.45	     47.20	     42.89	-69.68	 8.339e-05	      3.86	0	Gaussian	313.357108	43.594174
232	1	  0.002898	  0.003290	     -1.00	    363.02	    671.02	      2.75	      2.75	     48.19	     48.19	34.97	 8.668e-05	      3.87	0	Gaussian	315.026676	43.422045
233	1	  0.003019	  0.003916	     -1.00	    312.71	    660.38	      2.63	      2.42	     46.10	     42.36	28.43	 5.456e-04	      3.88	0	Gaussian	314.694556	43.448011
234	1	  0.002846	  0.003645	     -1.00	    454.84	    619.56	      2.76	      2.49	     48.24	     43.63	26.60	 3.117e-05	      3.88	0	Gaussian	315.486620	43.054604
235	1	  0.002954	  0.004033	     -1.00	    498.48	    306.12	      2.56	      2.34	     44.79	     40.87	46.56	 3.066e-04	      3.88	0	Gaussian	315.124245	41.582546
236	1	  0.002911	  0.003831	     -1.00	    129.02	    497.48	      2.65	      2.41	     46.30	     42.10	20.12	 2.305e-04	      3.88	0	Gaussian	313.243145	42.973390
237	1	  0.002864	  0.003453	     -1.00	    549.97	      8.33	      2.74	      2.56	     47.98	     44.87	42.95	 5.705e-05	      3.89	0	Gaussian	314.853347	40.168122
238	1	  0.002980	  0.003904	     -1.00	    645.93	    657.16	      2.51	      2.49	     44.01	     43.59	20.69	 3.498e-04	      3.89	0	Gaussian	316.727934	42.930382
239	1	  0.002878	  0.003659	     -1.00	    263.52	    444.56	      2.72	      2.46	     47.63	     43.14	21.19	 4.388e-05	      3.89	0	Gaussian	313.970256	42.545832
240	1	  0.002917	  0.003839	     -1.00	    287.25	    400.73	      2.61	      2.44	     45.73	     42.64	31.06	 3.183e-04	      3.90	0	Gaussian	314.031290	42.314170
241	1	  0.002875	  0.003575	     -1.00	    105.95	     13.83	      2.62	      2.52	     45.83	     44.03	28.21	 5.309e-05	      3.90	0	Gaussian	312.226252	40.808002
242	1	  0.002901	  0.003735	     -1.00	     30.22	    276.72	      2.67	      2.44	     46.68	     42.63	13.15	 1.538e-04	      3.91	0	Gaussian	312.230883	42.104549
243	1	  0.002842	  0.003508	     -1.00	    189.86	    685.67	      2.72	      2.52	     47.59	     44.09	26.45	 5.921e-05	      3.92	0	Gaussian	313.981429	43.738910
244	1	  0.002871	  0.003365	     -1.00	    447.45	    503.01	      2.66	      2.65	     46.58	     46.47	-9.13	 8.394e-05	      3.92	0	Gaussian	315.206529	42.542595
245	1	  0.002881	  0.003510	     -1.00	    310.63	     69.49	      2.70	      2.51	     47.27	     43.90	15.85	 4.989e-05	      3.93	0	Gaussian	313.551403	40.783485
246	1	  0.002907	  0.003291	     -1.00	    631.89	    514.18	      2.79	      2.60	     48.77	     45.55	22.70	 8.944e-05	      3.93	0	Gaussian	316.344392	42.314286
247	1	  0.002874	  0.003560	     -1.00	     24.88	    518.08	      2.59	      2.54	     45.27	     44.52	13.94	 1.011e-04	      3.93	0	Gaussian	312.635302	43.208902
248	1	  0.002952	  0.003685	     -1.00	    690.91	    331.96	      2.53	      2.52	     44.27	     44.15	20.71	 3.281e-04	      3.93	0	Gaussian	316.322815	41.409645
249	1	  0.002860	  0.003210	     -1.00	    784.92	    396.26	      2.80	      2.62	     49.08	     45.84	19.74	 3.827e-05	      3.94	0	Gaussian	317.012196	41.551044
250	1	  0.002881	  0.003580	     -1.00	    166.23	    210.21	      2.64	      2.47	     46.18	     43.25	12.18	 2.033e-04	      3.95	0	Gaussian	312.940145	41.619685
251	1	  0.002876	  0.003478	     -1.00	    628.83	    281.88	      2.63	      2.53	     46.12	     44.28	16.06	 9.700e-05	      3.95	0	Gaussian	315.853334	41.279792
252	1	  0.002865	  0.003428	     -1.00	     31.41	    728.47	      2.71	      2.50	     47.40	     43.68	26.73	 7.233e-05	      3.95	0	Gaussian	313.069899	44.153836
253	1	  0.002938	  0.001881	     -1.00	    714.17	    358.42	      4.27	      2.87	     74.79	     50.15	42.06	 7.992e-05	      3.96	0	Gaussian	316.514873	41.492144
254	1	  0.002866	  0.002971	     -1.00	     77.15	    473.36	      2.76	      2.76	     48.34	     48.23	13.76	 7.387e-05	      3.97	0	Gaussian	312.877225	42.935096
255	1	  0.002873	  0.003456	     -1.00	    506.92	    707.58	      2.69	      2.46	     47.10	     43.12	30.12	 1.753e-04	      3.97	0	Gaussian	315.986453	43.369874
256	1	  0.002871	  0.003270	     -1.00	    554.31	    712.08	      2.63	      2.61	     46.01	     45.74	39.58	 6.180e-05	      3.97	0	Gaussian	316.285958	43.317342
257	1	  0.002841	  0.003194	     -1.00	    717.26	    120.52	      2.83	      2.53	     49.47	     44.37	24.14	 3.629e-05	      3.98	0	Gaussian	316.052146	40.424185
258	1	  0.002894	  0.003255	     -1.00	    623.40	    692.03	      2.68	      2.58	     46.92	     45.18	58.59	 5.941e-05	      3.98	0	Gaussian	316.664886	43.120890
259	1	  0.002880	  0.003376	     -1.00	     70.13	    260.69	      2.71	      2.46	     47.41	     43.07	10.17	 5.585e-05	      3.99	0	Gaussian	312.446428	41.978560
260	1	  0.002869	  0.003282	     -1.00	    197.24	     63.39	      2.71	      2.51	     47.42	     44.02	21.43	 4.790e-05	      4.00	0	Gaussian	312.861994	40.911186
261	1	  0.002923	  0.003402	     -1.00	    612.22	    650.24	      2.67	      2.45	     46.65	     42.90	15.52	 1.160e-04	      4.00	0	Gaussian	316.508931	42.951938
262	1	  0.002896	  0.003059	     -1.00	    698.58	    770.17	      2.85	      2.49	     49.93	     43.61	38.30	 9.686e-05	      4.01	0	Gaussian	317.288888	43.349971
263	1	  0.002867	  0.003101	     -1.00	    725.59	    457.06	      2.68	      2.62	     46.99	     45.77	-6.69	 4.735e-05	      4.02	0	Gaussian	316.786689	41.914457
264	1	  0.002876	  0.003235	     -1.00	     60.75	    237.93	      2.67	      2.54	     46.66	     44.38	-4.58	 3.427e-05	      4.02	0	Gaussian	312.348425	41.887524
265	1	  0.002879	  0.003251	     -1.00	     78.54	    456.76	      2.71	      2.44	     47.40	     42.70	15.47	 1.570e-04	      4.03	0	Gaussian	312.855145	42.857896
266	1	  0.002877	  0.003068	     -1.00	    612.40	    229.26	      2.78	      2.48	     48.74	     43.36	20.38	 5.524e-05	      4.04	0	Gaussian	315.651064	41.068578
267	1	  0.002857	  0.003135	     -1.00	     12.01	    408.53	      2.77	      2.47	     48.55	     43.28	16.62	 3.418e-05	      4.04	0	Gaussian	312.355453	42.728370
268	1	  0.002872	  0.003010	     -1.00	    600.20	    151.78	      2.74	      2.61	     47.98	     45.63	27.76	 5.468e-05	      4.04	0	Gaussian	315.426142	40.739159
269	1	  0.002910	  0.003217	     -1.00	    613.63	    592.03	      2.65	      2.44	     46.40	     42.70	20.88	 1.943e-04	      4.05	0	Gaussian	316.395793	42.690035
270	1	  0.002889	  0.003191	     -1.00	    531.94	     79.43	      2.66	      2.47	     46.55	     43.23	12.94	 8.130e-05	      4.05	0	Gaussian	314.883146	40.514141
271	1	  0.002954	  0.001617	     -1.00	    563.25	    510.21	      5.40	      2.41	     94.54	     42.15	-12.40	 4.192e-04	      4.05	0	Gaussian	315.922606	42.401336
272	1	  0.002881	  0.002893	     -1.00	    555.92	    521.83	      2.82	      2.57	     49.36	     44.91	23.85	 8.306e-05	      4.06	0	Gaussian	315.902070	42.464433
273	1	  0.002849	  0.003114	     -1.00	    377.46	    410.24	      2.71	      2.44	     47.38	     42.63	28.50	 3.626e-05	      4.07	0	Gaussian	314.598373	42.227725
274	1	  0.002869	  0.002623	     -1.00	    507.90	    412.51	      3.01	      2.68	     52.76	     46.90	22.71	 5.331e-05	      4.07	0	Gaussian	315.391489	42.046497
275	1	  0.002867	  0.002832	     -1.00	    500.80	    660.15	      2.76	      2.65	     48.33	     46.33	35.28	 1.201e-04	      4.08	0	Gaussian	315.850833	43.167066
276	1	  0.002925	  0.003173	     -1.00	    290.02	    630.19	      2.53	      2.53	     44.22	     44.21	-72.61	 1.291e-04	      4.09	0	Gaussian	314.494394	43.345117
277	1	  0.002860	  0.002906	     -1.00	    192.37	    104.10	      2.74	      2.48	     48.01	     43.35	10.96	 3.417e-05	      4.09	0	Gaussian	312.905933	41.102560
278	1	  0.002867	  0.003034	     -1.00	    383.86	    768.35	      2.62	      2.54	     45.87	     44.48	21.34	 2.339e-05	      4.10	0	Gaussian	315.353340	43.827743
279	1	  0.002846	  0.002806	     -1.00	    734.79	    477.40	      2.87	      2.55	     50.22	     44.57	26.75	 2.530e-05	      4.10	0	Gaussian	316.884010	41.990745
280	1	  0.002859	  0.002971	     -1.00	    647.30	    580.77	      2.72	      2.49	     47.67	     43.61	49.88	 3.447e-05	      4.10	0	Gaussian	316.575623	42.587699
281	1	  0.002862	  0.003000	     -1.00	      7.21	    468.74	      2.71	      2.50	     47.46	     43.76	18.25	 7.136e-05	      4.10	0	Gaussian	312.435015	43.008542
282	1	  0.002848	  0.002695	     -1.00	    239.55	    741.28	      2.92	      2.47	     51.16	     43.22	-6.91	 1.108e-04	      4.12	0	Gaussian	314.400977	43.918285
283	1	  0.002911	  0.002831	     -1.00	    741.17	    635.23	      2.75	      2.58	     48.10	     45.11	17.75	 7.439e-05	      4.12	0	Gaussian	317.256049	42.682972
284	1	  0.002864	  0.002945	     -1.00	    165.89	     10.32	      2.64	      2.52	     46.29	     44.08	4.82	 3.630e-05	      4.12	0	Gaussian	312.579514	40.712357
285	1	  0.002865	  0.002912	     -1.00	    234.74	    167.94	      2.68	      2.55	     46.92	     44.69	-5.64	 5.161e-05	      4.12	0	Gaussian	313.277058	41.334264
286	1	  0.002843	  0.002845	     -1.00	     16.40	    737.15	      2.76	      2.46	     48.33	     43.12	16.69	 3.257e-05	      4.12	0	Gaussian	312.991624	44.213719
287	1	  0.002912	  0.003016	     -1.00	    591.73	    474.98	      2.65	      2.43	     46.32	     42.59	-88.52	 9.890e-05	      4.12	0	Gaussian	316.022308	42.200410
288	1	  0.002908	  0.002750	     -1.00	    592.39	    680.60	      2.81	      2.50	     49.20	     43.78	61.92	 1.510e-04	      4.12	0	Gaussian	316.452141	43.118063
289	1	  0.002872	  0.002817	     -1.00	    173.80	    778.09	      2.66	      2.62	     46.56	     45.88	31.46	 3.883e-05	      4.12	0	Gaussian	314.062220	44.178499
290	1	  0.002871	  0.002960	     -1.00	    114.34	    639.97	      2.64	      2.50	     46.28	     43.82	12.78	 9.374e-05	      4.12	0	Gaussian	313.421753	43.638716
291	1	  0.002919	  0.002943	     -1.00	    601.66	    649.05	      2.67	      2.59	     46.78	     45.30	33.14	 1.035e-04	      4.13	0	Gaussian	316.442349	42.962969
292	1	  0.002946	  0.003117	     -1.00	    423.02	    420.99	      2.52	      2.50	     44.03	     43.84	49.14	 2.522e-04	      4.13	0	Gaussian	314.895621	42.209842
293	1	  0.002847	  0.002830	     -1.00	    576.29	    327.47	      2.76	      2.53	     48.30	     44.31	23.41	 2.220e-05	      4.13	0	Gaussian	315.631835	41.562936
294	1	  0.002866	  0.002812	     -1.00	    732.99	    203.40	      2.77	      2.53	     48.46	     44.20	16.63	 3.559e-05	      4.13	0	Gaussian	316.310448	40.770885
295	1	  0.002933	  0.003062	     -1.00	    294.92	    395.46	      2.63	      2.39	     46.06	     41.84	4.23	 3.893e-04	      4.14	0	Gaussian	314.067982	42.279504
296	1	  0.002855	  0.002819	     -1.00	    440.09	    606.88	      2.56	      2.55	     44.78	     44.60	5.15	 3.335e-05	      4.16	0	Gaussian	315.370619	43.019793
297	1	  0.002847	  0.002753	     -1.00	    376.10	    484.30	      2.73	      2.54	     47.81	     44.44	32.10	 2.244e-05	      4.17	0	Gaussian	314.735089	42.563265
298	1	  0.002877	  0.002749	     -1.00	    521.63	    606.20	      2.71	      2.55	     47.36	     44.66	58.53	 7.463e-05	      4.17	0	Gaussian	315.866888	42.894059
299	1	  0.002912	  0.003102	     -1.00	    501.34	    533.56	      2.53	      2.34	     44.33	     40.93	21.06	 2.537e-04	      4.18	0	Gaussian	315.595364	42.599328
300	1	  0.002877	  0.003103	     -1.00	    235.42	    387.54	      2.54	      2.33	     44.49	     40.77	16.06	 7.867e-05	      4.18	0	Gaussian	313.690004	42.327668
301	1	  0.002866	  0.002723	     -1.00	    562.63	    201.34	      2.75	      2.50	     48.18	     43.71	31.20	 5.159e-05	      4.18	0	Gaussian	315.301011	41.017223
302	1	  0.002863	  0.002580	     -1.00	    561.05	     73.26	      2.71	      2.58	     47.48	     45.22	37.98	 5.776e-05	      4.20	0	Gaussian	315.042857	40.444038
303	1	  0.002831	  0.002668	     -1.00	    126.74	    701.94	      2.69	      2.56	     47.05	     44.76	-34.87	 3.679e-05	      4.20	0	Gaussian	313.618380	43.901521
304	1	  0.002944	  0.003058	     -1.00	    257.36	    387.31	      2.51	      2.34	     43.99	     40.88	27.68	 2.624e-04	      4.20	0	Gaussian	313.823464	42.295811
305	1	  0.002939	  0.002802	     -1.00	    459.36	    557.13	      2.65	      2.55	     46.40	     44.60	21.11	 2.187e-04	      4.21	0	Gaussian	315.387706	42.767863
306	1	  0.002913	  0.002827	     -1.00	    497.20	    524.43	      2.69	      2.41	     47.08	     42.18	35.31	 2.946e-04	      4.21	0	Gaussian	315.551733	42.564587
307	1	  0.002879	  0.002956	     -1.00	     93.46	     45.51	      2.56	      2.35	     44.86	     41.12	9.76	 1.402e-04	      4.21	0	Gaussian	312.206566	40.968652
308	1	  0.002854	  0.002453	     -1.00	     32.07	    708.08	      2.73	      2.70	     47.82	     47.34	3.08	 3.398e-05	      4.22	0	Gaussian	313.035350	44.060642
309	1	  0.002819	  0.002549	     -1.00	    264.67	    737.78	      2.76	      2.57	     48.24	     44.97	25.11	 3.269e-05	      4.23	0	Gaussian	314.550681	43.866127
310	1	  0.002905	  0.002760	     -1.00	     59.01	    729.46	      2.63	      2.41	     46.02	     42.24	16.92	 1.640e-04	      4.23	0	Gaussian	313.245797	44.120287
311	1	  0.002845	  0.002293	     -1.00	    266.24	    555.23	      2.78	      2.78	     48.73	     48.68	27.72	 2.615e-05	      4.24	0	Gaussian	314.200664	43.041515
312	1	  0.002899	  0.002423	     -1.00	    168.31	    222.01	      2.72	      2.65	     47.66	     46.43	-29.38	 1.518e-04	      4.24	0	Gaussian	312.974227	41.670396
313	1	  0.002868	  0.001478	     -1.00	    291.50	    471.09	      3.55	      3.25	     62.07	     56.95	-78.76	 1.135e-04	      4.24	0	Gaussian	314.192545	42.625804
314	1	  0.003007	  0.002991	     -1.00	    532.26	    270.65	      2.50	      2.30	     43.73	     40.18	12.76	 4.976e-04	      4.24	0	Gaussian	315.256474	41.373379
315	1	  0.002846	  0.002534	     -1.00	    131.80	    362.21	      2.72	      2.57	     47.58	     44.95	17.08	 2.067e-05	      4.25	0	Gaussian	313.008568	42.356321
316	1	  0.002912	  0.002412	     -1.00	    427.57	    119.34	      2.89	      2.52	     50.64	     44.11	8.13	 1.089e-04	      4.25	0	Gaussian	314.340979	40.844153
317	1	  0.002895	  0.002613	     -1.00	    347.85	    759.55	      2.69	      2.51	     47.06	     43.96	32.79	 4.497e-05	      4.25	0	Gaussian	315.111940	43.841859
318	1	  0.002980	  0.003036	     -1.00	    336.41	    241.91	      2.50	      2.24	     43.75	     39.17	50.72	 5.526e-04	      4.26	0	Gaussian	314.027159	41.527081
319	1	  0.003062	  0.002559	     -1.00	    778.90	    727.76	      2.70	      2.62	     47.22	     45.87	66.97	 3.536e-04	      4.26	0	Gaussian	317.682925	43.033295
320	1	  0.002863	  0.002761	     -1.00	    559.42	    625.36	      2.57	      2.41	     44.96	     42.24	30.39	 6.409e-05	      4.26	0	Gaussian	316.136317	42.922187
321	1	  0.002884	  0.002464	     -1.00	    694.88	    442.86	      2.77	      2.55	     48.40	     44.69	7.46	 1.214e-04	      4.26	0	Gaussian	316.574131	41.898750
322	1	  0.002848	  0.002422	     -1.00	    286.73	    147.54	      2.83	      2.55	     49.52	     44.69	15.90	 2.558e-05	      4.27	0	Gaussian	313.552184	41.169950
323	1	  0.002870	  0.002465	     -1.00	    569.74	    103.76	      2.74	      2.59	     47.92	     45.26	24.73	 6.164e-05	      4.27	0	Gaussian	315.152973	40.568365
324	1	  0.002858	  0.002392	     -1.00	    350.33	    134.70	      2.75	      2.65	     48.18	     46.36	3.99	 3.235e-05	      4.27	0	Gaussian	313.909280	41.022952
325	1	  0.002850	  0.002259	     -1.00	    476.03	    202.40	      2.74	      2.71	     47.96	     47.47	10.73	 2.587e-05	      4.27	0	Gaussian	314.788151	41.148726
326	1	  0.002886	  0.002613	     -1.00	    335.05	    214.01	      2.55	      2.54	     44.62	     44.53	-39.49	 5.533e-05	      4.27	0	Gaussian	313.966379	41.402905
327	1	  0.002867	  0.002611	     -1.00	    700.48	     34.41	      2.61	      2.40	     45.67	     42.07	25.53	 5.651e-05	      4.30	0	Gaussian	315.783988	40.063942
328	1	  0.002891	  0.001776	     -1.00	    453.17	    327.32	      3.12	      2.97	     54.66	     52.03	-74.18	 8.918e-05	      4.31	0	Gaussian	314.893877	41.744297
329	1	  0.002859	  0.002137	     -1.00	    433.09	    707.17	      2.87	      2.74	     50.16	     47.99	-71.13	 5.793e-05	      4.32	0	Gaussian	315.532060	43.479848
330	1	  0.002903	  0.002495	     -1.00	    575.16	    416.73	      2.63	      2.52	     46.06	     44.15	33.45	 5.610e-05	      4.32	0	Gaussian	315.804402	41.964715
331	1	  0.002888	  0.002370	     -1.00	    391.97	    241.18	      2.64	      2.56	     46.23	     44.73	44.16	 6.691e-05	      4.32	0	Gaussian	314.359807	41.444691
332	1	  0.002918	  0.002649	     -1.00	    326.48	    575.11	      2.57	      2.38	     45.05	     41.60	33.74	 2.523e-04	      4.32	0	Gaussian	314.610364	43.044261
333	1	  0.002995	  0.002757	     -1.00	    150.66	    208.08	      2.53	      2.44	     44.22	     42.66	37.20	 3.761e-04	      4.32	0	Gaussian	312.841864	41.631158
334	1	  0.002911	  0.002262	     -1.00	    764.53	     75.20	      2.89	      2.51	     50.57	     43.91	10.46	 1.612e-04	      4.33	0	Gaussian	316.237624	40.150097
335	1	  0.002873	  0.002433	     -1.00	    339.39	    548.09	      2.63	      2.48	     46.08	     43.38	7.16	 7.233e-05	      4.33	0	Gaussian	314.636276	42.903852
336	1	  0.002893	  0.002506	     -1.00	    318.94	    236.17	      2.59	      2.44	     45.36	     42.65	85.57	 1.263e-04	      4.33	0	Gaussian	313.911123	41.525777
337	1	  0.002841	  0.002389	     -1.00	    427.20	    719.07	      2.67	      2.55	     46.81	     44.65	-25.00	 2.735e-05	      4.33	0	Gaussian	315.520171	43.541979
338	1	  0.002869	  0.002402	     -1.00	    115.11	    402.56	      2.74	      2.49	     47.96	     43.52	9.11	 5.645e-05	      4.34	0	Gaussian	312.980552	42.562144
339	1	  0.002862	  0.002538	     -1.00	    687.44	    652.36	      2.58	      2.43	     45.17	     42.54	42.37	 5.690e-05	      4.34	0	Gaussian	316.968847	42.843983
340	1	  0.002874	  0.002463	     -1.00	    494.18	    446.15	      2.65	      2.50	     46.30	     43.69	7.79	 9.243e-05	      4.34	0	Gaussian	315.376001	42.217927
341	1	  0.003014	  0.002641	     -1.00	    786.65	    730.50	      2.49	      2.37	     43.63	     41.53	27.12	 3.215e-04	      4.34	0	Gaussian	317.735592	43.032957
342	1	  0.002880	  0.002525	     -1.00	    533.47	    564.46	      2.55	      2.43	     44.71	     42.58	23.58	 6.550e-05	      4.35	0	Gaussian	315.853271	42.689275
343	1	  0.002862	  0.002049	     -1.00	    603.76	     98.68	      3.04	      2.61	     53.17	     45.70	1.09	 5.332e-05	      4.36	0	Gaussian	315.343405	40.495544
344	1	  0.002984	  0.002204	     -1.00	    675.08	    337.37	      2.73	      2.65	     47.85	     46.40	17.77	 4.808e-04	      4.36	0	Gaussian	316.239913	41.458021
345	1	  0.002847	  0.002531	     -1.00	    309.48	    518.64	      2.56	      2.41	     44.79	     42.24	20.99	 3.649e-05	      4.37	0	Gaussian	314.395117	42.814443
346	1	  0.002836	  0.002325	     -1.00	    172.99	    530.38	      2.70	      2.50	     47.24	     43.73	27.73	 2.198e-05	      4.37	0	Gaussian	313.577258	43.061193
347	1	  0.002864	  0.002182	     -1.00	     64.65	    103.18	      2.80	      2.51	     49.07	     43.89	59.73	 6.303e-05	      4.38	0	Gaussian	312.133708	41.269133
348	1	  0.002899	  0.002561	     -1.00	    638.43	    237.63	      2.53	      2.36	     44.22	     41.34	21.18	 1.206e-04	      4.38	0	Gaussian	315.821758	41.067115
349	1	  0.002856	  0.002295	     -1.00	    171.91	    160.42	      2.68	      2.51	     46.85	     43.96	9.05	 1.088e-04	      4.38	0	Gaussian	312.884244	41.385948
350	1	  0.002883	  0.002032	     -1.00	    726.27	    263.87	      3.05	      2.50	     53.33	     43.71	30.27	 5.228e-05	      4.39	0	Gaussian	316.393331	41.051350
351	1	  0.002867	  0.002217	     -1.00	    562.69	    591.83	      2.75	      2.51	     48.06	     43.86	9.29	 6.800e-05	      4.40	0	Gaussian	316.086823	42.767303
352	1	  0.002845	  0.002337	     -1.00	    641.54	    316.37	      2.61	      2.47	     45.75	     43.18	22.71	 3.686e-05	      4.40	0	Gaussian	315.998169	41.415005
353	1	  0.002885	  0.002230	     -1.00	    220.80	    435.14	      2.67	      2.57	     46.66	     44.92	32.55	 4.178e-05	      4.41	0	Gaussian	313.690620	42.563474
354	1	  0.002864	  0.002158	     -1.00	    590.74	    762.16	      2.68	      2.62	     46.99	     45.86	53.83	 4.549e-05	      4.42	0	Gaussian	316.614338	43.484220
355	1	  0.002890	  0.002168	     -1.00	    623.93	    474.38	      2.76	      2.53	     48.25	     44.33	18.84	 4.458e-05	      4.42	0	Gaussian	316.214526	42.148618
356	1	  0.002853	  0.002124	     -1.00	    528.61	    663.93	      2.67	      2.60	     46.81	     45.47	52.65	 4.216e-05	      4.44	0	Gaussian	316.028577	43.141666
357	1	  0.002862	  0.002274	     -1.00	    232.63	    592.27	      2.60	      2.45	     45.59	     42.82	9.98	 8.478e-05	      4.44	0	Gaussian	314.065199	43.256609
358	1	  0.002854	  0.002268	     -1.00	    711.46	    175.72	      2.61	      2.44	     45.62	     42.74	30.01	 4.080e-05	      4.45	0	Gaussian	316.128447	40.679874
359	1	  0.002857	  0.002066	     -1.00	     43.30	    609.80	      2.78	      2.55	     48.70	     44.58	19.02	 1.910e-05	      4.46	0	Gaussian	312.920627	43.600023
360	1	  0.002813	  0.002039	     -1.00	    475.37	    736.15	      2.79	      2.46	     48.76	     43.12	5.56	 2.074e-05	      4.46	0	Gaussian	315.852014	43.545684
361	1	  0.002841	  0.002068	     -1.00	    139.07	    451.72	      2.75	      2.56	     48.06	     44.84	13.58	 1.622e-05	      4.46	0	Gaussian	313.219492	42.752171
362	1	  0.002840	  0.000980	     -1.00	    112.04	    156.84	      4.89	      2.89	     85.56	     50.61	79.92	 5.062e-05	      4.46	0	Gaussian	312.515606	41.450338
363	1	  0.002854	  0.001912	     -1.00	    250.73	    675.24	      2.92	      2.54	     51.13	     44.47	3.30	 1.211e-04	      4.46	0	Gaussian	314.339822	43.604779
364	1	  0.002878	  0.002025	     -1.00	    667.19	    553.68	      2.80	      2.57	     48.99	     45.06	22.55	 7.269e-05	      4.47	0	Gaussian	316.638767	42.436050
365	1	  0.002846	  0.002076	     -1.00	    427.97	    770.06	      2.72	      2.56	     47.65	     44.74	26.78	 4.851e-05	      4.47	0	Gaussian	315.629897	43.769126
366	1	  0.002848	  0.001950	     -1.00	    139.76	    470.92	      2.82	      2.64	     49.36	     46.16	-17.87	 3.727e-05	      4.47	0	Gaussian	313.259696	42.838208
367	1	  0.002903	  0.002011	     -1.00	    315.94	    744.25	      2.66	      2.61	     46.61	     45.66	2.08	 3.227e-05	      4.48	0	Gaussian	314.882693	43.820294
368	1	  0.002869	  0.001863	     -1.00	    622.01	    381.84	      2.77	      2.69	     48.51	     47.11	45.09	 2.581e-05	      4.48	0	Gaussian	316.014225	41.737638
369	1	  0.002863	  0.001789	     -1.00	    198.84	    388.16	      3.01	      2.61	     52.71	     45.70	11.93	 6.805e-05	      4.48	0	Gaussian	313.467524	42.381514
370	1	  0.002893	  0.001992	     -1.00	    682.15	    756.07	      2.73	      2.58	     47.83	     45.23	-20.79	 6.896e-05	      4.49	0	Gaussian	317.158600	43.313434
371	1	  0.002843	  0.001786	     -1.00	    528.92	    128.92	      2.85	      2.81	     49.93	     49.19	44.82	 2.874e-05	      4.49	0	Gaussian	314.960524	40.741168
372	1	  0.002981	  0.002295	     -1.00	    362.41	    559.62	      2.50	      2.39	     43.69	     41.91	12.63	 2.126e-04	      4.49	0	Gaussian	314.800244	42.922188
373	1	  0.002850	  0.002022	     -1.00	    388.12	    136.45	      2.73	      2.57	     47.81	     44.90	17.56	 1.748e-05	      4.49	0	Gaussian	314.138238	40.977486
374	1	  0.002866	  0.001923	     -1.00	    431.85	     41.16	      2.64	      2.64	     46.13	     46.12	50.22	 4.810e-05	      4.49	0	Gaussian	314.219212	40.485348
375	1	  0.002879	  0.001761	     -1.00	      8.83	    285.58	      3.16	      2.63	     55.23	     45.97	-11.34	 5.034e-05	      4.50	0	Gaussian	312.115429	42.173170
376	1	  0.002905	  0.001696	     -1.00	    513.67	    698.44	      2.89	      2.88	     50.65	     50.40	-41.63	 3.126e-04	      4.50	0	Gaussian	316.008825	43.318758
377	1	  0.002824	  0.001978	     -1.00	    513.20	    752.16	      2.75	      2.56	     48.21	     44.89	10.65	 4.293e-05	      4.50	0	Gaussian	316.117995	43.559480
378	1	  0.002877	  0.001682	     -1.00	    336.00	     57.31	      3.12	      2.64	     54.54	     46.20	13.86	 5.750e-05	      4.51	0	Gaussian	313.680199	40.693091
379	1	  0.002888	  0.002005	     -1.00	    655.61	    745.08	      2.67	      2.48	     46.74	     43.43	25.62	 8.213e-05	      4.51	0	Gaussian	316.973640	43.306546
380	1	  0.002917	  0.002149	     -1.00	    172.34	    308.39	      2.61	      2.34	     45.76	     41.03	19.02	 3.097e-04	      4.52	0	Gaussian	313.157146	42.056719
381	1	  0.002861	  0.001998	     -1.00	    492.85	     69.36	      2.72	      2.54	     47.53	     44.39	11.60	 4.480e-05	      4.52	0	Gaussian	314.633172	40.525325
382	1	  0.002865	  0.002102	     -1.00	    711.56	    542.43	      2.60	      2.46	     45.45	     43.00	22.93	 4.291e-05	      4.53	0	Gaussian	316.881548	42.316716
383	1	  0.002871	  0.001865	     -1.00	    119.15	    275.87	      2.98	      2.45	     52.23	     42.94	31.64	 8.417e-05	      4.53	0	Gaussian	312.773201	41.981652
384	1	  0.002892	  0.001992	     -1.00	    554.94	    793.61	      2.76	      2.51	     48.30	     43.86	29.19	 4.562e-05	      4.53	0	Gaussian	316.461626	43.680024
385	1	  0.002888	  0.002114	     -1.00	    664.72	    497.53	      2.61	      2.38	     45.60	     41.69	30.36	 9.722e-05	      4.54	0	Gaussian	316.507015	42.189356
386	1	  0.002893	  0.001534	     -1.00	    626.81	    654.76	      3.04	      2.83	     53.17	     49.49	-9.51	 1.178e-04	      4.54	0	Gaussian	316.606961	42.949435
387	1	  0.002925	  0.002046	     -1.00	    715.92	    381.93	      2.55	      2.52	     44.57	     44.05	11.02	 9.964e-05	      4.54	0	Gaussian	316.573569	41.594393
388	1	  0.002858	  0.001908	     -1.00	     64.14	    482.34	      2.76	      2.57	     48.26	     44.94	18.89	 4.193e-05	      4.54	0	Gaussian	312.813215	42.993561
389	1	  0.002873	  0.002064	     -1.00	     52.36	    312.47	      2.65	      2.35	     46.38	     41.15	35.19	 5.806e-05	      4.55	0	Gaussian	312.430720	42.237730
390	1	  0.002859	  0.002070	     -1.00	    152.34	    600.66	      2.59	      2.46	     45.39	     43.08	3.39	 6.239e-05	      4.55	0	Gaussian	313.583427	43.407922
391	1	  0.002872	  0.002129	     -1.00	    214.49	    775.53	      2.56	      2.42	     44.78	     42.28	19.55	 7.159e-05	      4.55	0	Gaussian	314.312295	44.108597
392	1	  0.002856	  0.001865	     -1.00	    643.40	    278.93	      2.83	      2.44	     49.51	     42.79	36.82	 4.084e-05	      4.55	0	Gaussian	315.933866	41.244582
393	1	  0.002886	  0.001323	     -1.00	    470.98	     39.49	      3.17	      3.15	     55.42	     55.07	3.55	 1.155e-04	      4.56	0	Gaussian	314.447431	40.422110
394	1	  0.002923	  0.002110	     -1.00	     95.38	    363.53	      2.56	      2.36	     44.88	     41.30	14.68	 1.333e-04	      4.57	0	Gaussian	312.787488	42.411859
395	1	  0.002857	  0.000704	     -1.00	    365.74	    218.13	      6.05	      3.03	    105.95	     53.00	-60.97	 3.990e-05	      4.57	0	Gaussian	314.158528	41.378063
396	1	  0.002934	  0.002077	     -1.00	    622.74	    590.60	      2.57	      2.35	     45.06	     41.15	35.93	 3.037e-04	      4.58	0	Gaussian	316.447888	42.669567
397	1	  0.002889	  0.001843	     -1.00	    637.96	    380.45	      2.76	      2.39	     48.30	     41.85	6.47	 8.067e-05	      4.58	0	Gaussian	316.106563	41.707186
398	1	  0.002863	  0.002081	     -1.00	    235.53	    285.44	      2.57	      2.38	     44.95	     41.69	16.88	 5.235e-05	      4.58	0	Gaussian	313.499064	41.865444
399	1	  0.002875	  0.001680	     -1.00	    626.87	     27.99	      2.80	      2.77	     48.97	     48.51	-44.92	 5.627e-05	      4.59	0	Gaussian	315.341727	40.144210
400	1	  0.002830	  0.001795	     -1.00	    492.92	    689.33	      2.71	      2.61	     47.46	     45.70	8.96	 3.034e-05	      4.59	0	Gaussian	315.862817	43.309598
401	1	  0.002849	  0.002024	     -1.00	    269.50	    590.35	      2.58	      2.44	     45.09	     42.66	19.14	 4.848e-05	      4.59	0	Gaussian	314.289272	43.195231
402	1	  0.002867	  0.001670	     -1.00	    124.41	    388.21	      3.00	      2.54	     52.51	     44.50	-19.80	 4.450e-05	      4.59	0	Gaussian	313.011192	42.484385
403	1	  0.002956	  0.001329	     -1.00	     21.24	    242.56	      3.37	      2.70	     58.90	     47.30	32.96	 3.348e-04	      4.60	0	Gaussian	312.115167	41.960908
404	1	  0.002918	  0.002045	     -1.00	     34.46	    252.30	      2.56	      2.37	     44.84	     41.43	23.97	 2.117e-04	      4.60	0	Gaussian	312.213379	41.987810
405	1	  0.002914	  0.000757	     -1.00	    719.73	    711.58	      6.66	      2.53	    116.48	     44.20	3.66	 1.041e-04	      4.60	0	Gaussian	317.290622	43.056194
406	1	  0.002909	  0.000694	     -1.00	    422.91	    348.37	      2.91	      2.52	     50.91	     44.19	-9.62	 1.419e-04	      4.60	0	Gaussian	314.752743	41.883134
407	1	  0.002861	  0.001927	     -1.00	    632.50	     46.72	      2.62	      2.46	     45.78	     43.10	18.57	 4.042e-05	      4.61	0	Gaussian	315.410983	40.219966
408	1	  0.002858	  0.001807	     -1.00	    407.65	     26.98	      2.76	      2.53	     48.27	     44.33	19.35	 3.583e-05	      4.61	0	Gaussian	314.049483	40.455564
409	1	  0.002917	  0.001910	     -1.00	    779.59	    500.58	      2.65	      2.35	     46.31	     41.11	22.64	 1.077e-04	      4.62	0	Gaussian	317.199608	42.023603
410	1	  0.002826	  0.001934	     -1.00	    190.52	    707.61	      2.59	      2.47	     45.39	     43.31	21.15	 3.258e-05	      4.62	0	Gaussian	314.028440	43.836932
411	1	  0.002872	  0.001876	     -1.00	    778.75	    414.43	      2.65	      2.42	     46.37	     42.40	19.86	 9.489e-05	      4.63	0	Gaussian	317.013599	41.641565
412	1	  0.002847	  0.001646	     -1.00	     62.98	    572.52	      2.90	      2.64	     50.82	     46.21	23.88	 3.253e-05	      4.63	0	Gaussian	312.973725	43.404143
413	1	  0.002870	  0.000706	     -1.00	    472.92	    148.31	      6.37	      2.62	    111.56	     45.89	-36.61	 9.271e-05	      4.63	0	Gaussian	314.665713	40.909675
414	1	  0.002873	  0.001737	     -1.00	    381.28	    123.93	      2.75	      2.61	     48.19	     45.71	74.55	 4.682e-05	      4.63	0	Gaussian	314.073938	40.930647
415	1	  0.002933	  0.001895	     -1.00	    566.33	    343.40	      2.54	      2.48	     44.52	     43.47	36.52	 2.279e-04	      4.64	0	Gaussian	315.604123	41.649305
416	1	  0.002862	  0.001813	     -1.00	    546.47	    178.52	      2.65	      2.48	     46.47	     43.48	12.69	 4.315e-05	      4.64	0	Gaussian	315.160595	40.938469
417	1	  0.002928	  0.001550	     -1.00	    658.53	    700.68	      3.18	      2.33	     55.63	     40.71	-5.56	 3.204e-04	      4.65	0	Gaussian	316.896561	43.104406
418	1	  0.002930	  0.001981	     -1.00	    215.38	    447.67	      2.54	      2.36	     44.48	     41.35	12.20	 1.072e-04	      4.65	0	Gaussian	313.681152	42.627748
419	1	  0.002859	  0.001880	     -1.00	    486.38	    252.54	      2.63	      2.41	     45.97	     42.16	23.04	 3.403e-05	      4.65	0	Gaussian	314.947070	41.359321
420	1	  0.002939	  0.001949	     -1.00	    561.23	    337.68	      2.58	      2.33	     45.07	     40.77	16.25	 2.268e-04	      4.65	0	Gaussian	315.562235	41.631264
421	1	  0.002862	  0.001498	     -1.00	    782.69	    663.12	      3.16	      2.54	     55.40	     44.52	28.55	 4.207e-05	      4.66	0	Gaussian	317.565452	42.740622
422	1	  0.002914	  0.001634	     -1.00	    281.99	    650.46	      2.82	      2.62	     49.29	     45.86	18.63	 3.797e-05	      4.66	0	Gaussian	314.484731	43.448034
423	1	  0.002868	  0.001811	     -1.00	    461.52	    408.28	      2.62	      2.48	     45.86	     43.44	15.08	 3.584e-05	      4.66	0	Gaussian	315.103384	42.096178
424	1	  0.002916	  0.001999	     -1.00	    217.68	    242.62	      2.52	      2.33	     44.11	     40.85	19.91	 1.978e-04	      4.66	0	Gaussian	313.311340	41.696176
425	1	  0.002903	  0.001692	     -1.00	    585.09	    376.02	      2.68	      2.64	     46.89	     46.20	20.79	 3.921e-05	      4.67	0	Gaussian	315.781776	41.767341
426	1	  0.002868	  0.001385	     -1.00	      8.43	    426.33	      2.96	      2.89	     51.85	     50.55	-66.13	 3.847e-05	      4.67	0	Gaussian	312.365481	42.814086
427	1	  0.002851	  0.001843	     -1.00	    524.34	    227.67	      2.62	      2.42	     45.91	     42.31	15.62	 3.954e-05	      4.67	0	Gaussian	315.124996	41.191910
428	1	  0.002890	  0.001277	     -1.00	    617.00	    110.85	      3.66	      2.64	     64.04	     46.28	11.99	 1.528e-04	      4.67	0	Gaussian	315.445029	40.530608
429	1	  0.002920	  0.001993	     -1.00	    303.73	    473.61	      2.52	      2.31	     44.18	     40.42	27.15	 4.160e-04	      4.68	0	Gaussian	314.272300	42.619665
430	1	  0.002884	  0.001841	     -1.00	     14.33	    515.03	      2.62	      2.39	     45.90	     41.77	-68.50	 1.589e-04	      4.68	0	Gaussian	312.564006	43.209278
431	1	  0.002915	  0.001812	     -1.00	    792.51	     75.69	      2.65	      2.35	     46.30	     41.13	31.28	 7.851e-05	      4.68	0	Gaussian	316.401264	40.109809
432	1	  0.002855	  0.001339	     -1.00	    791.13	    319.44	      3.13	      2.88	     54.75	     50.45	-61.08	 3.954e-05	      4.68	0	Gaussian	316.889268	41.199183
433	1	  0.002872	  0.001346	     -1.00	    114.06	    457.43	      2.86	      2.85	     50.01	     49.81	-43.80	 1.727e-04	      4.68	0	Gaussian	313.075851	42.812428
434	1	  0.002835	  0.001624	     -1.00	    127.05	    191.56	      2.87	      2.57	     50.29	     44.90	9.34	 1.895e-05	      4.68	0	Gaussian	312.668790	41.588008
435	1	  0.002881	  0.001753	     -1.00	    680.32	    486.51	      2.68	      2.37	     46.98	     41.39	40.66	 4.956e-05	      4.69	0	Gaussian	316.577635	42.116053
436	1	  0.002870	  0.001721	     -1.00	    130.02	    332.77	      2.67	      2.52	     46.79	     44.07	-3.53	 9.547e-05	      4.69	0	Gaussian	312.943528	42.225184
437	1	  0.002905	  0.001719	     -1.00	    594.15	    401.91	      2.65	      2.57	     46.33	     44.98	36.91	 4.595e-05	      4.69	0	Gaussian	315.888283	41.869677
438	1	  0.002924	  0.001878	     -1.00	     45.24	     51.73	      2.57	      2.34	     45.06	     40.98	-4.93	 1.926e-04	      4.69	0	Gaussian	311.926633	41.060263
439	1	  0.002865	  0.000561	     -1.00	    574.38	    755.50	      6.48	      3.20	    113.38	     56.05	-52.21	 4.899e-05	      4.69	0	Gaussian	316.500150	43.479960
440	1	  0.002931	  0.001824	     -1.00	     42.32	    260.87	      2.58	      2.40	     45.22	     42.00	-4.37	 2.224e-04	      4.70	0	Gaussian	312.276694	42.016411
441	1	  0.002926	  0.001725	     -1.00	     43.98	     45.49	      2.71	      2.31	     47.40	     40.41	-1.41	 2.168e-04	      4.70	0	Gaussian	311.908244	41.033482
442	1	  0.002901	  0.001498	     -1.00	    530.89	    307.32	      3.05	      2.59	     53.33	     45.26	43.79	 1.207e-04	      4.70	0	Gaussian	315.320538	41.540094
443	1	  0.002858	  0.001774	     -1.00	    123.37	    447.77	      2.60	      2.46	     45.57	     43.12	6.95	 7.990e-05	      4.71	0	Gaussian	313.115284	42.755900
444	1	  0.002859	  0.001613	     -1.00	     59.32	    116.03	      2.76	      2.55	     48.30	     44.63	-89.08	 3.043e-05	      4.71	0	Gaussian	312.123962	41.334651
445	1	  0.002880	  0.001723	     -1.00	    650.48	    114.40	      2.64	      2.45	     46.28	     42.92	8.67	 5.328e-05	      4.71	0	Gaussian	315.648726	40.496846
446	1	  0.002862	  0.001604	     -1.00	     28.86	     99.30	      2.74	      2.59	     48.01	     45.32	1.56	 6.041e-05	      4.72	0	Gaussian	311.910167	41.298406
447	1	  0.002909	  0.001600	     -1.00	    225.21	    235.73	      2.80	      2.42	     49.02	     42.34	8.12	 2.284e-04	      4.72	0	Gaussian	313.344253	41.654561
448	1	  0.002934	  0.001127	     -1.00	    330.84	    762.09	      3.66	      2.73	     64.00	     47.80	31.36	 6.243e-05	      4.73	0	Gaussian	315.011425	43.878442
449	1	  0.002902	  0.001690	     -1.00	    659.26	    160.02	      2.61	      2.53	     45.76	     44.24	66.20	 8.596e-05	      4.73	0	Gaussian	315.790353	40.688190
450	1	  0.002873	  0.001448	     -1.00	    247.50	    150.08	      2.95	      2.52	     51.66	     44.14	13.00	 6.667e-05	      4.74	0	Gaussian	313.321118	41.235732
451	1	  0.002887	  0.001358	     -1.00	    724.73	    731.13	      3.08	      2.69	     53.92	     47.02	56.23	 6.690e-05	      4.74	0	Gaussian	317.363064	43.135009
452	1	  0.002878	  0.001578	     -1.00	    467.25	     26.92	      2.77	      2.57	     48.41	     44.92	51.30	 1.027e-04	      4.74	0	Gaussian	314.401681	40.370756
453	1	  0.002890	  0.001644	     -1.00	     89.93	     76.64	      2.74	      2.48	     47.89	     43.48	10.29	 2.836e-04	      4.74	0	Gaussian	312.239854	41.114972
454	1	  0.002910	  0.001709	     -1.00	    375.44	    606.79	      2.56	      2.49	     44.81	     43.51	19.36	 9.904e-05	      4.74	0	Gaussian	314.974149	43.115172
455	1	  0.002854	  0.001554	     -1.00	    515.01	    659.31	      2.69	      2.59	     47.01	     45.31	41.04	 6.552e-05	      4.75	0	Gaussian	315.935970	43.141748
456	1	  0.002913	  0.001639	     -1.00	    559.70	    605.70	      2.62	      2.47	     45.87	     43.28	15.97	 1.734e-04	      4.76	0	Gaussian	316.097316	42.833893
457	1	  0.002882	  0.001625	     -1.00	    366.99	    332.27	      2.59	      2.49	     45.29	     43.54	34.53	 8.441e-05	      4.76	0	Gaussian	314.383934	41.891357
458	1	  0.002850	  0.001428	     -1.00	    473.91	     75.24	      2.68	      2.68	     46.99	     46.93	1.62	 2.797e-05	      4.77	0	Gaussian	314.532340	40.579027
459	1	  0.002879	  0.000605	     -1.00	    497.15	    437.21	      7.01	      2.55	    122.71	     44.59	2.87	 1.532e-04	      4.78	0	Gaussian	315.376016	42.173382
460	1	  0.002830	  0.001556	     -1.00	    766.68	     40.70	      2.72	      2.50	     47.54	     43.78	30.84	 3.614e-05	      4.78	0	Gaussian	316.181472	39.992670
461	1	  0.002857	  0.001341	     -1.00	    580.39	    790.06	      2.77	      2.77	     48.54	     48.47	-22.41	 5.786e-05	      4.78	0	Gaussian	316.610280	43.624622
462	1	  0.002862	  0.001472	     -1.00	    584.77	    158.11	      2.76	      2.66	     48.28	     46.56	37.93	 2.753e-05	      4.78	0	Gaussian	315.347481	40.790412
463	1	  0.002894	  0.001725	     -1.00	    227.49	    673.80	      2.50	      2.45	     43.80	     42.82	19.58	 3.515e-04	      4.78	0	Gaussian	314.192574	43.631655
464	1	  0.002871	  0.001276	     -1.00	    546.04	    423.24	      3.15	      2.69	     55.15	     47.00	12.73	 2.873e-05	      4.79	0	Gaussian	315.642597	42.037696
465	1	  0.002859	  0.001601	     -1.00	    388.22	    392.45	      2.68	      2.39	     46.90	     41.85	27.39	 3.640e-05	      4.79	0	Gaussian	314.628930	42.132005
466	1	  0.002937	  0.001750	     -1.00	    465.99	    565.98	      2.50	      2.26	     43.71	     39.49	8.63	 2.960e-04	      4.80	0	Gaussian	315.446008	42.797622
467	1	  0.002878	  0.001443	     -1.00	    773.03	    462.65	      2.91	      2.58	     50.90	     45.17	15.28	 3.494e-05	      4.80	0	Gaussian	317.080642	41.865198
468	1	  0.002864	  0.000849	     -1.00	    717.03	    522.76	      3.69	      3.18	     64.57	     55.66	-79.98	 4.261e-05	      4.80	0	Gaussian	316.872986	42.220560
469	1	  0.002868	  0.001343	     -1.00	    369.01	    315.97	      2.85	      2.59	     49.83	     45.35	3.69	 4.270e-05	      4.80	0	Gaussian	314.364859	41.814963
470	1	  0.002878	  0.001551	     -1.00	    540.25	    610.42	      2.70	      2.40	     47.25	     42.00	44.00	 8.203e-05	      4.81	0	Gaussian	315.988887	42.884645
471	1	  0.002842	  0.001335	     -1.00	     73.76	    544.00	      2.89	      2.74	     50.57	     47.97	-59.93	 2.312e-05	      4.81	0	Gaussian	312.987558	43.260105
472	1	  0.002915	  0.001613	     -1.00	    683.27	    609.35	      2.61	      2.40	     45.62	     41.95	40.88	 1.525e-04	      4.82	0	Gaussian	316.852564	42.659059
473	1	  0.002874	  0.001467	     -1.00	    228.11	    608.99	      2.56	      2.55	     44.75	     44.71	-8.19	 9.321e-05	      4.83	0	Gaussian	314.069708	43.338499
474	1	  0.002889	  0.001573	     -1.00	    243.45	    445.36	      2.61	      2.44	     45.73	     42.70	23.53	 4.649e-05	      4.83	0	Gaussian	313.848905	42.577813
475	1	  0.002964	  0.001553	     -1.00	    789.28	    105.26	      2.62	      2.38	     45.93	     41.74	42.12	 2.910e-04	      4.83	0	Gaussian	316.441839	40.246734
476	1	  0.002822	  0.000491	     -1.00	    129.88	    640.76	      7.07	      2.78	    123.72	     48.58	-31.91	 4.041e-05	      4.84	0	Gaussian	313.520300	43.620616
477	1	  0.002862	  0.001290	     -1.00	    791.89	     62.21	      2.93	      2.75	     51.24	     48.15	-9.82	 5.007e-05	      4.84	0	Gaussian	316.370713	40.050570
478	1	  0.002842	  0.001548	     -1.00	    146.35	    140.68	      2.65	      2.44	     46.30	     42.75	7.29	 2.785e-05	      4.84	0	Gaussian	312.694246	41.330889
479	1	  0.002877	  0.001489	     -1.00	    163.27	    400.37	      2.70	      2.43	     47.18	     42.54	27.03	 4.658e-05	      4.84	0	Gaussian	313.272372	42.486100
480	1	  0.002847	  0.001505	     -1.00	    397.63	    414.71	      2.66	      2.49	     46.56	     43.66	13.64	 2.817e-05	      4.85	0	Gaussian	314.729460	42.218605
481	1	  0.002921	  0.001521	     -1.00	    788.22	    638.43	      2.65	      2.40	     46.34	     41.93	44.21	 1.074e-04	      4.85	0	Gaussian	317.545355	42.622272
482	1	  0.002862	  0.001423	     -1.00	    172.98	    564.92	      2.67	      2.62	     46.78	     45.86	40.70	 5.268e-05	      4.85	0	Gaussian	313.643097	43.217393
483	1	  0.002902	  0.000624	     -1.00	    777.22	    763.95	      5.26	      3.08	     92.04	     53.89	-40.68	 6.606e-05	      4.86	0	Gaussian	317.751782	43.196336
484	1	  0.002852	  0.000406	     -1.00	     62.12	     79.54	      8.81	      2.99	    154.27	     52.30	9.49	 5.381e-05	      4.87	0	Gaussian	312.077016	41.164825
485	1	  0.002847	  0.001153	     -1.00	    445.76	    709.53	      3.09	      2.85	     54.06	     49.80	16.36	 4.423e-05	      4.87	0	Gaussian	315.614889	43.471343
486	1	  0.002892	  0.000768	     -1.00	    666.66	    746.61	      3.71	      3.67	     64.95	     64.27	-71.35	 1.153e-04	      4.87	0	Gaussian	317.044167	43.295915
487	1	  0.002870	  0.001351	     -1.00	    415.79	    628.01	      2.66	      2.66	     46.56	     46.52	-77.40	 4.319e-05	      4.88	0	Gaussian	315.264536	43.150765
488	1	  0.002865	  0.001325	     -1.00	    136.87	     32.11	      2.68	      2.66	     46.92	     46.56	-2.50	 4.304e-05	      4.88	0	Gaussian	312.444026	40.850134
489	1	  0.002905	  0.001416	     -1.00	    710.59	    211.79	      2.65	      2.51	     46.39	     43.98	15.73	 7.617e-05	      4.89	0	Gaussian	316.195719	40.842484
490	1	  0.002910	  0.001391	     -1.00	    306.86	    773.33	      2.72	      2.45	     47.52	     42.86	-5.59	 3.721e-05	      4.89	0	Gaussian	314.884918	43.964226
491	1	  0.002867	  0.001410	     -1.00	    606.22	    685.36	      2.70	      2.48	     47.31	     43.35	33.61	 5.209e-05	      4.89	0	Gaussian	316.546338	43.117884
492	1	  0.002870	  0.001466	     -1.00	    355.54	    163.31	      2.62	      2.49	     45.92	     43.52	19.98	 4.359e-05	      4.89	0	Gaussian	313.993981	41.144903
493	1	  0.002884	  0.000333	     -1.00	     24.54	    623.02	      9.48	      2.92	    165.86	     51.10	37.81	 3.861e-05	      4.89	0	Gaussian	312.827895	43.685535
494	1	  0.002847	  0.001407	     -1.00	    151.38	    649.92	      2.63	      2.58	     45.96	     45.16	0.03	 8.837e-05	      4.90	0	Gaussian	313.672043	43.631887
495	1	  0.002895	  0.001456	     -1.00	    636.77	    548.83	      2.61	      2.47	     45.71	     43.18	48.65	 1.386e-04	      4.90	0	Gaussian	316.445566	42.461471
496	1	  0.002915	  0.001388	     -1.00	    163.06	    311.66	      2.92	      2.42	     51.12	     42.44	4.07	 1.737e-04	      4.91	0	Gaussian	313.106599	42.084294
497	1	  0.002875	  0.000849	     -1.00	     50.66	    754.99	      4.18	      2.65	     73.10	     46.41	31.53	 9.442e-05	      4.92	0	Gaussian	313.241975	44.247296
498	1	  0.003005	  0.001362	     -1.00	    770.60	    723.68	      2.59	      2.49	     45.39	     43.65	73.15	 3.128e-04	      4.92	0	Gaussian	317.623947	43.028560
499	1	  0.002886	  0.001455	     -1.00	     87.22	    459.48	      2.66	      2.34	     46.49	     40.90	18.91	 1.968e-04	      4.92	0	Gaussian	312.913814	42.858435
500	1	  0.002896	  0.001346	     -1.00	    699.30	    686.99	      2.76	      2.38	     48.34	     41.71	34.42	 1.075e-04	      4.93	0	Gaussian	317.114306	42.979321
501	1	  0.002852	  0.000676	     -1.00	    649.68	    365.90	      3.78	      3.76	     66.13	     65.89	79.22	 3.557e-05	      4.93	0	Gaussian	316.146894	41.624276
502	1	  0.002902	  0.001509	     -1.00	    235.78	    564.57	      2.58	      2.36	     45.11	     41.29	21.00	 1.462e-04	      4.93	0	Gaussian	314.030914	43.127123
503	1	  0.002903	  0.001404	     -1.00	    733.28	    396.52	      2.69	      2.32	     47.09	     40.55	37.68	 6.499e-05	      4.93	0	Gaussian	316.706730	41.632594
504	1	  0.002867	  0.001324	     -1.00	    106.29	    302.69	      2.76	      2.39	     48.30	     41.79	-12.68	 5.919e-05	      4.94	0	Gaussian	312.743389	42.120799
505	1	  0.002832	  0.001391	     -1.00	    142.50	    676.56	      2.68	      2.45	     46.94	     42.87	12.75	 5.391e-05	      4.94	0	Gaussian	313.668001	43.764739
506	1	  0.002880	  0.000790	     -1.00	    669.96	    665.90	      4.08	      2.76	     71.42	     48.26	-48.10	 1.080e-04	      4.94	0	Gaussian	316.891940	42.931690
507	1	  0.002907	  0.001080	     -1.00	    727.90	    782.99	      2.92	      2.91	     51.08	     50.98	-0.27	 7.507e-05	      4.94	0	Gaussian	317.494750	43.359983
508	1	  0.002846	  0.001287	     -1.00	    150.72	    285.17	      2.74	      2.57	     48.03	     45.03	-17.58	 3.193e-05	      4.94	0	Gaussian	312.982649	41.980959
509	1	  0.002878	  0.001203	     -1.00	     39.08	    105.56	      3.12	      2.47	     54.68	     43.27	-1.18	 9.571e-05	      4.95	0	Gaussian	311.983006	41.313565
510	1	  0.002875	  0.000561	     -1.00	    331.26	    536.15	      4.98	      3.14	     87.15	     54.97	-61.28	 1.898e-04	      4.95	0	Gaussian	314.562967	42.861868
511	1	  0.002860	  0.001337	     -1.00	    481.31	    416.57	      2.70	      2.45	     47.28	     42.91	5.39	 3.198e-05	      4.95	0	Gaussian	315.239289	42.104169
512	1	  0.002917	  0.001040	     -1.00	    181.18	    162.95	      3.23	      2.71	     56.59	     47.35	4.45	 2.130e-04	      4.96	0	Gaussian	312.944804	41.384878
513	1	  0.002878	  0.001319	     -1.00	    550.09	    396.69	      2.73	      2.39	     47.82	     41.76	3.94	 4.962e-05	      4.96	0	Gaussian	315.613536	41.912550
514	1	  0.002862	  0.001350	     -1.00	    758.34	    142.81	      2.68	      2.45	     46.86	     42.96	9.60	 5.722e-05	      4.96	0	Gaussian	316.336925	40.461591
515	1	  0.002870	  0.001309	     -1.00	    504.86	    514.32	      2.74	      2.40	     47.88	     42.05	-3.89	 1.599e-04	      4.97	0	Gaussian	315.577730	42.507770
516	1	  0.002860	  0.001382	     -1.00	    189.37	    189.71	      2.62	      2.45	     45.94	     42.88	11.96	 7.642e-05	      4.97	0	Gaussian	313.042977	41.495153
517	1	  0.002857	  0.001254	     -1.00	    179.48	     11.92	      2.67	      2.63	     46.78	     45.99	-2.85	 4.493e-05	      4.97	0	Gaussian	312.663724	40.701437
518	1	  0.002899	  0.001018	     -1.00	    611.16	    427.91	      3.28	      2.58	     57.45	     45.13	39.60	 5.148e-05	      4.98	0	Gaussian	316.042899	41.960269
519	1	  0.002870	  0.001381	     -1.00	    296.54	    556.56	      2.62	      2.42	     45.89	     42.38	23.30	 5.713e-05	      4.98	0	Gaussian	314.389780	43.003977
520	1	  0.002956	  0.001450	     -1.00	    724.56	    381.58	      2.51	      2.38	     43.86	     41.72	10.05	 2.039e-04	      4.98	0	Gaussian	316.624128	41.579455
521	1	  0.002873	  0.000660	     -1.00	    675.43	    778.07	      3.73	      3.72	     65.26	     65.13	-4.53	 1.037e-04	      4.99	0	Gaussian	317.165205	43.421821
522	1	  0.002875	  0.000956	     -1.00	    670.99	    723.85	      3.21	      2.89	     56.22	     50.51	11.26	 5.266e-05	      5.00	0	Gaussian	317.021686	43.187894
523	1	  0.002891	  0.001322	     -1.00	    360.23	    367.32	      2.64	      2.46	     46.22	     42.97	36.97	 1.177e-04	      5.00	0	Gaussian	314.410654	42.059168
524	1	  0.002878	  0.001228	     -1.00	    648.60	     15.38	      2.75	      2.47	     48.09	     43.17	39.44	 5.530e-05	      5.00	0	Gaussian	315.444256	40.055620
525	1	  0.002874	  0.001284	     -1.00	     23.67	    422.86	      2.67	      2.51	     46.70	     43.93	33.68	 7.563e-05	      5.00	0	Gaussian	312.453549	42.777964
526	1	  0.002907	  0.001263	     -1.00	    694.97	     93.31	      2.74	      2.34	     48.02	     40.96	-20.41	 2.241e-04	      5.00	0	Gaussian	315.867808	40.335911
527	1	  0.002856	  0.001279	     -1.00	    544.03	    732.11	      2.49	      2.49	     43.61	     43.54	43.97	 8.754e-05	      5.01	0	Gaussian	316.265035	43.422569
528	1	  0.002919	  0.001290	     -1.00	    741.59	    726.90	      2.63	      2.58	     46.02	     45.13	17.07	 1.179e-04	      5.01	0	Gaussian	317.455850	43.089335
529	1	  0.002856	  0.001191	     -1.00	    730.21	    580.75	      2.75	      2.57	     48.09	     45.05	-3.51	 4.490e-05	      5.01	0	Gaussian	317.074271	42.458068
530	1	  0.002905	  0.001295	     -1.00	    551.93	    610.76	      2.66	      2.41	     46.58	     42.24	53.50	 2.023e-04	      5.02	0	Gaussian	316.060585	42.868366
531	1	  0.002848	  0.000926	     -1.00	    689.95	    120.01	      3.00	      2.88	     52.47	     50.36	3.51	 4.698e-05	      5.02	0	Gaussian	315.891299	40.462987
532	1	  0.002910	  0.000911	     -1.00	    586.25	    485.95	      3.50	      2.83	     61.32	     49.48	14.42	 2.250e-04	      5.02	0	Gaussian	316.011725	42.257833
533	1	  0.002860	  0.001248	     -1.00	    585.52	    733.16	      2.64	      2.58	     46.28	     45.09	22.35	 3.670e-05	      5.02	0	Gaussian	316.521018	43.363078
534	1	  0.002848	  0.001029	     -1.00	     56.11	    596.77	      3.18	      2.70	     55.60	     47.17	-1.31	 2.807e-05	      5.03	0	Gaussian	312.976286	43.523475
535	1	  0.002866	  0.001063	     -1.00	    185.87	     41.41	      3.10	      2.64	     54.24	     46.19	-0.58	 4.888e-05	      5.03	0	Gaussian	312.754466	40.826766
536	1	  0.002866	  0.001200	     -1.00	    412.08	    756.01	      2.57	      2.56	     44.92	     44.89	20.48	 6.257e-05	      5.03	0	Gaussian	315.502712	43.730157
537	1	  0.002876	  0.000286	     -1.00	    661.83	    290.49	     13.22	      2.50	    231.35	     43.82	1.10	 7.085e-05	      5.03	0	Gaussian	316.066380	41.268480
538	1	  0.002882	  0.001032	     -1.00	    238.78	    338.08	      2.86	      2.65	     49.97	     46.39	8.42	 8.840e-05	      5.04	0	Gaussian	313.617259	42.099217
539	1	  0.002887	  0.001174	     -1.00	     30.80	     48.75	      2.73	      2.55	     47.71	     44.61	54.82	 6.208e-05	      5.04	0	Gaussian	311.834314	41.065497
540	1	  0.002889	  0.001247	     -1.00	    350.11	     30.49	      2.70	      2.40	     47.22	     42.00	23.83	 9.389e-05	      5.04	0	Gaussian	313.714715	40.552155
541	1	  0.002912	  0.001204	     -1.00	    420.29	     15.54	      2.65	      2.54	     46.35	     44.50	47.42	 7.700e-05	      5.04	0	Gaussian	314.102961	40.386095
542	1	  0.002896	  0.001265	     -1.00	    649.43	     63.75	      2.60	      2.49	     45.47	     43.57	10.44	 8.931e-05	      5.05	0	Gaussian	315.543268	40.271329
543	1	  0.002914	  0.001131	     -1.00	    773.67	    613.35	      2.66	      2.63	     46.48	     46.10	-14.04	 7.556e-05	      5.05	0	Gaussian	317.404247	42.534150
544	1	  0.002861	  0.001152	     -1.00	    277.44	    504.93	      2.73	      2.45	     47.76	     42.86	3.62	 6.426e-05	      5.06	0	Gaussian	314.171862	42.798565
545	1	  0.002871	  0.001198	     -1.00	    522.82	    541.35	      2.73	      2.44	     47.71	     42.78	3.11	 6.400e-05	      5.06	0	Gaussian	315.741457	42.601898
546	1	  0.002861	  0.001214	     -1.00	    112.47	    362.90	      2.64	      2.55	     46.21	     44.69	7.01	 3.615e-05	      5.06	0	Gaussian	312.891306	42.385822
547	1	  0.002851	  0.001130	     -1.00	    542.85	    510.77	      2.78	      2.55	     48.73	     44.57	60.26	 3.398e-05	      5.06	0	Gaussian	315.800480	42.434711
548	1	  0.002900	  0.001103	     -1.00	    340.19	    582.36	      2.95	      2.59	     51.71	     45.36	-2.04	 7.541e-05	      5.07	0	Gaussian	314.708909	43.056916
549	1	  0.002874	  0.001182	     -1.00	    376.01	    167.47	      2.77	      2.50	     48.51	     43.83	19.62	 5.426e-05	      5.07	0	Gaussian	314.124310	41.134739
550	1	  0.002882	  0.000919	     -1.00	    233.06	    108.95	      3.08	      2.81	     53.94	     49.22	-6.35	 4.836e-05	      5.08	0	Gaussian	313.159230	41.069158
551	1	  0.002867	  0.001163	     -1.00	    455.52	    534.84	      2.67	      2.58	     46.74	     45.10	17.66	 4.723e-05	      5.08	0	Gaussian	315.319420	42.673514
552	1	  0.002853	  0.001099	     -1.00	    160.18	    365.17	      2.81	      2.51	     49.11	     43.90	58.22	 4.680e-05	      5.09	0	Gaussian	313.187926	42.330858
553	1	  0.002863	  0.001036	     -1.00	    153.71	    721.14	      2.85	      2.58	     49.86	     45.09	9.29	 1.307e-04	      5.09	0	Gaussian	313.824596	43.950186
554	1	  0.002908	  0.001269	     -1.00	    171.97	    598.17	      2.66	      2.41	     46.49	     42.17	4.86	 2.984e-04	      5.10	0	Gaussian	313.700577	43.369098
555	1	  0.002870	  0.001111	     -1.00	    580.19	     99.38	      2.77	      2.49	     48.41	     43.50	21.24	 7.154e-05	      5.10	0	Gaussian	315.206048	40.533361
556	1	  0.002913	  0.001303	     -1.00	     91.02	    210.40	      2.63	      2.35	     46.12	     41.18	6.60	 2.976e-04	      5.10	0	Gaussian	312.483686	41.721950
557	1	  0.002852	  0.001077	     -1.00	    199.07	    696.24	      2.84	      2.50	     49.70	     43.79	2.49	 9.140e-05	      5.10	0	Gaussian	314.059506	43.773477
558	1	  0.002927	  0.001186	     -1.00	    287.60	    764.42	      2.62	      2.46	     45.85	     43.13	12.26	 1.162e-04	      5.10	0	Gaussian	314.746935	43.952485
559	1	  0.002869	  0.000555	     -1.00	    492.98	    571.68	      5.34	      2.62	     93.45	     45.94	-32.72	 8.324e-05	      5.11	0	Gaussian	315.621941	42.782753
560	1	  0.002904	  0.000955	     -1.00	    720.18	    672.27	      3.13	      2.62	     54.87	     45.88	14.81	 6.844e-05	      5.11	0	Gaussian	317.208899	42.880811
561	1	  0.002899	  0.001087	     -1.00	    788.65	    684.22	      2.75	      2.47	     48.16	     43.16	-5.92	 9.248e-05	      5.12	0	Gaussian	317.646959	42.824623
562	1	  0.002874	  0.001105	     -1.00	    208.22	    163.29	      2.77	      2.41	     48.52	     42.14	38.65	 6.494e-05	      5.12	0	Gaussian	313.108648	41.349553
563	1	  0.002889	  0.000577	     -1.00	    443.37	    405.20	      5.06	      2.46	     88.59	     43.10	-5.23	 5.916e-05	      5.12	0	Gaussian	314.987680	42.109001
564	1	  0.002871	  0.001067	     -1.00	     29.01	    114.58	      2.95	      2.47	     51.60	     43.16	2.93	 6.004e-05	      5.12	0	Gaussian	311.937702	41.367799
565	1	  0.002876	  0.001052	     -1.00	    254.99	    457.14	      2.81	      2.49	     49.10	     43.60	3.48	 4.432e-05	      5.12	0	Gaussian	313.942141	42.614738
566	1	  0.002870	  0.000710	     -1.00	    360.57	    263.48	      4.42	      2.52	     77.31	     44.09	-6.30	 8.207e-05	      5.13	0	Gaussian	314.213574	41.590177
567	1	  0.002937	  0.001236	     -1.00	    458.42	    548.64	      2.51	      2.41	     43.96	     42.17	18.17	 2.917e-04	      5.14	0	Gaussian	315.364885	42.731125
568	1	  0.002951	  0.001172	     -1.00	    712.67	    658.74	      2.59	      2.40	     45.41	     42.03	13.99	 1.128e-04	      5.14	0	Gaussian	317.134661	42.832564
569	1	  0.002850	  0.001047	     -1.00	    158.69	    271.34	      2.79	      2.51	     48.91	     44.02	-17.41	 3.226e-05	      5.14	0	Gaussian	313.005912	41.907352
570	1	  0.002874	  0.001094	     -1.00	     14.25	    565.40	      2.76	      2.37	     48.31	     41.53	35.07	 7.740e-05	      5.15	0	Gaussian	312.656333	43.438059
571	1	  0.002859	  0.001083	     -1.00	    174.41	    611.31	      2.79	      2.31	     48.89	     40.44	30.20	 5.947e-05	      5.15	0	Gaussian	313.741026	43.425073
572	1	  0.002885	  0.000688	     -1.00	    219.57	    601.78	      3.40	      3.38	     59.52	     59.21	11.91	 1.426e-04	      5.15	0	Gaussian	314.002775	43.318101
573	1	  0.002858	  0.001125	     -1.00	    263.69	    353.45	      2.70	      2.44	     47.31	     42.65	6.70	 3.237e-05	      5.15	0	Gaussian	313.797876	42.133802
574	1	  0.002872	  0.000758	     -1.00	    235.65	    400.85	      3.22	      3.08	     56.37	     53.88	25.18	 8.102e-05	      5.15	0	Gaussian	313.716576	42.387552
575	1	  0.002867	  0.001032	     -1.00	    549.19	    142.37	      2.79	      2.52	     48.78	     44.03	40.18	 4.582e-05	      5.15	0	Gaussian	315.106447	40.772010
576	1	  0.002862	  0.001022	     -1.00	    194.88	    477.53	      2.86	      2.35	     50.01	     41.07	-13.59	 3.803e-05	      5.16	0	Gaussian	313.611831	42.791497
577	1	  0.002931	  0.001034	     -1.00	    773.23	     68.03	      2.71	      2.54	     47.51	     44.48	60.41	 2.239e-04	      5.16	0	Gaussian	316.273929	40.104908
578	1	  0.002861	  0.000970	     -1.00	    224.72	    152.56	      2.84	      2.57	     49.74	     45.02	32.91	 3.895e-05	      5.17	0	Gaussian	313.188580	41.278289
579	1	  0.002868	  0.000779	     -1.00	    609.16	    778.87	      3.62	      2.55	     63.43	     44.66	16.81	 9.473e-05	      5.17	0	Gaussian	316.762582	43.529810
580	1	  0.002897	  0.001011	     -1.00	     93.89	    629.29	      2.80	      2.45	     48.93	     42.83	-36.65	 1.314e-04	      5.18	0	Gaussian	313.273707	43.618771
581	1	  0.002911	  0.000775	     -1.00	    568.99	    648.35	      3.49	      2.81	     61.15	     49.24	-22.29	 1.221e-04	      5.18	0	Gaussian	316.242309	43.010232
582	1	  0.002864	  0.000960	     -1.00	    511.46	     28.78	      2.97	      2.63	     51.99	     46.08	12.28	 6.517e-05	      5.19	0	Gaussian	314.665873	40.315761
583	1	  0.002925	  0.001158	     -1.00	    126.63	    506.44	      2.61	      2.32	     45.70	     40.66	7.40	 2.406e-04	      5.19	0	Gaussian	313.245178	43.017246
584	1	  0.002847	  0.001025	     -1.00	    493.37	    471.86	      2.73	      2.59	     47.71	     45.29	13.27	 3.013e-05	      5.19	0	Gaussian	315.422627	42.334517
585	1	  0.002959	  0.001174	     -1.00	    623.75	    408.58	      2.57	      2.30	     45.06	     40.27	28.23	 1.189e-04	      5.19	0	Gaussian	316.078914	41.854665
586	1	  0.002892	  0.001056	     -1.00	    340.63	     27.90	      2.64	      2.57	     46.15	     44.99	31.36	 1.080e-04	      5.19	0	Gaussian	313.653620	40.553625
587	1	  0.002856	  0.000900	     -1.00	    722.00	    330.75	      3.13	      2.66	     54.79	     46.58	10.21	 2.475e-05	      5.19	0	Gaussian	316.504471	41.356559
588	1	  0.002861	  0.001022	     -1.00	    746.44	     13.14	      2.72	      2.58	     47.63	     45.11	15.20	 7.300e-05	      5.20	0	Gaussian	316.009434	39.899914
589	1	  0.002881	  0.000944	     -1.00	    372.35	    715.04	      2.77	      2.67	     48.47	     46.72	26.02	 6.406e-05	      5.20	0	Gaussian	315.173279	43.605848
590	1	  0.002846	  0.000979	     -1.00	    493.97	    738.33	      2.85	      2.44	     49.84	     42.77	-23.87	 5.829e-05	      5.20	0	Gaussian	315.970963	43.527105
591	1	  0.002889	  0.001056	     -1.00	     28.20	    412.51	      2.73	      2.34	     47.81	     40.89	21.83	 1.091e-04	      5.21	0	Gaussian	312.462800	42.724870
592	1	  0.002859	  0.000966	     -1.00	    124.63	    116.62	      2.84	      2.44	     49.68	     42.73	-12.38	 6.623e-05	      5.21	0	Gaussian	312.520086	41.250668
593	1	  0.002938	  0.000752	     -1.00	     24.37	    576.13	      3.08	      2.93	     53.94	     51.37	28.75	 3.562e-04	      5.21	0	Gaussian	312.739490	43.473055
594	1	  0.002865	  0.000981	     -1.00	    328.25	    346.92	      2.73	      2.61	     47.73	     45.62	-16.63	 6.850e-05	      5.22	0	Gaussian	314.177600	42.012873
595	1	  0.002894	  0.000937	     -1.00	    644.83	    404.42	      2.84	      2.44	     49.64	     42.79	35.04	 4.829e-05	      5.22	0	Gaussian	316.196432	41.803918
596	1	  0.002908	  0.000416	     -1.00	    624.10	    459.54	      6.64	      2.70	    116.18	     47.23	18.03	 1.402e-04	      5.22	0	Gaussian	316.185123	42.082026
597	1	  0.002900	  0.000834	     -1.00	    647.94	    789.56	      3.03	      2.73	     53.05	     47.75	-3.34	 5.360e-05	      5.22	0	Gaussian	317.022387	43.516363
598	1	  0.002887	  0.000791	     -1.00	    591.86	    781.09	      2.83	      2.83	     49.58	     49.56	-16.59	 8.917e-05	      5.22	0	Gaussian	316.661473	43.566768
599	1	  0.002900	  0.000852	     -1.00	    700.17	    362.82	      2.96	      2.71	     51.88	     47.35	-14.51	 6.088e-05	      5.23	0	Gaussian	316.440821	41.533315
600	1	  0.002876	  0.000968	     -1.00	    574.10	    445.77	      2.80	      2.46	     48.98	     43.06	8.40	 3.691e-05	      5.23	0	Gaussian	315.856817	42.096374
601	1	  0.002843	  0.000937	     -1.00	    275.84	    337.10	      2.84	      2.55	     49.74	     44.71	-44.41	 3.530e-05	      5.23	0	Gaussian	313.840866	42.042791
602	1	  0.002877	  0.000764	     -1.00	    707.89	    193.27	      3.30	      2.90	     57.82	     50.76	18.85	 5.585e-05	      5.23	0	Gaussian	316.142612	40.763786
603	1	  0.002841	  0.000984	     -1.00	    330.29	    507.75	      2.75	      2.57	     48.05	     44.96	-2.41	 2.718e-05	      5.23	0	Gaussian	314.501287	42.735339
604	1	  0.002843	  0.000987	     -1.00	    222.60	    645.87	      2.70	      2.63	     47.17	     45.95	13.99	 8.482e-05	      5.23	0	Gaussian	314.107466	43.512720
605	1	  0.002862	  0.000868	     -1.00	    761.78	    332.94	      3.17	      2.64	     55.56	     46.26	0.94	 4.697e-05	      5.23	0	Gaussian	316.744103	41.304944
606	1	  0.002864	  0.001076	     -1.00	    538.58	    320.72	      2.63	      2.46	     45.99	     42.99	23.00	 3.468e-05	      5.24	0	Gaussian	315.393063	41.588887
607	1	  0.002846	  0.000994	     -1.00	    109.44	    707.45	      2.75	      2.50	     48.18	     43.79	12.55	 2.551e-05	      5.24	0	Gaussian	313.520566	43.950629
608	1	  0.002886	  0.000961	     -1.00	    629.43	      9.12	      2.71	      2.61	     47.48	     45.68	16.86	 9.238e-05	      5.24	0	Gaussian	315.320176	40.055756
609	1	  0.002880	  0.000896	     -1.00	    573.14	    635.52	      2.87	      2.52	     50.16	     44.05	-29.63	 6.220e-05	      5.24	0	Gaussian	316.240837	42.946558
610	1	  0.002847	  0.000952	     -1.00	    119.14	    599.27	      2.82	      2.47	     49.39	     43.25	40.51	 7.365e-05	      5.24	0	Gaussian	313.374139	43.447912
611	1	  0.002865	  0.000993	     -1.00	     74.27	    719.77	      2.73	      2.49	     47.74	     43.67	7.84	 4.414e-05	      5.24	0	Gaussian	313.323266	44.055288
612	1	  0.002861	  0.000955	     -1.00	    293.17	    172.92	      2.75	      2.59	     48.13	     45.37	-33.28	 3.205e-05	      5.25	0	Gaussian	313.637890	41.275876
613	1	  0.002867	  0.000978	     -1.00	    727.35	    343.86	      2.72	      2.54	     47.69	     44.46	14.38	 4.241e-05	      5.25	0	Gaussian	316.563062	41.406819
614	1	  0.002887	  0.001094	     -1.00	    220.37	    655.25	      2.56	      2.45	     44.78	     42.91	19.69	 3.612e-04	      5.25	0	Gaussian	314.111934	43.558211
615	1	  0.002861	  0.000956	     -1.00	    374.51	    517.83	      2.71	      2.61	     47.47	     45.66	11.43	 3.176e-05	      5.25	0	Gaussian	314.791513	42.716500
616	1	  0.002864	  0.000919	     -1.00	    646.65	    150.03	      2.76	      2.67	     48.30	     46.71	-7.55	 4.324e-05	      5.25	0	Gaussian	315.696435	40.662285
617	1	  0.002875	  0.000540	     -1.00	    317.70	    702.47	      4.34	      3.01	     76.02	     52.61	-22.04	 2.653e-05	      5.26	0	Gaussian	314.809619	43.629985
618	1	  0.002904	  0.000839	     -1.00	    773.92	    635.40	      3.14	      2.62	     55.03	     45.80	-1.95	 9.069e-05	      5.26	0	Gaussian	317.453089	42.631650
619	1	  0.002906	  0.000961	     -1.00	    698.68	    728.13	      2.67	      2.59	     46.75	     45.27	-29.71	 8.697e-05	      5.26	0	Gaussian	317.198792	43.163117
620	1	  0.002827	  0.000863	     -1.00	    219.71	    705.97	      2.83	      2.78	     49.51	     48.65	-28.31	 5.720e-05	      5.27	0	Gaussian	314.207332	43.787792
621	1	  0.002873	  0.001007	     -1.00	    601.31	    607.50	      2.71	      2.38	     47.50	     41.57	21.22	 3.712e-05	      5.27	0	Gaussian	316.353447	42.778070
622	1	  0.002870	  0.000844	     -1.00	    368.77	    753.94	      3.04	      2.66	     53.28	     46.61	8.24	 4.010e-05	      5.27	0	Gaussian	315.230309	43.785657
623	1	  0.002873	  0.000952	     -1.00	    665.12	    226.49	      2.78	      2.42	     48.60	     42.36	4.65	 5.698e-05	      5.27	0	Gaussian	315.957255	40.977079
624	1	  0.002912	  0.000694	     -1.00	    647.05	    512.25	      3.76	      2.58	     65.81	     45.12	-14.30	 1.702e-04	      5.28	0	Gaussian	316.431476	42.282308
625	1	  0.002879	  0.000891	     -1.00	    546.18	    621.45	      2.81	      2.55	     49.12	     44.67	57.78	 9.186e-05	      5.28	0	Gaussian	316.047730	42.924933
626	1	  0.002822	  0.000887	     -1.00	    122.23	    731.92	      2.82	      2.68	     49.30	     46.84	-24.68	 3.067e-05	      5.28	0	Gaussian	313.648143	44.043245
627	1	  0.002871	  0.000769	     -1.00	    756.16	     85.45	      3.15	      2.89	     55.19	     50.57	20.95	 1.820e-04	      5.28	0	Gaussian	316.209353	40.208571
628	1	  0.002891	  0.000930	     -1.00	    478.95	     25.22	      2.79	      2.42	     48.89	     42.36	-39.79	 1.145e-04	      5.28	0	Gaussian	314.467548	40.346360
629	1	  0.002851	  0.000908	     -1.00	     22.81	    544.52	      2.84	      2.44	     49.71	     42.66	-1.22	 3.239e-05	      5.28	0	Gaussian	312.671152	43.331748
630	1	  0.002900	  0.000660	     -1.00	    715.59	    345.99	      3.43	      2.97	     59.96	     51.97	1.21	 9.094e-05	      5.28	0	Gaussian	316.497741	41.434468
631	1	  0.002851	  0.000697	     -1.00	    338.19	    522.80	      3.59	      2.81	     62.78	     49.10	-5.08	 3.878e-05	      5.28	0	Gaussian	314.579170	42.791690
632	1	  0.002910	  0.000948	     -1.00	    571.60	    655.01	      2.59	      2.58	     45.41	     45.19	48.82	 1.173e-04	      5.29	0	Gaussian	316.272090	43.035925
633	1	  0.002850	  0.000908	     -1.00	    474.16	    510.46	      2.84	      2.40	     49.67	     41.97	28.73	 3.282e-05	      5.29	0	Gaussian	315.383710	42.536378
634	1	  0.002857	  0.000866	     -1.00	    611.07	    298.83	      2.88	      2.49	     50.33	     43.52	-22.57	 4.198e-05	      5.30	0	Gaussian	315.781750	41.382415
635	1	  0.002866	  0.000783	     -1.00	    580.10	    282.08	      2.82	      2.82	     49.42	     49.30	4.08	 5.135e-05	      5.30	0	Gaussian	315.564091	41.353705
636	1	  0.002933	  0.000981	     -1.00	    688.28	    777.10	      2.60	      2.51	     45.46	     43.85	57.43	 1.823e-04	      5.30	0	Gaussian	317.241250	43.397105
637	1	  0.002852	  0.000888	     -1.00	    354.02	    530.73	      2.88	      2.34	     50.35	     41.03	-14.64	 3.316e-05	      5.30	0	Gaussian	314.691722	42.804426
638	1	  0.002871	  0.000917	     -1.00	    462.56	    449.99	      2.68	      2.63	     46.91	     45.95	29.65	 7.924e-05	      5.30	0	Gaussian	315.192438	42.282054
639	1	  0.002864	  0.000872	     -1.00	    440.85	    364.47	      2.86	      2.43	     50.11	     42.48	-10.01	 3.583e-05	      5.31	0	Gaussian	314.892402	41.929467
640	1	  0.002888	  0.000815	     -1.00	    469.99	    285.93	      2.88	      2.61	     50.40	     45.62	2.77	 8.535e-05	      5.31	0	Gaussian	314.914040	41.533491
641	1	  0.002876	  0.000884	     -1.00	    497.19	    411.18	      2.75	      2.60	     48.18	     45.56	40.71	 1.151e-04	      5.32	0	Gaussian	315.324342	42.056459
642	1	  0.002879	  0.000836	     -1.00	    600.98	    556.01	      2.76	      2.55	     48.26	     44.66	4.38	 5.157e-05	      5.32	0	Gaussian	316.244582	42.548583
643	1	  0.002882	  0.000730	     -1.00	    403.13	    380.36	      3.39	      2.70	     59.32	     47.17	11.14	 6.292e-05	      5.32	0	Gaussian	314.695656	42.055952
644	1	  0.002871	  0.000798	     -1.00	    398.75	     48.15	      2.93	      2.53	     51.22	     44.26	-35.51	 4.408e-05	      5.32	0	Gaussian	314.036170	40.563716
645	1	  0.002862	  0.000907	     -1.00	    619.58	    555.41	      2.77	      2.48	     48.44	     43.44	-2.77	 3.215e-05	      5.32	0	Gaussian	316.355619	42.517325
646	1	  0.002879	  0.000957	     -1.00	    773.26	    473.77	      2.68	      2.44	     46.83	     42.77	6.66	 5.377e-05	      5.33	0	Gaussian	317.105381	41.914315
647	1	  0.002915	  0.000860	     -1.00	    730.25	    654.06	      2.79	      2.47	     48.83	     43.30	72.65	 1.011e-04	      5.33	0	Gaussian	317.230653	42.783941
648	1	  0.002872	  0.000350	     -1.00	    793.14	    780.64	      6.79	      2.75	    118.76	     48.14	4.37	 3.480e-05	      5.33	0	Gaussian	317.884514	43.244441
649	1	  0.002882	  0.000938	     -1.00	    269.60	     47.35	      2.69	      2.45	     47.14	     42.87	-4.47	 9.629e-05	      5.34	0	Gaussian	313.266045	40.739829
650	1	  0.002882	  0.000916	     -1.00	    132.36	    405.87	      2.69	      2.50	     47.17	     43.83	-11.11	 8.590e-05	      5.34	0	Gaussian	313.092733	42.553566
651	1	  0.002863	  0.000791	     -1.00	    292.00	    114.28	      3.15	      2.60	     55.15	     45.55	0.60	 3.163e-05	      5.35	0	Gaussian	313.522441	41.012090
652	1	  0.002900	  0.000863	     -1.00	    343.68	    612.13	      2.72	      2.59	     47.58	     45.38	-16.34	 9.470e-05	      5.35	0	Gaussian	314.789516	43.185781
653	1	  0.002874	  0.000350	     -1.00	    455.39	    184.18	      6.12	      2.91	    107.21	     50.95	80.94	 1.456e-04	      5.35	0	Gaussian	314.630098	41.096563
654	1	  0.002863	  0.000827	     -1.00	    165.17	    493.94	      2.81	      2.60	     49.26	     45.44	-28.94	 1.089e-04	      5.35	0	Gaussian	313.459828	42.907241
655	1	  0.002877	  0.000862	     -1.00	    727.10	    246.24	      2.81	      2.38	     49.26	     41.64	61.84	 5.623e-05	      5.36	0	Gaussian	316.362437	40.971295
656	1	  0.002842	  0.000808	     -1.00	    200.18	    191.21	      2.91	      2.47	     50.86	     43.21	48.42	 3.761e-05	      5.36	0	Gaussian	313.111081	41.487154
657	1	  0.002890	  0.000775	     -1.00	    352.91	    771.88	      2.94	      2.65	     51.52	     46.30	-8.50	 6.800e-05	      5.36	0	Gaussian	315.168469	43.889693
658	1	  0.002884	  0.000846	     -1.00	    160.05	    454.18	      2.79	      2.47	     48.76	     43.27	-1.87	 1.985e-04	      5.36	0	Gaussian	313.353305	42.734339
659	1	  0.002916	  0.000868	     -1.00	    730.56	    369.07	      2.69	      2.56	     47.00	     44.75	-12.10	 7.893e-05	      5.36	0	Gaussian	316.633906	41.514357
660	1	  0.002860	  0.000402	     -1.00	     24.25	    345.62	      4.98	      3.12	     87.25	     54.68	-36.21	 4.149e-05	      5.36	0	Gaussian	312.317568	42.425982
661	1	  0.002861	  0.000526	     -1.00	    600.04	    297.84	      4.17	      2.96	     73.00	     51.86	-49.11	 8.082e-05	      5.37	0	Gaussian	315.714172	41.394545
662	1	  0.002858	  0.000859	     -1.00	    664.22	     25.59	      2.82	      2.37	     49.42	     41.45	10.73	 3.805e-05	      5.37	0	Gaussian	315.555294	40.078303
663	1	  0.002943	  0.000548	     -1.00	    697.60	    780.16	      4.13	      2.92	     72.22	     51.09	66.46	 2.838e-04	      5.37	0	Gaussian	317.304563	43.395842
664	1	  0.002855	  0.000902	     -1.00	    214.68	    362.69	      2.74	      2.42	     47.90	     42.32	15.02	 5.417e-05	      5.37	0	Gaussian	313.516539	42.244209
665	1	  0.002898	  0.000949	     -1.00	     75.68	    270.79	      2.62	      2.43	     45.80	     42.49	27.22	 1.267e-04	      5.37	0	Gaussian	312.498512	42.017054
666	1	  0.002837	  0.000832	     -1.00	    198.77	    514.30	      2.86	      2.44	     50.04	     42.79	-5.53	 2.989e-05	      5.38	0	Gaussian	313.705797	42.952339
667	1	  0.002897	  0.000869	     -1.00	     88.78	    334.77	      2.73	      2.45	     47.84	     42.81	24.52	 6.254e-05	      5.38	0	Gaussian	312.694487	42.290173
668	1	  0.002852	  0.000513	     -1.00	    275.71	    429.70	      4.95	      2.51	     86.60	     43.87	3.84	 5.030e-05	      5.38	0	Gaussian	314.016330	42.461418
669	1	  0.002888	  0.000758	     -1.00	    745.97	    699.74	      3.08	      2.62	     53.87	     45.90	2.91	 8.585e-05	      5.39	0	Gaussian	317.423586	42.961811
670	1	  0.002918	  0.000905	     -1.00	    770.62	    529.74	      2.63	      2.46	     45.99	     43.06	62.48	 9.269e-05	      5.39	0	Gaussian	317.207881	42.167455
671	1	  0.002885	  0.000619	     -1.00	    764.84	    185.73	      3.04	      2.93	     53.17	     51.20	32.18	 1.193e-04	      5.39	0	Gaussian	316.461470	40.643370
672	1	  0.002845	  0.000808	     -1.00	    557.14	    233.85	      2.89	      2.38	     50.53	     41.69	-15.88	 3.438e-05	      5.39	0	Gaussian	315.332208	41.171302
673	1	  0.002824	  0.000727	     -1.00	     99.00	    767.83	      3.19	      2.71	     55.88	     47.40	0.86	 2.103e-05	      5.39	0	Gaussian	313.571592	44.237994
674	1	  0.002839	  0.000849	     -1.00	    153.27	    543.24	      2.79	      2.49	     48.79	     43.62	30.88	 3.467e-05	      5.40	0	Gaussian	313.479680	43.146916
675	1	  0.002844	  0.000860	     -1.00	    635.52	    262.85	      2.71	      2.58	     47.42	     45.11	22.86	 2.964e-05	      5.40	0	Gaussian	315.854956	41.184478
676	1	  0.002878	  0.000745	     -1.00	    765.33	    761.24	      2.76	      2.75	     48.36	     48.20	54.28	 5.677e-05	      5.40	0	Gaussian	317.674015	43.203501
677	1	  0.002889	  0.000719	     -1.00	    686.14	    390.20	      3.15	      2.72	     55.09	     47.55	14.91	 7.657e-05	      5.40	0	Gaussian	316.413571	41.677143
678	1	  0.002853	  0.000846	     -1.00	    740.40	     52.89	      2.75	      2.53	     48.08	     44.37	3.85	 5.573e-05	      5.40	0	Gaussian	316.052888	40.086804
679	1	  0.002850	  0.000841	     -1.00	     81.24	    617.92	      2.72	      2.60	     47.69	     45.52	-25.42	 8.083e-05	      5.40	0	Gaussian	313.173093	43.584778
680	1	  0.002857	  0.000779	     -1.00	    227.85	    375.04	      2.84	      2.64	     49.73	     46.20	-41.85	 5.699e-05	      5.40	0	Gaussian	313.620152	42.281699
681	1	  0.002857	  0.000427	     -1.00	    633.89	    121.45	      5.15	      2.87	     90.13	     50.25	-3.74	 3.618e-05	      5.40	0	Gaussian	315.565111	40.553142
682	1	  0.002839	  0.000492	     -1.00	    353.73	    458.18	      3.61	      3.54	     63.13	     61.94	-82.84	 2.813e-05	      5.41	0	Gaussian	314.547549	42.478088
683	1	  0.002900	  0.000831	     -1.00	     36.91	    413.92	      2.80	      2.45	     49.03	     42.80	0.55	 1.267e-04	      5.41	0	Gaussian	312.519176	42.719589
684	1	  0.002873	  0.000839	     -1.00	    434.65	    176.29	      2.74	      2.50	     47.97	     43.81	-5.71	 4.098e-05	      5.41	0	Gaussian	314.491302	41.090842
685	1	  0.002891	  0.000771	     -1.00	    655.66	    139.85	      2.91	      2.58	     50.86	     45.12	-0.66	 9.275e-05	      5.41	0	Gaussian	315.729311	40.603189
686	1	  0.002856	  0.000722	     -1.00	    538.21	    695.03	      2.92	      2.66	     51.03	     46.55	42.86	 3.697e-05	      5.42	0	Gaussian	316.151886	43.265963
687	1	  0.002884	  0.000826	     -1.00	    513.22	      6.90	      2.75	      2.49	     48.14	     43.60	-22.41	 5.558e-05	      5.42	0	Gaussian	314.634763	40.214719
688	1	  0.002874	  0.000635	     -1.00	    180.25	    461.95	      3.31	      2.89	     58.02	     50.55	15.10	 9.010e-05	      5.42	0	Gaussian	313.492326	42.741448
689	1	  0.002853	  0.000436	     -1.00	    737.01	    318.30	      4.52	      2.91	     79.06	     50.93	-37.84	 2.382e-05	      5.42	0	Gaussian	316.567718	41.277873
690	1	  0.002882	  0.000442	     -1.00	    404.54	    391.59	      5.52	      2.37	     96.55	     41.54	6.47	 8.604e-05	      5.43	0	Gaussian	314.726100	42.104468
691	1	  0.002909	  0.000858	     -1.00	    522.12	    298.83	      2.68	      2.44	     46.90	     42.74	-20.41	 1.632e-04	      5.43	0	Gaussian	315.251401	41.514933
692	1	  0.002847	  0.000774	     -1.00	     78.88	    742.24	      2.88	      2.46	     50.40	     43.14	-43.10	 3.143e-05	      5.43	0	Gaussian	313.395449	44.150463
693	1	  0.002891	  0.000800	     -1.00	    555.67	    468.04	      2.73	      2.59	     47.82	     45.41	-26.88	 6.606e-05	      5.43	0	Gaussian	315.791047	42.223943
694	1	  0.002846	  0.000831	     -1.00	    155.30	    708.80	      2.73	      2.56	     47.75	     44.86	-12.71	 1.133e-04	      5.43	0	Gaussian	313.810533	43.892244
695	1	  0.002860	  0.000801	     -1.00	    207.72	    140.85	      2.79	      2.50	     48.89	     43.81	52.47	 4.238e-05	      5.43	0	Gaussian	313.064837	41.248436
696	1	  0.002852	  0.000757	     -1.00	    528.04	    112.88	      2.88	      2.51	     50.42	     43.89	-44.56	 4.257e-05	      5.44	0	Gaussian	314.924395	40.670293
697	1	  0.002859	  0.000716	     -1.00	     52.05	    426.40	      3.20	      2.60	     56.04	     45.55	0.48	 3.464e-05	      5.44	0	Gaussian	312.635525	42.755926
698	1	  0.002946	  0.000850	     -1.00	    286.74	    772.73	      2.69	      2.28	     47.12	     39.97	27.66	 1.475e-04	      5.45	0	Gaussian	314.758341	43.991051
699	1	  0.002894	  0.000779	     -1.00	    412.37	    564.53	      2.79	      2.45	     48.82	     42.96	6.35	 4.927e-05	      5.45	0	Gaussian	315.115784	42.870805
700	1	  0.002860	  0.000668	     -1.00	    211.03	     83.49	      3.04	      2.77	     53.21	     48.44	6.96	 3.546e-05	      5.45	0	Gaussian	312.980874	40.983707
701	1	  0.002904	  0.000913	     -1.00	    692.74	    593.63	      2.59	      2.35	     45.28	     41.14	22.54	 1.232e-04	      5.46	0	Gaussian	316.876352	42.574219
702	1	  0.002890	  0.000775	     -1.00	    549.79	    482.50	      2.79	      2.46	     48.91	     43.07	-25.83	 5.992e-05	      5.46	0	Gaussian	315.784961	42.297586
703	1	  0.002850	  0.000565	     -1.00	     27.32	     76.21	      3.71	      3.02	     65.01	     52.81	-7.72	 3.475e-05	      5.46	0	Gaussian	311.860777	41.195210
704	1	  0.002872	  0.000778	     -1.00	    745.22	    540.37	      2.80	      2.46	     49.01	     43.04	31.71	 5.393e-05	      5.46	0	Gaussian	317.078669	42.254746
705	1	  0.002880	  0.000755	     -1.00	    763.00	    384.14	      2.87	      2.52	     50.27	     44.05	3.60	 6.856e-05	      5.46	0	Gaussian	316.857260	41.531238
706	1	  0.002869	  0.000726	     -1.00	    125.55	    229.08	      2.82	      2.68	     49.33	     46.86	6.37	 3.531e-05	      5.46	0	Gaussian	312.727337	41.760463
707	1	  0.002870	  0.000787	     -1.00	     92.34	    678.67	      2.77	      2.48	     48.41	     43.46	16.16	 5.582e-05	      5.46	0	Gaussian	313.358080	43.844320
708	1	  0.002887	  0.000592	     -1.00	    766.72	    710.72	      4.15	      2.38	     72.61	     41.74	2.94	 1.189e-04	      5.47	0	Gaussian	317.572464	42.977345
709	1	  0.002858	  0.000753	     -1.00	    160.87	    657.67	      2.78	      2.63	     48.60	     45.96	15.19	 1.564e-04	      5.47	0	Gaussian	313.746162	43.653540
710	1	  0.002837	  0.000750	     -1.00	    779.26	    125.11	      2.80	      2.64	     49.09	     46.29	30.88	 3.007e-05	      5.47	0	Gaussian	316.423411	40.350630
711	1	  0.002877	  0.000756	     -1.00	    436.30	    662.61	      2.81	      2.48	     49.10	     43.43	16.31	 7.189e-05	      5.48	0	Gaussian	315.460675	43.275338
712	1	  0.002871	  0.000688	     -1.00	    669.96	    179.68	      3.12	      2.63	     54.69	     46.03	19.87	 6.312e-05	      5.48	0	Gaussian	315.892380	40.760189
713	1	  0.002861	  0.000764	     -1.00	    687.18	    210.48	      2.87	      2.27	     50.15	     39.67	12.33	 3.530e-05	      5.48	0	Gaussian	316.055263	40.872094
714	1	  0.002861	  0.000819	     -1.00	    691.41	    555.33	      2.70	      2.49	     47.24	     43.51	24.35	 5.511e-05	      5.48	0	Gaussian	316.787775	42.405670
715	1	  0.002876	  0.000614	     -1.00	    749.00	    441.38	      3.17	      2.83	     55.53	     49.59	-7.50	 3.593e-05	      5.48	0	Gaussian	316.893324	41.808095
716	1	  0.002853	  0.000744	     -1.00	    602.51	    313.72	      2.78	      2.63	     48.60	     46.06	13.86	 3.064e-05	      5.49	0	Gaussian	315.760661	41.461977
717	1	  0.002846	  0.000745	     -1.00	    348.68	    421.23	      2.82	      2.55	     49.38	     44.59	-31.40	 2.536e-05	      5.49	0	Gaussian	314.444888	42.318823
718	1	  0.002889	  0.000664	     -1.00	    434.37	    574.11	      2.96	      2.44	     51.89	     42.75	43.17	 1.152e-04	      5.49	0	Gaussian	315.269497	42.881258
719	1	  0.002924	  0.000044	     -1.00	    340.47	    718.94	     16.38	      7.61	    286.79	    133.28	17.01	 3.420e-05	      5.49	0	Gaussian	314.983837	43.670503
720	1	  0.002849	  0.000720	     -1.00	    512.11	    632.95	      2.87	      2.54	     50.23	     44.47	-38.76	 6.107e-05	      5.49	0	Gaussian	315.863915	43.028224
721	1	  0.002879	  0.000734	     -1.00	    476.34	    137.87	      2.86	      2.32	     50.12	     40.66	7.28	 8.929e-05	      5.50	0	Gaussian	314.666050	40.857700
722	1	  0.002858	  0.000665	     -1.00	     35.85	    474.12	      2.93	      2.67	     51.24	     46.78	-16.64	 3.899e-05	      5.50	0	Gaussian	312.622653	42.994507
723	1	  0.002862	  0.000758	     -1.00	     41.73	    549.20	      2.80	      2.48	     49.03	     43.34	-21.10	 4.092e-05	      5.50	0	Gaussian	312.797778	43.327334
724	1	  0.002890	  0.000733	     -1.00	    764.41	    554.55	      2.78	      2.54	     48.69	     44.42	-26.32	 6.587e-05	      5.50	0	Gaussian	317.223412	42.287552
725	1	  0.002873	  0.000834	     -1.00	    787.44	    207.65	      2.65	      2.45	     46.37	     42.85	11.44	 1.013e-04	      5.50	0	Gaussian	316.638255	40.706493
726	1	  0.002860	  0.000770	     -1.00	    512.74	     43.76	      2.76	      2.47	     48.36	     43.24	22.29	 5.221e-05	      5.51	0	Gaussian	314.701810	40.381367
727	1	  0.002875	  0.000718	     -1.00	    634.71	    560.23	      2.79	      2.62	     48.91	     45.93	-16.40	 7.533e-05	      5.51	0	Gaussian	316.456872	42.515523
728	1	  0.002886	  0.000710	     -1.00	    607.82	    566.62	      3.13	      2.52	     54.80	     44.03	0.24	 7.419e-05	      5.51	0	Gaussian	316.307861	42.585506
729	1	  0.002867	  0.000652	     -1.00	    465.70	      6.96	      2.99	      2.70	     52.36	     47.32	-6.42	 3.309e-05	      5.51	0	Gaussian	314.355065	40.282984
730	1	  0.002869	  0.000690	     -1.00	     83.96	     10.43	      3.09	      2.55	     54.10	     44.71	-2.85	 5.147e-05	      5.52	0	Gaussian	312.088181	40.821502
731	1	  0.002896	  0.000763	     -1.00	    261.66	     56.83	      2.73	      2.45	     47.82	     42.82	20.82	 1.071e-04	      5.52	0	Gaussian	313.235877	40.793699
732	1	  0.002875	  0.000719	     -1.00	    610.43	    167.28	      2.82	      2.46	     49.38	     43.14	15.24	 4.347e-05	      5.52	0	Gaussian	315.516951	40.793553
733	1	  0.002861	  0.000690	     -1.00	    673.21	    697.20	      2.94	      2.25	     51.50	     39.47	18.33	 3.749e-05	      5.53	0	Gaussian	316.978202	43.065875
734	1	  0.002895	  0.000801	     -1.00	    602.64	    785.65	      2.67	      2.41	     46.65	     42.26	22.30	 1.152e-04	      5.53	0	Gaussian	316.737190	43.570226
735	1	  0.002886	  0.000601	     -1.00	    357.21	    606.68	      3.11	      2.91	     54.43	     51.00	-33.00	 6.285e-05	      5.53	0	Gaussian	314.861874	43.141432
736	1	  0.002877	  0.000702	     -1.00	    638.94	    101.04	      2.70	      2.50	     47.18	     43.81	-1.02	 7.282e-05	      5.53	0	Gaussian	315.554744	40.454113
737	1	  0.002885	  0.000770	     -1.00	    555.81	    411.79	      2.73	      2.40	     47.83	     42.04	27.44	 3.752e-05	      5.53	0	Gaussian	315.678252	41.971661
738	1	  0.002885	  0.000726	     -1.00	     69.25	    367.42	      2.82	      2.35	     49.42	     41.19	23.57	 9.259e-05	      5.53	0	Gaussian	312.633930	42.464845
739	1	  0.002884	  0.000794	     -1.00	    463.05	    294.58	      2.70	      2.32	     47.28	     40.63	0.88	 1.023e-04	      5.53	0	Gaussian	314.889327	41.582547
740	1	  0.002882	  0.000564	     -1.00	    589.20	    444.22	      3.56	      2.67	     62.27	     46.68	6.17	 3.822e-05	      5.54	0	Gaussian	315.944401	42.066609
741	1	  0.002887	  0.000759	     -1.00	    327.64	    196.82	      2.72	      2.45	     47.64	     42.95	26.16	 8.152e-05	      5.54	0	Gaussian	313.889551	41.335688
742	1	  0.002827	  0.000687	     -1.00	    122.55	    690.24	      2.92	      2.48	     51.10	     43.45	-1.59	 3.105e-05	      5.54	0	Gaussian	313.569601	43.854528
743	1	  0.002875	  0.000802	     -1.00	    429.41	    582.54	      2.67	      2.39	     46.75	     41.90	15.69	 1.040e-04	      5.54	0	Gaussian	315.256160	42.926450
744	1	  0.002891	  0.000721	     -1.00	    390.10	    596.59	      2.83	      2.29	     49.57	     40.10	9.17	 5.712e-05	      5.54	0	Gaussian	315.043696	43.047724
745	1	  0.002909	  0.000749	     -1.00	    623.44	    394.45	      2.71	      2.42	     47.47	     42.39	13.40	 9.202e-05	      5.54	0	Gaussian	316.048339	41.791892
746	1	  0.002857	  0.000716	     -1.00	    260.10	    476.76	      2.85	      2.36	     49.94	     41.32	-4.81	 2.898e-05	      5.54	0	Gaussian	314.011093	42.696122
747	1	  0.002892	  0.000761	     -1.00	    336.61	    621.26	      2.69	      2.47	     47.14	     43.21	-2.87	 9.051e-05	      5.54	0	Gaussian	314.764150	43.237188
748	1	  0.002867	  0.000741	     -1.00	    246.48	    476.40	      2.75	      2.48	     48.17	     43.39	14.55	 2.373e-05	      5.54	0	Gaussian	313.926850	42.713783
749	1	  0.002869	  0.000710	     -1.00	    311.47	    252.86	      2.82	      2.47	     49.38	     43.28	-12.94	 7.090e-05	      5.55	0	Gaussian	313.897503	41.611786
750	1	  0.002867	  0.000748	     -1.00	    242.34	    494.90	      2.72	      2.53	     47.64	     44.33	-4.58	 4.257e-05	      5.55	0	Gaussian	313.936959	42.803221
751	1	  0.002888	  0.000481	     -1.00	    605.46	    709.99	      3.84	      2.86	     67.17	     50.09	21.63	 5.914e-05	      5.55	0	Gaussian	316.593706	43.228853
752	1	  0.002925	  0.000726	     -1.00	    679.37	    666.75	      2.52	      2.48	     44.04	     43.43	28.52	 1.402e-04	      5.55	0	Gaussian	316.950653	42.920681
753	1	  0.002899	  0.000738	     -1.00	    736.79	    265.39	      2.80	      2.25	     48.93	     39.46	-13.12	 1.090e-04	      5.55	0	Gaussian	316.458415	41.042022
754	1	  0.002875	  0.000655	     -1.00	    688.76	    263.54	      3.51	      2.27	     61.36	     39.73	7.30	 6.567e-05	      5.55	0	Gaussian	316.171301	41.107041
755	1	  0.002841	  0.000592	     -1.00	    454.03	    691.94	      3.27	      2.85	     57.18	     49.88	-8.06	 3.651e-05	      5.55	0	Gaussian	315.629577	43.380131
756	1	  0.002840	  0.000625	     -1.00	    110.09	    487.02	      2.97	      2.67	     51.92	     46.73	82.24	 2.935e-05	      5.56	0	Gaussian	313.106486	42.952016
757	1	  0.002910	  0.000410	     -1.00	    363.21	    769.85	      4.52	      2.63	     79.08	     46.02	1.81	 1.006e-04	      5.56	0	Gaussian	315.228291	43.865269
758	1	  0.002863	  0.000462	     -1.00	    706.78	    308.12	      3.56	      3.17	     62.38	     55.44	-7.13	 4.487e-05	      5.56	0	Gaussian	316.368236	41.278843
759	1	  0.002846	  0.000333	     -1.00	    180.10	    349.71	      5.07	      2.82	     88.65	     49.35	-48.43	 4.001e-05	      5.56	0	Gaussian	313.281062	42.233348
760	1	  0.002832	  0.000647	     -1.00	    219.96	    687.59	      3.14	      2.64	     54.95	     46.25	-3.51	 5.079e-05	      5.56	0	Gaussian	314.172746	43.704596
761	1	  0.002842	  0.000554	     -1.00	     39.87	    455.04	      3.38	      2.87	     59.21	     50.28	2.27	 3.112e-05	      5.57	0	Gaussian	312.612600	42.902408
762	1	  0.002928	  0.000590	     -1.00	    684.36	    346.71	      3.35	      2.41	     58.69	     42.11	33.65	 2.137e-04	      5.57	0	Gaussian	316.313989	41.485582
763	1	  0.002888	  0.000263	     -1.00	    697.92	    287.29	      7.03	      2.61	    123.08	     45.60	-9.72	 8.435e-05	      5.57	0	Gaussian	316.273494	41.199320
764	1	  0.002865	  0.000713	     -1.00	    637.41	    349.76	      2.80	      2.42	     48.94	     42.31	6.82	 4.836e-05	      5.57	0	Gaussian	316.041050	41.570726
765	1	  0.002898	  0.000589	     -1.00	    628.11	    164.77	      3.48	      2.58	     60.85	     45.10	11.21	 9.285e-05	      5.57	0	Gaussian	315.616338	40.756017
766	1	  0.002846	  0.000604	     -1.00	    143.86	    339.91	      2.96	      2.77	     51.77	     48.41	-58.42	 3.892e-05	      5.57	0	Gaussian	313.041369	42.238676
767	1	  0.002844	  0.000705	     -1.00	    205.53	    307.74	      2.83	      2.42	     49.51	     42.42	14.78	 2.144e-05	      5.58	0	Gaussian	313.358155	42.008039
768	1	  0.002870	  0.000688	     -1.00	    325.43	     69.13	      2.83	      2.46	     49.47	     43.11	10.96	 3.606e-05	      5.58	0	Gaussian	313.639033	40.761268
769	1	  0.002890	  0.000717	     -1.00	    156.74	    321.56	      2.78	      2.35	     48.62	     41.06	12.79	 1.049e-04	      5.58	0	Gaussian	313.086268	42.137821
770	1	  0.002857	  0.000738	     -1.00	    601.49	     66.79	      2.74	      2.45	     47.92	     42.86	9.86	 3.752e-05	      5.58	0	Gaussian	315.268165	40.355722
771	1	  0.002868	  0.000687	     -1.00	     98.45	    659.31	      2.81	      2.50	     49.26	     43.69	8.69	 4.900e-05	      5.58	0	Gaussian	313.359384	43.748301
772	1	  0.002865	  0.000716	     -1.00	    210.69	     34.75	      2.77	      2.45	     48.53	     42.93	14.06	 4.020e-05	      5.58	0	Gaussian	312.891186	40.762998
773	1	  0.002862	  0.000487	     -1.00	    233.08	     69.56	      4.26	      2.56	     74.58	     44.81	-9.03	 3.517e-05	      5.58	0	Gaussian	313.087931	40.890479
774	1	  0.002881	  0.000715	     -1.00	    780.57	    214.76	      2.72	      2.53	     47.54	     44.20	15.73	 1.024e-04	      5.58	0	Gaussian	316.612521	40.748785
775	1	  0.002863	  0.000696	     -1.00	    395.45	    432.62	      2.85	      2.30	     49.80	     40.27	19.44	 5.506e-05	      5.58	0	Gaussian	314.751306	42.302436
776	1	  0.002890	  0.000637	     -1.00	    402.86	    614.31	      3.10	      2.55	     54.23	     44.68	5.41	 5.006e-05	      5.58	0	Gaussian	315.157577	43.108436
777	1	  0.002862	  0.000646	     -1.00	    686.07	    181.64	      3.22	      2.55	     56.29	     44.69	4.06	 3.892e-05	      5.58	0	Gaussian	315.991072	40.744709
778	1	  0.002887	  0.000739	     -1.00	    735.78	    228.82	      2.70	      2.38	     47.27	     41.72	32.55	 6.665e-05	      5.60	0	Gaussian	316.378190	40.880207
779	1	  0.002875	  0.000682	     -1.00	    740.59	    551.13	      2.78	      2.51	     48.65	     43.92	-4.03	 5.298e-05	      5.60	0	Gaussian	317.073694	42.309921
780	1	  0.002864	  0.000710	     -1.00	    652.31	    607.46	      2.79	      2.34	     48.91	     40.98	24.93	 4.688e-05	      5.60	0	Gaussian	316.661814	42.698921
781	1	  0.002862	  0.000628	     -1.00	     60.96	    548.44	      3.13	      2.58	     54.78	     45.20	0.94	 3.889e-05	      5.60	0	Gaussian	312.916166	43.297741
782	1	  0.002877	  0.000695	     -1.00	     59.33	    763.25	      2.78	      2.40	     48.74	     41.94	9.96	 9.802e-05	      5.61	0	Gaussian	313.312553	44.272597
783	1	  0.002890	  0.000760	     -1.00	    703.71	    620.43	      2.66	      2.35	     46.60	     41.14	-0.81	 7.812e-05	      5.61	0	Gaussian	316.999102	42.676290
784	1	  0.002854	  0.000644	     -1.00	    355.55	     72.08	      2.84	      2.63	     49.78	     45.97	-13.87	 2.775e-05	      5.61	0	Gaussian	313.823906	40.732605
785	1	  0.002856	  0.000636	     -1.00	    326.27	    356.01	      2.86	      2.63	     50.03	     45.95	64.84	 9.299e-05	      5.61	0	Gaussian	314.182977	42.056769
786	1	  0.002849	  0.000434	     -1.00	    223.89	     30.71	      3.75	      3.16	     65.60	     55.34	18.17	 2.288e-05	      5.61	0	Gaussian	312.962882	40.726785
787	1	  0.002889	  0.000685	     -1.00	    608.26	    338.94	      2.74	      2.50	     48.03	     43.80	-10.42	 1.788e-04	      5.62	0	Gaussian	315.845531	41.566367
788	1	  0.002899	  0.000747	     -1.00	    355.80	    188.50	      2.69	      2.29	     47.05	     40.08	1.66	 1.108e-04	      5.62	0	Gaussian	314.042904	41.258366
789	1	  0.002868	  0.000703	     -1.00	    671.72	    377.51	      2.72	      2.51	     47.55	     43.87	7.12	 5.380e-05	      5.62	0	Gaussian	316.301773	41.642567
790	1	  0.002887	  0.000314	     -1.00	    427.91	    330.65	      4.97	      3.16	     87.00	     55.39	-70.18	 5.069e-05	      5.62	0	Gaussian	314.748369	41.796087
791	1	  0.002875	  0.000575	     -1.00	    532.09	    545.12	      3.27	      2.73	     57.20	     47.80	-0.66	 9.795e-05	      5.62	0	Gaussian	315.805373	42.604796
792	1	  0.002848	  0.000555	     -1.00	    193.78	    742.97	      3.42	      2.66	     59.88	     46.60	5.55	 1.909e-05	      5.62	0	Gaussian	314.118265	43.991676
793	1	  0.002879	  0.000711	     -1.00	    454.54	    390.22	      2.73	      2.39	     47.85	     41.81	6.50	 4.796e-05	      5.62	0	Gaussian	315.025615	42.025245
794	1	  0.002872	  0.000707	     -1.00	    584.28	    117.81	      2.72	      2.46	     47.57	     43.10	-7.78	 4.449e-05	      5.62	0	Gaussian	315.265930	40.610176
795	1	  0.002902	  0.000597	     -1.00	    704.01	    743.20	      3.30	      2.57	     57.76	     44.90	14.17	 8.496e-05	      5.62	0	Gaussian	317.263601	43.221588
796	1	  0.002920	  0.000562	     -1.00	    348.02	    748.45	      3.33	      2.64	     58.27	     46.18	0.30	 5.616e-05	      5.62	0	Gaussian	315.090445	43.791824
797	1	  0.002875	  0.000561	     -1.00	    164.29	    791.30	      2.93	      2.78	     51.20	     48.61	32.96	 3.901e-05	      5.62	0	Gaussian	314.028488	44.251569
798	1	  0.002858	  0.000616	     -1.00	    274.14	    193.32	      2.93	      2.45	     51.21	     42.93	31.36	 3.390e-05	      5.63	0	Gaussian	313.561205	41.394719
799	1	  0.002852	  0.000633	     -1.00	    535.95	    739.07	      2.83	      2.66	     49.61	     46.64	-73.82	 1.325e-04	      5.63	0	Gaussian	316.230150	43.466059
800	1	  0.002827	  0.000612	     -1.00	    150.53	    630.02	      2.94	      2.63	     51.44	     46.01	-0.08	 3.421e-05	      5.63	0	Gaussian	313.628475	43.543167
801	1	  0.002845	  0.000637	     -1.00	    479.15	    478.60	      2.93	      2.31	     51.32	     40.43	4.09	 2.890e-05	      5.63	0	Gaussian	315.350016	42.385922
802	1	  0.002920	  0.000587	     -1.00	    725.77	    641.32	      2.83	      2.62	     49.62	     45.91	-40.79	 7.372e-05	      5.63	0	Gaussian	317.176435	42.734425
803	1	  0.002840	  0.000650	     -1.00	    140.85	    716.37	      2.87	      2.47	     50.24	     43.30	-15.57	 8.366e-05	      5.64	0	Gaussian	313.734709	43.946817
804	1	  0.002896	  0.000667	     -1.00	    709.13	    441.12	      2.80	      2.35	     48.96	     41.12	65.25	 7.868e-05	      5.64	0	Gaussian	316.655517	41.868936
805	1	  0.002849	  0.000615	     -1.00	    117.76	    428.11	      2.88	      2.62	     50.49	     45.84	-33.05	 4.002e-05	      5.64	0	Gaussian	313.044160	42.674451
806	1	  0.002865	  0.000304	     -1.00	    737.78	    413.45	      5.45	      2.86	     95.48	     50.00	14.71	 3.594e-05	      5.64	0	Gaussian	316.768534	41.701121
807	1	  0.002921	  0.000234	     -1.00	    612.45	    668.92	      5.60	      4.76	     98.03	     83.32	-11.47	 1.326e-04	      5.64	0	Gaussian	316.549605	43.034895
808	1	  0.002875	  0.000699	     -1.00	    743.31	    512.65	      2.74	      2.38	     47.88	     41.62	-6.99	 3.464e-05	      5.64	0	Gaussian	317.008795	42.134421
809	1	  0.002866	  0.000737	     -1.00	    239.47	    658.34	      2.67	      2.37	     46.71	     41.44	13.50	 3.011e-04	      5.65	0	Gaussian	314.236638	43.544787
810	1	  0.002935	  0.000647	     -1.00	    328.85	    776.25	      3.00	      2.41	     52.59	     42.11	0.11	 8.038e-05	      5.65	0	Gaussian	315.027739	43.944926
811	1	  0.002856	  0.000703	     -1.00	    521.34	    194.60	      2.74	      2.36	     48.01	     41.36	-0.23	 3.110e-05	      5.65	0	Gaussian	315.042741	41.047581
812	1	  0.002892	  0.000297	     -1.00	    690.71	    281.92	      6.62	      2.59	    115.84	     45.42	-71.30	 7.133e-05	      5.65	0	Gaussian	316.220020	41.186264
813	1	  0.002850	  0.000651	     -1.00	    791.42	    377.85	      2.81	      2.52	     49.13	     44.06	21.36	 2.726e-05	      5.65	0	Gaussian	317.012242	41.458889
814	1	  0.002885	  0.000685	     -1.00	    327.42	    187.40	      2.72	      2.46	     47.53	     43.10	21.58	 8.484e-05	      5.65	0	Gaussian	313.870559	41.293400
815	1	  0.002875	  0.000630	     -1.00	    365.34	    351.53	      2.85	      2.37	     49.90	     41.49	-22.55	 4.622e-05	      5.65	0	Gaussian	314.411112	41.980593
816	1	  0.002847	  0.000401	     -1.00	    431.09	    691.68	      4.05	      2.88	     70.97	     50.43	-25.71	 2.519e-05	      5.66	0	Gaussian	315.487996	43.413446
817	1	  0.002856	  0.000592	     -1.00	    521.98	    638.34	      3.11	      2.64	     54.51	     46.12	-0.21	 4.898e-05	      5.66	0	Gaussian	315.935186	43.037331
818	1	  0.002955	  0.000734	     -1.00	    401.12	    560.73	      2.62	      2.25	     45.89	     39.42	-4.35	 6.696e-04	      5.66	0	Gaussian	315.039421	42.870361
819	1	  0.002927	  0.000704	     -1.00	    785.64	    490.66	      2.60	      2.44	     45.57	     42.73	48.98	 1.813e-04	      5.67	0	Gaussian	317.214660	41.969966
820	1	  0.002857	  0.000316	     -1.00	    762.61	    694.19	      4.10	      3.70	     71.68	     64.72	-42.20	 5.840e-05	      5.67	0	Gaussian	317.511875	42.910616
821	1	  0.002848	  0.000527	     -1.00	    100.18	    502.71	      3.51	      2.77	     61.44	     48.45	6.36	 2.269e-05	      5.67	0	Gaussian	313.074462	43.036746
822	1	  0.002893	  0.000657	     -1.00	    275.10	    634.74	      2.82	      2.21	     49.34	     38.60	-0.84	 1.281e-04	      5.67	0	Gaussian	314.411064	43.387188
823	1	  0.002878	  0.000654	     -1.00	    477.83	    330.35	      2.80	      2.34	     48.97	     40.90	-15.79	 3.590e-05	      5.67	0	Gaussian	315.047964	41.721817
824	1	  0.002897	  0.000626	     -1.00	    358.15	    759.09	      2.84	      2.49	     49.76	     43.54	-3.60	 9.028e-05	      5.68	0	Gaussian	315.174896	43.824533
825	1	  0.002928	  0.000392	     -1.00	    574.99	    426.80	      4.69	      2.44	     82.13	     42.76	0.64	 2.006e-04	      5.68	0	Gaussian	315.823750	42.010076
826	1	  0.002865	  0.000511	     -1.00	    573.15	    585.35	      3.52	      2.67	     61.53	     46.79	8.19	 6.363e-05	      5.68	0	Gaussian	316.136883	42.722355
827	1	  0.002875	  0.000640	     -1.00	    218.28	    581.94	      2.74	      2.58	     47.91	     45.17	-28.07	 9.563e-05	      5.68	0	Gaussian	313.956367	43.230381
828	1	  0.002858	  0.000605	     -1.00	    363.45	    105.20	      2.88	      2.46	     50.42	     43.14	21.62	 2.238e-05	      5.68	0	Gaussian	313.932553	40.871186
829	1	  0.002870	  0.000571	     -1.00	    747.84	    294.98	      2.86	      2.70	     50.13	     47.24	14.93	 5.878e-05	      5.68	0	Gaussian	316.583889	41.157129
830	1	  0.002863	  0.000635	     -1.00	    729.32	    118.03	      2.75	      2.59	     48.11	     45.35	0.38	 5.411e-05	      5.69	0	Gaussian	316.117701	40.394838
831	1	  0.002857	  0.000612	     -1.00	     76.16	    500.43	      2.91	      2.27	     50.90	     39.67	36.33	 5.764e-05	      5.69	0	Gaussian	312.921274	43.059260
832	1	  0.002887	  0.000334	     -1.00	    609.51	    482.76	      5.48	      2.47	     95.89	     43.15	9.87	 1.226e-04	      5.69	0	Gaussian	316.145120	42.208129
833	1	  0.002874	  0.000629	     -1.00	    367.60	    535.12	      2.76	      2.56	     48.35	     44.80	0.68	 4.354e-05	      5.69	0	Gaussian	314.783510	42.804369
834	1	  0.002835	  0.000558	     -1.00	    229.95	    201.20	      3.21	      2.67	     56.15	     46.72	-3.56	 1.505e-05	      5.69	0	Gaussian	313.309263	41.491591
835	1	  0.002846	  0.000632	     -1.00	    547.58	    747.75	      2.82	      2.45	     49.27	     42.93	8.31	 3.159e-05	      5.70	0	Gaussian	316.319642	43.486889
836	1	  0.002874	  0.000280	     -1.00	     61.44	    205.16	      5.38	      3.23	     94.14	     56.49	-38.31	 3.723e-05	      5.70	0	Gaussian	312.294228	41.737543
837	1	  0.002845	  0.000608	     -1.00	    485.95	    217.82	      2.87	      2.43	     50.27	     42.58	44.39	 2.523e-05	      5.70	0	Gaussian	314.877101	41.203732
838	1	  0.002866	  0.000541	     -1.00	    643.96	    202.73	      3.14	      2.68	     54.98	     46.82	6.87	 3.731e-05	      5.70	0	Gaussian	315.784947	40.902467
839	1	  0.002866	  0.000626	     -1.00	    372.77	    255.61	      2.83	      2.33	     49.58	     40.76	4.55	 3.934e-05	      5.71	0	Gaussian	314.271999	41.537250
840	1	  0.002855	  0.000417	     -1.00	    397.92	    305.12	      4.06	      2.51	     71.04	     43.96	5.63	 2.564e-05	      5.71	0	Gaussian	314.518305	41.724464
841	1	  0.002841	  0.000632	     -1.00	    740.62	    113.71	      2.77	      2.52	     48.52	     44.05	5.39	 3.916e-05	      5.72	0	Gaussian	316.175128	40.358419
842	1	  0.002853	  0.000592	     -1.00	    267.56	    679.75	      2.83	      2.59	     49.50	     45.26	4.76	 3.480e-05	      5.72	0	Gaussian	314.453291	43.600786
843	1	  0.002904	  0.000610	     -1.00	    622.70	    438.54	      2.79	      2.34	     48.81	     41.03	48.66	 5.622e-05	      5.72	0	Gaussian	316.133768	41.990243
844	1	  0.002868	  0.000590	     -1.00	     63.38	    157.56	      2.89	      2.24	     50.61	     39.18	-0.40	 2.864e-05	      5.73	0	Gaussian	312.221711	41.518322
845	1	  0.002856	  0.000597	     -1.00	     57.86	    519.82	      2.84	      2.46	     49.68	     43.10	17.60	 6.639e-05	      5.73	0	Gaussian	312.843675	43.172130
846	1	  0.002870	  0.000582	     -1.00	    180.42	    183.45	      2.87	      2.36	     50.21	     41.23	37.59	 1.440e-04	      5.73	0	Gaussian	312.977418	41.478951
847	1	  0.002841	  0.000622	     -1.00	    525.61	    621.23	      2.83	      2.37	     49.49	     41.51	-2.22	 3.010e-05	      5.73	0	Gaussian	315.922070	42.955282
848	1	  0.002848	  0.000504	     -1.00	    781.64	     49.99	      3.03	      2.59	     53.01	     45.40	-57.96	 6.175e-05	      5.73	0	Gaussian	316.286800	40.011556
849	1	  0.002864	  0.000564	     -1.00	    495.41	    290.95	      3.07	      2.60	     53.73	     45.60	4.35	 3.049e-05	      5.74	0	Gaussian	315.076131	41.518863
850	1	  0.002865	  0.000488	     -1.00	     60.19	    137.23	      3.49	      2.68	     61.05	     46.84	-7.02	 2.370e-05	      5.74	0	Gaussian	312.166468	41.430012
851	1	  0.002891	  0.000583	     -1.00	    571.68	    463.60	      2.79	      2.51	     48.88	     44.01	9.88	 6.432e-05	      5.74	0	Gaussian	315.878492	42.179901
852	1	  0.002869	  0.000523	     -1.00	    283.63	    221.06	      2.99	      2.43	     52.39	     42.55	-49.85	 5.562e-05	      5.74	0	Gaussian	313.670021	41.507018
853	1	  0.002905	  0.000627	     -1.00	    196.43	    456.99	      2.64	      2.54	     46.13	     44.53	2.22	 1.969e-04	      5.75	0	Gaussian	313.582412	42.696408
854	1	  0.002900	  0.000382	     -1.00	    778.59	    113.52	      3.55	      3.33	     62.17	     58.21	28.00	 1.754e-04	      5.75	0	Gaussian	316.396173	40.299919
855	1	  0.002851	  0.000591	     -1.00	     79.37	    556.85	      2.83	      2.45	     49.61	     42.96	-14.60	 2.090e-05	      5.75	0	Gaussian	313.046516	43.310661
856	1	  0.002882	  0.000576	     -1.00	    753.72	    774.63	      2.88	      2.21	     50.46	     38.69	15.31	 5.197e-05	      5.75	0	Gaussian	317.633014	43.281484
857	1	  0.002903	  0.000666	     -1.00	    349.77	    181.48	      2.68	      2.24	     46.94	     39.18	-20.82	 1.105e-04	      5.75	0	Gaussian	313.993605	41.235168
858	1	  0.002857	  0.000616	     -1.00	    376.45	     56.82	      2.79	      2.37	     48.87	     41.54	13.81	 3.151e-05	      5.75	0	Gaussian	313.919866	40.634284
859	1	  0.002876	  0.000503	     -1.00	    442.80	    575.07	      3.31	      2.64	     58.00	     46.18	3.48	 1.004e-04	      5.76	0	Gaussian	315.322944	42.873000
860	1	  0.002861	  0.000307	     -1.00	    390.04	     34.26	      4.52	      3.04	     79.04	     53.25	67.03	 3.374e-05	      5.76	0	Gaussian	313.958641	40.513255
861	1	  0.002870	  0.000598	     -1.00	    282.80	    461.34	      2.81	      2.35	     49.25	     41.20	-12.34	 1.330e-04	      5.76	0	Gaussian	314.120493	42.594211
862	1	  0.002885	  0.000632	     -1.00	    177.37	    215.62	      2.74	      2.29	     47.95	     40.01	3.54	 2.237e-04	      5.77	0	Gaussian	313.017574	41.629072
863	1	  0.002842	  0.000520	     -1.00	    159.26	    175.06	      3.02	      2.42	     52.84	     42.32	46.04	 2.930e-05	      5.77	0	Gaussian	312.834211	41.469585
864	1	  0.002858	  0.000555	     -1.00	    773.41	    279.24	      2.92	      2.34	     51.09	     40.88	24.92	 2.872e-05	      5.77	0	Gaussian	316.702213	41.047482
865	1	  0.002873	  0.000537	     -1.00	     16.33	    145.37	      2.96	      2.20	     51.83	     38.45	26.47	 4.856e-05	      5.77	0	Gaussian	311.914347	41.524678
866	1	  0.002858	  0.000469	     -1.00	    681.47	    135.82	      3.50	      2.85	     61.22	     49.87	-5.31	 4.404e-05	      5.77	0	Gaussian	315.872893	40.546499
867	1	  0.002880	  0.000621	     -1.00	    740.20	     27.92	      2.71	      2.43	     47.44	     42.53	-3.31	 1.847e-04	      5.78	0	Gaussian	316.002347	39.975406
868	1	  0.002853	  0.000598	     -1.00	     50.42	    476.46	      2.82	      2.30	     49.39	     40.28	-0.63	 2.907e-05	      5.78	0	Gaussian	312.717337	42.985475
869	1	  0.002950	  0.000542	     -1.00	    632.36	    404.23	      2.75	      2.53	     48.06	     44.22	45.22	 1.478e-04	      5.78	0	Gaussian	316.121527	41.822107
870	1	  0.002888	  0.000461	     -1.00	    347.90	     50.49	      3.65	      2.54	     63.90	     44.52	29.47	 1.313e-04	      5.78	0	Gaussian	313.738460	40.645635
871	1	  0.002869	  0.000477	     -1.00	    667.14	    464.34	      3.28	      2.75	     57.40	     48.17	11.33	 6.198e-05	      5.78	0	Gaussian	316.452801	42.037439
872	1	  0.002860	  0.000578	     -1.00	    164.28	    253.42	      2.87	      2.24	     50.32	     39.27	20.73	 3.349e-05	      5.78	0	Gaussian	313.007122	41.818431
873	1	  0.002860	  0.000509	     -1.00	    142.21	    330.18	      3.27	      2.60	     57.31	     45.49	-1.10	 8.246e-05	      5.79	0	Gaussian	313.013339	42.196818
874	1	  0.002852	  0.000599	     -1.00	    351.54	    495.66	      2.77	      2.45	     48.40	     42.92	6.70	 4.309e-05	      5.79	0	Gaussian	314.607568	42.650078
875	1	  0.002859	  0.000509	     -1.00	    251.92	    322.03	      2.98	      2.68	     52.19	     46.83	-0.24	 7.677e-05	      5.80	0	Gaussian	313.667072	42.008187
876	1	  0.002897	  0.000588	     -1.00	    696.29	    500.88	      2.72	      2.41	     47.65	     42.11	-4.04	 8.034e-05	      5.80	0	Gaussian	316.703100	42.155402
877	1	  0.002886	  0.000578	     -1.00	     84.19	    626.30	      2.84	      2.13	     49.77	     37.32	35.67	 1.449e-04	      5.80	0	Gaussian	313.207418	43.618636
878	1	  0.002851	  0.000467	     -1.00	     12.00	    159.89	      3.27	      2.82	     57.17	     49.29	-0.67	 1.746e-05	      5.80	0	Gaussian	311.913391	41.596500
879	1	  0.002900	  0.000404	     -1.00	    606.14	    380.16	      3.76	      2.63	     65.83	     46.09	5.91	 6.228e-05	      5.80	0	Gaussian	315.915996	41.754156
880	1	  0.002866	  0.000538	     -1.00	    597.66	    191.10	      2.82	      2.61	     49.31	     45.70	-9.16	 2.883e-05	      5.81	0	Gaussian	315.488367	40.919415
881	1	  0.002933	  0.000493	     -1.00	    767.71	    602.15	      3.36	      2.43	     58.80	     42.62	22.18	 2.772e-04	      5.81	0	Gaussian	317.344560	42.493871
882	1	  0.002871	  0.000497	     -1.00	    381.12	    684.68	      3.12	      2.64	     54.65	     46.28	-1.95	 2.513e-05	      5.81	0	Gaussian	315.165878	43.456574
883	1	  0.002950	  0.000682	     -1.00	     27.29	    380.66	      2.56	      2.16	     44.73	     37.73	-4.22	 4.409e-04	      5.82	0	Gaussian	312.399432	42.581263
884	1	  0.002911	  0.000550	     -1.00	    749.41	    719.26	      2.72	      2.55	     47.53	     44.55	14.87	 1.393e-04	      5.82	0	Gaussian	317.486532	43.042937
885	1	  0.002829	  0.000510	     -1.00	    485.25	    608.85	      2.99	      2.46	     52.25	     43.08	19.93	 2.639e-05	      5.82	0	Gaussian	315.650613	42.960907
886	1	  0.002862	  0.000506	     -1.00	     98.30	    318.12	      2.96	      2.35	     51.84	     41.11	44.30	 3.714e-05	      5.82	0	Gaussian	312.722549	42.201719
887	1	  0.002903	  0.000371	     -1.00	    604.70	    387.28	      3.70	      2.79	     64.78	     48.80	-2.77	 6.567e-05	      5.83	0	Gaussian	315.921787	41.788228
888	1	  0.002859	  0.000434	     -1.00	    429.86	    262.17	      3.42	      2.79	     59.84	     48.81	4.76	 1.817e-05	      5.83	0	Gaussian	314.627407	41.484795
889	1	  0.002898	  0.000603	     -1.00	     57.93	    745.12	      2.68	      2.31	     46.99	     40.43	-1.11	 1.626e-04	      5.83	0	Gaussian	313.268944	44.192602
890	1	  0.002880	  0.000249	     -1.00	    711.68	    225.25	      6.80	      2.57	    119.01	     45.00	33.09	 6.123e-05	      5.83	0	Gaussian	316.229232	40.900983
891	1	  0.002864	  0.000544	     -1.00	     56.65	    284.26	      2.85	      2.39	     49.85	     41.87	-23.72	 5.827e-05	      5.83	0	Gaussian	312.406290	42.103737
892	1	  0.002868	  0.000526	     -1.00	    673.67	    113.14	      2.81	      2.61	     49.23	     45.73	-24.68	 5.192e-05	      5.83	0	Gaussian	315.782281	40.456595
893	1	  0.002850	  0.000493	     -1.00	    308.66	    727.05	      2.95	      2.60	     51.56	     45.54	-16.12	 2.646e-05	      5.84	0	Gaussian	314.802845	43.753717
894	1	  0.002866	  0.000504	     -1.00	    725.50	     16.08	      2.92	      2.51	     51.06	     43.90	-29.36	 9.674e-05	      5.84	0	Gaussian	315.893638	39.944477
895	1	  0.002857	  0.000575	     -1.00	    779.33	    185.52	      2.85	      2.13	     49.81	     37.21	22.20	 5.961e-05	      5.84	0	Gaussian	316.545850	40.620204
896	1	  0.002933	  0.000551	     -1.00	    739.12	    734.92	      2.69	      2.49	     47.11	     43.62	-9.80	 1.815e-04	      5.84	0	Gaussian	317.458282	43.128836
897	1	  0.002867	  0.000569	     -1.00	    370.70	     91.46	      2.78	      2.35	     48.72	     41.18	-4.11	 3.191e-05	      5.84	0	Gaussian	313.950122	40.798897
898	1	  0.002888	  0.000589	     -1.00	     34.49	    377.56	      2.72	      2.33	     47.55	     40.77	9.62	 9.143e-05	      5.84	0	Gaussian	312.438293	42.557575
899	1	  0.002889	  0.000625	     -1.00	    642.01	    249.49	      2.83	      2.23	     49.60	     38.99	2.28	 1.200e-04	      5.85	0	Gaussian	315.866643	41.114865
900	1	  0.002863	  0.000544	     -1.00	    742.65	    179.59	      2.85	      2.28	     49.94	     39.95	45.46	 5.300e-05	      5.85	0	Gaussian	316.319110	40.649796
901	1	  0.002888	  0.000477	     -1.00	    611.91	     27.41	      3.21	      2.67	     56.19	     46.68	6.80	 7.056e-05	      5.85	0	Gaussian	315.253012	40.163597
902	1	  0.002871	  0.000532	     -1.00	     82.92	    490.21	      2.90	      2.49	     50.71	     43.65	2.16	 7.157e-05	      5.85	0	Gaussian	312.944195	43.003678
903	1	  0.002846	  0.000440	     -1.00	    142.34	    520.04	      3.08	      2.62	     53.91	     45.88	36.80	 2.773e-05	      5.86	0	Gaussian	313.368045	43.057094
904	1	  0.002886	  0.000332	     -1.00	    586.54	    456.76	      4.46	      2.70	     78.11	     47.26	2.53	 5.720e-05	      5.86	0	Gaussian	315.953929	42.126735
905	1	  0.002897	  0.000579	     -1.00	    436.47	    128.30	      2.74	      2.25	     47.88	     39.32	-15.92	 1.979e-04	      5.86	0	Gaussian	314.410866	40.871882
906	1	  0.002853	  0.000329	     -1.00	    668.25	    583.98	      3.74	      2.88	     65.52	     50.36	-34.21	 4.070e-05	      5.86	0	Gaussian	316.708606	42.569488
907	1	  0.002894	  0.000557	     -1.00	     41.37	    113.80	      2.75	      2.35	     48.13	     41.06	-3.90	 1.374e-04	      5.86	0	Gaussian	312.011279	41.348086
908	1	  0.002860	  0.000526	     -1.00	    134.49	    289.19	      2.84	      2.45	     49.76	     42.88	0.44	 5.709e-05	      5.86	0	Gaussian	312.891045	42.021295
909	1	  0.002856	  0.000447	     -1.00	     41.03	    326.63	      3.44	      2.66	     60.29	     46.58	-0.65	 1.688e-05	      5.86	0	Gaussian	312.386639	42.317245
910	1	  0.002886	  0.000519	     -1.00	    670.13	    286.06	      2.85	      2.53	     49.86	     44.20	-7.53	 6.693e-05	      5.87	0	Gaussian	316.106606	41.236045
911	1	  0.002849	  0.000514	     -1.00	    106.49	    177.68	      2.92	      2.31	     51.04	     40.50	19.30	 2.453e-05	      5.87	0	Gaussian	312.519191	41.552527
912	1	  0.002846	  0.000468	     -1.00	    405.34	    682.04	      2.98	      2.59	     52.23	     45.41	39.47	 2.293e-05	      5.87	0	Gaussian	315.309838	43.408740
913	1	  0.002878	  0.000438	     -1.00	    639.41	    426.38	      3.12	      2.86	     54.67	     50.05	28.82	 4.492e-05	      5.87	0	Gaussian	316.208928	41.910387
914	1	  0.002878	  0.000574	     -1.00	    680.23	    520.58	      2.77	      2.21	     48.40	     38.62	29.41	 7.787e-05	      5.87	0	Gaussian	316.647998	42.268176
915	1	  0.002847	  0.000501	     -1.00	    540.38	     95.60	      2.96	      2.24	     51.83	     39.26	20.29	 3.556e-05	      5.87	0	Gaussian	314.964024	40.574615
916	1	  0.002859	  0.000353	     -1.00	    101.74	    561.60	      3.69	      3.03	     64.60	     53.00	16.90	 2.889e-05	      5.87	0	Gaussian	313.194578	43.301453
917	1	  0.002870	  0.000431	     -1.00	    549.02	    567.24	      3.54	      2.63	     61.94	     45.97	-5.73	 5.103e-05	      5.87	0	Gaussian	315.953299	42.678162
918	1	  0.002825	  0.000483	     -1.00	    249.65	    706.02	      2.94	      2.74	     51.41	     47.96	-29.92	 4.855e-05	      5.87	0	Gaussian	314.393976	43.744917
919	1	  0.002856	  0.000533	     -1.00	      8.32	     99.39	      2.90	      2.09	     50.73	     36.55	18.61	 2.854e-05	      5.88	0	Gaussian	311.785783	41.325587
920	1	  0.002863	  0.000433	     -1.00	     20.89	    646.59	      3.40	      2.70	     59.52	     47.18	3.62	 1.669e-05	      5.88	0	Gaussian	312.849146	43.797339
921	1	  0.002880	  0.000402	     -1.00	    311.21	    177.66	      3.74	      2.47	     65.39	     43.15	-0.30	 4.219e-05	      5.89	0	Gaussian	313.755088	41.272118
922	1	  0.002866	  0.000463	     -1.00	    335.78	    124.96	      2.90	      2.69	     50.77	     47.09	-49.98	 6.227e-05	      5.89	0	Gaussian	313.804131	40.999365
923	1	  0.002853	  0.000505	     -1.00	    639.38	    632.49	      2.92	      2.22	     51.06	     38.90	11.76	 3.035e-05	      5.90	0	Gaussian	316.636265	42.830641
924	1	  0.002910	  0.000497	     -1.00	    303.49	    640.13	      2.78	      2.50	     48.70	     43.77	-28.67	 4.795e-05	      5.90	0	Gaussian	314.597270	43.370327
925	1	  0.002855	  0.000523	     -1.00	    318.32	    418.64	      2.82	      2.44	     49.28	     42.71	-7.95	 5.202e-05	      5.90	0	Gaussian	314.255059	42.350735
926	1	  0.002930	  0.000452	     -1.00	    322.35	    778.25	      2.79	      2.66	     48.88	     46.63	57.03	 8.225e-05	      5.90	0	Gaussian	314.991358	43.963523
927	1	  0.002892	  0.000495	     -1.00	    340.70	    657.61	      2.81	      2.44	     49.21	     42.63	22.88	 5.183e-05	      5.90	0	Gaussian	314.861932	43.394620
928	1	  0.002877	  0.000549	     -1.00	      8.59	     42.42	      2.75	      2.30	     48.19	     40.23	-18.72	 5.115e-05	      5.91	0	Gaussian	311.689211	41.065478
929	1	  0.002847	  0.000505	     -1.00	    450.75	    587.59	      2.78	      2.65	     48.66	     46.38	0.59	 2.421e-05	      5.91	0	Gaussian	315.396771	42.917346
930	1	  0.002885	  0.000504	     -1.00	    737.48	    298.46	      2.87	      2.18	     50.25	     38.12	0.46	 6.075e-05	      5.91	0	Gaussian	316.529900	41.188585
931	1	  0.002851	  0.000401	     -1.00	    597.82	    207.02	      3.46	      2.82	     60.50	     49.37	4.17	 2.146e-05	      5.91	0	Gaussian	315.520693	40.990571
932	1	  0.002912	  0.000585	     -1.00	    346.78	    190.80	      2.59	      2.36	     45.29	     41.36	3.20	 1.161e-04	      5.91	0	Gaussian	313.993157	41.281477
933	1	  0.002850	  0.000505	     -1.00	    265.75	    633.69	      2.91	      2.23	     50.91	     39.04	23.68	 7.023e-05	      5.91	0	Gaussian	314.351152	43.395948
934	1	  0.002855	  0.000472	     -1.00	    400.21	    532.50	      2.99	      2.15	     52.31	     37.63	4.09	 2.653e-05	      5.92	0	Gaussian	314.977576	42.744811
935	1	  0.002904	  0.000387	     -1.00	    691.66	    755.56	      3.30	      2.49	     57.84	     43.52	-53.06	 1.803e-04	      5.92	0	Gaussian	317.215318	43.296097
936	1	  0.002863	  0.000517	     -1.00	    755.80	    654.24	      2.83	      2.30	     49.55	     40.33	-27.28	 4.681e-05	      5.92	0	Gaussian	317.384766	42.744183
937	1	  0.002866	  0.000364	     -1.00	    284.21	     14.06	      3.33	      3.01	     58.32	     52.74	-5.53	 3.768e-05	      5.92	0	Gaussian	313.292739	40.568965
938	1	  0.002899	  0.000407	     -1.00	    621.16	    678.04	      3.43	      2.74	     59.97	     47.94	-7.42	 6.644e-05	      5.93	0	Gaussian	316.621719	43.062004
939	1	  0.002844	  0.000444	     -1.00	    624.61	    300.78	      3.01	      2.49	     52.64	     43.66	-49.78	 2.733e-05	      5.93	0	Gaussian	315.866186	41.370805
940	1	  0.002845	  0.000377	     -1.00	    421.48	    787.39	      3.22	      2.38	     56.43	     41.71	-52.34	 4.911e-05	      5.93	0	Gaussian	315.625590	43.856483
941	1	  0.002875	  0.000502	     -1.00	    525.73	    376.68	      2.85	      2.22	     49.91	     38.90	15.20	 3.550e-05	      5.93	0	Gaussian	315.427277	41.859171
942	1	  0.002874	  0.000420	     -1.00	    759.54	    460.19	      2.96	      2.72	     51.75	     47.62	-52.13	 3.452e-05	      5.93	0	Gaussian	316.995308	41.875392
943	1	  0.002859	  0.000357	     -1.00	     69.25	    432.74	      3.94	      2.44	     68.91	     42.68	3.74	 2.755e-05	      5.94	0	Gaussian	312.753418	42.761486
944	1	  0.002918	  0.000602	     -1.00	    780.53	    626.64	      2.57	      2.21	     45.02	     38.67	18.73	 1.188e-04	      5.94	0	Gaussian	317.473893	42.582218
945	1	  0.002843	  0.000413	     -1.00	    307.92	    578.36	      3.27	      2.79	     57.19	     48.83	8.30	 2.608e-05	      5.94	0	Gaussian	314.502589	43.085774
946	1	  0.002888	  0.000528	     -1.00	    711.31	    582.42	      2.73	      2.34	     47.81	     41.00	20.26	 9.951e-05	      5.94	0	Gaussian	316.964373	42.495197
947	1	  0.002898	  0.000304	     -1.00	    484.62	    341.85	      4.43	      2.68	     77.60	     46.95	-3.15	 8.813e-05	      5.94	0	Gaussian	315.111392	41.763555
948	1	  0.002854	  0.000413	     -1.00	    417.45	    703.02	      2.99	      2.75	     52.41	     48.10	-12.29	 2.926e-05	      5.95	0	Gaussian	315.427235	43.484695
949	1	  0.002859	  0.000450	     -1.00	    414.44	     51.04	      2.93	      2.54	     51.22	     44.40	1.17	 4.077e-05	      5.95	0	Gaussian	314.134601	40.554630
950	1	  0.002904	  0.000574	     -1.00	    243.57	    329.14	      2.58	      2.36	     45.23	     41.36	-25.17	 1.356e-04	      5.95	0	Gaussian	313.629627	42.052062
951	1	  0.002847	  0.000459	     -1.00	    785.70	     23.13	      2.97	      2.32	     51.92	     40.53	-14.44	 3.852e-05	      5.95	0	Gaussian	316.256915	39.885425
952	1	  0.002875	  0.000320	     -1.00	    690.38	    701.07	      3.41	      3.12	     59.73	     54.53	10.35	 4.872e-05	      5.96	0	Gaussian	317.090474	43.055999
953	1	  0.002864	  0.000531	     -1.00	    680.79	    513.69	      2.74	      2.33	     47.87	     40.74	3.22	 7.894e-05	      5.96	0	Gaussian	316.636967	42.236595
954	1	  0.002867	  0.000509	     -1.00	     93.84	    298.52	      2.81	      2.25	     49.12	     39.43	8.33	 4.809e-05	      5.96	0	Gaussian	312.659634	42.118708
955	1	  0.002914	  0.000524	     -1.00	    374.41	    556.40	      2.72	      2.22	     47.55	     38.83	19.56	 7.310e-05	      5.97	0	Gaussian	314.867397	42.890148
956	1	  0.002891	  0.000497	     -1.00	     28.23	    689.37	      2.81	      2.16	     49.26	     37.76	20.11	 1.679e-04	      5.97	0	Gaussian	312.975769	43.981191
957	1	  0.002837	  0.000495	     -1.00	    304.51	    346.52	      2.85	      2.35	     49.84	     41.15	-0.85	 1.880e-05	      5.98	0	Gaussian	314.032805	42.044824
958	1	  0.002868	  0.000474	     -1.00	    589.64	     72.60	      2.87	      2.24	     50.32	     39.27	9.55	 8.567e-05	      5.98	0	Gaussian	315.209780	40.399231
959	1	  0.002863	  0.000435	     -1.00	    142.38	    255.30	      3.00	      2.19	     52.43	     38.35	10.50	 5.460e-05	      5.98	0	Gaussian	312.877352	41.856750
960	1	  0.002865	  0.000452	     -1.00	    539.98	    361.45	      3.13	      2.55	     54.83	     44.58	2.31	 3.073e-05	      5.99	0	Gaussian	315.482428	41.769595
961	1	  0.002895	  0.000503	     -1.00	    596.72	     31.62	      2.68	      2.45	     46.84	     42.92	17.12	 7.638e-05	      5.99	0	Gaussian	315.172152	40.204752
962	1	  0.002848	  0.000337	     -1.00	    140.70	    176.41	      3.95	      2.86	     69.10	     50.05	21.98	 3.270e-05	      5.99	0	Gaussian	312.724319	41.500788
963	1	  0.002864	  0.000351	     -1.00	    237.74	    612.76	      3.63	      2.74	     63.50	     48.04	27.86	 1.402e-04	      5.99	0	Gaussian	314.136665	43.341762
964	1	  0.002875	  0.000433	     -1.00	    115.40	    118.90	      2.90	      2.48	     50.76	     43.35	33.28	 1.051e-04	      5.99	0	Gaussian	312.468331	41.273389
965	1	  0.002893	  0.000501	     -1.00	    744.52	    690.94	      2.55	      2.55	     44.66	     44.56	10.13	 9.750e-05	      6.00	0	Gaussian	317.395823	42.925070
966	1	  0.002909	  0.000290	     -1.00	    337.47	    693.14	      3.81	      2.69	     66.67	     47.04	-9.74	 3.908e-05	      6.00	0	Gaussian	314.913313	43.559039
967	1	  0.002867	  0.000205	     -1.00	    313.57	      8.42	      4.61	      3.62	     80.65	     63.42	4.22	 3.149e-05	      6.00	0	Gaussian	313.457149	40.502986
968	1	  0.002890	  0.000450	     -1.00	    654.23	    186.43	      2.89	      2.19	     50.60	     38.38	-15.69	 6.573e-05	      6.00	0	Gaussian	315.813144	40.814038
969	1	  0.002879	  0.000289	     -1.00	    788.03	    189.18	      4.36	      2.79	     76.39	     48.79	-1.00	 8.153e-05	      6.01	0	Gaussian	316.604124	40.623213
970	1	  0.002845	  0.000415	     -1.00	    663.30	    311.01	      3.01	      2.47	     52.63	     43.16	32.54	 2.562e-05	      6.01	0	Gaussian	316.116539	41.358029
971	1	  0.002865	  0.000475	     -1.00	    627.45	    642.85	      2.73	      2.56	     47.87	     44.77	-1.19	 6.923e-05	      6.01	0	Gaussian	316.585794	42.895335
972	1	  0.002888	  0.000477	     -1.00	    515.62	    583.63	      2.78	      2.26	     48.73	     39.60	-9.91	 7.879e-05	      6.02	0	Gaussian	315.784046	42.802116
973	1	  0.002882	  0.000502	     -1.00	    611.81	     55.47	      2.75	      2.23	     48.09	     39.06	-17.85	 4.542e-05	      6.02	0	Gaussian	315.306732	40.289709
974	1	  0.002883	  0.000522	     -1.00	    660.32	    563.70	      2.62	      2.43	     45.84	     42.49	33.31	 1.352e-04	      6.02	0	Gaussian	316.618398	42.491386
975	1	  0.002864	  0.000430	     -1.00	     94.55	    251.49	      2.90	      2.44	     50.68	     42.73	15.50	 2.825e-05	      6.03	0	Gaussian	312.578983	41.904042
976	1	  0.002892	  0.000441	     -1.00	    693.77	    272.46	      2.77	      2.55	     48.47	     44.70	2.12	 8.830e-05	      6.03	0	Gaussian	316.218948	41.139302
977	1	  0.002865	  0.000504	     -1.00	    343.60	    121.47	      2.75	      2.22	     48.15	     38.83	2.36	 7.193e-05	      6.03	0	Gaussian	313.844388	40.972623
978	1	  0.002848	  0.000440	     -1.00	     86.41	    132.66	      2.90	      2.42	     50.81	     42.28	-6.82	 3.446e-05	      6.03	0	Gaussian	312.317344	41.374532
979	1	  0.002925	  0.000242	     -1.00	    140.39	    160.30	      5.29	      4.61	     92.66	     80.70	-2.21	 4.539e-04	      6.03	0	Gaussian	312.693406	41.428012
980	1	  0.002850	  0.000404	     -1.00	     16.52	    357.02	      2.91	      2.75	     50.99	     48.17	-0.96	 2.483e-05	      6.04	0	Gaussian	312.290447	42.488121
981	1	  0.002894	  0.000249	     -1.00	    377.82	    632.69	      4.94	      2.65	     86.54	     46.40	2.41	 3.538e-05	      6.04	0	Gaussian	315.040721	43.228010
982	1	  0.002921	  0.000092	     -1.00	    308.23	    793.54	      9.45	      4.02	    165.43	     70.42	13.28	 2.791e-05	      6.04	0	Gaussian	314.934387	44.052978
983	1	  0.002844	  0.000410	     -1.00	    299.27	    487.91	      2.96	      2.56	     51.75	     44.76	-8.90	 3.235e-05	      6.04	0	Gaussian	314.272676	42.690531
984	1	  0.002874	  0.000304	     -1.00	     47.50	    397.84	      3.96	      2.47	     69.39	     43.22	-3.82	 3.787e-05	      6.04	0	Gaussian	312.555308	42.632321
985	1	  0.002900	  0.000491	     -1.00	    564.05	    458.22	      2.84	      2.32	     49.73	     40.61	-0.19	 1.030e-04	      6.05	0	Gaussian	315.821606	42.167343
986	1	  0.002923	  0.000404	     -1.00	    328.85	    740.64	      3.35	      2.37	     58.57	     41.54	0.23	 4.395e-05	      6.05	0	Gaussian	314.955593	43.785086
987	1	  0.002913	  0.000556	     -1.00	    613.02	    466.65	      2.45	      2.11	     42.81	     36.98	-3.27	 1.007e-04	      6.05	0	Gaussian	316.133213	42.130756
988	1	  0.002850	  0.000395	     -1.00	    505.33	    563.43	      2.95	      2.66	     51.66	     46.55	10.96	 3.996e-05	      6.05	0	Gaussian	315.680238	42.727188
989	1	  0.002892	  0.000335	     -1.00	    636.16	    689.13	      3.72	      2.53	     65.04	     44.21	-4.98	 6.044e-05	      6.05	0	Gaussian	316.736293	43.088010
990	1	  0.002860	  0.000457	     -1.00	    442.56	    217.63	      2.83	      2.31	     49.47	     40.50	-19.82	 3.144e-05	      6.06	0	Gaussian	314.617718	41.265798
991	1	  0.002876	  0.000352	     -1.00	    600.61	     51.43	      4.02	      2.33	     70.41	     40.83	-4.32	 6.061e-05	      6.06	0	Gaussian	315.233249	40.288024
992	1	  0.002884	  0.000412	     -1.00	    758.17	    193.14	      3.14	      2.54	     55.03	     44.49	-6.84	 9.298e-05	      6.06	0	Gaussian	316.437374	40.686654
993	1	  0.002888	  0.000450	     -1.00	    638.21	    371.26	      2.83	      2.22	     49.55	     38.85	43.58	 1.825e-04	      6.06	0	Gaussian	316.089410	41.665710
994	1	  0.002860	  0.000459	     -1.00	    220.56	    574.38	      2.82	      2.28	     49.44	     39.89	7.87	 9.712e-05	      6.06	0	Gaussian	313.955817	43.193047
995	1	  0.002889	  0.000399	     -1.00	    650.77	    174.77	      3.29	      2.49	     57.63	     43.55	2.95	 3.807e-05	      6.06	0	Gaussian	315.769596	40.766972
996	1	  0.002838	  0.000407	     -1.00	    313.25	    358.18	      3.00	      2.34	     52.52	     40.88	18.33	 2.508e-05	      6.07	0	Gaussian	314.108113	42.085082
997	1	  0.002924	  0.000560	     -1.00	    675.12	    675.40	      2.53	      2.09	     44.33	     36.51	-1.48	 1.347e-04	      6.07	0	Gaussian	316.943321	42.965839
998	1	  0.002862	  0.000459	     -1.00	    521.53	     88.48	      2.78	      2.36	     48.71	     41.38	23.97	 1.078e-04	      6.08	0	Gaussian	314.839084	40.569968
999	1	  0.002874	  0.000449	     -1.00	    708.54	    611.78	      2.80	      2.32	     48.97	     40.53	-8.51	 8.610e-05	      6.08	0	Gaussian	317.009835	42.630197
1000	1	  0.002858	  0.000453	     -1.00	    756.41	    278.38	      2.83	      2.26	     49.51	     39.50	21.21	 2.815e-05	      6.08	0	Gaussian	316.600450	41.069856
1001	1	  0.002883	  0.000435	     -1.00	    417.41	    322.69	      2.81	      2.32	     49.24	     40.55	-16.21	 5.006e-05	      6.08	0	Gaussian	314.669692	41.775467
1002	1	  0.002879	  0.000476	     -1.00	    661.07	    458.33	      2.80	      2.33	     49.08	     40.73	-5.91	 7.470e-05	      6.09	0	Gaussian	316.404080	42.019962
1003	1	  0.002848	  0.000424	     -1.00	      8.62	    544.63	      2.87	      2.42	     50.27	     42.27	-3.45	 3.703e-05	      6.09	0	Gaussian	312.582875	43.351387
1004	1	  0.002897	  0.000413	     -1.00	    610.45	     16.15	      2.72	      2.66	     47.54	     46.64	2.10	 7.942e-05	      6.09	0	Gaussian	315.222735	40.115175
1005	1	  0.002879	  0.000436	     -1.00	    588.54	     37.66	      2.85	      2.14	     49.91	     37.52	12.55	 7.054e-05	      6.10	0	Gaussian	315.135864	40.243874
1006	1	  0.002858	  0.000422	     -1.00	    419.01	    615.50	      3.00	      2.48	     52.54	     43.46	2.87	 3.078e-05	      6.11	0	Gaussian	315.258989	43.089816
1007	1	  0.002886	  0.000457	     -1.00	    665.32	    735.35	      2.71	      2.39	     47.43	     41.78	20.14	 9.244e-05	      6.11	0	Gaussian	317.011865	43.247966
1008	1	  0.002894	  0.000419	     -1.00	    719.07	    743.88	      3.24	      2.14	     56.66	     37.41	-15.17	 7.552e-05	      6.11	0	Gaussian	317.356334	43.200641
1009	1	  0.002872	  0.000428	     -1.00	    519.60	     17.25	      2.81	      2.40	     49.10	     41.94	-4.86	 6.227e-05	      6.11	0	Gaussian	314.691860	40.252156
1010	1	  0.002852	  0.000389	     -1.00	    151.52	     61.68	      2.94	      2.52	     51.40	     44.03	2.16	 3.145e-05	      6.11	0	Gaussian	312.584371	40.964981
1011	1	  0.002890	  0.000204	     -1.00	    652.40	    126.75	      3.11	      2.57	     54.39	     44.93	15.09	 1.363e-04	      6.11	0	Gaussian	315.684274	40.549348
1012	1	  0.002902	  0.000392	     -1.00	     13.54	    578.12	      2.87	      2.36	     50.29	     41.30	-5.55	 1.523e-04	      6.12	0	Gaussian	312.675440	43.496783
1013	1	  0.002862	  0.000403	     -1.00	    200.47	     40.86	      2.88	      2.43	     50.38	     42.50	7.22	 4.449e-05	      6.12	0	Gaussian	312.840942	40.804566
1014	1	  0.002859	  0.000390	     -1.00	    576.40	    542.94	      2.90	      2.51	     50.81	     43.90	-4.29	 3.019e-05	      6.13	0	Gaussian	316.069127	42.527777
1015	1	  0.002871	  0.000307	     -1.00	    282.01	    102.72	      3.60	      2.93	     62.99	     51.21	-2.45	 4.540e-05	      6.13	0	Gaussian	313.441348	40.973574
1016	1	  0.002910	  0.000376	     -1.00	    733.70	    774.95	      2.91	      2.58	     50.87	     45.09	-1.77	 1.298e-04	      6.13	0	Gaussian	317.512420	43.315084
1017	1	  0.002865	  0.000428	     -1.00	    163.66	    100.50	      2.85	      2.17	     49.81	     37.99	-14.24	 4.045e-05	      6.13	0	Gaussian	312.726627	41.125026
1018	1	  0.002878	  0.000437	     -1.00	    427.31	    461.82	      2.79	      2.21	     48.88	     38.62	-0.10	 6.275e-05	      6.13	0	Gaussian	315.002242	42.387203
1019	1	  0.002864	  0.000374	     -1.00	    655.91	    482.62	      3.29	      2.51	     57.54	     43.99	-8.67	 3.369e-05	      6.14	0	Gaussian	316.423320	42.136370
1020	1	  0.002869	  0.000290	     -1.00	    789.14	    711.44	      3.52	      3.01	     61.62	     52.64	8.44	 4.223e-05	      6.15	0	Gaussian	317.709043	42.944484
1021	1	  0.002874	  0.000428	     -1.00	    339.62	     45.37	      2.81	      2.14	     49.18	     37.45	-3.14	 6.714e-05	      6.15	0	Gaussian	313.679750	40.634030
1022	1	  0.002862	  0.000430	     -1.00	    331.48	    136.65	      2.76	      2.39	     48.27	     41.80	19.05	 3.343e-05	      6.16	0	Gaussian	313.800182	41.058260
1023	1	  0.002853	  0.000324	     -1.00	    117.75	    203.76	      3.03	      2.87	     52.96	     50.29	82.20	 3.265e-05	      6.16	0	Gaussian	312.634315	41.655938
1024	1	  0.002881	  0.000373	     -1.00	     62.13	    384.82	      3.10	      2.56	     54.17	     44.86	-0.64	 5.403e-05	      6.17	0	Gaussian	312.621832	42.553476
1025	1	  0.002856	  0.000435	     -1.00	    294.49	    264.54	      2.78	      2.26	     48.63	     39.52	-3.65	 5.346e-05	      6.17	0	Gaussian	313.817003	41.688458
1026	1	  0.002859	  0.000420	     -1.00	    748.65	     42.93	      2.71	      2.53	     47.46	     44.27	32.38	 5.600e-05	      6.18	0	Gaussian	316.081186	40.029835
1027	1	  0.002867	  0.000413	     -1.00	    610.34	    734.52	      2.87	      1.96	     50.31	     34.28	52.79	 4.845e-05	      6.18	0	Gaussian	316.675383	43.330544
1028	1	  0.002876	  0.000377	     -1.00	    416.60	    198.04	      2.86	      2.41	     50.11	     42.14	-9.74	 3.261e-05	      6.19	0	Gaussian	314.425023	41.214820
1029	1	  0.002874	  0.000306	     -1.00	    560.80	    425.79	      3.35	      2.79	     58.57	     48.84	9.43	 3.052e-05	      6.19	0	Gaussian	315.736425	42.026946
1030	1	  0.002892	  0.000411	     -1.00	    349.73	    198.63	      2.80	      2.07	     49.07	     36.30	-27.92	 9.603e-05	      6.20	0	Gaussian	314.025584	41.312680
1031	1	  0.002874	  0.000412	     -1.00	    425.32	    455.41	      2.78	      2.27	     48.64	     39.71	14.63	 6.279e-05	      6.20	0	Gaussian	314.977491	42.361309
1032	1	  0.002868	  0.000291	     -1.00	    610.77	    497.07	      3.45	      2.87	     60.32	     50.26	-12.19	 4.079e-05	      6.20	0	Gaussian	316.182074	42.270178
1033	1	  0.002881	  0.000323	     -1.00	    437.80	    654.43	      3.32	      2.72	     58.17	     47.56	-29.59	 1.109e-04	      6.20	0	Gaussian	315.453184	43.236435
1034	1	  0.002855	  0.000329	     -1.00	    589.40	    575.15	      3.06	      2.37	     53.58	     41.46	-6.40	 2.983e-05	      6.21	0	Gaussian	316.214163	42.651865
1035	1	  0.002907	  0.000359	     -1.00	    379.26	      8.21	      3.16	      2.51	     55.26	     43.99	21.30	 1.286e-04	      6.21	0	Gaussian	313.846527	40.410670
1036	1	  0.002856	  0.000332	     -1.00	    390.47	    728.09	      3.00	      2.58	     52.57	     45.16	16.40	 2.170e-05	      6.21	0	Gaussian	315.311899	43.637395
1037	1	  0.002893	  0.000344	     -1.00	    662.40	    102.70	      2.84	      2.63	     49.62	     45.96	-70.80	 5.909e-05	      6.22	0	Gaussian	315.695647	40.426677
1038	1	  0.002848	  0.000376	     -1.00	    488.70	    147.50	      2.95	      2.06	     51.63	     36.08	3.47	 2.993e-05	      6.23	0	Gaussian	314.757858	40.883203
1039	1	  0.002866	  0.000350	     -1.00	    283.56	    435.97	      2.90	      2.58	     50.81	     45.14	2.67	 7.621e-05	      6.23	0	Gaussian	314.076334	42.478576
1040	1	  0.002867	  0.000409	     -1.00	    651.63	    758.43	      2.74	      2.37	     47.96	     41.55	5.75	 7.844e-05	      6.23	0	Gaussian	316.978055	43.372184
1041	1	  0.002887	  0.000390	     -1.00	     19.60	     37.17	      2.80	      2.24	     49.08	     39.18	-10.63	 6.468e-05	      6.23	0	Gaussian	311.746698	41.027259
1042	1	  0.002865	  0.000386	     -1.00	    777.18	    690.58	      2.92	      1.87	     51.12	     32.77	32.66	 7.153e-05	      6.23	0	Gaussian	317.591778	42.871231
1043	1	  0.002919	  0.000391	     -1.00	    636.39	    173.89	      2.62	      2.52	     45.81	     44.06	-23.57	 8.841e-05	      6.23	0	Gaussian	315.683148	40.784536
1044	1	  0.002899	  0.000310	     -1.00	     28.19	    738.93	      3.74	      2.15	     65.42	     37.59	-2.65	 1.881e-04	      6.23	0	Gaussian	313.069459	44.205594
1045	1	  0.002895	  0.000302	     -1.00	    704.91	    416.38	      3.64	      2.40	     63.67	     42.01	4.48	 4.944e-05	      6.23	0	Gaussian	316.579174	41.765101
1046	1	  0.002869	  0.000342	     -1.00	    666.24	    438.67	      2.92	      2.50	     51.07	     43.78	-5.31	 3.823e-05	      6.23	0	Gaussian	316.394514	41.924195
1047	1	  0.002884	  0.000396	     -1.00	     69.95	    378.65	      2.96	      2.37	     51.74	     41.53	-3.28	 5.904e-05	      6.24	0	Gaussian	312.658750	42.514903
1048	1	  0.002890	  0.000446	     -1.00	    563.95	    328.33	      2.61	      2.19	     45.72	     38.32	-0.97	 1.878e-04	      6.25	0	Gaussian	315.559838	41.585260
1049	1	  0.002879	  0.000377	     -1.00	    488.81	    354.81	      2.74	      2.52	     47.93	     44.13	61.61	 4.416e-05	      6.25	0	Gaussian	315.162122	41.815619
1050	1	  0.002907	  0.000439	     -1.00	    758.35	    391.74	      2.64	      2.07	     46.18	     36.26	4.29	 2.472e-04	      6.25	0	Gaussian	316.845453	41.572357
1051	1	  0.002881	  0.000375	     -1.00	    441.29	    335.76	      2.88	      1.96	     50.49	     34.34	16.71	 4.340e-05	      6.26	0	Gaussian	314.838921	41.799629
1052	1	  0.002883	  0.000361	     -1.00	    373.28	    158.12	      2.86	      2.24	     50.10	     39.25	-11.25	 1.166e-04	      6.26	0	Gaussian	314.090415	41.096374
1053	1	  0.002873	  0.000353	     -1.00	    201.21	    172.62	      2.88	      2.35	     50.45	     41.06	39.28	 1.272e-04	      6.26	0	Gaussian	313.083395	41.401450
1054	1	  0.002875	  0.000441	     -1.00	    795.00	    193.27	      2.61	      2.18	     45.74	     38.21	-2.09	 4.226e-05	      6.27	0	Gaussian	316.653186	40.630747
1055	1	  0.002872	  0.000346	     -1.00	    683.50	    470.90	      2.87	      2.45	     50.22	     42.94	47.87	 4.504e-05	      6.27	0	Gaussian	316.564253	42.041501
1056	1	  0.002882	  0.000395	     -1.00	    728.48	    691.79	      2.74	      2.19	     47.99	     38.29	17.40	 6.293e-05	      6.28	0	Gaussian	317.300891	42.954361
1057	1	  0.002864	  0.000392	     -1.00	    482.66	    439.66	      2.74	      2.34	     47.96	     40.99	-19.63	 5.561e-05	      6.28	0	Gaussian	315.293435	42.205895
1058	1	  0.002886	  0.000320	     -1.00	    359.75	    683.18	      2.57	      2.54	     44.91	     44.40	-30.40	 5.058e-05	      6.29	0	Gaussian	315.030972	43.481457
1059	1	  0.002883	  0.000351	     -1.00	    736.09	    450.40	      3.22	      2.38	     56.42	     41.67	-4.75	 7.750e-05	      6.29	0	Gaussian	316.835370	41.868429
1060	1	  0.002872	  0.000353	     -1.00	     58.46	    371.23	      2.92	      1.95	     51.18	     34.06	2.52	 3.702e-05	      6.30	0	Gaussian	312.574495	42.496676
1061	1	  0.002875	  0.000369	     -1.00	    444.23	    656.76	      2.81	      2.20	     49.22	     38.47	7.74	 1.101e-04	      6.31	0	Gaussian	315.497424	43.237239
1062	1	  0.002897	  0.000430	     -1.00	    602.29	     21.95	      2.55	      2.28	     44.56	     39.86	-39.70	 8.650e-05	      6.31	0	Gaussian	315.186170	40.153173
1063	1	  0.002904	  0.000325	     -1.00	    312.96	    680.33	      3.15	      2.50	     55.08	     43.79	4.25	 8.136e-05	      6.31	0	Gaussian	314.735909	43.537362
1064	1	  0.002865	  0.000375	     -1.00	    693.64	    197.73	      2.77	      2.28	     48.45	     39.93	10.64	 4.688e-05	      6.31	0	Gaussian	316.067755	40.805292
1065	1	  0.002878	  0.000354	     -1.00	    751.29	    418.25	      2.83	      2.24	     49.48	     39.20	14.04	 3.817e-05	      6.32	0	Gaussian	316.858718	41.701470
1066	1	  0.002918	  0.000274	     -1.00	    315.74	    760.85	      3.29	      2.63	     57.65	     46.10	11.98	 3.392e-05	      6.33	0	Gaussian	314.914967	43.895133
1067	1	  0.002904	  0.000445	     -1.00	    791.62	    608.38	      2.56	      2.00	     44.82	     34.98	21.37	 8.387e-05	      6.34	0	Gaussian	317.501067	42.483492
1068	1	  0.002903	  0.000382	     -1.00	     32.28	    507.35	      2.72	      2.03	     47.63	     35.45	-4.24	 2.766e-04	      6.34	0	Gaussian	312.661542	43.150222
1069	1	  0.002887	  0.000228	     -1.00	    608.54	    402.93	      3.03	      2.95	     52.99	     51.67	-9.11	 3.605e-05	      6.35	0	Gaussian	315.976469	41.852470
1070	1	  0.002868	  0.000331	     -1.00	    371.39	     41.56	      2.94	      2.01	     51.49	     35.23	7.47	 4.333e-05	      6.35	0	Gaussian	313.861559	40.572414
1071	1	  0.002871	  0.000303	     -1.00	    670.25	     55.49	      2.89	      2.61	     50.66	     45.69	66.93	 5.566e-05	      6.36	0	Gaussian	315.648945	40.203381
1072	1	  0.002872	  0.000361	     -1.00	    609.49	    196.36	      2.74	      2.31	     47.99	     40.35	2.37	 4.014e-05	      6.36	0	Gaussian	315.568716	40.925408
1073	1	  0.002866	  0.000292	     -1.00	    399.32	     93.55	      3.07	      1.75	     53.69	     30.71	-24.11	 2.847e-05	      6.40	0	Gaussian	314.124394	40.767921
1074	1	  0.002891	  0.000343	     -1.00	    634.54	    182.48	      2.85	      1.66	     49.95	     28.99	-18.64	 6.531e-05	      6.41	0	Gaussian	315.689246	40.825800
1075	1	  0.002917	  0.000354	     -1.00	    558.55	    476.71	      2.67	      2.14	     46.81	     37.47	-10.73	 1.313e-04	      6.41	0	Gaussian	315.826014	42.258441
1076	1	  0.002895	  0.000309	     -1.00	    207.40	    785.57	      2.93	      1.81	     51.36	     31.70	-25.99	 1.848e-04	      6.41	0	Gaussian	314.287862	44.164010
1077	1	  0.002922	  0.000256	     -1.00	    322.50	    791.14	      4.36	      2.73	     76.27	     47.74	2.24	 4.712e-05	      6.42	0	Gaussian	315.018455	44.021135
1078	1	  0.002867	  0.000275	     -1.00	    467.36	    388.42	      3.09	      1.77	     54.16	     31.01	35.31	 3.863e-05	      6.43	0	Gaussian	315.099347	41.998307
1079	1	  0.002872	  0.000317	     -1.00	    455.39	    279.68	      2.82	      2.36	     49.29	     41.28	-4.37	 4.311e-05	      6.43	0	Gaussian	314.814419	41.526647
1080	1	  0.002931	  0.000327	     -1.00	    337.96	    732.46	      2.97	      2.33	     51.99	     40.71	0.09	 4.575e-05	      6.44	0	Gaussian	314.995623	43.734900
1081	1	  0.002890	  0.000301	     -1.00	    645.30	    777.93	      2.80	      2.54	     49.05	     44.42	0.35	 7.203e-05	      6.44	0	Gaussian	316.981262	43.468862
1082	1	  0.002884	  0.000300	     -1.00	    633.50	    450.01	      2.81	      2.46	     49.11	     43.00	0.24	 3.992e-05	      6.44	0	Gaussian	316.221943	42.025038
1083	1	  0.002881	  0.000285	     -1.00	     24.35	     30.05	      2.89	      2.27	     50.61	     39.79	13.60	 6.564e-05	      6.47	0	Gaussian	311.763111	40.988658
1084	1	  0.002914	  0.000154	     -1.00	    333.52	    714.29	      5.11	      3.56	     89.50	     62.30	-44.21	 3.517e-05	      6.50	0	Gaussian	314.931430	43.659869
1085	1	  0.002912	  0.000427	     -1.00	    436.99	    107.56	      2.22	      1.84	     38.91	     32.18	0.20	 2.773e-04	      6.54	0	Gaussian	314.374681	40.777591
1086	1	  0.002904	  0.000309	     -1.00	     12.52	    707.17	      2.66	      2.30	     46.63	     40.24	-12.72	 1.740e-04	      6.55	0	Gaussian	312.910405	44.083289
1087	1	  0.002924	  0.000232	     -1.00	    706.84	    716.01	      6.82	      1.81	    119.32	     31.69	4.04	 1.277e-04	      6.58	0	Gaussian	317.222166	43.096349
1088	1	  0.002920	  0.000170	     -1.00	    345.51	    706.38	      4.70	      2.33	     82.24	     40.74	-2.52	 5.679e-05	      6.60	0	Gaussian	314.989720	43.606667
1089	1	  0.002909	  0.000323	     -1.00	    601.56	    450.72	      2.65	      1.83	     46.38	     32.06	17.07	 5.552e-05	      6.62	0	Gaussian	316.031851	42.076911
1090	1	  0.002900	  0.000244	     -1.00	    608.56	    448.93	      3.57	      2.58	     62.40	     45.12	35.02	 5.062e-05	      6.69	0	Gaussian	316.070202	42.058277
1091	1	  0.002914	  0.000444	     -1.00	    703.69	    219.04	      1.84	      1.37	     32.22	     23.89	30.32	 1.653e-04	      6.73	0	Gaussian	316.169713	40.885389
1092	1	  0.002955	  0.000491	     -1.00	    722.94	    652.28	      2.69	      1.76	     47.09	     30.73	4.53	 1.515e-04	      6.95	0	Gaussian	317.182783	42.787619
1093	1	  0.002954	  0.000289	     -1.00	    728.65	    663.15	      1.87	      1.66	     32.65	     29.00	-6.29	 1.797e-04	      7.11	0	Gaussian	317.240416	42.826866
1094	1	  0.002923	  0.000368	     -1.00	    704.77	    736.42	      2.15	      1.53	     37.71	     26.71	42.66	 1.268e-04	      7.15	0	Gaussian	317.253597	43.190270
1095	1	  0.002946	  0.000198	     -1.00	    707.97	    723.44	      2.75	      1.97	     48.17	     34.44	-7.77	 1.447e-04	      7.27	0	Gaussian	317.245032	43.127534
1096	1	  0.003074	  0.000412	     -1.00	    357.36	    627.46	      1.59	      1.49	     27.83	     26.08	33.99	 1.540e-03	      7.43	0	Gaussian	314.904305	43.234635
1097	1	  0.002933	  0.000068	     -1.00	    378.94	    566.24	     14.51	      1.52	    253.95	     26.63	-39.27	 2.059e-04	      7.43	0	Gaussian	314.914664	42.927743
1098	1	  0.002935	  0.000264	     -1.00	    610.94	    524.40	      1.99	      1.46	     34.80	     25.64	27.73	 4.309e-04	      8.84	0	Gaussian	316.239356	42.392110
1099	1	  0.002920	  0.000225	     -1.00	    744.39	    661.68	      8.41	      3.62	    147.23	     63.36	-2.02	 2.368e-04	    999.00	0	Gaussian	317.332109	42.795362
1100	1	  0.003116	 -0.000254	     -1.00	    787.54	    758.01	     19.66	     14.43	    344.09	    252.63	43.65	 3.826e-04	    999.00	0	Gaussian	317.801091	43.153340
