# 1047 stars found using the following parameters:
# sigma=1.00 roundness=0.10 radius=5 relax=1 profile=0 minbeta=1.5 max_stars=0 layer=1 minA=0.00 maxA=0.00 maxR=1.00
# star#	layer	B	A	beta	X	Y	FWHMx [px]	FWHMy [px]	FWHMx ["]	FWHMy ["]	angle	RMSE	mag	Sat	Profile	RA	Dec
1	1	  0.004681	  1.027112	     -1.00	    190.57	    510.18	      3.50	      3.35	     61.20	     58.70	54.87	 1.139e-02	     -2.84	1	Gaussian	296.243581	45.130985
2	1	  0.003084	  0.326751	     -1.00	    339.83	    408.35	      2.70	      2.62	     47.30	     45.79	-3.35	 3.072e-03	     -1.04	0	Gaussian	295.208223	45.525416
3	1	  0.003010	  0.290531	     -1.00	    522.67	    566.29	      2.63	      2.63	     46.06	     46.06	-37.62	 2.818e-03	     -0.89	0	Gaussian	294.155695	44.693773
4	1	  0.002717	  0.107275	     -1.00	    377.40	    310.17	      2.62	      2.61	     45.94	     45.64	0.30	 1.427e-03	      0.20	0	Gaussian	294.892115	45.957200
5	1	  0.002374	  0.083630	     -1.00	    617.12	    716.75	      2.77	      2.63	     48.52	     46.08	-2.78	 9.654e-04	      0.40	0	Gaussian	293.681953	43.945573
6	1	  0.002341	  0.072749	     -1.00	    552.41	    777.16	      2.69	      2.69	     47.02	     47.01	-4.11	 7.068e-04	      0.56	0	Gaussian	294.133601	43.705757
7	1	  0.002360	  0.069794	     -1.00	    727.21	    220.25	      2.67	      2.63	     46.75	     46.04	18.44	 7.284e-04	      0.64	0	Gaussian	292.552905	46.147374
8	1	  0.002372	  0.065116	     -1.00	    711.16	     47.44	      2.70	      2.66	     47.35	     46.49	0.27	 8.294e-04	      0.69	0	Gaussian	292.494714	46.945937
9	1	  0.002292	  0.052765	     -1.00	    129.36	    224.23	      2.67	      2.60	     46.66	     45.44	4.81	 5.239e-04	      0.96	0	Gaussian	296.462753	46.485147
10	1	  0.002271	  0.051506	     -1.00	    424.77	    634.40	      2.72	      2.61	     47.55	     45.61	1.14	 5.645e-04	      0.96	0	Gaussian	294.828327	44.435615
11	1	  0.002306	  0.050835	     -1.00	    691.06	    185.43	      2.70	      2.63	     47.18	     46.04	-6.35	 5.876e-04	      0.97	0	Gaussian	292.753679	46.331355
12	1	  0.002263	  0.048374	     -1.00	    140.65	    683.84	      2.79	      2.65	     48.87	     46.30	-0.56	 4.532e-04	      0.98	0	Gaussian	296.671938	44.348243
13	1	  0.002271	  0.048280	     -1.00	     50.30	    685.84	      2.77	      2.67	     48.49	     46.78	-9.39	 4.426e-04	      0.98	0	Gaussian	297.252577	44.377896
14	1	  0.002264	  0.042377	     -1.00	    364.82	    564.86	      2.72	      2.71	     47.55	     47.36	-17.54	 4.577e-04	      1.13	0	Gaussian	295.159675	44.789222
15	1	  0.002291	  0.040229	     -1.00	    545.83	    176.87	      2.77	      2.70	     48.47	     47.31	-29.73	 4.122e-04	      1.17	0	Gaussian	293.688367	46.467447
16	1	  0.002263	  0.042039	     -1.00	    227.61	     56.62	      2.63	      2.61	     46.01	     45.77	8.89	 4.429e-04	      1.21	0	Gaussian	295.696194	47.208569
17	1	  0.002252	  0.041908	     -1.00	    498.60	    329.43	      2.67	      2.59	     46.81	     45.25	-11.74	 4.707e-04	      1.21	0	Gaussian	294.120990	45.797266
18	1	  0.002272	  0.041376	     -1.00	    204.33	    552.40	      2.65	      2.53	     46.43	     44.21	1.84	 4.303e-04	      1.26	0	Gaussian	296.181635	44.928650
19	1	  0.002281	  0.037318	     -1.00	    169.12	    548.54	      2.73	      2.56	     47.73	     44.80	0.35	 4.804e-04	      1.32	0	Gaussian	296.406395	44.963320
20	1	  0.002218	  0.034830	     -1.00	    274.10	     25.16	      2.70	      2.65	     47.22	     46.42	19.22	 3.295e-04	      1.38	0	Gaussian	295.362656	47.327739
21	1	  0.002192	  0.031874	     -1.00	    619.10	    260.04	      2.80	      2.74	     49.04	     47.94	-10.52	 3.489e-04	      1.39	0	Gaussian	293.284888	46.039059
22	1	  0.002206	  0.033398	     -1.00	    128.35	    386.11	      2.70	      2.66	     47.24	     46.62	12.69	 2.843e-04	      1.41	0	Gaussian	296.570837	45.735818
23	1	  0.002165	  0.030018	     -1.00	    150.96	    636.26	      2.74	      2.63	     47.96	     46.00	7.40	 2.726e-04	      1.53	0	Gaussian	296.577265	44.564609
24	1	  0.002294	  0.029522	     -1.00	    205.34	     51.47	      2.76	      2.63	     48.23	     46.07	-40.67	 5.177e-04	      1.54	0	Gaussian	295.841620	47.244279
25	1	  0.002194	  0.028783	     -1.00	    321.64	    224.24	      2.67	      2.66	     46.79	     46.63	-12.27	 3.205e-04	      1.58	0	Gaussian	295.193210	46.384521
26	1	  0.002186	  0.026733	     -1.00	    782.95	    531.32	      2.76	      2.66	     48.23	     46.58	-12.83	 3.132e-04	      1.63	0	Gaussian	292.485245	44.689078
27	1	  0.002215	  0.027186	     -1.00	    774.77	     19.60	      2.66	      2.62	     46.49	     45.82	18.19	 3.044e-04	      1.67	0	Gaussian	292.053784	47.026131
28	1	  0.002160	  0.024471	     -1.00	    366.02	    621.19	      2.75	      2.73	     48.22	     47.73	67.82	 2.344e-04	      1.70	0	Gaussian	295.192092	44.528353
29	1	  0.002205	  0.022986	     -1.00	    445.38	    761.17	      2.86	      2.75	     50.05	     48.14	3.40	 2.877e-04	      1.72	0	Gaussian	294.791173	43.839221
30	1	  0.002194	  0.021172	     -1.00	    345.80	    792.21	      2.74	      2.65	     47.88	     46.41	-13.55	 2.371e-04	      1.90	0	Gaussian	295.438937	43.747879
31	1	  0.002191	  0.021745	     -1.00	    626.67	    199.65	      2.66	      2.63	     46.64	     46.00	8.70	 2.476e-04	      1.91	0	Gaussian	293.182925	46.310213
32	1	  0.002224	  0.021356	     -1.00	    313.45	    736.63	      2.71	      2.56	     47.46	     44.77	-1.96	 2.652e-04	      1.94	0	Gaussian	295.605479	44.021441
33	1	  0.002160	  0.019861	     -1.00	    435.65	    318.73	      2.77	      2.66	     48.51	     46.64	-4.97	 2.048e-04	      1.95	0	Gaussian	294.520046	45.884108
34	1	  0.002586	  0.017384	     -1.00	    519.19	    189.19	      3.16	      2.58	     55.28	     45.13	-23.97	 1.106e-03	      1.98	0	Gaussian	293.872402	46.427994
35	1	  0.002191	  0.017067	     -1.00	     44.02	    559.09	      2.91	      2.68	     51.01	     46.84	4.48	 1.965e-04	      2.06	0	Gaussian	297.222647	44.970341
36	1	  0.002258	  0.018143	     -1.00	    513.34	    154.81	      2.70	      2.62	     47.27	     45.87	-11.85	 2.428e-04	      2.09	0	Gaussian	293.881892	46.589274
37	1	  0.002159	  0.017222	     -1.00	    670.92	    505.63	      2.80	      2.65	     49.06	     46.39	2.54	 2.075e-04	      2.10	0	Gaussian	293.167262	44.880761
38	1	  0.002147	  0.016655	     -1.00	    546.23	    401.84	      2.76	      2.71	     48.33	     47.35	8.14	 1.703e-04	      2.13	0	Gaussian	293.873372	45.435511
39	1	  0.002368	  0.017044	     -1.00	    176.88	    324.76	      2.66	      2.60	     46.63	     45.50	-11.49	 1.034e-03	      2.18	0	Gaussian	296.213670	45.996574
40	1	  0.002177	  0.016880	     -1.00	    191.48	    702.50	      2.68	      2.54	     46.94	     44.41	3.40	 1.940e-04	      2.22	0	Gaussian	296.358391	44.238426
41	1	  0.002223	  0.014556	     -1.00	    769.31	    717.96	      2.82	      2.75	     49.33	     48.16	-11.88	 2.457e-04	      2.23	0	Gaussian	292.737162	43.844695
42	1	  0.002162	  0.015726	     -1.00	    165.57	    767.72	      2.74	      2.62	     47.94	     45.87	5.33	 1.548e-04	      2.24	0	Gaussian	296.563138	43.947348
43	1	  0.002230	  0.015684	     -1.00	    155.43	    192.50	      2.66	      2.53	     46.50	     44.35	-12.06	 3.194e-04	      2.31	0	Gaussian	296.269293	46.619035
44	1	  0.002182	  0.014715	     -1.00	    475.06	    456.70	      2.72	      2.63	     47.68	     46.07	-19.56	 1.858e-04	      2.31	0	Gaussian	294.373302	45.226099
45	1	  0.002162	  0.014220	     -1.00	     46.18	    579.81	      2.84	      2.60	     49.66	     45.46	3.49	 1.509e-04	      2.31	0	Gaussian	297.220215	44.873057
46	1	  0.002162	  0.013514	     -1.00	    596.29	    471.91	      2.73	      2.63	     47.81	     46.01	12.19	 1.544e-04	      2.40	0	Gaussian	293.611647	45.082790
47	1	  0.002261	  0.013443	     -1.00	    772.50	    608.30	      2.78	      2.58	     48.70	     45.18	-4.36	 4.049e-04	      2.41	0	Gaussian	292.620053	44.344261
48	1	  0.002119	  0.012529	     -1.00	    276.14	    195.99	      2.74	      2.72	     47.98	     47.54	-47.39	 1.296e-04	      2.44	0	Gaussian	295.472452	46.539813
49	1	  0.002105	  0.012708	     -1.00	     67.18	    512.07	      2.75	      2.65	     48.20	     46.40	12.17	 1.117e-04	      2.44	0	Gaussian	297.045422	45.178950
50	1	  0.002117	  0.012520	     -1.00	    569.78	    534.56	      2.74	      2.60	     47.97	     45.58	-0.09	 1.315e-04	      2.49	0	Gaussian	293.831583	44.811476
51	1	  0.002110	  0.011806	     -1.00	    744.98	    696.38	      2.82	      2.66	     49.37	     46.60	-5.94	 1.336e-04	      2.49	0	Gaussian	292.869005	43.959281
52	1	  0.002153	  0.011698	     -1.00	    218.97	    736.66	      2.81	      2.68	     49.11	     46.89	24.06	 1.585e-04	      2.50	0	Gaussian	296.204639	44.067105
53	1	  0.002121	  0.011969	     -1.00	    494.70	    154.15	      2.70	      2.66	     47.19	     46.53	-21.17	 1.246e-04	      2.54	0	Gaussian	294.003344	46.604066
54	1	  0.002118	  0.011787	     -1.00	    752.83	    361.58	      2.80	      2.59	     48.92	     45.36	0.65	 1.246e-04	      2.54	0	Gaussian	292.519906	45.484817
55	1	  0.002123	  0.011509	     -1.00	    220.13	    686.78	      2.74	      2.64	     47.92	     46.19	-7.22	 1.158e-04	      2.57	0	Gaussian	296.165817	44.297980
56	1	  0.002124	  0.011404	     -1.00	    350.55	    370.29	      2.73	      2.64	     47.76	     46.27	-13.13	 1.267e-04	      2.58	0	Gaussian	295.111098	45.695133
57	1	  0.002112	  0.010899	     -1.00	    111.68	    579.05	      2.81	      2.66	     49.21	     46.62	-13.93	 1.019e-04	      2.58	0	Gaussian	296.796026	44.848031
58	1	  0.002140	  0.010146	     -1.00	    596.21	    708.86	      2.79	      2.76	     48.78	     48.37	-8.21	 1.285e-04	      2.63	0	Gaussian	293.806166	43.994394
59	1	  0.002177	  0.010390	     -1.00	    492.40	    565.84	      2.73	      2.71	     47.70	     47.45	-48.09	 2.072e-04	      2.66	0	Gaussian	294.347429	44.713539
60	1	  0.002330	  0.010729	     -1.00	    751.81	      6.03	      2.68	      2.63	     46.93	     46.11	86.78	 2.468e-04	      2.66	0	Gaussian	292.190002	47.104713
61	1	  0.002129	  0.010354	     -1.00	    689.31	    763.67	      2.74	      2.68	     47.92	     46.93	-3.59	 1.237e-04	      2.67	0	Gaussian	293.271779	43.686037
62	1	  0.002237	  0.010553	     -1.00	    161.00	    559.09	      2.74	      2.61	     47.89	     45.65	-0.31	 5.952e-04	      2.67	0	Gaussian	296.465399	44.918195
63	1	  0.002140	  0.010162	     -1.00	    375.06	    105.20	      2.72	      2.70	     47.66	     47.31	-36.71	 1.191e-04	      2.67	0	Gaussian	294.751436	46.901577
64	1	  0.002136	  0.010862	     -1.00	     81.73	    360.67	      2.70	      2.56	     47.20	     44.88	9.20	 1.076e-04	      2.68	0	Gaussian	296.861426	45.875456
65	1	  0.002167	  0.010812	     -1.00	    263.29	    729.33	      2.67	      2.56	     46.69	     44.80	4.71	 1.461e-04	      2.70	0	Gaussian	295.918496	44.079951
66	1	  0.002142	  0.010102	     -1.00	    660.41	     30.22	      2.69	      2.66	     47.05	     46.58	-3.45	 1.459e-04	      2.72	0	Gaussian	292.810022	47.060316
67	1	  0.002114	  0.009578	     -1.00	    784.67	    234.08	      2.73	      2.71	     47.70	     47.52	-29.13	 9.675e-05	      2.74	0	Gaussian	292.197409	46.043625
68	1	  0.002203	  0.007968	     -1.00	    640.09	    254.94	      3.05	      2.84	     53.38	     49.76	41.52	 2.263e-04	      2.76	0	Gaussian	293.145062	46.048503
69	1	  0.002121	  0.008799	     -1.00	    739.76	     31.95	      2.81	      2.77	     49.21	     48.53	64.17	 9.586e-05	      2.77	0	Gaussian	292.293624	46.995748
70	1	  0.002167	  0.009283	     -1.00	    487.03	    260.08	      2.68	      2.68	     46.84	     46.84	-42.27	 1.729e-04	      2.80	0	Gaussian	294.139992	46.122815
71	1	  0.002138	  0.008632	     -1.00	    674.95	    411.17	      2.78	      2.75	     48.63	     48.06	-18.78	 1.284e-04	      2.82	0	Gaussian	293.059482	45.310689
72	1	  0.002114	  0.008309	     -1.00	    478.23	    596.99	      2.86	      2.77	     50.13	     48.42	-37.41	 9.529e-05	      2.82	0	Gaussian	294.461302	44.578183
73	1	  0.002220	  0.008551	     -1.00	    320.74	    358.25	      2.89	      2.69	     50.55	     47.10	-22.56	 2.296e-04	      2.82	0	Gaussian	295.296125	45.767048
74	1	  0.002143	  0.009100	     -1.00	    548.19	    522.38	      2.77	      2.59	     48.49	     45.41	-4.80	 1.323e-04	      2.83	0	Gaussian	293.958723	44.880509
75	1	  0.002140	  0.009069	     -1.00	    371.07	    583.25	      2.71	      2.64	     47.38	     46.29	16.83	 1.461e-04	      2.84	0	Gaussian	295.132874	44.700917
76	1	  0.002146	  0.008367	     -1.00	    689.88	    653.16	      2.82	      2.75	     49.31	     48.06	-32.24	 1.144e-04	      2.84	0	Gaussian	293.174777	44.192498
77	1	  0.002122	  0.008988	     -1.00	    103.91	    631.65	      2.75	      2.60	     48.08	     45.43	5.17	 1.005e-04	      2.85	0	Gaussian	296.877024	44.607054
78	1	  0.002175	  0.008457	     -1.00	    565.72	    761.84	      2.79	      2.73	     48.75	     47.77	13.11	 1.627e-04	      2.85	0	Gaussian	294.038672	43.768631
79	1	  0.002119	  0.008185	     -1.00	    725.10	    338.13	      2.78	      2.75	     48.62	     48.19	9.04	 9.333e-05	      2.88	0	Gaussian	292.674834	45.610926
80	1	  0.002111	  0.008198	     -1.00	    172.16	    116.92	      2.77	      2.71	     48.54	     47.51	-20.66	 8.765e-05	      2.89	0	Gaussian	296.108017	46.959749
81	1	  0.002190	  0.009025	     -1.00	    273.33	    521.55	      2.67	      2.56	     46.78	     44.77	1.63	 2.166e-04	      2.89	0	Gaussian	295.716659	45.037306
82	1	  0.002247	  0.008709	     -1.00	    697.07	    147.43	      2.71	      2.58	     47.35	     45.11	-9.53	 4.374e-04	      2.90	0	Gaussian	292.679854	46.500489
83	1	  0.002150	  0.008332	     -1.00	    754.24	     30.41	      2.76	      2.67	     48.25	     46.74	3.79	 1.118e-04	      2.90	0	Gaussian	292.197894	46.992150
84	1	  0.002139	  0.007170	     -1.00	    477.28	    688.54	      2.93	      2.93	     51.33	     51.30	23.26	 1.128e-04	      2.90	0	Gaussian	294.536708	44.156715
85	1	  0.002532	  0.010272	     -1.00	    168.41	    329.45	      2.48	      2.35	     43.42	     41.11	-2.90	 1.735e-03	      2.92	0	Gaussian	296.272308	45.979018
86	1	  0.002114	  0.008327	     -1.00	    174.27	    207.01	      2.70	      2.68	     47.26	     46.94	-47.38	 1.089e-04	      2.93	0	Gaussian	296.153873	46.542500
87	1	  0.002138	  0.007778	     -1.00	    564.67	    596.82	      2.75	      2.69	     48.16	     47.16	1.69	 9.018e-05	      2.97	0	Gaussian	293.914249	44.528367
88	1	  0.002127	  0.007410	     -1.00	    383.44	    569.28	      2.83	      2.72	     49.57	     47.67	9.05	 9.151e-05	      2.98	0	Gaussian	295.043905	44.758758
89	1	  0.002134	  0.007807	     -1.00	    307.97	    331.45	      2.78	      2.54	     48.64	     44.53	-9.47	 1.127e-04	      2.99	0	Gaussian	295.360153	45.897623
90	1	  0.002118	  0.007661	     -1.00	    541.60	    710.51	      2.77	      2.65	     48.52	     46.31	4.20	 1.142e-04	      2.99	0	Gaussian	294.149364	44.018887
91	1	  0.002119	  0.004146	     -1.00	    264.24	    386.56	      4.88	      2.71	     85.44	     47.38	-14.34	 1.992e-04	      3.01	0	Gaussian	295.683646	45.666340
92	1	  0.002146	  0.006577	     -1.00	    770.92	    352.57	      2.91	      2.84	     50.90	     49.68	12.22	 1.204e-04	      3.01	0	Gaussian	292.396642	45.513341
93	1	  0.002135	  0.005464	     -1.00	    740.11	    667.66	      3.25	      3.07	     56.94	     53.68	20.08	 1.284e-04	      3.04	0	Gaussian	292.874241	44.093928
94	1	  0.002119	  0.006762	     -1.00	    567.14	    145.96	      2.85	      2.76	     49.94	     48.39	12.07	 1.079e-04	      3.06	0	Gaussian	293.522986	46.595128
95	1	  0.002116	  0.006722	     -1.00	    457.30	    752.86	      2.85	      2.77	     49.97	     48.49	-1.09	 1.162e-04	      3.07	0	Gaussian	294.710253	43.871097
96	1	  0.002087	  0.006076	     -1.00	    134.98	    248.35	      3.10	      2.74	     54.34	     47.91	-41.14	 6.520e-05	      3.08	0	Gaussian	296.440847	46.370807
97	1	  0.002167	  0.006163	     -1.00	    765.02	    764.02	      2.94	      2.84	     51.49	     49.79	26.99	 1.808e-04	      3.09	0	Gaussian	292.803994	43.636662
98	1	  0.002180	  0.000837	     -1.00	    446.25	    205.18	     10.78	      5.69	    188.63	     99.57	6.87	 1.459e-04	      3.10	0	Gaussian	294.361735	46.399764
99	1	  0.002112	  0.006735	     -1.00	      8.72	    355.01	      2.78	      2.74	     48.61	     48.00	-54.45	 6.899e-05	      3.10	0	Gaussian	297.339206	45.934185
100	1	  0.002096	  0.006626	     -1.00	    138.30	    733.94	      2.84	      2.71	     49.65	     47.40	40.65	 7.137e-05	      3.11	0	Gaussian	296.716687	44.116454
101	1	  0.002177	  0.004039	     -1.00	    766.90	    191.93	      4.49	      2.78	     78.59	     48.61	9.13	 3.878e-04	      3.11	0	Gaussian	292.271200	46.248298
102	1	  0.002142	  0.006682	     -1.00	    385.42	    481.73	      2.87	      2.64	     50.15	     46.29	11.07	 1.151e-04	      3.11	0	Gaussian	294.967452	45.161773
103	1	  0.002090	  0.006766	     -1.00	     13.21	    645.76	      2.85	      2.64	     49.91	     46.12	3.90	 8.171e-05	      3.11	0	Gaussian	297.469599	44.579768
104	1	  0.002096	  0.001988	     -1.00	    128.48	     20.63	      6.34	      3.94	    110.98	     68.92	64.66	 1.106e-04	      3.11	0	Gaussian	296.337208	47.426502
105	1	  0.002322	  0.007514	     -1.00	     70.94	    571.28	      2.64	      2.53	     46.17	     44.22	3.39	 4.875e-04	      3.12	0	Gaussian	297.055006	44.902111
106	1	  0.002122	  0.006071	     -1.00	    755.51	    169.87	      2.89	      2.86	     50.64	     50.00	2.39	 9.155e-05	      3.13	0	Gaussian	292.323493	46.356914
107	1	  0.002120	  0.006889	     -1.00	    231.15	    227.48	      2.72	      2.60	     47.58	     45.49	-3.44	 8.795e-05	      3.15	0	Gaussian	295.791434	46.418610
108	1	  0.002105	  0.006006	     -1.00	    729.19	     12.84	      2.85	      2.82	     49.90	     49.32	-30.13	 7.939e-05	      3.17	0	Gaussian	292.344149	47.090330
109	1	  0.002112	  0.006459	     -1.00	    409.90	    140.46	      2.79	      2.61	     48.90	     45.71	-11.35	 7.187e-05	      3.18	0	Gaussian	294.549005	46.718881
110	1	  0.002102	  0.006238	     -1.00	    261.88	    747.19	      2.77	      2.68	     48.52	     46.94	-24.41	 7.326e-05	      3.18	0	Gaussian	295.939036	43.997878
111	1	  0.002205	  0.005765	     -1.00	    400.62	    404.13	      2.83	      2.83	     49.50	     49.46	54.35	 3.077e-04	      3.19	0	Gaussian	294.811967	45.511109
112	1	  0.002113	  0.006267	     -1.00	    222.35	     89.82	      2.77	      2.71	     48.55	     47.46	-33.40	 7.916e-05	      3.19	0	Gaussian	295.754618	47.058428
113	1	  0.002139	  0.006714	     -1.00	     59.18	    452.49	      2.72	      2.54	     47.64	     44.48	-0.45	 1.383e-04	      3.20	0	Gaussian	297.063260	45.459326
114	1	  0.002169	  0.005968	     -1.00	    147.37	    530.90	      2.81	      2.72	     49.22	     47.68	54.96	 1.246e-04	      3.23	0	Gaussian	296.536202	45.055353
115	1	  0.002118	  0.005981	     -1.00	    595.16	    679.24	      2.82	      2.71	     49.34	     47.41	2.41	 8.870e-05	      3.23	0	Gaussian	293.788876	44.131158
116	1	  0.002131	  0.006008	     -1.00	    634.28	    242.77	      2.77	      2.73	     48.56	     47.71	-21.59	 1.195e-04	      3.23	0	Gaussian	293.171831	46.108023
117	1	  0.002202	  0.006148	     -1.00	    524.43	    136.55	      2.73	      2.63	     47.77	     46.04	0.98	 2.394e-04	      3.25	0	Gaussian	293.794027	46.665840
118	1	  0.002224	  0.006082	     -1.00	    316.01	    600.92	      2.67	      2.67	     46.76	     46.76	1.68	 2.719e-04	      3.26	0	Gaussian	295.496941	44.648224
119	1	  0.002110	  0.004030	     -1.00	    747.26	    280.03	      3.73	      2.89	     65.34	     50.61	33.92	 7.485e-05	      3.27	0	Gaussian	292.479925	45.860728
120	1	  0.002126	  0.005979	     -1.00	    253.08	    593.49	      2.80	      2.60	     48.96	     45.51	-5.34	 8.927e-05	      3.28	0	Gaussian	295.894789	44.714405
121	1	  0.002088	  0.005720	     -1.00	    720.18	    536.51	      2.83	      2.68	     49.60	     46.84	-11.41	 7.069e-05	      3.28	0	Gaussian	292.883819	44.707261
122	1	  0.002115	  0.005884	     -1.00	    200.46	    160.19	      2.73	      2.68	     47.76	     46.84	-16.33	 9.921e-05	      3.29	0	Gaussian	295.948751	46.745348
123	1	  0.002137	  0.005855	     -1.00	    239.43	    141.35	      2.72	      2.67	     47.68	     46.70	7.24	 9.919e-05	      3.29	0	Gaussian	295.676928	46.811669
124	1	  0.002213	  0.004198	     -1.00	    252.84	     96.94	      3.54	      2.81	     62.03	     49.20	6.90	 3.793e-04	      3.30	0	Gaussian	295.556372	47.009079
125	1	  0.002253	  0.005929	     -1.00	    116.76	    215.70	      2.77	      2.59	     48.51	     45.38	-22.93	 3.590e-04	      3.30	0	Gaussian	296.540992	46.530761
126	1	  0.002101	  0.004928	     -1.00	    239.56	    319.85	      3.21	      2.69	     56.12	     47.05	-5.34	 6.103e-05	      3.31	0	Gaussian	295.799286	45.987482
127	1	  0.002122	  0.005876	     -1.00	     56.14	    179.41	      2.74	      2.61	     48.00	     45.72	3.45	 7.294e-05	      3.31	0	Gaussian	296.922343	46.727561
128	1	  0.002121	  0.005140	     -1.00	     40.32	    533.67	      3.01	      2.69	     52.70	     47.16	-12.62	 8.879e-05	      3.33	0	Gaussian	297.232418	45.090134
129	1	  0.002141	  0.005393	     -1.00	    575.14	    277.06	      2.76	      2.75	     48.29	     48.05	5.56	 9.579e-05	      3.35	0	Gaussian	293.583264	45.989681
130	1	  0.002129	  0.004584	     -1.00	    629.79	    759.01	      2.99	      2.85	     52.34	     49.92	11.52	 1.252e-04	      3.36	0	Gaussian	293.637352	43.743783
131	1	  0.002104	  0.002502	     -1.00	    363.18	    531.94	      5.75	      2.75	    100.65	     48.14	9.40	 1.263e-04	      3.37	0	Gaussian	295.146597	44.942179
132	1	  0.002181	  0.005529	     -1.00	    246.97	    660.44	      2.79	      2.52	     48.88	     44.15	-6.07	 2.297e-04	      3.37	0	Gaussian	295.977688	44.407199
133	1	  0.002116	  0.004765	     -1.00	    473.20	    569.83	      2.88	      2.86	     50.38	     50.12	4.04	 8.792e-05	      3.38	0	Gaussian	294.472500	44.706201
134	1	  0.002085	  0.005062	     -1.00	    146.43	    580.11	      2.88	      2.70	     50.47	     47.19	-6.81	 5.384e-05	      3.38	0	Gaussian	296.572294	44.827344
135	1	  0.002124	  0.004684	     -1.00	    196.46	    736.95	      2.96	      2.79	     51.81	     48.87	-16.84	 1.101e-04	      3.38	0	Gaussian	296.347999	44.076215
136	1	  0.002140	  0.004829	     -1.00	    776.78	    180.45	      2.91	      2.76	     50.96	     48.32	-29.21	 1.067e-04	      3.41	0	Gaussian	292.196741	46.293453
137	1	  0.002082	  0.001491	     -1.00	    782.58	    679.39	      6.95	      3.68	    121.58	     64.39	64.19	 7.573e-05	      3.41	0	Gaussian	292.620862	44.012501
138	1	  0.002101	  0.004814	     -1.00	    311.29	    317.04	      2.86	      2.75	     50.13	     48.05	-41.77	 6.141e-05	      3.43	0	Gaussian	295.328167	45.962319
139	1	  0.002117	  0.004929	     -1.00	    342.46	    544.24	      2.84	      2.69	     49.63	     47.08	-3.67	 8.791e-05	      3.44	0	Gaussian	295.288157	44.896416
140	1	  0.002144	  0.004686	     -1.00	    348.64	    181.87	      2.85	      2.82	     49.97	     49.31	18.33	 2.168e-04	      3.44	0	Gaussian	294.984181	46.564396
141	1	  0.002114	  0.004926	     -1.00	    299.67	    558.25	      2.83	      2.69	     49.51	     47.00	-9.16	 5.988e-05	      3.44	0	Gaussian	295.572320	44.854011
142	1	  0.002088	  0.004833	     -1.00	    336.27	    569.31	      2.79	      2.69	     48.90	     47.04	2.47	 5.054e-05	      3.47	0	Gaussian	295.345403	44.783842
143	1	  0.002114	  0.004224	     -1.00	    465.92	    510.64	      3.22	      2.68	     56.38	     46.94	-9.50	 8.510e-05	      3.47	0	Gaussian	294.473497	44.983077
144	1	  0.002067	  0.001117	     -1.00	    335.99	    246.40	     10.40	      3.06	    181.97	     53.52	-27.12	 1.017e-04	      3.49	0	Gaussian	295.115271	46.274384
145	1	  0.002101	  0.004508	     -1.00	    536.64	     94.11	      2.87	      2.77	     50.17	     48.50	-21.97	 7.853e-05	      3.50	0	Gaussian	293.677934	46.852238
146	1	  0.002119	  0.004504	     -1.00	    723.03	    143.44	      2.95	      2.67	     51.61	     46.74	-16.38	 8.892e-05	      3.51	0	Gaussian	292.508170	46.500387
147	1	  0.002141	  0.004329	     -1.00	    719.89	    480.92	      2.83	      2.82	     49.58	     49.38	7.61	 1.126e-04	      3.52	0	Gaussian	292.836432	44.961839
148	1	  0.002177	  0.004698	     -1.00	    221.26	    387.22	      2.77	      2.69	     48.49	     47.05	-26.88	 1.422e-04	      3.52	0	Gaussian	295.964180	45.685311
149	1	  0.002103	  0.004423	     -1.00	    573.87	    102.28	      2.85	      2.73	     49.96	     47.75	-25.72	 5.871e-05	      3.53	0	Gaussian	293.441095	46.790445
150	1	  0.002092	  0.004626	     -1.00	     17.12	    588.56	      2.84	      2.62	     49.65	     45.90	-7.23	 5.932e-05	      3.53	0	Gaussian	297.413397	44.844478
151	1	  0.002112	  0.004197	     -1.00	    691.74	    721.50	      3.04	      2.71	     53.23	     47.44	-4.74	 8.083e-05	      3.54	0	Gaussian	293.221174	43.877989
152	1	  0.002144	  0.004506	     -1.00	     21.81	    368.79	      2.84	      2.68	     49.76	     46.84	9.29	 9.940e-05	      3.54	0	Gaussian	297.260665	45.864513
153	1	  0.002120	  0.004139	     -1.00	    474.30	    621.73	      2.93	      2.80	     51.28	     49.09	0.82	 5.897e-05	      3.55	0	Gaussian	294.505025	44.466410
154	1	  0.002130	  0.004080	     -1.00	    251.34	    468.98	      2.93	      2.83	     51.33	     49.50	39.42	 6.217e-05	      3.56	0	Gaussian	295.823285	45.291779
155	1	  0.002115	  0.004327	     -1.00	    575.18	    669.47	      2.87	      2.71	     50.21	     47.42	-9.04	 6.764e-05	      3.56	0	Gaussian	293.906349	44.188046
156	1	  0.002166	  0.004325	     -1.00	    229.77	    376.17	      2.83	      2.73	     49.52	     47.72	-27.19	 1.420e-04	      3.57	0	Gaussian	295.901309	45.732115
157	1	  0.002195	  0.003597	     -1.00	    451.20	    708.96	      3.11	      3.01	     54.44	     52.71	46.68	 1.792e-04	      3.57	0	Gaussian	294.716237	44.077008
158	1	  0.002100	  0.004250	     -1.00	    492.84	    630.68	      2.85	      2.71	     49.85	     47.39	4.09	 5.902e-05	      3.58	0	Gaussian	294.394616	44.414599
159	1	  0.002094	  0.004257	     -1.00	    523.26	    361.58	      2.86	      2.71	     50.03	     47.41	-12.25	 5.413e-05	      3.58	0	Gaussian	293.988012	45.634502
160	1	  0.002094	  0.003730	     -1.00	    767.00	    529.18	      2.99	      2.89	     52.28	     50.64	-0.16	 5.822e-05	      3.58	0	Gaussian	292.583309	44.709648
161	1	  0.002107	  0.004075	     -1.00	    619.19	    775.14	      2.87	      2.81	     50.29	     49.18	-6.52	 5.918e-05	      3.59	0	Gaussian	293.716327	43.675959
162	1	  0.002196	  0.004469	     -1.00	    438.87	     97.67	      2.74	      2.63	     47.93	     46.11	5.52	 2.831e-04	      3.59	0	Gaussian	294.324034	46.897709
163	1	  0.002096	  0.004341	     -1.00	    118.22	    291.53	      2.83	      2.64	     49.52	     46.24	-7.93	 5.923e-05	      3.60	0	Gaussian	296.578784	46.178964
164	1	  0.002106	  0.004180	     -1.00	     90.36	    130.72	      2.81	      2.75	     49.13	     48.14	-13.73	 8.021e-05	      3.60	0	Gaussian	296.663729	46.936734
165	1	  0.002130	  0.003820	     -1.00	    539.65	    434.32	      2.97	      2.85	     52.04	     49.89	-19.95	 6.816e-05	      3.60	0	Gaussian	293.941996	45.290360
166	1	  0.002110	  0.004066	     -1.00	    304.21	    761.17	      2.85	      2.75	     49.84	     48.07	-1.73	 5.596e-05	      3.62	0	Gaussian	295.680313	43.912384
167	1	  0.002099	  0.004079	     -1.00	    703.93	    698.48	      2.86	      2.67	     50.01	     46.75	-7.28	 6.199e-05	      3.63	0	Gaussian	293.125877	43.975869
168	1	  0.002127	  0.004249	     -1.00	    281.80	    243.73	      2.77	      2.67	     48.51	     46.67	7.26	 9.570e-05	      3.63	0	Gaussian	295.469147	46.316583
169	1	  0.002085	  0.003980	     -1.00	    430.48	    746.65	      2.91	      2.72	     50.87	     47.58	-6.97	 5.413e-05	      3.63	0	Gaussian	294.874206	43.914305
170	1	  0.002115	  0.002893	     -1.00	    565.93	    289.88	      3.79	      2.80	     66.41	     49.09	2.06	 1.035e-04	      3.63	0	Gaussian	293.653557	45.936796
171	1	  0.002113	  0.003137	     -1.00	    685.64	    241.87	      3.28	      2.98	     57.42	     52.14	66.47	 7.009e-05	      3.65	0	Gaussian	292.840049	46.077482
172	1	  0.002087	  0.003904	     -1.00	    351.41	    352.63	      2.85	      2.75	     49.85	     48.06	-0.63	 4.927e-05	      3.66	0	Gaussian	295.092618	45.776095
173	1	  0.002130	  0.003323	     -1.00	    151.68	    230.81	      3.01	      2.98	     52.60	     52.18	-19.81	 1.009e-04	      3.66	0	Gaussian	296.319070	46.443738
174	1	  0.002168	  0.003850	     -1.00	    201.93	    191.33	      2.85	      2.70	     49.91	     47.24	8.50	 2.637e-04	      3.68	0	Gaussian	295.960062	46.600755
175	1	  0.002118	  0.003894	     -1.00	    503.25	     27.89	      2.82	      2.73	     49.36	     47.81	-12.46	 6.795e-05	      3.69	0	Gaussian	293.841432	47.176795
176	1	  0.002093	  0.003767	     -1.00	    210.91	    131.99	      2.87	      2.74	     50.25	     47.88	-18.73	 4.535e-05	      3.69	0	Gaussian	295.860017	46.870019
177	1	  0.002125	  0.002539	     -1.00	    444.00	    184.28	      3.69	      3.14	     64.50	     54.96	-49.22	 9.796e-05	      3.69	0	Gaussian	294.359776	46.497093
178	1	  0.002111	  0.003826	     -1.00	    163.43	    660.79	      2.90	      2.68	     50.70	     46.86	8.11	 1.028e-04	      3.69	0	Gaussian	296.512161	44.444993
179	1	  0.002086	  0.001346	     -1.00	    358.08	    603.37	      6.97	      3.11	    122.02	     54.43	28.60	 7.761e-05	      3.69	0	Gaussian	295.230041	44.614906
180	1	  0.002098	  0.004105	     -1.00	    185.60	    211.58	      2.75	      2.61	     48.13	     45.74	0.50	 9.672e-05	      3.70	0	Gaussian	296.081818	46.515605
181	1	  0.002110	  0.000370	     -1.00	    290.76	    487.34	     18.33	      4.86	    320.83	     85.08	-32.25	 1.144e-04	      3.71	0	Gaussian	295.580962	45.186616
182	1	  0.002143	  0.003661	     -1.00	    645.32	    116.58	      2.85	      2.78	     49.80	     48.71	4.49	 1.685e-04	      3.71	0	Gaussian	292.987532	46.677033
183	1	  0.002138	  0.003732	     -1.00	    777.96	    705.58	      2.96	      2.54	     51.88	     44.42	0.23	 1.630e-04	      3.72	0	Gaussian	292.672723	43.895745
184	1	  0.002147	  0.003554	     -1.00	    307.16	    139.22	      2.85	      2.83	     49.85	     49.57	-25.18	 9.341e-05	      3.73	0	Gaussian	295.226319	46.784253
185	1	  0.002085	  0.003460	     -1.00	     20.35	    262.47	      3.01	      2.75	     52.76	     48.19	-21.54	 4.892e-05	      3.73	0	Gaussian	297.209655	46.358754
186	1	  0.002087	  0.003646	     -1.00	    315.74	    690.52	      2.91	      2.71	     50.91	     47.42	-5.61	 4.323e-05	      3.73	0	Gaussian	295.559824	44.233767
187	1	  0.002142	  0.003458	     -1.00	    338.77	    197.25	      3.09	      2.72	     54.17	     47.53	-9.14	 2.142e-04	      3.74	0	Gaussian	295.060620	46.499228
188	1	  0.002143	  0.003739	     -1.00	    173.55	    438.70	      2.81	      2.71	     49.12	     47.44	10.81	 8.616e-05	      3.74	0	Gaussian	296.308598	45.470497
189	1	  0.002104	  0.003652	     -1.00	    210.53	    293.86	      2.81	      2.74	     49.17	     48.01	-11.10	 6.248e-05	      3.75	0	Gaussian	295.972237	46.122565
190	1	  0.002102	  0.003301	     -1.00	    559.54	    624.57	      3.03	      2.78	     53.09	     48.74	-5.05	 6.762e-05	      3.76	0	Gaussian	293.968846	44.403833
191	1	  0.002141	  0.003254	     -1.00	    458.62	    664.94	      3.06	      2.82	     53.48	     49.38	-40.57	 1.517e-04	      3.76	0	Gaussian	294.636753	44.276017
192	1	  0.002094	  0.003486	     -1.00	    359.20	    413.86	      2.88	      2.74	     50.34	     48.04	-17.88	 4.162e-05	      3.78	0	Gaussian	295.086811	45.489372
193	1	  0.002086	  0.003464	     -1.00	     90.59	    580.67	      2.89	      2.72	     50.54	     47.69	-12.51	 5.344e-05	      3.79	0	Gaussian	296.933307	44.849883
194	1	  0.002125	  0.003399	     -1.00	    519.36	     69.76	      2.91	      2.75	     50.91	     48.12	-15.10	 7.166e-05	      3.79	0	Gaussian	293.770761	46.974848
195	1	  0.002101	  0.003100	     -1.00	    352.70	    586.84	      2.93	      2.93	     51.36	     51.26	78.69	 6.165e-05	      3.79	0	Gaussian	295.252685	44.694140
196	1	  0.002075	  0.003333	     -1.00	    618.09	    693.47	      2.96	      2.77	     51.73	     48.42	-8.64	 4.486e-05	      3.79	0	Gaussian	293.656909	44.051943
197	1	  0.002169	  0.003129	     -1.00	    208.81	    502.73	      2.94	      2.87	     51.53	     50.24	15.71	 9.524e-05	      3.82	0	Gaussian	296.120805	45.156667
198	1	  0.002141	  0.003391	     -1.00	     15.54	    771.70	      2.95	      2.65	     51.65	     46.36	0.49	 1.332e-04	      3.82	0	Gaussian	297.521785	43.992118
199	1	  0.002128	  0.003382	     -1.00	    611.21	     35.74	      2.84	      2.75	     49.63	     48.12	-13.51	 6.732e-05	      3.83	0	Gaussian	293.137507	47.069229
200	1	  0.002095	  0.003322	     -1.00	    632.49	    137.28	      2.87	      2.74	     50.22	     47.98	-34.67	 5.860e-05	      3.83	0	Gaussian	293.089659	46.591275
201	1	  0.002116	  0.002652	     -1.00	    111.13	    559.18	      3.54	      2.71	     61.96	     47.43	34.78	 8.381e-05	      3.83	0	Gaussian	296.787807	44.940575
202	1	  0.002145	  0.003434	     -1.00	     68.63	    550.90	      2.79	      2.72	     48.80	     47.62	-18.31	 1.037e-04	      3.84	0	Gaussian	297.058325	44.997821
203	1	  0.002153	  0.003330	     -1.00	    506.07	    130.19	      2.86	      2.72	     50.11	     47.62	1.41	 2.680e-04	      3.84	0	Gaussian	293.908901	46.706680
204	1	  0.002121	  0.003393	     -1.00	    177.36	    309.68	      2.85	      2.67	     49.80	     46.81	-13.38	 7.468e-05	      3.84	0	Gaussian	296.200682	46.066111
205	1	  0.002078	  0.002935	     -1.00	    742.35	    511.01	      2.91	      2.91	     51.01	     50.97	7.26	 4.514e-05	      3.85	0	Gaussian	292.721751	44.809216
206	1	  0.002148	  0.003400	     -1.00	    488.07	    551.43	      2.85	      2.66	     49.84	     46.52	-5.60	 1.141e-04	      3.85	0	Gaussian	294.363815	44.782416
207	1	  0.002104	  0.002995	     -1.00	    648.60	    564.17	      3.04	      2.82	     53.17	     49.33	-8.38	 6.106e-05	      3.86	0	Gaussian	293.358114	44.626652
208	1	  0.002110	  0.002961	     -1.00	    789.20	    260.42	      3.09	      2.77	     54.02	     48.43	-34.47	 6.022e-05	      3.86	0	Gaussian	292.193570	45.920471
209	1	  0.002129	  0.002692	     -1.00	    755.42	     66.88	      3.35	      2.81	     58.62	     49.24	-4.03	 7.590e-05	      3.86	0	Gaussian	292.225519	46.825550
210	1	  0.002115	  0.003356	     -1.00	     17.85	    100.83	      2.71	      2.67	     47.49	     46.78	-2.96	 5.903e-05	      3.88	0	Gaussian	297.132186	47.109161
211	1	  0.002090	  0.003080	     -1.00	     93.57	    733.68	      2.97	      2.74	     51.93	     47.95	-3.77	 4.057e-05	      3.88	0	Gaussian	297.002116	44.137072
212	1	  0.002272	  0.003478	     -1.00	    514.40	    140.09	      2.70	      2.65	     47.32	     46.38	-47.11	 3.861e-04	      3.89	0	Gaussian	293.862667	46.656019
213	1	  0.002098	  0.002909	     -1.00	    707.05	    127.22	      2.91	      2.87	     50.90	     50.23	11.01	 6.186e-05	      3.90	0	Gaussian	292.596437	46.585590
214	1	  0.002077	  0.002809	     -1.00	    703.89	    681.65	      3.07	      2.87	     53.81	     50.23	-1.06	 3.888e-05	      3.90	0	Gaussian	293.111756	44.053032
215	1	  0.002214	  0.003421	     -1.00	    320.91	    415.12	      2.66	      2.59	     46.61	     45.41	-25.17	 2.607e-04	      3.91	0	Gaussian	295.335599	45.504419
216	1	  0.002093	  0.002854	     -1.00	    360.35	     69.58	      2.91	      2.89	     50.99	     50.61	-42.64	 5.676e-05	      3.91	0	Gaussian	294.821335	47.073930
217	1	  0.002089	  0.002705	     -1.00	    198.48	    121.19	      2.98	      2.87	     52.12	     50.31	58.65	 5.146e-05	      3.91	0	Gaussian	295.935424	46.926357
218	1	  0.002253	  0.003462	     -1.00	    496.78	    575.66	      2.64	      2.58	     46.17	     45.19	0.00	 7.225e-04	      3.92	0	Gaussian	294.327204	44.665769
219	1	  0.002112	  0.003001	     -1.00	    763.82	    437.24	      2.94	      2.76	     51.42	     48.29	-24.29	 1.012e-04	      3.92	0	Gaussian	292.519736	45.131824
220	1	  0.002149	  0.003180	     -1.00	    658.38	    146.28	      2.82	      2.67	     49.38	     46.74	-27.15	 1.684e-04	      3.92	0	Gaussian	292.929586	46.532501
221	1	  0.002136	  0.003121	     -1.00	    586.80	    281.53	      2.86	      2.67	     50.13	     46.76	-7.15	 1.308e-04	      3.93	0	Gaussian	293.511789	45.961732
222	1	  0.002134	  0.002975	     -1.00	    402.77	    554.64	      2.86	      2.78	     50.13	     48.61	-6.39	 1.356e-04	      3.93	0	Gaussian	294.909785	44.815776
223	1	  0.002078	  0.002537	     -1.00	    135.63	    267.46	      3.26	      2.83	     57.03	     49.61	53.95	 4.920e-05	      3.93	0	Gaussian	296.448711	46.282012
224	1	  0.002104	  0.002996	     -1.00	    361.63	    216.63	      2.89	      2.72	     50.63	     47.59	-11.47	 5.923e-05	      3.95	0	Gaussian	294.924917	46.396974
225	1	  0.002104	  0.002418	     -1.00	    167.78	     18.10	      3.12	      3.09	     54.66	     54.15	-34.97	 7.316e-05	      3.95	0	Gaussian	296.070944	47.417926
226	1	  0.002088	  0.002712	     -1.00	    789.85	    641.89	      2.96	      2.90	     51.81	     50.82	-6.61	 5.232e-05	      3.95	0	Gaussian	292.542173	44.179165
227	1	  0.002112	  0.002997	     -1.00	    614.06	    142.60	      2.89	      2.72	     50.67	     47.56	-17.07	 6.352e-05	      3.95	0	Gaussian	293.214263	46.579391
228	1	  0.002092	  0.001494	     -1.00	     51.01	    717.89	      5.13	      3.03	     89.77	     53.06	-23.10	 7.249e-05	      3.95	0	Gaussian	297.265699	44.228439
229	1	  0.002099	  0.000762	     -1.00	    268.67	    671.83	      7.36	      4.08	    128.87	     71.37	52.49	 7.943e-05	      3.96	0	Gaussian	295.846702	44.343783
230	1	  0.002102	  0.002921	     -1.00	    453.72	    242.37	      2.94	      2.71	     51.51	     47.39	-15.34	 4.718e-05	      3.96	0	Gaussian	294.342549	46.224430
231	1	  0.002099	  0.002576	     -1.00	    545.21	    318.19	      3.18	      2.79	     55.61	     48.89	-17.40	 7.274e-05	      3.96	0	Gaussian	293.810966	45.820059
232	1	  0.002083	  0.001164	     -1.00	     22.45	    537.71	      5.85	      3.28	    102.48	     57.38	66.49	 8.159e-05	      3.96	0	Gaussian	297.350894	45.078897
233	1	  0.002131	  0.003062	     -1.00	    477.98	    214.70	      2.76	      2.70	     48.28	     47.26	-16.66	 8.549e-05	      3.97	0	Gaussian	294.162145	46.336693
234	1	  0.002122	  0.002852	     -1.00	    366.77	    296.37	      2.92	      2.75	     51.06	     48.09	-17.43	 1.617e-04	      3.98	0	Gaussian	294.951035	46.026823
235	1	  0.002129	  0.003002	     -1.00	    303.44	    127.07	      2.80	      2.70	     48.99	     47.30	-19.28	 6.997e-05	      3.98	0	Gaussian	295.242056	46.842286
236	1	  0.002102	  0.002843	     -1.00	    267.17	    373.74	      2.93	      2.72	     51.37	     47.57	-16.00	 4.929e-05	      3.99	0	Gaussian	295.655796	45.724063
237	1	  0.002115	  0.002659	     -1.00	    667.05	    523.55	      2.96	      2.85	     51.74	     49.96	-23.92	 7.367e-05	      4.00	0	Gaussian	293.207118	44.801171
238	1	  0.002111	  0.002479	     -1.00	    489.03	    343.67	      3.00	      2.97	     52.58	     51.99	-24.35	 9.257e-05	      4.00	0	Gaussian	294.194214	45.737624
239	1	  0.002084	  0.002841	     -1.00	    299.58	    277.33	      2.86	      2.74	     49.98	     47.97	-16.94	 4.873e-05	      4.01	0	Gaussian	295.376380	46.151897
240	1	  0.002093	  0.001237	     -1.00	    690.81	     36.37	      4.72	      3.74	     82.59	     65.45	38.90	 6.942e-05	      4.01	0	Gaussian	292.617065	47.010881
241	1	  0.002171	  0.001774	     -1.00	    415.55	    169.27	      4.21	      2.86	     73.74	     50.07	44.57	 1.680e-04	      4.02	0	Gaussian	294.534519	46.583153
242	1	  0.002136	  0.002835	     -1.00	    250.02	    564.46	      2.85	      2.68	     49.91	     46.83	-6.51	 8.596e-05	      4.02	0	Gaussian	295.895317	44.850418
243	1	  0.002111	  0.001001	     -1.00	    366.68	    662.43	      7.21	      2.99	    126.28	     52.36	0.19	 1.111e-04	      4.02	0	Gaussian	295.217050	44.337389
244	1	  0.002113	  0.002560	     -1.00	    765.26	    156.37	      2.95	      2.91	     51.59	     51.01	-19.54	 7.061e-05	      4.02	0	Gaussian	292.247831	46.411368
245	1	  0.002096	  0.002821	     -1.00	     70.07	    663.83	      2.82	      2.74	     49.37	     47.93	-14.79	 6.090e-05	      4.02	0	Gaussian	297.113211	44.472015
246	1	  0.002092	  0.002090	     -1.00	    563.30	     64.21	      3.54	      2.92	     61.92	     51.04	5.96	 5.445e-05	      4.03	0	Gaussian	293.477133	46.971475
247	1	  0.002106	  0.002638	     -1.00	    568.73	    358.64	      3.01	      2.77	     52.75	     48.46	-13.22	 4.449e-05	      4.03	0	Gaussian	293.693265	45.619765
248	1	  0.002114	  0.002634	     -1.00	    282.38	    437.73	      2.97	      2.80	     51.90	     48.98	-14.69	 6.664e-05	      4.03	0	Gaussian	295.601013	45.420351
249	1	  0.002135	  0.002565	     -1.00	    382.76	    386.02	      2.94	      2.90	     51.51	     50.78	10.93	 7.577e-05	      4.03	0	Gaussian	294.913949	45.604644
250	1	  0.002114	  0.002888	     -1.00	    138.42	    139.71	      2.82	      2.65	     49.38	     46.38	-17.24	 7.893e-05	      4.04	0	Gaussian	296.348247	46.871590
251	1	  0.002132	  0.002551	     -1.00	    148.92	    545.93	      2.88	      2.86	     50.37	     50.09	4.10	 1.006e-04	      4.04	0	Gaussian	296.535350	44.984880
252	1	  0.002095	  0.002619	     -1.00	    217.69	    280.25	      3.00	      2.76	     52.51	     48.25	-21.41	 6.120e-05	      4.04	0	Gaussian	295.916031	46.181802
253	1	  0.002104	  0.002759	     -1.00	    133.94	    194.49	      2.95	      2.65	     51.58	     46.46	-17.71	 6.229e-05	      4.05	0	Gaussian	296.413400	46.620541
254	1	  0.002088	  0.001582	     -1.00	    272.02	    565.98	      4.54	      2.97	     79.47	     51.93	-22.71	 5.744e-05	      4.05	0	Gaussian	295.754975	44.832357
255	1	  0.002157	  0.002495	     -1.00	    703.78	     93.03	      3.02	      2.71	     52.80	     47.49	-5.80	 1.954e-04	      4.05	0	Gaussian	292.585660	46.743642
256	1	  0.002085	  0.002476	     -1.00	    542.00	    673.75	      3.12	      2.71	     54.61	     47.44	-4.57	 4.169e-05	      4.05	0	Gaussian	294.118134	44.187891
257	1	  0.002096	  0.002635	     -1.00	    454.73	    152.68	      2.94	      2.76	     51.45	     48.39	-18.44	 4.447e-05	      4.05	0	Gaussian	294.264107	46.635611
258	1	  0.002094	  0.002510	     -1.00	    686.53	    509.85	      3.02	      2.79	     52.89	     48.75	-24.79	 4.294e-05	      4.06	0	Gaussian	293.072338	44.851329
259	1	  0.002082	  0.001614	     -1.00	    748.79	    712.15	      4.01	      3.23	     70.23	     56.59	12.06	 4.976e-05	      4.07	0	Gaussian	292.859177	43.884581
260	1	  0.002103	  0.000589	     -1.00	    416.95	     33.75	      8.40	      4.13	    147.05	     72.21	-61.59	 9.133e-05	      4.07	0	Gaussian	294.417605	47.204335
261	1	  0.002084	  0.002603	     -1.00	     44.73	    329.77	      2.89	      2.78	     50.62	     48.71	-7.03	 3.192e-05	      4.08	0	Gaussian	297.087070	46.035578
262	1	  0.002115	  0.002503	     -1.00	    562.44	     48.27	      3.01	      2.76	     52.61	     48.26	-36.21	 6.349e-05	      4.08	0	Gaussian	293.468886	47.044869
263	1	  0.002097	  0.002318	     -1.00	    523.60	    246.09	      2.99	      2.98	     52.27	     52.12	-34.53	 7.341e-05	      4.09	0	Gaussian	293.891007	46.164362
264	1	  0.002093	  0.002541	     -1.00	    107.40	    139.84	      3.03	      2.56	     52.97	     44.73	-3.16	 6.977e-05	      4.10	0	Gaussian	296.555457	46.886291
265	1	  0.002094	  0.000599	     -1.00	    573.41	    253.75	      8.92	      3.78	    156.17	     66.13	-8.90	 6.356e-05	      4.10	0	Gaussian	293.574603	46.097597
266	1	  0.002123	  0.002598	     -1.00	    709.02	    142.53	      2.96	      2.55	     51.80	     44.61	-4.29	 1.007e-04	      4.10	0	Gaussian	292.597951	46.514448
267	1	  0.002092	  0.002541	     -1.00	    232.00	    548.50	      2.87	      2.73	     50.17	     47.82	-2.89	 5.625e-05	      4.10	0	Gaussian	296.000798	44.933241
268	1	  0.002103	  0.002487	     -1.00	    784.03	    464.58	      3.00	      2.64	     52.44	     46.13	-4.66	 5.750e-05	      4.11	0	Gaussian	292.417367	44.993146
269	1	  0.002107	  0.001342	     -1.00	    217.43	    316.03	      4.62	      3.23	     80.83	     56.57	38.50	 7.539e-05	      4.11	0	Gaussian	295.941760	46.016557
270	1	  0.002092	  0.000534	     -1.00	    511.84	    663.87	     23.24	      2.98	    406.84	     52.09	7.12	 7.215e-05	      4.11	0	Gaussian	294.300199	44.250832
271	1	  0.002103	  0.002505	     -1.00	    283.98	    774.44	      2.89	      2.74	     50.51	     48.00	-20.62	 8.356e-05	      4.11	0	Gaussian	295.816923	43.860854
272	1	  0.002092	  0.002131	     -1.00	    223.27	    631.05	      3.08	      3.02	     53.97	     52.91	18.53	 6.376e-05	      4.11	0	Gaussian	296.110224	44.554921
273	1	  0.002093	  0.002224	     -1.00	    520.13	    789.82	      3.03	      2.98	     53.01	     52.22	-8.13	 5.632e-05	      4.12	0	Gaussian	294.344689	43.665796
274	1	  0.002131	  0.002395	     -1.00	    622.01	    346.87	      2.95	      2.80	     51.68	     49.06	-12.65	 1.049e-04	      4.12	0	Gaussian	293.341456	45.639641
275	1	  0.002128	  0.002293	     -1.00	    641.19	    775.53	      3.17	      2.79	     55.42	     48.80	-13.97	 7.231e-05	      4.13	0	Gaussian	293.579979	43.661008
276	1	  0.002101	  0.002357	     -1.00	    136.15	    558.30	      3.04	      2.81	     53.20	     49.11	4.53	 5.960e-05	      4.13	0	Gaussian	296.625489	44.933334
277	1	  0.002124	  0.002241	     -1.00	    295.69	     88.10	      3.03	      2.89	     53.12	     50.54	-53.45	 1.181e-04	      4.13	0	Gaussian	295.264844	47.026029
278	1	  0.002128	  0.002648	     -1.00	    220.60	    148.23	      2.79	      2.68	     48.82	     46.82	-15.39	 6.722e-05	      4.14	0	Gaussian	295.806739	46.789952
279	1	  0.002166	  0.002705	     -1.00	    261.21	    773.94	      2.74	      2.65	     47.96	     46.36	20.68	 2.648e-04	      4.14	0	Gaussian	295.960549	43.874178
280	1	  0.002099	  0.002427	     -1.00	     93.86	    206.61	      2.93	      2.76	     51.26	     48.32	14.89	 6.883e-05	      4.15	0	Gaussian	296.687519	46.583842
281	1	  0.002124	  0.002164	     -1.00	    784.25	    432.48	      3.07	      2.94	     53.71	     51.51	-30.49	 1.019e-04	      4.16	0	Gaussian	292.386379	45.139518
282	1	  0.002094	  0.002424	     -1.00	     18.25	    276.82	      2.90	      2.77	     50.81	     48.42	1.65	 4.332e-05	      4.16	0	Gaussian	297.231819	46.293076
283	1	  0.002167	  0.002428	     -1.00	    563.20	     90.79	      2.91	      2.74	     50.88	     47.93	-8.50	 2.929e-04	      4.17	0	Gaussian	293.500949	46.850043
284	1	  0.002101	  0.002397	     -1.00	    649.05	    628.56	      2.99	      2.60	     52.31	     45.52	-3.85	 5.609e-05	      4.17	0	Gaussian	293.409432	44.330983
285	1	  0.002085	  0.002125	     -1.00	     73.80	    716.91	      3.13	      2.93	     54.74	     51.27	14.37	 3.091e-05	      4.17	0	Gaussian	297.119125	44.223491
286	1	  0.002102	  0.002298	     -1.00	    695.96	    257.89	      2.97	      2.78	     51.98	     48.61	-21.68	 6.908e-05	      4.17	0	Gaussian	292.788302	45.997261
287	1	  0.002127	  0.002366	     -1.00	    399.64	    231.59	      2.97	      2.72	     51.93	     47.63	-14.42	 1.273e-04	      4.18	0	Gaussian	294.687238	46.306077
288	1	  0.002089	  0.000875	     -1.00	    500.92	    508.71	      6.63	      3.17	    116.13	     55.45	-6.87	 5.490e-05	      4.18	0	Gaussian	294.248665	44.971557
289	1	  0.002091	  0.002380	     -1.00	     37.87	     90.82	      2.81	      2.75	     49.13	     48.16	5.45	 5.431e-05	      4.18	0	Gaussian	296.991545	47.146254
290	1	  0.002175	  0.002596	     -1.00	    558.05	     97.70	      2.77	      2.63	     48.57	     46.06	-23.80	 2.808e-04	      4.18	0	Gaussian	293.540708	46.821806
291	1	  0.002087	  0.000566	     -1.00	    459.04	    284.40	      7.83	      4.25	    136.99	     74.37	2.10	 5.892e-05	      4.18	0	Gaussian	294.341308	46.028065
292	1	  0.002123	  0.002354	     -1.00	    229.41	    609.60	      2.91	      2.75	     50.98	     48.19	3.94	 6.424e-05	      4.19	0	Gaussian	296.057103	44.651366
293	1	  0.002085	  0.002162	     -1.00	    613.62	    625.23	      3.10	      2.84	     54.31	     49.67	-10.86	 2.990e-05	      4.19	0	Gaussian	293.629054	44.368150
294	1	  0.002100	  0.001989	     -1.00	    339.33	    730.17	      3.23	      2.98	     56.56	     52.17	-2.37	 8.181e-05	      4.19	0	Gaussian	295.437343	44.038245
295	1	  0.002115	  0.002157	     -1.00	    736.46	    596.10	      3.06	      2.86	     53.55	     50.00	-16.35	 5.304e-05	      4.20	0	Gaussian	292.834217	44.423877
296	1	  0.002111	  0.002273	     -1.00	    197.07	    454.65	      3.03	      2.76	     53.02	     48.24	-20.89	 5.767e-05	      4.20	0	Gaussian	296.165849	45.385179
297	1	  0.002095	  0.001627	     -1.00	    567.41	    343.83	      3.66	      3.02	     64.13	     52.87	-39.50	 6.257e-05	      4.20	0	Gaussian	293.689373	45.688533
298	1	  0.002153	  0.002453	     -1.00	    409.25	    752.47	      2.90	      2.60	     50.76	     45.52	-10.28	 2.109e-04	      4.21	0	Gaussian	295.011919	43.898790
299	1	  0.002078	  0.001976	     -1.00	    750.06	    477.92	      3.06	      3.05	     53.64	     53.32	-26.86	 3.648e-05	      4.21	0	Gaussian	292.643483	44.955324
300	1	  0.002125	  0.002257	     -1.00	    166.32	    476.59	      2.89	      2.80	     50.60	     48.95	7.75	 6.255e-05	      4.22	0	Gaussian	296.379553	45.298330
301	1	  0.002118	  0.002179	     -1.00	    691.92	    438.25	      3.00	      2.81	     52.52	     49.14	-23.55	 1.184e-04	      4.22	0	Gaussian	292.975540	45.175562
302	1	  0.002117	  0.002282	     -1.00	     67.73	    472.98	      2.85	      2.78	     49.85	     48.65	-47.36	 8.228e-05	      4.23	0	Gaussian	297.019220	45.360356
303	1	  0.002104	  0.002091	     -1.00	    524.62	    488.99	      2.97	      2.95	     52.05	     51.62	83.95	 4.732e-05	      4.23	0	Gaussian	294.081971	45.048167
304	1	  0.002136	  0.002281	     -1.00	    396.72	    289.82	      2.84	      2.78	     49.79	     48.68	-25.48	 1.026e-04	      4.23	0	Gaussian	294.750886	46.039838
305	1	  0.002105	  0.002090	     -1.00	    688.77	    276.26	      3.07	      2.85	     53.81	     49.83	-25.04	 6.590e-05	      4.23	0	Gaussian	292.851056	45.918292
306	1	  0.002137	  0.002251	     -1.00	    647.97	    157.52	      2.92	      2.57	     51.16	     44.99	-7.62	 1.244e-04	      4.24	0	Gaussian	293.007280	46.488333
307	1	  0.002128	  0.001900	     -1.00	    328.14	     68.29	      3.54	      2.67	     61.96	     46.65	1.37	 8.558e-05	      4.24	0	Gaussian	295.034326	47.098630
308	1	  0.002089	  0.001931	     -1.00	    623.05	    648.30	      3.22	      2.93	     56.32	     51.20	-15.92	 3.906e-05	      4.25	0	Gaussian	293.588837	44.256421
309	1	  0.002099	  0.002137	     -1.00	    239.26	     17.03	      2.80	      2.80	     48.93	     48.93	86.04	 6.621e-05	      4.26	0	Gaussian	295.590074	47.384533
310	1	  0.002087	  0.000725	     -1.00	    505.74	    762.89	      7.64	      3.11	    133.66	     54.45	-23.29	 6.837e-05	      4.27	0	Gaussian	294.414197	43.797998
311	1	  0.002083	  0.001963	     -1.00	    259.95	    132.50	      3.04	      2.78	     53.24	     48.72	-12.70	 4.953e-05	      4.27	0	Gaussian	295.534422	46.841320
312	1	  0.002140	  0.002140	     -1.00	    348.33	     20.35	      2.90	      2.80	     50.73	     49.07	-41.89	 1.071e-04	      4.27	0	Gaussian	294.863389	47.307107
313	1	  0.002093	  0.000832	     -1.00	    304.77	    233.70	      6.07	      3.27	    106.26	     57.32	-35.92	 5.217e-05	      4.27	0	Gaussian	295.310943	46.350279
314	1	  0.002126	  0.002108	     -1.00	    207.65	    251.37	      2.94	      2.79	     51.49	     48.86	-25.86	 7.594e-05	      4.28	0	Gaussian	295.962719	46.320457
315	1	  0.002099	  0.000202	     -1.00	    356.57	    241.88	     13.75	      5.92	    240.67	    103.70	-6.13	 8.842e-05	      4.29	0	Gaussian	294.977048	46.283579
316	1	  0.002115	  0.001747	     -1.00	    400.62	    377.24	      3.22	      2.99	     56.43	     52.40	62.94	 4.716e-05	      4.29	0	Gaussian	294.791750	45.635022
317	1	  0.002112	  0.001991	     -1.00	    754.56	    617.13	      3.06	      2.82	     53.62	     49.41	-17.23	 1.271e-04	      4.29	0	Gaussian	292.739773	44.315773
318	1	  0.002097	  0.002099	     -1.00	    761.04	    212.46	      2.92	      2.62	     51.17	     45.85	-5.59	 4.632e-05	      4.30	0	Gaussian	292.328290	46.158988
319	1	  0.002118	  0.002018	     -1.00	    305.39	    402.95	      3.02	      2.74	     52.83	     47.88	-20.73	 7.925e-05	      4.30	0	Gaussian	295.427577	45.568912
320	1	  0.002113	  0.001917	     -1.00	    413.01	    246.29	      3.06	      2.78	     53.50	     48.60	4.34	 7.437e-05	      4.30	0	Gaussian	294.611196	46.230644
321	1	  0.002089	  0.002021	     -1.00	    311.93	    384.43	      3.08	      2.76	     53.87	     48.33	-14.34	 4.622e-05	      4.31	0	Gaussian	295.372047	45.650921
322	1	  0.002096	  0.001420	     -1.00	    674.81	    556.81	      3.48	      3.35	     60.92	     58.66	-60.43	 4.451e-05	      4.32	0	Gaussian	293.186782	44.643748
323	1	  0.002077	  0.001901	     -1.00	    593.01	    190.68	      3.16	      2.77	     55.35	     48.46	-6.63	 4.460e-05	      4.32	0	Gaussian	293.393320	46.373563
324	1	  0.002093	  0.001894	     -1.00	    579.58	     82.14	      3.08	      2.87	     53.95	     50.22	-23.50	 6.287e-05	      4.32	0	Gaussian	293.386115	46.878729
325	1	  0.002142	  0.002056	     -1.00	    572.49	     19.89	      3.00	      2.53	     52.43	     44.22	-42.99	 9.250e-05	      4.33	0	Gaussian	293.377846	47.167776
326	1	  0.002095	  0.001963	     -1.00	    383.36	     52.91	      3.01	      2.68	     52.66	     46.83	1.42	 4.020e-05	      4.34	0	Gaussian	294.655726	47.136773
327	1	  0.002088	  0.001868	     -1.00	    196.59	    757.81	      3.20	      2.76	     56.04	     48.32	-10.69	 4.859e-05	      4.34	0	Gaussian	296.360000	43.979344
328	1	  0.002097	  0.002122	     -1.00	    309.05	    207.50	      2.92	      2.54	     51.06	     44.38	-4.25	 7.504e-05	      4.34	0	Gaussian	295.263770	46.468696
329	1	  0.002110	  0.001456	     -1.00	    375.72	    445.61	      3.43	      3.15	     60.00	     55.10	41.17	 4.450e-05	      4.34	0	Gaussian	295.003420	45.333780
330	1	  0.002180	  0.001934	     -1.00	    577.40	    569.63	      3.14	      2.69	     54.89	     47.15	8.27	 2.053e-04	      4.34	0	Gaussian	293.811902	44.645671
331	1	  0.002135	  0.001924	     -1.00	    478.41	    391.90	      3.00	      2.80	     52.59	     49.06	-27.79	 1.534e-04	      4.35	0	Gaussian	294.301025	45.522249
332	1	  0.002138	  0.001982	     -1.00	    528.59	    627.86	      2.97	      2.75	     51.97	     48.11	-13.16	 1.144e-04	      4.36	0	Gaussian	294.166636	44.406955
333	1	  0.002109	  0.002000	     -1.00	     95.97	    119.48	      2.96	      2.71	     51.81	     47.47	-17.69	 9.396e-05	      4.37	0	Gaussian	296.619137	46.986020
334	1	  0.002102	  0.001796	     -1.00	    122.11	    485.40	      3.12	      2.86	     54.68	     50.03	-32.23	 4.751e-05	      4.38	0	Gaussian	296.672345	45.278163
335	1	  0.002099	  0.001902	     -1.00	    352.70	    434.98	      2.94	      2.84	     51.52	     49.76	-74.71	 4.554e-05	      4.38	0	Gaussian	295.144204	45.395498
336	1	  0.002163	  0.002097	     -1.00	    195.76	     70.46	      2.85	      2.66	     49.83	     46.51	-8.26	 1.351e-04	      4.38	0	Gaussian	295.918889	47.161818
337	1	  0.002089	  0.001450	     -1.00	    348.48	    704.26	      3.40	      3.24	     59.48	     56.71	-30.14	 5.793e-05	      4.38	0	Gaussian	295.361641	44.153454
338	1	  0.002091	  0.001977	     -1.00	    128.94	     69.31	      2.94	      2.70	     51.51	     47.34	-20.21	 3.118e-05	      4.38	0	Gaussian	296.365950	47.201546
339	1	  0.002102	  0.001947	     -1.00	    282.03	    134.96	      2.77	      2.77	     48.42	     48.40	-34.28	 8.106e-05	      4.39	0	Gaussian	295.389669	46.817880
340	1	  0.002145	  0.001670	     -1.00	    212.05	    342.39	      3.43	      2.81	     60.12	     49.22	-23.31	 1.534e-04	      4.39	0	Gaussian	295.994603	45.897383
341	1	  0.002074	  0.001713	     -1.00	    488.32	    173.58	      3.17	      2.91	     55.44	     50.87	-15.74	 4.224e-05	      4.39	0	Gaussian	294.061093	46.518961
342	1	  0.002088	  0.001683	     -1.00	    688.43	    416.16	      3.19	      2.92	     55.87	     51.11	-19.41	 3.201e-05	      4.39	0	Gaussian	292.978174	45.278920
343	1	  0.002104	  0.001577	     -1.00	    516.96	    591.25	      3.55	      2.86	     62.05	     50.12	-8.24	 5.912e-05	      4.39	0	Gaussian	294.211451	44.582246
344	1	  0.002092	  0.001668	     -1.00	    331.00	     96.81	      3.20	      2.85	     55.93	     49.92	-2.63	 4.392e-05	      4.40	0	Gaussian	295.036834	46.965858
345	1	  0.002098	  0.000663	     -1.00	    468.25	    430.47	      7.17	      3.26	    125.45	     57.13	52.30	 1.188e-04	      4.40	0	Gaussian	294.396543	45.350790
346	1	  0.002072	  0.001628	     -1.00	    552.24	    688.69	      3.18	      3.04	     55.69	     53.20	-5.31	 3.108e-05	      4.40	0	Gaussian	294.065512	44.113149
347	1	  0.002102	  0.001677	     -1.00	     39.92	    144.94	      3.00	      2.98	     52.56	     52.22	-45.95	 6.257e-05	      4.41	0	Gaussian	297.010154	46.894751
348	1	  0.002092	  0.001781	     -1.00	    459.75	    264.71	      3.07	      2.86	     53.67	     50.00	-27.05	 3.968e-05	      4.41	0	Gaussian	294.321022	46.118146
349	1	  0.002132	  0.001450	     -1.00	    393.21	    766.78	      3.46	      3.18	     60.48	     55.60	-23.45	 9.268e-05	      4.41	0	Gaussian	295.123009	43.841111
350	1	  0.002129	  0.001625	     -1.00	    721.76	    629.63	      3.38	      2.77	     59.08	     48.45	-13.04	 8.486e-05	      4.41	0	Gaussian	292.955432	44.279947
351	1	  0.002166	  0.001460	     -1.00	    782.35	    316.63	      3.55	      3.06	     62.17	     53.64	18.23	 1.734e-04	      4.41	0	Gaussian	292.290401	45.669250
352	1	  0.002073	  0.001678	     -1.00	    249.50	    241.53	      3.15	      2.88	     55.13	     50.36	-42.49	 4.122e-05	      4.41	0	Gaussian	295.680161	46.344039
353	1	  0.002165	  0.002260	     -1.00	    268.48	    775.52	      2.63	      2.42	     46.04	     42.41	-3.81	 3.005e-04	      4.42	0	Gaussian	295.915574	43.863355
354	1	  0.002622	  0.003316	     -1.00	    355.87	    573.49	      2.13	      1.99	     37.27	     34.85	-1.53	 3.264e-03	      4.43	0	Gaussian	295.223037	44.754123
355	1	  0.002114	  0.001524	     -1.00	    703.79	    623.59	      3.46	      2.93	     60.51	     51.25	-9.70	 5.900e-05	      4.43	0	Gaussian	293.062509	44.319167
356	1	  0.002094	  0.001625	     -1.00	    509.90	    289.39	      3.35	      2.85	     58.71	     49.81	-13.73	 8.493e-05	      4.44	0	Gaussian	294.015464	45.974189
357	1	  0.002095	  0.000978	     -1.00	    643.05	    608.39	      4.71	      3.24	     82.44	     56.70	-1.45	 6.719e-05	      4.44	0	Gaussian	293.430216	44.427280
358	1	  0.002241	  0.002381	     -1.00	    321.49	    406.58	      2.53	      2.35	     44.31	     41.21	-12.04	 3.609e-04	      4.44	0	Gaussian	295.325746	45.543501
359	1	  0.002096	  0.001765	     -1.00	    218.09	    792.09	      2.98	      2.87	     52.10	     50.26	2.99	 3.905e-05	      4.44	0	Gaussian	296.244890	43.810265
360	1	  0.002092	  0.001513	     -1.00	    620.81	    594.76	      3.34	      3.04	     58.49	     53.18	-18.84	 4.691e-05	      4.45	0	Gaussian	293.558680	44.503644
361	1	  0.002140	  0.001230	     -1.00	    785.64	    325.62	      3.69	      3.27	     64.51	     57.17	-22.92	 1.848e-04	      4.45	0	Gaussian	292.277952	45.625913
362	1	  0.002082	  0.000893	     -1.00	    659.07	    771.04	      5.66	      2.94	     99.08	     51.54	-24.26	 4.204e-05	      4.45	0	Gaussian	293.465387	43.670772
363	1	  0.002091	  0.000667	     -1.00	    627.56	    165.43	      6.37	      3.33	    111.54	     58.24	-64.83	 6.977e-05	      4.46	0	Gaussian	293.146787	46.466023
364	1	  0.002114	  0.001637	     -1.00	    340.73	    749.71	      3.12	      2.92	     54.53	     51.02	9.05	 8.820e-05	      4.46	0	Gaussian	295.441874	43.947148
365	1	  0.002145	  0.001946	     -1.00	    110.23	    336.07	      2.80	      2.69	     48.93	     47.09	-78.13	 1.235e-04	      4.46	0	Gaussian	296.659010	45.976316
366	1	  0.002125	  0.000478	     -1.00	    129.80	    576.05	      9.42	      3.30	    164.83	     57.72	2.86	 2.386e-04	      4.47	0	Gaussian	296.677163	44.853830
367	1	  0.002098	  0.000862	     -1.00	    642.95	    338.66	      4.65	      3.58	     81.43	     62.74	-10.72	 8.349e-05	      4.47	0	Gaussian	293.200227	45.663597
368	1	  0.002112	  0.001483	     -1.00	    458.14	    686.68	      3.52	      2.75	     61.56	     48.14	-1.52	 6.307e-05	      4.48	0	Gaussian	294.655958	44.175964
369	1	  0.002099	  0.001697	     -1.00	    178.85	    247.39	      3.09	      2.77	     54.14	     48.50	-22.73	 4.984e-05	      4.49	0	Gaussian	296.150133	46.353478
370	1	  0.002121	  0.001721	     -1.00	    325.23	    450.31	      3.07	      2.71	     53.71	     47.37	-14.93	 7.400e-05	      4.49	0	Gaussian	295.332566	45.339584
371	1	  0.002081	  0.001260	     -1.00	    661.81	    167.95	      3.62	      2.97	     63.30	     51.96	-26.12	 4.332e-05	      4.49	0	Gaussian	292.926965	46.431252
372	1	  0.002186	  0.001730	     -1.00	    366.33	    142.51	      3.01	      2.73	     52.74	     47.71	-7.40	 2.023e-04	      4.50	0	Gaussian	294.837731	46.735229
373	1	  0.002175	  0.001535	     -1.00	    694.89	     98.80	      3.23	      2.77	     56.56	     48.52	-11.32	 2.673e-04	      4.51	0	Gaussian	292.648833	46.723658
374	1	  0.002109	  0.001648	     -1.00	    178.51	    295.02	      3.06	      2.70	     53.56	     47.25	4.30	 7.469e-05	      4.52	0	Gaussian	296.183580	46.133372
375	1	  0.002161	  0.001714	     -1.00	    324.71	    278.11	      2.93	      2.77	     51.31	     48.51	-5.93	 2.006e-04	      4.52	0	Gaussian	295.212384	46.134526
376	1	  0.002112	  0.001275	     -1.00	    549.65	    111.66	      3.52	      3.20	     61.62	     56.04	-4.63	 4.694e-05	      4.52	0	Gaussian	293.607713	46.763448
377	1	  0.002105	  0.001537	     -1.00	    562.05	    735.60	      3.24	      2.74	     56.64	     48.01	-2.69	 7.776e-05	      4.53	0	Gaussian	294.040983	43.891497
378	1	  0.002109	  0.000573	     -1.00	     98.37	    106.59	      7.01	      3.22	    122.62	     56.40	72.38	 1.483e-04	      4.53	0	Gaussian	296.594929	47.044441
379	1	  0.002147	  0.001821	     -1.00	    243.16	     74.57	      2.85	      2.65	     49.93	     46.31	-35.47	 1.252e-04	      4.53	0	Gaussian	295.604993	47.117454
380	1	  0.002105	  0.001700	     -1.00	     31.62	    341.25	      2.98	      2.72	     52.16	     47.68	-12.02	 5.975e-05	      4.53	0	Gaussian	297.180265	45.988117
381	1	  0.002183	  0.001484	     -1.00	    730.51	    643.57	      3.06	      2.91	     53.51	     50.89	-46.56	 1.734e-04	      4.53	0	Gaussian	292.913019	44.210453
382	1	  0.002114	  0.001709	     -1.00	    128.75	    106.47	      3.04	      2.66	     53.15	     46.48	-20.07	 1.024e-04	      4.53	0	Gaussian	296.391320	47.030011
383	1	  0.002121	  0.001520	     -1.00	    595.46	    255.68	      3.19	      2.83	     55.76	     49.56	-14.39	 6.001e-05	      4.54	0	Gaussian	293.433752	46.074476
384	1	  0.002168	  0.001463	     -1.00	    366.11	    153.09	      3.03	      3.02	     53.02	     52.90	35.04	 2.208e-04	      4.54	0	Gaussian	294.847256	46.686684
385	1	  0.002080	  0.001580	     -1.00	    177.21	    753.25	      3.08	      2.82	     53.92	     49.36	-5.53	 3.228e-05	      4.54	0	Gaussian	296.480390	44.009316
386	1	  0.002109	  0.000736	     -1.00	    764.02	    408.73	      5.44	      3.39	     95.16	     59.40	9.13	 7.357e-05	      4.55	0	Gaussian	292.492292	45.261856
387	1	  0.002082	  0.001479	     -1.00	    247.91	    281.92	      2.94	      2.94	     51.46	     51.37	-0.78	 3.080e-05	      4.56	0	Gaussian	295.718533	46.158367
388	1	  0.002083	  0.001551	     -1.00	    256.92	    612.11	      2.99	      2.87	     52.32	     50.17	-22.95	 3.800e-05	      4.56	0	Gaussian	295.882476	44.626249
389	1	  0.002114	  0.000921	     -1.00	    333.55	    606.50	      4.50	      3.18	     78.70	     55.67	49.70	 1.534e-04	      4.56	0	Gaussian	295.388745	44.613320
390	1	  0.002098	  0.001295	     -1.00	    661.79	     14.52	      3.47	      3.08	     60.79	     53.86	-10.50	 8.546e-05	      4.56	0	Gaussian	292.786467	47.130872
391	1	  0.002227	  0.001642	     -1.00	    468.09	    200.49	      2.96	      2.60	     51.85	     45.52	0.57	 1.750e-04	      4.57	0	Gaussian	294.215181	46.407967
392	1	  0.002091	  0.001322	     -1.00	    274.16	    624.32	      3.28	      3.09	     57.35	     54.14	17.43	 5.899e-05	      4.57	0	Gaussian	295.780271	44.561138
393	1	  0.002099	  0.001469	     -1.00	    731.05	    420.60	      3.25	      2.80	     56.82	     49.03	-6.39	 5.966e-05	      4.57	0	Gaussian	292.711862	45.230106
394	1	  0.002106	  0.001510	     -1.00	    222.58	    342.80	      3.22	      2.76	     56.36	     48.29	-0.56	 1.086e-04	      4.57	0	Gaussian	295.925952	45.890134
395	1	  0.002096	  0.001477	     -1.00	    420.86	     14.63	      3.15	      2.91	     55.20	     50.94	-25.26	 4.969e-05	      4.57	0	Gaussian	294.376228	47.289555
396	1	  0.002104	  0.001427	     -1.00	    613.57	    241.62	      3.28	      2.88	     57.47	     50.33	-12.93	 5.056e-05	      4.57	0	Gaussian	293.304519	46.126955
397	1	  0.002266	  0.002088	     -1.00	    339.35	    188.37	      2.49	      2.39	     43.53	     41.83	-13.06	 5.606e-04	      4.58	0	Gaussian	295.050163	46.539760
398	1	  0.002120	  0.001385	     -1.00	     57.88	    363.95	      3.24	      2.85	     56.75	     49.87	-12.52	 9.014e-05	      4.59	0	Gaussian	297.020329	45.871053
399	1	  0.002078	  0.001268	     -1.00	    623.17	     95.36	      3.53	      2.96	     61.80	     51.78	-15.19	 2.623e-05	      4.59	0	Gaussian	293.112754	46.788990
400	1	  0.002086	  0.000966	     -1.00	    154.74	    117.88	      4.69	      2.87	     82.01	     50.18	-6.03	 4.600e-05	      4.59	0	Gaussian	296.224991	46.964190
401	1	  0.002168	  0.001389	     -1.00	    451.92	    654.56	      3.48	      2.68	     60.96	     46.88	-18.60	 2.590e-04	      4.60	0	Gaussian	294.671371	44.327618
402	1	  0.002092	  0.001442	     -1.00	     92.91	    501.78	      3.10	      2.93	     54.22	     51.20	7.02	 3.648e-05	      4.60	0	Gaussian	296.872038	45.215377
403	1	  0.002101	  0.001537	     -1.00	    237.24	    534.44	      3.03	      2.79	     53.03	     48.90	-13.40	 5.235e-05	      4.60	0	Gaussian	295.957860	44.995766
404	1	  0.002196	  0.000835	     -1.00	    449.97	    223.61	      4.55	      3.31	     79.69	     57.92	-12.99	 1.317e-04	      4.60	0	Gaussian	294.352081	46.312848
405	1	  0.002102	  0.000620	     -1.00	    215.16	     34.34	      6.28	      3.13	    109.84	     54.82	-48.81	 1.017e-04	      4.61	0	Gaussian	295.763933	47.317928
406	1	  0.002115	  0.001339	     -1.00	    627.75	     69.12	      3.26	      2.87	     57.03	     50.25	-21.51	 1.158e-04	      4.61	0	Gaussian	293.059239	46.905629
407	1	  0.002120	  0.001351	     -1.00	    641.61	    672.37	      3.34	      2.87	     58.38	     50.31	-15.34	 8.694e-05	      4.61	0	Gaussian	293.492532	44.134530
408	1	  0.002144	  0.001424	     -1.00	    662.87	    401.35	      3.25	      2.71	     56.87	     47.35	-0.45	 1.029e-04	      4.62	0	Gaussian	293.127718	45.363571
409	1	  0.002106	  0.001295	     -1.00	    515.84	     22.53	      3.31	      3.04	     57.98	     53.18	-11.74	 5.781e-05	      4.62	0	Gaussian	293.753653	47.193147
410	1	  0.002165	  0.001540	     -1.00	    205.24	    385.36	      2.92	      2.82	     51.08	     49.38	-8.31	 9.453e-05	      4.62	0	Gaussian	296.067513	45.701943
411	1	  0.002110	  0.001386	     -1.00	    188.60	    408.21	      3.21	      2.86	     56.19	     49.99	-22.70	 5.829e-05	      4.63	0	Gaussian	296.190973	45.604421
412	1	  0.002074	  0.001272	     -1.00	    743.34	    540.50	      3.37	      3.00	     59.07	     52.44	-9.00	 3.661e-05	      4.63	0	Gaussian	292.741866	44.673693
413	1	  0.002137	  0.000974	     -1.00	    751.63	    347.80	      4.33	      2.96	     75.76	     51.86	-4.03	 1.180e-04	      4.63	0	Gaussian	292.514823	45.548528
414	1	  0.002111	  0.001458	     -1.00	    434.17	    612.76	      3.06	      2.85	     53.52	     49.88	-0.77	 5.711e-05	      4.63	0	Gaussian	294.752705	44.530282
415	1	  0.002099	  0.001401	     -1.00	    225.11	    293.12	      3.12	      2.90	     54.63	     50.80	-21.35	 6.137e-05	      4.64	0	Gaussian	295.875894	46.118509
416	1	  0.002083	  0.000890	     -1.00	    351.19	    652.90	      3.69	      3.69	     64.58	     64.53	-11.59	 4.571e-05	      4.64	0	Gaussian	295.308761	44.389584
417	1	  0.002134	  0.000609	     -1.00	    652.45	    665.10	      6.15	      3.27	    107.61	     57.30	37.43	 1.332e-04	      4.65	0	Gaussian	293.418724	44.161213
418	1	  0.002106	  0.001301	     -1.00	    318.21	    250.08	      3.17	      3.06	     55.43	     53.50	-82.71	 7.419e-05	      4.65	0	Gaussian	295.234561	46.267365
419	1	  0.002090	  0.001343	     -1.00	    605.83	     17.22	      3.20	      2.94	     56.00	     51.44	-17.89	 4.121e-05	      4.65	0	Gaussian	293.156167	47.157371
420	1	  0.002096	  0.000597	     -1.00	    373.50	    257.58	      6.96	      2.91	    121.76	     50.97	-36.28	 6.350e-05	      4.65	0	Gaussian	294.877987	46.201648
421	1	  0.002073	  0.000537	     -1.00	    768.22	    551.23	      7.18	      3.02	    125.64	     52.81	-37.90	 2.434e-05	      4.65	0	Gaussian	292.595515	44.608040
422	1	  0.002117	  0.001394	     -1.00	    396.06	    173.11	      3.05	      2.75	     53.43	     48.05	-12.84	 8.755e-05	      4.66	0	Gaussian	294.665533	46.577082
423	1	  0.002095	  0.001464	     -1.00	    160.47	    592.69	      3.10	      2.67	     54.30	     46.82	-10.19	 4.648e-05	      4.67	0	Gaussian	296.489482	44.762516
424	1	  0.002120	  0.000747	     -1.00	     72.96	     88.20	      5.75	      2.74	    100.64	     47.91	22.03	 8.451e-05	      4.67	0	Gaussian	296.753965	47.141788
425	1	  0.002091	  0.001328	     -1.00	    346.53	    482.59	      3.26	      2.80	     56.98	     48.99	-18.07	 5.228e-05	      4.67	0	Gaussian	295.218203	45.179041
426	1	  0.002077	  0.001284	     -1.00	     76.04	    774.82	      3.15	      3.04	     55.13	     53.13	-24.92	 2.910e-05	      4.67	0	Gaussian	297.137196	43.953010
427	1	  0.002156	  0.001433	     -1.00	    705.96	    177.22	      2.97	      2.65	     51.97	     46.38	-5.75	 1.361e-04	      4.68	0	Gaussian	292.649909	46.358437
428	1	  0.002120	  0.001336	     -1.00	    484.43	    783.16	      3.21	      2.81	     56.22	     49.15	-5.95	 1.152e-04	      4.68	0	Gaussian	294.562723	43.716375
429	1	  0.002097	  0.001230	     -1.00	    236.83	    782.79	      3.09	      3.09	     54.16	     54.13	7.51	 5.678e-05	      4.68	0	Gaussian	296.120480	43.844711
430	1	  0.002095	  0.001297	     -1.00	    505.83	    743.82	      3.21	      2.81	     56.24	     49.19	-8.04	 8.646e-05	      4.69	0	Gaussian	294.399141	43.885855
431	1	  0.002086	  0.001347	     -1.00	    491.04	    480.51	      3.22	      2.71	     56.36	     47.46	-6.55	 3.520e-05	      4.69	0	Gaussian	294.289632	45.107139
432	1	  0.002199	  0.001684	     -1.00	    375.02	    147.29	      2.80	      2.49	     48.93	     43.63	-17.86	 2.710e-04	      4.69	0	Gaussian	294.784086	46.708188
433	1	  0.002094	  0.001326	     -1.00	    361.19	    447.43	      3.19	      2.79	     55.84	     48.90	-25.77	 3.121e-05	      4.70	0	Gaussian	295.098433	45.333366
434	1	  0.002110	  0.001424	     -1.00	     78.06	    464.80	      3.00	      2.66	     52.44	     46.55	-4.22	 1.573e-04	      4.70	0	Gaussian	296.947087	45.393748
435	1	  0.002097	  0.001073	     -1.00	     83.55	    396.41	      3.86	      2.99	     67.52	     52.31	18.03	 7.001e-05	      4.70	0	Gaussian	296.870784	45.708824
436	1	  0.002103	  0.001220	     -1.00	    599.11	     54.88	      3.05	      3.05	     53.37	     53.37	-5.51	 5.692e-05	      4.70	0	Gaussian	293.233966	46.990110
437	1	  0.002081	  0.000341	     -1.00	    444.91	    473.74	      6.88	      4.57	    120.40	     79.92	33.51	 4.725e-05	      4.70	0	Gaussian	294.579694	45.165140
438	1	  0.002141	  0.001134	     -1.00	    518.04	    428.86	      3.50	      2.96	     61.30	     51.83	-12.64	 8.251e-05	      4.70	0	Gaussian	294.075915	45.328566
439	1	  0.002110	  0.001362	     -1.00	     94.69	    708.01	      3.02	      2.70	     52.82	     47.31	-3.63	 7.305e-05	      4.71	0	Gaussian	296.980300	44.255983
440	1	  0.002083	  0.000512	     -1.00	    603.86	     72.14	      6.29	      3.53	    110.04	     61.77	-7.84	 5.707e-05	      4.71	0	Gaussian	293.218257	46.908081
441	1	  0.002089	  0.001263	     -1.00	     91.07	    469.49	      3.19	      2.94	     55.89	     51.53	-3.44	 3.331e-05	      4.71	0	Gaussian	296.864956	45.366155
442	1	  0.002089	  0.001256	     -1.00	    240.95	    119.87	      3.17	      2.86	     55.52	     49.99	-2.06	 4.160e-05	      4.72	0	Gaussian	295.651709	46.909888
443	1	  0.002098	  0.001019	     -1.00	    767.96	    259.98	      3.39	      3.14	     59.26	     55.00	-31.66	 5.519e-05	      4.73	0	Gaussian	292.328815	45.937560
444	1	  0.002118	  0.001313	     -1.00	    446.69	    453.53	      3.18	      2.78	     55.63	     48.66	-14.63	 8.988e-05	      4.73	0	Gaussian	294.552830	45.257171
445	1	  0.002115	  0.000358	     -1.00	    139.53	    501.33	      6.83	      4.47	    119.46	     78.24	-67.29	 8.289e-05	      4.73	0	Gaussian	296.568894	45.196191
446	1	  0.002122	  0.001264	     -1.00	    455.32	    365.24	      3.25	      2.70	     56.88	     47.29	-10.97	 8.242e-05	      4.74	0	Gaussian	294.428953	45.658557
447	1	  0.002097	  0.001299	     -1.00	    378.66	    192.00	      3.05	      2.72	     53.45	     47.59	-80.06	 6.985e-05	      4.74	0	Gaussian	294.794410	46.500450
448	1	  0.002194	  0.001682	     -1.00	     32.26	     12.70	      2.59	      2.46	     45.40	     42.99	-26.55	 4.410e-04	      4.74	0	Gaussian	296.982263	47.510251
449	1	  0.002114	  0.001392	     -1.00	    306.44	    721.12	      3.02	      2.68	     52.85	     46.94	-9.13	 1.076e-04	      4.74	0	Gaussian	295.639451	44.096774
450	1	  0.002094	  0.000760	     -1.00	    622.24	    326.04	      5.05	      2.90	     88.40	     50.70	-29.29	 6.260e-05	      4.74	0	Gaussian	293.322043	45.734885
451	1	  0.002083	  0.001213	     -1.00	    439.13	     51.68	      3.17	      2.99	     55.44	     52.33	-15.58	 5.040e-05	      4.75	0	Gaussian	294.285107	47.108458
452	1	  0.002082	  0.001021	     -1.00	    525.04	    534.88	      3.32	      3.19	     58.06	     55.91	0.57	 4.547e-05	      4.75	0	Gaussian	294.115840	44.836888
453	1	  0.002140	  0.001116	     -1.00	    590.74	     28.42	      3.69	      2.61	     64.53	     45.63	-5.29	 8.931e-05	      4.75	0	Gaussian	293.265321	47.116518
454	1	  0.002079	  0.001135	     -1.00	    106.73	    614.04	      3.19	      2.99	     55.87	     52.41	-3.83	 3.390e-05	      4.75	0	Gaussian	296.848544	44.687640
455	1	  0.002098	  0.001281	     -1.00	    218.84	    192.55	      3.14	      2.83	     54.94	     49.53	-12.41	 4.200e-05	      4.75	0	Gaussian	295.848853	46.586312
456	1	  0.002134	  0.000971	     -1.00	    657.85	    320.39	      4.22	      2.74	     73.79	     47.97	0.67	 1.192e-04	      4.76	0	Gaussian	293.088740	45.737346
457	1	  0.002075	  0.001093	     -1.00	    588.20	    302.76	      3.34	      3.15	     58.42	     55.20	-7.20	 2.920e-05	      4.76	0	Gaussian	293.520900	45.863562
458	1	  0.002089	  0.001218	     -1.00	    357.18	     32.06	      3.17	      2.95	     55.44	     51.57	-42.66	 3.345e-05	      4.76	0	Gaussian	294.813460	47.248096
459	1	  0.002090	  0.000561	     -1.00	    215.14	    449.36	      5.96	      3.08	    104.23	     53.95	-65.71	 3.828e-05	      4.76	0	Gaussian	296.044994	45.400757
460	1	  0.002119	  0.001331	     -1.00	    108.92	    745.13	      2.96	      2.79	     51.76	     48.83	-18.31	 1.078e-04	      4.78	0	Gaussian	296.910661	44.077263
461	1	  0.002103	  0.001367	     -1.00	    284.11	    599.29	      2.93	      2.75	     51.32	     48.11	-25.62	 1.177e-04	      4.78	0	Gaussian	295.699835	44.672045
462	1	  0.002080	  0.000547	     -1.00	     98.30	    280.06	      4.93	      3.96	     86.28	     69.33	35.24	 3.064e-05	      4.78	0	Gaussian	296.703354	46.241550
463	1	  0.002137	  0.001265	     -1.00	    141.62	    792.91	      3.23	      2.72	     56.59	     47.61	-19.94	 1.305e-04	      4.78	0	Gaussian	296.730218	43.840894
464	1	  0.002073	  0.001151	     -1.00	    261.39	    243.16	      3.32	      2.84	     58.06	     49.75	-23.75	 4.041e-05	      4.78	0	Gaussian	295.602976	46.330176
465	1	  0.002089	  0.001193	     -1.00	    531.82	     65.73	      3.27	      2.86	     57.30	     50.09	-28.14	 3.957e-05	      4.78	0	Gaussian	293.685299	46.985204
466	1	  0.002081	  0.001366	     -1.00	    148.08	     25.27	      2.95	      2.72	     51.62	     47.65	-13.81	 7.403e-05	      4.78	0	Gaussian	296.208294	47.395097
467	1	  0.002146	  0.001538	     -1.00	    189.55	    336.60	      2.69	      2.44	     47.13	     42.71	-8.31	 1.344e-04	      4.79	0	Gaussian	296.138230	45.935463
468	1	  0.002118	  0.001097	     -1.00	    526.60	    454.27	      3.38	      2.96	     59.14	     51.79	1.37	 1.018e-04	      4.79	0	Gaussian	294.041517	45.206611
469	1	  0.002090	  0.001081	     -1.00	    424.35	    143.91	      3.34	      3.07	     58.52	     53.80	19.57	 4.571e-05	      4.79	0	Gaussian	294.456647	46.694357
470	1	  0.002102	  0.001142	     -1.00	    463.55	    547.26	      3.39	      2.78	     59.27	     48.60	-8.75	 6.583e-05	      4.80	0	Gaussian	294.516670	44.815736
471	1	  0.002156	  0.000684	     -1.00	    350.95	    508.81	      5.63	      2.72	     98.52	     47.58	86.88	 1.399e-04	      4.80	0	Gaussian	295.208507	45.055577
472	1	  0.002087	  0.001080	     -1.00	    427.42	    121.72	      3.34	      3.02	     58.48	     52.92	-11.50	 2.926e-05	      4.80	0	Gaussian	294.418819	46.794363
473	1	  0.002124	  0.001481	     -1.00	    506.27	    174.46	      2.72	      2.50	     47.57	     43.80	-17.33	 1.019e-04	      4.81	0	Gaussian	293.944455	46.503669
474	1	  0.002101	  0.001222	     -1.00	    477.98	    423.11	      2.94	      2.73	     51.46	     47.85	-5.46	 9.994e-05	      4.81	0	Gaussian	294.328313	45.378952
475	1	  0.002096	  0.001183	     -1.00	    438.79	    300.72	      3.20	      2.86	     56.04	     50.09	-22.49	 4.679e-05	      4.81	0	Gaussian	294.485638	45.965118
476	1	  0.002083	  0.000515	     -1.00	    258.71	    167.66	      5.32	      3.77	     93.09	     65.91	-32.03	 3.884e-05	      4.81	0	Gaussian	295.567591	46.679930
477	1	  0.002111	  0.000566	     -1.00	    396.01	    117.98	      5.07	      3.64	     88.69	     63.77	-83.92	 1.020e-04	      4.82	0	Gaussian	294.622909	46.830428
478	1	  0.002121	  0.001329	     -1.00	    327.12	    723.85	      2.84	      2.79	     49.63	     48.80	-10.73	 9.587e-05	      4.82	0	Gaussian	295.510311	44.073714
479	1	  0.002162	  0.000717	     -1.00	    285.52	    494.05	      5.34	      2.77	     93.42	     48.44	76.30	 1.720e-04	      4.83	0	Gaussian	295.619383	45.158291
480	1	  0.002129	  0.001108	     -1.00	    153.19	    490.97	      3.10	      2.83	     54.30	     49.55	-0.67	 8.052e-05	      4.84	0	Gaussian	296.473828	45.237875
481	1	  0.002090	  0.000944	     -1.00	    673.82	    353.99	      3.35	      3.09	     58.56	     54.13	-22.88	 3.818e-05	      4.84	0	Gaussian	293.016269	45.573048
482	1	  0.002086	  0.001180	     -1.00	    460.01	    599.17	      3.08	      2.87	     53.94	     50.23	-28.23	 3.152e-05	      4.84	0	Gaussian	294.578535	44.578498
483	1	  0.002099	  0.000945	     -1.00	    785.37	    302.09	      3.56	      3.15	     62.32	     55.18	-9.22	 7.046e-05	      4.84	0	Gaussian	292.257478	45.733354
484	1	  0.002130	  0.001090	     -1.00	    414.05	    720.00	      3.31	      2.86	     57.88	     50.11	-5.63	 7.628e-05	      4.85	0	Gaussian	294.958418	44.046206
485	1	  0.002108	  0.001161	     -1.00	    387.17	    248.54	      3.16	      2.85	     55.31	     49.97	-10.58	 5.662e-05	      4.85	0	Gaussian	294.781782	46.235382
486	1	  0.002093	  0.001010	     -1.00	    736.30	    359.63	      3.44	      3.05	     60.20	     53.33	1.78	 8.347e-05	      4.85	0	Gaussian	292.623189	45.505090
487	1	  0.002118	  0.001082	     -1.00	    496.54	    783.71	      3.41	      2.78	     59.74	     48.74	-3.74	 7.306e-05	      4.85	0	Gaussian	294.487435	43.707158
488	1	  0.002093	  0.000805	     -1.00	    412.51	    527.17	      4.77	      2.73	     83.45	     47.73	-9.66	 5.332e-05	      4.86	0	Gaussian	294.827304	44.937121
489	1	  0.002094	  0.000892	     -1.00	    199.95	    275.66	      3.73	      3.10	     65.36	     54.30	-29.20	 5.095e-05	      4.86	0	Gaussian	296.029674	46.212101
490	1	  0.002096	  0.000394	     -1.00	    484.48	    130.09	      5.72	      4.47	    100.20	     78.16	-15.64	 5.750e-05	      4.86	0	Gaussian	294.050409	46.720746
491	1	  0.002108	  0.000832	     -1.00	    361.48	    398.41	      3.66	      3.32	     64.10	     58.16	-87.16	 5.987e-05	      4.86	0	Gaussian	295.060813	45.559378
492	1	  0.002087	  0.001040	     -1.00	     74.99	    144.41	      3.51	      2.83	     61.45	     49.54	-4.75	 4.688e-05	      4.86	0	Gaussian	296.775036	46.880734
493	1	  0.002069	  0.000727	     -1.00	    609.56	    185.13	      4.25	      3.29	     74.43	     57.66	3.24	 3.393e-05	      4.87	0	Gaussian	293.281062	46.388014
494	1	  0.002115	  0.000923	     -1.00	    785.65	    359.35	      3.75	      3.10	     65.62	     54.31	-9.44	 6.537e-05	      4.87	0	Gaussian	292.309479	45.472140
495	1	  0.002080	  0.001111	     -1.00	    362.90	    547.74	      3.16	      2.81	     55.34	     49.25	-8.89	 3.971e-05	      4.87	0	Gaussian	295.159703	44.869349
496	1	  0.002139	  0.001171	     -1.00	    414.84	    266.25	      3.14	      2.79	     55.04	     48.86	-22.31	 7.398e-05	      4.87	0	Gaussian	294.614703	46.137744
497	1	  0.002091	  0.001096	     -1.00	     61.43	    599.03	      3.36	      2.60	     58.74	     45.58	0.96	 4.581e-05	      4.87	0	Gaussian	297.132361	44.777163
498	1	  0.002123	  0.001127	     -1.00	    557.90	    303.74	      3.15	      2.75	     55.17	     48.06	-13.99	 8.330e-05	      4.88	0	Gaussian	293.717034	45.878349
499	1	  0.002138	  0.001027	     -1.00	    334.92	     23.17	      3.27	      3.07	     57.32	     53.65	-7.67	 9.771e-05	      4.88	0	Gaussian	294.954958	47.302033
500	1	  0.002112	  0.000877	     -1.00	    793.81	    167.66	      3.54	      3.15	     62.04	     55.20	-6.22	 5.316e-05	      4.88	0	Gaussian	292.074970	46.339309
501	1	  0.002165	  0.001422	     -1.00	     63.58	    501.50	      2.70	      2.39	     47.21	     41.84	-11.42	 3.749e-04	      4.88	0	Gaussian	297.062772	45.229677
502	1	  0.002129	  0.001075	     -1.00	    389.55	    631.34	      3.38	      2.73	     59.08	     47.84	-4.09	 9.975e-05	      4.89	0	Gaussian	295.049697	44.468882
503	1	  0.002097	  0.000637	     -1.00	    640.96	    362.32	      4.81	      3.20	     84.14	     56.04	0.78	 4.665e-05	      4.90	0	Gaussian	293.233535	45.556561
504	1	  0.002175	  0.001209	     -1.00	    747.93	    770.05	      3.11	      2.60	     54.35	     45.55	-19.06	 1.694e-04	      4.91	0	Gaussian	292.914657	43.619976
505	1	  0.002136	  0.001081	     -1.00	    686.65	    668.83	      3.18	      2.81	     55.69	     49.26	-24.48	 1.165e-04	      4.91	0	Gaussian	293.208303	44.122693
506	1	  0.002081	  0.000849	     -1.00	    477.20	    705.96	      3.68	      3.13	     64.44	     54.84	-10.15	 4.253e-05	      4.91	0	Gaussian	294.550303	44.076450
507	1	  0.002099	  0.001368	     -1.00	     37.46	    126.50	      2.70	      2.50	     47.26	     43.72	-19.61	 8.611e-05	      4.91	0	Gaussian	297.015634	46.981276
508	1	  0.002121	  0.001187	     -1.00	    410.10	    473.09	      2.90	      2.81	     50.67	     49.10	-16.17	 9.067e-05	      4.92	0	Gaussian	294.802523	45.187862
509	1	  0.002102	  0.000882	     -1.00	     11.17	    244.53	      3.87	      2.95	     67.66	     51.57	-25.37	 7.075e-05	      4.92	0	Gaussian	297.260377	46.446063
510	1	  0.002144	  0.000420	     -1.00	    767.08	    780.03	      5.85	      3.71	    102.46	     64.94	48.59	 1.459e-04	      4.92	0	Gaussian	292.805232	43.562023
511	1	  0.002103	  0.001127	     -1.00	     22.10	    675.77	      2.96	      2.85	     51.77	     49.83	-17.47	 8.553e-05	      4.92	0	Gaussian	297.428481	44.436413
512	1	  0.002120	  0.000544	     -1.00	    611.80	    400.34	      6.06	      2.79	    106.01	     48.87	-15.64	 8.309e-05	      4.93	0	Gaussian	293.452541	45.401260
513	1	  0.002107	  0.001112	     -1.00	    279.14	    760.11	      3.09	      2.82	     54.06	     49.42	-7.21	 1.076e-04	      4.93	0	Gaussian	295.838147	43.929613
514	1	  0.002101	  0.001078	     -1.00	    457.64	     16.91	      3.26	      2.52	     57.11	     44.04	-22.07	 4.636e-05	      4.93	0	Gaussian	294.134055	47.256155
515	1	  0.002093	  0.001110	     -1.00	     79.86	    272.96	      2.86	      2.85	     50.09	     49.96	-18.70	 7.024e-05	      4.93	0	Gaussian	296.821035	46.283083
516	1	  0.002098	  0.001017	     -1.00	     79.02	    129.08	      3.17	      2.88	     55.41	     50.37	-8.81	 5.717e-05	      4.94	0	Gaussian	296.738619	46.949788
517	1	  0.002098	  0.000926	     -1.00	    778.39	    647.94	      3.34	      3.14	     58.45	     55.03	15.28	 1.188e-04	      4.95	0	Gaussian	292.618808	44.159088
518	1	  0.002165	  0.001178	     -1.00	    619.89	    420.20	      3.01	      2.68	     52.64	     46.88	-16.47	 1.219e-04	      4.95	0	Gaussian	293.417823	45.305012
519	1	  0.002112	  0.001049	     -1.00	    476.95	    520.29	      3.22	      2.72	     56.28	     47.59	-3.59	 1.071e-04	      4.95	0	Gaussian	294.410568	44.932255
520	1	  0.002225	  0.001246	     -1.00	    652.13	    108.87	      2.77	      2.67	     48.45	     46.65	-54.09	 4.126e-04	      4.96	0	Gaussian	292.936194	46.707522
521	1	  0.002119	  0.001021	     -1.00	    402.90	    183.45	      3.17	      2.94	     55.40	     51.41	-32.84	 1.346e-04	      4.96	0	Gaussian	294.628636	46.525535
522	1	  0.002166	  0.001127	     -1.00	    629.20	    723.80	      2.89	      2.81	     50.52	     49.26	2.34	 6.426e-04	      4.96	0	Gaussian	293.612350	43.905876
523	1	  0.002080	  0.000917	     -1.00	     45.09	    752.50	      3.68	      2.76	     64.33	     48.32	-11.97	 3.686e-05	      4.96	0	Gaussian	297.322549	44.069707
524	1	  0.002122	  0.001010	     -1.00	    362.99	    111.06	      3.32	      2.80	     58.17	     48.92	-14.90	 1.322e-04	      4.97	0	Gaussian	294.835741	46.881734
525	1	  0.002078	  0.000589	     -1.00	    667.40	    751.60	      4.84	      3.14	     84.79	     54.88	-33.65	 3.035e-05	      4.97	0	Gaussian	293.397574	43.754934
526	1	  0.002081	  0.000888	     -1.00	    587.10	    171.82	      3.17	      3.17	     55.54	     55.54	2.08	 4.560e-05	      4.97	0	Gaussian	293.415327	46.463724
527	1	  0.002135	  0.001096	     -1.00	    269.00	    705.31	      3.04	      2.62	     53.15	     45.93	-8.53	 8.517e-05	      4.98	0	Gaussian	295.866581	44.188534
528	1	  0.002088	  0.001058	     -1.00	    202.06	    611.49	      3.28	      2.68	     57.40	     46.83	-4.24	 4.046e-05	      4.98	0	Gaussian	296.233808	44.655762
529	1	  0.002094	  0.001054	     -1.00	    287.69	    168.90	      3.08	      2.82	     53.95	     49.32	-36.60	 4.723e-05	      4.98	0	Gaussian	295.376748	46.658399
530	1	  0.002086	  0.000768	     -1.00	     18.86	    397.08	      3.56	      3.20	     62.31	     55.93	2.16	 5.481e-05	      4.99	0	Gaussian	297.296056	45.734346
531	1	  0.002107	  0.001060	     -1.00	    145.97	    155.51	      3.24	      2.64	     56.65	     46.12	-8.07	 8.555e-05	      5.00	0	Gaussian	296.308175	46.794782
532	1	  0.002103	  0.000823	     -1.00	    538.01	    488.67	      3.58	      3.07	     62.59	     53.76	-14.97	 5.530e-05	      5.00	0	Gaussian	293.996381	45.041604
533	1	  0.002115	  0.000861	     -1.00	    494.47	    451.77	      3.65	      2.88	     63.83	     50.36	8.99	 9.925e-05	      5.00	0	Gaussian	294.245090	45.237355
534	1	  0.002117	  0.000919	     -1.00	    439.98	    623.88	      3.23	      2.91	     56.53	     50.97	-6.61	 6.635e-05	      5.00	0	Gaussian	294.724106	44.475757
535	1	  0.002140	  0.001076	     -1.00	    221.69	    755.90	      3.13	      2.50	     54.81	     43.73	-64.92	 1.139e-04	      5.01	0	Gaussian	296.199502	43.976550
536	1	  0.002150	  0.001148	     -1.00	     21.85	    469.42	      2.99	      2.48	     52.41	     43.37	-4.45	 9.010e-05	      5.01	0	Gaussian	297.316917	45.396779
537	1	  0.002107	  0.000935	     -1.00	    358.83	    203.22	      3.12	      3.03	     54.68	     53.03	-28.54	 6.480e-05	      5.01	0	Gaussian	294.933211	46.460298
538	1	  0.002089	  0.000771	     -1.00	     53.27	    782.37	      3.72	      3.19	     65.03	     55.91	-2.45	 4.352e-05	      5.02	0	Gaussian	297.286607	43.927280
539	1	  0.002083	  0.000822	     -1.00	    128.91	    466.34	      3.48	      3.20	     60.85	     55.95	-31.34	 2.965e-05	      5.02	0	Gaussian	296.616526	45.363483
540	1	  0.002094	  0.000936	     -1.00	    177.92	    780.06	      3.49	      2.63	     61.17	     46.07	-11.87	 4.791e-05	      5.03	0	Gaussian	296.492115	43.884469
541	1	  0.002119	  0.001230	     -1.00	    278.27	    503.38	      2.72	      2.44	     47.58	     42.72	-5.42	 1.414e-04	      5.03	0	Gaussian	295.672519	45.118856
542	1	  0.002113	  0.000868	     -1.00	    280.51	    590.68	      3.65	      2.95	     63.94	     51.56	-4.78	 1.374e-04	      5.03	0	Gaussian	295.717135	44.713705
543	1	  0.002076	  0.000778	     -1.00	    758.40	    463.98	      3.68	      3.16	     64.38	     55.33	-8.94	 3.054e-05	      5.03	0	Gaussian	292.578257	45.013383
544	1	  0.002089	  0.000871	     -1.00	    309.15	    670.08	      3.22	      3.06	     56.36	     53.52	-7.96	 5.835e-05	      5.03	0	Gaussian	295.587842	44.331694
545	1	  0.002098	  0.000835	     -1.00	    635.17	    433.63	      3.63	      2.98	     63.45	     52.10	-4.34	 4.193e-05	      5.03	0	Gaussian	293.332016	45.233702
546	1	  0.002130	  0.001017	     -1.00	    340.01	    339.41	      3.18	      2.64	     55.62	     46.28	-6.68	 9.300e-05	      5.04	0	Gaussian	295.157110	45.843398
547	1	  0.002085	  0.000574	     -1.00	    489.83	    108.93	      5.09	      2.80	     89.07	     49.08	-35.99	 6.382e-05	      5.04	0	Gaussian	293.997793	46.814355
548	1	  0.002101	  0.000961	     -1.00	    265.96	    461.28	      3.21	      2.77	     56.10	     48.44	-6.52	 4.047e-05	      5.04	0	Gaussian	295.723457	45.319917
549	1	  0.002103	  0.000902	     -1.00	    422.81	    361.93	      3.22	      2.87	     56.40	     50.18	-8.89	 7.279e-05	      5.04	0	Gaussian	294.636563	45.692794
550	1	  0.002109	  0.000450	     -1.00	    102.37	    455.71	      5.28	      3.20	     92.50	     55.95	-88.22	 1.052e-04	      5.05	0	Gaussian	296.783055	45.424983
551	1	  0.002097	  0.000842	     -1.00	    750.64	    259.35	      3.57	      2.99	     62.50	     52.33	-14.45	 6.537e-05	      5.05	0	Gaussian	292.439042	45.952683
552	1	  0.002099	  0.000717	     -1.00	     60.04	    704.65	      3.98	      3.13	     69.70	     54.70	20.07	 9.736e-05	      5.05	0	Gaussian	297.200482	44.286322
553	1	  0.002137	  0.000464	     -1.00	    617.62	    223.64	      4.64	      3.75	     81.16	     65.57	-71.57	 8.875e-05	      5.06	0	Gaussian	293.262624	46.206535
554	1	  0.002105	  0.000452	     -1.00	    595.87	    654.32	      6.43	      2.82	    112.53	     49.42	-36.98	 8.270e-05	      5.06	0	Gaussian	293.764249	44.245272
555	1	  0.002079	  0.000335	     -1.00	    534.13	    301.81	      7.15	      3.21	    125.14	     56.10	3.35	 4.820e-05	      5.06	0	Gaussian	293.868930	45.902148
556	1	  0.002099	  0.000841	     -1.00	    445.69	    172.94	      3.70	      2.70	     64.75	     47.34	-27.98	 1.147e-04	      5.06	0	Gaussian	294.339686	46.548139
557	1	  0.002133	  0.000966	     -1.00	     21.58	    685.25	      3.32	      2.66	     58.09	     46.49	-4.82	 1.158e-04	      5.07	0	Gaussian	297.436952	44.392460
558	1	  0.002114	  0.001105	     -1.00	     37.56	    499.66	      2.80	      2.50	     48.95	     43.75	-12.26	 6.496e-05	      5.07	0	Gaussian	297.231284	45.249460
559	1	  0.002149	  0.001121	     -1.00	    360.91	    521.75	      2.71	      2.44	     47.50	     42.65	-7.74	 1.677e-04	      5.07	0	Gaussian	295.153868	44.990444
560	1	  0.002085	  0.000672	     -1.00	    381.15	    607.80	      3.69	      3.34	     64.54	     58.38	-24.44	 5.836e-05	      5.08	0	Gaussian	295.086242	44.582119
561	1	  0.002111	  0.000856	     -1.00	    329.08	    537.56	      3.63	      2.73	     63.49	     47.78	1.90	 6.586e-05	      5.09	0	Gaussian	295.369250	44.934397
562	1	  0.002165	  0.001078	     -1.00	    317.75	    145.34	      2.77	      2.48	     48.41	     43.46	-30.97	 1.774e-04	      5.09	0	Gaussian	295.160772	46.750105
563	1	  0.002108	  0.000839	     -1.00	    178.07	     30.70	      3.36	      2.87	     58.74	     50.24	-2.56	 5.971e-05	      5.10	0	Gaussian	296.010328	47.354469
564	1	  0.002113	  0.000936	     -1.00	    355.27	    498.88	      2.94	      2.91	     51.45	     50.96	-18.40	 1.093e-04	      5.10	0	Gaussian	295.173618	45.099106
565	1	  0.002103	  0.000923	     -1.00	    719.95	    414.19	      3.18	      2.73	     55.74	     47.84	-7.61	 5.129e-05	      5.10	0	Gaussian	292.776410	45.266901
566	1	  0.002098	  0.000736	     -1.00	    701.49	    302.37	      3.38	      3.10	     59.14	     54.33	-66.78	 5.883e-05	      5.10	0	Gaussian	292.793143	45.790372
567	1	  0.002077	  0.000939	     -1.00	    134.94	    592.52	      3.27	      2.69	     57.19	     47.08	-6.65	 2.314e-05	      5.10	0	Gaussian	296.653938	44.774993
568	1	  0.002151	  0.000866	     -1.00	    114.22	    345.93	      4.09	      2.45	     71.55	     42.84	25.93	 1.873e-04	      5.11	0	Gaussian	296.638832	45.928741
569	1	  0.002081	  0.000318	     -1.00	    118.60	    599.10	      5.53	      4.31	     96.79	     75.44	-59.02	 4.033e-05	      5.11	0	Gaussian	296.763216	44.751778
570	1	  0.002091	  0.000642	     -1.00	    646.21	    505.71	      4.07	      2.88	     71.20	     50.34	-12.18	 5.398e-05	      5.11	0	Gaussian	293.323533	44.896247
571	1	  0.002114	  0.000826	     -1.00	    731.51	     89.15	      3.45	      2.93	     60.36	     51.27	-7.30	 8.276e-05	      5.12	0	Gaussian	292.401946	46.741557
572	1	  0.002115	  0.000838	     -1.00	    663.98	    577.75	      3.34	      2.86	     58.38	     50.05	-10.16	 8.007e-05	      5.12	0	Gaussian	293.272785	44.554676
573	1	  0.002116	  0.001014	     -1.00	     97.37	     55.86	      2.79	      2.65	     48.84	     46.39	-55.01	 9.164e-05	      5.12	0	Gaussian	296.569478	47.279409
574	1	  0.002083	  0.000619	     -1.00	    342.21	    683.28	      3.89	      3.22	     68.02	     56.38	-33.42	 3.130e-05	      5.12	0	Gaussian	295.386896	44.253744
575	1	  0.002091	  0.000857	     -1.00	    415.77	    312.00	      3.24	      2.95	     56.74	     51.58	5.06	 5.720e-05	      5.12	0	Gaussian	294.643898	45.926722
576	1	  0.002071	  0.000550	     -1.00	     94.31	    665.64	      4.47	      3.25	     78.27	     56.85	-47.41	 2.249e-05	      5.12	0	Gaussian	296.958432	44.453206
577	1	  0.002107	  0.000848	     -1.00	    285.18	    787.44	      3.50	      2.77	     61.30	     48.53	-5.52	 9.225e-05	      5.13	0	Gaussian	295.817842	43.800019
578	1	  0.002115	  0.000706	     -1.00	    767.17	    390.79	      3.65	      3.00	     63.96	     52.54	-7.78	 7.756e-05	      5.14	0	Gaussian	292.455852	45.341566
579	1	  0.002117	  0.000883	     -1.00	    736.86	    683.23	      3.18	      2.72	     55.74	     47.68	-10.52	 7.439e-05	      5.14	0	Gaussian	292.908037	44.024733
580	1	  0.002086	  0.001004	     -1.00	    198.51	    309.23	      2.84	      2.57	     49.65	     45.01	-16.25	 4.502e-05	      5.14	0	Gaussian	296.061390	46.057609
581	1	  0.002076	  0.000696	     -1.00	    453.86	    776.30	      3.47	      3.16	     60.71	     55.30	-78.63	 4.604e-05	      5.15	0	Gaussian	294.749038	43.764763
582	1	  0.002108	  0.000944	     -1.00	    116.96	    705.75	      3.05	      2.63	     53.30	     46.07	-4.53	 6.284e-05	      5.15	0	Gaussian	296.836491	44.256895
583	1	  0.002209	  0.000987	     -1.00	    463.29	    219.52	      2.73	      2.56	     47.77	     44.89	-54.32	 1.637e-04	      5.15	0	Gaussian	294.261903	46.323548
584	1	  0.002302	  0.001207	     -1.00	    755.05	    768.74	      2.69	      2.37	     47.08	     41.46	-24.19	 5.121e-04	      5.15	0	Gaussian	292.869568	43.621443
585	1	  0.002117	  0.000557	     -1.00	    626.56	    385.82	      4.95	      2.72	     86.61	     47.67	-13.69	 9.794e-05	      5.15	0	Gaussian	293.345883	45.458283
586	1	  0.002102	  0.000741	     -1.00	    467.30	    129.19	      3.55	      3.09	     62.18	     54.03	-17.23	 4.121e-05	      5.15	0	Gaussian	294.162466	46.735581
587	1	  0.002127	  0.001031	     -1.00	    326.49	    642.62	      2.77	      2.49	     48.49	     43.58	-23.81	 9.910e-05	      5.15	0	Gaussian	295.458723	44.449892
588	1	  0.002118	  0.000573	     -1.00	    427.97	    392.65	      4.13	      2.94	     72.37	     51.39	-17.87	 8.141e-05	      5.16	0	Gaussian	294.626694	45.548347
589	1	  0.002100	  0.000618	     -1.00	    341.30	    138.04	      3.32	      3.25	     58.14	     56.96	-15.16	 4.567e-05	      5.17	0	Gaussian	294.999617	46.770285
590	1	  0.002134	  0.001082	     -1.00	     27.47	    131.49	      2.70	      2.41	     47.28	     42.13	-20.43	 1.008e-04	      5.18	0	Gaussian	297.085642	46.962751
591	1	  0.002096	  0.000697	     -1.00	    132.69	    612.20	      3.90	      2.53	     68.30	     44.30	-11.89	 8.091e-05	      5.18	0	Gaussian	296.680257	44.684612
592	1	  0.002077	  0.000986	     -1.00	    117.19	    153.35	      2.83	      2.50	     49.48	     43.70	-9.86	 3.506e-05	      5.19	0	Gaussian	296.498656	46.819001
593	1	  0.002071	  0.000809	     -1.00	     93.96	    265.05	      3.06	      2.94	     53.55	     51.44	-28.70	 2.936e-05	      5.19	0	Gaussian	296.722878	46.313143
594	1	  0.002123	  0.000956	     -1.00	     32.50	    428.56	      2.78	      2.60	     48.63	     45.54	2.49	 1.134e-04	      5.20	0	Gaussian	297.224234	45.582130
595	1	  0.002099	  0.000805	     -1.00	    314.01	    645.75	      3.09	      2.83	     54.03	     49.61	-6.70	 5.309e-05	      5.20	0	Gaussian	295.540403	44.441814
596	1	  0.002079	  0.000843	     -1.00	     44.00	    706.32	      3.29	      2.74	     57.61	     47.96	-0.16	 5.732e-05	      5.20	0	Gaussian	297.304332	44.285168
597	1	  0.002089	  0.000542	     -1.00	    588.81	    729.82	      4.60	      3.03	     80.49	     53.09	0.86	 6.227e-05	      5.20	0	Gaussian	293.869172	43.902415
598	1	  0.002129	  0.000936	     -1.00	    514.33	    664.25	      2.85	      2.45	     49.88	     42.86	-15.67	 7.642e-05	      5.21	0	Gaussian	294.284801	44.247629
599	1	  0.002115	  0.000775	     -1.00	      8.18	    556.98	      3.07	      2.83	     53.82	     49.47	52.51	 1.102e-04	      5.21	0	Gaussian	297.454235	44.995144
600	1	  0.002095	  0.000910	     -1.00	    550.54	    146.65	      2.91	      2.46	     50.98	     43.11	-33.39	 5.161e-05	      5.21	0	Gaussian	293.631921	46.602771
601	1	  0.002094	  0.000850	     -1.00	     65.97	    223.33	      3.17	      2.71	     55.42	     47.40	-7.93	 4.664e-05	      5.21	0	Gaussian	296.883245	46.519528
602	1	  0.002121	  0.000883	     -1.00	    334.92	    315.93	      2.71	      2.70	     47.45	     47.33	-36.24	 8.403e-05	      5.21	0	Gaussian	295.173206	45.954476
603	1	  0.002135	  0.000724	     -1.00	    583.56	    656.28	      3.55	      2.92	     62.22	     51.19	-12.65	 8.813e-05	      5.21	0	Gaussian	293.843118	44.243679
604	1	  0.002123	  0.000748	     -1.00	     99.89	    422.52	      3.40	      2.85	     59.59	     49.86	3.80	 1.022e-04	      5.22	0	Gaussian	296.779350	45.580177
605	1	  0.002094	  0.000719	     -1.00	    779.90	     37.85	      3.42	      2.99	     59.85	     52.31	-16.98	 4.362e-05	      5.22	0	Gaussian	292.038375	46.939437
606	1	  0.002168	  0.000917	     -1.00	    478.79	    553.28	      2.82	      2.50	     49.38	     43.72	-32.91	 2.611e-04	      5.22	0	Gaussian	294.424257	44.779242
607	1	  0.002120	  0.000766	     -1.00	    286.93	    762.38	      3.70	      2.57	     64.76	     45.05	4.93	 1.364e-04	      5.22	0	Gaussian	295.790330	43.915291
608	1	  0.002082	  0.000919	     -1.00	     21.45	    748.77	      2.87	      2.56	     50.26	     44.82	-27.65	 4.347e-05	      5.22	0	Gaussian	297.471839	44.096627
609	1	  0.002083	  0.000767	     -1.00	    143.80	    453.49	      3.40	      2.88	     59.49	     50.45	-19.79	 2.552e-05	      5.23	0	Gaussian	296.511636	45.416104
610	1	  0.002159	  0.000557	     -1.00	    533.65	    412.48	      3.95	      3.06	     69.13	     53.55	68.01	 3.605e-04	      5.23	0	Gaussian	293.962670	45.394360
611	1	  0.002127	  0.000793	     -1.00	    741.19	    349.24	      3.39	      2.65	     59.30	     46.32	-18.39	 1.080e-04	      5.23	0	Gaussian	292.582516	45.549172
612	1	  0.002105	  0.000778	     -1.00	    692.85	    398.66	      3.32	      2.79	     58.17	     48.78	-11.99	 5.882e-05	      5.23	0	Gaussian	292.934609	45.356067
613	1	  0.002074	  0.000403	     -1.00	    290.26	    623.83	      5.19	      3.33	     90.89	     58.24	20.75	 3.067e-05	      5.24	0	Gaussian	295.677060	44.555336
614	1	  0.002152	  0.000810	     -1.00	    653.81	    101.41	      3.27	      2.62	     57.28	     45.90	-8.03	 1.559e-04	      5.24	0	Gaussian	292.918471	46.740369
615	1	  0.002095	  0.000502	     -1.00	    198.14	    661.80	      3.97	      3.49	     69.56	     61.06	61.26	 6.334e-05	      5.24	0	Gaussian	296.290559	44.424240
616	1	  0.002214	  0.000949	     -1.00	    650.59	     23.74	      2.73	      2.44	     47.81	     42.67	-26.48	 5.716e-04	      5.24	0	Gaussian	292.868352	47.096738
617	1	  0.002128	  0.000425	     -1.00	     59.26	    355.02	      5.87	      2.90	    102.76	     50.81	-56.71	 1.649e-04	      5.25	0	Gaussian	297.005972	45.911871
618	1	  0.002112	  0.000353	     -1.00	    155.82	    209.44	      7.88	      2.54	    137.99	     44.52	-10.69	 1.712e-04	      5.25	0	Gaussian	296.277796	46.540508
619	1	  0.002173	  0.000974	     -1.00	     34.47	    587.30	      3.09	      2.41	     54.04	     42.18	-5.64	 3.906e-04	      5.25	0	Gaussian	297.300247	44.843126
620	1	  0.002069	  0.000649	     -1.00	    614.07	    477.87	      3.71	      3.01	     65.01	     52.63	-10.30	 2.353e-05	      5.25	0	Gaussian	293.503683	45.044286
621	1	  0.002135	  0.000837	     -1.00	    666.02	    325.43	      3.10	      2.64	     54.33	     46.28	-12.79	 1.406e-04	      5.26	0	Gaussian	293.040839	45.708871
622	1	  0.002149	  0.000756	     -1.00	    612.65	    420.62	      3.36	      2.89	     58.85	     50.54	-4.87	 1.466e-04	      5.26	0	Gaussian	293.464368	45.307734
623	1	  0.002172	  0.000830	     -1.00	    754.34	    442.25	      3.20	      2.70	     55.98	     47.28	-5.09	 3.017e-04	      5.26	0	Gaussian	292.584153	45.115427
624	1	  0.002081	  0.000606	     -1.00	    719.45	    351.45	      3.43	      3.34	     60.10	     58.44	-28.84	 4.520e-05	      5.27	0	Gaussian	292.722950	45.553963
625	1	  0.002080	  0.000514	     -1.00	    240.58	    195.70	      4.87	      2.78	     85.17	     48.73	-12.43	 6.514e-05	      5.27	0	Gaussian	295.707220	46.560290
626	1	  0.002084	  0.000727	     -1.00	    651.08	     86.15	      3.34	      2.87	     58.38	     50.30	-11.14	 2.738e-05	      5.27	0	Gaussian	292.922355	46.811893
627	1	  0.002109	  0.000785	     -1.00	    568.04	    565.71	      3.31	      2.73	     58.00	     47.81	-12.52	 1.455e-04	      5.27	0	Gaussian	293.867854	44.669349
628	1	  0.002096	  0.000698	     -1.00	    458.18	    614.66	      3.53	      2.80	     61.76	     49.00	-13.33	 3.624e-05	      5.27	0	Gaussian	294.601838	44.508109
629	1	  0.002081	  0.000707	     -1.00	    376.87	    744.82	      3.40	      2.92	     59.45	     51.11	-13.90	 3.900e-05	      5.28	0	Gaussian	295.210456	43.951150
630	1	  0.002093	  0.000859	     -1.00	     53.31	    159.09	      2.79	      2.71	     48.80	     47.49	-0.69	 5.320e-05	      5.28	0	Gaussian	296.929004	46.823005
631	1	  0.002094	  0.000766	     -1.00	    495.16	    230.51	      3.36	      2.67	     58.81	     46.65	-9.07	 3.980e-05	      5.28	0	Gaussian	294.063069	46.253521
632	1	  0.002118	  0.000662	     -1.00	    462.29	     62.36	      3.54	      3.05	     62.01	     53.36	-14.86	 8.237e-05	      5.29	0	Gaussian	294.140719	47.045077
633	1	  0.002114	  0.000555	     -1.00	    682.97	    613.31	      4.52	      2.52	     79.19	     44.08	2.95	 8.570e-05	      5.29	0	Gaussian	293.183960	44.379601
634	1	  0.002124	  0.000675	     -1.00	    491.92	    590.81	      3.16	      2.97	     55.28	     51.99	-23.07	 1.098e-04	      5.29	0	Gaussian	294.369782	44.598813
635	1	  0.002116	  0.000811	     -1.00	    388.66	    185.84	      2.89	      2.62	     50.66	     45.91	-3.53	 1.305e-04	      5.29	0	Gaussian	294.724002	46.522951
636	1	  0.002087	  0.000816	     -1.00	    369.24	    760.47	      2.87	      2.72	     50.27	     47.68	-5.09	 4.885e-05	      5.29	0	Gaussian	295.269511	43.882727
637	1	  0.002093	  0.000831	     -1.00	     47.48	    424.62	      2.92	      2.49	     51.10	     43.53	-28.90	 4.545e-05	      5.29	0	Gaussian	297.123762	45.593948
638	1	  0.002115	  0.000730	     -1.00	    548.88	    601.39	      3.37	      2.74	     58.92	     47.95	-11.08	 5.899e-05	      5.30	0	Gaussian	294.017604	44.516769
639	1	  0.002100	  0.000617	     -1.00	    344.97	    312.84	      3.80	      2.91	     66.46	     50.99	-11.83	 6.993e-05	      5.30	0	Gaussian	295.105384	45.963141
640	1	  0.002105	  0.000673	     -1.00	    652.24	    309.27	      3.31	      2.93	     57.85	     51.32	-3.56	 9.260e-05	      5.30	0	Gaussian	293.114901	45.791942
641	1	  0.002116	  0.000501	     -1.00	    612.81	    199.75	      4.11	      3.20	     71.87	     56.02	12.09	 1.256e-04	      5.31	0	Gaussian	293.272787	46.318992
642	1	  0.002150	  0.000473	     -1.00	    135.62	    521.57	      5.40	      2.47	     94.51	     43.31	-4.01	 1.590e-04	      5.31	0	Gaussian	296.606606	45.104058
643	1	  0.002088	  0.000278	     -1.00	    706.19	    449.84	      6.13	      3.90	    107.37	     68.24	-48.05	 3.800e-05	      5.31	0	Gaussian	292.895375	45.113101
644	1	  0.002110	  0.000592	     -1.00	    428.83	     51.98	      3.76	      3.03	     65.82	     53.07	-22.10	 1.012e-04	      5.31	0	Gaussian	294.353515	47.113431
645	1	  0.002109	  0.000872	     -1.00	    169.59	    182.48	      2.82	      2.47	     49.42	     43.29	-11.35	 9.090e-05	      5.31	0	Gaussian	296.168683	46.658234
646	1	  0.002224	  0.000750	     -1.00	    561.01	    607.72	      3.63	      2.30	     63.53	     40.26	-0.44	 6.468e-04	      5.31	0	Gaussian	293.946084	44.480448
647	1	  0.002113	  0.000702	     -1.00	    588.93	     48.22	      3.45	      2.77	     60.45	     48.44	-6.44	 1.014e-04	      5.31	0	Gaussian	293.294815	47.027364
648	1	  0.002075	  0.000772	     -1.00	     99.93	    312.51	      3.25	      2.69	     56.96	     47.17	-9.75	 2.874e-05	      5.32	0	Gaussian	296.712428	46.090357
649	1	  0.002095	  0.000860	     -1.00	     43.66	    387.10	      2.81	      2.58	     49.23	     45.16	-44.10	 5.967e-05	      5.32	0	Gaussian	297.127296	45.769875
650	1	  0.002147	  0.000721	     -1.00	    679.38	    670.06	      3.34	      2.77	     58.44	     48.56	-12.26	 1.404e-04	      5.32	0	Gaussian	293.254664	44.121621
651	1	  0.002088	  0.000660	     -1.00	    574.18	    739.28	      3.62	      2.75	     63.30	     48.21	-1.55	 4.443e-05	      5.32	0	Gaussian	293.968084	43.867513
652	1	  0.002129	  0.000458	     -1.00	    227.26	    315.27	      5.60	      2.43	     97.96	     42.61	-0.60	 1.373e-04	      5.32	0	Gaussian	295.876777	46.015020
653	1	  0.002139	  0.000774	     -1.00	    115.77	    737.04	      3.20	      2.67	     56.06	     46.78	-4.55	 1.677e-04	      5.33	0	Gaussian	296.862230	44.111888
654	1	  0.002081	  0.000789	     -1.00	    672.56	    129.45	      2.96	      2.50	     51.78	     43.80	-33.03	 4.417e-05	      5.33	0	Gaussian	292.822150	46.599534
655	1	  0.002121	  0.000415	     -1.00	    749.51	    157.03	      5.25	      3.08	     91.95	     53.87	-66.45	 2.045e-04	      5.33	0	Gaussian	292.349967	46.419655
656	1	  0.002107	  0.000583	     -1.00	    635.03	    653.32	      3.76	      3.04	     65.90	     53.15	-21.26	 8.743e-05	      5.33	0	Gaussian	293.517931	44.226013
657	1	  0.002099	  0.000737	     -1.00	    167.85	     56.41	      3.36	      2.76	     58.72	     48.22	-23.62	 4.513e-05	      5.33	0	Gaussian	296.096308	47.241233
658	1	  0.002093	  0.000665	     -1.00	    394.04	    727.48	      3.63	      2.73	     63.61	     47.86	-6.55	 5.528e-05	      5.34	0	Gaussian	295.089939	44.022317
659	1	  0.002130	  0.000460	     -1.00	    504.20	    412.91	      3.67	      3.44	     64.29	     60.25	76.91	 8.582e-05	      5.34	0	Gaussian	294.151896	45.410246
660	1	  0.002098	  0.000720	     -1.00	    548.16	    229.16	      3.26	      2.75	     57.11	     48.08	-13.78	 4.769e-05	      5.34	0	Gaussian	293.717425	46.226431
661	1	  0.002091	  0.000226	     -1.00	    413.10	    390.46	      6.99	      3.93	    122.34	     68.71	-27.24	 5.415e-05	      5.34	0	Gaussian	294.721107	45.566974
662	1	  0.002101	  0.000762	     -1.00	     31.23	    664.82	      2.89	      2.74	     50.55	     47.99	-52.69	 6.738e-05	      5.34	0	Gaussian	297.363728	44.483648
663	1	  0.002138	  0.000778	     -1.00	    105.86	    415.20	      2.98	      2.69	     52.23	     47.07	-7.35	 1.163e-04	      5.34	0	Gaussian	296.735894	45.611382
664	1	  0.002095	  0.000793	     -1.00	    526.54	    616.70	      2.93	      2.45	     51.23	     42.96	-23.56	 9.057e-05	      5.35	0	Gaussian	294.170828	44.459508
665	1	  0.002119	  0.000510	     -1.00	    327.37	    332.16	      4.94	      2.49	     86.40	     43.50	-11.12	 1.049e-04	      5.35	0	Gaussian	295.234155	45.883773
666	1	  0.002120	  0.000768	     -1.00	    249.82	     25.27	      3.22	      2.72	     56.38	     47.54	-9.21	 1.076e-04	      5.35	0	Gaussian	295.525265	47.340777
667	1	  0.002090	  0.000632	     -1.00	    705.84	    555.84	      3.55	      2.92	     62.11	     51.08	-19.23	 4.740e-05	      5.35	0	Gaussian	292.990847	44.628182
668	1	  0.002068	  0.000394	     -1.00	    340.49	    295.68	      5.88	      2.68	    102.99	     46.86	-28.92	 2.558e-05	      5.35	0	Gaussian	295.122017	46.044771
669	1	  0.002098	  0.000479	     -1.00	    377.78	    503.02	      3.84	      3.39	     67.27	     59.32	-33.14	 5.475e-05	      5.36	0	Gaussian	295.032085	45.067759
670	1	  0.002085	  0.000751	     -1.00	     90.37	     19.74	      2.91	      2.73	     50.86	     47.84	-43.92	 4.197e-05	      5.36	0	Gaussian	296.593690	47.449684
671	1	  0.002101	  0.000684	     -1.00	    585.95	    335.41	      3.40	      2.75	     59.59	     48.15	-13.13	 6.862e-05	      5.36	0	Gaussian	293.563089	45.715380
672	1	  0.002156	  0.000861	     -1.00	    424.64	    173.67	      2.74	      2.46	     47.88	     43.12	-23.97	 2.329e-04	      5.36	0	Gaussian	294.478273	46.557523
673	1	  0.002080	  0.000614	     -1.00	    601.59	    580.12	      3.26	      2.82	     57.00	     49.42	-18.83	 3.395e-05	      5.36	0	Gaussian	293.667684	44.582712
674	1	  0.002098	  0.000624	     -1.00	    606.10	    383.77	      3.53	      2.88	     61.72	     50.46	-10.94	 4.927e-05	      5.36	0	Gaussian	293.474918	45.480823
675	1	  0.002134	  0.000824	     -1.00	    280.42	    698.36	      2.83	      2.40	     49.57	     41.98	-4.55	 7.968e-05	      5.36	0	Gaussian	295.789454	44.215117
676	1	  0.002109	  0.000526	     -1.00	     86.51	     87.42	      3.28	      3.26	     57.39	     57.10	37.22	 7.921e-05	      5.36	0	Gaussian	296.662429	47.138836
677	1	  0.002132	  0.000788	     -1.00	    621.27	    378.70	      2.89	      2.44	     50.61	     42.65	-61.48	 1.032e-04	      5.37	0	Gaussian	293.373573	45.494320
678	1	  0.002128	  0.000601	     -1.00	    768.17	    306.35	      3.60	      2.89	     63.05	     50.53	-15.78	 8.964e-05	      5.37	0	Gaussian	292.371044	45.726076
679	1	  0.002090	  0.000369	     -1.00	    416.26	    500.86	      5.44	      2.77	     95.15	     48.48	11.81	 5.023e-05	      5.37	0	Gaussian	294.783709	45.056389
680	1	  0.002107	  0.000627	     -1.00	    234.11	    350.45	      3.61	      2.89	     63.19	     50.52	-2.01	 1.037e-04	      5.38	0	Gaussian	295.855704	45.848837
681	1	  0.002083	  0.000630	     -1.00	    776.35	    102.70	      2.97	      2.96	     51.96	     51.73	-42.60	 4.161e-05	      5.38	0	Gaussian	292.124614	46.647415
682	1	  0.002090	  0.000708	     -1.00	    167.78	    423.16	      3.25	      2.83	     56.95	     49.48	-1.62	 5.030e-05	      5.38	0	Gaussian	296.336321	45.545275
683	1	  0.002089	  0.000482	     -1.00	    369.46	    710.80	      3.70	      3.29	     64.81	     57.52	-45.05	 7.474e-05	      5.38	0	Gaussian	295.233449	44.112314
684	1	  0.002117	  0.000707	     -1.00	     87.50	    145.55	      2.98	      2.53	     52.22	     44.33	-23.61	 1.276e-04	      5.38	0	Gaussian	296.692101	46.869489
685	1	  0.002081	  0.000628	     -1.00	    635.64	    587.59	      3.45	      3.02	     60.40	     52.77	-19.18	 3.771e-05	      5.38	0	Gaussian	293.459361	44.527360
686	1	  0.002080	  0.000787	     -1.00	    157.42	    604.24	      2.84	      2.65	     49.78	     46.33	-15.20	 4.572e-05	      5.38	0	Gaussian	296.516234	44.710296
687	1	  0.002116	  0.000477	     -1.00	    599.12	    265.40	      4.85	      2.69	     84.91	     47.13	6.91	 1.467e-04	      5.39	0	Gaussian	293.418483	46.027601
688	1	  0.002129	  0.000676	     -1.00	    790.76	    417.04	      3.33	      2.92	     58.33	     51.17	-6.84	 8.378e-05	      5.39	0	Gaussian	292.330989	45.205441
689	1	  0.002100	  0.000832	     -1.00	    430.46	    242.33	      2.78	      2.52	     48.61	     44.10	-25.59	 6.097e-05	      5.39	0	Gaussian	294.494233	46.238506
690	1	  0.002104	  0.000567	     -1.00	    598.00	    410.86	      3.71	      2.97	     64.96	     52.01	-15.27	 4.580e-05	      5.39	0	Gaussian	293.549586	45.361797
691	1	  0.002124	  0.000821	     -1.00	     24.41	    431.29	      2.80	      2.45	     48.93	     42.92	-12.99	 1.357e-04	      5.39	0	Gaussian	297.278799	45.572972
692	1	  0.002100	  0.000726	     -1.00	    132.66	    767.64	      2.98	      2.50	     52.08	     43.69	-15.11	 6.223e-05	      5.39	0	Gaussian	296.772384	43.962294
693	1	  0.002084	  0.000618	     -1.00	    741.77	    571.60	      3.66	      2.92	     64.11	     51.07	-7.19	 3.586e-05	      5.39	0	Gaussian	292.779359	44.532482
694	1	  0.002116	  0.000746	     -1.00	    436.49	     12.68	      2.88	      2.59	     50.48	     45.32	-46.14	 6.917e-05	      5.40	0	Gaussian	294.270855	47.288786
695	1	  0.002101	  0.000691	     -1.00	     52.83	     92.96	      3.21	      2.78	     56.11	     48.67	-2.79	 6.412e-05	      5.40	0	Gaussian	296.892205	47.129337
696	1	  0.002123	  0.000813	     -1.00	    105.76	    779.41	      2.81	      2.42	     49.22	     42.34	-13.80	 1.035e-04	      5.40	0	Gaussian	296.950455	43.919146
697	1	  0.002101	  0.000473	     -1.00	    424.33	    426.67	      4.03	      3.03	     70.50	     53.00	-19.29	 6.023e-05	      5.40	0	Gaussian	294.676090	45.393766
698	1	  0.002085	  0.000626	     -1.00	    442.69	    642.42	      3.57	      2.90	     62.50	     50.84	-14.55	 4.096e-05	      5.40	0	Gaussian	294.720743	44.388745
699	1	  0.002087	  0.000359	     -1.00	    394.20	    532.82	      5.75	      3.04	    100.70	     53.27	-4.11	 6.304e-05	      5.40	0	Gaussian	294.948588	44.921195
700	1	  0.002117	  0.000662	     -1.00	     90.84	    631.27	      3.60	      2.62	     63.03	     45.82	-21.31	 1.119e-04	      5.40	0	Gaussian	296.960970	44.614521
701	1	  0.002075	  0.000334	     -1.00	     43.72	    369.96	      6.01	      2.66	    105.25	     46.59	9.35	 3.789e-05	      5.40	0	Gaussian	297.117021	45.849431
702	1	  0.002091	  0.000712	     -1.00	     41.95	    603.53	      3.20	      2.71	     55.92	     47.48	-7.40	 4.925e-05	      5.40	0	Gaussian	297.260851	44.764474
703	1	  0.002110	  0.000702	     -1.00	    415.49	    578.05	      3.16	      2.75	     55.27	     48.17	-12.93	 5.954e-05	      5.41	0	Gaussian	294.845870	44.700749
704	1	  0.002105	  0.000341	     -1.00	     25.68	    146.56	      4.19	      4.18	     73.33	     73.15	35.06	 6.805e-05	      5.41	0	Gaussian	297.106596	46.893774
705	1	  0.002135	  0.000772	     -1.00	    422.36	    348.12	      2.83	      2.51	     49.50	     43.93	-16.87	 9.259e-05	      5.41	0	Gaussian	294.628892	45.756636
706	1	  0.002103	  0.000688	     -1.00	    506.08	    543.50	      3.34	      2.64	     58.40	     46.15	-11.90	 5.230e-05	      5.41	0	Gaussian	294.243085	44.808399
707	1	  0.002172	  0.000744	     -1.00	    524.88	     79.87	      2.96	      2.74	     51.85	     47.90	42.95	 3.263e-04	      5.41	0	Gaussian	293.743048	46.925019
708	1	  0.002093	  0.000714	     -1.00	    496.06	    288.17	      3.13	      2.67	     54.84	     46.73	-8.00	 8.110e-05	      5.42	0	Gaussian	294.104081	45.988312
709	1	  0.002089	  0.000317	     -1.00	    403.82	    672.69	      6.01	      2.93	    105.25	     51.30	19.49	 4.810e-05	      5.42	0	Gaussian	294.988932	44.270201
710	1	  0.002097	  0.000814	     -1.00	    265.28	    327.41	      2.82	      2.40	     49.28	     42.08	-19.13	 5.242e-05	      5.42	0	Gaussian	295.636161	45.939092
711	1	  0.002078	  0.000503	     -1.00	    614.11	    168.32	      3.95	      3.00	     69.20	     52.47	-28.85	 5.210e-05	      5.42	0	Gaussian	293.236695	46.461822
712	1	  0.002116	  0.000595	     -1.00	    785.05	    128.32	      3.58	      2.83	     62.64	     49.57	-20.24	 7.276e-05	      5.42	0	Gaussian	292.093296	46.524558
713	1	  0.002109	  0.000736	     -1.00	    433.35	    342.35	      2.86	      2.59	     50.13	     45.41	3.11	 8.141e-05	      5.43	0	Gaussian	294.553300	45.776805
714	1	  0.002080	  0.000605	     -1.00	    640.02	    481.73	      3.57	      2.86	     62.43	     50.06	-14.66	 3.314e-05	      5.43	0	Gaussian	293.342317	45.010150
715	1	  0.002117	  0.000587	     -1.00	    747.14	    401.67	      3.48	      2.87	     60.82	     50.26	-8.44	 6.017e-05	      5.43	0	Gaussian	292.592742	45.305686
716	1	  0.002149	  0.000773	     -1.00	    386.59	    621.81	      2.80	      2.44	     49.07	     42.72	-26.96	 1.327e-04	      5.43	0	Gaussian	295.061630	44.514494
717	1	  0.002104	  0.000609	     -1.00	    739.19	    445.05	      3.38	      2.84	     59.10	     49.75	-15.45	 5.270e-05	      5.44	0	Gaussian	292.682373	45.112864
718	1	  0.002089	  0.000586	     -1.00	    388.90	    593.39	      3.61	      2.89	     63.21	     50.50	-6.14	 5.342e-05	      5.44	0	Gaussian	295.026488	44.644471
719	1	  0.002118	  0.000531	     -1.00	    689.28	    377.29	      3.77	      2.87	     66.01	     50.22	-3.00	 6.997e-05	      5.44	0	Gaussian	292.938375	45.456173
720	1	  0.002143	  0.000729	     -1.00	    692.67	    351.29	      2.88	      2.42	     50.37	     42.44	-33.86	 1.007e-04	      5.44	0	Gaussian	292.893537	45.572764
721	1	  0.002132	  0.000737	     -1.00	     70.96	    259.12	      3.04	      2.63	     53.25	     45.96	-10.99	 8.448e-05	      5.44	0	Gaussian	296.871692	46.351329
722	1	  0.002091	  0.000675	     -1.00	     54.05	    200.86	      3.12	      2.73	     54.52	     47.77	-7.34	 4.047e-05	      5.44	0	Gaussian	296.949164	46.629144
723	1	  0.002162	  0.000840	     -1.00	    351.40	    516.41	      2.70	      2.37	     47.19	     41.41	-15.57	 1.552e-04	      5.44	0	Gaussian	295.211061	45.020235
724	1	  0.002101	  0.000704	     -1.00	     44.32	     20.44	      2.86	      2.73	     50.13	     47.83	-1.30	 4.654e-05	      5.44	0	Gaussian	296.905339	47.468756
725	1	  0.002093	  0.000698	     -1.00	     91.52	    488.92	      2.88	      2.76	     50.36	     48.29	-8.77	 3.737e-05	      5.45	0	Gaussian	296.873494	45.275740
726	1	  0.002128	  0.000506	     -1.00	    654.44	    575.93	      3.45	      3.16	     60.46	     55.28	8.37	 1.546e-04	      5.45	0	Gaussian	293.331260	44.569039
727	1	  0.002099	  0.000639	     -1.00	    481.16	    492.24	      3.40	      2.69	     59.46	     47.04	-10.51	 4.396e-05	      5.45	0	Gaussian	294.361949	45.058928
728	1	  0.002099	  0.000625	     -1.00	    534.77	    233.58	      3.32	      2.79	     58.11	     48.77	-13.56	 5.207e-05	      5.46	0	Gaussian	293.808071	46.214655
729	1	  0.002074	  0.000590	     -1.00	    653.85	    181.29	      3.60	      2.79	     62.94	     48.76	-15.18	 3.136e-05	      5.46	0	Gaussian	292.990569	46.375802
730	1	  0.002140	  0.000715	     -1.00	    411.52	     44.82	      2.85	      2.52	     49.89	     44.05	-32.00	 1.126e-04	      5.47	0	Gaussian	294.462508	47.156873
731	1	  0.002109	  0.000688	     -1.00	    130.22	    119.64	      2.87	      2.72	     50.17	     47.67	-64.45	 9.167e-05	      5.47	0	Gaussian	296.390001	46.968395
732	1	  0.002138	  0.000540	     -1.00	    165.78	    781.42	      3.63	      2.93	     63.46	     51.29	-42.86	 9.760e-05	      5.47	0	Gaussian	296.570036	43.883605
733	1	  0.002091	  0.000627	     -1.00	    432.12	    696.49	      3.51	      2.61	     61.41	     45.75	-5.14	 6.631e-05	      5.47	0	Gaussian	294.827336	44.144993
734	1	  0.002122	  0.000437	     -1.00	    708.78	    416.96	      4.09	      3.16	     71.52	     55.34	-14.39	 6.738e-05	      5.48	0	Gaussian	292.849758	45.261721
735	1	  0.002101	  0.000657	     -1.00	    333.04	    702.52	      3.30	      2.68	     57.81	     46.86	-6.56	 5.256e-05	      5.48	0	Gaussian	295.458243	44.169411
736	1	  0.002149	  0.000704	     -1.00	    197.19	    340.18	      2.72	      2.69	     47.56	     47.02	9.48	 1.939e-04	      5.48	0	Gaussian	296.090514	45.915084
737	1	  0.002109	  0.000449	     -1.00	     88.90	    643.98	      4.74	      2.63	     82.92	     46.05	-1.04	 6.967e-05	      5.49	0	Gaussian	296.980754	44.556279
738	1	  0.002331	  0.000913	     -1.00	    237.81	     47.94	      2.41	      2.33	     42.11	     40.70	11.29	 1.992e-03	      5.49	0	Gaussian	295.621834	47.243032
739	1	  0.002115	  0.000367	     -1.00	    663.39	    695.30	      4.38	      3.35	     76.71	     58.55	84.31	 9.153e-05	      5.49	0	Gaussian	293.375623	44.015802
740	1	  0.002139	  0.000807	     -1.00	    140.39	    128.52	      2.71	      2.33	     47.50	     40.83	-39.93	 1.536e-04	      5.49	0	Gaussian	296.327817	46.922296
741	1	  0.002103	  0.000611	     -1.00	    359.37	    325.80	      3.29	      2.92	     57.52	     51.11	-15.90	 5.796e-05	      5.49	0	Gaussian	295.021092	45.895383
742	1	  0.002097	  0.000620	     -1.00	    571.12	    489.26	      3.33	      2.73	     58.24	     47.81	-11.51	 4.356e-05	      5.49	0	Gaussian	293.786066	45.018720
743	1	  0.002105	  0.000687	     -1.00	    535.97	    518.32	      3.11	      2.61	     54.41	     45.70	-12.01	 1.212e-04	      5.49	0	Gaussian	294.033135	44.906508
744	1	  0.002111	  0.000640	     -1.00	    510.88	    443.88	      3.17	      2.73	     55.49	     47.81	-17.15	 5.602e-05	      5.50	0	Gaussian	294.133760	45.263819
745	1	  0.002113	  0.000432	     -1.00	    501.32	    671.90	      4.14	      2.70	     72.49	     47.33	-1.86	 7.015e-05	      5.50	0	Gaussian	294.372677	44.219840
746	1	  0.002132	  0.000682	     -1.00	    278.59	    485.28	      2.75	      2.73	     48.16	     47.77	-26.57	 1.241e-04	      5.50	0	Gaussian	295.658113	45.202434
747	1	  0.002089	  0.000619	     -1.00	    207.29	    646.06	      3.33	      2.80	     58.29	     49.03	-11.35	 3.989e-05	      5.50	0	Gaussian	296.222145	44.492932
748	1	  0.002097	  0.000627	     -1.00	    256.93	    550.49	      3.36	      2.69	     58.82	     47.14	-5.73	 4.991e-05	      5.51	0	Gaussian	295.841650	44.911648
749	1	  0.002082	  0.000354	     -1.00	    514.02	    710.40	      4.82	      2.73	     84.29	     47.73	-72.99	 4.763e-05	      5.51	0	Gaussian	294.322276	44.035227
750	1	  0.002114	  0.000668	     -1.00	    153.09	    276.00	      3.05	      2.64	     53.45	     46.20	-33.94	 8.338e-05	      5.51	0	Gaussian	296.338824	46.233963
751	1	  0.002127	  0.000644	     -1.00	    622.90	     39.05	      3.25	      2.72	     56.80	     47.64	-12.42	 7.428e-05	      5.52	0	Gaussian	293.063796	47.046102
752	1	  0.002097	  0.000599	     -1.00	    678.96	    601.48	      3.44	      2.73	     60.20	     47.73	-10.29	 4.424e-05	      5.52	0	Gaussian	293.198987	44.436353
753	1	  0.002104	  0.000568	     -1.00	    624.07	    607.98	      3.42	      2.92	     59.91	     51.10	-15.91	 7.036e-05	      5.52	0	Gaussian	293.549144	44.440956
754	1	  0.002103	  0.000699	     -1.00	    338.40	    517.64	      2.85	      2.53	     49.88	     44.31	-32.89	 4.817e-05	      5.52	0	Gaussian	295.295398	45.021484
755	1	  0.002098	  0.000646	     -1.00	    523.49	    320.07	      2.97	      2.47	     52.06	     43.22	-42.63	 4.817e-05	      5.52	0	Gaussian	293.952661	45.824955
756	1	  0.002111	  0.000607	     -1.00	    684.33	    262.46	      3.29	      2.86	     57.54	     50.12	-12.73	 9.561e-05	      5.52	0	Gaussian	292.867097	45.984338
757	1	  0.002061	  0.000571	     -1.00	    314.03	    189.94	      3.26	      2.99	     57.03	     52.31	-8.60	 2.521e-05	      5.53	0	Gaussian	295.218152	46.546805
758	1	  0.002099	  0.000548	     -1.00	    390.85	    331.31	      3.50	      2.88	     61.21	     50.33	-12.26	 5.707e-05	      5.53	0	Gaussian	294.820525	45.852161
759	1	  0.002088	  0.000534	     -1.00	    690.82	    602.59	      3.74	      2.72	     65.42	     47.66	-16.65	 4.760e-05	      5.53	0	Gaussian	293.125605	44.423690
760	1	  0.002094	  0.000586	     -1.00	    649.70	    648.61	      3.46	      2.86	     60.63	     50.04	-14.61	 3.342e-05	      5.53	0	Gaussian	293.422130	44.238571
761	1	  0.002084	  0.000628	     -1.00	     70.63	     22.86	      2.92	      2.79	     51.16	     48.83	-12.17	 4.765e-05	      5.53	0	Gaussian	296.728983	47.444918
762	1	  0.002107	  0.000472	     -1.00	    754.33	    329.74	      3.77	      2.98	     66.05	     52.15	-9.28	 5.554e-05	      5.53	0	Gaussian	292.480981	45.629064
763	1	  0.002132	  0.000502	     -1.00	    221.26	    505.93	      3.80	      2.65	     66.57	     46.45	-4.96	 2.231e-04	      5.53	0	Gaussian	296.042334	45.135723
764	1	  0.002107	  0.000594	     -1.00	    680.85	     91.73	      3.38	      2.74	     59.15	     47.99	-18.02	 7.148e-05	      5.54	0	Gaussian	292.733542	46.765736
765	1	  0.002087	  0.000503	     -1.00	    783.62	    384.76	      3.66	      3.19	     64.14	     55.84	-12.31	 2.836e-05	      5.54	0	Gaussian	292.346104	45.357666
766	1	  0.002123	  0.000533	     -1.00	    114.14	    773.10	      3.57	      2.86	     62.43	     50.04	-6.98	 1.187e-04	      5.54	0	Gaussian	296.893463	43.944907
767	1	  0.002102	  0.000639	     -1.00	    178.83	    575.51	      3.25	      2.71	     56.84	     47.42	-16.65	 5.469e-05	      5.54	0	Gaussian	296.360597	44.833651
768	1	  0.002082	  0.000581	     -1.00	    549.15	    493.53	      3.43	      2.74	     60.01	     47.94	-10.65	 5.579e-05	      5.54	0	Gaussian	293.929349	45.012518
769	1	  0.002123	  0.000740	     -1.00	    312.45	    616.39	      2.71	      2.51	     47.50	     43.98	-30.09	 8.056e-05	      5.54	0	Gaussian	295.530249	44.578498
770	1	  0.002090	  0.000629	     -1.00	    664.31	     70.41	      2.98	      2.50	     52.10	     43.78	-37.89	 3.665e-05	      5.55	0	Gaussian	292.821612	46.874457
771	1	  0.002090	  0.000508	     -1.00	    546.71	     63.38	      3.58	      3.12	     62.59	     54.54	-18.10	 6.491e-05	      5.55	0	Gaussian	293.585434	46.986177
772	1	  0.002083	  0.000571	     -1.00	    756.06	    302.47	      3.55	      2.69	     62.18	     47.14	-11.66	 3.957e-05	      5.55	0	Gaussian	292.444631	45.752268
773	1	  0.002084	  0.000645	     -1.00	    113.80	    318.24	      2.97	      2.42	     51.91	     42.33	-40.40	 4.461e-05	      5.55	0	Gaussian	296.624523	46.057309
774	1	  0.002096	  0.000684	     -1.00	     32.81	    289.44	      2.92	      2.22	     51.03	     38.80	-18.77	 4.641e-05	      5.56	0	Gaussian	297.142524	46.228082
775	1	  0.002133	  0.000443	     -1.00	    319.63	    260.42	      4.49	      2.66	     78.51	     46.54	-8.77	 1.376e-04	      5.56	0	Gaussian	295.232766	46.218908
776	1	  0.002109	  0.000631	     -1.00	    107.47	    369.85	      2.83	      2.75	     49.48	     48.05	-49.79	 7.681e-05	      5.57	0	Gaussian	296.697808	45.820992
777	1	  0.002095	  0.000637	     -1.00	    161.79	    303.60	      2.96	      2.37	     51.89	     41.40	-11.09	 5.215e-05	      5.57	0	Gaussian	296.299191	46.101942
778	1	  0.002117	  0.000583	     -1.00	    293.15	    122.80	      3.27	      2.69	     57.18	     47.08	-11.11	 1.814e-04	      5.57	0	Gaussian	295.307122	46.867720
779	1	  0.002121	  0.000652	     -1.00	     12.82	    550.16	      2.92	      2.33	     51.10	     40.81	-45.19	 1.076e-04	      5.57	0	Gaussian	297.420321	45.024966
780	1	  0.002083	  0.000586	     -1.00	     13.90	    445.60	      3.35	      2.72	     58.61	     47.61	-11.06	 6.770e-05	      5.57	0	Gaussian	297.355688	45.510933
781	1	  0.002113	  0.000691	     -1.00	    209.95	    568.21	      2.99	      2.49	     52.39	     43.54	-5.36	 6.952e-05	      5.57	0	Gaussian	296.155521	44.852667
782	1	  0.002134	  0.000633	     -1.00	    752.46	    434.29	      3.24	      2.65	     56.71	     46.37	-9.19	 1.635e-04	      5.58	0	Gaussian	292.588746	45.153042
783	1	  0.002087	  0.000684	     -1.00	    190.50	    258.60	      2.85	      2.44	     49.92	     42.78	-31.42	 4.322e-05	      5.58	0	Gaussian	296.080656	46.295791
784	1	  0.002087	  0.000629	     -1.00	    244.33	    684.63	      2.94	      2.52	     51.48	     44.15	-33.11	 4.926e-05	      5.58	0	Gaussian	296.010181	44.296343
785	1	  0.002090	  0.000392	     -1.00	    191.56	     96.96	      3.55	      3.42	     62.11	     59.89	52.31	 3.493e-05	      5.59	0	Gaussian	295.965029	47.041798
786	1	  0.002141	  0.000382	     -1.00	    199.22	    482.95	      4.07	      3.19	     71.16	     55.88	-3.28	 1.023e-04	      5.59	0	Gaussian	296.170113	45.252997
787	1	  0.002104	  0.000546	     -1.00	    582.65	    317.90	      3.07	      2.58	     53.69	     45.18	-39.69	 5.303e-05	      5.60	0	Gaussian	293.569493	45.797709
788	1	  0.002133	  0.000691	     -1.00	    191.70	    233.41	      2.77	      2.40	     48.50	     42.06	-31.30	 9.052e-05	      5.60	0	Gaussian	296.056008	46.411619
789	1	  0.002126	  0.000461	     -1.00	    689.87	    385.36	      4.06	      2.38	     70.99	     41.69	-2.89	 8.244e-05	      5.60	0	Gaussian	292.941759	45.418868
790	1	  0.002128	  0.000676	     -1.00	    396.23	    126.31	      2.80	      2.41	     48.97	     42.15	-30.28	 1.044e-04	      5.60	0	Gaussian	294.628007	46.792067
791	1	  0.002097	  0.000315	     -1.00	     42.40	    732.50	      4.02	      4.01	     70.44	     70.12	-0.13	 5.226e-05	      5.61	0	Gaussian	297.328913	44.163933
792	1	  0.002085	  0.000540	     -1.00	     57.90	    738.46	      3.50	      2.78	     61.20	     48.71	-19.59	 4.524e-05	      5.61	0	Gaussian	297.232946	44.129789
793	1	  0.002097	  0.000589	     -1.00	    691.39	    782.26	      3.00	      2.43	     52.45	     42.53	-14.43	 5.831e-05	      5.61	0	Gaussian	293.274484	43.599457
794	1	  0.002090	  0.000652	     -1.00	    162.68	    370.41	      2.90	      2.30	     50.78	     40.29	-16.68	 5.104e-05	      5.61	0	Gaussian	296.336112	45.792142
795	1	  0.002082	  0.000603	     -1.00	    438.62	    265.05	      2.92	      2.65	     51.18	     46.39	-38.48	 3.644e-05	      5.61	0	Gaussian	294.458818	46.129201
796	1	  0.002101	  0.000485	     -1.00	    727.97	     99.84	      3.56	      2.99	     62.39	     52.34	-6.05	 6.517e-05	      5.61	0	Gaussian	292.435087	46.695424
797	1	  0.002148	  0.000440	     -1.00	    504.98	    420.60	      4.37	      2.51	     76.51	     43.96	-10.80	 1.027e-04	      5.61	0	Gaussian	294.153040	45.374402
798	1	  0.002085	  0.000370	     -1.00	    237.41	    765.32	      4.47	      2.61	     78.28	     45.72	-38.67	 5.447e-05	      5.61	0	Gaussian	296.105728	43.925475
799	1	  0.002129	  0.000630	     -1.00	    699.40	    356.47	      2.86	      2.45	     50.12	     42.82	-44.31	 1.187e-04	      5.62	0	Gaussian	292.855268	45.544572
800	1	  0.002091	  0.000466	     -1.00	    610.15	    360.85	      3.73	      2.90	     65.22	     50.83	-7.70	 5.485e-05	      5.62	0	Gaussian	293.429461	45.583259
801	1	  0.002081	  0.000634	     -1.00	    101.72	    357.79	      2.90	      2.46	     50.81	     43.09	-4.61	 3.941e-05	      5.62	0	Gaussian	296.728268	45.879625
802	1	  0.002092	  0.000522	     -1.00	    413.15	     81.64	      3.50	      2.72	     61.23	     47.62	-9.28	 4.507e-05	      5.63	0	Gaussian	294.481057	46.986973
803	1	  0.002118	  0.000521	     -1.00	    247.87	    785.49	      3.00	      2.85	     52.58	     49.93	-7.45	 1.232e-04	      5.63	0	Gaussian	296.052299	43.826949
804	1	  0.002089	  0.000447	     -1.00	    780.02	    769.88	      3.85	      3.02	     67.45	     52.89	-26.70	 5.119e-05	      5.63	0	Gaussian	292.716612	43.600162
805	1	  0.002092	  0.000600	     -1.00	    298.05	    260.36	      3.22	      2.64	     56.28	     46.25	-7.22	 4.167e-05	      5.63	0	Gaussian	295.374226	46.231024
806	1	  0.002117	  0.000553	     -1.00	    440.57	    240.93	      2.97	      2.67	     51.91	     46.73	-11.96	 9.082e-05	      5.63	0	Gaussian	294.427123	46.238933
807	1	  0.002092	  0.000513	     -1.00	    545.20	    761.59	      3.64	      2.63	     63.75	     46.03	-11.16	 9.247e-05	      5.63	0	Gaussian	294.166538	43.781587
808	1	  0.002086	  0.000469	     -1.00	    449.96	    570.96	      3.74	      2.92	     65.52	     51.17	-16.35	 3.650e-05	      5.64	0	Gaussian	294.621152	44.714197
809	1	  0.002091	  0.000506	     -1.00	    737.51	    131.96	      3.12	      2.69	     54.62	     47.04	-60.16	 6.538e-05	      5.64	0	Gaussian	292.403716	46.542393
810	1	  0.002094	  0.000548	     -1.00	    706.98	    738.09	      3.43	      2.69	     59.99	     47.11	-15.21	 4.774e-05	      5.64	0	Gaussian	293.140637	43.792341
811	1	  0.002133	  0.000596	     -1.00	    101.62	     64.80	      2.87	      2.55	     50.15	     44.55	-33.95	 1.357e-04	      5.64	0	Gaussian	296.546618	47.235994
812	1	  0.002089	  0.000532	     -1.00	    300.36	    783.87	      3.05	      2.66	     53.32	     46.51	-70.08	 5.569e-05	      5.64	0	Gaussian	295.719678	43.809138
813	1	  0.002080	  0.000343	     -1.00	    230.75	    420.54	      5.03	      2.96	     87.96	     51.85	9.79	 3.668e-05	      5.64	0	Gaussian	295.924570	45.526324
814	1	  0.002110	  0.000556	     -1.00	    659.53	    702.89	      2.99	      2.57	     52.32	     44.97	-40.76	 7.611e-05	      5.65	0	Gaussian	293.406006	43.983354
815	1	  0.002092	  0.000553	     -1.00	    369.46	    166.34	      2.99	      2.58	     52.41	     45.24	-18.14	 5.653e-05	      5.65	0	Gaussian	294.835307	46.623824
816	1	  0.002098	  0.000353	     -1.00	    130.44	    541.58	      4.92	      2.76	     86.08	     48.32	8.96	 5.088e-05	      5.65	0	Gaussian	296.652298	45.013560
817	1	  0.002102	  0.000631	     -1.00	    276.21	    108.47	      2.86	      2.41	     50.02	     42.26	-37.58	 8.090e-05	      5.65	0	Gaussian	295.409176	46.943120
818	1	  0.002103	  0.000452	     -1.00	    590.34	    342.76	      3.53	      2.85	     61.86	     49.82	12.09	 8.804e-05	      5.65	0	Gaussian	293.541123	45.678879
819	1	  0.002099	  0.000462	     -1.00	    643.92	     36.64	      3.59	      2.95	     62.79	     51.55	-12.31	 5.059e-05	      5.65	0	Gaussian	292.923917	47.042576
820	1	  0.002089	  0.000593	     -1.00	    234.32	    735.63	      2.94	      2.47	     51.53	     43.30	-46.57	 4.839e-05	      5.65	0	Gaussian	296.106482	44.064634
821	1	  0.002091	  0.000466	     -1.00	    663.40	    616.22	      3.51	      2.88	     61.49	     50.44	-17.08	 4.461e-05	      5.65	0	Gaussian	293.309075	44.378609
822	1	  0.002076	  0.000528	     -1.00	     81.94	    379.18	      3.32	      2.84	     58.05	     49.68	-14.73	 2.427e-05	      5.65	0	Gaussian	296.871103	45.789474
823	1	  0.002128	  0.000525	     -1.00	    530.84	    474.37	      3.07	      2.79	     53.82	     48.85	-16.87	 7.762e-05	      5.66	0	Gaussian	294.030617	45.111668
824	1	  0.002085	  0.000552	     -1.00	    453.74	    303.19	      3.05	      2.35	     53.35	     41.12	-87.70	 4.626e-05	      5.66	0	Gaussian	294.390515	45.944866
825	1	  0.002100	  0.000563	     -1.00	    542.59	    740.83	      2.99	      2.40	     52.39	     42.00	-17.12	 7.914e-05	      5.66	0	Gaussian	294.166751	43.878698
826	1	  0.002111	  0.000333	     -1.00	     60.59	     96.54	      3.80	      3.80	     66.58	     66.52	-11.47	 9.266e-05	      5.66	0	Gaussian	296.842243	47.109105
827	1	  0.002128	  0.000552	     -1.00	    715.02	     96.28	      3.19	      2.67	     55.75	     46.75	-11.55	 1.002e-04	      5.66	0	Gaussian	292.515720	46.720856
828	1	  0.002103	  0.000392	     -1.00	    542.44	    466.89	      4.36	      2.82	     76.35	     49.38	-20.33	 7.361e-05	      5.66	0	Gaussian	293.950552	45.139011
829	1	  0.002096	  0.000603	     -1.00	    201.68	    579.17	      2.86	      2.56	     50.08	     44.83	-45.50	 5.330e-05	      5.66	0	Gaussian	296.215739	44.805798
830	1	  0.002080	  0.000493	     -1.00	    192.01	    639.71	      3.40	      2.93	     59.45	     51.21	-11.11	 3.245e-05	      5.67	0	Gaussian	296.315991	44.529575
831	1	  0.002104	  0.000509	     -1.00	    387.00	    455.66	      3.46	      2.78	     60.48	     48.64	-11.06	 5.281e-05	      5.67	0	Gaussian	294.938142	45.281184
832	1	  0.002091	  0.000467	     -1.00	    421.94	    659.54	      3.57	      2.92	     62.56	     51.14	-4.63	 3.572e-05	      5.67	0	Gaussian	294.864685	44.321114
833	1	  0.002127	  0.000532	     -1.00	    699.90	    247.68	      3.07	      2.75	     53.81	     48.10	-21.07	 1.798e-04	      5.67	0	Gaussian	292.753656	46.041201
834	1	  0.002117	  0.000591	     -1.00	     80.62	    262.93	      2.86	      2.57	     50.12	     44.91	-10.58	 1.045e-04	      5.67	0	Gaussian	296.809967	46.329200
835	1	  0.002126	  0.000659	     -1.00	    320.51	    634.33	      2.70	      2.52	     47.28	     44.09	-24.27	 1.389e-04	      5.67	0	Gaussian	295.491151	44.491321
836	1	  0.002098	  0.000543	     -1.00	    233.87	    254.76	      3.24	      2.73	     56.75	     47.74	-13.95	 5.439e-05	      5.67	0	Gaussian	295.792223	46.291181
837	1	  0.002134	  0.000612	     -1.00	    437.67	    454.74	      2.85	      2.35	     49.82	     41.11	-31.94	 1.309e-04	      5.68	0	Gaussian	294.611631	45.256787
838	1	  0.002102	  0.000429	     -1.00	    149.81	    300.47	      3.59	      3.16	     62.92	     55.39	-6.22	 6.311e-05	      5.68	0	Gaussian	296.376129	46.122289
839	1	  0.002279	  0.000876	     -1.00	    636.09	    208.59	      2.30	      1.96	     40.22	     34.24	-10.27	 1.182e-03	      5.68	0	Gaussian	293.129856	46.263057
840	1	  0.002099	  0.000551	     -1.00	    419.86	    286.42	      3.30	      2.62	     57.73	     45.92	-10.50	 6.407e-05	      5.68	0	Gaussian	294.597609	46.042035
841	1	  0.002078	  0.000537	     -1.00	    325.35	    175.29	      3.04	      2.48	     53.15	     43.37	-84.19	 5.191e-05	      5.68	0	Gaussian	295.132695	46.607926
842	1	  0.002105	  0.000578	     -1.00	    278.49	    115.84	      2.89	      2.57	     50.54	     44.97	-41.19	 8.467e-05	      5.68	0	Gaussian	295.399379	46.907892
843	1	  0.002106	  0.000580	     -1.00	    735.39	    485.26	      2.93	      2.35	     51.24	     41.22	-44.89	 7.695e-05	      5.68	0	Gaussian	292.742502	44.931619
844	1	  0.002099	  0.000442	     -1.00	    332.12	    556.16	      3.17	      3.14	     55.51	     54.88	44.68	 7.982e-05	      5.69	0	Gaussian	295.362813	44.846800
845	1	  0.002110	  0.000497	     -1.00	    280.35	    723.48	      3.93	      2.40	     68.81	     41.96	-6.96	 6.844e-05	      5.69	0	Gaussian	295.806432	44.098737
846	1	  0.002090	  0.000448	     -1.00	    671.97	    113.97	      3.40	      2.95	     59.58	     51.64	0.64	 4.734e-05	      5.69	0	Gaussian	292.811823	46.670552
847	1	  0.002092	  0.000502	     -1.00	    732.87	    740.48	      3.26	      2.84	     57.09	     49.71	-9.92	 4.776e-05	      5.69	0	Gaussian	292.982287	43.765020
848	1	  0.002100	  0.000522	     -1.00	    110.87	    173.84	      3.31	      2.71	     57.95	     47.44	-9.84	 4.882e-05	      5.70	0	Gaussian	296.553786	46.727317
849	1	  0.002129	  0.000463	     -1.00	    738.66	     97.48	      3.61	      2.67	     63.13	     46.69	-9.23	 1.077e-04	      5.70	0	Gaussian	292.363539	46.698499
850	1	  0.002098	  0.000496	     -1.00	    296.61	    447.57	      3.07	      2.61	     53.74	     45.66	47.30	 5.452e-05	      5.70	0	Gaussian	295.515691	45.367389
851	1	  0.002195	  0.000516	     -1.00	    774.88	    308.61	      3.55	      2.36	     62.15	     41.37	-30.48	 2.069e-04	      5.70	0	Gaussian	292.330412	45.711040
852	1	  0.002084	  0.000570	     -1.00	    254.84	    196.74	      2.97	      2.33	     51.97	     40.87	-25.13	 7.071e-05	      5.70	0	Gaussian	295.613676	46.547910
853	1	  0.002088	  0.000544	     -1.00	    332.01	     49.40	      3.26	      2.68	     57.09	     46.89	-8.42	 5.034e-05	      5.70	0	Gaussian	294.994297	47.183213
854	1	  0.002079	  0.000337	     -1.00	    145.10	     75.02	      3.99	      2.91	     69.76	     50.99	2.40	 3.089e-05	      5.71	0	Gaussian	296.261265	47.167010
855	1	  0.002099	  0.000412	     -1.00	    526.23	    281.45	      3.91	      2.92	     68.40	     51.18	8.00	 6.188e-05	      5.71	0	Gaussian	293.903220	46.000498
856	1	  0.002099	  0.000443	     -1.00	    448.27	    508.83	      3.59	      2.98	     62.88	     52.12	-2.30	 7.108e-05	      5.71	0	Gaussian	294.584871	45.001540
857	1	  0.002122	  0.000623	     -1.00	    210.69	    719.31	      2.78	      2.37	     48.69	     41.47	-51.92	 8.644e-05	      5.72	0	Gaussian	296.246469	44.151482
858	1	  0.002129	  0.000595	     -1.00	    183.71	    222.46	      3.16	      2.52	     55.39	     44.05	-9.05	 2.206e-04	      5.72	0	Gaussian	296.101527	46.466276
859	1	  0.002172	  0.000599	     -1.00	    407.49	    256.32	      2.75	      2.41	     48.06	     42.13	-11.11	 2.104e-04	      5.73	0	Gaussian	294.655029	46.187730
860	1	  0.002074	  0.000367	     -1.00	    689.42	    560.73	      4.08	      2.87	     71.33	     50.19	4.99	 2.680e-05	      5.73	0	Gaussian	293.098284	44.616409
861	1	  0.002094	  0.000434	     -1.00	    123.92	     86.00	      2.98	      2.95	     52.16	     51.66	-23.95	 5.882e-05	      5.73	0	Gaussian	296.410480	47.127002
862	1	  0.002092	  0.000578	     -1.00	     13.67	    200.82	      2.89	      2.42	     50.54	     42.36	-14.81	 7.272e-05	      5.73	0	Gaussian	297.218587	46.647712
863	1	  0.002099	  0.000324	     -1.00	    550.78	    660.22	      4.20	      3.01	     73.45	     52.66	-22.42	 6.097e-05	      5.73	0	Gaussian	294.052276	44.245005
864	1	  0.002172	  0.000548	     -1.00	    179.56	    487.91	      2.87	      2.31	     50.27	     40.38	-33.56	 8.178e-05	      5.73	0	Gaussian	296.300783	45.239518
865	1	  0.002094	  0.000364	     -1.00	    738.19	    335.31	      4.25	      2.44	     74.40	     42.67	-21.47	 3.813e-05	      5.74	0	Gaussian	292.588889	45.614836
866	1	  0.002143	  0.000572	     -1.00	    705.61	    509.73	      2.83	      2.41	     49.46	     42.13	-70.52	 1.001e-04	      5.74	0	Gaussian	292.951933	44.839434
867	1	  0.002086	  0.000386	     -1.00	    440.72	     25.20	      3.56	      3.25	     62.37	     56.87	-16.77	 3.478e-05	      5.74	0	Gaussian	294.252991	47.228816
868	1	  0.002076	  0.000437	     -1.00	      7.75	    234.64	      3.75	      2.77	     65.64	     48.56	-13.28	 3.390e-05	      5.74	0	Gaussian	297.277478	46.493445
869	1	  0.002136	  0.000590	     -1.00	     39.43	     49.27	      2.80	      2.35	     49.03	     41.10	-25.18	 1.022e-04	      5.74	0	Gaussian	296.955959	47.337781
870	1	  0.002087	  0.000553	     -1.00	    399.32	    582.58	      2.91	      2.51	     51.00	     43.92	-48.30	 4.295e-05	      5.74	0	Gaussian	294.952230	44.688731
871	1	  0.002126	  0.000426	     -1.00	    541.22	    727.41	      3.36	      2.95	     58.83	     51.64	-13.73	 2.513e-04	      5.74	0	Gaussian	294.164884	43.941263
872	1	  0.002089	  0.000556	     -1.00	     59.25	    436.46	      2.91	      2.47	     50.92	     43.31	-18.65	 3.308e-05	      5.74	0	Gaussian	297.053485	45.533734
873	1	  0.002096	  0.000534	     -1.00	    202.99	     25.31	      3.25	      2.64	     56.86	     46.22	-10.74	 5.451e-05	      5.75	0	Gaussian	295.839285	47.366107
874	1	  0.002087	  0.000538	     -1.00	    718.49	    588.29	      2.99	      2.31	     52.25	     40.43	-25.25	 4.548e-05	      5.75	0	Gaussian	292.939833	44.471366
875	1	  0.002140	  0.000631	     -1.00	    150.11	    568.58	      2.85	      2.34	     49.95	     40.94	-9.37	 2.833e-04	      5.75	0	Gaussian	296.541562	44.879188
876	1	  0.002097	  0.000506	     -1.00	    706.38	    203.78	      3.00	      2.52	     52.46	     44.15	-63.62	 4.478e-05	      5.76	0	Gaussian	292.671746	46.237012
877	1	  0.002140	  0.000561	     -1.00	    576.10	    772.56	      3.09	      2.52	     54.05	     44.07	-9.52	 1.606e-04	      5.76	0	Gaussian	293.982354	43.713239
878	1	  0.002107	  0.000495	     -1.00	    263.74	    502.42	      3.20	      2.81	     56.03	     49.20	-24.46	 1.217e-04	      5.76	0	Gaussian	295.765634	45.130704
879	1	  0.002092	  0.000443	     -1.00	    643.04	    403.26	      3.64	      2.80	     63.73	     49.04	-22.02	 3.574e-05	      5.76	0	Gaussian	293.255776	45.367733
880	1	  0.002153	  0.000606	     -1.00	    143.21	    519.82	      2.88	      2.41	     50.48	     42.22	-11.25	 1.302e-04	      5.76	0	Gaussian	296.556311	45.108659
881	1	  0.002080	  0.000414	     -1.00	    638.93	    293.73	      3.70	      2.95	     64.77	     51.64	-13.83	 3.550e-05	      5.77	0	Gaussian	293.186706	45.871813
882	1	  0.002090	  0.000430	     -1.00	    583.11	    393.56	      3.72	      2.88	     65.15	     50.38	-15.70	 3.835e-05	      5.77	0	Gaussian	293.630256	45.450519
883	1	  0.002107	  0.000530	     -1.00	    220.85	    772.70	      3.10	      2.62	     54.21	     45.88	-16.37	 6.508e-05	      5.77	0	Gaussian	296.215307	43.898970
884	1	  0.002103	  0.000372	     -1.00	    162.23	    719.28	      3.65	      3.07	     63.89	     53.71	-21.68	 4.641e-05	      5.77	0	Gaussian	296.555264	44.173916
885	1	  0.002085	  0.000303	     -1.00	    484.87	    737.58	      4.19	      3.40	     73.28	     59.44	5.46	 5.490e-05	      5.77	0	Gaussian	294.525878	43.926349
886	1	  0.002118	  0.000426	     -1.00	    152.04	    402.48	      3.85	      2.54	     67.39	     44.42	0.58	 7.717e-05	      5.77	0	Gaussian	296.426021	45.648707
887	1	  0.002090	  0.000566	     -1.00	    320.62	    514.64	      2.89	      2.33	     50.58	     40.81	-39.93	 4.928e-05	      5.77	0	Gaussian	295.407552	45.044791
888	1	  0.002092	  0.000527	     -1.00	    482.47	    368.56	      2.91	      2.55	     51.01	     44.72	-39.13	 3.877e-05	      5.78	0	Gaussian	294.256403	45.627177
889	1	  0.002086	  0.000343	     -1.00	     23.65	    605.12	      4.79	      2.71	     83.80	     47.35	-8.16	 4.907e-05	      5.78	0	Gaussian	297.380122	44.764707
890	1	  0.002078	  0.000361	     -1.00	    361.10	     15.84	      4.08	      2.80	     71.48	     48.93	-3.79	 4.037e-05	      5.78	0	Gaussian	294.774805	47.320249
891	1	  0.002086	  0.000434	     -1.00	    608.09	    753.00	      3.67	      2.60	     64.27	     45.59	-19.49	 5.542e-05	      5.78	0	Gaussian	293.767535	43.784386
892	1	  0.002134	  0.000559	     -1.00	    187.11	    457.51	      3.15	      2.43	     55.17	     42.45	-17.82	 1.803e-04	      5.78	0	Gaussian	296.232363	45.376772
893	1	  0.002119	  0.000376	     -1.00	    366.29	    238.38	      3.96	      2.56	     69.39	     44.89	6.70	 7.565e-05	      5.78	0	Gaussian	294.910711	46.294154
894	1	  0.002104	  0.000417	     -1.00	     98.41	    334.29	      3.50	      2.58	     61.29	     45.14	-2.61	 1.207e-04	      5.79	0	Gaussian	296.735750	45.990110
895	1	  0.002074	  0.000491	     -1.00	    178.06	     87.28	      3.29	      2.71	     57.61	     47.49	-9.84	 2.718e-05	      5.79	0	Gaussian	296.048711	47.093511
896	1	  0.002095	  0.000525	     -1.00	    144.62	    658.12	      2.93	      2.44	     51.32	     42.63	-35.93	 4.565e-05	      5.79	0	Gaussian	296.631115	44.465934
897	1	  0.002095	  0.000471	     -1.00	    438.99	    516.19	      3.37	      2.74	     58.92	     47.96	-3.25	 7.063e-05	      5.79	0	Gaussian	294.649806	44.972881
898	1	  0.002098	  0.000507	     -1.00	    435.71	    780.31	      2.98	      2.41	     52.21	     42.19	-36.94	 7.968e-05	      5.79	0	Gaussian	294.865729	43.756063
899	1	  0.002096	  0.000509	     -1.00	    341.68	    463.87	      2.89	      2.70	     50.61	     47.34	-27.25	 3.593e-05	      5.79	0	Gaussian	295.236053	45.268095
900	1	  0.002080	  0.000363	     -1.00	    329.08	    115.36	      3.46	      3.31	     60.63	     57.85	15.71	 4.498e-05	      5.79	0	Gaussian	295.063457	46.881630
901	1	  0.002085	  0.000462	     -1.00	    422.09	     70.61	      3.55	      2.74	     62.14	     47.89	-11.92	 3.284e-05	      5.79	0	Gaussian	294.413117	47.032121
902	1	  0.002086	  0.000534	     -1.00	    277.32	    304.33	      2.93	      2.34	     51.35	     40.95	-19.53	 5.223e-05	      5.80	0	Gaussian	295.541296	46.039316
903	1	  0.002101	  0.000538	     -1.00	    181.55	    726.99	      2.79	      2.68	     48.83	     46.87	-27.10	 5.883e-05	      5.80	0	Gaussian	296.436808	44.129326
904	1	  0.002139	  0.000563	     -1.00	    588.58	    667.12	      2.82	      2.25	     49.40	     39.33	-24.49	 1.638e-04	      5.80	0	Gaussian	293.820332	44.190829
905	1	  0.002120	  0.000568	     -1.00	    312.67	    439.74	      2.78	      2.43	     48.69	     42.50	-3.73	 6.105e-05	      5.80	0	Gaussian	295.406317	45.395075
906	1	  0.002133	  0.000502	     -1.00	    678.38	    521.69	      2.86	      2.60	     50.10	     45.48	-55.84	 8.388e-05	      5.80	0	Gaussian	293.134075	44.802382
907	1	  0.002106	  0.000475	     -1.00	    401.78	    512.90	      3.21	      2.74	     56.14	     47.90	-15.74	 7.060e-05	      5.80	0	Gaussian	294.885419	45.008912
908	1	  0.002096	  0.000515	     -1.00	     78.78	    785.73	      2.98	      2.27	     52.22	     39.75	-6.44	 5.949e-05	      5.80	0	Gaussian	297.125848	43.901100
909	1	  0.002106	  0.000273	     -1.00	    213.36	    464.32	      5.11	      2.87	     89.46	     50.17	6.96	 6.290e-05	      5.80	0	Gaussian	296.066370	45.332345
910	1	  0.002083	  0.000441	     -1.00	    603.36	    444.93	      3.04	      2.64	     53.26	     46.19	73.42	 4.828e-05	      5.80	0	Gaussian	293.544108	45.202130
911	1	  0.002112	  0.000470	     -1.00	    372.46	     87.48	      2.91	      2.79	     50.94	     48.84	-31.37	 5.223e-05	      5.81	0	Gaussian	294.754885	46.984538
912	1	  0.002098	  0.000467	     -1.00	    287.45	     49.25	      2.95	      2.77	     51.61	     48.55	9.96	 4.631e-05	      5.81	0	Gaussian	295.291177	47.209410
913	1	  0.002072	  0.000370	     -1.00	    432.21	    565.50	      3.81	      3.00	     66.65	     52.56	-16.36	 2.545e-05	      5.81	0	Gaussian	294.730069	44.749365
914	1	  0.002109	  0.000494	     -1.00	    341.02	    583.38	      3.19	      2.64	     55.76	     46.12	-10.60	 1.487e-04	      5.81	0	Gaussian	295.324876	44.716291
915	1	  0.002122	  0.000405	     -1.00	    597.07	    694.11	      3.53	      2.98	     61.76	     52.18	-14.30	 1.036e-04	      5.81	0	Gaussian	293.788904	44.061681
916	1	  0.002090	  0.000511	     -1.00	    144.68	    777.69	      2.93	      2.50	     51.25	     43.72	-22.90	 5.746e-05	      5.81	0	Gaussian	296.701842	43.910301
917	1	  0.002145	  0.000581	     -1.00	     46.52	     42.74	      2.99	      2.42	     52.33	     42.38	-0.53	 1.160e-04	      5.81	0	Gaussian	296.904079	47.364631
918	1	  0.002119	  0.000420	     -1.00	    155.29	     32.69	      3.70	      2.52	     64.76	     44.05	-0.22	 1.415e-04	      5.81	0	Gaussian	296.164759	47.357145
919	1	  0.002130	  0.000537	     -1.00	    128.74	    138.22	      2.88	      2.19	     50.46	     38.25	-10.66	 1.742e-04	      5.81	0	Gaussian	296.411867	46.883286
920	1	  0.002087	  0.000451	     -1.00	     29.08	    574.06	      3.28	      2.90	     57.47	     50.77	-9.57	 3.963e-05	      5.82	0	Gaussian	297.327879	44.906998
921	1	  0.002104	  0.000270	     -1.00	      9.39	    407.64	      5.61	      2.83	     98.11	     49.58	1.40	 6.483e-05	      5.82	0	Gaussian	297.364228	45.689314
922	1	  0.002112	  0.000427	     -1.00	    707.86	    106.16	      3.26	      3.02	     57.09	     52.82	-33.30	 7.588e-05	      5.82	0	Gaussian	292.571484	46.680961
923	1	  0.002116	  0.000536	     -1.00	    483.32	    311.46	      2.81	      2.48	     49.24	     43.32	-62.45	 7.662e-05	      5.83	0	Gaussian	294.205394	45.889074
924	1	  0.002083	  0.000494	     -1.00	    286.64	    740.63	      2.96	      2.48	     51.89	     43.36	-15.19	 3.598e-05	      5.83	0	Gaussian	295.777875	44.016199
925	1	  0.002088	  0.000486	     -1.00	    206.73	    176.18	      2.86	      2.69	     50.06	     47.15	-32.36	 5.168e-05	      5.83	0	Gaussian	295.917941	46.668223
926	1	  0.002080	  0.000426	     -1.00	    376.04	    638.38	      3.59	      2.82	     62.92	     49.32	-1.60	 3.258e-05	      5.83	0	Gaussian	295.140567	44.443574
927	1	  0.002108	  0.000507	     -1.00	    422.37	    205.77	      2.97	      2.15	     51.94	     37.65	82.67	 6.962e-05	      5.84	0	Gaussian	294.518438	46.411394
928	1	  0.002137	  0.000525	     -1.00	    120.62	    302.11	      2.72	      2.63	     47.69	     46.10	-58.01	 2.163e-04	      5.84	0	Gaussian	296.569526	46.128773
929	1	  0.002101	  0.000426	     -1.00	    283.86	    472.56	      3.63	      2.57	     63.47	     44.91	-20.19	 3.455e-05	      5.84	0	Gaussian	295.615364	45.258506
930	1	  0.002135	  0.000515	     -1.00	    534.62	    421.67	      2.90	      2.15	     50.84	     37.70	-57.79	 9.618e-05	      5.84	0	Gaussian	293.963900	45.351562
931	1	  0.002152	  0.000546	     -1.00	    172.27	    792.29	      2.72	      2.48	     47.66	     43.45	-27.51	 9.052e-05	      5.84	0	Gaussian	296.535331	43.830205
932	1	  0.002121	  0.000521	     -1.00	    683.61	     24.27	      2.89	      2.20	     50.63	     38.49	-41.35	 8.305e-05	      5.84	0	Gaussian	292.652746	47.071072
933	1	  0.002113	  0.000551	     -1.00	    101.87	    759.49	      2.93	      2.43	     51.30	     42.61	-10.59	 7.207e-05	      5.84	0	Gaussian	296.963856	44.013493
934	1	  0.002090	  0.000447	     -1.00	    234.81	    167.71	      3.42	      2.71	     59.77	     47.45	-23.97	 5.034e-05	      5.84	0	Gaussian	295.725930	46.692508
935	1	  0.002102	  0.000346	     -1.00	    319.14	    548.33	      3.81	      2.94	     66.73	     51.40	-2.03	 7.025e-05	      5.85	0	Gaussian	295.440566	44.889819
936	1	  0.002096	  0.000493	     -1.00	    146.07	    355.40	      3.21	      2.56	     56.23	     44.82	-13.36	 6.074e-05	      5.85	0	Gaussian	296.435531	45.869727
937	1	  0.002094	  0.000426	     -1.00	    595.60	    596.54	      3.09	      2.60	     54.10	     45.44	-33.99	 6.391e-05	      5.85	0	Gaussian	293.718917	44.510978
938	1	  0.002130	  0.000187	     -1.00	    319.14	    653.63	      5.54	      4.71	     96.96	     82.47	-56.16	 1.176e-04	      5.86	0	Gaussian	295.513113	44.402734
939	1	  0.002090	  0.000446	     -1.00	    673.41	    706.87	      3.08	      2.40	     53.84	     41.99	-71.13	 5.370e-05	      5.86	0	Gaussian	293.322917	43.956494
940	1	  0.002130	  0.000508	     -1.00	    408.61	     52.76	      2.83	      2.45	     49.54	     42.93	-35.29	 1.142e-04	      5.86	0	Gaussian	294.488113	47.122230
941	1	  0.002095	  0.000358	     -1.00	    305.19	    159.32	      3.67	      2.99	     64.18	     52.30	-6.02	 5.543e-05	      5.86	0	Gaussian	295.254079	46.692787
942	1	  0.002089	  0.000393	     -1.00	    693.74	    736.65	      3.52	      2.90	     61.53	     50.69	-12.72	 4.923e-05	      5.86	0	Gaussian	293.221566	43.807245
943	1	  0.002134	  0.000413	     -1.00	    679.98	    533.13	      3.25	      2.85	     56.93	     49.89	-13.62	 2.032e-04	      5.86	0	Gaussian	293.133841	44.748939
944	1	  0.002115	  0.000488	     -1.00	    359.76	    381.98	      2.84	      2.66	     49.73	     46.53	-2.63	 1.412e-04	      5.86	0	Gaussian	295.059930	45.636144
945	1	  0.002114	  0.000448	     -1.00	    257.19	    414.82	      3.84	      2.30	     67.24	     40.31	23.05	 6.653e-05	      5.86	0	Gaussian	295.748791	45.539314
946	1	  0.002135	  0.000528	     -1.00	    589.32	     86.38	      2.80	      2.34	     48.99	     41.01	-15.11	 1.372e-04	      5.87	0	Gaussian	293.326037	46.852840
947	1	  0.002090	  0.000386	     -1.00	    191.74	    576.59	      3.49	      2.98	     61.10	     52.10	0.29	 7.241e-05	      5.87	0	Gaussian	296.278094	44.822498
948	1	  0.002118	  0.000542	     -1.00	    258.48	    428.26	      2.77	      2.40	     48.55	     41.97	-5.18	 7.180e-05	      5.87	0	Gaussian	295.749553	45.476513
949	1	  0.002117	  0.000533	     -1.00	    125.77	    696.37	      3.08	      2.40	     53.99	     42.05	1.91	 1.116e-04	      5.87	0	Gaussian	296.774581	44.296619
950	1	  0.002117	  0.000451	     -1.00	    398.48	    359.53	      2.98	      2.45	     52.24	     42.84	-69.86	 6.991e-05	      5.87	0	Gaussian	294.792278	45.717844
951	1	  0.002109	  0.000472	     -1.00	    425.72	    370.58	      2.99	      2.21	     52.39	     38.65	-46.99	 1.172e-04	      5.88	0	Gaussian	294.624399	45.651276
952	1	  0.002112	  0.000450	     -1.00	    476.33	    305.95	      2.95	      2.62	     51.65	     45.82	-54.03	 8.427e-05	      5.88	0	Gaussian	294.246259	45.918654
953	1	  0.002113	  0.000410	     -1.00	    412.19	    181.87	      3.03	      2.84	     52.97	     49.76	-11.09	 9.822e-05	      5.88	0	Gaussian	294.566434	46.527284
954	1	  0.002095	  0.000471	     -1.00	    508.80	      9.48	      3.00	      2.23	     52.51	     39.00	-45.94	 4.309e-05	      5.89	0	Gaussian	293.789088	47.257442
955	1	  0.002109	  0.000424	     -1.00	    393.04	    514.55	      3.51	      2.64	     61.42	     46.17	5.60	 9.400e-05	      5.89	0	Gaussian	294.942655	45.006158
956	1	  0.002101	  0.000303	     -1.00	    598.19	     90.52	      4.25	      2.64	     74.45	     46.23	-43.76	 7.405e-05	      5.89	0	Gaussian	293.271666	46.827986
957	1	  0.002115	  0.000448	     -1.00	    711.52	     62.19	      2.98	      2.37	     52.24	     41.52	-53.76	 9.090e-05	      5.89	0	Gaussian	292.506327	46.878554
958	1	  0.002103	  0.000496	     -1.00	    447.25	    283.62	      2.91	      2.25	     50.92	     39.32	-48.99	 7.819e-05	      5.90	0	Gaussian	294.417281	46.038692
959	1	  0.002096	  0.000456	     -1.00	    615.59	    611.11	      2.99	      2.39	     52.27	     41.77	-28.93	 7.955e-05	      5.90	0	Gaussian	293.605048	44.431784
960	1	  0.002113	  0.000500	     -1.00	    164.51	    405.34	      2.80	      2.51	     48.98	     44.00	-13.09	 7.862e-05	      5.90	0	Gaussian	296.346388	45.629442
961	1	  0.002126	  0.000368	     -1.00	    115.62	    278.93	      3.70	      2.87	     64.80	     50.21	-56.38	 2.757e-04	      5.90	0	Gaussian	296.588148	46.238569
962	1	  0.002083	  0.000472	     -1.00	     17.22	    714.38	      2.97	      2.35	     51.99	     41.13	-12.52	 3.538e-05	      5.90	0	Gaussian	297.480602	44.258507
963	1	  0.002115	  0.000478	     -1.00	    484.61	    100.79	      2.89	      2.41	     50.65	     42.16	-16.73	 9.524e-05	      5.91	0	Gaussian	294.025394	46.854944
964	1	  0.002103	  0.000428	     -1.00	     26.67	    157.48	      2.97	      2.63	     52.06	     45.97	-47.69	 6.165e-05	      5.91	0	Gaussian	297.106337	46.842714
965	1	  0.002100	  0.000494	     -1.00	     48.40	    636.26	      2.89	      2.30	     50.55	     40.33	-39.91	 6.374e-05	      5.91	0	Gaussian	297.237360	44.609469
966	1	  0.002102	  0.000507	     -1.00	    464.49	    173.37	      2.87	      2.24	     50.31	     39.29	-45.92	 5.625e-05	      5.91	0	Gaussian	294.216854	46.534678
967	1	  0.002118	  0.000334	     -1.00	    453.30	    126.37	      3.67	      2.88	     64.32	     50.45	4.59	 7.973e-05	      5.91	0	Gaussian	294.252228	46.757201
968	1	  0.002100	  0.000484	     -1.00	    385.70	     31.54	      2.92	      2.20	     51.16	     38.57	-35.45	 7.385e-05	      5.92	0	Gaussian	294.623381	47.233470
969	1	  0.002106	  0.000453	     -1.00	    215.99	    356.25	      3.19	      2.62	     55.86	     45.85	0.64	 7.061e-05	      5.93	0	Gaussian	295.978067	45.831249
970	1	  0.002116	  0.000381	     -1.00	    305.23	    494.73	      3.86	      2.60	     67.54	     45.42	-11.84	 1.115e-04	      5.93	0	Gaussian	295.492748	45.144903
971	1	  0.002092	  0.000358	     -1.00	    538.02	    506.16	      3.71	      2.93	     64.94	     51.28	-12.82	 4.488e-05	      5.93	0	Gaussian	294.010381	44.961190
972	1	  0.002102	  0.000436	     -1.00	    555.70	    537.33	      3.03	      2.25	     52.97	     39.31	-13.27	 6.143e-05	      5.93	0	Gaussian	293.923086	44.807278
973	1	  0.002093	  0.000414	     -1.00	    250.39	    386.28	      3.08	      2.35	     53.84	     41.15	82.14	 4.907e-05	      5.93	0	Gaussian	295.773692	45.674787
974	1	  0.002106	  0.000327	     -1.00	    561.18	    652.17	      4.03	      2.54	     70.50	     44.52	-2.57	 6.120e-05	      5.93	0	Gaussian	293.980521	44.275891
975	1	  0.002072	  0.000443	     -1.00	    471.47	    789.91	      3.00	      2.56	     52.44	     44.78	-30.38	 4.067e-05	      5.93	0	Gaussian	294.648822	43.692362
976	1	  0.002119	  0.000448	     -1.00	    427.82	    602.47	      3.19	      2.57	     55.78	     45.05	-8.86	 1.436e-04	      5.93	0	Gaussian	294.785437	44.581282
977	1	  0.002106	  0.000482	     -1.00	    364.65	    702.77	      2.89	      2.32	     50.50	     40.61	-18.43	 7.745e-05	      5.94	0	Gaussian	295.258228	44.151964
978	1	  0.002122	  0.000435	     -1.00	    224.24	    528.92	      3.16	      2.67	     55.34	     46.79	-4.22	 5.447e-05	      5.94	0	Gaussian	296.038054	45.027769
979	1	  0.002086	  0.000451	     -1.00	     74.40	    422.77	      2.97	      2.39	     52.03	     41.92	-20.48	 3.026e-05	      5.94	0	Gaussian	296.946341	45.590553
980	1	  0.002121	  0.000439	     -1.00	     74.14	    653.99	      3.08	      2.62	     53.89	     45.93	-7.11	 8.690e-05	      5.95	0	Gaussian	297.081506	44.516062
981	1	  0.002106	  0.000401	     -1.00	    692.67	    626.74	      3.48	      2.62	     60.94	     45.86	-24.60	 9.090e-05	      5.95	0	Gaussian	293.134754	44.311845
982	1	  0.002096	  0.000413	     -1.00	    722.66	    689.52	      3.07	      2.23	     53.79	     38.98	-58.17	 6.195e-05	      5.96	0	Gaussian	293.001731	44.004995
983	1	  0.002108	  0.000418	     -1.00	    602.55	    604.68	      3.61	      2.66	     63.21	     46.49	-3.50	 8.075e-05	      5.96	0	Gaussian	293.681824	44.469308
984	1	  0.002084	  0.000432	     -1.00	    389.51	      9.70	      3.04	      2.11	     53.28	     37.01	-71.84	 3.858e-05	      5.97	0	Gaussian	294.580732	47.331367
985	1	  0.002121	  0.000477	     -1.00	    100.39	    195.91	      2.70	      2.62	     47.24	     45.88	-19.68	 9.078e-05	      5.97	0	Gaussian	296.637419	46.630253
986	1	  0.002110	  0.000389	     -1.00	    626.76	    404.99	      3.38	      2.75	     59.19	     48.22	-4.57	 5.839e-05	      5.98	0	Gaussian	293.361058	45.370336
987	1	  0.002097	  0.000424	     -1.00	    523.53	    260.43	      2.99	      2.27	     52.39	     39.73	-19.85	 3.860e-05	      5.99	0	Gaussian	293.903356	46.098617
988	1	  0.002105	  0.000444	     -1.00	    603.58	     98.57	      2.96	      2.05	     51.83	     35.80	-34.59	 7.067e-05	      6.00	0	Gaussian	293.243598	46.787596
989	1	  0.002099	  0.000268	     -1.00	    667.26	    599.39	      4.10	      2.88	     71.77	     50.45	4.51	 5.881e-05	      6.00	0	Gaussian	293.270615	44.453341
990	1	  0.002089	  0.000397	     -1.00	    360.70	    736.26	      3.08	      2.25	     53.92	     39.39	-39.12	 4.335e-05	      6.00	0	Gaussian	295.306522	43.999110
991	1	  0.002120	  0.000460	     -1.00	     78.74	    176.69	      2.81	      2.41	     49.25	     42.15	-8.46	 7.762e-05	      6.00	0	Gaussian	296.769838	46.729545
992	1	  0.002144	  0.000477	     -1.00	     32.50	    237.60	      2.75	      2.32	     48.15	     40.61	-13.86	 9.533e-05	      6.01	0	Gaussian	297.114432	46.468678
993	1	  0.002127	  0.000439	     -1.00	    496.48	    271.34	      2.82	      2.50	     49.33	     43.84	-26.86	 2.804e-04	      6.01	0	Gaussian	294.087710	46.065315
994	1	  0.002139	  0.000424	     -1.00	    318.78	    394.67	      3.07	      2.56	     53.80	     44.89	-4.86	 1.837e-04	      6.02	0	Gaussian	295.334833	45.599984
995	1	  0.002141	  0.000497	     -1.00	    634.83	    785.40	      2.98	      2.29	     52.14	     40.01	-12.51	 2.208e-04	      6.02	0	Gaussian	293.627501	43.619479
996	1	  0.002136	  0.000470	     -1.00	    338.63	     72.61	      2.82	      2.08	     49.30	     36.39	-32.73	 1.770e-04	      6.02	0	Gaussian	294.967926	47.072685
997	1	  0.002119	  0.000445	     -1.00	    410.42	     19.60	      2.82	      2.42	     49.33	     42.29	-44.12	 1.264e-04	      6.02	0	Gaussian	294.449610	47.273224
998	1	  0.002118	  0.000464	     -1.00	    107.56	    198.77	      2.74	      2.50	     48.04	     43.72	-34.43	 9.475e-05	      6.03	0	Gaussian	296.591492	46.613550
999	1	  0.002101	  0.000442	     -1.00	    109.46	    377.92	      2.83	      2.52	     49.58	     44.07	-28.99	 9.217e-05	      6.03	0	Gaussian	296.689665	45.782682
1000	1	  0.002116	  0.000378	     -1.00	    712.91	     81.18	      3.25	      2.75	     56.92	     48.11	-12.52	 1.003e-04	      6.03	0	Gaussian	292.515238	46.791122
1001	1	  0.002090	  0.000374	     -1.00	    556.50	    256.47	      3.08	      2.30	     53.98	     40.24	-16.87	 5.412e-05	      6.05	0	Gaussian	293.686409	46.095955
1002	1	  0.002135	  0.000232	     -1.00	    202.58	    673.29	      3.67	      3.61	     64.32	     63.24	-85.13	 2.192e-04	      6.05	0	Gaussian	296.269345	44.368831
1003	1	  0.002127	  0.000215	     -1.00	    467.79	     20.58	      6.35	      4.19	    111.14	     73.36	83.88	 1.102e-04	      6.06	0	Gaussian	294.069817	47.232938
1004	1	  0.002129	  0.000388	     -1.00	     79.89	    645.51	      3.46	      2.45	     60.57	     42.96	-17.34	 9.447e-05	      6.06	0	Gaussian	297.039665	44.553051
1005	1	  0.002095	  0.000416	     -1.00	    410.28	    617.24	      2.92	      2.33	     51.12	     40.70	-41.51	 4.596e-05	      6.06	0	Gaussian	294.907735	44.522742
1006	1	  0.002115	  0.000448	     -1.00	    312.64	    302.16	      2.79	      2.33	     48.87	     40.84	-12.34	 5.282e-05	      6.07	0	Gaussian	295.308715	46.030268
1007	1	  0.002107	  0.000426	     -1.00	    254.49	    499.88	      2.87	      2.34	     50.20	     40.97	-71.72	 7.795e-05	      6.07	0	Gaussian	295.823591	45.147154
1008	1	  0.002094	  0.000384	     -1.00	    527.59	    730.98	      2.95	      2.63	     51.71	     46.10	-17.94	 6.372e-05	      6.07	0	Gaussian	294.253024	43.932689
1009	1	  0.002085	  0.000352	     -1.00	    224.47	    713.52	      3.16	      2.26	     55.28	     39.61	-74.30	 4.465e-05	      6.07	0	Gaussian	296.155117	44.171877
1010	1	  0.002104	  0.000340	     -1.00	    250.87	     13.40	      2.97	      2.92	     51.90	     51.16	-44.39	 6.056e-05	      6.08	0	Gaussian	295.509679	47.394854
1011	1	  0.002099	  0.000391	     -1.00	    130.55	    634.22	      2.93	      2.50	     51.32	     43.76	-87.89	 5.295e-05	      6.08	0	Gaussian	296.707159	44.583269
1012	1	  0.002086	  0.000367	     -1.00	    603.70	    738.59	      3.10	      2.20	     54.19	     38.45	-62.35	 3.838e-05	      6.09	0	Gaussian	293.783289	43.853246
1013	1	  0.002104	  0.000358	     -1.00	    769.52	    685.11	      2.98	      2.62	     52.19	     45.93	-38.56	 7.029e-05	      6.09	0	Gaussian	292.706863	43.994917
1014	1	  0.002123	  0.000417	     -1.00	    111.78	    490.94	      2.86	      2.29	     50.13	     40.01	3.03	 8.930e-05	      6.09	0	Gaussian	296.742870	45.257171
1015	1	  0.002119	  0.000392	     -1.00	    116.50	    358.27	      2.95	      2.23	     51.59	     38.95	34.72	 6.884e-05	      6.09	0	Gaussian	296.631441	45.870482
1016	1	  0.002117	  0.000460	     -1.00	    266.36	     66.20	      2.70	      2.37	     47.30	     41.53	-23.86	 6.202e-05	      6.10	0	Gaussian	295.444191	47.143217
1017	1	  0.002110	  0.000406	     -1.00	    142.44	    409.69	      2.88	      2.33	     50.36	     40.82	-27.55	 6.370e-05	      6.10	0	Gaussian	296.493284	45.619857
1018	1	  0.002097	  0.000434	     -1.00	     11.56	    165.59	      2.88	      2.08	     50.39	     36.44	-3.09	 4.114e-05	      6.10	0	Gaussian	297.212341	46.811987
1019	1	  0.002182	  0.000567	     -1.00	    463.78	    190.16	      2.28	      1.79	     39.85	     31.37	-61.12	 1.908e-04	      6.11	0	Gaussian	294.235029	46.458061
1020	1	  0.002108	  0.000312	     -1.00	    106.48	     42.31	      3.72	      2.89	     65.16	     50.53	-18.29	 1.093e-04	      6.12	0	Gaussian	296.499497	47.337475
1021	1	  0.002095	  0.000362	     -1.00	    139.83	     87.72	      3.02	      2.38	     52.83	     41.65	-24.99	 5.454e-05	      6.12	0	Gaussian	296.304923	47.111067
1022	1	  0.002113	  0.000453	     -1.00	    291.60	    572.56	      2.74	      2.22	     48.03	     38.78	-32.90	 7.148e-05	      6.13	0	Gaussian	295.633789	44.791938
1023	1	  0.002093	  0.000368	     -1.00	    544.50	    452.73	      3.00	      2.27	     52.49	     39.67	-10.15	 4.524e-05	      6.14	0	Gaussian	293.925938	45.202813
1024	1	  0.002129	  0.000398	     -1.00	    506.92	    596.67	      3.11	      2.46	     54.46	     43.00	-7.72	 1.473e-04	      6.14	0	Gaussian	294.279235	44.563135
1025	1	  0.002107	  0.000397	     -1.00	    580.49	    725.06	      2.83	      2.45	     49.54	     42.93	-21.43	 8.829e-05	      6.15	0	Gaussian	293.917368	43.929203
1026	1	  0.002107	  0.000383	     -1.00	    113.36	      8.86	      2.86	      2.49	     50.03	     43.50	-25.98	 7.282e-05	      6.16	0	Gaussian	296.431516	47.488474
1027	1	  0.002122	  0.000378	     -1.00	    505.56	    556.59	      2.93	      2.10	     51.22	     36.74	-54.16	 9.621e-05	      6.16	0	Gaussian	294.256656	44.748478
1028	1	  0.002123	  0.000424	     -1.00	    303.45	    357.13	      2.70	      2.43	     47.34	     42.56	-4.89	 8.298e-05	      6.16	0	Gaussian	295.407861	45.781536
1029	1	  0.002101	  0.000340	     -1.00	     17.49	    485.82	      3.04	      2.33	     53.28	     40.73	-21.51	 4.343e-05	      6.17	0	Gaussian	297.354517	45.322373
1030	1	  0.002109	  0.000314	     -1.00	    564.32	     33.36	      2.97	      2.81	     51.93	     49.27	74.13	 5.284e-05	      6.19	0	Gaussian	293.443466	47.111740
1031	1	  0.002102	  0.000377	     -1.00	    406.59	    731.31	      2.93	      2.08	     51.33	     36.39	-45.58	 7.634e-05	      6.19	0	Gaussian	295.013575	43.997926
1032	1	  0.002115	  0.000369	     -1.00	     57.54	     57.39	      2.83	      2.30	     49.55	     40.17	-55.39	 5.993e-05	      6.24	0	Gaussian	296.838711	47.291642
1033	1	  0.002113	  0.000299	     -1.00	    437.66	    735.92	      3.02	      2.58	     52.93	     45.16	28.29	 1.785e-04	      6.25	0	Gaussian	294.821247	43.959966
1034	1	  0.002119	  0.000292	     -1.00	    709.49	    308.63	      3.03	      2.57	     53.02	     45.07	50.48	 9.701e-05	      6.25	0	Gaussian	292.747664	45.756309
1035	1	  0.002115	  0.000367	     -1.00	    251.47	    436.62	      2.89	      1.93	     50.67	     33.82	-28.29	 7.338e-05	      6.26	0	Gaussian	295.800736	45.441406
1036	1	  0.002134	  0.000359	     -1.00	    485.46	    527.80	      2.83	      2.18	     49.58	     38.24	-58.99	 1.335e-04	      6.27	0	Gaussian	294.362097	44.892734
1037	1	  0.002134	  0.000363	     -1.00	    111.75	    481.13	      2.93	      2.42	     51.22	     42.38	-1.31	 1.408e-04	      6.28	0	Gaussian	296.737178	45.302739
1038	1	  0.002122	  0.000343	     -1.00	    370.63	     72.73	      2.88	      2.15	     50.41	     37.61	-10.28	 7.250e-05	      6.30	0	Gaussian	294.755571	47.053373
1039	1	  0.002182	  0.000281	     -1.00	    777.10	    166.53	      3.51	      2.34	     61.46	     40.87	18.75	 3.801e-04	      6.34	0	Gaussian	292.181330	46.356543
1040	1	  0.002138	  0.000383	     -1.00	    277.16	    712.32	      2.41	      2.20	     42.10	     38.43	-6.56	 1.347e-04	      6.35	0	Gaussian	295.819317	44.152055
1041	1	  0.002216	  0.000465	     -1.00	    385.60	    112.68	      2.43	      1.86	     42.57	     32.50	-40.41	 7.335e-04	      6.38	0	Gaussian	294.687532	46.860996
1042	1	  0.002112	  0.000306	     -1.00	    459.40	    388.08	      2.81	      2.57	     49.25	     44.94	-23.70	 6.201e-05	      6.39	0	Gaussian	294.420449	45.551097
1043	1	  0.002185	  0.000365	     -1.00	    748.93	    678.21	      2.94	      2.00	     51.44	     35.05	-22.13	 5.052e-04	      6.51	0	Gaussian	292.828620	44.039895
1044	1	  0.002238	  0.000395	     -1.00	    624.62	    234.71	      2.40	      1.96	     41.93	     34.25	-45.72	 5.445e-04	      6.53	0	Gaussian	293.227102	46.151277
1045	1	  0.002117	  0.000431	     -1.00	    398.89	    522.75	      2.56	      1.32	     44.83	     23.12	20.23	 1.051e-04	      6.59	0	Gaussian	294.911200	44.965071
1046	1	  0.002224	  0.000335	     -1.00	    115.27	    204.30	      2.07	      1.49	     36.25	     26.16	25.01	 5.233e-04	      7.34	0	Gaussian	296.543707	46.584251
1047	1	  0.002159	  0.000250	     -1.00	    617.46	    748.91	      2.45	      1.23	     42.85	     21.48	4.73	 3.270e-04	      7.39	0	Gaussian	293.705879	43.797575
