# 1161 stars found using the following parameters:
# sigma=1.00 roundness=0.10 radius=5 relax=1 profile=0 minbeta=1.5 max_stars=0 layer=1 minA=0.00 maxA=0.00 maxR=1.00
# star#	layer	B	A	beta	X	Y	FWHMx [px]	FWHMy [px]	FWHMx ["]	FWHMy ["]	angle	RMSE	mag	Sat	Profile	RA	Dec
1	1	  0.002320	  0.204442	     -1.00	      8.14	    747.30	      2.50	      2.34	     43.72	     40.91	14.35	 8.799e-04	     -0.33	0	Gaussian	310.484473	41.716858
2	1	  0.002232	  0.131807	     -1.00	    106.76	    385.90	      2.48	      2.41	     43.46	     42.15	8.26	 3.662e-04	      0.12	0	Gaussian	310.011529	43.458071
3	1	  0.002882	  0.111627	     -1.00	    760.85	    512.65	      2.57	      2.36	     44.93	     41.37	7.43	 2.699e-03	      0.29	0	Gaussian	305.731120	42.983700
4	1	  0.002227	  0.088372	     -1.00	    378.64	    457.39	      2.50	      2.35	     43.78	     41.16	3.47	 4.381e-04	      0.57	0	Gaussian	308.217286	43.191116
5	1	  0.002215	  0.085515	     -1.00	    328.32	    754.80	      2.48	      2.36	     43.41	     41.36	18.62	 4.135e-04	      0.62	0	Gaussian	308.451408	41.772202
6	1	  0.002247	  0.081261	     -1.00	    186.31	    206.10	      2.50	      2.41	     43.81	     42.10	5.49	 4.303e-04	      0.64	0	Gaussian	309.564600	44.332091
7	1	  0.002201	  0.078985	     -1.00	    368.20	     37.51	      2.52	      2.33	     44.08	     40.83	-0.99	 3.506e-04	      0.70	0	Gaussian	308.414238	45.174880
8	1	  0.002212	  0.071450	     -1.00	    271.00	    726.97	      2.56	      2.44	     44.84	     42.69	14.28	 2.811e-04	      0.74	0	Gaussian	308.824305	41.890257
9	1	  0.002168	  0.066212	     -1.00	    109.44	    642.16	      2.49	      2.36	     43.59	     41.39	13.56	 2.670e-04	      0.89	0	Gaussian	309.885772	42.246787
10	1	  0.002218	  0.062029	     -1.00	    662.19	    590.76	      2.55	      2.44	     44.63	     42.69	2.47	 4.272e-04	      0.90	0	Gaussian	306.356819	42.605091
11	1	  0.002132	  0.054868	     -1.00	    177.89	    519.64	      2.52	      2.38	     44.08	     41.71	7.04	 1.705e-04	      1.07	0	Gaussian	309.495440	42.846698
12	1	  0.002558	  0.053234	     -1.00	    658.44	    737.47	      2.51	      2.34	     43.85	     40.92	7.70	 1.125e-03	      1.13	0	Gaussian	306.359044	41.910317
13	1	  0.002143	  0.049119	     -1.00	    475.80	    223.95	      2.51	      2.48	     43.88	     43.43	-11.35	 1.665e-04	      1.15	0	Gaussian	307.644638	44.314706
14	1	  0.002120	  0.048733	     -1.00	    367.08	    729.24	      2.60	      2.41	     45.58	     42.20	7.20	 1.888e-04	      1.15	0	Gaussian	308.212788	41.901734
15	1	  0.002131	  0.045657	     -1.00	    202.89	    490.64	      2.55	      2.40	     44.69	     42.01	6.88	 1.349e-04	      1.25	0	Gaussian	309.345015	42.990891
16	1	  0.002129	  0.043749	     -1.00	    573.75	    708.79	      2.56	      2.44	     44.87	     42.69	11.26	 1.783e-04	      1.28	0	Gaussian	306.902533	42.035338
17	1	  0.002133	  0.044610	     -1.00	    301.03	    196.45	      2.50	      2.35	     43.84	     41.13	0.44	 1.770e-04	      1.32	0	Gaussian	308.809187	44.408102
18	1	  0.002225	  0.044076	     -1.00	    326.72	    419.29	      2.49	      2.39	     43.56	     41.90	-4.53	 3.028e-04	      1.32	0	Gaussian	308.566415	43.359967
19	1	  0.002119	  0.036309	     -1.00	    283.22	    764.14	      2.59	      2.46	     45.38	     43.02	35.96	 1.588e-04	      1.45	0	Gaussian	308.734507	41.717394
20	1	  0.002168	  0.033374	     -1.00	    722.76	    149.01	      2.56	      2.55	     44.75	     44.61	-68.49	 2.514e-04	      1.52	0	Gaussian	306.022046	44.700817
21	1	  0.002123	  0.034554	     -1.00	     20.39	    577.28	      2.47	      2.39	     43.31	     41.92	21.58	 1.845e-04	      1.59	0	Gaussian	310.484372	42.524860
22	1	  0.002187	  0.033974	     -1.00	    595.15	    474.55	      2.56	      2.35	     44.79	     41.09	1.58	 2.094e-04	      1.59	0	Gaussian	306.808685	43.147128
23	1	  0.002117	  0.033016	     -1.00	    471.20	    403.77	      2.55	      2.43	     44.57	     42.49	-2.09	 1.468e-04	      1.59	0	Gaussian	307.629742	43.462998
24	1	  0.002159	  0.033850	     -1.00	    581.39	    493.42	      2.52	      2.33	     44.02	     40.76	2.76	 2.145e-04	      1.62	0	Gaussian	306.894292	43.055947
25	1	  0.002136	  0.032826	     -1.00	    399.03	     80.52	      2.54	      2.35	     44.47	     41.18	-1.37	 1.606e-04	      1.63	0	Gaussian	308.194555	44.978207
26	1	  0.002207	  0.031707	     -1.00	    548.59	    393.80	      2.56	      2.41	     44.86	     42.15	1.99	 2.390e-04	      1.64	0	Gaussian	307.127375	43.522827
27	1	  0.002146	  0.030862	     -1.00	    538.64	    713.11	      2.55	      2.43	     44.62	     42.60	38.22	 1.673e-04	      1.66	0	Gaussian	307.125227	42.009697
28	1	  0.002211	  0.030285	     -1.00	    156.34	    681.72	      2.54	      2.39	     44.42	     41.81	18.89	 3.646e-04	      1.71	0	Gaussian	309.570504	42.073615
29	1	  0.002212	  0.025921	     -1.00	    442.80	     41.70	      2.58	      2.47	     45.22	     43.26	14.04	 2.869e-04	      1.82	0	Gaussian	307.912708	45.170299
30	1	  0.002114	  0.025522	     -1.00	    667.00	    680.80	      2.58	      2.51	     45.16	     43.90	-39.64	 1.442e-04	      1.82	0	Gaussian	306.312825	42.179443
31	1	  0.002128	  0.026438	     -1.00	     43.27	    384.73	      2.49	      2.39	     43.55	     41.82	3.11	 1.090e-04	      1.88	0	Gaussian	310.425634	43.442961
32	1	  0.002116	  0.026585	     -1.00	    349.28	     48.64	      2.51	      2.35	     43.88	     41.07	-3.80	 1.526e-04	      1.88	0	Gaussian	308.537519	45.118082
33	1	  0.002141	  0.023293	     -1.00	    301.52	    706.10	      2.55	      2.42	     44.65	     42.40	8.22	 2.116e-04	      1.97	0	Gaussian	308.636922	41.996487
34	1	  0.002193	  0.022688	     -1.00	    589.90	    523.26	      2.57	      2.43	     45.02	     42.56	4.58	 1.908e-04	      1.98	0	Gaussian	306.833665	42.915824
35	1	  0.002169	  0.022617	     -1.00	    549.61	     64.85	      2.58	      2.41	     45.18	     42.20	-11.66	 1.581e-04	      1.99	0	Gaussian	307.191433	45.078891
36	1	  0.002173	  0.023208	     -1.00	     18.56	    686.34	      2.46	      2.35	     43.00	     41.20	14.91	 1.974e-04	      2.05	0	Gaussian	310.446097	42.008556
37	1	  0.002188	  0.017418	     -1.00	    180.24	    101.56	      3.31	      2.30	     58.02	     40.31	1.27	 5.159e-04	      2.05	0	Gaussian	309.647586	44.824347
38	1	  0.002344	  0.021137	     -1.00	    502.91	    647.20	      2.54	      2.39	     44.44	     41.89	26.55	 1.020e-03	      2.09	0	Gaussian	307.367393	42.315985
39	1	  0.002142	  0.014393	     -1.00	      7.22	     66.28	      2.98	      2.78	     52.10	     48.66	28.41	 5.356e-04	      2.17	0	Gaussian	310.817580	44.934654
40	1	  0.002113	  0.020328	     -1.00	    219.21	    572.48	      2.53	      2.32	     44.31	     40.68	6.28	 9.815e-05	      2.17	0	Gaussian	309.209343	42.608038
41	1	  0.002094	  0.019795	     -1.00	    246.53	     87.19	      2.52	      2.38	     44.15	     41.58	-0.16	 1.031e-04	      2.18	0	Gaussian	309.211077	44.910686
42	1	  0.002123	  0.018206	     -1.00	    605.55	    278.00	      2.59	      2.45	     45.42	     42.95	1.24	 7.620e-05	      2.20	0	Gaussian	306.777047	44.078629
43	1	  0.002126	  0.018833	     -1.00	    503.86	    188.60	      2.58	      2.36	     45.16	     41.24	2.96	 9.387e-05	      2.21	0	Gaussian	307.467607	44.486679
44	1	  0.002115	  0.017636	     -1.00	    680.95	    555.97	      2.56	      2.54	     44.77	     44.48	21.62	 1.052e-04	      2.21	0	Gaussian	306.241173	42.771769
45	1	  0.002125	  0.018150	     -1.00	    117.14	    108.87	      2.51	      2.42	     43.86	     42.44	4.06	 9.087e-05	      2.25	0	Gaussian	310.064786	44.770679
46	1	  0.002174	  0.018368	     -1.00	    304.45	     13.25	      2.48	      2.33	     43.33	     40.75	-4.11	 1.378e-04	      2.30	0	Gaussian	308.850255	45.274721
47	1	  0.002151	  0.017910	     -1.00	     52.54	    302.23	      2.45	      2.39	     42.92	     41.75	10.82	 2.817e-04	      2.32	0	Gaussian	310.403421	43.836047
48	1	  0.002156	  0.016822	     -1.00	    479.59	    790.73	      2.54	      2.39	     44.46	     41.91	10.17	 1.980e-04	      2.34	0	Gaussian	307.483126	41.632561
49	1	  0.002105	  0.016672	     -1.00	     78.30	    193.79	      2.51	      2.42	     43.88	     42.34	2.97	 8.120e-05	      2.36	0	Gaussian	310.284030	44.357013
50	1	  0.002165	  0.008625	     -1.00	    284.55	    524.48	      4.57	      2.51	     79.97	     44.00	-27.32	 3.676e-04	      2.38	0	Gaussian	308.805230	42.852021
51	1	  0.002168	  0.015543	     -1.00	    642.78	    573.24	      2.60	      2.44	     45.47	     42.63	-2.45	 2.071e-04	      2.39	0	Gaussian	306.484244	42.685849
52	1	  0.002093	  0.014381	     -1.00	    148.96	    315.21	      2.67	      2.46	     46.74	     43.02	15.82	 6.671e-05	      2.42	0	Gaussian	309.765750	43.805268
53	1	  0.002141	  0.014347	     -1.00	    762.71	    568.27	      2.64	      2.50	     46.12	     43.78	-0.72	 2.304e-04	      2.43	0	Gaussian	305.713560	42.720650
54	1	  0.002341	  0.015783	     -1.00	    161.65	    660.86	      2.49	      2.36	     43.57	     41.29	5.58	 1.022e-03	      2.44	0	Gaussian	309.544769	42.173821
55	1	  0.002097	  0.013792	     -1.00	    420.51	    667.74	      2.58	      2.40	     45.17	     42.09	6.79	 7.269e-05	      2.53	0	Gaussian	307.889178	42.203841
56	1	  0.002178	  0.011420	     -1.00	    425.33	    264.98	      2.89	      2.55	     50.62	     44.58	-17.49	 2.797e-04	      2.55	0	Gaussian	307.966834	44.111225
57	1	  0.002092	  0.006708	     -1.00	    322.29	    461.01	      5.02	      2.46	     87.92	     43.02	11.10	 2.567e-04	      2.57	0	Gaussian	308.581822	43.161481
58	1	  0.002088	  0.012959	     -1.00	    328.94	    400.41	      2.60	      2.39	     45.57	     41.89	-3.77	 6.283e-05	      2.60	0	Gaussian	308.558030	43.449855
59	1	  0.002146	  0.012762	     -1.00	    539.63	    724.23	      2.58	      2.42	     45.08	     42.35	8.45	 1.740e-04	      2.62	0	Gaussian	307.116657	41.957217
60	1	  0.002099	  0.012551	     -1.00	    214.70	    538.01	      2.49	      2.49	     43.64	     43.58	4.02	 5.734e-05	      2.63	0	Gaussian	309.251049	42.769987
61	1	  0.002251	  0.011807	     -1.00	    730.34	    165.49	      2.70	      2.44	     47.25	     42.63	-28.14	 3.265e-04	      2.64	0	Gaussian	305.969692	44.623526
62	1	  0.002101	  0.011855	     -1.00	    597.08	    653.76	      2.65	      2.44	     46.40	     42.68	17.96	 5.974e-05	      2.64	0	Gaussian	306.763742	42.299016
63	1	  0.002109	  0.012410	     -1.00	    105.53	    688.76	      2.54	      2.42	     44.44	     42.29	34.80	 8.479e-05	      2.66	0	Gaussian	309.891394	42.025134
64	1	  0.002106	  0.012408	     -1.00	    386.65	    737.49	      2.55	      2.36	     44.72	     41.25	7.28	 8.051e-05	      2.68	0	Gaussian	308.086045	41.866830
65	1	  0.002149	  0.011879	     -1.00	    402.20	    697.25	      2.56	      2.40	     44.88	     42.06	7.27	 1.877e-04	      2.71	0	Gaussian	307.998150	42.060484
66	1	  0.002167	  0.011170	     -1.00	    196.61	    152.00	      2.53	      2.40	     44.34	     42.03	-2.36	 2.479e-04	      2.77	0	Gaussian	309.518125	44.590723
67	1	  0.002119	  0.010826	     -1.00	    648.78	    303.19	      2.58	      2.45	     45.11	     42.97	-3.01	 7.470e-05	      2.77	0	Gaussian	306.488437	43.964632
68	1	  0.002099	  0.010979	     -1.00	    250.39	    268.53	      2.61	      2.36	     45.60	     41.31	-7.37	 7.208e-05	      2.79	0	Gaussian	309.117822	44.054461
69	1	  0.002163	  0.010299	     -1.00	    768.84	    604.66	      2.61	      2.41	     45.66	     42.25	10.47	 3.173e-04	      2.83	0	Gaussian	305.670671	42.548895
70	1	  0.002105	  0.010050	     -1.00	    756.61	    492.30	      2.60	      2.43	     45.55	     42.56	0.92	 6.363e-05	      2.86	0	Gaussian	305.760646	43.079700
71	1	  0.002145	  0.009988	     -1.00	    602.58	    746.84	      2.60	      2.41	     45.56	     42.25	-0.06	 9.425e-05	      2.86	0	Gaussian	306.712293	41.859147
72	1	  0.002108	  0.009997	     -1.00	    513.55	    511.77	      2.57	      2.42	     45.03	     42.38	2.44	 7.142e-05	      2.88	0	Gaussian	307.329337	42.958929
73	1	  0.002115	  0.009072	     -1.00	    592.43	    583.88	      2.68	      2.51	     46.88	     43.93	46.71	 6.677e-05	      2.89	0	Gaussian	306.806161	42.629217
74	1	  0.002158	  0.010288	     -1.00	    409.49	    748.24	      2.54	      2.34	     44.42	     41.02	7.87	 1.789e-04	      2.90	0	Gaussian	307.938101	41.820605
75	1	  0.002096	  0.009803	     -1.00	    345.88	    491.07	      2.50	      2.49	     43.75	     43.53	-13.74	 5.122e-05	      2.90	0	Gaussian	308.419509	43.024589
76	1	  0.002483	  0.010527	     -1.00	    511.02	    655.15	      2.53	      2.28	     44.27	     39.98	2.97	 1.943e-03	      2.90	0	Gaussian	307.313768	42.279698
77	1	  0.002230	  0.009513	     -1.00	    485.43	    771.78	      2.58	      2.46	     45.12	     42.97	62.43	 3.112e-04	      2.91	0	Gaussian	307.450461	41.723292
78	1	  0.002150	  0.008980	     -1.00	    570.18	     88.03	      2.61	      2.55	     45.67	     44.66	-16.54	 1.981e-04	      2.93	0	Gaussian	307.048907	44.972290
79	1	  0.002270	  0.009772	     -1.00	    609.65	    526.16	      2.53	      2.41	     44.33	     42.20	8.37	 6.710e-04	      2.93	0	Gaussian	306.705559	42.904712
80	1	  0.002124	  0.009162	     -1.00	     79.17	    407.00	      2.57	      2.50	     44.98	     43.76	68.95	 1.280e-04	      2.94	0	Gaussian	310.181879	43.349548
81	1	  0.002095	  0.007722	     -1.00	    774.83	    686.17	      2.77	      2.74	     48.50	     47.98	81.96	 9.466e-05	      2.94	0	Gaussian	305.624703	42.163673
82	1	  0.002107	  0.009746	     -1.00	     94.14	    399.38	      2.53	      2.36	     44.31	     41.39	8.17	 5.269e-05	      2.95	0	Gaussian	310.087843	43.390351
83	1	  0.002093	  0.009814	     -1.00	    276.42	     85.66	      2.52	      2.34	     44.17	     40.97	-2.46	 6.912e-05	      2.96	0	Gaussian	309.012058	44.925671
84	1	  0.002116	  0.008609	     -1.00	    794.35	    257.97	      2.65	      2.49	     46.43	     43.51	-13.52	 6.698e-05	      2.97	0	Gaussian	305.536866	44.190591
85	1	  0.002132	  0.008155	     -1.00	    343.81	    386.43	      2.70	      2.55	     47.20	     44.70	-12.05	 1.373e-04	      2.99	0	Gaussian	308.465479	43.519398
86	1	  0.002094	  0.008283	     -1.00	    493.10	    410.97	      2.56	      2.55	     44.77	     44.68	-2.64	 7.756e-05	      3.03	0	Gaussian	307.485262	43.432688
87	1	  0.002088	  0.008667	     -1.00	    158.54	    395.87	      2.56	      2.41	     44.80	     42.21	-4.45	 4.278e-05	      3.03	0	Gaussian	309.670048	43.426627
88	1	  0.002147	  0.008372	     -1.00	    577.01	    737.20	      2.57	      2.50	     45.02	     43.77	57.38	 1.495e-04	      3.04	0	Gaussian	306.876440	41.901305
89	1	  0.002095	  0.008673	     -1.00	    357.13	    110.45	      2.60	      2.38	     45.52	     41.73	5.26	 5.534e-05	      3.04	0	Gaussian	308.465000	44.827742
90	1	  0.002123	  0.008224	     -1.00	    752.62	    417.74	      2.65	      2.46	     46.43	     43.13	1.96	 9.360e-05	      3.04	0	Gaussian	305.794398	43.432211
91	1	  0.002147	  0.008449	     -1.00	    783.10	    108.55	      2.60	      2.42	     45.59	     42.32	-7.70	 2.364e-04	      3.05	0	Gaussian	305.625121	44.896136
92	1	  0.002121	  0.008416	     -1.00	    464.12	    554.79	      2.55	      2.45	     44.69	     42.89	-6.01	 1.015e-04	      3.05	0	Gaussian	307.638192	42.746776
93	1	  0.002127	  0.008220	     -1.00	    693.98	    709.35	      2.61	      2.44	     45.62	     42.79	5.10	 1.947e-04	      3.07	0	Gaussian	306.136989	42.047154
94	1	  0.002125	  0.007404	     -1.00	    589.31	    631.12	      2.68	      2.63	     46.89	     45.95	-70.60	 1.023e-04	      3.07	0	Gaussian	306.817569	42.405170
95	1	  0.002105	  0.006975	     -1.00	    686.61	    637.80	      2.74	      2.73	     47.92	     47.85	-1.95	 7.666e-05	      3.08	0	Gaussian	306.193566	42.385042
96	1	  0.002109	  0.007821	     -1.00	    402.77	    484.97	      2.56	      2.54	     44.84	     44.47	-55.07	 1.088e-04	      3.09	0	Gaussian	308.052909	43.065583
97	1	  0.002141	  0.008322	     -1.00	    309.38	     85.16	      2.60	      2.35	     45.51	     41.11	-7.98	 1.967e-04	      3.09	0	Gaussian	308.792113	44.936194
98	1	  0.002089	  0.008531	     -1.00	     89.11	    525.41	      2.54	      2.35	     44.49	     41.17	10.95	 4.224e-05	      3.10	0	Gaussian	310.065632	42.792714
99	1	  0.002090	  0.008037	     -1.00	    119.17	    714.01	      2.56	      2.47	     44.75	     43.25	31.00	 4.116e-05	      3.10	0	Gaussian	309.794286	41.909887
100	1	  0.002112	  0.007855	     -1.00	    614.87	    458.30	      2.62	      2.44	     45.88	     42.69	-8.65	 5.837e-05	      3.10	0	Gaussian	306.683698	43.226587
101	1	  0.002188	  0.008596	     -1.00	     63.17	    131.76	      2.47	      2.38	     43.21	     41.60	-6.70	 2.277e-04	      3.10	0	Gaussian	310.413147	44.645000
102	1	  0.002129	  0.007321	     -1.00	    674.98	    312.97	      2.61	      2.60	     45.72	     45.47	-57.84	 1.443e-04	      3.11	0	Gaussian	306.314960	43.921121
103	1	  0.002138	  0.007186	     -1.00	    783.92	    544.83	      2.75	      2.57	     48.16	     44.96	16.65	 2.032e-04	      3.11	0	Gaussian	305.579305	42.833013
104	1	  0.002093	  0.007282	     -1.00	    737.24	    704.94	      2.67	      2.59	     46.74	     45.27	61.59	 8.879e-05	      3.11	0	Gaussian	305.862211	42.071973
105	1	  0.002087	  0.008212	     -1.00	    222.09	    163.54	      2.55	      2.36	     44.72	     41.23	-3.08	 4.771e-05	      3.13	0	Gaussian	309.344432	44.543275
106	1	  0.002090	  0.007502	     -1.00	    422.83	    443.02	      2.56	      2.54	     44.81	     44.47	15.80	 4.148e-05	      3.14	0	Gaussian	307.934346	43.268168
107	1	  0.002119	  0.007784	     -1.00	    559.14	    685.32	      2.62	      2.41	     45.93	     42.10	9.19	 9.334e-05	      3.14	0	Gaussian	307.000107	42.144308
108	1	  0.002222	  0.008085	     -1.00	    555.79	     93.14	      2.47	      2.40	     43.22	     42.05	-6.10	 3.983e-04	      3.14	0	Gaussian	307.143933	44.946066
109	1	  0.002088	  0.008042	     -1.00	     23.47	    659.33	      2.51	      2.39	     43.87	     41.88	8.89	 5.520e-05	      3.16	0	Gaussian	310.427077	42.137916
110	1	  0.002146	  0.006311	     -1.00	     23.77	    438.30	      2.77	      2.74	     48.46	     47.98	2.29	 2.255e-04	      3.16	0	Gaussian	310.527289	43.183107
111	1	  0.002119	  0.007707	     -1.00	    193.35	    582.65	      2.53	      2.45	     44.30	     42.80	7.90	 1.045e-04	      3.17	0	Gaussian	309.371729	42.552866
112	1	  0.002110	  0.007688	     -1.00	    489.32	    254.64	      2.58	      2.39	     45.18	     41.90	-0.01	 5.522e-05	      3.18	0	Gaussian	307.547748	44.171835
113	1	  0.002109	  0.007044	     -1.00	    618.26	    320.97	      2.63	      2.56	     46.02	     44.74	-67.66	 8.314e-05	      3.18	0	Gaussian	306.685786	43.876907
114	1	  0.002173	  0.007395	     -1.00	    777.93	    644.84	      2.56	      2.47	     44.89	     43.25	9.37	 3.284e-04	      3.18	0	Gaussian	305.608681	42.359439
115	1	  0.002108	  0.007368	     -1.00	    111.26	    549.90	      2.56	      2.47	     44.74	     43.32	44.74	 7.037e-05	      3.20	0	Gaussian	309.912574	42.683774
116	1	  0.002121	  0.006918	     -1.00	    609.00	    623.15	      2.60	      2.56	     45.52	     44.73	85.40	 7.728e-05	      3.21	0	Gaussian	306.692798	42.445485
117	1	  0.002153	  0.007000	     -1.00	    579.71	    193.07	      2.63	      2.50	     46.02	     43.68	23.77	 2.371e-04	      3.21	0	Gaussian	306.963989	44.476995
118	1	  0.002109	  0.006916	     -1.00	    713.56	    575.99	      2.65	      2.50	     46.42	     43.74	4.55	 9.436e-05	      3.21	0	Gaussian	306.028687	42.680136
119	1	  0.002106	  0.007250	     -1.00	    662.63	    140.70	      2.63	      2.41	     46.06	     42.16	-2.77	 5.832e-05	      3.21	0	Gaussian	306.422979	44.734528
120	1	  0.002097	  0.007283	     -1.00	    484.18	    350.54	      2.62	      2.38	     45.94	     41.67	2.92	 4.742e-05	      3.23	0	Gaussian	307.558056	43.717186
121	1	  0.002142	  0.007172	     -1.00	    744.72	    445.51	      2.63	      2.40	     45.99	     41.94	0.56	 1.498e-04	      3.23	0	Gaussian	305.842683	43.300220
122	1	  0.002101	  0.006920	     -1.00	    637.93	    406.23	      2.62	      2.48	     45.79	     43.42	9.90	 4.386e-05	      3.23	0	Gaussian	306.542584	43.475812
123	1	  0.002176	  0.007056	     -1.00	    589.61	     59.48	      2.69	      2.36	     47.06	     41.24	-7.57	 2.271e-04	      3.24	0	Gaussian	306.924793	45.109843
124	1	  0.002090	  0.007112	     -1.00	    255.09	    659.58	      2.57	      2.42	     44.91	     42.41	1.37	 4.574e-05	      3.25	0	Gaussian	308.948462	42.205237
125	1	  0.002158	  0.007001	     -1.00	    610.29	    263.08	      2.57	      2.45	     45.06	     42.92	-36.91	 1.542e-04	      3.25	0	Gaussian	306.748555	44.149835
126	1	  0.002079	  0.006987	     -1.00	    186.04	    402.48	      2.57	      2.37	     45.06	     41.44	6.04	 3.727e-05	      3.28	0	Gaussian	309.488299	43.403319
127	1	  0.002069	  0.006466	     -1.00	    744.24	    665.44	      2.68	      2.48	     46.90	     43.45	6.63	 5.121e-05	      3.29	0	Gaussian	305.821838	42.259447
128	1	  0.002173	  0.006683	     -1.00	    603.86	    684.46	      2.69	      2.39	     47.08	     41.85	13.25	 3.726e-04	      3.29	0	Gaussian	306.715032	42.154604
129	1	  0.002190	  0.006439	     -1.00	    309.52	    694.49	      2.71	      2.37	     47.49	     41.48	-35.32	 5.477e-04	      3.30	0	Gaussian	308.589686	42.053318
130	1	  0.002105	  0.006320	     -1.00	    558.64	    418.79	      2.65	      2.48	     46.31	     43.43	-3.43	 5.575e-05	      3.32	0	Gaussian	307.056708	43.405998
131	1	  0.002135	  0.006113	     -1.00	    660.75	    364.15	      2.67	      2.54	     46.65	     44.41	1.66	 1.237e-04	      3.33	0	Gaussian	306.400390	43.677474
132	1	  0.002114	  0.005982	     -1.00	    413.72	    767.53	      2.86	      2.41	     50.07	     42.12	14.12	 7.006e-05	      3.34	0	Gaussian	307.906147	41.730124
133	1	  0.002142	  0.006560	     -1.00	    721.04	    767.50	      2.63	      2.34	     46.03	     40.93	4.50	 2.671e-04	      3.35	0	Gaussian	305.958020	41.774516
134	1	  0.002137	  0.006250	     -1.00	    440.93	    277.07	      2.56	      2.47	     44.82	     43.30	-22.47	 9.956e-05	      3.35	0	Gaussian	307.860781	44.057031
135	1	  0.002148	  0.006701	     -1.00	    329.46	    106.66	      2.53	      2.38	     44.37	     41.71	-6.11	 2.301e-04	      3.35	0	Gaussian	308.650804	44.839383
136	1	  0.002245	  0.006450	     -1.00	    704.30	    662.38	      2.64	      2.37	     46.28	     41.47	10.68	 4.191e-04	      3.35	0	Gaussian	306.077227	42.270434
137	1	  0.002150	  0.003523	     -1.00	    775.33	    354.82	      4.59	      2.45	     80.34	     42.80	9.81	 1.851e-04	      3.35	0	Gaussian	305.652676	43.731432
138	1	  0.002097	  0.006128	     -1.00	     56.45	    607.12	      2.54	      2.54	     44.50	     44.48	-66.81	 4.637e-05	      3.36	0	Gaussian	310.239738	42.395778
139	1	  0.002084	  0.006434	     -1.00	    233.49	    420.28	      2.56	      2.44	     44.73	     42.71	0.36	 3.695e-05	      3.36	0	Gaussian	309.172699	43.332099
140	1	  0.002086	  0.005623	     -1.00	    208.33	    121.72	      2.92	      2.41	     51.13	     42.22	21.68	 5.546e-05	      3.36	0	Gaussian	309.452339	44.737124
141	1	  0.002318	  0.006874	     -1.00	    611.09	    534.77	      2.45	      2.33	     42.82	     40.78	-8.80	 9.456e-04	      3.37	0	Gaussian	306.694798	42.864105
142	1	  0.002076	  0.006244	     -1.00	    177.36	    140.43	      2.56	      2.47	     44.86	     43.18	-0.15	 3.749e-05	      3.38	0	Gaussian	309.650688	44.639863
143	1	  0.002092	  0.005794	     -1.00	    735.89	     87.00	      2.58	      2.56	     45.09	     44.83	13.03	 5.099e-05	      3.40	0	Gaussian	305.942287	44.994861
144	1	  0.002146	  0.006024	     -1.00	    711.41	    758.21	      2.61	      2.43	     45.71	     42.51	7.54	 4.057e-04	      3.41	0	Gaussian	306.020128	41.817601
145	1	  0.002125	  0.006040	     -1.00	    404.16	    334.29	      2.57	      2.41	     44.92	     42.24	4.67	 1.164e-04	      3.43	0	Gaussian	308.086403	43.779052
146	1	  0.002094	  0.005379	     -1.00	    333.96	    578.97	      2.76	      2.51	     48.34	     43.86	18.42	 6.647e-05	      3.43	0	Gaussian	308.469284	42.605772
147	1	  0.002153	  0.005518	     -1.00	    520.35	    180.19	      2.75	      2.44	     48.07	     42.72	-20.39	 1.355e-04	      3.44	0	Gaussian	307.360262	44.529118
148	1	  0.002172	  0.005476	     -1.00	    456.16	    670.06	      2.61	      2.59	     45.64	     45.32	-44.31	 1.762e-04	      3.44	0	Gaussian	307.660855	42.199586
149	1	  0.002134	  0.005875	     -1.00	    170.24	    310.79	      2.55	      2.46	     44.70	     42.99	6.19	 2.511e-04	      3.45	0	Gaussian	309.628062	43.832462
150	1	  0.002112	  0.005616	     -1.00	    572.37	    297.91	      2.63	      2.46	     45.97	     43.00	29.12	 6.727e-05	      3.46	0	Gaussian	306.991357	43.980048
151	1	  0.002089	  0.005645	     -1.00	    688.32	    517.03	      2.53	      2.52	     44.35	     44.16	70.68	 4.421e-05	      3.46	0	Gaussian	306.199054	42.956815
152	1	  0.002138	  0.005599	     -1.00	    519.32	    561.00	      2.62	      2.47	     45.89	     43.19	8.16	 8.665e-05	      3.46	0	Gaussian	307.281144	42.726761
153	1	  0.002140	  0.001403	     -1.00	    611.88	    135.07	      7.90	      3.29	    138.19	     57.62	-72.12	 1.803e-04	      3.46	0	Gaussian	306.761565	44.755419
154	1	  0.002151	  0.005987	     -1.00	    354.89	    325.55	      2.59	      2.34	     45.35	     40.95	3.31	 2.803e-04	      3.46	0	Gaussian	308.412014	43.809973
155	1	  0.002245	  0.006222	     -1.00	    531.65	     27.63	      2.52	      2.31	     44.04	     40.46	-8.60	 5.296e-04	      3.47	0	Gaussian	307.320175	45.252020
156	1	  0.002100	  0.005822	     -1.00	     92.44	    676.14	      2.56	      2.40	     44.86	     42.01	5.08	 5.444e-05	      3.47	0	Gaussian	309.980038	42.080803
157	1	  0.002153	  0.005814	     -1.00	    368.62	    625.75	      2.55	      2.39	     44.68	     41.90	3.44	 2.692e-04	      3.49	0	Gaussian	308.232789	42.392004
158	1	  0.002148	  0.005221	     -1.00	    762.22	    698.12	      2.68	      2.48	     46.98	     43.46	5.42	 2.276e-04	      3.51	0	Gaussian	305.703887	42.106199
159	1	  0.002155	  0.004060	     -1.00	    364.31	    334.72	      2.95	      2.94	     51.59	     51.50	-60.75	 3.725e-04	      3.52	0	Gaussian	308.347433	43.768631
160	1	  0.002103	  0.005145	     -1.00	    660.13	    302.95	      2.56	      2.55	     44.84	     44.71	16.17	 5.525e-05	      3.52	0	Gaussian	306.413974	43.966965
161	1	  0.002099	  0.005542	     -1.00	    342.04	    234.38	      2.58	      2.37	     45.17	     41.52	5.44	 4.570e-05	      3.53	0	Gaussian	308.525402	44.238368
162	1	  0.002128	  0.004671	     -1.00	    203.16	    525.47	      3.05	      2.47	     53.41	     43.22	5.07	 8.754e-05	      3.53	0	Gaussian	309.330130	42.826150
163	1	  0.002170	  0.005181	     -1.00	    754.03	    608.03	      2.67	      2.45	     46.78	     42.94	4.94	 3.558e-04	      3.53	0	Gaussian	305.765252	42.531857
164	1	  0.002079	  0.005302	     -1.00	     89.17	    561.17	      2.58	      2.50	     45.19	     43.70	1.74	 2.882e-05	      3.53	0	Gaussian	310.049857	42.623592
165	1	  0.002077	  0.005123	     -1.00	    702.71	    608.34	      2.68	      2.48	     46.85	     43.36	-0.00	 4.589e-05	      3.54	0	Gaussian	306.094327	42.526016
166	1	  0.002101	  0.005326	     -1.00	    531.36	    442.64	      2.62	      2.43	     45.82	     42.51	4.06	 7.456e-05	      3.54	0	Gaussian	307.229077	43.288983
167	1	  0.002194	  0.005690	     -1.00	    532.04	     83.48	      2.55	      2.31	     44.57	     40.51	-2.95	 2.787e-04	      3.55	0	Gaussian	307.304760	44.988183
168	1	  0.002123	  0.005305	     -1.00	    440.55	    186.32	      2.60	      2.40	     45.52	     42.06	0.59	 1.283e-04	      3.57	0	Gaussian	307.887899	44.486224
169	1	  0.002114	  0.004882	     -1.00	    617.36	    755.54	      2.72	      2.49	     47.61	     43.53	0.32	 7.288e-05	      3.57	0	Gaussian	306.617041	41.819885
170	1	  0.002205	  0.005265	     -1.00	    777.10	    381.68	      2.58	      2.41	     45.24	     42.14	-9.17	 3.318e-04	      3.57	0	Gaussian	305.638559	43.604483
171	1	  0.002105	  0.005194	     -1.00	    387.39	    259.82	      2.60	      2.43	     45.46	     42.49	5.28	 1.187e-04	      3.58	0	Gaussian	308.218310	44.127957
172	1	  0.002134	  0.005394	     -1.00	    357.63	    450.42	      2.56	      2.36	     44.74	     41.35	0.95	 1.330e-04	      3.58	0	Gaussian	308.355757	43.219605
173	1	  0.002083	  0.004166	     -1.00	    690.92	    122.35	      3.01	      2.64	     52.60	     46.25	-26.37	 4.623e-05	      3.59	0	Gaussian	306.237462	44.824068
174	1	  0.002089	  0.000543	     -1.00	    674.40	    104.52	      9.08	      6.40	    158.87	    112.09	-32.35	 8.762e-05	      3.62	0	Gaussian	306.350241	44.906740
175	1	  0.002180	  0.005194	     -1.00	    211.30	    778.22	      2.51	      2.39	     43.97	     41.79	3.94	 2.330e-04	      3.63	0	Gaussian	309.185343	41.632353
176	1	  0.002067	  0.004937	     -1.00	     11.81	     28.40	      2.60	      2.41	     45.49	     42.14	-4.93	 4.405e-05	      3.64	0	Gaussian	310.806095	45.114976
177	1	  0.002180	  0.004723	     -1.00	    773.45	    397.64	      2.66	      2.46	     46.48	     43.08	1.61	 1.401e-04	      3.64	0	Gaussian	305.660800	43.528754
178	1	  0.002185	  0.004860	     -1.00	    219.78	    742.75	      2.56	      2.47	     44.74	     43.18	1.38	 3.572e-04	      3.65	0	Gaussian	309.144255	41.802453
179	1	  0.002081	  0.004546	     -1.00	    454.17	    575.19	      2.66	      2.54	     46.57	     44.51	8.75	 3.199e-05	      3.65	0	Gaussian	307.697169	42.648374
180	1	  0.002098	  0.004385	     -1.00	    769.18	    127.78	      2.77	      2.54	     48.47	     44.48	1.14	 6.945e-05	      3.65	0	Gaussian	305.715891	44.804445
181	1	  0.002094	  0.004737	     -1.00	    174.84	    247.25	      2.60	      2.47	     45.57	     43.16	-11.11	 5.052e-05	      3.65	0	Gaussian	309.623651	44.134235
182	1	  0.002218	  0.005308	     -1.00	    227.33	    678.67	      2.48	      2.32	     43.34	     40.54	6.84	 3.654e-04	      3.66	0	Gaussian	309.118990	42.107678
183	1	  0.002128	  0.004947	     -1.00	     51.04	    464.27	      2.54	      2.40	     44.53	     42.09	-7.30	 1.653e-04	      3.66	0	Gaussian	310.338622	43.069527
184	1	  0.002134	  0.004943	     -1.00	     86.56	     32.30	      2.56	      2.39	     44.72	     41.79	-2.34	 5.861e-05	      3.67	0	Gaussian	310.303906	45.122286
185	1	  0.002088	  0.004291	     -1.00	    581.15	    374.80	      2.69	      2.58	     47.11	     45.21	-4.23	 3.433e-05	      3.68	0	Gaussian	306.918657	43.617403
186	1	  0.002078	  0.004355	     -1.00	    449.04	    770.95	      2.61	      2.55	     45.68	     44.72	-12.85	 4.295e-05	      3.69	0	Gaussian	307.681349	41.720717
187	1	  0.002164	  0.004669	     -1.00	    684.07	    447.55	      2.63	      2.39	     46.05	     41.91	-1.06	 2.870e-04	      3.69	0	Gaussian	306.236213	43.285206
188	1	  0.002128	  0.004420	     -1.00	    376.87	    256.08	      2.57	      2.55	     44.94	     44.69	26.80	 1.239e-04	      3.71	0	Gaussian	308.288808	44.143401
189	1	  0.002105	  0.004428	     -1.00	    477.91	    752.68	      2.62	      2.45	     45.87	     42.92	19.07	 8.949e-05	      3.71	0	Gaussian	307.502579	41.812375
190	1	  0.002088	  0.004423	     -1.00	    262.31	    275.14	      2.61	      2.49	     45.73	     43.52	-18.14	 4.640e-05	      3.72	0	Gaussian	309.036955	44.026318
191	1	  0.002131	  0.003956	     -1.00	    146.93	      6.81	      2.85	      2.47	     49.86	     43.26	-38.48	 1.769e-04	      3.73	0	Gaussian	309.910709	45.261811
192	1	  0.002109	  0.003060	     -1.00	     57.47	     88.04	      3.44	      2.71	     60.23	     47.52	-81.39	 8.578e-05	      3.73	0	Gaussian	310.471846	44.849468
193	1	  0.002100	  0.004207	     -1.00	    487.39	    637.91	      2.69	      2.46	     47.02	     43.09	35.88	 1.298e-04	      3.73	0	Gaussian	307.468840	42.357353
194	1	  0.002106	  0.004287	     -1.00	    332.46	    671.83	      2.66	      2.44	     46.63	     42.76	7.13	 8.809e-05	      3.74	0	Gaussian	308.450347	42.165864
195	1	  0.002124	  0.004134	     -1.00	    421.26	    294.53	      2.67	      2.55	     46.66	     44.68	-30.98	 1.031e-04	      3.75	0	Gaussian	307.985422	43.970619
196	1	  0.002084	  0.003793	     -1.00	    729.18	     98.11	      2.74	      2.66	     47.94	     46.52	13.49	 5.623e-05	      3.75	0	Gaussian	305.985736	44.941878
197	1	  0.002156	  0.004304	     -1.00	    794.78	    345.21	      2.62	      2.47	     45.85	     43.23	-4.58	 9.306e-05	      3.75	0	Gaussian	305.526438	43.778053
198	1	  0.002130	  0.004477	     -1.00	    285.16	    625.57	      2.59	      2.39	     45.33	     41.87	1.46	 1.925e-04	      3.76	0	Gaussian	308.767571	42.373677
199	1	  0.002107	  0.002782	     -1.00	    706.35	    774.55	      3.43	      2.98	     60.06	     52.10	51.83	 1.078e-04	      3.76	0	Gaussian	306.050175	41.739796
200	1	  0.002092	  0.004184	     -1.00	     78.37	    362.05	      2.57	      2.55	     44.98	     44.69	39.50	 4.324e-05	      3.77	0	Gaussian	310.207158	43.561802
201	1	  0.002121	  0.004281	     -1.00	    352.12	    399.85	      2.55	      2.48	     44.66	     43.41	-2.86	 1.013e-04	      3.77	0	Gaussian	308.407100	43.457738
202	1	  0.002119	  0.004397	     -1.00	    509.61	     43.57	      2.59	      2.41	     45.34	     42.10	-3.60	 9.372e-05	      3.77	0	Gaussian	307.464308	45.173223
203	1	  0.002132	  0.002672	     -1.00	    636.14	    678.99	      3.37	      2.99	     58.91	     52.31	-59.10	 8.270e-05	      3.77	0	Gaussian	306.510005	42.184497
204	1	  0.002103	  0.002841	     -1.00	    476.47	    316.43	      3.18	      2.95	     55.61	     51.58	13.81	 1.519e-04	      3.78	0	Gaussian	307.617031	43.877246
205	1	  0.002170	  0.004169	     -1.00	    786.32	    381.69	      2.65	      2.43	     46.40	     42.47	0.95	 2.830e-04	      3.80	0	Gaussian	305.578429	43.604982
206	1	  0.002108	  0.004140	     -1.00	     43.60	     92.79	      2.59	      2.47	     45.38	     43.31	0.86	 6.009e-05	      3.81	0	Gaussian	310.561945	44.822319
207	1	  0.002146	  0.004156	     -1.00	    439.07	    694.92	      2.53	      2.51	     44.20	     43.86	-5.04	 1.608e-04	      3.81	0	Gaussian	307.763735	42.078748
208	1	  0.002132	  0.004185	     -1.00	    467.31	    671.53	      2.61	      2.42	     45.63	     42.33	2.87	 1.022e-04	      3.81	0	Gaussian	307.589302	42.194650
209	1	  0.002103	  0.003927	     -1.00	    520.85	    194.97	      2.59	      2.58	     45.29	     45.09	8.34	 6.693e-05	      3.82	0	Gaussian	307.353529	44.459296
210	1	  0.002088	  0.003679	     -1.00	    677.85	    343.31	      2.91	      2.49	     50.98	     43.61	0.77	 2.505e-05	      3.82	0	Gaussian	306.291713	43.777852
211	1	  0.002117	  0.004178	     -1.00	    459.64	    300.39	      2.60	      2.41	     45.57	     42.19	-2.82	 8.738e-05	      3.82	0	Gaussian	307.731586	43.950150
212	1	  0.002154	  0.004079	     -1.00	    764.92	    211.43	      2.67	      2.38	     46.74	     41.70	-5.77	 1.870e-04	      3.82	0	Gaussian	305.735441	44.408827
213	1	  0.002103	  0.004111	     -1.00	    112.38	    758.73	      2.60	      2.44	     45.58	     42.69	12.92	 9.636e-05	      3.83	0	Gaussian	309.819235	41.696297
214	1	  0.002097	  0.004036	     -1.00	    153.26	    439.63	      2.60	      2.47	     45.47	     43.17	5.39	 9.987e-05	      3.84	0	Gaussian	309.686611	43.218074
215	1	  0.002162	  0.004090	     -1.00	    497.87	    147.44	      2.59	      2.37	     45.34	     41.52	-5.66	 2.620e-04	      3.86	0	Gaussian	307.517369	44.680306
216	1	  0.002102	  0.003609	     -1.00	    585.21	    761.16	      2.76	      2.55	     48.28	     44.67	-0.98	 4.829e-05	      3.86	0	Gaussian	306.819972	41.789020
217	1	  0.002132	  0.003590	     -1.00	    171.03	     59.73	      2.66	      2.57	     46.60	     44.94	-35.77	 2.593e-04	      3.88	0	Gaussian	309.726498	45.019190
218	1	  0.002090	  0.002827	     -1.00	    756.57	    534.89	      2.97	      2.95	     51.91	     51.56	7.67	 7.830e-05	      3.88	0	Gaussian	305.756470	42.878151
219	1	  0.002091	  0.003543	     -1.00	    772.91	    163.03	      2.64	      2.60	     46.22	     45.58	-23.50	 4.663e-05	      3.89	0	Gaussian	305.687489	44.638131
220	1	  0.002086	  0.003794	     -1.00	    380.56	     25.27	      2.66	      2.44	     46.49	     42.75	2.65	 4.806e-05	      3.89	0	Gaussian	308.335177	45.235352
221	1	  0.002135	  0.003904	     -1.00	    174.18	     69.12	      2.53	      2.48	     44.23	     43.43	-4.16	 2.374e-04	      3.89	0	Gaussian	309.701516	44.975799
222	1	  0.002091	  0.003794	     -1.00	    342.92	    250.55	      2.67	      2.39	     46.67	     41.78	0.21	 3.084e-05	      3.90	0	Gaussian	308.514352	44.162107
223	1	  0.002101	  0.003525	     -1.00	    585.76	    720.83	      2.69	      2.56	     47.10	     44.84	7.94	 4.356e-05	      3.91	0	Gaussian	306.823868	41.980025
224	1	  0.002354	  0.003673	     -1.00	    171.10	    670.63	      2.98	      2.14	     52.10	     37.48	-28.52	 1.289e-03	      3.91	0	Gaussian	309.480697	42.130327
225	1	  0.002091	  0.003588	     -1.00	    721.78	    604.72	      2.68	      2.50	     46.83	     43.83	10.20	 1.237e-04	      3.91	0	Gaussian	305.972466	42.544880
226	1	  0.002098	  0.003710	     -1.00	     55.54	    512.27	      2.64	      2.46	     46.19	     43.08	9.20	 6.188e-05	      3.91	0	Gaussian	310.287850	42.843997
227	1	  0.002100	  0.003506	     -1.00	    442.20	     98.00	      2.61	      2.59	     45.70	     45.37	-72.72	 6.528e-05	      3.92	0	Gaussian	307.901142	44.904136
228	1	  0.002135	  0.002899	     -1.00	    506.23	     89.76	      3.04	      2.68	     53.14	     46.96	-17.61	 2.644e-04	      3.93	0	Gaussian	307.475683	44.954394
229	1	  0.002100	  0.003470	     -1.00	    298.04	    448.25	      2.65	      2.54	     46.34	     44.40	24.74	 6.047e-05	      3.94	0	Gaussian	308.743432	43.216118
230	1	  0.002096	  0.003486	     -1.00	     31.17	     90.06	      2.64	      2.56	     46.25	     44.74	-19.80	 5.595e-05	      3.94	0	Gaussian	310.646066	44.830877
231	1	  0.002155	  0.003242	     -1.00	    534.90	    602.71	      2.82	      2.60	     49.33	     45.46	35.34	 2.340e-04	      3.94	0	Gaussian	307.172066	42.531760
232	1	  0.002771	  0.005069	     -1.00	    652.80	    582.35	      2.22	      2.03	     38.92	     35.60	-25.17	 3.780e-03	      3.95	0	Gaussian	306.418381	42.643884
233	1	  0.002144	  0.001345	     -1.00	    499.86	    163.49	      6.66	      2.55	    116.59	     44.55	5.26	 1.938e-04	      3.97	0	Gaussian	307.500239	44.604760
234	1	  0.002108	  0.003478	     -1.00	    125.07	    421.73	      2.62	      2.48	     45.79	     43.49	-9.66	 1.097e-04	      3.97	0	Gaussian	309.877131	43.294301
235	1	  0.002087	  0.003466	     -1.00	    244.64	    218.76	      2.64	      2.48	     46.17	     43.46	-2.19	 3.488e-05	      3.98	0	Gaussian	309.174156	44.288325
236	1	  0.002136	  0.003501	     -1.00	    426.76	    740.51	      2.72	      2.38	     47.64	     41.74	3.70	 1.150e-04	      3.98	0	Gaussian	307.830381	41.860544
237	1	  0.002178	  0.003220	     -1.00	    763.12	    245.85	      2.79	      2.50	     48.82	     43.77	10.68	 3.086e-04	      3.98	0	Gaussian	305.743767	44.245951
238	1	  0.002094	  0.003070	     -1.00	    594.82	    116.43	      2.87	      2.57	     50.28	     45.01	-36.75	 5.167e-05	      3.99	0	Gaussian	306.878710	44.841373
239	1	  0.002092	  0.003364	     -1.00	    595.95	    105.14	      2.63	      2.51	     46.09	     43.98	-56.65	 7.913e-05	      3.99	0	Gaussian	306.873412	44.894881
240	1	  0.002094	  0.002460	     -1.00	    475.80	    479.26	      3.05	      2.94	     53.44	     51.48	-89.18	 8.175e-05	      3.99	0	Gaussian	307.581231	43.106422
241	1	  0.002162	  0.003505	     -1.00	     60.34	    181.91	      2.65	      2.38	     46.37	     41.72	24.39	 3.494e-04	      3.99	0	Gaussian	310.408278	44.407186
242	1	  0.002120	  0.003483	     -1.00	    547.17	    134.55	      2.67	      2.41	     46.79	     42.19	-1.66	 9.504e-05	      3.99	0	Gaussian	307.192403	44.749076
243	1	  0.002088	  0.003228	     -1.00	    425.84	    125.13	      2.67	      2.57	     46.73	     45.04	-13.08	 3.158e-05	      4.00	0	Gaussian	308.002692	44.772715
244	1	  0.002159	  0.003633	     -1.00	    314.96	    433.68	      2.58	      2.37	     45.13	     41.45	-3.44	 1.262e-04	      4.00	0	Gaussian	308.638282	43.289138
245	1	  0.002119	  0.003844	     -1.00	     72.51	    507.61	      2.47	      2.30	     43.15	     40.27	-1.63	 8.086e-05	      4.00	0	Gaussian	310.180475	42.871603
246	1	  0.002177	  0.003437	     -1.00	     65.67	    173.17	      2.49	      2.49	     43.62	     43.59	21.93	 3.548e-04	      4.00	0	Gaussian	310.377090	44.450241
247	1	  0.002259	  0.003822	     -1.00	    611.92	    676.30	      2.44	      2.28	     42.65	     39.88	-5.98	 6.749e-04	      4.00	0	Gaussian	306.664989	42.194242
248	1	  0.002084	  0.001894	     -1.00	    275.14	    704.04	      3.51	      3.33	     61.39	     58.37	28.76	 7.206e-05	      4.00	0	Gaussian	308.805592	41.999805
249	1	  0.002095	  0.003290	     -1.00	    356.19	    582.16	      2.65	      2.53	     46.43	     44.37	2.19	 4.900e-05	      4.01	0	Gaussian	308.325380	42.595639
250	1	  0.002084	  0.003199	     -1.00	    258.60	    617.01	      2.65	      2.53	     46.46	     44.29	9.88	 4.185e-05	      4.01	0	Gaussian	308.940666	42.407590
251	1	  0.002162	  0.003599	     -1.00	    448.74	     59.68	      2.59	      2.37	     45.37	     41.43	-0.32	 1.595e-04	      4.01	0	Gaussian	307.868005	45.086445
252	1	  0.002100	  0.003339	     -1.00	    277.10	    392.33	      2.64	      2.49	     46.25	     43.56	18.11	 8.572e-05	      4.01	0	Gaussian	308.898697	43.475623
253	1	  0.002097	  0.002935	     -1.00	    142.54	    643.38	      3.02	      2.46	     52.90	     43.04	-12.05	 5.405e-05	      4.01	0	Gaussian	309.673716	42.250945
254	1	  0.002092	  0.002674	     -1.00	    439.10	    331.50	      3.05	      2.67	     53.43	     46.66	21.29	 7.437e-05	      4.02	0	Gaussian	307.858236	43.799122
255	1	  0.002149	  0.003414	     -1.00	    435.83	    528.95	      2.49	      2.47	     43.58	     43.24	-3.10	 2.074e-04	      4.02	0	Gaussian	307.827240	42.863891
256	1	  0.002104	  0.003192	     -1.00	    480.39	    661.93	      2.73	      2.41	     47.84	     42.21	26.34	 5.916e-05	      4.02	0	Gaussian	307.508007	42.242419
257	1	  0.002102	  0.003282	     -1.00	    739.05	    715.72	      2.63	      2.48	     46.04	     43.46	-9.11	 2.023e-04	      4.02	0	Gaussian	305.849513	42.021075
258	1	  0.002087	  0.003703	     -1.00	     77.38	    160.53	      2.48	      2.29	     43.39	     40.09	-4.57	 4.360e-05	      4.04	0	Gaussian	310.305412	44.513831
259	1	  0.002181	  0.003031	     -1.00	    219.29	     53.75	      2.91	      2.41	     50.87	     42.18	-42.22	 2.249e-04	      4.04	0	Gaussian	309.406136	45.061239
260	1	  0.002125	  0.003028	     -1.00	    598.61	    404.81	      2.79	      2.52	     48.91	     44.03	8.52	 1.670e-04	      4.04	0	Gaussian	306.799061	43.477693
261	1	  0.002152	  0.003349	     -1.00	    407.80	    345.93	      2.50	      2.47	     43.79	     43.27	-11.14	 2.394e-04	      4.05	0	Gaussian	308.059265	43.724707
262	1	  0.002154	  0.002873	     -1.00	    497.19	     91.84	      2.97	      2.45	     51.99	     42.83	36.03	 3.134e-04	      4.05	0	Gaussian	307.535609	44.943040
263	1	  0.002098	  0.003198	     -1.00	    358.56	    288.73	      2.68	      2.46	     46.99	     43.09	-4.17	 5.192e-05	      4.06	0	Gaussian	308.399369	43.984982
264	1	  0.002113	  0.003161	     -1.00	    774.38	    670.76	      2.71	      2.47	     47.35	     43.32	5.96	 1.865e-04	      4.06	0	Gaussian	305.629011	42.236545
265	1	  0.002108	  0.002586	     -1.00	    214.96	    610.86	      2.90	      2.88	     50.74	     50.43	-66.95	 6.898e-05	      4.07	0	Gaussian	309.222563	42.425286
266	1	  0.002083	  0.003062	     -1.00	    343.18	    692.31	      2.75	      2.49	     48.19	     43.59	6.91	 4.432e-05	      4.07	0	Gaussian	308.375742	42.071347
267	1	  0.002082	  0.003069	     -1.00	    196.96	    110.97	      2.61	      2.48	     45.75	     43.41	87.49	 3.429e-05	      4.07	0	Gaussian	309.532342	44.784685
268	1	  0.002115	  0.003065	     -1.00	    761.03	    467.63	      2.72	      2.49	     47.67	     43.61	-9.41	 1.269e-04	      4.07	0	Gaussian	305.734565	43.196751
269	1	  0.002135	  0.003252	     -1.00	    583.22	    260.03	      2.53	      2.49	     44.26	     43.54	-44.96	 2.010e-04	      4.08	0	Gaussian	306.927486	44.160724
270	1	  0.002085	  0.003174	     -1.00	    503.87	     68.25	      2.60	      2.44	     45.54	     42.75	-14.71	 4.613e-05	      4.09	0	Gaussian	307.496708	45.055643
271	1	  0.002081	  0.002617	     -1.00	    361.52	     61.15	      2.86	      2.66	     50.14	     46.51	23.82	 4.536e-05	      4.09	0	Gaussian	308.451451	45.061706
272	1	  0.002114	  0.003064	     -1.00	    496.75	    763.92	      2.62	      2.54	     45.82	     44.51	-8.47	 1.338e-04	      4.09	0	Gaussian	307.380490	41.762407
273	1	  0.002094	  0.002995	     -1.00	    434.36	    588.10	      2.73	      2.46	     47.79	     43.13	-26.25	 4.778e-05	      4.09	0	Gaussian	307.821255	42.583537
274	1	  0.002108	  0.002997	     -1.00	    728.69	    429.69	      2.72	      2.51	     47.61	     43.94	0.24	 5.503e-05	      4.10	0	Gaussian	305.948617	43.373803
275	1	  0.002123	  0.002793	     -1.00	    397.69	    765.75	      2.75	      2.64	     48.14	     46.29	13.01	 1.122e-04	      4.10	0	Gaussian	308.008270	41.735327
276	1	  0.002120	  0.003038	     -1.00	    736.28	    144.51	      2.75	      2.43	     48.11	     42.53	-6.86	 1.385e-04	      4.10	0	Gaussian	305.932758	44.723124
277	1	  0.002081	  0.002970	     -1.00	    301.87	    116.84	      2.60	      2.54	     45.57	     44.38	18.38	 3.202e-05	      4.10	0	Gaussian	308.831189	44.784681
278	1	  0.002126	  0.003233	     -1.00	    305.00	    427.44	      2.56	      2.33	     44.88	     40.70	-7.31	 1.285e-04	      4.11	0	Gaussian	308.705058	43.316272
279	1	  0.002160	  0.003326	     -1.00	    579.12	    405.34	      2.56	      2.35	     44.85	     41.19	5.97	 3.219e-04	      4.11	0	Gaussian	306.925961	43.472571
280	1	  0.002166	  0.003196	     -1.00	    692.76	    438.56	      2.63	      2.40	     45.97	     41.98	3.23	 3.951e-04	      4.11	0	Gaussian	306.180997	43.328598
281	1	  0.002139	  0.002800	     -1.00	     94.91	    500.26	      2.89	      2.41	     50.53	     42.15	3.19	 2.118e-04	      4.11	0	Gaussian	310.039071	42.913503
282	1	  0.002151	  0.002598	     -1.00	    794.22	    577.10	      2.86	      2.69	     50.06	     47.06	36.65	 8.974e-05	      4.12	0	Gaussian	305.510278	42.680997
283	1	  0.002250	  0.003668	     -1.00	    563.62	    100.47	      2.41	      2.17	     42.26	     38.00	-3.01	 8.128e-04	      4.12	0	Gaussian	307.090084	44.912564
284	1	  0.002127	  0.002584	     -1.00	    772.83	    138.95	      2.83	      2.72	     49.61	     47.56	77.88	 1.231e-04	      4.13	0	Gaussian	305.690456	44.751908
285	1	  0.002108	  0.002951	     -1.00	    459.99	     10.21	      2.59	      2.47	     45.33	     43.26	-40.67	 1.919e-04	      4.14	0	Gaussian	307.805944	45.322241
286	1	  0.002113	  0.003105	     -1.00	    497.59	    301.21	      2.60	      2.43	     45.55	     42.47	1.47	 1.332e-04	      4.14	0	Gaussian	307.482049	43.952899
287	1	  0.002116	  0.002798	     -1.00	    313.63	    787.02	      2.73	      2.43	     47.83	     42.49	71.56	 8.506e-05	      4.15	0	Gaussian	308.534650	41.616354
288	1	  0.002289	  0.003411	     -1.00	    783.19	    372.57	      2.49	      2.26	     43.58	     39.59	-4.11	 5.766e-04	      4.16	0	Gaussian	305.599706	43.647956
289	1	  0.002124	  0.003040	     -1.00	    721.89	     71.45	      2.65	      2.35	     46.40	     41.13	-5.39	 1.143e-04	      4.17	0	Gaussian	306.037797	45.067275
290	1	  0.002077	  0.002911	     -1.00	    216.05	    316.46	      2.65	      2.45	     46.40	     42.85	-2.49	 5.269e-05	      4.17	0	Gaussian	309.325497	43.818570
291	1	  0.002089	  0.002676	     -1.00	    359.69	    757.35	      2.74	      2.61	     47.96	     45.70	19.19	 3.589e-05	      4.17	0	Gaussian	308.251643	41.767124
292	1	  0.002101	  0.002919	     -1.00	    134.20	    661.39	      2.65	      2.46	     46.43	     43.13	8.60	 3.133e-05	      4.17	0	Gaussian	309.719813	42.163309
293	1	  0.002191	  0.003400	     -1.00	     94.57	    334.63	      2.41	      2.26	     42.26	     39.60	2.41	 3.219e-04	      4.17	0	Gaussian	310.113548	43.696653
294	1	  0.002092	  0.002766	     -1.00	    161.88	    635.04	      2.62	      2.61	     45.83	     45.72	22.60	 4.556e-05	      4.17	0	Gaussian	309.553372	42.296068
295	1	  0.002098	  0.002837	     -1.00	    630.96	    738.40	      2.69	      2.45	     47.02	     42.83	-2.95	 4.984e-05	      4.17	0	Gaussian	306.533520	41.902719
296	1	  0.002111	  0.002478	     -1.00	    630.70	    524.80	      3.09	      2.51	     54.01	     43.96	-18.15	 5.773e-05	      4.17	0	Gaussian	306.569912	42.913757
297	1	  0.002108	  0.003012	     -1.00	     53.66	    752.18	      2.59	      2.43	     45.27	     42.53	13.16	 8.215e-05	      4.18	0	Gaussian	310.193956	41.708881
298	1	  0.002098	  0.003121	     -1.00	    102.37	    768.66	      2.51	      2.36	     43.97	     41.32	-0.53	 1.345e-04	      4.18	0	Gaussian	309.878566	41.646284
299	1	  0.002120	  0.003192	     -1.00	      5.32	    225.54	      2.50	      2.30	     43.69	     40.25	-10.09	 6.211e-05	      4.19	0	Gaussian	310.750538	44.182066
300	1	  0.002082	  0.002806	     -1.00	    653.62	     64.21	      2.70	      2.47	     47.28	     43.26	-1.00	 4.385e-05	      4.19	0	Gaussian	306.495452	45.095114
301	1	  0.002112	  0.002690	     -1.00	    739.30	     56.37	      2.82	      2.49	     49.32	     43.53	3.66	 7.529e-05	      4.19	0	Gaussian	305.923183	45.139806
302	1	  0.002130	  0.002789	     -1.00	    414.17	    305.06	      2.57	      2.57	     45.07	     44.96	-41.15	 1.392e-04	      4.19	0	Gaussian	308.029059	43.919370
303	1	  0.002086	  0.002730	     -1.00	    296.61	    541.09	      2.71	      2.51	     47.46	     43.93	16.14	 3.194e-05	      4.19	0	Gaussian	308.721917	42.776342
304	1	  0.002101	  0.002828	     -1.00	    166.16	    623.73	      2.65	      2.49	     46.31	     43.64	-7.39	 4.787e-05	      4.19	0	Gaussian	309.530365	42.350783
305	1	  0.002099	  0.002674	     -1.00	    250.86	    158.34	      2.70	      2.56	     47.29	     44.73	12.67	 8.335e-05	      4.19	0	Gaussian	309.155472	44.575590
306	1	  0.002086	  0.002814	     -1.00	    133.98	    761.36	      2.61	      2.42	     45.67	     42.35	-3.18	 3.262e-05	      4.20	0	Gaussian	309.681354	41.690327
307	1	  0.002083	  0.002682	     -1.00	    199.72	    630.02	      2.67	      2.56	     46.70	     44.81	50.80	 2.740e-05	      4.21	0	Gaussian	309.313105	42.330450
308	1	  0.002083	  0.002786	     -1.00	    206.10	    205.73	      2.63	      2.48	     46.02	     43.49	-14.91	 3.100e-05	      4.21	0	Gaussian	309.433898	44.339439
309	1	  0.002093	  0.002736	     -1.00	    689.87	    137.05	      2.61	      2.54	     45.61	     44.38	-6.25	 3.450e-05	      4.21	0	Gaussian	306.242371	44.754463
310	1	  0.002074	  0.001590	     -1.00	    695.82	    758.95	      3.93	      2.78	     68.79	     48.62	33.37	 6.279e-05	      4.22	0	Gaussian	306.118912	41.812597
311	1	  0.002365	  0.003562	     -1.00	     60.07	    293.97	      2.33	      2.18	     40.70	     38.08	7.09	 1.591e-03	      4.22	0	Gaussian	310.357840	43.877611
312	1	  0.002125	  0.002724	     -1.00	    713.67	    409.90	      2.65	      2.52	     46.31	     44.16	-23.71	 7.729e-05	      4.22	0	Gaussian	306.048778	43.466172
313	1	  0.002126	  0.002653	     -1.00	    234.30	    649.61	      2.78	      2.46	     48.66	     43.13	-21.10	 1.536e-04	      4.22	0	Gaussian	309.084855	42.247017
314	1	  0.002119	  0.002727	     -1.00	    417.68	    549.80	      2.67	      2.50	     46.80	     43.70	-3.49	 9.585e-05	      4.22	0	Gaussian	307.938749	42.761618
315	1	  0.002106	  0.002558	     -1.00	    500.15	    130.98	      2.65	      2.62	     46.43	     45.78	36.27	 5.897e-05	      4.23	0	Gaussian	307.506214	44.758551
316	1	  0.002111	  0.002657	     -1.00	    145.88	    449.81	      2.58	      2.48	     45.24	     43.47	13.60	 2.206e-04	      4.24	0	Gaussian	309.730344	43.167749
317	1	  0.002128	  0.002886	     -1.00	    206.11	    713.64	      2.57	      2.38	     44.96	     41.68	-3.18	 1.599e-04	      4.24	0	Gaussian	309.241612	41.936528
318	1	  0.002125	  0.002786	     -1.00	    332.25	    788.01	      2.57	      2.46	     45.05	     43.09	-55.02	 8.417e-05	      4.24	0	Gaussian	308.416459	41.615910
319	1	  0.002076	  0.002905	     -1.00	    278.60	    496.61	      2.55	      2.33	     44.65	     40.75	0.42	 3.594e-05	      4.25	0	Gaussian	308.853102	42.982470
320	1	  0.002089	  0.002699	     -1.00	    131.72	    432.97	      2.60	      2.50	     45.49	     43.81	-54.93	 7.185e-05	      4.25	0	Gaussian	309.829208	43.243164
321	1	  0.002090	  0.002706	     -1.00	    136.27	    692.15	      2.62	      2.49	     45.91	     43.59	-4.86	 3.914e-05	      4.25	0	Gaussian	309.694247	42.018383
322	1	  0.002112	  0.002095	     -1.00	    766.83	    588.43	      3.20	      2.62	     56.00	     45.94	-34.55	 8.730e-05	      4.25	0	Gaussian	305.685134	42.625549
323	1	  0.002130	  0.002730	     -1.00	    606.86	     93.54	      2.66	      2.40	     46.54	     42.08	-14.38	 1.499e-04	      4.26	0	Gaussian	306.802836	44.951095
324	1	  0.002117	  0.002408	     -1.00	    439.19	    264.41	      2.71	      2.66	     47.37	     46.47	-14.45	 7.598e-05	      4.26	0	Gaussian	307.875677	44.116575
325	1	  0.002166	  0.002616	     -1.00	    252.66	     50.89	      2.71	      2.39	     47.50	     41.84	-25.58	 1.957e-04	      4.26	0	Gaussian	309.183860	45.083782
326	1	  0.002147	  0.002706	     -1.00	    482.26	    171.23	      2.65	      2.43	     46.37	     42.51	-5.69	 7.501e-05	      4.27	0	Gaussian	307.615207	44.565174
327	1	  0.002106	  0.001164	     -1.00	    417.51	    707.05	      5.32	      2.66	     93.08	     46.52	54.95	 8.145e-05	      4.27	0	Gaussian	307.897937	42.017140
328	1	  0.002083	  0.002402	     -1.00	    757.80	    279.87	      2.70	      2.62	     47.22	     45.92	2.29	 3.098e-05	      4.27	0	Gaussian	305.775209	44.084727
329	1	  0.002104	  0.002608	     -1.00	    522.08	      5.15	      2.56	      2.51	     44.87	     44.00	2.96	 4.862e-05	      4.27	0	Gaussian	307.389792	45.356711
330	1	  0.002108	  0.002881	     -1.00	    539.61	    472.44	      2.56	      2.26	     44.74	     39.56	-0.15	 8.005e-05	      4.27	0	Gaussian	307.169161	43.149208
331	1	  0.002101	  0.002703	     -1.00	     30.85	    257.23	      2.58	      2.45	     45.21	     42.92	-14.52	 5.695e-05	      4.27	0	Gaussian	310.567030	44.041334
332	1	  0.002211	  0.002956	     -1.00	    586.59	    400.35	      2.47	      2.28	     43.25	     39.98	-10.37	 3.650e-04	      4.28	0	Gaussian	306.878231	43.497197
333	1	  0.002117	  0.002437	     -1.00	    643.33	    487.06	      2.78	      2.51	     48.69	     44.02	-20.49	 5.673e-05	      4.28	0	Gaussian	306.494411	43.093843
334	1	  0.002089	  0.002606	     -1.00	     82.14	    772.28	      2.66	      2.48	     46.51	     43.46	10.86	 3.922e-05	      4.28	0	Gaussian	310.005060	41.622890
335	1	  0.002100	  0.002523	     -1.00	    443.41	    128.09	      2.70	      2.47	     47.20	     43.17	-14.29	 4.808e-05	      4.29	0	Gaussian	307.884797	44.762086
336	1	  0.002144	  0.002882	     -1.00	    337.69	    319.31	      2.52	      2.28	     44.05	     39.88	-13.53	 2.134e-04	      4.29	0	Gaussian	308.526730	43.835602
337	1	  0.002114	  0.002610	     -1.00	    568.81	    520.52	      2.67	      2.45	     46.79	     42.81	3.85	 7.245e-05	      4.29	0	Gaussian	306.970401	42.925892
338	1	  0.002098	  0.002580	     -1.00	    469.86	    523.45	      2.70	      2.45	     47.27	     42.80	0.07	 5.222e-05	      4.29	0	Gaussian	307.608863	42.896185
339	1	  0.002118	  0.002205	     -1.00	    550.00	    355.63	      2.92	      2.64	     51.17	     46.16	35.96	 9.903e-05	      4.29	0	Gaussian	307.126158	43.703696
340	1	  0.002241	  0.002859	     -1.00	    789.92	    337.28	      2.55	      2.30	     44.63	     40.26	16.17	 4.346e-04	      4.30	0	Gaussian	305.558918	43.815291
341	1	  0.002138	  0.002755	     -1.00	    310.64	    618.88	      2.55	      2.39	     44.62	     41.89	-13.37	 1.502e-04	      4.30	0	Gaussian	308.606502	42.411466
342	1	  0.002110	  0.002593	     -1.00	    452.18	    381.59	      2.68	      2.44	     46.93	     42.78	-9.26	 6.614e-05	      4.30	0	Gaussian	307.759434	43.564490
343	1	  0.002087	  0.002388	     -1.00	    737.87	    554.63	      2.83	      2.52	     49.49	     44.13	2.58	 4.210e-05	      4.30	0	Gaussian	305.874808	42.783286
344	1	  0.002128	  0.002576	     -1.00	    463.20	    225.84	      2.62	      2.51	     45.81	     43.88	-7.49	 1.101e-04	      4.30	0	Gaussian	307.727459	44.303503
345	1	  0.002148	  0.002799	     -1.00	    442.51	    572.72	      2.50	      2.34	     43.78	     40.95	1.23	 2.151e-04	      4.30	0	Gaussian	307.772854	42.657921
346	1	  0.002117	  0.002597	     -1.00	     43.21	     11.20	      2.63	      2.46	     46.05	     42.97	-11.59	 1.423e-04	      4.31	0	Gaussian	310.604416	45.207214
347	1	  0.002153	  0.002795	     -1.00	    127.39	     55.31	      2.47	      2.36	     43.29	     41.27	9.85	 1.788e-04	      4.31	0	Gaussian	310.020237	45.026813
348	1	  0.002112	  0.001156	     -1.00	    415.39	    619.21	      4.09	      3.53	     71.54	     61.84	-15.10	 1.176e-04	      4.31	0	Gaussian	307.934868	42.432588
349	1	  0.002126	  0.002060	     -1.00	    546.33	    701.76	      3.10	      2.64	     54.31	     46.26	13.91	 1.418e-04	      4.31	0	Gaussian	307.078564	42.064602
350	1	  0.002117	  0.002769	     -1.00	    403.29	    167.58	      2.54	      2.29	     44.51	     40.07	-10.46	 6.941e-05	      4.31	0	Gaussian	308.140419	44.567507
351	1	  0.002119	  0.001439	     -1.00	    528.32	    167.72	     15.07	      2.38	    263.71	     41.62	33.37	 9.911e-05	      4.32	0	Gaussian	307.310231	44.589366
352	1	  0.002137	  0.002216	     -1.00	    626.85	    586.09	      2.76	      2.72	     48.25	     47.61	28.61	 1.245e-04	      4.32	0	Gaussian	306.584544	42.623170
353	1	  0.002101	  0.002766	     -1.00	    494.50	    334.66	      2.51	      2.32	     43.98	     40.64	-4.78	 4.616e-05	      4.32	0	Gaussian	307.494286	43.794103
354	1	  0.002116	  0.002002	     -1.00	    402.16	    666.30	      3.07	      2.73	     53.80	     47.86	13.50	 1.721e-04	      4.32	0	Gaussian	308.006798	42.207002
355	1	  0.002140	  0.002427	     -1.00	    704.72	    455.25	      2.72	      2.49	     47.60	     43.55	-6.32	 1.308e-04	      4.34	0	Gaussian	306.101106	43.250765
356	1	  0.002094	  0.002166	     -1.00	    528.14	    521.29	      2.86	      2.66	     50.12	     46.54	21.25	 4.240e-05	      4.34	0	Gaussian	307.232915	42.916174
357	1	  0.002156	  0.002419	     -1.00	    587.29	    251.14	      2.72	      2.45	     47.69	     42.89	-7.60	 3.153e-04	      4.35	0	Gaussian	306.902448	44.203317
358	1	  0.002113	  0.002644	     -1.00	    438.65	    219.54	      2.57	      2.25	     45.07	     39.41	0.53	 6.842e-05	      4.35	0	Gaussian	307.891387	44.328747
359	1	  0.002098	  0.002465	     -1.00	    131.87	    733.21	      2.57	      2.47	     44.95	     43.22	-11.94	 4.802e-05	      4.36	0	Gaussian	309.705878	41.822851
360	1	  0.002120	  0.002660	     -1.00	    266.30	    395.50	      2.53	      2.30	     44.34	     40.29	1.41	 1.369e-04	      4.36	0	Gaussian	308.967988	43.457894
361	1	  0.002132	  0.002441	     -1.00	    566.74	    195.01	      2.62	      2.48	     45.82	     43.48	42.35	 1.361e-04	      4.36	0	Gaussian	307.049497	44.466002
362	1	  0.002077	  0.002403	     -1.00	    218.37	    264.92	      2.66	      2.43	     46.55	     42.55	19.92	 3.225e-05	      4.36	0	Gaussian	309.329955	44.062995
363	1	  0.002116	  0.002166	     -1.00	    325.56	    649.53	      2.83	      2.70	     49.46	     47.21	-21.25	 1.175e-04	      4.36	0	Gaussian	308.501304	42.269828
364	1	  0.002306	  0.002706	     -1.00	    740.52	    784.45	      2.61	      2.25	     45.68	     39.40	6.91	 2.990e-04	      4.37	0	Gaussian	305.832793	41.696057
365	1	  0.002105	  0.002187	     -1.00	    290.73	    671.13	      2.86	      2.54	     50.04	     44.49	-0.12	 7.570e-05	      4.37	0	Gaussian	308.716997	42.159399
366	1	  0.002107	  0.002295	     -1.00	    366.04	    359.20	      2.65	      2.56	     46.45	     44.86	21.55	 6.250e-05	      4.37	0	Gaussian	308.328669	43.653190
367	1	  0.002076	  0.002333	     -1.00	    327.82	    153.31	      2.70	      2.50	     47.31	     43.78	-9.75	 2.338e-05	      4.37	0	Gaussian	308.646113	44.618477
368	1	  0.002085	  0.002385	     -1.00	    104.99	    437.99	      2.57	      2.56	     44.91	     44.79	70.20	 2.708e-05	      4.37	0	Gaussian	310.000584	43.211186
369	1	  0.002092	  0.002324	     -1.00	    391.04	    222.45	      2.75	      2.47	     48.08	     43.32	-10.94	 3.366e-05	      4.37	0	Gaussian	308.205358	44.305471
370	1	  0.002106	  0.002639	     -1.00	    394.47	    564.59	      2.53	      2.29	     44.27	     40.08	0.38	 6.838e-05	      4.38	0	Gaussian	308.084232	42.686936
371	1	  0.002139	  0.002152	     -1.00	    618.49	    180.87	      2.66	      2.66	     46.62	     46.52	3.17	 1.531e-04	      4.39	0	Gaussian	306.709285	44.539681
372	1	  0.002095	  0.002397	     -1.00	     98.15	     83.04	      2.51	      2.51	     43.93	     43.89	-28.06	 4.053e-05	      4.39	0	Gaussian	310.203006	44.886547
373	1	  0.002174	  0.002271	     -1.00	    694.30	    669.19	      2.75	      2.45	     48.17	     42.95	18.34	 3.929e-04	      4.39	0	Gaussian	306.140224	42.237232
374	1	  0.002160	  0.001496	     -1.00	    573.37	     56.22	      4.39	      2.39	     76.89	     41.89	9.17	 2.258e-04	      4.39	0	Gaussian	307.034151	45.123064
375	1	  0.002125	  0.002028	     -1.00	    730.26	    402.31	      3.00	      2.57	     52.55	     44.93	10.23	 1.323e-04	      4.40	0	Gaussian	305.941679	43.503457
376	1	  0.002104	  0.002190	     -1.00	    626.07	    344.18	      2.72	      2.58	     47.59	     45.13	13.22	 6.667e-05	      4.40	0	Gaussian	306.630497	43.768066
377	1	  0.002104	  0.002549	     -1.00	    276.36	    740.44	      2.53	      2.33	     44.22	     40.77	11.52	 4.811e-05	      4.40	0	Gaussian	308.785786	41.827875
378	1	  0.002159	  0.002158	     -1.00	    414.93	    337.53	      3.06	      2.34	     53.63	     40.87	-1.78	 3.335e-04	      4.40	0	Gaussian	308.014962	43.765869
379	1	  0.002144	  0.002298	     -1.00	    663.06	    622.25	      2.63	      2.49	     46.10	     43.53	2.16	 2.113e-04	      4.41	0	Gaussian	306.346560	42.456167
380	1	  0.002124	  0.002339	     -1.00	    540.65	    177.69	      2.61	      2.36	     45.72	     41.33	7.80	 5.983e-05	      4.43	0	Gaussian	307.226225	44.544119
381	1	  0.002172	  0.002443	     -1.00	     40.58	    456.81	      2.50	      2.39	     43.74	     41.83	14.62	 2.763e-04	      4.43	0	Gaussian	310.409756	43.101271
382	1	  0.002099	  0.002285	     -1.00	    488.05	    122.17	      2.56	      2.50	     44.78	     43.69	9.96	 5.290e-05	      4.43	0	Gaussian	307.588992	44.798141
383	1	  0.002099	  0.002191	     -1.00	    398.79	    715.17	      2.67	      2.56	     46.77	     44.73	5.15	 3.615e-05	      4.43	0	Gaussian	308.014982	41.974992
384	1	  0.002129	  0.002156	     -1.00	     97.76	    316.67	      2.89	      2.43	     50.57	     42.48	-14.53	 1.657e-04	      4.44	0	Gaussian	310.100592	43.782596
385	1	  0.002083	  0.000993	     -1.00	    781.79	    279.36	      4.98	      2.93	     87.11	     51.29	-44.81	 4.102e-05	      4.44	0	Gaussian	305.617536	44.088703
386	1	  0.002079	  0.002171	     -1.00	    163.75	     93.80	      2.68	      2.56	     46.91	     44.78	-2.52	 2.693e-05	      4.44	0	Gaussian	309.760763	44.856125
387	1	  0.002103	  0.002263	     -1.00	    334.93	     54.37	      2.68	      2.42	     46.86	     42.43	-9.12	 5.756e-05	      4.44	0	Gaussian	308.631728	45.087723
388	1	  0.002087	  0.002309	     -1.00	    365.32	    535.40	      2.62	      2.33	     45.84	     40.71	10.58	 4.785e-05	      4.45	0	Gaussian	308.280530	42.819011
389	1	  0.002125	  0.002352	     -1.00	    393.69	    318.58	      2.60	      2.25	     45.57	     39.38	-7.37	 9.978e-05	      4.45	0	Gaussian	308.159627	43.851270
390	1	  0.002084	  0.001938	     -1.00	    412.36	     36.01	      2.78	      2.65	     48.71	     46.43	-4.01	 6.410e-05	      4.46	0	Gaussian	308.118515	45.191217
391	1	  0.002194	  0.002505	     -1.00	    338.41	    113.94	      2.49	      2.30	     43.61	     40.28	11.94	 5.668e-04	      4.46	0	Gaussian	308.588654	44.807014
392	1	  0.002219	  0.002604	     -1.00	    490.21	    154.09	      2.38	      2.32	     41.62	     40.57	-46.12	 4.345e-04	      4.46	0	Gaussian	307.566690	44.647605
393	1	  0.002122	  0.002369	     -1.00	    379.67	    271.31	      2.56	      2.30	     44.85	     40.24	-9.64	 7.059e-05	      4.47	0	Gaussian	308.265754	44.071986
394	1	  0.002160	  0.002381	     -1.00	    623.79	    332.02	      2.46	      2.45	     42.97	     42.96	-82.04	 2.047e-04	      4.47	0	Gaussian	306.647529	43.825296
395	1	  0.002098	  0.001016	     -1.00	    730.79	    305.17	      5.36	      2.70	     93.82	     47.26	12.61	 8.513e-05	      4.47	0	Gaussian	305.949774	43.963042
396	1	  0.002064	  0.001988	     -1.00	    754.05	    734.53	      2.85	      2.57	     49.91	     44.95	2.51	 3.416e-05	      4.47	0	Gaussian	305.752234	41.933305
397	1	  0.002092	  0.002191	     -1.00	    239.94	    378.60	      2.62	      2.43	     45.83	     42.53	8.31	 5.921e-05	      4.47	0	Gaussian	309.145948	43.531049
398	1	  0.002083	  0.002152	     -1.00	    209.03	    507.79	      2.61	      2.56	     45.64	     44.84	-25.70	 3.562e-05	      4.47	0	Gaussian	309.298885	42.911414
399	1	  0.002102	  0.002173	     -1.00	    393.03	    416.24	      2.60	      2.49	     45.59	     43.59	6.69	 9.788e-05	      4.47	0	Gaussian	308.135679	43.388942
400	1	  0.002114	  0.002105	     -1.00	    585.95	    131.15	      2.60	      2.57	     45.44	     44.97	8.55	 9.830e-05	      4.47	0	Gaussian	306.934922	44.770616
401	1	  0.002118	  0.002242	     -1.00	     30.07	    553.70	      2.54	      2.46	     44.48	     43.03	-17.00	 1.005e-04	      4.48	0	Gaussian	310.433084	42.639624
402	1	  0.002165	  0.002449	     -1.00	     85.23	    329.38	      2.49	      2.26	     43.62	     39.60	2.86	 2.714e-04	      4.48	0	Gaussian	310.176969	43.718466
403	1	  0.002140	  0.001305	     -1.00	    774.23	     55.97	      3.70	      2.83	     64.80	     49.61	19.34	 1.809e-04	      4.48	0	Gaussian	305.689479	45.143992
404	1	  0.002099	  0.001722	     -1.00	    605.25	     15.36	      3.28	      2.49	     57.46	     43.52	0.90	 6.478e-05	      4.49	0	Gaussian	306.828511	45.320281
405	1	  0.002103	  0.001873	     -1.00	    765.77	    722.32	      2.80	      2.71	     49.09	     47.35	-9.28	 1.504e-04	      4.49	0	Gaussian	305.678941	41.991974
406	1	  0.002078	  0.002110	     -1.00	    444.86	    402.48	      2.71	      2.47	     47.37	     43.28	-3.53	 4.418e-05	      4.49	0	Gaussian	307.801746	43.464286
407	1	  0.002083	  0.001763	     -1.00	     45.22	    242.21	      3.11	      2.54	     54.44	     44.40	-31.08	 3.072e-05	      4.49	0	Gaussian	310.479632	44.117204
408	1	  0.002101	  0.002385	     -1.00	     13.44	    780.43	      2.49	      2.33	     43.58	     40.75	8.95	 4.822e-05	      4.49	0	Gaussian	310.435904	41.562033
409	1	  0.002093	  0.002230	     -1.00	    508.34	    704.22	      2.56	      2.41	     44.84	     42.14	17.07	 4.824e-05	      4.50	0	Gaussian	307.320048	42.046944
410	1	  0.002101	  0.002369	     -1.00	    182.53	    751.43	      2.51	      2.31	     43.85	     40.37	3.87	 7.667e-05	      4.50	0	Gaussian	309.377451	41.751232
411	1	  0.002108	  0.002104	     -1.00	    632.04	    117.28	      2.64	      2.49	     46.22	     43.53	0.13	 6.193e-05	      4.50	0	Gaussian	306.630553	44.841915
412	1	  0.002093	  0.002144	     -1.00	     71.92	    482.33	      2.63	      2.44	     46.10	     42.68	-12.86	 4.194e-05	      4.51	0	Gaussian	310.195493	42.990968
413	1	  0.002105	  0.001275	     -1.00	    679.63	    371.10	      3.41	      3.14	     59.65	     55.00	-47.43	 5.724e-05	      4.51	0	Gaussian	306.276007	43.646556
414	1	  0.002102	  0.001798	     -1.00	    193.90	    552.32	      3.23	      2.51	     56.49	     43.98	5.33	 5.765e-05	      4.52	0	Gaussian	309.379674	42.696552
415	1	  0.002081	  0.001993	     -1.00	    284.06	    414.62	      2.73	      2.53	     47.80	     44.31	-4.34	 2.659e-05	      4.52	0	Gaussian	308.845625	43.371881
416	1	  0.002099	  0.001775	     -1.00	    787.67	     12.17	      2.92	      2.67	     51.19	     46.67	8.44	 5.345e-05	      4.52	0	Gaussian	305.603739	45.351596
417	1	  0.002215	  0.002321	     -1.00	    316.88	     94.89	      2.37	      2.35	     41.52	     41.20	23.94	 6.376e-04	      4.52	0	Gaussian	308.738720	44.892010
418	1	  0.002099	  0.002058	     -1.00	    108.88	    222.14	      2.60	      2.52	     45.43	     44.10	-23.15	 5.394e-05	      4.53	0	Gaussian	310.069227	44.232924
419	1	  0.002087	  0.002165	     -1.00	    231.80	    457.50	      2.62	      2.27	     45.85	     39.65	3.76	 5.240e-05	      4.54	0	Gaussian	309.170050	43.155541
420	1	  0.002091	  0.001811	     -1.00	    656.98	    345.61	      2.84	      2.61	     49.73	     45.62	3.59	 4.521e-05	      4.54	0	Gaussian	306.427976	43.764825
421	1	  0.002133	  0.002100	     -1.00	    557.56	    124.82	      2.56	      2.43	     44.85	     42.61	2.85	 1.069e-04	      4.54	0	Gaussian	307.125288	44.796568
422	1	  0.002120	  0.001821	     -1.00	    441.98	    794.02	      2.78	      2.68	     48.66	     46.98	-33.36	 4.748e-05	      4.54	0	Gaussian	307.720375	41.610166
423	1	  0.002089	  0.002225	     -1.00	    277.27	    573.50	      2.55	      2.30	     44.71	     40.28	1.32	 5.239e-05	      4.54	0	Gaussian	308.835594	42.618210
424	1	  0.002144	  0.002088	     -1.00	    547.69	    216.36	      2.61	      2.34	     45.74	     40.93	-9.02	 1.008e-04	      4.55	0	Gaussian	307.171111	44.362256
425	1	  0.002150	  0.002206	     -1.00	    672.32	    485.38	      2.55	      2.28	     44.69	     39.84	7.15	 1.419e-04	      4.55	0	Gaussian	306.306989	43.104983
426	1	  0.002143	  0.002174	     -1.00	    524.51	    165.78	      2.52	      2.38	     44.02	     41.62	0.94	 1.122e-04	      4.55	0	Gaussian	307.336008	44.597937
427	1	  0.002107	  0.002160	     -1.00	    130.51	     10.77	      2.52	      2.40	     44.07	     41.94	-4.16	 8.573e-05	      4.55	0	Gaussian	310.019124	45.238023
428	1	  0.002076	  0.000981	     -1.00	    706.93	    793.15	      4.34	      3.08	     76.04	     53.95	25.56	 4.814e-05	      4.55	0	Gaussian	306.044211	41.651878
429	1	  0.002164	  0.002078	     -1.00	    662.09	    560.20	      2.55	      2.46	     44.56	     43.14	5.29	 1.243e-04	      4.55	0	Gaussian	306.361969	42.749749
430	1	  0.002130	  0.002138	     -1.00	    341.50	    152.13	      2.50	      2.42	     43.80	     42.41	-2.15	 1.681e-04	      4.56	0	Gaussian	308.555568	44.627190
431	1	  0.002118	  0.002181	     -1.00	     13.40	    322.20	      2.48	      2.40	     43.41	     42.03	7.31	 5.853e-05	      4.56	0	Gaussian	310.650185	43.728275
432	1	  0.002113	  0.002047	     -1.00	    665.31	    532.49	      2.61	      2.36	     45.65	     41.36	-10.78	 5.520e-05	      4.57	0	Gaussian	306.345361	42.881256
433	1	  0.002090	  0.002125	     -1.00	     73.38	    308.55	      2.56	      2.34	     44.76	     40.92	-6.49	 4.478e-05	      4.58	0	Gaussian	310.263945	43.813102
434	1	  0.002111	  0.002116	     -1.00	    556.64	     35.49	      2.58	      2.29	     45.11	     40.07	-4.34	 8.175e-05	      4.58	0	Gaussian	307.150720	45.218612
435	1	  0.002085	  0.002019	     -1.00	    223.58	    217.14	      2.55	      2.48	     44.68	     43.36	-17.65	 3.627e-05	      4.58	0	Gaussian	309.313932	44.290309
436	1	  0.002135	  0.002214	     -1.00	    309.60	    375.55	      2.52	      2.24	     44.05	     39.28	-2.35	 1.555e-04	      4.58	0	Gaussian	308.692266	43.562977
437	1	  0.002111	  0.002043	     -1.00	    292.62	     58.44	      2.62	      2.30	     45.79	     40.19	-3.21	 5.579e-05	      4.59	0	Gaussian	308.913539	45.058341
438	1	  0.002169	  0.002125	     -1.00	     37.54	    449.12	      2.44	      2.41	     42.69	     42.13	-3.40	 2.781e-04	      4.59	0	Gaussian	310.433015	43.136625
439	1	  0.002110	  0.001901	     -1.00	    450.03	    203.88	      2.71	      2.48	     47.50	     43.45	-8.49	 7.285e-05	      4.60	0	Gaussian	307.820326	44.404966
440	1	  0.002098	  0.002134	     -1.00	     83.44	    576.40	      2.51	      2.33	     43.95	     40.71	1.11	 5.570e-05	      4.60	0	Gaussian	310.080119	42.549709
441	1	  0.002187	  0.001342	     -1.00	    367.60	    792.26	      3.04	      2.92	     53.29	     51.18	43.94	 2.318e-04	      4.61	0	Gaussian	308.191499	41.603584
442	1	  0.002086	  0.001914	     -1.00	    201.05	    566.88	      2.52	      2.51	     44.08	     43.94	-25.29	 4.381e-05	      4.61	0	Gaussian	309.328195	42.629613
443	1	  0.002138	  0.002096	     -1.00	    492.56	    291.68	      2.53	      2.32	     44.23	     40.68	1.04	 2.061e-04	      4.61	0	Gaussian	307.517419	43.997180
444	1	  0.002097	  0.001906	     -1.00	    520.01	    351.41	      2.68	      2.41	     46.94	     42.14	-13.78	 3.409e-05	      4.61	0	Gaussian	307.323342	43.719042
445	1	  0.002128	  0.000430	     -1.00	    607.44	    165.56	      9.98	      2.92	    174.74	     51.18	-13.26	 1.590e-04	      4.61	0	Gaussian	306.785391	44.610702
446	1	  0.002093	  0.001992	     -1.00	    250.69	    489.67	      2.60	      2.37	     45.52	     41.48	11.98	 7.147e-05	      4.61	0	Gaussian	309.036097	43.008254
447	1	  0.002124	  0.000770	     -1.00	    690.06	    616.78	      4.70	      3.36	     82.20	     58.83	-73.48	 1.790e-04	      4.61	0	Gaussian	306.174301	42.484855
448	1	  0.002169	  0.002143	     -1.00	    447.20	    563.55	      2.53	      2.22	     44.21	     38.86	-5.62	 2.561e-04	      4.62	0	Gaussian	307.745009	42.702188
449	1	  0.002140	  0.002012	     -1.00	    551.28	    625.32	      2.56	      2.36	     44.83	     41.30	18.87	 1.472e-04	      4.62	0	Gaussian	307.062285	42.427184
450	1	  0.002085	  0.001001	     -1.00	    783.45	    657.54	      4.14	      3.02	     72.49	     52.90	-40.32	 7.029e-05	      4.62	0	Gaussian	305.572323	42.299705
451	1	  0.002135	  0.001988	     -1.00	    385.08	    164.54	      2.64	      2.37	     46.13	     41.54	-2.16	 1.683e-04	      4.62	0	Gaussian	308.262177	44.578126
452	1	  0.002120	  0.001930	     -1.00	    554.22	    544.38	      2.62	      2.38	     45.81	     41.60	16.79	 7.618e-05	      4.62	0	Gaussian	307.059750	42.810814
453	1	  0.002160	  0.002004	     -1.00	    639.57	    102.16	      2.52	      2.38	     44.11	     41.62	-19.13	 2.110e-04	      4.63	0	Gaussian	306.582928	44.914241
454	1	  0.002119	  0.000986	     -1.00	     26.45	    504.68	      3.54	      3.53	     62.00	     61.78	35.12	 1.143e-04	      4.64	0	Gaussian	310.479021	42.870176
455	1	  0.002081	  0.001538	     -1.00	    325.34	    374.39	      3.09	      2.65	     54.08	     46.41	11.23	 2.007e-05	      4.64	0	Gaussian	308.589861	43.572148
456	1	  0.002082	  0.001881	     -1.00	    685.26	    724.41	      2.65	      2.36	     46.38	     41.31	-0.46	 5.558e-05	      4.65	0	Gaussian	306.190461	41.974977
457	1	  0.002092	  0.001992	     -1.00	     23.41	    303.76	      2.52	      2.41	     44.10	     42.13	-13.69	 5.645e-05	      4.65	0	Gaussian	310.593572	43.818905
458	1	  0.002149	  0.000796	     -1.00	    347.76	    444.51	      6.01	      2.37	    105.24	     41.54	-8.10	 3.561e-04	      4.65	0	Gaussian	308.421697	43.245387
459	1	  0.002135	  0.001922	     -1.00	    420.91	    644.85	      2.46	      2.41	     43.10	     42.23	19.84	 1.032e-04	      4.65	0	Gaussian	307.892693	42.312287
460	1	  0.002098	  0.001964	     -1.00	    422.55	    457.32	      2.56	      2.35	     44.80	     41.19	-6.91	 4.773e-05	      4.66	0	Gaussian	307.932262	43.200422
461	1	  0.002074	  0.001830	     -1.00	    153.25	    135.73	      2.62	      2.48	     45.83	     43.35	-24.49	 3.539e-05	      4.66	0	Gaussian	309.812910	44.654911
462	1	  0.002101	  0.001632	     -1.00	    312.87	    728.67	      2.83	      2.61	     49.56	     45.62	64.72	 3.870e-05	      4.66	0	Gaussian	308.557580	41.892310
463	1	  0.002094	  0.001210	     -1.00	    785.10	    153.54	      3.16	      3.13	     55.32	     54.79	-66.99	 4.048e-05	      4.66	0	Gaussian	305.607535	44.683669
464	1	  0.002148	  0.001924	     -1.00	    669.34	    640.64	      2.58	      2.32	     45.14	     40.54	-15.97	 1.855e-04	      4.67	0	Gaussian	306.303662	42.369770
465	1	  0.002085	  0.001201	     -1.00	    482.14	    381.22	      3.78	      2.59	     66.14	     45.28	5.06	 2.660e-05	      4.67	0	Gaussian	307.563888	43.571655
466	1	  0.002126	  0.001961	     -1.00	     37.52	    280.61	      2.50	      2.37	     43.72	     41.50	5.21	 1.073e-04	      4.68	0	Gaussian	310.512097	43.933120
467	1	  0.002189	  0.001994	     -1.00	    612.26	    144.35	      2.53	      2.25	     44.26	     39.31	-0.05	 2.302e-04	      4.68	0	Gaussian	306.757306	44.711569
468	1	  0.002156	  0.001138	     -1.00	    721.70	    393.22	      3.69	      2.72	     64.57	     47.56	34.88	 2.166e-04	      4.68	0	Gaussian	305.998527	43.545779
469	1	  0.002086	  0.001729	     -1.00	     74.87	    543.07	      2.61	      2.57	     45.69	     44.96	-18.86	 4.012e-05	      4.69	0	Gaussian	310.149705	42.704617
470	1	  0.002120	  0.001964	     -1.00	     49.38	    724.27	      2.50	      2.36	     43.73	     41.26	14.31	 6.435e-05	      4.69	0	Gaussian	310.233231	41.839438
471	1	  0.002099	  0.001447	     -1.00	    391.19	    273.38	      3.24	      2.49	     56.72	     43.59	-12.50	 3.946e-05	      4.69	0	Gaussian	308.189261	44.064610
472	1	  0.002115	  0.001899	     -1.00	    465.55	    147.62	      2.56	      2.34	     44.83	     40.94	1.22	 5.160e-05	      4.69	0	Gaussian	307.732232	44.673846
473	1	  0.002133	  0.001838	     -1.00	    474.41	    591.98	      2.46	      2.43	     43.10	     42.46	33.77	 9.198e-05	      4.70	0	Gaussian	307.562967	42.572542
474	1	  0.002087	  0.001380	     -1.00	    717.92	    453.49	      3.26	      2.65	     56.99	     46.47	-12.60	 2.734e-05	      4.70	0	Gaussian	306.015696	43.260250
475	1	  0.002194	  0.001972	     -1.00	    429.04	    521.03	      2.57	      2.31	     44.98	     40.40	0.56	 3.398e-04	      4.70	0	Gaussian	307.873157	42.900070
476	1	  0.002074	  0.001738	     -1.00	    171.99	    386.13	      2.63	      2.52	     46.08	     44.04	64.53	 3.042e-05	      4.70	0	Gaussian	309.586296	43.476620
477	1	  0.002171	  0.001427	     -1.00	    537.70	     59.52	      3.09	      2.62	     54.09	     45.79	84.41	 3.006e-04	      4.71	0	Gaussian	307.272307	45.102262
478	1	  0.002131	  0.001856	     -1.00	    409.51	    636.31	      2.52	      2.40	     44.10	     42.08	16.45	 1.021e-04	      4.71	0	Gaussian	307.967893	42.350442
479	1	  0.002136	  0.001743	     -1.00	    334.24	    276.58	      2.64	      2.40	     46.12	     41.94	-26.32	 1.155e-04	      4.71	0	Gaussian	308.563163	44.036977
480	1	  0.002083	  0.001338	     -1.00	     29.73	     42.24	      3.18	      2.61	     55.71	     45.63	89.64	 5.531e-05	      4.71	0	Gaussian	310.679314	45.056076
481	1	  0.002080	  0.001688	     -1.00	    776.53	    770.41	      2.71	      2.40	     47.38	     41.96	14.14	 5.440e-05	      4.71	0	Gaussian	305.606260	41.765250
482	1	  0.002110	  0.001344	     -1.00	    549.89	    282.08	      3.25	      2.67	     56.87	     46.81	4.34	 7.022e-05	      4.71	0	Gaussian	307.142497	44.051708
483	1	  0.002117	  0.001807	     -1.00	    512.13	    222.48	      2.64	      2.28	     46.16	     39.92	-0.15	 4.991e-05	      4.71	0	Gaussian	307.404837	44.327816
484	1	  0.002090	  0.001526	     -1.00	    405.09	    730.65	      2.85	      2.66	     49.91	     46.64	-15.20	 4.039e-05	      4.72	0	Gaussian	307.970746	41.902951
485	1	  0.002108	  0.001727	     -1.00	    558.15	    220.00	      2.52	      2.52	     44.12	     44.11	65.58	 7.415e-05	      4.72	0	Gaussian	307.101170	44.346564
486	1	  0.002116	  0.000877	     -1.00	    555.02	    300.79	      4.52	      2.80	     79.10	     49.07	62.32	 6.695e-05	      4.72	0	Gaussian	307.104816	43.963907
487	1	  0.002086	  0.001615	     -1.00	    539.26	    774.04	      2.74	      2.61	     47.89	     45.67	-35.22	 4.010e-05	      4.72	0	Gaussian	307.108869	41.721369
488	1	  0.002143	  0.000983	     -1.00	    558.79	    627.17	      3.45	      3.36	     60.34	     58.81	86.51	 2.198e-04	      4.72	0	Gaussian	307.013848	42.419542
489	1	  0.002137	  0.001852	     -1.00	     55.24	    587.64	      2.59	      2.25	     45.28	     39.46	-9.84	 1.657e-04	      4.72	0	Gaussian	310.256167	42.487476
490	1	  0.002129	  0.001709	     -1.00	    470.18	     46.33	      2.64	      2.40	     46.29	     42.03	9.87	 1.770e-04	      4.73	0	Gaussian	307.727934	45.153467
491	1	  0.002167	  0.001817	     -1.00	    221.78	    779.78	      2.54	      2.38	     44.49	     41.74	22.96	 2.186e-04	      4.73	0	Gaussian	309.118422	41.627747
492	1	  0.002153	  0.001702	     -1.00	    749.68	    434.42	      2.67	      2.33	     46.65	     40.74	-25.58	 1.696e-04	      4.73	0	Gaussian	305.811719	43.353071
493	1	  0.002161	  0.001244	     -1.00	    673.88	    649.81	      3.35	      2.75	     58.67	     48.06	21.98	 2.180e-04	      4.73	0	Gaussian	306.273299	42.326863
494	1	  0.002176	  0.001940	     -1.00	    571.26	     71.51	      2.51	      2.21	     43.93	     38.61	-14.39	 2.160e-04	      4.73	0	Gaussian	307.045097	45.050475
495	1	  0.002108	  0.001478	     -1.00	    697.56	     96.91	      3.20	      2.43	     56.02	     42.56	-10.53	 1.079e-04	      4.74	0	Gaussian	306.196846	44.944911
496	1	  0.002135	  0.001811	     -1.00	    450.75	     13.59	      2.62	      2.20	     45.89	     38.59	7.15	 1.456e-04	      4.74	0	Gaussian	307.867131	45.304591
497	1	  0.002087	  0.001764	     -1.00	    247.73	    474.62	      2.61	      2.38	     45.63	     41.62	8.56	 3.729e-05	      4.74	0	Gaussian	309.060625	43.078727
498	1	  0.002108	  0.001728	     -1.00	    599.62	    672.59	      2.65	      2.31	     46.42	     40.50	-6.80	 6.077e-05	      4.74	0	Gaussian	306.744155	42.210232
499	1	  0.002094	  0.001801	     -1.00	    465.50	    648.36	      2.58	      2.35	     45.09	     41.13	-5.43	 4.991e-05	      4.74	0	Gaussian	307.606448	42.304026
500	1	  0.002124	  0.000411	     -1.00	    483.36	    204.74	      5.35	      5.20	     93.67	     90.97	-35.74	 1.425e-04	      4.74	0	Gaussian	307.599459	44.406895
501	1	  0.002097	  0.001734	     -1.00	    754.41	     37.57	      2.64	      2.34	     46.22	     40.89	-9.19	 6.458e-05	      4.74	0	Gaussian	305.824178	45.229665
502	1	  0.002074	  0.001693	     -1.00	    482.74	     60.55	      2.67	      2.39	     46.66	     41.76	-9.93	 3.888e-05	      4.75	0	Gaussian	307.640059	45.088459
503	1	  0.002110	  0.001305	     -1.00	    639.08	    461.27	      2.95	      2.92	     51.59	     51.10	53.09	 1.069e-04	      4.76	0	Gaussian	306.526134	43.215447
504	1	  0.002112	  0.001484	     -1.00	    425.73	    227.82	      2.79	      2.66	     48.81	     46.64	6.10	 6.758e-05	      4.76	0	Gaussian	307.974528	44.287114
505	1	  0.002099	  0.001820	     -1.00	    112.29	    676.49	      2.56	      2.29	     44.78	     40.05	4.59	 5.635e-05	      4.76	0	Gaussian	309.853399	42.085268
506	1	  0.002105	  0.001585	     -1.00	    467.85	     81.82	      2.63	      2.55	     46.08	     44.71	14.86	 1.276e-04	      4.76	0	Gaussian	307.734161	44.985300
507	1	  0.002199	  0.001944	     -1.00	    753.93	    695.24	      2.36	      2.22	     41.39	     38.86	-11.42	 3.889e-04	      4.76	0	Gaussian	305.756953	42.119195
508	1	  0.002107	  0.001528	     -1.00	    159.23	     70.12	      2.71	      2.62	     47.47	     45.88	8.65	 8.761e-05	      4.76	0	Gaussian	309.800965	44.966644
509	1	  0.002096	  0.001117	     -1.00	    651.39	    171.76	      3.68	      2.64	     64.42	     46.21	-0.83	 3.993e-05	      4.77	0	Gaussian	306.492600	44.586508
510	1	  0.002116	  0.001590	     -1.00	    622.63	     30.38	      2.65	      2.51	     46.36	     43.87	-21.16	 7.317e-05	      4.77	0	Gaussian	306.708997	45.251419
511	1	  0.002118	  0.001493	     -1.00	    519.09	    445.97	      2.70	      2.68	     47.25	     46.96	-32.11	 1.329e-04	      4.77	0	Gaussian	307.308136	43.271310
512	1	  0.002207	  0.000780	     -1.00	    748.75	    786.50	      4.17	      3.16	     73.05	     55.37	41.99	 2.943e-04	      4.77	0	Gaussian	305.780468	41.687025
513	1	  0.002087	  0.001695	     -1.00	    573.37	    664.40	      2.62	      2.38	     45.92	     41.67	6.78	 3.927e-05	      4.77	0	Gaussian	306.913318	42.245415
514	1	  0.002076	  0.001636	     -1.00	    197.71	    456.00	      2.59	      2.55	     45.30	     44.69	-86.38	 2.355e-05	      4.77	0	Gaussian	309.391715	43.153376
515	1	  0.002107	  0.001671	     -1.00	    440.75	    343.62	      2.68	      2.26	     46.86	     39.56	8.70	 9.713e-05	      4.77	0	Gaussian	307.844170	43.742098
516	1	  0.002071	  0.001637	     -1.00	    169.15	     19.79	      2.66	      2.40	     46.57	     42.08	-34.68	 7.673e-05	      4.78	0	Gaussian	309.755972	45.207210
517	1	  0.002089	  0.001784	     -1.00	    475.43	     27.27	      2.53	      2.34	     44.33	     41.02	-4.08	 5.582e-05	      4.79	0	Gaussian	307.697682	45.244446
518	1	  0.002144	  0.001754	     -1.00	    487.11	     84.62	      2.62	      2.15	     45.83	     37.64	-16.82	 2.182e-04	      4.79	0	Gaussian	307.604730	44.975461
519	1	  0.002103	  0.001375	     -1.00	    294.36	     88.63	      2.85	      2.84	     49.87	     49.71	0.70	 5.269e-05	      4.80	0	Gaussian	308.891186	44.916162
520	1	  0.002116	  0.001715	     -1.00	    459.34	    400.30	      2.54	      2.35	     44.47	     41.16	5.76	 1.810e-04	      4.81	0	Gaussian	307.707915	43.477251
521	1	  0.002081	  0.001448	     -1.00	    271.91	    106.75	      2.64	      2.60	     46.21	     45.51	-0.58	 6.370e-05	      4.81	0	Gaussian	309.034493	44.824860
522	1	  0.002077	  0.001647	     -1.00	     97.36	    184.26	      2.57	      2.44	     44.95	     42.64	2.36	 2.532e-05	      4.82	0	Gaussian	310.162273	44.408244
523	1	  0.002093	  0.001528	     -1.00	    363.50	    167.90	      2.62	      2.53	     45.86	     44.36	-8.11	 5.144e-05	      4.82	0	Gaussian	308.404452	44.557558
524	1	  0.002092	  0.001591	     -1.00	    536.34	    564.66	      2.63	      2.40	     46.11	     42.02	-14.18	 3.950e-05	      4.82	0	Gaussian	307.170810	42.712139
525	1	  0.002164	  0.001594	     -1.00	    666.12	    515.31	      2.65	      2.28	     46.34	     39.83	29.05	 1.213e-04	      4.83	0	Gaussian	306.342648	42.962648
526	1	  0.002096	  0.001341	     -1.00	    590.73	    446.96	      2.86	      2.72	     50.13	     47.53	-57.74	 2.984e-05	      4.83	0	Gaussian	306.842485	43.277148
527	1	  0.002118	  0.001202	     -1.00	    561.75	    135.61	      3.11	      2.76	     54.41	     48.31	-71.86	 1.522e-04	      4.83	0	Gaussian	307.095072	44.746153
528	1	  0.002162	  0.001682	     -1.00	     14.12	    464.53	      2.57	      2.25	     44.96	     39.38	-18.27	 1.914e-04	      4.84	0	Gaussian	310.577464	43.055777
529	1	  0.002121	  0.001673	     -1.00	    426.29	    601.39	      2.56	      2.29	     44.90	     40.15	1.59	 9.548e-05	      4.84	0	Gaussian	307.869673	42.519066
530	1	  0.002124	  0.001108	     -1.00	    206.19	     46.51	      3.50	      2.61	     61.21	     45.68	-23.50	 1.813e-04	      4.84	0	Gaussian	309.496701	45.091802
531	1	  0.002096	  0.001623	     -1.00	    443.41	    640.41	      2.60	      2.35	     45.44	     41.06	4.12	 8.073e-05	      4.84	0	Gaussian	307.749820	42.337585
532	1	  0.002147	  0.001671	     -1.00	     19.44	    458.75	      2.47	      2.40	     43.30	     42.00	-6.68	 1.929e-04	      4.84	0	Gaussian	310.545754	43.084947
533	1	  0.002102	  0.001575	     -1.00	    104.99	    663.20	      2.51	      2.42	     43.95	     42.41	-22.65	 4.684e-05	      4.85	0	Gaussian	309.905454	42.145874
534	1	  0.002070	  0.000541	     -1.00	    262.25	    773.35	      4.39	      4.33	     76.88	     75.80	86.52	 3.221e-05	      4.85	0	Gaussian	308.864403	41.668604
535	1	  0.002125	  0.001306	     -1.00	    757.07	    457.99	      2.80	      2.55	     48.97	     44.62	2.17	 1.418e-04	      4.85	0	Gaussian	305.761202	43.242084
536	1	  0.002094	  0.001543	     -1.00	    232.77	     85.65	      2.66	      2.35	     46.54	     41.12	17.83	 6.998e-05	      4.85	0	Gaussian	309.303532	44.914254
537	1	  0.002138	  0.001594	     -1.00	    444.82	     69.61	      2.63	      2.27	     46.06	     39.68	-3.19	 2.282e-04	      4.85	0	Gaussian	307.891467	45.038797
538	1	  0.002118	  0.001148	     -1.00	    782.75	    325.70	      3.11	      2.88	     54.35	     50.42	24.02	 7.510e-05	      4.85	0	Gaussian	305.606871	43.869589
539	1	  0.002105	  0.001518	     -1.00	    623.75	     93.31	      2.67	      2.39	     46.69	     41.76	-14.02	 1.423e-04	      4.85	0	Gaussian	306.690093	44.954240
540	1	  0.002116	  0.001096	     -1.00	    501.28	    539.77	      3.35	      2.86	     58.63	     50.11	6.77	 8.732e-05	      4.86	0	Gaussian	307.402200	42.824341
541	1	  0.002109	  0.001580	     -1.00	    684.32	    410.47	      2.62	      2.32	     45.80	     40.66	-1.84	 4.571e-05	      4.86	0	Gaussian	306.239777	43.460713
542	1	  0.002143	  0.001534	     -1.00	    766.83	    668.31	      2.68	      2.25	     46.92	     39.36	-11.00	 3.255e-04	      4.86	0	Gaussian	305.677429	42.247580
543	1	  0.002164	  0.001535	     -1.00	    772.67	     63.42	      2.65	      2.27	     46.47	     39.67	3.11	 1.895e-04	      4.86	0	Gaussian	305.699189	45.108724
544	1	  0.002108	  0.000481	     -1.00	    643.27	     85.66	      6.61	      3.15	    115.65	     55.07	-67.28	 8.571e-05	      4.86	0	Gaussian	306.561035	44.992616
545	1	  0.002126	  0.000574	     -1.00	    458.48	    501.50	      5.19	      3.21	     90.90	     56.16	-42.05	 1.098e-04	      4.87	0	Gaussian	307.687902	42.998023
546	1	  0.002234	  0.001681	     -1.00	    572.85	     63.73	      2.54	      2.17	     44.49	     37.93	24.96	 2.909e-04	      4.87	0	Gaussian	307.036088	45.087504
547	1	  0.002114	  0.001414	     -1.00	    696.52	    492.20	      2.65	      2.57	     46.35	     44.99	-4.00	 6.357e-05	      4.87	0	Gaussian	306.149368	43.075121
548	1	  0.002123	  0.001559	     -1.00	    489.29	    625.53	      2.60	      2.35	     45.48	     41.14	-15.79	 1.339e-04	      4.87	0	Gaussian	307.459565	42.416279
549	1	  0.002094	  0.001509	     -1.00	    352.16	    306.53	      2.67	      2.34	     46.73	     41.02	-9.70	 6.403e-05	      4.87	0	Gaussian	308.435824	43.899332
550	1	  0.002140	  0.000572	     -1.00	     66.52	    763.12	      4.03	      3.99	     70.54	     69.81	-24.75	 2.396e-04	      4.88	0	Gaussian	310.107819	41.661283
551	1	  0.002092	  0.001541	     -1.00	    189.24	     79.18	      2.58	      2.44	     45.22	     42.79	23.38	 4.817e-05	      4.88	0	Gaussian	309.596743	44.932650
552	1	  0.002103	  0.001479	     -1.00	    540.61	    417.13	      2.62	      2.48	     45.88	     43.46	-15.94	 5.767e-05	      4.88	0	Gaussian	307.174398	43.411199
553	1	  0.002085	  0.001326	     -1.00	    578.03	    316.15	      2.74	      2.60	     47.96	     45.54	-27.54	 5.571e-05	      4.88	0	Gaussian	306.950602	43.894486
554	1	  0.002116	  0.001485	     -1.00	    557.43	    517.83	      2.61	      2.48	     45.68	     43.43	-10.67	 7.846e-05	      4.88	0	Gaussian	307.044453	42.936989
555	1	  0.002111	  0.001586	     -1.00	    257.58	     95.60	      2.57	      2.34	     45.05	     40.94	-5.95	 2.637e-04	      4.88	0	Gaussian	309.134194	44.873863
556	1	  0.002087	  0.001517	     -1.00	    469.19	    707.62	      2.66	      2.34	     46.47	     40.92	-12.35	 5.230e-05	      4.88	0	Gaussian	307.568670	42.024131
557	1	  0.002099	  0.001431	     -1.00	    190.93	    608.93	      2.66	      2.43	     46.53	     42.56	-33.16	 5.962e-05	      4.89	0	Gaussian	309.377337	42.427854
558	1	  0.002114	  0.001464	     -1.00	    645.28	    471.25	      2.65	      2.42	     46.34	     42.28	16.37	 8.101e-05	      4.89	0	Gaussian	306.484272	43.168911
559	1	  0.002107	  0.001454	     -1.00	    774.27	    260.30	      2.68	      2.37	     46.92	     41.44	4.12	 6.163e-05	      4.89	0	Gaussian	305.668820	44.178348
560	1	  0.002087	  0.001432	     -1.00	    726.74	    646.45	      2.75	      2.26	     48.07	     39.51	-7.21	 5.468e-05	      4.89	0	Gaussian	305.935801	42.347861
561	1	  0.002149	  0.001521	     -1.00	     28.25	    427.92	      2.51	      2.47	     43.96	     43.18	-37.29	 1.815e-04	      4.89	0	Gaussian	310.503135	43.233716
562	1	  0.002086	  0.001554	     -1.00	    455.31	     33.44	      2.60	      2.34	     45.43	     40.97	-14.00	 8.301e-05	      4.90	0	Gaussian	307.831066	45.211639
563	1	  0.002112	  0.000845	     -1.00	    280.72	    786.81	      3.58	      3.19	     62.65	     55.80	80.96	 9.279e-05	      4.90	0	Gaussian	308.742968	41.609466
564	1	  0.002110	  0.001502	     -1.00	    310.27	    596.62	      2.63	      2.33	     46.05	     40.83	-16.33	 6.439e-05	      4.90	0	Gaussian	308.615959	42.516747
565	1	  0.002112	  0.000721	     -1.00	    613.30	     71.70	      5.06	      2.64	     88.61	     46.24	-12.66	 8.917e-05	      4.91	0	Gaussian	306.763849	45.055106
566	1	  0.002099	  0.001486	     -1.00	    517.52	    276.29	      2.62	      2.39	     45.78	     41.81	-2.83	 4.899e-05	      4.91	0	Gaussian	307.356804	44.074116
567	1	  0.002091	  0.001468	     -1.00	    156.33	    159.52	      2.61	      2.42	     45.70	     42.39	-7.36	 6.439e-05	      4.91	0	Gaussian	309.782378	44.543425
568	1	  0.002093	  0.000849	     -1.00	     95.66	    605.67	      3.85	      2.93	     67.36	     51.27	-36.66	 4.656e-05	      4.92	0	Gaussian	309.989233	42.415128
569	1	  0.002154	  0.001354	     -1.00	    529.98	     55.35	      2.72	      2.37	     47.57	     41.43	-1.24	 1.874e-04	      4.92	0	Gaussian	307.324956	45.120774
570	1	  0.002108	  0.001349	     -1.00	    715.53	    371.88	      2.69	      2.53	     47.08	     44.36	-3.27	 6.178e-05	      4.92	0	Gaussian	306.041441	43.646227
571	1	  0.002081	  0.001240	     -1.00	    521.00	    782.58	      2.88	      2.64	     50.35	     46.12	6.94	 2.534e-05	      4.92	0	Gaussian	307.222762	41.678105
572	1	  0.002127	  0.001376	     -1.00	    521.79	     75.90	      2.68	      2.45	     46.94	     42.92	31.41	 1.704e-04	      4.93	0	Gaussian	307.375004	45.022412
573	1	  0.002117	  0.000809	     -1.00	    700.80	     87.04	      3.50	      3.45	     61.30	     60.34	-29.02	 1.539e-04	      4.93	0	Gaussian	306.176627	44.991823
574	1	  0.002081	  0.001406	     -1.00	    246.72	      8.75	      2.66	      2.43	     46.58	     42.48	1.68	 5.143e-05	      4.94	0	Gaussian	309.239731	45.281246
575	1	  0.002117	  0.000778	     -1.00	    657.31	    487.90	      4.12	      2.92	     72.09	     51.12	-53.94	 7.661e-05	      4.94	0	Gaussian	306.403777	43.091446
576	1	  0.002161	  0.001405	     -1.00	    654.92	    686.65	      2.72	      2.43	     47.53	     42.54	-6.79	 1.309e-04	      4.94	0	Gaussian	306.389002	42.150446
577	1	  0.002092	  0.001421	     -1.00	    739.53	    639.54	      2.65	      2.40	     46.40	     41.95	-3.06	 4.632e-05	      4.94	0	Gaussian	305.854783	42.381611
578	1	  0.002164	  0.001550	     -1.00	    448.28	    659.54	      2.53	      2.28	     44.25	     39.85	-11.63	 1.815e-04	      4.94	0	Gaussian	307.713826	42.247949
579	1	  0.002089	  0.000697	     -1.00	    509.97	    423.60	      4.31	      3.08	     75.44	     53.94	-64.90	 5.628e-05	      4.94	0	Gaussian	307.372472	43.375735
580	1	  0.002099	  0.001337	     -1.00	    308.52	    742.97	      2.62	      2.58	     45.93	     45.17	7.52	 4.070e-05	      4.94	0	Gaussian	308.580749	41.823628
581	1	  0.002082	  0.001354	     -1.00	     49.48	    195.20	      2.71	      2.44	     47.37	     42.69	9.34	 3.109e-05	      4.94	0	Gaussian	310.473838	44.340717
582	1	  0.002106	  0.001485	     -1.00	    194.62	    787.36	      2.58	      2.35	     45.19	     41.11	-2.27	 7.992e-05	      4.95	0	Gaussian	309.287594	41.584563
583	1	  0.002089	  0.001434	     -1.00	    313.42	    641.57	      2.61	      2.42	     45.63	     42.35	-6.28	 3.405e-05	      4.95	0	Gaussian	308.581475	42.304727
584	1	  0.002179	  0.001485	     -1.00	    576.84	     49.76	      2.61	      2.21	     45.65	     38.74	21.23	 2.275e-04	      4.95	0	Gaussian	307.012270	45.154052
585	1	  0.002118	  0.001295	     -1.00	    482.29	    288.63	      2.73	      2.45	     47.80	     42.83	23.32	 1.218e-04	      4.95	0	Gaussian	307.585693	44.009828
586	1	  0.002125	  0.001448	     -1.00	    471.18	     39.19	      2.58	      2.37	     45.15	     41.42	26.06	 2.088e-04	      4.96	0	Gaussian	307.723073	45.187371
587	1	  0.002206	  0.001026	     -1.00	    660.88	    571.80	      3.58	      2.45	     62.72	     42.93	6.45	 3.714e-04	      4.96	0	Gaussian	306.368062	42.694710
588	1	  0.002100	  0.001444	     -1.00	     56.39	    430.34	      2.56	      2.40	     44.88	     42.01	-5.65	 3.549e-05	      4.97	0	Gaussian	310.319390	43.231706
589	1	  0.002096	  0.001354	     -1.00	    197.69	    760.90	      2.63	      2.50	     45.99	     43.74	32.90	 7.574e-05	      4.97	0	Gaussian	309.277783	41.710603
590	1	  0.002092	  0.001260	     -1.00	    636.80	    247.62	      2.78	      2.39	     48.72	     41.77	1.67	 3.841e-05	      4.97	0	Gaussian	306.576541	44.226133
591	1	  0.002098	  0.001387	     -1.00	    472.52	    510.23	      2.60	      2.44	     45.54	     42.70	-2.61	 6.823e-05	      4.98	0	Gaussian	307.594930	42.959238
592	1	  0.002082	  0.001373	     -1.00	    175.72	    565.64	      2.65	      2.40	     46.36	     41.92	10.08	 3.356e-05	      4.98	0	Gaussian	309.491543	42.628404
593	1	  0.002113	  0.001127	     -1.00	    597.85	     73.16	      3.10	      2.58	     54.22	     45.10	1.76	 5.536e-05	      4.98	0	Gaussian	306.866925	45.046235
594	1	  0.002101	  0.001336	     -1.00	    599.23	    191.66	      2.68	      2.38	     46.93	     41.73	-28.99	 4.227e-05	      4.99	0	Gaussian	306.834951	44.486230
595	1	  0.002095	  0.001171	     -1.00	    739.02	    324.91	      2.76	      2.74	     48.34	     47.94	-24.17	 4.769e-05	      4.99	0	Gaussian	305.893452	43.870325
596	1	  0.002094	  0.001323	     -1.00	    475.74	    124.54	      2.71	      2.33	     47.42	     40.75	-7.08	 4.168e-05	      4.99	0	Gaussian	307.670392	44.784807
597	1	  0.002404	  0.004348	     -1.00	    430.46	     34.92	      1.55	      1.44	     27.15	     25.12	31.79	 1.627e-03	      4.99	0	Gaussian	307.997437	45.199941
598	1	  0.002109	  0.001306	     -1.00	    386.89	     85.67	      2.75	      2.23	     48.13	     39.08	12.34	 8.784e-05	      5.00	0	Gaussian	308.274146	44.951310
599	1	  0.002103	  0.001155	     -1.00	    600.93	     41.66	      2.91	      2.53	     50.99	     44.28	6.13	 7.640e-05	      5.00	0	Gaussian	306.852404	45.195504
600	1	  0.002142	  0.001399	     -1.00	     36.12	    539.30	      2.57	      2.37	     45.07	     41.51	28.55	 1.464e-04	      5.00	0	Gaussian	310.400770	42.709761
601	1	  0.002111	  0.001312	     -1.00	    177.08	     82.25	      2.67	      2.42	     46.79	     42.41	18.31	 8.611e-05	      5.00	0	Gaussian	309.676683	44.914635
602	1	  0.002146	  0.001349	     -1.00	    666.73	    693.18	      2.61	      2.39	     45.72	     41.88	-23.94	 1.429e-04	      5.00	0	Gaussian	306.312793	42.120836
603	1	  0.002098	  0.001265	     -1.00	    675.16	    244.53	      2.77	      2.27	     48.48	     39.67	-17.79	 4.426e-05	      5.01	0	Gaussian	306.323981	44.244863
604	1	  0.002096	  0.001310	     -1.00	    783.36	    128.28	      2.65	      2.45	     46.33	     42.83	-4.25	 8.384e-05	      5.01	0	Gaussian	305.621494	44.802967
605	1	  0.002112	  0.001305	     -1.00	    684.17	     48.75	      2.68	      2.38	     46.83	     41.58	-36.58	 1.329e-04	      5.01	0	Gaussian	306.293335	45.171187
606	1	  0.002091	  0.001285	     -1.00	    173.75	     29.66	      2.69	      2.39	     47.10	     41.89	16.35	 1.231e-04	      5.02	0	Gaussian	309.720967	45.161986
607	1	  0.002113	  0.001079	     -1.00	    588.14	    283.31	      3.10	      2.60	     54.33	     45.51	-1.73	 4.985e-05	      5.03	0	Gaussian	306.890551	44.051279
608	1	  0.002097	  0.001240	     -1.00	    343.67	    418.90	      2.67	      2.54	     46.69	     44.37	15.67	 4.372e-05	      5.03	0	Gaussian	308.456210	43.365664
609	1	  0.002100	  0.001279	     -1.00	     16.92	    562.36	      2.73	      2.26	     47.70	     39.53	-15.02	 7.081e-05	      5.03	0	Gaussian	310.513556	42.594222
610	1	  0.002079	  0.001236	     -1.00	    238.70	    743.69	      2.71	      2.47	     47.41	     43.19	19.83	 2.889e-05	      5.03	0	Gaussian	309.023801	41.802944
611	1	  0.002099	  0.001247	     -1.00	    248.65	    139.09	      2.61	      2.55	     45.64	     44.62	-19.12	 9.115e-05	      5.04	0	Gaussian	309.177354	44.666008
612	1	  0.002089	  0.001092	     -1.00	    527.98	    335.82	      2.90	      2.57	     50.70	     45.02	-4.08	 3.480e-05	      5.04	0	Gaussian	307.274643	43.794071
613	1	  0.002103	  0.001228	     -1.00	     98.98	    622.48	      2.79	      2.47	     48.85	     43.22	-0.47	 4.783e-05	      5.04	0	Gaussian	309.960845	42.336629
614	1	  0.002098	  0.001199	     -1.00	    405.00	    119.52	      2.82	      2.51	     49.35	     43.92	-10.97	 8.923e-05	      5.04	0	Gaussian	308.143118	44.795106
615	1	  0.002231	  0.001407	     -1.00	    101.31	      9.54	      2.50	      2.27	     43.75	     39.73	-7.51	 1.227e-04	      5.04	0	Gaussian	310.215627	45.234526
616	1	  0.002077	  0.001244	     -1.00	    659.59	     24.50	      2.72	      2.35	     47.66	     41.19	-12.64	 4.013e-05	      5.05	0	Gaussian	306.461986	45.283336
617	1	  0.002081	  0.001153	     -1.00	    405.88	    394.36	      2.82	      2.36	     49.44	     41.39	-22.59	 5.760e-05	      5.05	0	Gaussian	308.058154	43.495134
618	1	  0.002089	  0.000729	     -1.00	    158.76	    552.71	      4.01	      2.72	     70.17	     47.67	27.45	 8.073e-05	      5.05	0	Gaussian	309.605734	42.684702
619	1	  0.002085	  0.001032	     -1.00	    758.93	    114.52	      3.17	      2.60	     55.43	     45.48	-3.21	 3.993e-05	      5.06	0	Gaussian	305.785518	44.866478
620	1	  0.002089	  0.000453	     -1.00	    614.26	    786.57	      4.29	      4.20	     75.08	     73.49	-78.92	 3.986e-05	      5.06	0	Gaussian	306.631516	41.672622
621	1	  0.002139	  0.001335	     -1.00	    214.18	    709.62	      2.59	      2.30	     45.40	     40.34	-17.96	 2.795e-04	      5.06	0	Gaussian	309.191717	41.957712
622	1	  0.002124	  0.001226	     -1.00	    646.42	    513.15	      2.65	      2.48	     46.35	     43.46	1.33	 9.407e-05	      5.06	0	Gaussian	306.470282	42.970704
623	1	  0.002108	  0.000772	     -1.00	    537.35	    284.96	      3.78	      2.89	     66.10	     50.50	13.59	 1.219e-04	      5.06	0	Gaussian	307.224364	44.036191
624	1	  0.002283	  0.001452	     -1.00	    774.60	    364.15	      2.37	      2.29	     41.54	     40.00	-35.29	 4.471e-04	      5.07	0	Gaussian	305.656531	43.687247
625	1	  0.002094	  0.001297	     -1.00	    364.67	     89.43	      2.63	      2.33	     46.10	     40.79	-9.36	 4.808e-05	      5.07	0	Gaussian	308.421386	44.928775
626	1	  0.002070	  0.001160	     -1.00	    754.19	    753.18	      2.77	      2.47	     48.44	     43.24	23.96	 4.264e-05	      5.07	0	Gaussian	305.749449	41.845059
627	1	  0.002090	  0.001154	     -1.00	    675.75	    136.69	      2.79	      2.38	     48.80	     41.64	-0.62	 4.917e-05	      5.07	0	Gaussian	306.336326	44.754820
628	1	  0.002082	  0.000774	     -1.00	    411.21	    238.44	      3.55	      2.99	     62.14	     52.25	-74.18	 1.865e-05	      5.07	0	Gaussian	308.067447	44.233989
629	1	  0.002094	  0.001203	     -1.00	    557.36	    319.68	      2.72	      2.38	     47.63	     41.65	-15.63	 6.286e-05	      5.07	0	Gaussian	307.085476	43.874886
630	1	  0.002093	  0.001149	     -1.00	    574.74	    346.77	      2.77	      2.41	     48.56	     42.23	9.24	 4.589e-05	      5.08	0	Gaussian	306.966058	43.749144
631	1	  0.002106	  0.001011	     -1.00	    787.07	    722.90	      2.85	      2.63	     49.93	     46.07	-1.73	 8.304e-05	      5.08	0	Gaussian	305.543557	41.990718
632	1	  0.002132	  0.001142	     -1.00	    284.26	      9.72	      2.59	      2.58	     45.34	     45.23	-22.01	 1.211e-04	      5.08	0	Gaussian	308.987196	45.286396
633	1	  0.002103	  0.001121	     -1.00	    641.98	    698.49	      2.87	      2.55	     50.21	     44.67	-7.86	 5.984e-05	      5.09	0	Gaussian	306.469669	42.092924
634	1	  0.002090	  0.001130	     -1.00	    201.15	    246.79	      2.75	      2.52	     48.11	     44.18	-41.44	 5.203e-05	      5.09	0	Gaussian	309.450438	44.143935
635	1	  0.002096	  0.000786	     -1.00	    470.06	    634.21	      3.47	      2.98	     60.72	     52.10	-68.62	 6.758e-05	      5.09	0	Gaussian	307.580713	42.371822
636	1	  0.002092	  0.001280	     -1.00	     37.65	    129.40	      2.60	      2.37	     45.58	     41.47	-3.07	 7.277e-05	      5.09	0	Gaussian	310.583805	44.647425
637	1	  0.002098	  0.000934	     -1.00	    114.56	    778.09	      3.45	      2.59	     60.37	     45.26	-2.63	 6.287e-05	      5.09	0	Gaussian	309.797601	41.605379
638	1	  0.002110	  0.001180	     -1.00	    471.58	    294.19	      2.68	      2.43	     46.96	     42.58	-27.27	 6.323e-05	      5.10	0	Gaussian	307.654724	43.981633
639	1	  0.002188	  0.001391	     -1.00	     43.29	    472.21	      2.43	      2.31	     42.55	     40.51	16.79	 4.769e-04	      5.10	0	Gaussian	310.385154	43.029393
640	1	  0.002138	  0.001283	     -1.00	    436.35	    750.57	      2.58	      2.35	     45.13	     41.09	-4.57	 1.393e-04	      5.10	0	Gaussian	307.766912	41.814759
641	1	  0.002097	  0.001124	     -1.00	    239.35	    529.03	      2.69	      2.60	     47.06	     45.44	31.70	 6.041e-05	      5.10	0	Gaussian	309.095319	42.819012
642	1	  0.002098	  0.001162	     -1.00	    642.16	    754.58	      2.75	      2.32	     48.16	     40.68	-15.50	 5.179e-05	      5.10	0	Gaussian	306.459854	41.827473
643	1	  0.002155	  0.001338	     -1.00	    179.12	    679.36	      2.53	      2.28	     44.36	     39.92	13.39	 3.612e-04	      5.10	0	Gaussian	309.426220	42.091248
644	1	  0.002119	  0.000348	     -1.00	    632.30	     35.64	      5.82	      3.81	    101.83	     66.75	53.27	 1.555e-04	      5.10	0	Gaussian	306.643150	45.227694
645	1	  0.002109	  0.001182	     -1.00	    343.35	    345.16	      2.68	      2.41	     46.94	     42.15	12.64	 7.050e-05	      5.10	0	Gaussian	308.481452	43.714599
646	1	  0.002078	  0.001164	     -1.00	    326.39	    492.69	      2.71	      2.44	     47.42	     42.79	-14.06	 2.935e-05	      5.10	0	Gaussian	308.545169	43.012463
647	1	  0.002100	  0.001249	     -1.00	     54.42	     39.58	      2.60	      2.40	     45.55	     41.98	-14.70	 3.784e-05	      5.11	0	Gaussian	310.515538	45.077166
648	1	  0.002202	  0.001219	     -1.00	    430.43	    690.23	      2.59	      2.37	     45.26	     41.57	-28.31	 4.052e-04	      5.11	0	Gaussian	307.820005	42.099287
649	1	  0.002100	  0.001090	     -1.00	    634.60	    417.72	      2.75	      2.55	     48.06	     44.55	-1.82	 5.929e-05	      5.11	0	Gaussian	306.562388	43.421046
650	1	  0.002106	  0.001160	     -1.00	    389.24	     49.25	      2.67	      2.48	     46.80	     43.43	24.26	 9.674e-05	      5.11	0	Gaussian	308.269538	45.123932
651	1	  0.002154	  0.001157	     -1.00	    537.92	     99.47	      2.71	      2.29	     47.45	     40.15	-4.95	 2.167e-04	      5.11	0	Gaussian	307.261820	44.913518
652	1	  0.002097	  0.001168	     -1.00	    768.32	    789.41	      2.71	      2.37	     47.36	     41.56	3.10	 8.943e-05	      5.12	0	Gaussian	305.656436	41.674745
653	1	  0.002271	  0.001388	     -1.00	    577.69	     96.77	      2.35	      2.29	     41.08	     40.00	-7.46	 8.787e-04	      5.13	0	Gaussian	306.996895	44.931993
654	1	  0.002066	  0.000789	     -1.00	    349.94	    554.19	      3.39	      3.00	     59.36	     52.46	-5.69	 1.783e-05	      5.13	0	Gaussian	308.374017	42.726698
655	1	  0.002082	  0.001049	     -1.00	    122.03	    293.58	      2.84	      2.49	     49.72	     43.61	0.57	 2.237e-05	      5.13	0	Gaussian	309.951530	43.899374
656	1	  0.002104	  0.001099	     -1.00	    405.19	    608.77	      2.73	      2.47	     47.84	     43.22	-37.90	 5.836e-05	      5.13	0	Gaussian	308.003122	42.479982
657	1	  0.002086	  0.001136	     -1.00	    277.68	    647.51	      2.72	      2.37	     47.62	     41.54	-5.94	 5.741e-05	      5.14	0	Gaussian	308.808205	42.268033
658	1	  0.002094	  0.001116	     -1.00	     44.76	    269.21	      2.72	      2.44	     47.54	     42.77	-25.13	 5.348e-05	      5.14	0	Gaussian	310.469936	43.989455
659	1	  0.002108	  0.000942	     -1.00	    183.07	    722.62	      3.15	      2.65	     55.10	     46.30	-15.62	 7.881e-05	      5.14	0	Gaussian	309.384773	41.887707
660	1	  0.002100	  0.001179	     -1.00	     10.67	    304.22	      2.62	      2.44	     45.81	     42.73	-14.29	 6.734e-05	      5.15	0	Gaussian	310.676766	43.812293
661	1	  0.002159	  0.000787	     -1.00	    104.05	     19.82	      3.21	      2.95	     56.16	     51.64	-2.68	 1.470e-04	      5.15	0	Gaussian	310.192478	45.186906
662	1	  0.002122	  0.001145	     -1.00	    300.77	    616.65	      2.71	      2.29	     47.37	     40.13	23.94	 1.593e-04	      5.15	0	Gaussian	308.670461	42.419668
663	1	  0.002090	  0.001012	     -1.00	    329.90	    209.41	      2.98	      2.61	     52.09	     45.64	-6.17	 5.099e-05	      5.15	0	Gaussian	308.613714	44.353719
664	1	  0.002123	  0.001020	     -1.00	    702.53	    368.38	      2.76	      2.56	     48.22	     44.81	-23.34	 7.668e-05	      5.15	0	Gaussian	306.126793	43.661613
665	1	  0.002104	  0.001168	     -1.00	    669.42	    712.69	      2.66	      2.36	     46.52	     41.31	-7.04	 1.155e-04	      5.16	0	Gaussian	306.292857	42.028805
666	1	  0.002158	  0.001101	     -1.00	    593.15	    271.26	      2.70	      2.37	     47.18	     41.44	28.38	 8.491e-05	      5.16	0	Gaussian	306.859943	44.108946
667	1	  0.002235	  0.001320	     -1.00	    730.08	    776.30	      2.50	      2.15	     43.72	     37.65	18.26	 5.061e-04	      5.16	0	Gaussian	305.899736	41.733706
668	1	  0.002090	  0.001044	     -1.00	    511.08	    331.66	      2.81	      2.38	     49.21	     41.59	-48.87	 4.437e-05	      5.16	0	Gaussian	307.386336	43.811039
669	1	  0.002092	  0.000711	     -1.00	    232.22	    110.04	      4.17	      2.55	     73.02	     44.55	-9.98	 8.412e-05	      5.17	0	Gaussian	309.297778	44.798902
670	1	  0.002216	  0.001222	     -1.00	    415.33	    275.00	      2.42	      2.40	     42.36	     41.99	-46.80	 5.598e-04	      5.17	0	Gaussian	308.029884	44.061854
671	1	  0.002109	  0.001069	     -1.00	    552.49	    338.78	      2.68	      2.53	     46.94	     44.28	1.77	 8.257e-05	      5.17	0	Gaussian	307.113452	43.783775
672	1	  0.002105	  0.001088	     -1.00	    541.74	    114.26	      2.73	      2.36	     47.79	     41.35	-33.16	 5.709e-05	      5.17	0	Gaussian	307.233039	44.844146
673	1	  0.002103	  0.000976	     -1.00	    157.05	     40.74	      2.95	      2.55	     51.59	     44.56	-6.38	 6.366e-05	      5.18	0	Gaussian	309.828142	45.104714
674	1	  0.002093	  0.000937	     -1.00	    451.45	    424.28	      2.90	      2.50	     50.68	     43.71	-65.15	 4.626e-05	      5.18	0	Gaussian	307.753175	43.362306
675	1	  0.002099	  0.001057	     -1.00	    643.55	    208.36	      2.73	      2.46	     47.83	     42.97	-11.13	 3.725e-05	      5.18	0	Gaussian	306.538547	44.412578
676	1	  0.002102	  0.001151	     -1.00	     76.39	    621.62	      2.62	      2.41	     45.82	     42.16	-7.04	 7.024e-05	      5.18	0	Gaussian	310.105772	42.333624
677	1	  0.002091	  0.000677	     -1.00	    150.76	    625.64	      3.48	      3.33	     60.90	     58.33	12.08	 9.179e-05	      5.19	0	Gaussian	309.628186	42.337316
678	1	  0.002106	  0.000972	     -1.00	    372.61	    700.94	      2.73	      2.68	     47.85	     46.91	-5.89	 9.107e-05	      5.19	0	Gaussian	308.185656	42.036876
679	1	  0.002100	  0.001050	     -1.00	    731.36	    243.36	      2.75	      2.39	     48.15	     41.75	-13.34	 6.024e-05	      5.19	0	Gaussian	305.953485	44.255447
680	1	  0.002076	  0.000944	     -1.00	    378.98	    419.24	      2.98	      2.58	     52.23	     45.13	-2.48	 1.940e-05	      5.19	0	Gaussian	308.226288	43.371791
681	1	  0.002153	  0.000746	     -1.00	     62.27	    750.46	      3.44	      3.08	     60.16	     53.87	-15.18	 2.707e-04	      5.20	0	Gaussian	310.140157	41.719755
682	1	  0.002085	  0.001049	     -1.00	    305.70	    493.80	      2.71	      2.51	     47.35	     43.99	12.57	 4.579e-05	      5.20	0	Gaussian	308.678685	43.002369
683	1	  0.002099	  0.001047	     -1.00	    406.75	     50.82	      2.71	      2.49	     47.36	     43.60	2.73	 5.567e-05	      5.20	0	Gaussian	308.151752	45.120106
684	1	  0.002117	  0.000823	     -1.00	    645.72	    555.39	      3.38	      2.77	     59.08	     48.40	-11.05	 7.589e-05	      5.20	0	Gaussian	306.468148	42.770673
685	1	  0.002099	  0.000570	     -1.00	    519.52	    605.03	      3.94	      3.45	     69.02	     60.35	12.81	 4.421e-05	      5.20	0	Gaussian	307.270242	42.518347
686	1	  0.002106	  0.000991	     -1.00	    764.53	    779.68	      2.75	      2.55	     48.18	     44.60	-33.58	 9.080e-05	      5.21	0	Gaussian	305.681313	41.720507
687	1	  0.002079	  0.000958	     -1.00	    710.37	    550.50	      2.85	      2.47	     49.93	     43.15	-37.33	 3.780e-05	      5.21	0	Gaussian	306.052429	42.800494
688	1	  0.002095	  0.001093	     -1.00	    136.31	    604.18	      2.63	      2.48	     46.07	     43.43	22.84	 4.058e-05	      5.21	0	Gaussian	309.729328	42.434601
689	1	  0.002086	  0.000780	     -1.00	    678.02	    604.99	      3.25	      2.90	     56.82	     50.76	-5.20	 2.917e-05	      5.21	0	Gaussian	306.253119	42.539448
690	1	  0.002092	  0.001030	     -1.00	    219.72	    461.51	      2.78	      2.32	     48.68	     40.62	5.76	 5.165e-05	      5.21	0	Gaussian	309.246903	43.133343
691	1	  0.002074	  0.000698	     -1.00	    334.47	    567.94	      3.19	      3.05	     55.80	     53.31	-15.41	 4.405e-05	      5.21	0	Gaussian	308.469422	42.658105
692	1	  0.002075	  0.000577	     -1.00	    779.49	    622.67	      4.44	      2.88	     77.67	     50.49	-12.76	 2.385e-05	      5.22	0	Gaussian	305.600729	42.464448
693	1	  0.002104	  0.001072	     -1.00	     40.64	    497.13	      2.61	      2.49	     45.77	     43.64	-16.21	 6.118e-05	      5.23	0	Gaussian	310.390892	42.910668
694	1	  0.002168	  0.001120	     -1.00	    523.66	    726.31	      2.61	      2.27	     45.76	     39.70	-36.48	 1.777e-04	      5.23	0	Gaussian	307.217797	41.944868
695	1	  0.002114	  0.001090	     -1.00	    718.38	    595.70	      2.64	      2.39	     46.20	     41.83	-18.87	 3.041e-04	      5.23	0	Gaussian	305.995353	42.587295
696	1	  0.002078	  0.001037	     -1.00	    108.21	    454.27	      2.71	      2.44	     47.50	     42.77	18.43	 2.948e-05	      5.23	0	Gaussian	309.972764	43.135174
697	1	  0.002162	  0.000951	     -1.00	    465.59	    660.97	      2.63	      2.62	     46.12	     45.85	64.34	 3.114e-04	      5.23	0	Gaussian	307.602863	42.244346
698	1	  0.002088	  0.000971	     -1.00	     85.71	    265.90	      2.73	      2.59	     47.76	     45.37	21.03	 5.819e-05	      5.24	0	Gaussian	310.202289	44.018696
699	1	  0.002088	  0.000968	     -1.00	    526.02	    403.15	      2.70	      2.55	     47.30	     44.61	-23.41	 4.803e-05	      5.24	0	Gaussian	307.272541	43.475097
700	1	  0.002076	  0.001021	     -1.00	    111.69	    175.36	      2.73	      2.44	     47.76	     42.64	-14.28	 2.424e-05	      5.24	0	Gaussian	310.071374	44.454846
701	1	  0.002153	  0.000986	     -1.00	    419.36	    315.02	      2.59	      2.58	     45.32	     45.23	-39.38	 2.404e-04	      5.24	0	Gaussian	307.992191	43.873308
702	1	  0.002103	  0.000610	     -1.00	    523.92	    132.12	      3.85	      3.11	     67.39	     54.39	-28.77	 7.069e-05	      5.24	0	Gaussian	307.347683	44.756995
703	1	  0.002085	  0.001004	     -1.00	     54.61	    668.12	      2.67	      2.56	     46.75	     44.85	-9.62	 3.434e-05	      5.25	0	Gaussian	310.224606	42.106678
704	1	  0.002095	  0.000892	     -1.00	    562.23	    476.25	      2.79	      2.69	     48.87	     47.09	0.06	 4.481e-05	      5.25	0	Gaussian	307.021752	43.134533
705	1	  0.002080	  0.000932	     -1.00	    722.21	    125.67	      2.84	      2.44	     49.79	     42.77	-35.69	 3.325e-05	      5.25	0	Gaussian	306.028713	44.811095
706	1	  0.002146	  0.000994	     -1.00	    311.47	    450.99	      2.63	      2.55	     45.98	     44.67	1.03	 4.904e-04	      5.25	0	Gaussian	308.655282	43.206378
707	1	  0.002100	  0.000984	     -1.00	    686.36	     79.46	      2.76	      2.39	     48.39	     41.83	-22.15	 5.812e-05	      5.25	0	Gaussian	306.274161	45.026319
708	1	  0.002094	  0.001008	     -1.00	    183.57	    483.81	      2.68	      2.52	     46.85	     44.14	1.64	 3.986e-05	      5.25	0	Gaussian	309.472644	43.017840
709	1	  0.002097	  0.000917	     -1.00	    504.19	    348.87	      2.81	      2.57	     49.12	     44.98	-61.72	 4.628e-05	      5.25	0	Gaussian	307.427457	43.728480
710	1	  0.002125	  0.000946	     -1.00	    228.54	    590.91	      2.74	      2.51	     47.91	     43.88	17.30	 1.185e-04	      5.26	0	Gaussian	309.142679	42.523336
711	1	  0.002123	  0.001050	     -1.00	     45.29	    533.35	      2.62	      2.41	     45.92	     42.13	30.98	 1.368e-04	      5.26	0	Gaussian	310.344437	42.740959
712	1	  0.002105	  0.000971	     -1.00	    132.59	    788.86	      2.70	      2.55	     47.18	     44.55	18.67	 8.531e-05	      5.27	0	Gaussian	309.679253	41.559831
713	1	  0.002132	  0.000794	     -1.00	    345.02	    223.25	      3.15	      2.70	     55.13	     47.27	-18.17	 9.733e-05	      5.27	0	Gaussian	308.509250	44.291715
714	1	  0.002114	  0.000983	     -1.00	    296.52	    780.46	      2.72	      2.39	     47.69	     41.77	-19.31	 9.409e-05	      5.27	0	Gaussian	308.644997	41.643353
715	1	  0.002114	  0.000981	     -1.00	    739.24	    532.47	      2.74	      2.35	     48.04	     41.11	-14.52	 6.379e-05	      5.27	0	Gaussian	305.868500	42.888265
716	1	  0.002090	  0.000977	     -1.00	    505.19	    730.39	      2.77	      2.36	     48.40	     41.25	4.57	 4.544e-05	      5.27	0	Gaussian	307.334348	41.922547
717	1	  0.002184	  0.001099	     -1.00	    615.31	     87.08	      2.50	      2.39	     43.74	     41.90	12.64	 3.086e-04	      5.27	0	Gaussian	306.747577	44.982634
718	1	  0.002107	  0.000977	     -1.00	    419.38	    165.41	      2.76	      2.28	     48.36	     39.92	-4.48	 6.206e-05	      5.28	0	Gaussian	308.034213	44.581009
719	1	  0.002101	  0.000905	     -1.00	    472.50	    352.96	      2.76	      2.63	     48.24	     46.02	-16.25	 5.645e-05	      5.28	0	Gaussian	307.633910	43.703703
720	1	  0.002084	  0.000890	     -1.00	    616.85	    663.19	      2.87	      2.42	     50.32	     42.27	-34.92	 4.266e-05	      5.28	0	Gaussian	306.635743	42.256957
721	1	  0.002120	  0.000934	     -1.00	    589.73	    363.26	      2.79	      2.33	     48.91	     40.86	-11.94	 1.482e-04	      5.28	0	Gaussian	306.864840	43.673156
722	1	  0.002166	  0.001025	     -1.00	    527.71	    452.58	      2.70	      2.15	     47.27	     37.62	0.67	 3.277e-04	      5.29	0	Gaussian	307.250648	43.241390
723	1	  0.002109	  0.000775	     -1.00	    681.12	    197.68	      3.30	      2.69	     57.77	     47.09	-27.41	 6.662e-05	      5.29	0	Gaussian	306.291548	44.467042
724	1	  0.002076	  0.000915	     -1.00	    409.21	    506.27	      2.82	      2.42	     49.35	     42.36	16.07	 3.052e-05	      5.29	0	Gaussian	308.005348	42.966020
725	1	  0.002087	  0.000398	     -1.00	    249.15	    785.73	      5.44	      3.09	     95.13	     54.08	-81.77	 6.822e-05	      5.30	0	Gaussian	308.943121	41.606723
726	1	  0.002098	  0.000991	     -1.00	    356.35	    186.59	      2.72	      2.32	     47.59	     40.55	-17.95	 4.834e-05	      5.30	0	Gaussian	308.445936	44.467630
727	1	  0.002097	  0.001011	     -1.00	     85.51	    275.63	      2.64	      2.43	     46.15	     42.56	-14.81	 8.857e-05	      5.30	0	Gaussian	310.199233	43.972653
728	1	  0.002080	  0.000932	     -1.00	    374.18	    580.55	      2.80	      2.36	     48.93	     41.38	-14.70	 4.031e-05	      5.31	0	Gaussian	308.210193	42.607140
729	1	  0.002073	  0.000878	     -1.00	      6.88	    132.01	      2.81	      2.60	     49.17	     45.42	-60.75	 4.169e-05	      5.31	0	Gaussian	310.786798	44.624283
730	1	  0.002108	  0.000973	     -1.00	    141.66	    774.50	      2.70	      2.37	     47.26	     41.47	-7.40	 6.050e-05	      5.31	0	Gaussian	309.627517	41.630395
731	1	  0.002097	  0.000859	     -1.00	    393.65	     26.21	      2.74	      2.67	     47.98	     46.69	-51.01	 8.090e-05	      5.32	0	Gaussian	308.247030	45.233675
732	1	  0.002092	  0.000885	     -1.00	    118.24	     35.21	      2.78	      2.56	     48.60	     44.75	-1.19	 3.459e-05	      5.32	0	Gaussian	310.090429	45.118807
733	1	  0.002140	  0.000714	     -1.00	    429.16	    468.00	      4.11	      2.16	     71.98	     37.81	-13.84	 1.943e-04	      5.32	0	Gaussian	307.886495	43.151115
734	1	  0.002124	  0.000860	     -1.00	    589.23	    550.81	      2.81	      2.50	     49.18	     43.82	-41.66	 5.311e-05	      5.32	0	Gaussian	306.832849	42.785314
735	1	  0.002084	  0.000961	     -1.00	    248.44	    709.34	      2.70	      2.43	     47.29	     42.51	-4.83	 3.134e-05	      5.32	0	Gaussian	308.973786	41.968034
736	1	  0.002099	  0.000898	     -1.00	    366.13	    152.73	      2.80	      2.40	     49.02	     42.07	-44.61	 5.134e-05	      5.32	0	Gaussian	308.391751	44.629883
737	1	  0.002094	  0.000881	     -1.00	    466.65	    387.71	      2.81	      2.45	     49.25	     42.97	1.89	 5.315e-05	      5.32	0	Gaussian	307.663427	43.538176
738	1	  0.002114	  0.000898	     -1.00	    547.27	    554.82	      2.72	      2.57	     47.57	     44.94	-45.35	 1.053e-04	      5.33	0	Gaussian	307.102450	42.760366
739	1	  0.002094	  0.000764	     -1.00	    161.91	    746.34	      3.33	      2.63	     58.24	     46.04	-8.17	 3.384e-05	      5.33	0	Gaussian	309.510161	41.769494
740	1	  0.002096	  0.000932	     -1.00	    127.46	    552.77	      2.69	      2.53	     47.09	     44.30	-9.42	 7.325e-05	      5.33	0	Gaussian	309.807153	42.675149
741	1	  0.002096	  0.000837	     -1.00	    723.55	    268.97	      2.80	      2.65	     49.07	     46.31	-9.32	 3.953e-05	      5.33	0	Gaussian	306.001769	44.133703
742	1	  0.002088	  0.000915	     -1.00	    407.51	    404.69	      2.76	      2.43	     48.24	     42.47	-10.75	 6.996e-05	      5.33	0	Gaussian	308.044615	43.446532
743	1	  0.002111	  0.000875	     -1.00	    785.97	    700.76	      2.85	      2.47	     49.89	     43.20	-3.24	 1.203e-04	      5.34	0	Gaussian	305.552448	42.095395
744	1	  0.002099	  0.000892	     -1.00	    773.32	    487.62	      2.79	      2.39	     48.91	     41.75	-28.91	 5.177e-05	      5.34	0	Gaussian	305.653001	43.103004
745	1	  0.002119	  0.000859	     -1.00	    664.13	    656.84	      2.80	      2.46	     49.09	     43.10	-60.44	 1.328e-04	      5.34	0	Gaussian	306.334662	42.292561
746	1	  0.002072	  0.000905	     -1.00	    735.39	    753.57	      2.78	      2.42	     48.72	     42.33	-18.63	 3.148e-05	      5.34	0	Gaussian	305.868591	41.841698
747	1	  0.002093	  0.000752	     -1.00	    264.02	    703.63	      3.02	      2.71	     52.82	     47.42	-12.70	 9.019e-05	      5.34	0	Gaussian	308.876531	41.998991
748	1	  0.002114	  0.000557	     -1.00	    599.88	    303.66	      4.22	      2.53	     73.80	     44.37	-25.79	 8.734e-05	      5.35	0	Gaussian	306.809511	43.956504
749	1	  0.002092	  0.000255	     -1.00	    574.41	    579.64	      6.09	      4.03	    106.64	     70.59	54.22	 3.889e-05	      5.35	0	Gaussian	306.922841	42.646819
750	1	  0.002126	  0.000969	     -1.00	    581.36	    161.30	      2.65	      2.36	     46.32	     41.28	-9.13	 9.045e-05	      5.35	0	Gaussian	306.959416	44.627413
751	1	  0.002105	  0.000584	     -1.00	    618.14	    398.41	      4.42	      2.53	     77.29	     44.20	-6.51	 6.235e-05	      5.35	0	Gaussian	306.672915	43.510451
752	1	  0.002099	  0.000859	     -1.00	     35.14	    646.95	      2.75	      2.61	     48.08	     45.72	-63.08	 5.679e-05	      5.35	0	Gaussian	310.358224	42.200391
753	1	  0.002091	  0.000779	     -1.00	    401.63	    302.97	      2.82	      2.77	     49.37	     48.45	-17.44	 4.011e-05	      5.35	0	Gaussian	308.112029	43.926739
754	1	  0.002097	  0.000299	     -1.00	    681.95	    261.42	      6.46	      3.01	    113.05	     52.60	26.31	 5.607e-05	      5.35	0	Gaussian	306.276751	44.165654
755	1	  0.002095	  0.000821	     -1.00	    475.61	    718.28	      2.81	      2.61	     49.21	     45.65	11.65	 4.729e-05	      5.36	0	Gaussian	307.525285	41.974807
756	1	  0.002135	  0.000889	     -1.00	    374.28	    330.03	      2.63	      2.59	     46.01	     45.37	-57.42	 2.545e-04	      5.36	0	Gaussian	308.283527	43.792966
757	1	  0.002125	  0.000864	     -1.00	    601.63	    497.33	      2.77	      2.43	     48.52	     42.45	-26.01	 5.378e-05	      5.36	0	Gaussian	306.762558	43.040164
758	1	  0.002153	  0.000587	     -1.00	    654.90	    552.65	      3.65	      2.95	     63.97	     51.61	-22.60	 1.900e-04	      5.36	0	Gaussian	306.409410	42.784704
759	1	  0.002104	  0.000896	     -1.00	     50.42	    411.59	      2.73	      2.44	     47.70	     42.63	6.89	 3.437e-05	      5.36	0	Gaussian	310.366733	43.318376
760	1	  0.002110	  0.000664	     -1.00	    604.92	    553.72	      3.40	      2.80	     59.53	     48.96	-10.37	 2.911e-05	      5.37	0	Gaussian	306.731250	42.773621
761	1	  0.002139	  0.000898	     -1.00	    787.96	    694.22	      2.87	      2.35	     50.22	     41.17	-8.30	 1.453e-04	      5.37	0	Gaussian	305.540367	42.126460
762	1	  0.002119	  0.000873	     -1.00	    411.58	    319.05	      2.69	      2.57	     47.07	     44.98	-20.36	 1.402e-04	      5.37	0	Gaussian	308.042110	43.852664
763	1	  0.002102	  0.000832	     -1.00	    204.18	    594.95	      2.75	      2.62	     48.17	     45.87	-68.89	 4.641e-05	      5.37	0	Gaussian	309.297576	42.497628
764	1	  0.002120	  0.000926	     -1.00	     36.83	    589.60	      2.68	      2.36	     46.97	     41.27	8.61	 7.972e-05	      5.37	0	Gaussian	310.373336	42.472126
765	1	  0.002129	  0.000724	     -1.00	    448.62	    496.31	      3.50	      2.55	     61.32	     44.61	8.58	 1.160e-04	      5.38	0	Gaussian	307.753003	43.020825
766	1	  0.002093	  0.000847	     -1.00	    363.81	    402.20	      2.81	      2.42	     49.21	     42.28	-32.29	 7.188e-05	      5.38	0	Gaussian	308.330165	43.449172
767	1	  0.002089	  0.000709	     -1.00	    651.29	    324.47	      2.94	      2.77	     51.54	     48.41	43.80	 5.091e-05	      5.38	0	Gaussian	306.468571	43.864207
768	1	  0.002097	  0.000573	     -1.00	    533.72	    694.28	      3.76	      2.89	     65.83	     50.62	-28.57	 4.947e-05	      5.38	0	Gaussian	307.160415	42.098060
769	1	  0.002087	  0.000857	     -1.00	    491.33	    312.31	      2.77	      2.49	     48.49	     43.50	-2.60	 3.821e-05	      5.38	0	Gaussian	307.520467	43.899354
770	1	  0.002101	  0.000907	     -1.00	    323.38	    774.30	      2.68	      2.45	     46.91	     42.83	-5.94	 5.090e-05	      5.38	0	Gaussian	308.476832	41.678796
771	1	  0.002095	  0.000813	     -1.00	    572.47	    723.89	      2.80	      2.58	     49.02	     45.20	-23.16	 3.966e-05	      5.39	0	Gaussian	306.907815	41.963679
772	1	  0.002083	  0.000732	     -1.00	    551.02	    581.33	      3.16	      2.68	     55.24	     46.85	-5.02	 3.142e-05	      5.39	0	Gaussian	307.072918	42.635437
773	1	  0.002101	  0.000861	     -1.00	     79.78	    447.99	      2.67	      2.59	     46.77	     45.41	30.91	 8.585e-05	      5.39	0	Gaussian	310.159798	43.155904
774	1	  0.002071	  0.000883	     -1.00	    256.41	    576.30	      2.73	      2.46	     47.81	     42.98	-6.85	 2.329e-05	      5.39	0	Gaussian	308.968804	42.599727
775	1	  0.002107	  0.000830	     -1.00	    692.58	    106.81	      2.74	      2.58	     48.00	     45.11	-18.27	 1.259e-04	      5.40	0	Gaussian	306.228632	44.897641
776	1	  0.002110	  0.000733	     -1.00	    436.70	    463.08	      2.90	      2.65	     50.69	     46.35	88.25	 1.070e-04	      5.40	0	Gaussian	307.838908	43.175871
777	1	  0.002081	  0.000743	     -1.00	    161.04	    226.40	      3.15	      2.63	     55.08	     45.96	-8.22	 2.068e-05	      5.40	0	Gaussian	309.723236	44.228755
778	1	  0.002125	  0.000686	     -1.00	    187.58	    778.31	      3.49	      2.33	     61.12	     40.83	-11.09	 1.557e-04	      5.40	0	Gaussian	309.335458	41.625478
779	1	  0.002097	  0.000657	     -1.00	    700.59	    190.56	      3.42	      2.86	     59.91	     50.03	-14.90	 4.064e-05	      5.40	0	Gaussian	306.163665	44.502484
780	1	  0.002091	  0.000796	     -1.00	    235.18	    340.23	      2.77	      2.64	     48.42	     46.27	14.58	 4.240e-05	      5.40	0	Gaussian	309.191210	43.711328
781	1	  0.002083	  0.000896	     -1.00	     20.64	     55.45	      2.73	      2.33	     47.79	     40.80	-16.34	 5.701e-05	      5.40	0	Gaussian	310.733466	44.990542
782	1	  0.002091	  0.000743	     -1.00	    429.04	    390.07	      3.02	      2.65	     52.81	     46.41	-3.02	 6.050e-05	      5.41	0	Gaussian	307.908228	43.519991
783	1	  0.002073	  0.000763	     -1.00	    525.92	    667.41	      3.10	      2.58	     54.29	     45.10	-4.67	 2.191e-05	      5.41	0	Gaussian	307.215868	42.224039
784	1	  0.002137	  0.000873	     -1.00	    732.96	    492.39	      2.81	      2.34	     49.22	     40.93	-3.93	 1.110e-04	      5.41	0	Gaussian	305.913617	43.077433
785	1	  0.002080	  0.000783	     -1.00	    145.52	    377.25	      2.90	      2.33	     50.76	     40.77	-36.40	 3.364e-05	      5.42	0	Gaussian	309.762539	43.510858
786	1	  0.002222	  0.001017	     -1.00	    618.71	    684.17	      2.47	      2.27	     43.19	     39.68	-28.10	 3.932e-04	      5.42	0	Gaussian	306.620316	42.157880
787	1	  0.002148	  0.000926	     -1.00	    388.38	    769.27	      2.63	      2.28	     46.06	     39.94	7.33	 2.463e-04	      5.42	0	Gaussian	308.066321	41.716747
788	1	  0.002094	  0.000576	     -1.00	    710.48	    283.71	      3.78	      2.96	     66.08	     51.78	3.24	 5.162e-05	      5.42	0	Gaussian	306.085886	44.062860
789	1	  0.002090	  0.000822	     -1.00	    482.28	    102.12	      2.75	      2.54	     48.09	     44.48	1.70	 3.982e-05	      5.42	0	Gaussian	307.632526	44.891929
790	1	  0.002098	  0.000581	     -1.00	    547.76	    683.59	      3.73	      2.75	     65.29	     48.05	-24.99	 6.842e-05	      5.43	0	Gaussian	307.073084	42.150804
791	1	  0.002086	  0.000808	     -1.00	    390.17	    752.40	      2.82	      2.39	     49.41	     41.88	-5.52	 2.809e-05	      5.43	0	Gaussian	308.059583	41.796959
792	1	  0.002107	  0.000849	     -1.00	    317.60	    356.18	      2.70	      2.47	     47.31	     43.24	-20.72	 6.819e-05	      5.43	0	Gaussian	308.646376	43.656527
793	1	  0.002111	  0.000797	     -1.00	    451.19	    108.17	      2.76	      2.55	     48.33	     44.62	21.21	 1.053e-04	      5.43	0	Gaussian	307.838381	44.857732
794	1	  0.002100	  0.000853	     -1.00	     89.49	    467.71	      2.67	      2.52	     46.73	     44.12	-4.42	 4.118e-05	      5.43	0	Gaussian	310.088201	43.065736
795	1	  0.002111	  0.000887	     -1.00	    380.49	    292.28	      2.67	      2.37	     46.70	     41.46	-10.28	 8.088e-05	      5.43	0	Gaussian	308.254093	43.972939
796	1	  0.002124	  0.000836	     -1.00	    724.73	    253.75	      2.75	      2.36	     48.15	     41.34	9.32	 8.169e-05	      5.43	0	Gaussian	305.995905	44.205779
797	1	  0.002099	  0.000781	     -1.00	    655.83	    751.16	      2.86	      2.37	     50.12	     41.42	-33.09	 1.081e-04	      5.43	0	Gaussian	306.373631	41.845201
798	1	  0.002098	  0.000777	     -1.00	     73.98	    278.10	      2.87	      2.39	     50.17	     41.79	-55.94	 6.290e-05	      5.43	0	Gaussian	310.273863	43.957233
799	1	  0.002152	  0.000749	     -1.00	    426.74	    550.70	      2.78	      2.57	     48.66	     44.94	1.31	 2.549e-04	      5.44	0	Gaussian	307.880112	42.759157
800	1	  0.002102	  0.000822	     -1.00	    414.41	    105.39	      2.75	      2.45	     48.15	     42.82	-30.95	 6.052e-05	      5.44	0	Gaussian	308.084546	44.863769
801	1	  0.002089	  0.000624	     -1.00	    662.90	    253.92	      3.20	      2.90	     56.02	     50.69	-5.13	 4.017e-05	      5.44	0	Gaussian	306.403371	44.199207
802	1	  0.002102	  0.000817	     -1.00	    543.65	    751.49	      2.78	      2.36	     48.65	     41.27	-15.12	 5.048e-05	      5.45	0	Gaussian	307.085583	41.828794
803	1	  0.002131	  0.000692	     -1.00	    670.35	    457.96	      2.88	      2.64	     50.44	     46.15	-48.82	 7.974e-05	      5.45	0	Gaussian	306.323744	43.234548
804	1	  0.002081	  0.000789	     -1.00	    202.90	    384.32	      2.86	      2.30	     50.02	     40.23	-26.40	 3.658e-05	      5.45	0	Gaussian	309.385495	43.493941
805	1	  0.002125	  0.000683	     -1.00	    134.60	    469.97	      2.90	      2.64	     50.72	     46.23	-53.60	 1.099e-04	      5.46	0	Gaussian	309.795147	43.069008
806	1	  0.002105	  0.000753	     -1.00	    636.66	    709.90	      2.81	      2.59	     49.14	     45.28	1.57	 5.277e-05	      5.46	0	Gaussian	306.501772	42.038294
807	1	  0.002116	  0.000752	     -1.00	    480.87	    533.82	      2.87	      2.35	     50.19	     41.08	30.59	 6.638e-05	      5.46	0	Gaussian	307.535270	42.849030
808	1	  0.002112	  0.000818	     -1.00	    322.23	    185.80	      2.71	      2.48	     47.51	     43.37	-47.55	 1.007e-04	      5.46	0	Gaussian	308.672331	44.463542
809	1	  0.002136	  0.000895	     -1.00	    377.35	    155.60	      2.63	      2.30	     46.04	     40.20	-26.51	 2.121e-04	      5.46	0	Gaussian	308.316284	44.618733
810	1	  0.002082	  0.000729	     -1.00	    270.92	    254.37	      3.04	      2.58	     53.13	     45.22	-8.66	 3.421e-05	      5.46	0	Gaussian	308.987743	44.126722
811	1	  0.002160	  0.000879	     -1.00	    728.82	     62.62	      2.69	      2.14	     47.03	     37.46	-0.99	 2.868e-04	      5.47	0	Gaussian	305.992546	45.109523
812	1	  0.002107	  0.000629	     -1.00	    399.90	    126.80	      2.92	      2.77	     51.12	     48.42	-16.56	 1.315e-04	      5.49	0	Gaussian	308.174949	44.759619
813	1	  0.002109	  0.000812	     -1.00	    529.65	    588.19	      2.69	      2.45	     47.04	     42.85	-18.02	 7.413e-05	      5.49	0	Gaussian	307.208826	42.599670
814	1	  0.002123	  0.000792	     -1.00	    369.63	    597.83	      2.69	      2.49	     47.07	     43.62	8.60	 8.063e-05	      5.49	0	Gaussian	308.234440	42.524382
815	1	  0.002095	  0.000558	     -1.00	    538.34	    329.31	      3.81	      2.51	     66.69	     43.95	-8.77	 8.766e-05	      5.49	0	Gaussian	307.208181	43.826458
816	1	  0.002137	  0.000848	     -1.00	    257.09	    389.45	      2.71	      2.15	     47.39	     37.66	-15.61	 2.637e-04	      5.49	0	Gaussian	309.030148	43.484179
817	1	  0.002113	  0.000763	     -1.00	    630.36	    388.33	      2.78	      2.43	     48.69	     42.60	-10.05	 5.175e-05	      5.49	0	Gaussian	306.594940	43.559645
818	1	  0.002172	  0.000857	     -1.00	    655.48	    504.55	      2.61	      2.30	     45.65	     40.22	-16.40	 1.446e-04	      5.50	0	Gaussian	306.413025	43.012418
819	1	  0.002157	  0.000648	     -1.00	    583.85	    122.14	      3.03	      2.74	     53.05	     47.94	6.60	 2.296e-04	      5.50	0	Gaussian	306.950742	44.812909
820	1	  0.002087	  0.000725	     -1.00	    532.44	    505.30	      2.85	      2.48	     49.93	     43.33	-3.80	 3.222e-05	      5.50	0	Gaussian	307.208570	42.992552
821	1	  0.002148	  0.000817	     -1.00	    493.88	    544.57	      2.74	      2.15	     47.89	     37.63	9.98	 1.374e-04	      5.50	0	Gaussian	307.448793	42.800354
822	1	  0.002086	  0.000485	     -1.00	    213.13	     30.45	      3.68	      3.47	     64.46	     60.70	-36.73	 5.425e-05	      5.50	0	Gaussian	309.456653	45.169565
823	1	  0.002098	  0.000662	     -1.00	    381.25	    386.82	      2.91	      2.64	     51.01	     46.24	-52.57	 6.611e-05	      5.50	0	Gaussian	308.220992	43.525717
824	1	  0.002086	  0.000741	     -1.00	    330.70	    511.78	      2.82	      2.47	     49.41	     43.29	7.57	 4.061e-05	      5.51	0	Gaussian	308.511253	42.923091
825	1	  0.002067	  0.000305	     -1.00	    414.09	      5.22	      6.83	      2.65	    119.58	     46.31	-11.19	 2.860e-05	      5.51	0	Gaussian	308.115954	45.337005
826	1	  0.002081	  0.000609	     -1.00	    487.05	    705.74	      3.50	      2.76	     61.18	     48.31	-11.91	 5.038e-05	      5.51	0	Gaussian	307.455310	42.036179
827	1	  0.002099	  0.000683	     -1.00	    522.54	    748.66	      2.78	      2.74	     48.65	     48.03	-3.20	 5.537e-05	      5.51	0	Gaussian	307.220126	41.838910
828	1	  0.002115	  0.000646	     -1.00	     61.87	     28.09	      3.20	      2.76	     55.97	     48.31	-4.09	 2.856e-05	      5.51	0	Gaussian	310.471201	45.133920
829	1	  0.002085	  0.000370	     -1.00	    424.14	    418.77	      4.22	      3.42	     73.85	     59.88	-38.15	 2.799e-05	      5.51	0	Gaussian	307.932387	43.383206
830	1	  0.002100	  0.000786	     -1.00	    458.60	    608.42	      2.76	      2.31	     48.36	     40.35	-15.22	 9.692e-05	      5.51	0	Gaussian	307.660429	42.491887
831	1	  0.002186	  0.000512	     -1.00	    131.97	    102.72	      5.01	      2.02	     87.74	     35.31	0.14	 8.356e-04	      5.52	0	Gaussian	309.968765	44.804360
832	1	  0.002074	  0.000727	     -1.00	    182.15	    175.64	      2.83	      2.50	     49.55	     43.81	-41.64	 2.716e-05	      5.52	0	Gaussian	309.604481	44.474865
833	1	  0.002088	  0.000689	     -1.00	    407.40	    572.25	      2.92	      2.36	     51.09	     41.23	-9.08	 4.961e-05	      5.53	0	Gaussian	307.998848	42.653295
834	1	  0.002106	  0.000476	     -1.00	    629.12	    610.46	      4.11	      2.36	     71.91	     41.34	-6.42	 5.917e-05	      5.54	0	Gaussian	306.565956	42.508051
835	1	  0.002086	  0.000683	     -1.00	    540.23	    739.36	      2.88	      2.49	     50.42	     43.53	-10.17	 3.296e-05	      5.54	0	Gaussian	307.109723	41.885676
836	1	  0.002094	  0.000767	     -1.00	    144.29	    551.75	      2.73	      2.45	     47.72	     42.96	-32.73	 8.481e-05	      5.54	0	Gaussian	309.699235	42.684998
837	1	  0.002080	  0.000709	     -1.00	     73.19	    589.04	      2.79	      2.60	     48.90	     45.53	41.07	 2.643e-05	      5.54	0	Gaussian	310.140397	42.486662
838	1	  0.002081	  0.000682	     -1.00	     10.70	    117.25	      2.94	      2.25	     51.43	     39.30	-7.37	 4.438e-05	      5.55	0	Gaussian	310.768758	44.695311
839	1	  0.002099	  0.000663	     -1.00	    460.81	    592.97	      2.87	      2.59	     50.31	     45.29	29.11	 7.320e-05	      5.55	0	Gaussian	307.650107	42.565395
840	1	  0.002092	  0.000532	     -1.00	    264.55	    497.60	      3.88	      2.93	     67.94	     51.26	1.54	 6.248e-05	      5.55	0	Gaussian	308.943664	42.974284
841	1	  0.002091	  0.000461	     -1.00	    648.72	    131.32	      3.68	      3.13	     64.43	     54.78	-9.97	 3.399e-05	      5.55	0	Gaussian	306.517067	44.777429
842	1	  0.002112	  0.000633	     -1.00	    633.92	    721.56	      3.28	      2.60	     57.35	     45.42	-3.57	 4.656e-05	      5.56	0	Gaussian	306.517364	41.982754
843	1	  0.002113	  0.000479	     -1.00	    249.42	     35.50	      3.83	      2.71	     67.02	     47.44	8.59	 6.675e-05	      5.56	0	Gaussian	309.211403	45.155610
844	1	  0.002119	  0.000401	     -1.00	    724.10	    489.47	      3.99	      3.04	     69.80	     53.19	24.14	 9.927e-05	      5.56	0	Gaussian	305.971301	43.090539
845	1	  0.002080	  0.000371	     -1.00	    684.22	    774.01	      3.86	      3.05	     67.56	     53.30	-18.51	 5.051e-05	      5.57	0	Gaussian	306.190444	41.740175
846	1	  0.002114	  0.000701	     -1.00	     47.92	    632.79	      2.81	      2.40	     49.16	     42.03	43.32	 8.035e-05	      5.57	0	Gaussian	310.282924	42.271543
847	1	  0.002100	  0.000698	     -1.00	     21.27	    333.66	      2.78	      2.53	     48.74	     44.24	-46.79	 3.481e-05	      5.57	0	Gaussian	310.593210	43.676834
848	1	  0.002077	  0.000340	     -1.00	    234.05	     30.46	      5.79	      2.72	    101.41	     47.66	2.32	 3.357e-05	      5.57	0	Gaussian	309.316413	45.175273
849	1	  0.002073	  0.000584	     -1.00	    728.58	    579.03	      2.99	      2.81	     52.25	     49.13	6.26	 3.886e-05	      5.57	0	Gaussian	305.931796	42.667058
850	1	  0.002104	  0.000472	     -1.00	    514.34	    486.73	      3.99	      2.49	     69.91	     43.57	-6.13	 5.444e-05	      5.57	0	Gaussian	307.329811	43.077594
851	1	  0.002128	  0.000712	     -1.00	    583.72	     41.78	      2.76	      2.45	     48.32	     42.92	10.83	 1.795e-04	      5.57	0	Gaussian	306.967778	45.192664
852	1	  0.002093	  0.000589	     -1.00	    463.14	    115.22	      3.39	      2.64	     59.26	     46.17	-12.71	 4.012e-05	      5.57	0	Gaussian	307.756811	44.826601
853	1	  0.002123	  0.000734	     -1.00	    659.88	    714.61	      2.81	      2.12	     49.25	     37.03	5.08	 1.164e-04	      5.57	0	Gaussian	306.353257	42.018657
854	1	  0.002103	  0.000723	     -1.00	    464.48	    612.15	      2.73	      2.52	     47.75	     44.04	-9.16	 9.821e-05	      5.57	0	Gaussian	307.621834	42.475271
855	1	  0.002096	  0.000698	     -1.00	    241.88	    117.14	      3.00	      2.56	     52.46	     44.81	-11.60	 9.484e-05	      5.57	0	Gaussian	309.230701	44.767916
856	1	  0.002092	  0.000403	     -1.00	    670.31	     16.16	      4.03	      3.15	     70.54	     55.05	8.00	 8.558e-05	      5.58	0	Gaussian	306.391327	45.323798
857	1	  0.002124	  0.000748	     -1.00	    327.35	    179.78	      2.67	      2.48	     46.69	     43.37	-39.99	 1.111e-04	      5.58	0	Gaussian	308.640407	44.493215
858	1	  0.002086	  0.000401	     -1.00	      9.16	     91.75	      4.13	      3.36	     72.35	     58.85	-32.46	 4.381e-05	      5.58	0	Gaussian	310.791799	44.815144
859	1	  0.002083	  0.000467	     -1.00	    731.07	    291.05	      3.75	      3.00	     65.61	     52.49	2.12	 2.205e-05	      5.58	0	Gaussian	305.949657	44.029851
860	1	  0.002103	  0.000538	     -1.00	    657.99	    401.92	      3.35	      2.68	     58.57	     46.84	-27.25	 4.907e-05	      5.58	0	Gaussian	306.412595	43.498471
861	1	  0.002087	  0.000330	     -1.00	    265.41	    679.51	      5.70	      2.77	     99.71	     48.42	14.68	 5.556e-05	      5.58	0	Gaussian	308.875815	42.113509
862	1	  0.002084	  0.000719	     -1.00	     83.10	    128.25	      2.75	      2.50	     48.08	     43.84	19.97	 3.292e-05	      5.59	0	Gaussian	310.282373	44.668203
863	1	  0.002095	  0.000669	     -1.00	     90.88	    158.78	      2.88	      2.33	     50.49	     40.76	9.02	 7.228e-05	      5.59	0	Gaussian	310.216763	44.526538
864	1	  0.002092	  0.000311	     -1.00	    462.03	    734.43	      6.09	      2.91	    106.61	     50.89	-6.06	 4.409e-05	      5.59	0	Gaussian	307.607803	41.895947
865	1	  0.002122	  0.000752	     -1.00	    434.65	    631.57	      2.73	      2.21	     47.84	     38.69	-7.77	 1.513e-04	      5.59	0	Gaussian	307.808132	42.377827
866	1	  0.002102	  0.000682	     -1.00	    645.43	    288.64	      2.83	      2.38	     49.59	     41.71	-25.92	 4.388e-05	      5.59	0	Gaussian	306.512879	44.033086
867	1	  0.002097	  0.000742	     -1.00	     88.35	    446.51	      2.69	      2.46	     47.10	     43.11	-14.66	 1.056e-04	      5.59	0	Gaussian	310.104828	43.165638
868	1	  0.002096	  0.000585	     -1.00	    719.44	    211.89	      2.95	      2.70	     51.65	     47.21	-79.41	 3.904e-05	      5.59	0	Gaussian	306.036066	44.403257
869	1	  0.002115	  0.000797	     -1.00	     57.38	     73.34	      2.57	      2.41	     44.99	     42.10	-17.01	 4.946e-05	      5.60	0	Gaussian	310.479518	44.918856
870	1	  0.002082	  0.000399	     -1.00	    161.58	    364.31	      4.85	      2.73	     84.91	     47.70	-3.68	 2.550e-05	      5.60	0	Gaussian	309.663030	43.576787
871	1	  0.002136	  0.000810	     -1.00	    521.31	     36.52	      2.61	      2.23	     45.64	     39.03	-5.19	 2.722e-04	      5.60	0	Gaussian	307.387478	45.208388
872	1	  0.002084	  0.000282	     -1.00	    267.25	    634.60	      5.38	      3.46	     94.13	     60.55	-39.41	 3.835e-05	      5.61	0	Gaussian	308.879248	42.326528
873	1	  0.002093	  0.000374	     -1.00	    510.85	    463.29	      4.16	      3.14	     72.85	     55.01	-54.65	 5.509e-05	      5.61	0	Gaussian	307.357705	43.187987
874	1	  0.002097	  0.000681	     -1.00	    556.67	    529.49	      2.84	      2.30	     49.74	     40.27	-7.22	 4.663e-05	      5.61	0	Gaussian	307.046971	42.881679
875	1	  0.002088	  0.000597	     -1.00	    751.69	    315.92	      2.96	      2.58	     51.74	     45.20	4.69	 3.592e-05	      5.61	0	Gaussian	305.811430	43.913803
876	1	  0.002091	  0.000722	     -1.00	    177.38	    457.60	      2.74	      2.40	     47.94	     42.03	-21.73	 5.881e-05	      5.61	0	Gaussian	309.522970	43.140055
877	1	  0.002093	  0.000467	     -1.00	    687.15	    246.55	      3.96	      2.62	     69.25	     45.90	-1.57	 3.187e-05	      5.61	0	Gaussian	306.244583	44.236517
878	1	  0.002111	  0.000599	     -1.00	    654.66	     83.82	      2.97	      2.33	     52.05	     40.73	13.43	 6.384e-05	      5.61	0	Gaussian	306.485269	45.002536
879	1	  0.002076	  0.000546	     -1.00	    187.64	    295.72	      2.96	      2.91	     51.80	     50.99	-52.87	 2.823e-05	      5.62	0	Gaussian	309.519959	43.908726
880	1	  0.002089	  0.000619	     -1.00	    688.22	    307.83	      2.90	      2.55	     50.84	     44.72	-51.17	 4.164e-05	      5.62	0	Gaussian	306.228827	43.946756
881	1	  0.002099	  0.000693	     -1.00	    258.18	    354.42	      2.77	      2.39	     48.56	     41.90	-18.91	 3.836e-05	      5.62	0	Gaussian	309.035573	43.650176
882	1	  0.002076	  0.000685	     -1.00	    261.74	    560.63	      2.83	      2.34	     49.52	     40.88	-5.26	 3.728e-05	      5.62	0	Gaussian	308.939907	42.675239
883	1	  0.002118	  0.000681	     -1.00	     41.81	    517.86	      2.75	      2.47	     48.13	     43.22	29.13	 8.580e-05	      5.62	0	Gaussian	310.373911	42.813047
884	1	  0.002084	  0.000604	     -1.00	    314.27	    266.97	      2.88	      2.72	     50.34	     47.69	-59.59	 3.330e-05	      5.62	0	Gaussian	308.697788	44.077798
885	1	  0.002123	  0.000727	     -1.00	    565.55	    636.63	      2.72	      2.28	     47.52	     39.97	-9.26	 1.228e-04	      5.63	0	Gaussian	306.968689	42.375761
886	1	  0.002108	  0.000591	     -1.00	    709.54	    471.90	      2.93	      2.54	     51.23	     44.47	-24.76	 5.649e-05	      5.63	0	Gaussian	306.067722	43.172378
887	1	  0.002112	  0.000689	     -1.00	    621.42	     62.80	      2.72	      2.51	     47.58	     43.99	-28.08	 9.544e-05	      5.63	0	Gaussian	306.711204	45.098130
888	1	  0.002110	  0.000521	     -1.00	    607.19	    732.52	      3.69	      2.66	     64.50	     46.60	-21.58	 7.212e-05	      5.63	0	Gaussian	306.685526	41.927542
889	1	  0.002072	  0.000538	     -1.00	    108.84	    247.71	      3.37	      2.78	     58.99	     48.73	-14.23	 2.276e-05	      5.64	0	Gaussian	310.058240	44.112046
890	1	  0.002121	  0.000758	     -1.00	     58.31	    773.38	      2.63	      2.32	     45.97	     40.68	1.12	 1.176e-04	      5.64	0	Gaussian	310.155336	41.610120
891	1	  0.002082	  0.000602	     -1.00	    705.87	     36.41	      3.20	      2.65	     55.94	     46.43	-18.97	 5.117e-05	      5.64	0	Gaussian	306.149722	45.231459
892	1	  0.002100	  0.000583	     -1.00	    376.84	    778.50	      3.30	      2.69	     57.76	     47.01	-3.84	 3.892e-05	      5.64	0	Gaussian	308.136882	41.670650
893	1	  0.002087	  0.000533	     -1.00	    682.96	    592.58	      3.43	      2.76	     59.96	     48.38	-9.28	 3.296e-05	      5.64	0	Gaussian	306.223130	42.598679
894	1	  0.002093	  0.000362	     -1.00	    742.02	    225.12	      3.94	      3.37	     68.88	     59.06	-18.61	 4.929e-05	      5.65	0	Gaussian	305.885297	44.342509
895	1	  0.002073	  0.000622	     -1.00	    298.82	    682.37	      2.96	      2.19	     51.75	     38.27	-22.63	 3.174e-05	      5.65	0	Gaussian	308.661768	42.108145
896	1	  0.002080	  0.000636	     -1.00	    256.59	    590.13	      2.80	      2.60	     48.98	     45.58	-18.60	 3.372e-05	      5.65	0	Gaussian	308.962842	42.534314
897	1	  0.002114	  0.000696	     -1.00	     58.74	    715.73	      2.71	      2.40	     47.35	     42.01	9.85	 1.702e-04	      5.66	0	Gaussian	310.177521	41.882847
898	1	  0.002092	  0.000609	     -1.00	    548.23	    201.76	      2.89	      2.50	     50.53	     43.75	-56.45	 4.559e-05	      5.66	0	Gaussian	307.170684	44.431395
899	1	  0.002093	  0.000685	     -1.00	    131.81	    113.50	      2.81	      2.19	     49.13	     38.29	-21.16	 5.303e-05	      5.66	0	Gaussian	309.965107	44.753394
900	1	  0.002088	  0.000615	     -1.00	    137.32	    712.87	      2.82	      2.63	     49.33	     46.04	-33.54	 6.499e-05	      5.67	0	Gaussian	309.679329	41.920674
901	1	  0.002131	  0.000625	     -1.00	    122.44	     75.49	      2.80	      2.44	     48.93	     42.77	-76.84	 8.345e-05	      5.67	0	Gaussian	310.044345	44.929958
902	1	  0.002104	  0.000496	     -1.00	    647.11	    720.57	      3.67	      2.57	     64.20	     44.99	-13.18	 6.346e-05	      5.67	0	Gaussian	306.433602	41.989020
903	1	  0.002159	  0.000709	     -1.00	    674.42	    522.19	      2.63	      2.37	     45.95	     41.53	-16.15	 2.120e-04	      5.67	0	Gaussian	306.288055	42.930962
904	1	  0.002159	  0.000615	     -1.00	    772.73	    202.55	      2.77	      2.49	     48.44	     43.53	-54.09	 3.770e-04	      5.67	0	Gaussian	305.684706	44.451311
905	1	  0.002096	  0.000666	     -1.00	    279.64	    455.63	      2.78	      2.36	     48.62	     41.35	-2.11	 7.005e-05	      5.68	0	Gaussian	308.860383	43.176685
906	1	  0.002125	  0.000401	     -1.00	    758.29	    382.82	      3.56	      3.15	     62.26	     55.11	-25.12	 7.472e-05	      5.68	0	Gaussian	305.761113	43.597795
907	1	  0.002088	  0.000621	     -1.00	    497.76	    278.34	      2.87	      2.38	     50.18	     41.69	-23.12	 2.819e-05	      5.68	0	Gaussian	307.486425	44.061180
908	1	  0.002092	  0.000652	     -1.00	    345.43	    720.23	      2.79	      2.41	     48.77	     42.10	1.04	 5.122e-05	      5.68	0	Gaussian	308.353122	41.939674
909	1	  0.002099	  0.000581	     -1.00	    557.66	    449.02	      2.85	      2.64	     49.97	     46.25	-28.69	 4.692e-05	      5.68	0	Gaussian	307.056908	43.262775
910	1	  0.002084	  0.000616	     -1.00	    184.59	    637.52	      2.84	      2.49	     49.77	     43.64	-24.48	 2.666e-05	      5.68	0	Gaussian	309.407137	42.290776
911	1	  0.002097	  0.000596	     -1.00	    297.70	    341.83	      2.86	      2.54	     50.03	     44.54	8.91	 4.493e-05	      5.68	0	Gaussian	308.781424	43.719652
912	1	  0.002119	  0.000388	     -1.00	    458.24	    181.56	      4.01	      2.58	     70.12	     45.13	-0.91	 6.544e-05	      5.68	0	Gaussian	307.771877	44.512027
913	1	  0.002086	  0.000276	     -1.00	    323.18	    130.30	      4.79	      3.10	     83.78	     54.20	-71.66	 2.722e-05	      5.68	0	Gaussian	308.684680	44.726152
914	1	  0.002114	  0.000663	     -1.00	    143.11	    462.30	      2.76	      2.33	     48.31	     40.73	15.40	 9.953e-05	      5.69	0	Gaussian	309.743234	43.107841
915	1	  0.002068	  0.000521	     -1.00	    366.91	    512.54	      3.40	      2.77	     59.55	     48.40	-5.22	 1.443e-05	      5.69	0	Gaussian	308.277015	42.927567
916	1	  0.002089	  0.000632	     -1.00	    137.77	    575.38	      2.85	      2.29	     49.89	     40.09	-14.83	 4.062e-05	      5.69	0	Gaussian	309.731579	42.571259
917	1	  0.002078	  0.000602	     -1.00	    291.36	    129.65	      2.86	      2.54	     50.13	     44.44	-51.48	 2.380e-05	      5.69	0	Gaussian	308.896662	44.721525
918	1	  0.002130	  0.000731	     -1.00	    224.31	    788.39	      2.61	      2.30	     45.64	     40.32	-6.17	 2.039e-04	      5.69	0	Gaussian	309.099397	41.587667
919	1	  0.002111	  0.000581	     -1.00	    525.88	    106.90	      3.01	      2.60	     52.61	     45.53	-14.96	 8.111e-05	      5.69	0	Gaussian	307.340491	44.876516
920	1	  0.002074	  0.000464	     -1.00	    452.83	    757.42	      3.58	      2.97	     62.59	     51.96	8.24	 2.219e-05	      5.69	0	Gaussian	307.660611	41.785435
921	1	  0.002097	  0.000541	     -1.00	    537.87	    204.01	      2.97	      2.57	     52.01	     45.04	-68.40	 4.509e-05	      5.69	0	Gaussian	307.238784	44.419191
922	1	  0.002099	  0.000666	     -1.00	    140.24	     47.24	      2.72	      2.42	     47.67	     42.35	0.20	 5.580e-05	      5.70	0	Gaussian	309.937825	45.068874
923	1	  0.002082	  0.000598	     -1.00	    258.38	    751.50	      2.89	      2.42	     50.58	     42.42	-25.39	 3.501e-05	      5.70	0	Gaussian	308.896256	41.771026
924	1	  0.002094	  0.000561	     -1.00	    496.90	    705.55	      3.17	      2.64	     55.44	     46.14	-6.32	 7.009e-05	      5.70	0	Gaussian	307.392623	42.038742
925	1	  0.002118	  0.000300	     -1.00	    436.68	    612.45	      4.63	      3.21	     81.05	     56.24	-38.43	 1.458e-04	      5.70	0	Gaussian	307.800110	42.468732
926	1	  0.002061	  0.000516	     -1.00	    712.08	    100.69	      3.28	      2.79	     57.43	     48.77	-11.70	 2.360e-05	      5.70	0	Gaussian	306.099478	44.928312
927	1	  0.002090	  0.000567	     -1.00	    420.41	    190.87	      2.85	      2.69	     49.97	     47.11	-69.96	 2.626e-05	      5.70	0	Gaussian	308.020161	44.460829
928	1	  0.002099	  0.000473	     -1.00	    621.68	    478.61	      3.54	      2.94	     61.88	     51.50	-18.37	 3.493e-05	      5.71	0	Gaussian	306.636048	43.131310
929	1	  0.002127	  0.000618	     -1.00	    646.24	    395.79	      2.81	      2.35	     49.10	     41.20	-51.64	 1.442e-04	      5.71	0	Gaussian	306.490134	43.526166
930	1	  0.002103	  0.000529	     -1.00	    520.39	    589.85	      2.95	      2.66	     51.65	     46.51	-56.30	 9.130e-05	      5.71	0	Gaussian	307.267953	42.590373
931	1	  0.002150	  0.000631	     -1.00	     76.48	     35.62	      2.72	      2.41	     47.55	     42.20	-6.16	 2.237e-04	      5.71	0	Gaussian	310.369781	45.103309
932	1	  0.002079	  0.000600	     -1.00	    106.79	    278.36	      2.89	      2.32	     50.66	     40.61	-24.98	 3.176e-05	      5.71	0	Gaussian	310.058197	43.966538
933	1	  0.002121	  0.000660	     -1.00	    500.44	    614.46	      2.76	      2.21	     48.24	     38.67	-26.30	 1.272e-04	      5.71	0	Gaussian	307.390599	42.470595
934	1	  0.002091	  0.000595	     -1.00	    499.36	    378.41	      2.89	      2.32	     50.50	     40.56	-12.83	 6.695e-05	      5.72	0	Gaussian	307.452150	43.587884
935	1	  0.002084	  0.000611	     -1.00	    312.49	    476.59	      2.82	      2.47	     49.33	     43.18	-20.71	 4.060e-05	      5.72	0	Gaussian	308.640360	43.085463
936	1	  0.002086	  0.000570	     -1.00	    253.08	    676.60	      3.09	      2.60	     54.09	     45.50	-1.18	 3.040e-05	      5.72	0	Gaussian	308.955497	42.124149
937	1	  0.002095	  0.000641	     -1.00	     32.36	    352.31	      2.75	      2.41	     48.10	     42.13	-8.33	 4.064e-05	      5.72	0	Gaussian	310.511902	43.592509
938	1	  0.002111	  0.000529	     -1.00	    480.51	    191.52	      2.85	      2.75	     49.88	     48.09	-44.65	 4.757e-05	      5.73	0	Gaussian	307.621654	44.468902
939	1	  0.002097	  0.000520	     -1.00	    740.78	    105.73	      2.90	      2.79	     50.73	     48.84	9.69	 7.364e-05	      5.73	0	Gaussian	305.907449	44.906743
940	1	  0.002067	  0.000553	     -1.00	    689.53	    740.77	      2.93	      2.60	     51.36	     45.48	-15.30	 3.504e-05	      5.73	0	Gaussian	306.161159	41.897976
941	1	  0.002092	  0.000423	     -1.00	    502.02	    596.35	      3.85	      2.73	     67.37	     47.80	-6.14	 3.424e-05	      5.74	0	Gaussian	307.384541	42.556576
942	1	  0.002161	  0.000408	     -1.00	    262.31	     42.18	      3.85	      2.32	     67.34	     40.55	-18.01	 2.137e-04	      5.74	0	Gaussian	309.122487	45.127483
943	1	  0.002129	  0.000465	     -1.00	    567.61	    119.44	      3.88	      2.04	     67.96	     35.76	-20.40	 2.032e-04	      5.74	0	Gaussian	307.059453	44.823449
944	1	  0.002095	  0.000537	     -1.00	    607.04	    383.58	      3.24	      2.58	     56.72	     45.13	-10.76	 3.758e-05	      5.75	0	Gaussian	306.747964	43.579256
945	1	  0.002123	  0.000553	     -1.00	    511.59	    632.15	      2.81	      2.58	     49.15	     45.23	-10.72	 7.335e-05	      5.76	0	Gaussian	307.315142	42.388667
946	1	  0.002080	  0.000433	     -1.00	    609.76	     57.92	      3.64	      2.86	     63.77	     50.11	-23.57	 3.785e-05	      5.76	0	Gaussian	306.790136	45.119748
947	1	  0.002083	  0.000487	     -1.00	    262.59	    793.91	      2.99	      2.80	     52.29	     49.01	26.97	 3.323e-05	      5.76	0	Gaussian	308.855331	41.571387
948	1	  0.002089	  0.000467	     -1.00	    687.15	    157.21	      3.45	      2.74	     60.45	     47.87	-5.94	 3.791e-05	      5.76	0	Gaussian	306.257476	44.658947
949	1	  0.002082	  0.000565	     -1.00	    746.65	    474.62	      2.93	      2.30	     51.22	     40.21	-23.42	 4.175e-05	      5.76	0	Gaussian	305.826992	43.162632
950	1	  0.002084	  0.000545	     -1.00	    147.88	     71.85	      2.93	      2.45	     51.29	     42.93	23.24	 5.079e-05	      5.76	0	Gaussian	309.876036	44.955030
951	1	  0.002118	  0.000224	     -1.00	    617.88	    568.74	      5.79	      3.27	    101.27	     57.15	-11.05	 8.653e-05	      5.76	0	Gaussian	306.645145	42.704152
952	1	  0.002085	  0.000573	     -1.00	    469.69	    337.38	      2.91	      2.25	     50.91	     39.30	-24.39	 3.870e-05	      5.76	0	Gaussian	307.656203	43.776924
953	1	  0.002106	  0.000577	     -1.00	    791.50	    733.58	      2.88	      2.20	     50.43	     38.57	-21.17	 9.801e-05	      5.76	0	Gaussian	305.514500	41.940496
954	1	  0.002147	  0.000608	     -1.00	    668.82	    703.72	      2.79	      2.15	     48.77	     37.70	5.98	 1.849e-04	      5.77	0	Gaussian	306.297974	42.071156
955	1	  0.002075	  0.000424	     -1.00	    270.92	    191.50	      3.66	      2.94	     63.98	     51.40	2.26	 2.069e-05	      5.77	0	Gaussian	309.010305	44.424050
956	1	  0.002100	  0.000451	     -1.00	    279.30	    465.51	      3.79	      2.64	     66.40	     46.21	-17.75	 8.372e-05	      5.77	0	Gaussian	308.859165	43.129840
957	1	  0.002163	  0.000432	     -1.00	    339.25	     96.81	      3.94	      2.16	     69.02	     37.88	-4.64	 4.639e-04	      5.78	0	Gaussian	308.588746	44.888195
958	1	  0.002106	  0.000581	     -1.00	    707.26	    152.33	      2.83	      2.32	     49.46	     40.65	-22.11	 5.562e-05	      5.78	0	Gaussian	306.124583	44.683835
959	1	  0.002088	  0.000515	     -1.00	    492.36	    368.84	      2.93	      2.61	     51.36	     45.62	-52.62	 5.066e-05	      5.78	0	Gaussian	307.500116	43.631973
960	1	  0.002129	  0.000643	     -1.00	    151.55	    549.51	      2.65	      2.35	     46.39	     41.06	-11.28	 1.374e-04	      5.78	0	Gaussian	309.653407	42.697746
961	1	  0.002116	  0.000360	     -1.00	    681.06	    497.42	      3.45	      2.99	     60.43	     52.37	-17.66	 1.092e-04	      5.78	0	Gaussian	306.248672	43.048890
962	1	  0.002081	  0.000460	     -1.00	    740.46	    203.38	      3.02	      2.83	     52.90	     49.55	-37.80	 2.120e-05	      5.79	0	Gaussian	305.898099	44.445176
963	1	  0.002113	  0.000453	     -1.00	    751.75	    359.61	      3.32	      2.80	     58.19	     48.96	-24.82	 5.028e-05	      5.79	0	Gaussian	305.806272	43.707157
964	1	  0.002093	  0.000472	     -1.00	    142.93	    703.93	      3.21	      2.80	     56.26	     48.96	-10.38	 6.593e-05	      5.80	0	Gaussian	309.647213	41.964641
965	1	  0.002081	  0.000321	     -1.00	    437.02	    722.72	      4.93	      2.68	     86.35	     46.86	2.83	 2.828e-05	      5.80	0	Gaussian	307.769735	41.946761
966	1	  0.002100	  0.000606	     -1.00	    387.34	     14.16	      2.70	      2.48	     47.20	     43.36	2.70	 9.152e-05	      5.80	0	Gaussian	308.293071	45.289309
967	1	  0.002080	  0.000515	     -1.00	     91.79	    227.14	      2.96	      2.43	     51.79	     42.47	-50.67	 2.593e-05	      5.80	0	Gaussian	310.179768	44.203848
968	1	  0.002146	  0.000577	     -1.00	    663.25	    151.83	      2.72	      2.46	     47.62	     43.05	-61.44	 1.386e-04	      5.80	0	Gaussian	306.417056	44.681992
969	1	  0.002085	  0.000537	     -1.00	    667.35	    119.28	      2.93	      2.30	     51.20	     40.22	-23.33	 3.043e-05	      5.80	0	Gaussian	306.394937	44.836262
970	1	  0.002082	  0.000543	     -1.00	    738.43	    613.48	      2.93	      2.22	     51.34	     38.85	-18.41	 4.192e-05	      5.81	0	Gaussian	305.864658	42.504837
971	1	  0.002105	  0.000578	     -1.00	    206.70	    317.17	      2.80	      2.28	     49.09	     39.90	-24.12	 2.025e-04	      5.81	0	Gaussian	309.386536	43.812626
972	1	  0.002082	  0.000548	     -1.00	    249.33	    725.18	      2.85	      2.48	     49.84	     43.41	1.44	 2.278e-05	      5.81	0	Gaussian	308.962645	41.893274
973	1	  0.002095	  0.000313	     -1.00	    548.31	    369.72	      4.05	      3.08	     70.86	     53.85	16.96	 3.701e-05	      5.82	0	Gaussian	307.134288	43.636739
974	1	  0.002104	  0.000371	     -1.00	    442.03	    231.80	      3.55	      3.08	     62.21	     53.94	-1.41	 5.618e-05	      5.82	0	Gaussian	307.865724	44.271396
975	1	  0.002089	  0.000451	     -1.00	    335.83	    658.58	      3.49	      2.74	     61.10	     47.99	-3.56	 4.388e-05	      5.83	0	Gaussian	308.432860	42.229366
976	1	  0.002096	  0.000487	     -1.00	    407.64	    254.64	      2.95	      2.55	     51.67	     44.64	-7.87	 3.906e-05	      5.83	0	Gaussian	308.086378	44.156609
977	1	  0.002083	  0.000506	     -1.00	    233.89	    127.32	      3.01	      2.17	     52.60	     37.96	-33.32	 4.649e-05	      5.83	0	Gaussian	309.280007	44.717688
978	1	  0.002089	  0.000296	     -1.00	    770.54	     29.47	      3.66	      3.66	     64.12	     64.07	-60.40	 3.464e-05	      5.83	0	Gaussian	305.716960	45.268933
979	1	  0.002083	  0.000484	     -1.00	    104.59	    520.12	      2.93	      2.69	     51.30	     47.12	16.48	 2.539e-05	      5.83	0	Gaussian	309.968106	42.822607
980	1	  0.002079	  0.000495	     -1.00	    241.31	    676.90	      2.90	      2.71	     50.82	     47.51	-56.83	 3.063e-05	      5.83	0	Gaussian	309.030452	42.119721
981	1	  0.002087	  0.000418	     -1.00	    456.13	    411.31	      3.50	      2.82	     61.20	     49.40	-3.52	 3.398e-05	      5.83	0	Gaussian	307.726025	43.424587
982	1	  0.002070	  0.000529	     -1.00	    291.35	    650.14	      2.87	      2.51	     50.29	     43.95	-4.94	 2.351e-05	      5.84	0	Gaussian	308.719902	42.258915
983	1	  0.002102	  0.000538	     -1.00	    559.26	    407.10	      2.80	      2.53	     49.02	     44.34	11.44	 7.162e-05	      5.84	0	Gaussian	307.055043	43.461444
984	1	  0.002089	  0.000443	     -1.00	    676.60	     66.66	      3.11	      2.38	     54.43	     41.57	-60.63	 6.211e-05	      5.84	0	Gaussian	306.341318	45.085886
985	1	  0.002097	  0.000473	     -1.00	    618.03	    208.49	      3.37	      2.60	     58.92	     45.47	-5.63	 3.167e-05	      5.84	0	Gaussian	306.707336	44.409014
986	1	  0.002104	  0.000444	     -1.00	    609.93	    481.26	      3.43	      2.73	     59.97	     47.82	-17.82	 3.055e-05	      5.84	0	Gaussian	306.711710	43.117259
987	1	  0.002079	  0.000329	     -1.00	    174.92	    297.58	      4.06	      3.21	     71.11	     56.24	-52.64	 4.615e-05	      5.84	0	Gaussian	309.602725	43.896299
988	1	  0.002091	  0.000387	     -1.00	    790.36	    307.41	      3.78	      2.67	     66.24	     46.75	-17.28	 4.284e-05	      5.84	0	Gaussian	305.558689	43.956569
989	1	  0.002085	  0.000326	     -1.00	    708.29	    164.67	      3.95	      3.04	     69.14	     53.29	10.41	 2.057e-05	      5.84	0	Gaussian	306.116136	44.625585
990	1	  0.002078	  0.000482	     -1.00	    762.74	    657.13	      3.00	      2.44	     52.51	     42.66	-30.84	 5.554e-05	      5.85	0	Gaussian	305.704568	42.300191
991	1	  0.002091	  0.000426	     -1.00	    612.04	    768.28	      3.49	      2.79	     61.12	     48.76	-13.23	 3.979e-05	      5.85	0	Gaussian	306.648622	41.758930
992	1	  0.002102	  0.000414	     -1.00	    474.75	    626.92	      3.45	      2.85	     60.34	     49.83	-9.11	 9.506e-05	      5.85	0	Gaussian	307.552376	42.407183
993	1	  0.002081	  0.000497	     -1.00	    284.78	    344.20	      2.97	      2.30	     52.01	     40.21	-43.16	 2.752e-05	      5.86	0	Gaussian	308.865158	43.705247
994	1	  0.002073	  0.000459	     -1.00	    195.08	    419.46	      3.38	      2.65	     59.21	     46.31	-8.66	 2.084e-05	      5.86	0	Gaussian	309.422872	43.325501
995	1	  0.002115	  0.000477	     -1.00	    269.72	     35.44	      3.54	      2.22	     61.97	     38.90	-8.69	 9.257e-05	      5.86	0	Gaussian	309.075347	45.161205
996	1	  0.002100	  0.000576	     -1.00	     92.45	    298.27	      2.71	      2.41	     47.47	     42.17	-14.93	 6.125e-05	      5.86	0	Gaussian	310.143527	43.867843
997	1	  0.002104	  0.000520	     -1.00	    506.29	    785.10	      3.07	      2.53	     53.77	     44.26	-8.94	 5.715e-05	      5.86	0	Gaussian	307.315376	41.663744
998	1	  0.002109	  0.000505	     -1.00	    380.24	    692.92	      2.82	      2.59	     49.43	     45.27	-75.62	 1.281e-04	      5.86	0	Gaussian	308.139316	42.076473
999	1	  0.002102	  0.000444	     -1.00	    524.72	    225.77	      3.43	      2.63	     60.04	     46.06	-16.58	 4.987e-05	      5.86	0	Gaussian	307.320849	44.314234
1000	1	  0.002097	  0.000409	     -1.00	    528.73	    118.70	      3.45	      2.85	     60.35	     49.80	-14.52	 5.020e-05	      5.86	0	Gaussian	307.318761	44.821172
1001	1	  0.002096	  0.000510	     -1.00	    784.57	    433.46	      2.94	      2.15	     51.47	     37.68	-24.46	 5.979e-05	      5.86	0	Gaussian	305.585127	43.359998
1002	1	  0.002079	  0.000410	     -1.00	    710.99	    240.32	      3.64	      2.74	     63.73	     48.00	-15.06	 1.670e-05	      5.87	0	Gaussian	306.088179	44.268152
1003	1	  0.002122	  0.000444	     -1.00	    569.18	    680.02	      3.66	      2.48	     64.10	     43.35	-20.78	 2.718e-04	      5.87	0	Gaussian	306.937083	42.170880
1004	1	  0.002080	  0.000507	     -1.00	    338.68	    464.18	      2.91	      2.38	     51.01	     41.58	-43.35	 3.065e-05	      5.87	0	Gaussian	308.474538	43.150258
1005	1	  0.002097	  0.000446	     -1.00	    511.89	    476.32	      3.41	      2.65	     59.64	     46.45	-11.58	 7.148e-05	      5.87	0	Gaussian	307.347989	43.126481
1006	1	  0.002079	  0.000349	     -1.00	    183.59	    656.91	      3.54	      3.21	     61.93	     56.19	-2.06	 2.486e-05	      5.88	0	Gaussian	309.406183	42.198733
1007	1	  0.002096	  0.000434	     -1.00	    549.13	    501.70	      3.28	      2.74	     57.45	     47.99	-15.91	 3.574e-05	      5.88	0	Gaussian	307.101383	43.012137
1008	1	  0.002089	  0.000468	     -1.00	    582.43	    237.77	      2.99	      2.40	     52.35	     42.03	-36.14	 2.825e-05	      5.88	0	Gaussian	306.937141	44.265949
1009	1	  0.002084	  0.000517	     -1.00	    353.35	    703.86	      2.82	      2.57	     49.36	     44.99	-39.94	 3.424e-05	      5.88	0	Gaussian	308.307500	42.018901
1010	1	  0.002080	  0.000482	     -1.00	    232.27	    603.51	      2.93	      2.49	     51.36	     43.54	-24.83	 2.675e-05	      5.88	0	Gaussian	309.114200	42.464673
1011	1	  0.002113	  0.000264	     -1.00	    752.20	    346.14	      7.07	      2.30	    123.68	     40.20	-28.27	 6.213e-05	      5.89	0	Gaussian	305.804793	43.770877
1012	1	  0.002097	  0.000476	     -1.00	    557.46	    671.32	      2.94	      2.41	     51.37	     42.11	-2.39	 6.269e-05	      5.89	0	Gaussian	307.013623	42.210334
1013	1	  0.002079	  0.000487	     -1.00	    526.29	    793.57	      2.91	      2.48	     51.00	     43.48	-18.12	 2.975e-05	      5.89	0	Gaussian	307.186951	41.626923
1014	1	  0.002087	  0.000423	     -1.00	     91.12	    593.43	      3.45	      2.67	     60.40	     46.71	-8.62	 3.212e-05	      5.89	0	Gaussian	310.023548	42.471599
1015	1	  0.002076	  0.000453	     -1.00	    130.02	    139.48	      3.34	      2.63	     58.41	     45.95	-11.21	 2.755e-05	      5.89	0	Gaussian	309.965594	44.630088
1016	1	  0.002091	  0.000441	     -1.00	    229.78	      8.24	      3.04	      2.38	     53.19	     41.63	-24.04	 5.610e-05	      5.90	0	Gaussian	309.353763	45.279039
1017	1	  0.002099	  0.000363	     -1.00	     11.27	    395.77	      3.68	      2.78	     64.49	     48.58	-13.54	 3.269e-05	      5.90	0	Gaussian	310.628685	43.379825
1018	1	  0.002080	  0.000503	     -1.00	    715.52	    304.25	      2.90	      2.31	     50.70	     40.51	-15.70	 3.642e-05	      5.91	0	Gaussian	306.050125	43.966133
1019	1	  0.002099	  0.000437	     -1.00	    410.81	    432.46	      2.99	      2.50	     52.40	     43.76	-22.63	 7.215e-05	      5.91	0	Gaussian	308.015391	43.315740
1020	1	  0.002090	  0.000315	     -1.00	    567.65	    262.51	      3.78	      3.16	     66.16	     55.26	8.32	 2.775e-05	      5.91	0	Gaussian	307.029647	44.146842
1021	1	  0.002101	  0.000435	     -1.00	    509.75	    264.80	      3.00	      2.50	     52.56	     43.69	5.92	 4.445e-05	      5.91	0	Gaussian	307.410642	44.127182
1022	1	  0.002097	  0.000488	     -1.00	      6.33	    588.75	      2.82	      2.58	     49.37	     45.18	-50.81	 2.506e-05	      5.91	0	Gaussian	310.569200	42.465831
1023	1	  0.002128	  0.000500	     -1.00	     10.09	    473.88	      2.80	      2.47	     48.98	     43.22	-4.99	 1.747e-04	      5.92	0	Gaussian	310.599096	43.010177
1024	1	  0.002182	  0.000477	     -1.00	    669.32	    549.26	      3.42	      2.17	     59.91	     37.97	-8.15	 5.303e-04	      5.92	0	Gaussian	306.317045	42.802292
1025	1	  0.002103	  0.000483	     -1.00	    207.50	      8.14	      2.79	      2.63	     48.81	     46.03	-38.66	 6.004e-05	      5.92	0	Gaussian	309.503451	45.273354
1026	1	  0.002079	  0.000470	     -1.00	    167.51	    598.70	      2.90	      2.54	     50.78	     44.44	-32.24	 2.076e-05	      5.93	0	Gaussian	309.531457	42.469606
1027	1	  0.002100	  0.000492	     -1.00	    639.60	    614.23	      2.88	      2.26	     50.38	     39.56	-18.87	 5.683e-05	      5.93	0	Gaussian	306.498169	42.491447
1028	1	  0.002101	  0.000532	     -1.00	    134.57	    745.44	      2.79	      2.20	     48.78	     38.48	-15.81	 5.603e-05	      5.93	0	Gaussian	309.683922	41.765780
1029	1	  0.002097	  0.000450	     -1.00	    482.17	    137.45	      3.33	      2.49	     58.34	     43.64	-10.15	 4.103e-05	      5.93	0	Gaussian	307.624335	44.724891
1030	1	  0.002122	  0.000502	     -1.00	    451.82	    286.63	      3.01	      2.42	     52.68	     42.27	-8.87	 1.349e-04	      5.94	0	Gaussian	307.786591	44.013848
1031	1	  0.002080	  0.000435	     -1.00	    788.45	    517.67	      3.04	      2.32	     53.17	     40.64	-38.69	 4.375e-05	      5.94	0	Gaussian	305.552507	42.961824
1032	1	  0.002086	  0.000478	     -1.00	     14.72	    380.74	      2.93	      2.21	     51.32	     38.72	-9.55	 2.247e-05	      5.94	0	Gaussian	310.613406	43.452095
1033	1	  0.002098	  0.000484	     -1.00	    363.40	    223.50	      2.86	      2.36	     50.04	     41.22	-33.19	 4.067e-05	      5.94	0	Gaussian	308.387727	44.294613
1034	1	  0.002125	  0.000380	     -1.00	    754.10	     28.79	      3.57	      2.68	     62.54	     46.90	-21.18	 1.741e-04	      5.95	0	Gaussian	305.827240	45.271101
1035	1	  0.002096	  0.000412	     -1.00	    337.05	    171.97	      3.23	      2.81	     56.50	     49.13	-11.25	 8.867e-05	      5.95	0	Gaussian	308.578632	44.532366
1036	1	  0.002084	  0.000349	     -1.00	    782.17	    416.93	      3.64	      2.92	     63.71	     51.09	-9.55	 2.703e-05	      5.95	0	Gaussian	305.602257	43.438058
1037	1	  0.002150	  0.000436	     -1.00	    761.54	    388.60	      2.90	      2.30	     50.79	     40.31	6.73	 1.087e-04	      5.96	0	Gaussian	305.739336	43.570696
1038	1	  0.002082	  0.000458	     -1.00	    144.78	    155.53	      3.00	      2.08	     52.44	     36.37	-22.65	 6.375e-05	      5.96	0	Gaussian	309.860721	44.558800
1039	1	  0.002120	  0.000473	     -1.00	    534.64	    235.44	      2.87	      2.23	     50.20	     38.97	-47.72	 6.627e-05	      5.96	0	Gaussian	307.253140	44.270046
1040	1	  0.002081	  0.000212	     -1.00	    371.55	    116.81	      3.62	      3.61	     63.28	     63.27	-6.72	 4.178e-05	      5.96	0	Gaussian	308.366869	44.800872
1041	1	  0.002081	  0.000466	     -1.00	    224.69	    502.72	      2.92	      2.31	     51.11	     40.45	-17.90	 4.035e-05	      5.97	0	Gaussian	309.199571	42.939650
1042	1	  0.002092	  0.000340	     -1.00	     66.74	    564.20	      3.41	      3.22	     59.69	     56.38	9.98	 6.075e-05	      5.97	0	Gaussian	310.192693	42.602087
1043	1	  0.002079	  0.000475	     -1.00	     16.27	    619.27	      2.85	      2.48	     49.91	     43.43	-3.82	 1.990e-05	      5.97	0	Gaussian	310.491366	42.324908
1044	1	  0.002086	  0.000413	     -1.00	    479.01	    438.61	      3.36	      2.71	     58.89	     47.43	-7.89	 3.680e-05	      5.97	0	Gaussian	307.570337	43.299413
1045	1	  0.002087	  0.000385	     -1.00	    592.25	    609.41	      3.61	      2.56	     63.23	     44.87	-8.35	 3.073e-05	      5.97	0	Gaussian	306.802693	42.508327
1046	1	  0.002107	  0.000400	     -1.00	    517.59	    253.85	      3.04	      2.46	     53.13	     43.12	-55.74	 4.523e-05	      5.97	0	Gaussian	307.361489	44.180267
1047	1	  0.002083	  0.000413	     -1.00	    212.80	    180.44	      3.07	      2.32	     53.66	     40.63	-60.28	 3.713e-05	      5.97	0	Gaussian	309.399488	44.460832
1048	1	  0.002085	  0.000379	     -1.00	    254.31	    600.99	      3.69	      2.53	     64.63	     44.24	-25.23	 6.159e-05	      5.97	0	Gaussian	308.973741	42.482323
1049	1	  0.002120	  0.000350	     -1.00	    434.88	    662.31	      3.82	      2.45	     66.91	     42.94	27.60	 8.074e-05	      5.98	0	Gaussian	307.798753	42.232301
1050	1	  0.002114	  0.000482	     -1.00	    433.40	    669.73	      2.85	      2.17	     49.87	     37.91	-12.34	 7.047e-05	      5.98	0	Gaussian	307.806354	42.196901
1051	1	  0.002113	  0.000537	     -1.00	    347.07	    788.72	      2.65	      2.29	     46.44	     40.07	-5.50	 8.065e-05	      5.98	0	Gaussian	308.322487	41.615866
1052	1	  0.002084	  0.000342	     -1.00	    477.87	    566.34	      3.95	      2.58	     69.21	     45.09	-0.28	 4.304e-05	      5.99	0	Gaussian	307.546814	42.694547
1053	1	  0.002125	  0.000426	     -1.00	    713.73	    440.80	      3.05	      2.61	     53.41	     45.61	-15.50	 1.205e-04	      5.99	0	Gaussian	306.044493	43.319962
1054	1	  0.002082	  0.000330	     -1.00	    355.31	    770.23	      3.87	      2.67	     67.73	     46.73	-11.86	 2.506e-05	      6.00	0	Gaussian	308.275684	41.705199
1055	1	  0.002110	  0.000494	     -1.00	    447.43	     26.97	      2.72	      2.46	     47.68	     43.14	-53.87	 1.830e-04	      6.00	0	Gaussian	307.885791	45.240768
1056	1	  0.002097	  0.000277	     -1.00	    190.79	    235.86	      4.60	      3.09	     80.57	     54.03	-46.69	 1.104e-04	      6.00	0	Gaussian	309.523083	44.192681
1057	1	  0.002104	  0.000388	     -1.00	     32.74	    490.75	      3.35	      2.68	     58.62	     46.98	2.49	 1.172e-04	      6.00	0	Gaussian	310.444806	42.938170
1058	1	  0.002108	  0.000325	     -1.00	    478.74	    695.66	      3.35	      3.03	     58.69	     52.99	-35.41	 1.366e-04	      6.00	0	Gaussian	307.510616	42.082449
1059	1	  0.002108	  0.000340	     -1.00	    517.96	    623.81	      3.58	      2.96	     62.70	     51.73	-9.06	 8.060e-05	      6.00	0	Gaussian	307.276170	42.429214
1060	1	  0.002082	  0.000443	     -1.00	    555.42	    607.39	      2.96	      2.16	     51.88	     37.83	-16.27	 2.734e-05	      6.01	0	Gaussian	307.039361	42.512690
1061	1	  0.002072	  0.000408	     -1.00	    312.78	    574.44	      3.08	      2.23	     53.85	     39.11	-25.04	 2.381e-05	      6.01	0	Gaussian	308.606910	42.622346
1062	1	  0.002079	  0.000388	     -1.00	    158.77	    331.11	      3.01	      2.71	     52.70	     47.52	-48.12	 2.682e-05	      6.01	0	Gaussian	309.694948	43.732995
1063	1	  0.002096	  0.000430	     -1.00	    324.88	     82.42	      3.42	      2.37	     59.80	     41.40	-13.98	 5.780e-05	      6.01	0	Gaussian	308.689500	44.952831
1064	1	  0.002084	  0.000397	     -1.00	    297.84	    154.77	      3.26	      2.74	     57.01	     47.88	-13.27	 2.507e-05	      6.01	0	Gaussian	308.844788	44.604393
1065	1	  0.002081	  0.000378	     -1.00	     16.90	    286.21	      3.51	      2.72	     61.46	     47.57	-16.45	 2.058e-05	      6.01	0	Gaussian	310.644708	43.899568
1066	1	  0.002082	  0.000441	     -1.00	    267.34	    665.38	      2.95	      2.24	     51.57	     39.13	-20.85	 3.583e-05	      6.02	0	Gaussian	308.868290	42.180860
1067	1	  0.002087	  0.000402	     -1.00	     77.46	    177.83	      2.99	      2.50	     52.40	     43.79	-47.03	 3.842e-05	      6.02	0	Gaussian	310.296923	44.432161
1068	1	  0.002081	  0.000418	     -1.00	    361.50	    568.17	      3.00	      2.26	     52.49	     39.62	-6.14	 4.318e-05	      6.02	0	Gaussian	308.295441	42.663042
1069	1	  0.002130	  0.000449	     -1.00	    609.94	    608.92	      2.90	      2.49	     50.85	     43.57	-5.90	 8.189e-05	      6.03	0	Gaussian	306.689294	42.512954
1070	1	  0.002134	  0.000476	     -1.00	    194.77	    478.23	      2.77	      2.20	     48.44	     38.57	-37.08	 3.595e-04	      6.03	0	Gaussian	309.402301	43.047370
1071	1	  0.002082	  0.000376	     -1.00	    628.50	    303.10	      3.06	      2.58	     53.49	     45.17	-64.26	 2.957e-05	      6.03	0	Gaussian	306.621681	43.962731
1072	1	  0.002083	  0.000356	     -1.00	    727.17	    505.79	      3.44	      2.81	     60.29	     49.22	-14.55	 3.101e-05	      6.04	0	Gaussian	305.949467	43.013547
1073	1	  0.002099	  0.000373	     -1.00	     58.67	    559.72	      3.04	      2.46	     53.26	     43.10	6.00	 6.288e-05	      6.04	0	Gaussian	310.246500	42.620666
1074	1	  0.002096	  0.000421	     -1.00	    146.43	    665.50	      2.91	      2.43	     50.91	     42.52	-3.65	 3.932e-05	      6.04	0	Gaussian	309.640108	42.147476
1075	1	  0.002079	  0.000397	     -1.00	    305.83	    311.43	      3.04	      2.30	     53.25	     40.21	-27.85	 2.659e-05	      6.04	0	Gaussian	308.738367	43.865442
1076	1	  0.002112	  0.000386	     -1.00	    450.74	    148.91	      2.99	      2.37	     52.37	     41.48	-33.89	 4.984e-05	      6.05	0	Gaussian	307.830413	44.665052
1077	1	  0.002184	  0.000537	     -1.00	     88.96	    415.07	      2.52	      2.26	     44.19	     39.58	-68.99	 6.902e-04	      6.05	0	Gaussian	310.114690	43.314517
1078	1	  0.002095	  0.000464	     -1.00	     57.47	    499.46	      2.79	      2.36	     48.82	     41.36	-7.05	 4.012e-05	      6.05	0	Gaussian	310.281202	42.905221
1079	1	  0.002085	  0.000432	     -1.00	    632.37	    776.67	      2.91	      2.33	     50.93	     40.79	-36.85	 5.608e-05	      6.05	0	Gaussian	306.518443	41.721759
1080	1	  0.002091	  0.000381	     -1.00	    709.70	    179.88	      3.06	      2.29	     53.51	     40.08	-26.20	 3.538e-05	      6.06	0	Gaussian	306.104702	44.553799
1081	1	  0.002098	  0.000424	     -1.00	    288.57	    236.24	      2.93	      2.17	     51.25	     38.03	-38.86	 5.949e-05	      6.06	0	Gaussian	308.877728	44.216891
1082	1	  0.002098	  0.000427	     -1.00	    270.63	    456.91	      2.84	      2.52	     49.67	     44.13	-3.49	 8.757e-05	      6.06	0	Gaussian	308.918374	43.168396
1083	1	  0.002092	  0.000388	     -1.00	    710.24	    515.48	      3.40	      2.50	     59.59	     43.74	-10.70	 5.817e-05	      6.07	0	Gaussian	306.057675	42.966189
1084	1	  0.002089	  0.000400	     -1.00	    345.47	    619.49	      2.91	      2.56	     50.97	     44.89	-16.90	 4.298e-05	      6.07	0	Gaussian	308.383028	42.416542
1085	1	  0.002142	  0.000488	     -1.00	    413.13	    175.27	      2.83	      2.27	     49.52	     39.69	-8.47	 2.313e-04	      6.07	0	Gaussian	308.072882	44.533127
1086	1	  0.002081	  0.000368	     -1.00	    755.56	    137.41	      3.03	      2.64	     53.03	     46.19	-38.06	 2.756e-05	      6.07	0	Gaussian	305.805450	44.758096
1087	1	  0.002107	  0.000418	     -1.00	    379.72	    320.61	      2.94	      2.04	     51.51	     35.62	-30.86	 9.237e-05	      6.08	0	Gaussian	308.250631	43.838737
1088	1	  0.002121	  0.000410	     -1.00	    611.08	    504.56	      3.18	      2.46	     55.59	     43.03	-9.01	 7.303e-05	      6.08	0	Gaussian	306.700154	43.007148
1089	1	  0.002127	  0.000332	     -1.00	    294.55	     77.43	      4.19	      2.33	     73.31	     40.70	-27.64	 1.335e-04	      6.08	0	Gaussian	308.893915	44.969119
1090	1	  0.002133	  0.000363	     -1.00	    623.29	    108.74	      3.42	      2.51	     59.88	     43.92	-4.56	 1.989e-04	      6.08	0	Gaussian	306.690360	44.881226
1091	1	  0.002069	  0.000381	     -1.00	    278.44	    610.82	      2.99	      2.63	     52.41	     46.10	-57.35	 2.024e-05	      6.09	0	Gaussian	308.815591	42.441865
1092	1	  0.002147	  0.000468	     -1.00	    746.46	    772.49	      2.74	      2.06	     47.92	     35.99	-18.80	 2.122e-04	      6.09	0	Gaussian	305.796414	41.753103
1093	1	  0.002119	  0.000465	     -1.00	    443.57	     79.43	      2.78	      2.08	     48.67	     36.42	-31.75	 1.611e-04	      6.09	0	Gaussian	307.897106	44.992147
1094	1	  0.002100	  0.000343	     -1.00	    226.87	    527.64	      3.73	      2.46	     65.32	     43.06	-10.11	 1.546e-04	      6.09	0	Gaussian	309.176338	42.822307
1095	1	  0.002120	  0.000423	     -1.00	    297.29	    437.87	      2.79	      2.49	     48.78	     43.50	-72.17	 1.666e-04	      6.09	0	Gaussian	308.751771	43.265090
1096	1	  0.002103	  0.000447	     -1.00	    584.50	    665.71	      2.79	      2.29	     48.88	     40.17	-39.98	 6.429e-05	      6.10	0	Gaussian	306.841953	42.240765
1097	1	  0.002075	  0.000418	     -1.00	    162.33	    193.63	      2.90	      2.36	     50.81	     41.35	-56.00	 2.090e-05	      6.10	0	Gaussian	309.728354	44.384053
1098	1	  0.002109	  0.000414	     -1.00	    308.77	    352.28	      2.88	      2.24	     50.47	     39.29	-25.52	 9.229e-05	      6.10	0	Gaussian	308.705412	43.672869
1099	1	  0.002113	  0.000398	     -1.00	    542.97	    536.15	      3.13	      2.54	     54.72	     44.49	-7.02	 8.461e-05	      6.10	0	Gaussian	307.134043	42.848099
1100	1	  0.002073	  0.000394	     -1.00	    351.40	    505.61	      3.02	      2.15	     52.87	     37.54	-41.83	 2.462e-05	      6.11	0	Gaussian	308.379353	42.956986
1101	1	  0.002118	  0.000393	     -1.00	    231.92	    385.70	      3.04	      2.56	     53.20	     44.86	-9.23	 2.055e-04	      6.13	0	Gaussian	309.195712	43.495301
1102	1	  0.002107	  0.000421	     -1.00	     42.41	    137.78	      2.79	      2.41	     48.81	     42.20	-65.90	 1.399e-04	      6.13	0	Gaussian	310.548116	44.609516
1103	1	  0.002090	  0.000394	     -1.00	    137.78	     69.23	      2.92	      2.31	     51.19	     40.40	-49.90	 6.998e-05	      6.13	0	Gaussian	309.944682	44.964319
1104	1	  0.002178	  0.000514	     -1.00	    116.84	     62.51	      2.74	      2.10	     47.94	     36.68	-0.70	 2.113e-04	      6.14	0	Gaussian	310.087519	44.989498
1105	1	  0.002079	  0.000400	     -1.00	    787.55	    609.62	      2.93	      2.23	     51.36	     38.98	-29.77	 4.437e-05	      6.14	0	Gaussian	305.550284	42.526694
1106	1	  0.002086	  0.000369	     -1.00	    158.52	    518.31	      2.93	      2.55	     51.20	     44.66	-47.96	 2.711e-05	      6.15	0	Gaussian	309.620906	42.847406
1107	1	  0.002120	  0.000360	     -1.00	    376.55	     14.54	      2.76	      2.75	     48.39	     48.08	-46.99	 2.101e-04	      6.16	0	Gaussian	308.365478	45.285178
1108	1	  0.002102	  0.000413	     -1.00	    232.68	    518.76	      2.77	      2.43	     48.54	     42.55	-18.64	 1.066e-04	      6.16	0	Gaussian	309.142072	42.865865
1109	1	  0.002100	  0.000309	     -1.00	    694.17	    569.40	      3.66	      2.58	     64.14	     45.10	-3.09	 1.306e-04	      6.17	0	Gaussian	306.154249	42.709496
1110	1	  0.002109	  0.000362	     -1.00	    363.64	    614.97	      2.88	      2.58	     50.47	     45.23	-36.02	 1.919e-04	      6.17	0	Gaussian	308.267891	42.441924
1111	1	  0.002145	  0.000431	     -1.00	    703.35	    409.66	      2.68	      2.33	     46.88	     40.71	-66.78	 7.832e-05	      6.17	0	Gaussian	306.116022	43.466383
1112	1	  0.002123	  0.000249	     -1.00	    527.77	    472.32	      4.66	      2.44	     81.58	     42.68	-9.13	 2.010e-04	      6.17	0	Gaussian	307.245948	43.147966
1113	1	  0.002100	  0.000395	     -1.00	    771.47	    439.27	      2.89	      2.15	     50.51	     37.55	-12.03	 5.465e-05	      6.18	0	Gaussian	305.669677	43.331637
1114	1	  0.002096	  0.000359	     -1.00	    779.48	    454.34	      3.01	      2.08	     52.67	     36.42	-45.83	 5.330e-05	      6.18	0	Gaussian	305.616231	43.260886
1115	1	  0.002101	  0.000269	     -1.00	    606.98	    582.26	      3.59	      3.11	     62.86	     54.36	-29.51	 3.565e-05	      6.18	0	Gaussian	306.712928	42.638805
1116	1	  0.002162	  0.000368	     -1.00	    470.58	    179.95	      2.77	      2.42	     48.56	     42.35	-39.66	 1.983e-04	      6.19	0	Gaussian	307.690429	44.521853
1117	1	  0.002086	  0.000354	     -1.00	    308.47	    466.90	      2.96	      2.45	     51.79	     42.87	-54.80	 6.669e-05	      6.20	0	Gaussian	308.669561	43.130362
1118	1	  0.002201	  0.000430	     -1.00	    663.35	    495.30	      2.56	      2.31	     44.84	     40.38	-58.83	 1.837e-04	      6.21	0	Gaussian	306.363531	43.057075
1119	1	  0.002098	  0.000319	     -1.00	    342.94	    706.70	      3.12	      2.82	     54.62	     49.39	-10.49	 1.077e-04	      6.21	0	Gaussian	308.372967	42.003142
1120	1	  0.002083	  0.000374	     -1.00	     56.55	    447.66	      2.92	      2.26	     51.15	     39.55	-25.88	 2.528e-05	      6.21	0	Gaussian	310.310514	43.149887
1121	1	  0.002123	  0.000423	     -1.00	    199.51	    769.53	      2.68	      2.31	     46.97	     40.46	-22.01	 1.358e-04	      6.21	0	Gaussian	309.263122	41.670294
1122	1	  0.002108	  0.000355	     -1.00	    575.90	    635.52	      3.12	      2.59	     54.69	     45.28	-7.18	 7.928e-05	      6.21	0	Gaussian	306.902630	42.382454
1123	1	  0.002099	  0.000367	     -1.00	    142.59	     56.54	      2.97	      1.92	     51.92	     33.62	-27.99	 8.012e-05	      6.22	0	Gaussian	309.918057	45.025680
1124	1	  0.002103	  0.000407	     -1.00	    137.40	    681.31	      2.77	      2.23	     48.49	     39.00	-15.33	 5.292e-05	      6.23	0	Gaussian	309.691402	42.070007
1125	1	  0.002086	  0.000374	     -1.00	    253.27	    416.30	      2.90	      2.19	     50.75	     38.26	-13.90	 3.413e-05	      6.24	0	Gaussian	309.045456	43.356117
1126	1	  0.002101	  0.000303	     -1.00	    738.55	    353.52	      3.11	      2.25	     54.37	     39.39	-67.66	 3.469e-05	      6.24	0	Gaussian	305.893268	43.734962
1127	1	  0.002110	  0.000363	     -1.00	    171.57	    718.86	      2.76	      2.59	     48.39	     45.29	-34.59	 8.209e-05	      6.24	0	Gaussian	309.459293	41.902262
1128	1	  0.002114	  0.000348	     -1.00	    586.35	    674.89	      2.82	      2.58	     49.37	     45.11	-65.25	 7.261e-05	      6.25	0	Gaussian	306.828476	42.197549
1129	1	  0.002145	  0.000381	     -1.00	    217.02	    132.15	      3.20	      2.27	     56.03	     39.65	-23.43	 4.539e-04	      6.25	0	Gaussian	309.390378	44.690259
1130	1	  0.002110	  0.000344	     -1.00	    731.51	    384.82	      2.89	      2.41	     50.63	     42.19	-61.17	 1.383e-04	      6.26	0	Gaussian	305.935608	43.586308
1131	1	  0.002102	  0.000373	     -1.00	    101.82	    289.27	      2.92	      1.81	     51.16	     31.76	-55.61	 7.778e-05	      6.26	0	Gaussian	310.086034	43.913393
1132	1	  0.002130	  0.000277	     -1.00	    442.89	    672.62	      3.65	      2.54	     63.96	     44.51	4.50	 9.293e-05	      6.26	0	Gaussian	307.744983	42.185028
1133	1	  0.002092	  0.000328	     -1.00	    492.43	    557.60	      2.99	      2.31	     52.28	     40.39	-50.26	 3.857e-05	      6.27	0	Gaussian	307.455122	42.738417
1134	1	  0.002111	  0.000265	     -1.00	    380.18	    708.71	      3.77	      2.54	     66.04	     44.42	-39.93	 1.155e-04	      6.27	0	Gaussian	308.135257	42.001717
1135	1	  0.002151	  0.000434	     -1.00	    449.30	    680.12	      2.53	      2.30	     44.35	     40.19	-7.10	 2.026e-04	      6.27	0	Gaussian	307.702198	42.150722
1136	1	  0.002102	  0.000361	     -1.00	    664.66	     85.26	      2.94	      1.87	     51.50	     32.72	-44.96	 7.332e-05	      6.27	0	Gaussian	306.418221	44.996777
1137	1	  0.002102	  0.000330	     -1.00	    616.61	    425.15	      3.00	      2.10	     52.57	     36.84	-27.98	 4.765e-05	      6.27	0	Gaussian	306.678196	43.383727
1138	1	  0.002121	  0.000324	     -1.00	    113.61	     80.67	      2.99	      1.93	     52.41	     33.82	74.93	 8.405e-05	      6.28	0	Gaussian	310.100957	44.902707
1139	1	  0.002113	  0.000300	     -1.00	    628.52	    446.23	      2.98	      2.48	     52.14	     43.43	63.86	 1.443e-04	      6.28	0	Gaussian	306.597187	43.285369
1140	1	  0.002107	  0.000345	     -1.00	    789.65	    635.41	      2.93	      2.09	     51.28	     36.54	-26.72	 2.013e-04	      6.28	0	Gaussian	305.534576	42.404806
1141	1	  0.002144	  0.000397	     -1.00	    611.44	    155.22	      2.68	      2.18	     46.91	     38.13	-33.02	 1.136e-04	      6.29	0	Gaussian	306.760785	44.660098
1142	1	  0.002086	  0.000310	     -1.00	    162.43	    472.97	      2.97	      2.65	     52.05	     46.41	-40.01	 2.397e-05	      6.29	0	Gaussian	309.613750	43.063036
1143	1	  0.002152	  0.000423	     -1.00	    192.47	    769.81	      2.54	      2.28	     44.42	     39.99	-11.58	 1.813e-04	      6.30	0	Gaussian	309.307594	41.667027
1144	1	  0.002116	  0.000345	     -1.00	    459.47	    529.40	      2.80	      2.24	     49.09	     39.16	0.08	 1.827e-04	      6.34	0	Gaussian	307.674471	42.866126
1145	1	  0.002127	  0.000309	     -1.00	    703.80	    356.90	      3.27	      2.50	     57.30	     43.79	-25.71	 1.013e-04	      6.36	0	Gaussian	306.120010	43.716035
1146	1	  0.002117	  0.000332	     -1.00	    659.46	    418.26	      2.83	      2.15	     49.56	     37.60	-11.27	 5.757e-05	      6.38	0	Gaussian	306.400487	43.421269
1147	1	  0.002132	  0.000348	     -1.00	     81.11	    344.80	      2.61	      2.32	     45.71	     40.68	-9.94	 2.577e-04	      6.38	0	Gaussian	310.197021	43.644260
1148	1	  0.002135	  0.000330	     -1.00	    745.49	    161.01	      2.76	      2.18	     48.34	     38.18	-55.39	 2.347e-04	      6.42	0	Gaussian	305.869682	44.645824
1149	1	  0.002156	  0.000364	     -1.00	    704.88	    402.46	      2.73	      2.23	     47.85	     38.98	7.02	 2.373e-04	      6.42	0	Gaussian	306.106981	43.500579
1150	1	  0.002112	  0.000298	     -1.00	    765.65	    104.75	      2.94	      2.04	     51.40	     35.72	-73.53	 1.250e-04	      6.43	0	Gaussian	305.741783	44.913079
1151	1	  0.002137	  0.000291	     -1.00	    274.98	    750.99	      2.99	      2.50	     52.35	     43.81	3.08	 2.487e-04	      6.47	0	Gaussian	308.791062	41.777573
1152	1	  0.002131	  0.000309	     -1.00	    486.45	    300.76	      2.72	      2.29	     47.69	     40.04	-25.10	 2.141e-04	      6.50	0	Gaussian	307.555348	43.953137
1153	1	  0.002127	  0.000291	     -1.00	     81.66	    492.46	      3.05	      2.05	     53.31	     35.82	8.35	 1.804e-04	      6.59	0	Gaussian	310.128058	42.946171
1154	1	  0.002128	  0.000222	     -1.00	    576.83	      6.31	      3.01	      2.68	     52.71	     46.99	-39.63	 6.193e-05	      6.62	0	Gaussian	307.021341	45.359319
1155	1	  0.002154	  0.000264	     -1.00	    736.03	    420.94	      3.08	      2.26	     53.87	     39.57	-12.54	 2.763e-04	      6.67	0	Gaussian	305.901959	43.415792
1156	1	  0.002142	  0.000422	     -1.00	    388.95	    308.80	      2.23	      1.89	     39.09	     33.09	46.96	 2.175e-04	      6.67	0	Gaussian	308.193569	43.896528
1157	1	  0.002136	  0.000339	     -1.00	    733.87	    132.21	      1.70	      1.26	     29.76	     22.02	-63.10	 2.263e-04	      6.85	0	Gaussian	305.950292	44.781078
1158	1	  0.002126	  0.000154	     -1.00	    537.91	    551.87	      2.13	      1.94	     37.21	     34.04	18.63	 1.217e-04	      7.07	0	Gaussian	307.163365	42.772894
1159	1	  0.002160	  0.000377	     -1.00	    492.98	    178.05	      2.37	      1.55	     41.44	     27.14	-3.49	 1.491e-04	      7.13	0	Gaussian	307.542329	44.534744
1160	1	  0.002125	  0.000259	     -1.00	    657.88	    467.19	      1.22	      1.02	     21.38	     17.87	-57.86	 1.381e-04	      7.23	0	Gaussian	306.403242	43.189519
1161	1	  0.002189	  0.000449	     -1.00	    599.96	    135.52	      2.14	      1.51	     37.46	     26.41	-62.82	 2.174e-04	    999.00	0	Gaussian	306.840825	44.751784
