# 941 stars found using the following parameters:
# sigma=1.00 roundness=0.10 radius=5 relax=1 profile=0 minbeta=1.5 max_stars=0 layer=1 minA=0.00 maxA=0.00 maxR=1.00
# star#	layer	B	A	beta	X	Y	FWHMx [px]	FWHMy [px]	FWHMx ["]	FWHMy ["]	angle	RMSE	mag	Sat	Profile	RA	Dec
1	1	  0.002693	  0.758820	     -1.00	    375.53	    181.74	      2.77	      2.46	     48.41	     43.05	51.34	 4.391e-03	     -1.92	0	Gaussian	314.293326	41.167153
2	1	  0.001769	  0.150761	     -1.00	    395.70	    353.54	      2.51	      2.30	     43.97	     40.20	35.04	 8.849e-04	      0.02	0	Gaussian	314.628922	41.939925
3	1	  0.001902	  0.113696	     -1.00	    619.54	    332.36	      2.61	      2.40	     45.65	     42.01	57.23	 1.421e-03	      0.23	0	Gaussian	315.967132	41.627504
4	1	  0.001656	  0.111033	     -1.00	    414.06	    440.84	      2.54	      2.30	     44.47	     40.29	38.37	 4.219e-04	      0.33	0	Gaussian	314.852580	42.324452
5	1	  0.001722	  0.090010	     -1.00	    524.31	     14.18	      2.59	      2.33	     45.35	     40.81	30.87	 5.607e-04	      0.53	0	Gaussian	314.982546	40.260303
6	1	  0.001658	  0.092906	     -1.00	    283.26	     63.46	      2.49	      2.30	     43.52	     40.25	40.80	 5.880e-04	      0.55	0	Gaussian	313.593005	40.703097
7	1	  0.001607	  0.092505	     -1.00	    178.86	    413.28	      2.47	      2.30	     43.25	     40.30	31.79	 2.703e-04	      0.56	0	Gaussian	313.360285	42.410271
8	1	  0.001619	  0.084490	     -1.00	    275.42	    509.39	      2.33	      2.31	     40.82	     40.48	51.44	 5.752e-04	      0.72	0	Gaussian	314.078150	42.768617
9	1	  0.001571	  0.075879	     -1.00	    243.84	    645.29	      2.53	      2.35	     44.23	     41.19	44.78	 2.316e-04	      0.73	0	Gaussian	314.048180	43.424335
10	1	  0.001601	  0.078651	     -1.00	    217.53	    627.71	      2.35	      2.33	     41.11	     40.84	86.28	 4.325e-04	      0.78	0	Gaussian	313.860387	43.367071
11	1	  0.001609	  0.067130	     -1.00	    246.72	    448.53	      2.46	      2.31	     42.99	     40.41	54.31	 3.051e-04	      0.91	0	Gaussian	313.824943	42.513547
12	1	  0.001624	  0.061986	     -1.00	    475.55	    156.67	      2.48	      2.27	     43.42	     39.79	44.51	 3.818e-04	      1.00	0	Gaussian	314.868140	40.960127
13	1	  0.001565	  0.057709	     -1.00	    232.37	    746.27	      2.41	      2.34	     42.27	     40.98	-35.70	 3.828e-04	      1.08	0	Gaussian	314.101770	43.900513
14	1	  0.001646	  0.053285	     -1.00	    568.94	    101.24	      2.58	      2.33	     45.21	     40.74	40.44	 2.671e-04	      1.10	0	Gaussian	315.359331	40.617785
15	1	  0.001619	  0.052695	     -1.00	    418.18	    231.57	      2.43	      2.33	     42.61	     40.85	55.13	 3.403e-04	      1.18	0	Gaussian	314.613941	41.357704
16	1	  0.001632	  0.053005	     -1.00	     72.29	    387.65	      2.39	      2.31	     41.89	     40.38	44.24	 3.622e-04	      1.20	0	Gaussian	312.665960	42.381954
17	1	  0.001623	  0.047177	     -1.00	    363.27	    292.69	      2.53	      2.36	     44.24	     41.38	39.97	 4.043e-04	      1.24	0	Gaussian	314.354360	41.689521
18	1	  0.001870	  0.049155	     -1.00	    289.27	    540.03	      2.48	      2.31	     43.33	     40.38	39.91	 1.021e-03	      1.24	0	Gaussian	314.202604	42.897335
19	1	  0.001537	  0.044158	     -1.00	    334.12	    450.84	      2.53	      2.35	     44.25	     41.18	48.24	 1.420e-04	      1.32	0	Gaussian	314.370758	42.444989
20	1	  0.001554	  0.040631	     -1.00	     19.42	    244.94	      2.44	      2.41	     42.65	     42.19	87.74	 1.537e-04	      1.42	0	Gaussian	312.179710	41.762793
21	1	  0.001587	  0.040108	     -1.00	    241.39	    130.65	      2.44	      2.29	     42.64	     40.07	53.51	 2.531e-04	      1.49	0	Gaussian	313.416438	41.049476
22	1	  0.001569	  0.039617	     -1.00	    269.34	    250.42	      2.41	      2.30	     42.13	     40.18	70.95	 2.378e-04	      1.51	0	Gaussian	313.727457	41.578552
23	1	  0.001536	  0.035451	     -1.00	    423.07	    746.82	      2.53	      2.37	     44.24	     41.56	42.89	 1.378e-04	      1.54	0	Gaussian	315.309284	43.721683
24	1	  0.001570	  0.031038	     -1.00	    410.77	    572.14	      2.59	      2.40	     45.30	     42.02	41.04	 1.419e-04	      1.65	0	Gaussian	315.001588	42.931334
25	1	  0.001605	  0.031205	     -1.00	    194.12	    714.76	      2.49	      2.37	     43.61	     41.50	34.56	 3.139e-04	      1.70	0	Gaussian	313.819341	43.790015
26	1	  0.001548	  0.032702	     -1.00	     67.46	     70.61	      2.42	      2.30	     42.30	     40.17	39.55	 2.271e-04	      1.72	0	Gaussian	312.287913	40.915363
27	1	  0.001597	  0.026600	     -1.00	    601.97	     41.18	      2.69	      2.43	     47.15	     42.48	33.11	 3.477e-04	      1.76	0	Gaussian	315.479550	40.311067
28	1	  0.001526	  0.029972	     -1.00	    161.91	    317.07	      2.41	      2.41	     42.17	     42.17	-54.03	 1.602e-04	      1.76	0	Gaussian	313.143110	41.979631
29	1	  0.001526	  0.028343	     -1.00	    533.30	    742.54	      2.51	      2.35	     43.94	     41.14	43.51	 1.932e-04	      1.81	0	Gaussian	315.995376	43.591837
30	1	  0.001530	  0.026744	     -1.00	    449.06	     94.51	      2.52	      2.34	     44.10	     40.90	58.64	 1.681e-04	      1.87	0	Gaussian	314.631177	40.698764
31	1	  0.001532	  0.022255	     -1.00	    659.77	     38.90	      2.72	      2.57	     47.65	     44.90	41.72	 1.362e-04	      1.89	0	Gaussian	315.820158	40.245091
32	1	  0.001600	  0.026718	     -1.00	     70.63	    684.23	      2.48	      2.34	     43.43	     40.92	17.72	 2.660e-04	      1.89	0	Gaussian	312.996082	43.757581
33	1	  0.001568	  0.024920	     -1.00	    387.50	    596.22	      2.52	      2.34	     44.08	     41.02	53.50	 1.214e-04	      1.94	0	Gaussian	314.887777	43.064273
34	1	  0.001537	  0.022235	     -1.00	      9.28	    233.11	      2.42	      2.33	     42.39	     40.70	42.85	 7.265e-05	      2.12	0	Gaussian	312.104111	41.715964
35	1	  0.001556	  0.019935	     -1.00	    681.63	    210.38	      2.63	      2.37	     46.03	     41.43	34.78	 1.529e-04	      2.13	0	Gaussian	316.177530	41.007775
36	1	  0.001552	  0.018627	     -1.00	    401.35	    707.28	      2.70	      2.37	     47.17	     41.46	42.54	 1.262e-04	      2.17	0	Gaussian	315.119941	43.561375
37	1	  0.001534	  0.019357	     -1.00	    609.95	    508.28	      2.53	      2.40	     44.24	     42.09	42.55	 1.534e-04	      2.18	0	Gaussian	316.147295	42.442204
38	1	  0.001537	  0.019654	     -1.00	    372.26	    642.59	      2.46	      2.42	     43.05	     42.37	77.19	 1.666e-04	      2.19	0	Gaussian	314.852561	43.292078
39	1	  0.001516	  0.018657	     -1.00	    128.16	    554.65	      2.43	      2.41	     42.48	     42.20	35.35	 8.586e-05	      2.27	0	Gaussian	313.208717	43.108290
40	1	  0.001533	  0.018395	     -1.00	    263.50	    102.64	      2.50	      2.32	     43.69	     40.60	41.10	 1.198e-04	      2.30	0	Gaussian	313.518580	40.901048
41	1	  0.001531	  0.016803	     -1.00	    543.07	     33.78	      2.53	      2.43	     44.20	     42.51	41.65	 1.441e-04	      2.33	0	Gaussian	315.119082	40.332771
42	1	  0.001511	  0.016892	     -1.00	     64.18	    119.09	      2.44	      2.44	     42.67	     42.66	-36.54	 9.475e-05	      2.35	0	Gaussian	312.319969	41.142893
43	1	  0.001547	  0.016162	     -1.00	    615.33	    519.82	      2.52	      2.45	     44.18	     42.85	44.90	 2.069e-04	      2.36	0	Gaussian	316.196151	42.489500
44	1	  0.001522	  0.016023	     -1.00	    420.91	    132.94	      2.62	      2.39	     45.81	     41.77	40.25	 7.918e-05	      2.36	0	Gaussian	314.508655	40.901267
45	1	  0.001540	  0.016512	     -1.00	    467.52	     56.11	      2.52	      2.35	     44.11	     41.20	40.54	 1.034e-04	      2.39	0	Gaussian	314.694787	40.505302
46	1	  0.001511	  0.016975	     -1.00	    149.75	    450.49	      2.45	      2.35	     42.85	     41.09	35.97	 8.461e-05	      2.39	0	Gaussian	313.222166	42.607618
47	1	  0.001504	  0.014906	     -1.00	    587.59	    250.84	      2.66	      2.40	     46.64	     42.02	30.64	 1.099e-04	      2.41	0	Gaussian	315.665552	41.285608
48	1	  0.001587	  0.014256	     -1.00	    742.15	    216.86	      2.63	      2.53	     45.98	     44.27	62.46	 3.249e-04	      2.43	0	Gaussian	316.548487	40.976486
49	1	  0.001543	  0.016065	     -1.00	    416.38	    294.62	      2.42	      2.38	     42.29	     41.64	-2.68	 1.441e-04	      2.45	0	Gaussian	314.681695	41.649531
50	1	  0.001589	  0.015991	     -1.00	    263.98	    585.38	      2.41	      2.35	     42.15	     41.19	52.25	 2.367e-04	      2.47	0	Gaussian	314.100552	43.129604
51	1	  0.001542	  0.015038	     -1.00	     88.94	    444.43	      2.50	      2.38	     43.77	     41.68	39.21	 7.031e-05	      2.48	0	Gaussian	312.834459	42.631283
52	1	  0.001528	  0.014336	     -1.00	    428.78	    706.78	      2.58	      2.40	     45.24	     42.02	22.64	 7.651e-05	      2.49	0	Gaussian	315.291657	43.532348
53	1	  0.001508	  0.015501	     -1.00	    135.47	    420.34	      2.41	      2.38	     42.10	     41.60	-32.72	 1.010e-04	      2.50	0	Gaussian	313.097883	42.480261
54	1	  0.001596	  0.013093	     -1.00	    771.06	    762.86	      2.59	      2.58	     45.39	     45.16	30.42	 1.881e-04	      2.50	0	Gaussian	317.502992	43.433436
55	1	  0.001573	  0.014225	     -1.00	    367.98	    202.48	      2.52	      2.34	     44.18	     40.88	50.88	 1.106e-04	      2.55	0	Gaussian	314.272674	41.269570
56	1	  0.001534	  0.014414	     -1.00	    214.32	    666.45	      2.46	      2.35	     43.14	     41.09	50.48	 2.634e-04	      2.56	0	Gaussian	313.887845	43.548782
57	1	  0.001511	  0.014360	     -1.00	    175.62	    475.65	      2.45	      2.34	     42.87	     40.90	51.38	 7.025e-05	      2.57	0	Gaussian	313.413592	42.701583
58	1	  0.001508	  0.013077	     -1.00	    535.53	    109.13	      2.59	      2.41	     45.29	     42.13	33.01	 8.505e-05	      2.58	0	Gaussian	315.169140	40.685626
59	1	  0.001564	  0.014307	     -1.00	     17.10	    433.37	      2.44	      2.31	     42.64	     40.38	32.65	 1.539e-04	      2.59	0	Gaussian	312.371185	42.639451
60	1	  0.001540	  0.011226	     -1.00	    486.33	    308.07	      2.73	      2.54	     47.72	     44.51	62.47	 1.974e-04	      2.63	0	Gaussian	315.125619	41.645671
61	1	  0.001514	  0.012318	     -1.00	    587.84	    772.21	      2.53	      2.50	     44.29	     43.81	44.83	 8.380e-05	      2.63	0	Gaussian	316.377976	43.671422
62	1	  0.001565	  0.012463	     -1.00	    270.54	     61.84	      2.52	      2.46	     44.12	     42.98	6.61	 1.247e-04	      2.65	0	Gaussian	313.514091	40.706561
63	1	  0.001545	  0.012043	     -1.00	    591.90	    337.35	      2.66	      2.40	     46.54	     41.97	44.25	 1.002e-04	      2.65	0	Gaussian	315.806085	41.677726
64	1	  0.001574	  0.013537	     -1.00	    244.35	    190.48	      2.44	      2.30	     42.62	     40.24	70.62	 2.326e-04	      2.66	0	Gaussian	313.503919	41.323433
65	1	  0.001525	  0.010988	     -1.00	    714.60	    486.63	      2.72	      2.44	     47.68	     42.64	38.89	 9.700e-05	      2.70	0	Gaussian	316.756769	42.235808
66	1	  0.001512	  0.012237	     -1.00	    239.04	    492.96	      2.54	      2.36	     44.42	     41.30	57.26	 4.594e-05	      2.70	0	Gaussian	313.830898	42.725566
67	1	  0.001507	  0.011915	     -1.00	     57.84	    220.26	      2.52	      2.42	     44.06	     42.28	57.49	 5.841e-05	      2.71	0	Gaussian	312.390693	41.617364
68	1	  0.001565	  0.010600	     -1.00	    706.64	    249.73	      2.74	      2.47	     47.95	     43.25	24.44	 1.205e-04	      2.72	0	Gaussian	316.380699	41.162515
69	1	  0.001493	  0.010405	     -1.00	    725.09	     74.62	      2.76	      2.43	     48.32	     42.52	23.91	 8.848e-05	      2.76	0	Gaussian	316.254686	40.344315
70	1	  0.001513	  0.011512	     -1.00	    281.05	    201.40	      2.59	      2.34	     45.39	     40.99	35.44	 6.005e-05	      2.76	0	Gaussian	313.741106	41.341918
71	1	  0.001522	  0.004159	     -1.00	    690.19	    685.47	      5.85	      2.83	    102.45	     49.46	72.42	 1.987e-04	      2.76	0	Gaussian	316.890172	43.168251
72	1	  0.001559	  0.010320	     -1.00	    784.77	    715.27	      2.71	      2.50	     47.39	     43.68	50.48	 1.257e-04	      2.76	0	Gaussian	317.516819	43.202172
73	1	  0.001510	  0.010992	     -1.00	    289.63	    630.07	      2.50	      2.47	     43.75	     43.32	-61.91	 6.778e-05	      2.78	0	Gaussian	314.317639	43.312073
74	1	  0.001557	  0.011043	     -1.00	     86.42	     32.25	      2.53	      2.35	     44.25	     41.09	35.15	 9.349e-05	      2.82	0	Gaussian	312.362434	40.722337
75	1	  0.001532	  0.011157	     -1.00	    172.69	    401.92	      2.51	      2.32	     43.85	     40.69	47.62	 7.581e-05	      2.83	0	Gaussian	313.308516	42.363074
76	1	  0.001653	  0.011672	     -1.00	     51.88	    380.59	      2.43	      2.26	     42.52	     39.62	28.60	 5.180e-04	      2.84	0	Gaussian	312.530499	42.366080
77	1	  0.001521	  0.011256	     -1.00	    361.50	     68.51	      2.49	      2.29	     43.60	     40.12	46.30	 7.127e-05	      2.84	0	Gaussian	314.071870	40.657969
78	1	  0.001507	  0.010636	     -1.00	    485.54	    179.41	      2.54	      2.35	     44.44	     41.13	67.50	 8.936e-05	      2.85	0	Gaussian	314.957046	41.055319
79	1	  0.001537	  0.010827	     -1.00	     81.17	     51.81	      2.44	      2.36	     42.79	     41.30	31.04	 8.958e-05	      2.87	0	Gaussian	312.351453	40.817242
80	1	  0.001525	  0.010701	     -1.00	     84.69	    729.02	      2.43	      2.39	     42.51	     41.91	80.59	 7.743e-05	      2.88	0	Gaussian	313.138818	43.952762
81	1	  0.001512	  0.009362	     -1.00	    708.91	    144.82	      2.68	      2.47	     46.95	     43.23	29.72	 8.111e-05	      2.89	0	Gaussian	316.252507	40.680981
82	1	  0.001490	  0.009366	     -1.00	    490.86	    603.91	      2.59	      2.54	     45.40	     44.41	-16.10	 7.555e-05	      2.89	0	Gaussian	315.541763	42.999316
83	1	  0.001500	  0.010199	     -1.00	    124.86	    147.16	      2.53	      2.37	     44.31	     41.46	37.64	 6.101e-05	      2.89	0	Gaussian	312.722831	41.223755
84	1	  0.001487	  0.010213	     -1.00	     93.02	    617.66	      2.48	      2.42	     43.40	     42.28	32.09	 4.844e-05	      2.90	0	Gaussian	313.060517	43.430203
85	1	  0.001543	  0.010543	     -1.00	    259.10	    297.54	      2.46	      2.34	     43.03	     40.90	39.96	 1.628e-04	      2.90	0	Gaussian	313.720443	41.805201
86	1	  0.001501	  0.009322	     -1.00	    725.42	     90.39	      2.68	      2.40	     46.91	     42.03	31.20	 7.752e-05	      2.91	0	Gaussian	316.277724	40.415978
87	1	  0.001545	  0.010209	     -1.00	    492.35	    572.48	      2.49	      2.34	     43.51	     40.95	66.11	 1.045e-04	      2.93	0	Gaussian	315.508920	42.853674
88	1	  0.001530	  0.009248	     -1.00	    566.70	    348.36	      2.64	      2.44	     46.15	     42.64	43.67	 8.634e-05	      2.93	0	Gaussian	315.667532	41.752954
89	1	  0.001568	  0.009319	     -1.00	    648.02	     69.54	      2.65	      2.39	     46.35	     41.87	28.32	 2.164e-04	      2.94	0	Gaussian	315.790303	40.396687
90	1	  0.001550	  0.001209	     -1.00	    593.65	    394.92	      8.39	      5.81	    146.80	    101.65	-73.24	 2.160e-04	      2.94	0	Gaussian	315.893785	41.939691
91	1	  0.001519	  0.009329	     -1.00	     41.76	    120.01	      2.49	      2.48	     43.54	     43.36	-24.02	 9.366e-05	      2.96	0	Gaussian	312.183313	41.165018
92	1	  0.001620	  0.008575	     -1.00	    553.25	    108.94	      2.66	      2.54	     46.56	     44.50	71.51	 3.243e-04	      2.96	0	Gaussian	315.275194	40.668000
93	1	  0.001509	  0.008297	     -1.00	    585.58	    467.03	      2.71	      2.52	     47.39	     44.18	50.70	 5.245e-05	      2.98	0	Gaussian	315.941724	42.277905
94	1	  0.001629	  0.008602	     -1.00	    753.97	    315.40	      2.67	      2.46	     46.71	     43.11	44.02	 4.413e-04	      2.98	0	Gaussian	316.755220	41.413954
95	1	  0.001552	  0.008932	     -1.00	    318.69	    624.81	      2.53	      2.50	     44.23	     43.72	-54.11	 7.761e-05	      2.99	0	Gaussian	314.493612	43.260815
96	1	  0.001519	  0.009315	     -1.00	    295.60	    389.55	      2.49	      2.41	     43.53	     42.23	-81.68	 1.205e-04	      3.00	0	Gaussian	314.056559	42.197483
97	1	  0.001561	  0.009681	     -1.00	    375.24	    335.49	      2.51	      2.28	     43.92	     39.93	38.84	 1.169e-04	      3.00	0	Gaussian	314.480746	41.875715
98	1	  0.001515	  0.008661	     -1.00	    462.31	    420.98	      2.54	      2.51	     44.54	     43.85	65.58	 7.957e-05	      3.01	0	Gaussian	315.124231	42.187306
99	1	  0.001497	  0.008872	     -1.00	    394.24	    448.36	      2.50	      2.42	     43.79	     42.31	66.84	 6.774e-05	      3.02	0	Gaussian	314.739746	42.377695
100	1	  0.001548	  0.009665	     -1.00	    224.05	    673.51	      2.43	      2.30	     42.59	     40.33	33.74	 3.376e-04	      3.03	0	Gaussian	313.958112	43.572519
101	1	  0.001497	  0.003592	     -1.00	    740.09	    132.33	      5.47	      2.75	     95.75	     48.06	14.93	 1.115e-04	      3.03	0	Gaussian	316.421284	40.592799
102	1	  0.001608	  0.009572	     -1.00	    230.72	    682.88	      2.43	      2.31	     42.61	     40.40	51.23	 8.097e-04	      3.04	0	Gaussian	314.012001	43.609670
103	1	  0.001516	  0.008860	     -1.00	     69.74	    307.78	      2.53	      2.32	     44.28	     40.64	46.90	 5.701e-05	      3.06	0	Gaussian	312.560841	42.013686
104	1	  0.001523	  0.008533	     -1.00	     92.86	    409.02	      2.48	      2.44	     43.45	     42.72	75.93	 7.027e-05	      3.07	0	Gaussian	312.818687	42.463894
105	1	  0.001519	  0.008214	     -1.00	    430.01	     94.97	      2.55	      2.48	     44.55	     43.34	29.11	 8.100e-05	      3.07	0	Gaussian	314.517032	40.718260
106	1	  0.001524	  0.008135	     -1.00	    549.27	    578.83	      2.59	      2.46	     45.28	     43.09	46.11	 8.248e-05	      3.07	0	Gaussian	315.869963	42.826243
107	1	  0.001503	  0.008707	     -1.00	    133.55	    517.42	      2.46	      2.43	     43.05	     42.49	66.28	 7.010e-05	      3.07	0	Gaussian	313.198950	42.931332
108	1	  0.001500	  0.008256	     -1.00	    334.65	    382.26	      2.57	      2.42	     45.02	     42.38	-55.96	 8.084e-05	      3.08	0	Gaussian	314.288870	42.128413
109	1	  0.001513	  0.007151	     -1.00	    264.27	    392.73	      3.02	      2.35	     52.87	     41.19	7.91	 9.775e-05	      3.10	0	Gaussian	313.866493	42.240223
110	1	  0.001521	  0.007694	     -1.00	    574.76	    276.14	      2.56	      2.56	     44.76	     44.75	-1.56	 7.430e-05	      3.10	0	Gaussian	315.621208	41.414034
111	1	  0.001516	  0.007524	     -1.00	    681.20	    720.64	      2.69	      2.50	     47.16	     43.74	41.79	 8.655e-05	      3.11	0	Gaussian	316.885211	43.338128
112	1	  0.001481	  0.007850	     -1.00	    253.14	    759.91	      2.54	      2.50	     44.45	     43.76	58.71	 3.849e-05	      3.12	0	Gaussian	314.251041	43.944207
113	1	  0.001506	  0.007915	     -1.00	     70.95	     15.46	      2.57	      2.41	     45.03	     42.18	16.68	 6.350e-05	      3.13	0	Gaussian	312.250227	40.656810
114	1	  0.001519	  0.007938	     -1.00	     19.75	    196.53	      2.50	      2.40	     43.69	     42.03	34.17	 5.381e-05	      3.17	0	Gaussian	312.129668	41.537777
115	1	  0.001644	  0.007702	     -1.00	    591.32	     34.42	      2.61	      2.32	     45.74	     40.67	28.38	 8.447e-04	      3.19	0	Gaussian	315.407482	40.290259
116	1	  0.001509	  0.007762	     -1.00	    305.24	    108.46	      2.55	      2.34	     44.59	     40.96	35.99	 5.395e-05	      3.20	0	Gaussian	313.778811	40.891741
117	1	  0.001498	  0.007089	     -1.00	    429.20	    503.38	      2.60	      2.45	     45.43	     42.87	30.45	 5.938e-05	      3.23	0	Gaussian	315.026685	42.597620
118	1	  0.001510	  0.006668	     -1.00	    633.84	    511.36	      2.66	      2.52	     46.61	     44.16	37.88	 5.716e-05	      3.24	0	Gaussian	316.297974	42.431979
119	1	  0.001492	  0.006436	     -1.00	    158.75	    640.44	      2.73	      2.55	     47.82	     44.57	-10.21	 6.472e-05	      3.24	0	Gaussian	313.504203	43.478300
120	1	  0.001493	  0.007227	     -1.00	    108.95	    577.00	      2.45	      2.45	     42.82	     42.82	5.70	 4.549e-05	      3.26	0	Gaussian	313.113708	43.228295
121	1	  0.001508	  0.006219	     -1.00	    655.72	    132.01	      2.71	      2.60	     47.37	     45.49	0.91	 6.579e-05	      3.26	0	Gaussian	315.918200	40.674953
122	1	  0.001501	  0.007256	     -1.00	    200.32	    572.35	      2.52	      2.39	     44.08	     41.83	62.33	 8.642e-05	      3.26	0	Gaussian	313.684427	43.126805
123	1	  0.001525	  0.006927	     -1.00	    456.48	    547.76	      2.56	      2.39	     44.87	     41.83	-42.85	 8.720e-05	      3.28	0	Gaussian	315.253748	42.775250
124	1	  0.001541	  0.007025	     -1.00	      5.05	    668.31	      2.55	      2.40	     44.68	     41.95	37.89	 5.648e-05	      3.28	0	Gaussian	312.558945	43.739329
125	1	  0.001517	  0.007270	     -1.00	    194.56	    110.64	      2.52	      2.32	     44.11	     40.59	43.27	 6.829e-05	      3.29	0	Gaussian	313.108103	40.996678
126	1	  0.001508	  0.006376	     -1.00	    203.14	    468.31	      2.57	      2.56	     45.07	     44.87	30.63	 7.175e-05	      3.29	0	Gaussian	313.576945	42.643535
127	1	  0.001501	  0.006692	     -1.00	    373.62	    461.81	      2.61	      2.40	     45.71	     41.94	42.60	 1.296e-04	      3.30	0	Gaussian	314.629263	42.458945
128	1	  0.001497	  0.006783	     -1.00	     80.79	    112.15	      2.46	      2.45	     43.12	     42.93	56.56	 7.443e-05	      3.31	0	Gaussian	312.414296	41.097340
129	1	  0.001526	  0.005945	     -1.00	    683.36	    511.10	      2.79	      2.51	     48.87	     43.88	36.70	 6.632e-05	      3.31	0	Gaussian	316.600609	42.379908
130	1	  0.001497	  0.006875	     -1.00	    176.28	    641.53	      2.50	      2.41	     43.71	     42.19	36.77	 5.954e-05	      3.32	0	Gaussian	313.616557	43.467820
131	1	  0.001512	  0.005500	     -1.00	    761.29	    735.18	      2.85	      2.61	     49.82	     45.75	33.17	 6.098e-05	      3.33	0	Gaussian	317.401622	43.318245
132	1	  0.001501	  0.006654	     -1.00	    109.39	    560.84	      2.51	      2.45	     43.92	     42.93	-75.46	 5.903e-05	      3.33	0	Gaussian	313.097598	43.153079
133	1	  0.001523	  0.006244	     -1.00	     34.77	    759.92	      2.58	      2.51	     45.09	     43.93	-45.54	 6.525e-05	      3.35	0	Gaussian	312.855239	44.138691
134	1	  0.001606	  0.006578	     -1.00	     19.76	    257.29	      2.48	      2.44	     43.43	     42.66	52.43	 2.709e-04	      3.36	0	Gaussian	312.195150	41.819889
135	1	  0.001511	  0.004810	     -1.00	    762.69	    563.96	      2.88	      2.83	     50.43	     49.62	33.01	 6.381e-05	      3.37	0	Gaussian	317.160203	42.537651
136	1	  0.001497	  0.005949	     -1.00	    399.07	    144.37	      2.70	      2.45	     47.31	     42.80	33.83	 4.196e-05	      3.39	0	Gaussian	314.390505	40.973761
137	1	  0.001555	  0.005561	     -1.00	    658.55	    775.53	      2.75	      2.49	     48.20	     43.56	52.24	 1.468e-04	      3.40	0	Gaussian	316.823800	43.612363
138	1	  0.001538	  0.006255	     -1.00	     52.46	     33.13	      2.53	      2.36	     44.34	     41.34	61.65	 7.282e-05	      3.42	0	Gaussian	312.156260	40.753413
139	1	  0.001507	  0.005616	     -1.00	    592.64	    318.73	      2.72	      2.43	     47.59	     42.52	45.52	 5.888e-05	      3.42	0	Gaussian	315.785802	41.591705
140	1	  0.001502	  0.005696	     -1.00	    440.25	    155.50	      2.69	      2.48	     47.04	     43.34	42.90	 5.427e-05	      3.42	0	Gaussian	314.653413	40.987363
141	1	  0.001533	  0.006202	     -1.00	    120.99	    180.72	      2.56	      2.35	     44.82	     41.19	24.18	 1.631e-04	      3.43	0	Gaussian	312.736345	41.382450
142	1	  0.001516	  0.005892	     -1.00	    273.85	     90.71	      2.64	      2.39	     46.30	     41.90	45.52	 5.889e-05	      3.44	0	Gaussian	313.567576	40.837043
143	1	  0.001549	  0.005101	     -1.00	    781.19	    555.89	      2.78	      2.64	     48.61	     46.27	-87.35	 1.080e-04	      3.44	0	Gaussian	317.261319	42.481128
144	1	  0.001525	  0.005857	     -1.00	     66.76	    366.59	      2.58	      2.45	     45.17	     42.93	37.55	 4.985e-05	      3.45	0	Gaussian	312.607812	42.288869
145	1	  0.001515	  0.006016	     -1.00	    105.70	    685.50	      2.52	      2.43	     44.11	     42.53	25.67	 5.990e-05	      3.45	0	Gaussian	313.221191	43.733171
146	1	  0.001505	  0.005346	     -1.00	    548.40	     64.17	      2.77	      2.42	     48.41	     42.39	47.25	 5.756e-05	      3.46	0	Gaussian	315.189273	40.467187
147	1	  0.001583	  0.005599	     -1.00	    330.76	    664.23	      2.62	      2.49	     45.82	     43.50	33.89	 1.230e-04	      3.47	0	Gaussian	314.619854	43.430986
148	1	  0.001486	  0.002319	     -1.00	    208.18	    358.34	      3.92	      3.90	     68.60	     68.31	-15.07	 1.387e-04	      3.47	0	Gaussian	313.477818	42.130754
149	1	  0.001572	  0.005267	     -1.00	    413.63	    188.85	      2.63	      2.49	     45.95	     43.58	8.75	 2.179e-04	      3.51	0	Gaussian	314.533369	41.165249
150	1	  0.001531	  0.005190	     -1.00	    646.81	    607.43	      2.71	      2.48	     47.50	     43.47	32.08	 8.617e-05	      3.51	0	Gaussian	316.511582	42.857613
151	1	  0.001539	  0.004244	     -1.00	    624.20	    680.84	      2.90	      2.83	     50.79	     49.60	84.39	 9.463e-05	      3.52	0	Gaussian	316.475191	43.216358
152	1	  0.001559	  0.005424	     -1.00	    258.86	     54.34	      2.52	      2.46	     44.07	     43.03	28.91	 1.836e-04	      3.53	0	Gaussian	313.434648	40.681918
153	1	  0.001542	  0.004658	     -1.00	    664.74	    724.11	      2.84	      2.53	     49.67	     44.37	81.31	 9.163e-05	      3.54	0	Gaussian	316.788177	43.371373
154	1	  0.001497	  0.004838	     -1.00	    393.90	     95.43	      2.66	      2.59	     46.63	     45.29	29.01	 4.808e-05	      3.54	0	Gaussian	314.299775	40.753036
155	1	  0.001524	  0.003338	     -1.00	     69.88	    444.29	      3.94	      2.55	     68.91	     44.60	28.12	 1.460e-04	      3.54	0	Gaussian	312.714793	42.646552
156	1	  0.001562	  0.004839	     -1.00	    775.96	    452.40	      2.76	      2.52	     48.36	     44.08	32.59	 1.584e-04	      3.55	0	Gaussian	317.080810	42.015476
157	1	  0.001565	  0.002781	     -1.00	    660.98	    694.60	      4.24	      2.85	     74.20	     49.89	17.00	 1.774e-04	      3.55	0	Gaussian	316.722626	43.240736
158	1	  0.001546	  0.004819	     -1.00	    764.88	     70.67	      2.79	      2.51	     48.77	     43.87	27.19	 1.377e-04	      3.56	0	Gaussian	316.484946	40.286608
159	1	  0.001703	  0.004884	     -1.00	    737.68	    226.37	      2.74	      2.49	     48.04	     43.66	24.34	 9.346e-04	      3.56	0	Gaussian	316.534733	41.024437
160	1	  0.001501	  0.004659	     -1.00	    584.75	    676.96	      2.74	      2.50	     47.98	     43.79	74.81	 5.857e-05	      3.57	0	Gaussian	316.224977	43.239334
161	1	  0.001485	  0.004772	     -1.00	    478.60	    224.27	      2.70	      2.49	     47.19	     43.50	64.41	 4.173e-05	      3.59	0	Gaussian	314.971725	41.267929
162	1	  0.001522	  0.004801	     -1.00	    629.13	     11.69	      2.79	      2.42	     48.84	     42.31	26.86	 5.636e-05	      3.60	0	Gaussian	315.603094	40.150090
163	1	  0.001515	  0.005013	     -1.00	     75.32	    779.64	      2.52	      2.49	     44.14	     43.54	42.76	 3.254e-05	      3.62	0	Gaussian	313.138996	44.195052
164	1	  0.001535	  0.004219	     -1.00	    722.05	    545.67	      2.88	      2.63	     50.42	     46.09	53.36	 1.095e-04	      3.62	0	Gaussian	316.885829	42.497304
165	1	  0.001488	  0.004381	     -1.00	    641.50	    171.13	      2.74	      2.61	     47.89	     45.69	6.82	 4.279e-05	      3.62	0	Gaussian	315.884758	40.867898
166	1	  0.001509	  0.004217	     -1.00	    588.83	    499.46	      2.95	      2.56	     51.59	     44.86	24.48	 7.418e-05	      3.62	0	Gaussian	316.005633	42.423133
167	1	  0.001543	  0.004537	     -1.00	     42.84	    629.82	      2.71	      2.52	     47.51	     44.15	69.58	 6.452e-05	      3.62	0	Gaussian	312.755781	43.529229
168	1	  0.001517	  0.004459	     -1.00	    700.87	    568.60	      2.80	      2.53	     49.08	     44.27	37.04	 9.854e-05	      3.63	0	Gaussian	316.788874	42.624109
169	1	  0.001506	  0.004755	     -1.00	    347.48	    335.17	      2.59	      2.47	     45.25	     43.24	28.27	 7.400e-05	      3.63	0	Gaussian	314.309818	41.899648
170	1	  0.001628	  0.004735	     -1.00	    790.54	    530.39	      2.73	      2.38	     47.86	     41.67	23.14	 3.750e-04	      3.64	0	Gaussian	317.281300	42.355089
171	1	  0.001481	  0.004971	     -1.00	    235.35	    549.45	      2.56	      2.39	     44.89	     41.91	65.61	 3.824e-05	      3.65	0	Gaussian	313.876597	42.989728
172	1	  0.001498	  0.004902	     -1.00	     39.31	     82.48	      2.57	      2.44	     45.02	     42.65	43.76	 9.179e-05	      3.65	0	Gaussian	312.128301	40.992802
173	1	  0.001537	  0.004813	     -1.00	    353.31	    681.39	      2.56	      2.49	     44.83	     43.60	77.95	 4.808e-05	      3.65	0	Gaussian	314.783887	43.488551
174	1	  0.001495	  0.000329	     -1.00	    663.15	    521.39	     14.14	      6.70	    247.50	    117.27	-1.00	 1.021e-04	      3.66	0	Gaussian	316.491413	42.447791
175	1	  0.001558	  0.004839	     -1.00	    311.24	    256.17	      2.60	      2.38	     45.58	     41.64	62.86	 2.809e-04	      3.67	0	Gaussian	313.991193	41.568023
176	1	  0.001469	  0.004457	     -1.00	    497.84	    726.66	      2.68	      2.50	     46.84	     43.77	42.56	 3.900e-05	      3.69	0	Gaussian	315.751543	43.555005
177	1	  0.001508	  0.004354	     -1.00	    602.43	    746.32	      2.72	      2.42	     47.55	     42.39	62.77	 5.093e-05	      3.69	0	Gaussian	316.432428	43.538041
178	1	  0.001661	  0.004381	     -1.00	    762.03	    307.18	      2.67	      2.53	     46.81	     44.25	29.57	 8.364e-04	      3.69	0	Gaussian	316.792155	41.368185
179	1	  0.001501	  0.004581	     -1.00	     43.32	    536.95	      2.51	      2.50	     43.90	     43.69	-25.95	 4.462e-05	      3.71	0	Gaussian	312.652650	43.098356
180	1	  0.001593	  0.004281	     -1.00	    674.75	    297.60	      2.72	      2.50	     47.58	     43.83	25.21	 2.692e-04	      3.71	0	Gaussian	316.253942	41.413353
181	1	  0.001520	  0.004606	     -1.00	    307.43	    175.31	      2.59	      2.39	     45.37	     41.80	56.71	 7.874e-05	      3.71	0	Gaussian	313.871192	41.198322
182	1	  0.001485	  0.004559	     -1.00	     25.86	    477.52	      2.59	      2.44	     45.41	     42.68	27.48	 3.279e-05	      3.72	0	Gaussian	312.475442	42.837160
183	1	  0.001524	  0.004657	     -1.00	    434.71	    384.45	      2.56	      2.41	     44.87	     42.20	51.55	 6.346e-05	      3.72	0	Gaussian	314.907646	42.045619
184	1	  0.001532	  0.004519	     -1.00	    523.68	    241.75	      2.62	      2.39	     45.88	     41.84	42.69	 9.133e-05	      3.72	0	Gaussian	315.267222	41.305561
185	1	  0.001486	  0.004587	     -1.00	    472.29	     78.69	      2.56	      2.42	     44.77	     42.42	88.28	 4.272e-05	      3.73	0	Gaussian	314.751357	40.604723
186	1	  0.001519	  0.004621	     -1.00	     16.50	    639.21	      2.52	      2.42	     44.11	     42.32	16.06	 4.950e-05	      3.73	0	Gaussian	312.598800	43.594851
187	1	  0.001505	  0.004124	     -1.00	    608.56	    675.55	      2.72	      2.52	     47.66	     44.14	41.41	 4.472e-05	      3.73	0	Gaussian	316.370795	43.208364
188	1	  0.001503	  0.004234	     -1.00	    446.63	    733.45	      2.63	      2.54	     46.01	     44.47	60.92	 4.829e-05	      3.74	0	Gaussian	315.439502	43.637135
189	1	  0.001527	  0.004356	     -1.00	    401.18	    256.60	      2.62	      2.45	     45.89	     42.97	41.23	 7.885e-05	      3.75	0	Gaussian	314.541482	41.488572
190	1	  0.001508	  0.004480	     -1.00	    142.43	    267.84	      2.52	      2.48	     44.11	     43.32	-79.42	 7.046e-05	      3.75	0	Gaussian	312.966346	41.768175
191	1	  0.001542	  0.003997	     -1.00	    372.50	    514.97	      2.72	      2.56	     47.59	     44.74	4.49	 9.653e-05	      3.76	0	Gaussian	314.689841	42.704670
192	1	  0.001535	  0.003441	     -1.00	    384.50	    468.96	      2.87	      2.76	     50.30	     48.31	34.02	 3.287e-04	      3.76	0	Gaussian	314.705711	42.481639
193	1	  0.001509	  0.004592	     -1.00	     28.77	    741.33	      2.46	      2.43	     42.97	     42.57	25.83	 4.238e-05	      3.76	0	Gaussian	312.795027	44.057745
194	1	  0.001533	  0.004418	     -1.00	    347.09	    280.59	      2.65	      2.38	     46.40	     41.72	38.20	 1.421e-04	      3.76	0	Gaussian	314.240431	41.648463
195	1	  0.001590	  0.003814	     -1.00	    760.18	    767.20	      2.85	      2.50	     49.96	     43.79	24.28	 3.852e-04	      3.76	0	Gaussian	317.442176	43.465060
196	1	  0.001563	  0.003763	     -1.00	    748.85	    346.10	      2.72	      2.67	     47.65	     46.71	42.87	 1.289e-04	      3.77	0	Gaussian	316.767196	41.559272
197	1	  0.001509	  0.004344	     -1.00	    170.98	    342.43	      2.55	      2.43	     44.69	     42.61	45.98	 1.298e-04	      3.79	0	Gaussian	313.228612	42.089259
198	1	  0.001534	  0.004253	     -1.00	    317.33	    474.55	      2.64	      2.36	     46.13	     41.29	59.42	 1.367e-04	      3.79	0	Gaussian	314.296039	42.569725
199	1	  0.001497	  0.004294	     -1.00	    258.05	    683.22	      2.58	      2.44	     45.15	     42.73	59.13	 1.285e-04	      3.79	0	Gaussian	314.185356	43.586223
200	1	  0.001498	  0.004148	     -1.00	    414.12	     33.98	      2.57	      2.51	     44.93	     43.99	35.57	 4.153e-05	      3.79	0	Gaussian	314.347207	40.451957
201	1	  0.001521	  0.003723	     -1.00	    769.14	    637.51	      2.85	      2.54	     49.94	     44.41	31.68	 6.245e-05	      3.80	0	Gaussian	317.306411	42.865505
202	1	  0.001526	  0.003727	     -1.00	    673.68	    195.76	      2.82	      2.53	     49.28	     44.20	22.94	 7.510e-05	      3.81	0	Gaussian	316.110321	40.948837
203	1	  0.001531	  0.004039	     -1.00	    419.99	    385.98	      2.67	      2.39	     46.70	     41.82	-7.90	 7.312e-05	      3.82	0	Gaussian	314.819164	42.066496
204	1	  0.001504	  0.003870	     -1.00	    593.01	     53.50	      2.74	      2.48	     47.98	     43.47	29.53	 8.766e-05	      3.82	0	Gaussian	315.441956	40.376068
205	1	  0.001490	  0.003730	     -1.00	    731.49	    116.47	      2.81	      2.49	     49.15	     43.62	27.26	 4.025e-05	      3.82	0	Gaussian	316.348795	40.528987
206	1	  0.001663	  0.004218	     -1.00	    519.03	    263.86	      2.50	      2.48	     43.78	     43.33	43.12	 3.678e-04	      3.82	0	Gaussian	315.267506	41.411474
207	1	  0.001495	  0.003866	     -1.00	    498.77	    537.30	      2.68	      2.53	     46.98	     44.28	35.05	 3.564e-05	      3.82	0	Gaussian	315.501784	42.685969
208	1	  0.001502	  0.003926	     -1.00	    620.39	    617.30	      2.67	      2.46	     46.81	     42.98	51.17	 8.122e-05	      3.83	0	Gaussian	316.362425	42.930023
209	1	  0.001531	  0.003642	     -1.00	    227.07	    192.88	      2.76	      2.53	     48.25	     44.37	3.51	 9.602e-05	      3.84	0	Gaussian	313.400937	41.349408
210	1	  0.001564	  0.003363	     -1.00	    613.97	    654.65	      2.92	      2.63	     51.15	     45.99	40.92	 2.188e-04	      3.86	0	Gaussian	316.374998	43.107324
211	1	  0.001503	  0.003468	     -1.00	    784.78	     14.35	      2.91	      2.54	     50.92	     44.51	17.38	 4.796e-05	      3.86	0	Gaussian	316.526418	40.009854
212	1	  0.001504	  0.003510	     -1.00	    598.38	    657.77	      2.76	      2.49	     48.23	     43.64	57.37	 4.591e-05	      3.90	0	Gaussian	316.282794	43.137598
213	1	  0.001520	  0.003343	     -1.00	    650.90	    361.68	      2.82	      2.59	     49.37	     45.42	34.15	 5.830e-05	      3.90	0	Gaussian	316.196790	41.730324
214	1	  0.001518	  0.003558	     -1.00	    346.20	    616.16	      2.64	      2.60	     46.20	     45.54	-68.79	 5.830e-05	      3.90	0	Gaussian	314.655087	43.195190
215	1	  0.001519	  0.003786	     -1.00	    120.09	    102.32	      2.62	      2.45	     45.88	     42.80	44.61	 8.800e-05	      3.91	0	Gaussian	312.644117	41.019914
216	1	  0.001520	  0.003599	     -1.00	    468.98	    346.14	      2.71	      2.43	     47.42	     42.49	52.73	 4.663e-05	      3.91	0	Gaussian	315.068610	41.837073
217	1	  0.001484	  0.003471	     -1.00	    573.30	    745.74	      2.69	      2.59	     47.04	     45.34	66.85	 4.432e-05	      3.91	0	Gaussian	316.249889	43.565503
218	1	  0.001491	  0.003755	     -1.00	    221.84	    575.67	      2.59	      2.47	     45.38	     43.30	46.39	 4.044e-05	      3.92	0	Gaussian	313.823831	43.122907
219	1	  0.001484	  0.003388	     -1.00	    344.12	    496.87	      2.67	      2.62	     46.79	     45.79	63.28	 4.900e-05	      3.92	0	Gaussian	314.490513	42.647862
220	1	  0.001479	  0.003458	     -1.00	    367.04	    443.07	      2.58	      2.56	     45.09	     44.85	21.33	 3.154e-05	      3.96	0	Gaussian	314.564868	42.378787
221	1	  0.001568	  0.003714	     -1.00	    488.50	    295.08	      2.51	      2.40	     43.88	     41.98	59.21	 2.512e-04	      3.97	0	Gaussian	315.122148	41.583942
222	1	  0.001503	  0.002934	     -1.00	    217.52	    251.11	      2.94	      2.62	     51.55	     45.81	-65.64	 1.023e-04	      3.97	0	Gaussian	313.409933	41.626860
223	1	  0.001610	  0.003561	     -1.00	    340.97	    670.40	      2.57	      2.41	     44.90	     42.22	23.88	 3.480e-04	      3.97	0	Gaussian	314.692056	43.449701
224	1	  0.001486	  0.003230	     -1.00	    479.54	    613.88	      2.67	      2.57	     46.72	     44.92	61.32	 5.704e-05	      3.98	0	Gaussian	315.484707	43.056183
225	1	  0.001650	  0.003363	     -1.00	    727.85	    794.03	      2.61	      2.57	     45.66	     44.91	-77.29	 1.645e-04	      3.98	0	Gaussian	317.281600	43.622244
226	1	  0.001528	  0.002943	     -1.00	    392.80	    675.53	      2.88	      2.65	     50.37	     46.36	75.77	 7.117e-05	      3.98	0	Gaussian	315.024396	43.423799
227	1	  0.001560	  0.003373	     -1.00	    685.58	    299.42	      2.71	      2.47	     47.42	     43.17	32.15	 2.170e-04	      3.98	0	Gaussian	316.321704	41.410763
228	1	  0.001515	  0.003399	     -1.00	    267.43	    459.91	      2.52	      2.50	     44.13	     43.76	-33.23	 4.438e-05	      4.00	0	Gaussian	313.967625	42.547541
229	1	  0.001531	  0.003910	     -1.00	    202.59	    621.56	      2.41	      2.32	     42.11	     40.66	21.83	 6.716e-05	      4.00	0	Gaussian	313.758587	43.352067
230	1	  0.001492	  0.002969	     -1.00	    787.80	    353.38	      2.86	      2.61	     50.09	     45.70	25.59	 3.843e-05	      4.01	0	Gaussian	317.011771	41.551995
231	1	  0.001533	  0.002959	     -1.00	    646.31	    488.69	      2.83	      2.62	     49.61	     45.82	14.91	 7.099e-05	      4.02	0	Gaussian	316.342992	42.315634
232	1	  0.001508	  0.003127	     -1.00	    617.31	    256.19	      2.77	      2.41	     48.56	     42.12	6.06	 7.823e-05	      4.02	0	Gaussian	315.851992	41.281032
233	1	  0.001506	  0.003074	     -1.00	    459.07	    497.96	      2.81	      2.46	     49.15	     43.07	20.40	 6.758e-05	      4.03	0	Gaussian	315.204436	42.544067
234	1	  0.001518	  0.002763	     -1.00	    742.26	    737.93	      2.93	      2.61	     51.36	     45.64	-87.73	 8.161e-05	      4.03	0	Gaussian	317.288176	43.351405
235	1	  0.001480	  0.002952	     -1.00	    688.55	     84.38	      2.89	      2.51	     50.52	     43.88	25.51	 3.856e-05	      4.04	0	Gaussian	316.050838	40.424959
236	1	  0.001519	  0.003295	     -1.00	    272.94	     79.24	      2.56	      2.51	     44.89	     43.96	38.82	 5.958e-05	      4.04	0	Gaussian	313.548742	40.784843
237	1	  0.001498	  0.003124	     -1.00	    541.85	    696.28	      2.64	      2.57	     46.14	     45.07	22.12	 1.029e-04	      4.04	0	Gaussian	315.984806	43.371469
238	1	  0.001522	  0.003002	     -1.00	    657.62	    667.88	      2.79	      2.52	     48.79	     44.06	17.93	 5.051e-05	      4.04	0	Gaussian	316.663736	43.122336
239	1	  0.001510	  0.003374	     -1.00	     61.09	     46.65	      2.54	      2.45	     44.37	     42.87	20.76	 4.752e-05	      4.05	0	Gaussian	312.223366	40.809304
240	1	  0.001505	  0.003001	     -1.00	    590.15	    695.56	      2.78	      2.56	     48.70	     44.79	33.18	 5.365e-05	      4.05	0	Gaussian	316.284508	43.318821
241	1	  0.001565	  0.003535	     -1.00	    138.22	    527.75	      2.42	      2.42	     42.33	     42.29	48.44	 3.756e-04	      4.06	0	Gaussian	313.240466	42.975095
242	1	  0.001563	  0.001552	     -1.00	    712.12	    323.38	      4.40	      3.06	     77.05	     53.47	35.17	 6.795e-05	      4.07	0	Gaussian	316.514397	41.493270
243	1	  0.001528	  0.003002	     -1.00	     58.48	    248.05	      2.73	      2.62	     47.85	     45.87	11.43	 9.044e-05	      4.07	0	Gaussian	312.425064	41.745775
244	1	  0.001527	  0.003359	     -1.00	     14.49	    318.05	      2.48	      2.40	     43.44	     41.95	19.59	 1.205e-04	      4.07	0	Gaussian	312.228231	42.106223
245	1	  0.001484	  0.003351	     -1.00	    220.29	    709.23	      2.57	      2.35	     44.96	     41.16	45.13	 6.551e-05	      4.07	0	Gaussian	313.978653	43.740726
246	1	  0.001498	  0.002840	     -1.00	    734.59	    420.98	      2.72	      2.57	     47.61	     45.07	23.38	 4.593e-05	      4.08	0	Gaussian	316.785851	41.915581
247	1	  0.001611	  0.003429	     -1.00	    676.49	    630.44	      2.50	      2.33	     43.69	     40.70	31.27	 3.204e-04	      4.09	0	Gaussian	316.726925	42.931761
248	1	  0.001500	  0.002730	     -1.00	    573.84	    128.96	      2.75	      2.66	     48.09	     46.53	31.01	 5.035e-05	      4.09	0	Gaussian	315.424300	40.740236
249	1	  0.001510	  0.003200	     -1.00	     36.03	    559.88	      2.51	      2.49	     43.89	     43.62	78.55	 7.797e-05	      4.10	0	Gaussian	312.632557	43.210739
250	1	  0.001511	  0.002811	     -1.00	    594.86	    205.28	      2.75	      2.60	     48.16	     45.57	28.52	 5.173e-05	      4.10	0	Gaussian	315.649596	41.069778
251	1	  0.001538	  0.002747	     -1.00	    630.90	    627.23	      2.78	      2.64	     48.66	     46.15	33.46	 9.802e-05	      4.11	0	Gaussian	316.441203	42.964526
252	1	  0.001551	  0.003079	     -1.00	    641.67	    627.23	      2.63	      2.47	     46.02	     43.27	40.78	 1.097e-04	      4.12	0	Gaussian	316.507727	42.953401
253	1	  0.001542	  0.002977	     -1.00	    636.58	    568.74	      2.71	      2.44	     47.44	     42.70	42.04	 1.708e-04	      4.12	0	Gaussian	316.394443	42.691451
254	1	  0.001506	  0.003049	     -1.00	     65.94	    769.39	      2.59	      2.47	     45.33	     43.27	10.47	 1.316e-04	      4.12	0	Gaussian	313.066573	44.155759
255	1	  0.001522	  0.002943	     -1.00	    496.93	     64.18	      2.59	      2.54	     45.32	     44.37	42.59	 7.084e-05	      4.12	0	Gaussian	314.881158	40.515308
256	1	  0.001503	  0.002402	     -1.00	    509.90	    400.61	      3.02	      2.77	     52.87	     48.52	27.72	 4.557e-05	      4.13	0	Gaussian	315.389689	42.047959
257	1	  0.001508	  0.003012	     -1.00	    158.31	     85.93	      2.59	      2.50	     45.35	     43.76	-71.21	 4.532e-05	      4.13	0	Gaussian	312.859323	40.912557
258	1	  0.001510	  0.003366	     -1.00	    131.28	    660.64	      2.45	      2.34	     42.80	     40.99	6.48	 7.333e-05	      4.14	0	Gaussian	313.354255	43.595850
259	1	  0.001560	  0.003418	     -1.00	    286.42	    413.43	      2.42	      2.31	     42.28	     40.48	21.15	 2.883e-04	      4.14	0	Gaussian	314.028859	42.315918
260	1	  0.001507	  0.002582	     -1.00	    570.53	    504.79	      2.77	      2.66	     48.47	     46.63	73.92	 6.014e-05	      4.14	0	Gaussian	315.900493	42.465881
261	1	  0.001487	  0.002614	     -1.00	    746.16	    440.35	      2.87	      2.61	     50.25	     45.73	26.63	 2.976e-05	      4.15	0	Gaussian	316.883213	41.991859
262	1	  0.001576	  0.003464	     -1.00	     43.44	    734.70	      2.36	      2.30	     41.34	     40.27	6.27	 2.122e-04	      4.15	0	Gaussian	312.881341	44.014517
263	1	  0.001680	  0.003166	     -1.00	    720.90	    792.64	      2.55	      2.37	     44.56	     41.44	22.41	 4.360e-04	      4.17	0	Gaussian	317.236419	43.623425
264	1	  0.001532	  0.002780	     -1.00	    601.40	    453.81	      2.75	      2.42	     48.20	     42.33	50.85	 7.959e-05	      4.17	0	Gaussian	316.020610	42.201566
265	1	  0.001531	  0.002476	     -1.00	    625.07	    659.84	      2.82	      2.72	     49.38	     47.52	43.94	 1.223e-04	      4.17	0	Gaussian	316.451017	43.119540
266	1	  0.001509	  0.002962	     -1.00	     40.75	    275.83	      2.62	      2.44	     45.78	     42.64	21.37	 3.774e-05	      4.17	0	Gaussian	312.345571	41.889052
267	1	  0.001513	  0.002999	     -1.00	     83.02	    492.64	      2.53	      2.42	     44.28	     42.35	22.79	 1.381e-04	      4.18	0	Gaussian	312.852426	42.859645
268	1	  0.001496	  0.002618	     -1.00	    669.32	    553.70	      2.77	      2.61	     48.52	     45.61	47.31	 3.334e-05	      4.18	0	Gaussian	316.574439	42.588971
269	1	  0.001535	  0.002469	     -1.00	    770.26	    597.95	      2.86	      2.66	     50.01	     46.62	88.54	 6.167e-05	      4.18	0	Gaussian	317.255615	42.684259
270	1	  0.001508	  0.002868	     -1.00	    232.82	    405.99	      2.63	      2.45	     45.95	     42.93	58.49	 6.907e-05	      4.18	0	Gaussian	313.687305	42.329397
271	1	  0.001548	  0.002886	     -1.00	    314.81	    642.67	      2.60	      2.51	     45.48	     43.91	58.32	 9.299e-05	      4.18	0	Gaussian	314.491922	43.346687
272	1	  0.001494	  0.002581	     -1.00	    713.73	    165.76	      2.79	      2.62	     48.81	     45.93	27.41	 3.948e-05	      4.18	0	Gaussian	316.309420	40.771825
273	1	  0.001568	  0.001328	     -1.00	    576.70	    492.33	      5.56	      2.44	     97.26	     42.74	-19.10	 3.661e-04	      4.19	0	Gaussian	315.921541	42.402663
274	1	  0.001508	  0.002859	     -1.00	     52.12	     79.76	      2.58	      2.49	     45.15	     43.66	1.36	 1.287e-04	      4.19	0	Gaussian	312.203813	40.970042
275	1	  0.001548	  0.002992	     -1.00	    254.81	    403.30	      2.52	      2.44	     44.16	     42.78	26.98	 1.302e-04	      4.19	0	Gaussian	313.820566	42.297461
276	1	  0.001516	  0.003229	     -1.00	    143.55	    236.33	      2.40	      2.35	     42.05	     41.18	16.28	 1.427e-04	      4.19	0	Gaussian	312.937528	41.621324
277	1	  0.001491	  0.002810	     -1.00	    378.26	    412.85	      2.59	      2.55	     45.35	     44.60	70.47	 3.723e-05	      4.20	0	Gaussian	314.596121	42.229184
278	1	  0.001495	  0.002805	     -1.00	     10.89	    451.81	      2.64	      2.51	     46.13	     43.89	43.44	 2.930e-05	      4.20	0	Gaussian	312.352604	42.730115
279	1	  0.001485	  0.002594	     -1.00	    569.38	    307.73	      2.75	      2.60	     48.05	     45.44	42.59	 2.774e-05	      4.20	0	Gaussian	315.630202	41.564085
280	1	  0.001487	  0.002474	     -1.00	    585.62	    608.12	      2.76	      2.72	     48.32	     47.57	-43.03	 4.581e-05	      4.20	0	Gaussian	316.134839	42.923622
281	1	  0.001570	  0.002680	     -1.00	    477.11	    550.83	      2.64	      2.55	     46.15	     44.64	63.30	 1.884e-04	      4.23	0	Gaussian	315.385690	42.769272
282	1	  0.001496	  0.002788	     -1.00	    157.95	    127.22	      2.55	      2.52	     44.58	     44.15	23.56	 3.263e-05	      4.23	0	Gaussian	312.903194	41.104027
283	1	  0.001524	  0.003071	     -1.00	     52.71	    297.54	      2.47	      2.33	     43.25	     40.86	23.60	 7.805e-05	      4.23	0	Gaussian	312.443671	41.980095
284	1	  0.001487	  0.002369	     -1.00	    717.89	    621.01	      2.70	      2.70	     47.34	     47.33	2.15	 4.164e-05	      4.23	0	Gaussian	316.968079	42.845125
285	1	  0.001511	  0.002464	     -1.00	    545.38	    593.11	      2.78	      2.52	     48.74	     44.14	41.30	 6.357e-05	      4.26	0	Gaussian	315.865299	42.895538
286	1	  0.001492	  0.002571	     -1.00	    463.27	    602.81	      2.63	      2.60	     46.09	     45.43	55.88	 3.414e-05	      4.26	0	Gaussian	315.368728	43.021358
287	1	  0.001603	  0.002747	     -1.00	    671.47	    637.10	      2.74	      2.31	     47.99	     40.52	41.33	 3.686e-04	      4.26	0	Gaussian	316.705464	42.967389
288	1	  0.001501	  0.002706	     -1.00	    120.87	     36.38	      2.58	      2.49	     45.18	     43.57	24.88	 3.490e-05	      4.26	0	Gaussian	312.576670	40.713724
289	1	  0.001484	  0.002459	     -1.00	    385.11	    487.15	      2.73	      2.59	     47.76	     45.30	48.56	 2.482e-05	      4.28	0	Gaussian	314.732643	42.564809
290	1	  0.001520	  0.002484	     -1.00	    622.03	    210.76	      2.63	      2.55	     46.01	     44.60	11.60	 9.806e-05	      4.28	0	Gaussian	315.820287	41.068359
291	1	  0.001505	  0.002753	     -1.00	    139.32	    671.84	      2.49	      2.49	     43.58	     43.58	-35.99	 9.174e-05	      4.28	0	Gaussian	313.418728	43.640587
292	1	  0.001504	  0.002314	     -1.00	    552.64	    549.97	      2.81	      2.55	     49.14	     44.67	-2.73	 4.537e-05	      4.28	0	Gaussian	315.851582	42.690689
293	1	  0.001504	  0.002431	     -1.00	    541.50	    182.88	      2.79	      2.42	     48.85	     42.41	35.52	 4.347e-05	      4.29	0	Gaussian	315.299200	41.018403
294	1	  0.001555	  0.002778	     -1.00	    516.74	    522.55	      2.53	      2.34	     44.35	     40.90	29.59	 2.505e-04	      4.29	0	Gaussian	315.593133	42.600675
295	1	  0.001477	  0.002550	     -1.00	     51.89	    779.69	      2.64	      2.52	     46.15	     44.19	48.18	 2.848e-05	      4.30	0	Gaussian	312.988471	44.215542
296	1	  0.001479	  0.002367	     -1.00	    321.95	    528.96	      2.65	      2.62	     46.33	     45.84	40.86	 2.511e-05	      4.31	0	Gaussian	314.392857	42.816246
297	1	  0.001478	  0.002158	     -1.00	    633.99	    289.33	      2.85	      2.70	     49.92	     47.32	47.12	 2.797e-05	      4.31	0	Gaussian	315.996832	41.416216
298	1	  0.001515	  0.002699	     -1.00	     83.45	    509.45	      2.44	      2.42	     42.62	     42.44	3.51	 8.274e-05	      4.31	0	Gaussian	312.874444	42.937198
299	1	  0.001522	  0.000939	     -1.00	    416.97	    345.74	      5.67	      2.97	     99.16	     52.06	-76.44	 6.856e-05	      4.31	0	Gaussian	314.749627	41.884199
300	1	  0.001480	  0.002136	     -1.00	    282.54	    570.33	      2.77	      2.73	     48.48	     47.79	43.35	 3.320e-05	      4.31	0	Gaussian	314.198256	43.043209
301	1	  0.001546	  0.002451	     -1.00	    511.58	    513.90	      2.61	      2.45	     45.66	     42.88	10.71	 2.650e-04	      4.32	0	Gaussian	315.549733	42.566052
302	1	  0.001570	  0.002731	     -1.00	    425.34	    418.56	      2.45	      2.37	     42.80	     41.41	19.72	 2.183e-04	      4.34	0	Gaussian	314.893621	42.211319
303	1	  0.001513	  0.001978	     -1.00	    701.99	    410.22	      3.01	      2.64	     52.67	     46.24	10.88	 9.689e-05	      4.34	0	Gaussian	316.573245	41.900130
304	1	  0.001538	  0.002254	     -1.00	    396.21	    115.95	      2.73	      2.52	     47.86	     44.09	-63.93	 8.907e-05	      4.34	0	Gaussian	314.338612	40.845453
305	1	  0.001506	  0.002616	     -1.00	    424.61	    770.60	      2.51	      2.42	     43.86	     42.34	27.54	 4.115e-05	      4.35	0	Gaussian	315.350945	43.829278
306	1	  0.001487	  0.001988	     -1.00	    454.29	    193.72	      2.82	      2.81	     49.37	     49.10	6.53	 3.476e-05	      4.35	0	Gaussian	314.785993	41.150192
307	1	  0.001510	  0.002310	     -1.00	    537.81	     84.28	      2.70	      2.59	     47.27	     45.30	47.79	 6.511e-05	      4.35	0	Gaussian	315.151336	40.569458
308	1	  0.001484	  0.002137	     -1.00	    688.91	    140.47	      2.98	      2.57	     52.14	     45.05	28.22	 3.459e-05	      4.35	0	Gaussian	316.127458	40.680962
309	1	  0.001633	  0.002755	     -1.00	    518.57	    255.72	      2.43	      2.33	     42.59	     40.86	28.86	 4.487e-04	      4.35	0	Gaussian	315.254280	41.374555
310	1	  0.001507	  0.002698	     -1.00	    207.64	    186.34	      2.50	      2.33	     43.68	     40.85	18.89	 5.027e-05	      4.36	0	Gaussian	313.274380	41.335810
311	1	  0.001606	  0.002758	     -1.00	    318.13	    248.94	      2.37	      2.36	     41.53	     41.25	88.72	 4.818e-04	      4.36	0	Gaussian	314.024647	41.528548
312	1	  0.001460	  0.002238	     -1.00	    301.28	    753.11	      2.75	      2.51	     48.11	     43.86	47.18	 3.188e-05	      4.36	0	Gaussian	314.548023	43.867867
313	1	  0.001501	  0.000978	     -1.00	    587.30	     86.12	      5.81	      2.74	    101.68	     47.89	-1.04	 8.776e-05	      4.37	0	Gaussian	315.449738	40.530983
314	1	  0.001506	  0.002468	     -1.00	    530.39	    649.47	      2.58	      2.42	     45.16	     42.44	19.79	 1.008e-04	      4.37	0	Gaussian	315.849146	43.168713
315	1	  0.001518	  0.002402	     -1.00	    313.66	    221.16	      2.60	      2.53	     45.56	     44.35	-49.30	 4.572e-05	      4.37	0	Gaussian	313.963932	41.404335
316	1	  0.001570	  0.002633	     -1.00	    293.56	    407.29	      2.45	      2.37	     42.92	     41.46	2.60	 3.515e-04	      4.38	0	Gaussian	314.065638	42.281176
317	1	  0.001490	  0.002136	     -1.00	    320.21	    140.04	      2.67	      2.67	     46.69	     46.68	-23.63	 3.397e-05	      4.38	0	Gaussian	313.907045	41.024289
318	1	  0.001514	  0.001484	     -1.00	    445.27	    321.43	      3.33	      3.20	     58.22	     55.97	-2.24	 7.178e-05	      4.38	0	Gaussian	314.892052	41.745896
319	1	  0.001483	  0.002087	     -1.00	    257.62	    160.08	      2.79	      2.64	     48.88	     46.25	-30.63	 3.206e-05	      4.39	0	Gaussian	313.549501	41.171487
320	1	  0.001513	  0.002586	     -1.00	     12.79	    512.52	      2.54	      2.32	     44.41	     40.62	17.47	 8.205e-05	      4.39	0	Gaussian	312.432161	43.010322
321	1	  0.001539	  0.002004	     -1.00	    731.30	     33.58	      3.02	      2.62	     52.79	     45.88	13.41	 1.360e-04	      4.39	0	Gaussian	316.236792	40.150759
322	1	  0.001613	  0.002738	     -1.00	    127.67	    235.92	      2.41	      2.34	     42.12	     40.93	52.65	 3.389e-04	      4.39	0	Gaussian	312.839174	41.632655
323	1	  0.001497	  0.001278	     -1.00	    298.54	    483.41	      3.98	      3.00	     69.71	     52.46	-72.11	 7.521e-05	      4.39	0	Gaussian	314.190192	42.627749
324	1	  0.001544	  0.001889	     -1.00	    147.22	    247.83	      2.99	      2.71	     52.27	     47.41	-12.57	 2.485e-04	      4.39	0	Gaussian	312.973183	41.671506
325	1	  0.001594	  0.001969	     -1.00	    670.22	    306.63	      2.86	      2.68	     50.01	     46.94	-2.40	 4.094e-04	      4.40	0	Gaussian	316.238858	41.459167
326	1	  0.001492	  0.001749	     -1.00	    467.42	    703.98	      3.14	      2.76	     54.91	     48.28	70.35	 4.448e-05	      4.41	0	Gaussian	315.530199	43.481384
327	1	  0.001497	  0.002231	     -1.00	     64.40	    748.96	      2.62	      2.60	     45.85	     45.43	-82.67	 3.441e-05	      4.41	0	Gaussian	313.032464	44.062568
328	1	  0.001519	  0.002190	     -1.00	    373.99	    242.01	      2.64	      2.51	     46.24	     43.95	60.43	 5.385e-05	      4.42	0	Gaussian	314.357593	41.446221
329	1	  0.001489	  0.001781	     -1.00	    571.52	     75.36	      3.15	      2.68	     55.06	     46.91	2.06	 4.393e-05	      4.42	0	Gaussian	315.341713	40.496683
330	1	  0.001517	  0.001809	     -1.00	    713.70	    227.18	      3.23	      2.54	     56.61	     44.51	17.19	 4.069e-05	      4.42	0	Gaussian	316.392333	41.052393
331	1	  0.001568	  0.002542	     -1.00	     91.88	      5.18	      2.42	      2.38	     42.35	     41.62	-61.66	 1.031e-04	      4.42	0	Gaussian	312.366562	40.592446
332	1	  0.001504	  0.002145	     -1.00	    355.29	    555.10	      2.75	      2.40	     48.10	     41.98	-54.66	 6.633e-05	      4.43	0	Gaussian	314.633873	42.905540
333	1	  0.001497	  0.002370	     -1.00	    276.39	    759.40	      2.56	      2.40	     44.73	     41.99	10.03	 1.024e-04	      4.43	0	Gaussian	314.398100	43.920188
334	1	  0.001494	  0.002152	     -1.00	    252.84	    611.11	      2.57	      2.57	     44.96	     44.96	8.83	 6.093e-05	      4.43	0	Gaussian	314.062446	43.258422
335	1	  0.001488	  0.002258	     -1.00	    125.95	    392.18	      2.60	      2.47	     45.47	     43.15	20.83	 2.431e-05	      4.43	0	Gaussian	313.006005	42.357961
336	1	  0.001521	  0.002268	     -1.00	    299.95	    245.16	      2.56	      2.48	     44.86	     43.32	26.80	 1.063e-04	      4.44	0	Gaussian	313.908798	41.527281
337	1	  0.001511	  0.001850	     -1.00	    677.66	    468.37	      2.98	      2.70	     52.14	     47.24	19.68	 7.227e-05	      4.45	0	Gaussian	316.506174	42.190686
338	1	  0.001514	  0.002174	     -1.00	    499.87	    435.87	      2.72	      2.44	     47.58	     42.63	1.92	 8.199e-05	      4.45	0	Gaussian	315.374433	42.219493
339	1	  0.001593	  0.002113	     -1.00	    379.73	    564.13	      2.65	      2.64	     46.46	     46.22	-10.60	 1.730e-04	      4.45	0	Gaussian	314.797857	42.924093
340	1	  0.001494	  0.001868	     -1.00	    729.98	    508.19	      2.87	      2.74	     50.15	     47.91	31.56	 3.579e-05	      4.45	0	Gaussian	316.880942	42.318079
341	1	  0.001506	  0.002382	     -1.00	    525.57	     54.64	      2.55	      2.35	     44.61	     41.14	29.49	 5.309e-05	      4.46	0	Gaussian	315.040762	40.444871
342	1	  0.001486	  0.001719	     -1.00	    594.72	     20.06	      2.86	      2.86	     50.02	     50.00	53.19	 2.577e-05	      4.48	0	Gaussian	315.409435	40.221209
343	1	  0.001517	  0.001822	     -1.00	    633.89	    449.68	      2.91	      2.72	     50.90	     47.63	24.71	 3.614e-05	      4.48	0	Gaussian	316.213454	42.149923
344	1	  0.001512	  0.002470	     -1.00	     13.61	     15.40	      2.44	      2.34	     42.64	     40.87	13.21	 4.057e-05	      4.48	0	Gaussian	311.900537	40.701530
345	1	  0.001498	  0.001646	     -1.00	    783.64	    372.25	      3.02	      2.90	     52.82	     50.78	27.43	 7.355e-05	      4.49	0	Gaussian	317.013366	41.642318
346	1	  0.001496	  0.001895	     -1.00	    585.15	    574.17	      2.81	      2.69	     49.16	     47.01	3.40	 5.842e-05	      4.49	0	Gaussian	316.085199	42.768756
347	1	  0.001502	  0.001717	     -1.00	    686.39	    524.39	      2.95	      2.81	     51.68	     49.13	5.58	 5.741e-05	      4.49	0	Gaussian	316.637803	42.437451
348	1	  0.001537	  0.002314	     -1.00	     93.77	    767.38	      2.51	      2.38	     43.98	     41.67	-2.12	 1.355e-04	      4.49	0	Gaussian	313.242687	44.122279
349	1	  0.001477	  0.002317	     -1.00	    158.69	    732.43	      2.53	      2.37	     44.22	     41.46	10.32	 3.681e-05	      4.50	0	Gaussian	313.615473	43.903394
350	1	  0.001519	  0.001569	     -1.00	    759.64	     30.89	      3.31	      2.81	     58.00	     49.27	-2.27	 5.563e-05	      4.51	0	Gaussian	316.400535	40.110372
351	1	  0.001480	  0.002041	     -1.00	    186.03	    555.81	      2.56	      2.51	     44.90	     43.91	-0.44	 3.152e-05	      4.51	0	Gaussian	313.574562	43.063048
352	1	  0.001493	  0.001916	     -1.00	    173.12	    628.37	      2.70	      2.68	     47.34	     46.91	83.99	 4.659e-05	      4.51	0	Gaussian	313.580614	43.409805
353	1	  0.001489	  0.001573	     -1.00	    522.69	    161.85	      3.03	      2.92	     53.04	     51.03	26.25	 3.330e-05	      4.53	0	Gaussian	315.158992	40.939716
354	1	  0.001499	  0.001547	     -1.00	    621.57	    357.16	      3.11	      2.86	     54.37	     50.04	51.88	 2.986e-05	      4.53	0	Gaussian	316.012786	41.739011
355	1	  0.001483	  0.001775	     -1.00	    558.81	    650.17	      2.82	      2.73	     49.31	     47.70	23.12	 3.145e-05	      4.53	0	Gaussian	316.026735	43.143269
356	1	  0.001556	  0.001692	     -1.00	    794.06	    458.63	      3.12	      2.66	     54.57	     46.61	1.30	 7.651e-05	      4.54	0	Gaussian	317.199281	42.024728
357	1	  0.001533	  0.002176	     -1.00	    387.39	    765.71	      2.49	      2.43	     43.64	     42.47	16.73	 5.461e-05	      4.54	0	Gaussian	315.109475	43.843301
358	1	  0.001517	  0.001404	     -1.00	    547.69	    686.42	      3.09	      3.08	     54.10	     53.86	71.63	 1.979e-04	      4.55	0	Gaussian	316.007604	43.320437
359	1	  0.001565	  0.002351	     -1.00	    345.32	    583.55	      2.40	      2.30	     42.04	     40.33	27.51	 2.530e-04	      4.56	0	Gaussian	314.607901	43.045866
360	1	  0.001480	  0.001490	     -1.00	    499.43	    114.11	      3.05	      2.96	     53.42	     51.84	51.96	 3.119e-05	      4.56	0	Gaussian	314.958605	40.742312
361	1	  0.001487	  0.001814	     -1.00	    280.33	    692.13	      2.73	      2.63	     47.75	     46.05	-68.74	 9.817e-05	      4.58	0	Gaussian	314.337428	43.606658
362	1	  0.001475	  0.001811	     -1.00	    289.70	    605.10	      2.73	      2.65	     47.72	     46.42	69.33	 3.868e-05	      4.58	0	Gaussian	314.286662	43.196945
363	1	  0.001540	  0.001988	     -1.00	    578.22	    397.38	      2.58	      2.47	     45.16	     43.21	40.83	 5.841e-05	      4.58	0	Gaussian	315.802974	41.966259
364	1	  0.001524	  0.001606	     -1.00	    696.08	    717.53	      2.98	      2.78	     52.16	     48.65	40.04	 6.165e-05	      4.58	0	Gaussian	316.972870	43.308097
365	1	  0.001483	  0.001966	     -1.00	    462.78	    716.53	      2.65	      2.44	     46.30	     42.71	27.88	 4.160e-05	      4.58	0	Gaussian	315.518025	43.543544
366	1	  0.001478	  0.000799	     -1.00	     83.22	    189.12	      5.00	      3.13	     87.50	     54.84	39.14	 5.142e-05	      4.59	0	Gaussian	312.513216	41.452342
367	1	  0.001525	  0.001664	     -1.00	    353.58	    753.96	      2.88	      2.70	     50.35	     47.31	-23.46	 3.203e-05	      4.59	0	Gaussian	314.880220	43.821975
368	1	  0.001524	  0.001597	     -1.00	    724.12	    725.62	      2.95	      2.78	     51.63	     48.70	39.83	 5.365e-05	      4.59	0	Gaussian	317.158032	43.314933
369	1	  0.001555	  0.001646	     -1.00	    561.13	    324.87	      2.84	      2.79	     49.66	     48.76	74.24	 2.042e-04	      4.59	0	Gaussian	315.602675	41.650709
370	1	  0.001556	  0.000920	     -1.00	    760.53	    792.37	      4.92	      2.72	     86.14	     47.58	5.82	 8.316e-05	      4.59	0	Gaussian	317.481784	43.579059
371	1	  0.001502	  0.001597	     -1.00	    391.82	     37.19	      2.82	      2.80	     49.31	     49.07	63.68	 4.180e-05	      4.60	0	Gaussian	314.217064	40.486679
372	1	  0.001505	  0.001504	     -1.00	    297.10	     64.20	      2.87	      2.79	     50.24	     48.76	14.55	 4.857e-05	      4.60	0	Gaussian	313.677618	40.694539
373	1	  0.001514	  0.001126	     -1.00	    431.06	     31.17	      3.74	      3.20	     65.52	     55.97	76.99	 9.135e-05	      4.61	0	Gaussian	314.445552	40.423758
374	1	  0.001487	  0.001523	     -1.00	    631.73	    251.60	      3.04	      2.78	     53.18	     48.64	23.42	 3.551e-05	      4.61	0	Gaussian	315.932792	41.245796
375	1	  0.001482	  0.001766	     -1.00	    143.20	    480.87	      2.71	      2.65	     47.37	     46.47	57.46	 2.305e-05	      4.61	0	Gaussian	313.216677	42.753838
376	1	  0.001507	  0.001530	     -1.00	    692.14	    455.56	      3.13	      2.69	     54.73	     47.08	15.92	 3.226e-05	      4.61	0	Gaussian	316.576533	42.117291
377	1	  0.001513	  0.001489	     -1.00	    637.50	    353.96	      3.04	      2.80	     53.16	     48.99	12.66	 5.641e-05	      4.61	0	Gaussian	316.105107	41.708455
378	1	  0.001533	  0.001924	     -1.00	     15.97	    293.17	      2.54	      2.45	     44.42	     42.83	-21.34	 1.481e-04	      4.62	0	Gaussian	312.210473	41.989512
379	1	  0.001516	  0.001619	     -1.00	    599.90	    777.20	      2.83	      2.74	     49.61	     48.00	27.76	 5.548e-05	      4.62	0	Gaussian	316.460434	43.681679
380	1	  0.001522	  0.001394	     -1.00	    656.82	    630.20	      3.12	      2.96	     54.56	     51.85	-26.03	 8.924e-05	      4.62	0	Gaussian	316.605376	42.951193
381	1	  0.001462	  0.001556	     -1.00	    553.16	    740.22	      2.91	      2.77	     50.93	     48.53	20.87	 4.097e-05	      4.63	0	Gaussian	316.116336	43.560990
382	1	  0.001532	  0.001888	     -1.00	    160.59	    333.78	      2.55	      2.50	     44.67	     43.70	22.22	 1.672e-04	      4.63	0	Gaussian	313.154151	42.058107
383	1	  0.001507	  0.001696	     -1.00	     14.07	    746.99	      2.72	      2.66	     47.54	     46.56	21.20	 4.261e-05	      4.64	0	Gaussian	312.707181	44.096383
384	1	  0.001505	  0.001403	     -1.00	    620.48	     85.84	      3.11	      2.87	     54.52	     50.15	-5.98	 4.202e-05	      4.64	0	Gaussian	315.647500	40.497913
385	1	  0.001490	  0.001563	     -1.00	    146.05	    500.01	      2.79	      2.69	     48.90	     47.00	36.73	 4.032e-05	      4.66	0	Gaussian	313.257024	42.839977
386	1	  0.001519	  0.001843	     -1.00	    223.42	    455.26	      2.56	      2.48	     44.77	     43.49	16.78	 4.891e-05	      4.66	0	Gaussian	313.687885	42.565347
387	1	  0.001511	  0.001956	     -1.00	     29.59	    140.59	      2.51	      2.40	     43.97	     42.06	31.61	 6.279e-05	      4.67	0	Gaussian	312.130527	41.270208
388	1	  0.001510	  0.001940	     -1.00	    113.71	    434.39	      2.54	      2.40	     44.37	     41.95	1.24	 5.372e-05	      4.67	0	Gaussian	312.978048	42.563863
389	1	  0.001552	  0.001806	     -1.00	     24.87	    300.88	      2.59	      2.52	     45.38	     44.07	16.53	 1.896e-04	      4.67	0	Gaussian	312.274220	42.018142
390	1	  0.001540	  0.001872	     -1.00	    198.85	    262.99	      2.50	      2.49	     43.73	     43.58	-13.87	 1.678e-04	      4.68	0	Gaussian	313.308798	41.697851
391	1	  0.001488	  0.000549	     -1.00	    345.13	    221.94	      6.17	      3.38	    108.03	     59.21	-62.87	 3.223e-05	      4.69	0	Gaussian	314.157025	41.379853
392	1	  0.001502	  0.001812	     -1.00	    143.68	    185.82	      2.56	      2.49	     44.74	     43.65	47.37	 8.922e-05	      4.69	0	Gaussian	312.881410	41.387273
393	1	  0.001507	  0.001751	     -1.00	     40.66	    351.32	      2.64	      2.48	     46.18	     43.34	19.06	 4.984e-05	      4.69	0	Gaussian	312.427947	42.239454
394	1	  0.001570	  0.001499	     -1.00	    759.63	     60.93	      3.01	      2.65	     52.68	     46.30	-10.87	 2.166e-04	      4.69	0	Gaussian	316.440794	40.247401
395	1	  0.001499	  0.001697	     -1.00	    632.51	    741.69	      2.67	      2.51	     46.71	     43.87	33.07	 5.012e-05	      4.70	0	Gaussian	316.613159	43.485499
396	1	  0.001488	  0.001706	     -1.00	    126.96	    478.72	      2.66	      2.53	     46.56	     44.35	37.16	 5.951e-05	      4.71	0	Gaussian	313.112387	42.757856
397	1	  0.001554	  0.001897	     -1.00	     89.51	    397.54	      2.47	      2.38	     43.23	     41.59	12.97	 1.139e-04	      4.72	0	Gaussian	312.784679	42.413452
398	1	  0.001532	  0.001603	     -1.00	    398.15	    609.92	      2.59	      2.56	     45.25	     44.79	54.59	 7.330e-05	      4.72	0	Gaussian	314.972093	43.117105
399	1	  0.001499	  0.000562	     -1.00	    445.27	    140.00	      6.41	      3.18	    112.17	     55.72	-39.77	 7.415e-05	      4.72	0	Gaussian	314.664502	40.911455
400	1	  0.001559	  0.001691	     -1.00	    645.67	    566.31	      2.63	      2.45	     46.06	     42.90	21.91	 2.793e-04	      4.73	0	Gaussian	316.446953	42.671003
401	1	  0.001480	  0.001355	     -1.00	    399.10	    415.14	      2.88	      2.87	     50.35	     50.21	23.02	 2.556e-05	      4.73	0	Gaussian	314.727580	42.220300
402	1	  0.001503	  0.001418	     -1.00	    121.43	    419.04	      2.87	      2.63	     50.24	     46.04	-63.40	 4.307e-05	      4.73	0	Gaussian	313.008682	42.486181
403	1	  0.001508	  0.001464	     -1.00	    350.12	    125.77	      2.97	      2.63	     51.95	     45.98	42.10	 3.872e-05	      4.73	0	Gaussian	314.071525	40.932007
404	1	  0.001484	  0.001655	     -1.00	    469.31	    767.51	      2.66	      2.49	     46.54	     43.50	31.16	 4.414e-05	      4.74	0	Gaussian	315.628246	43.770760
405	1	  0.001500	  0.001803	     -1.00	    221.55	    303.76	      2.52	      2.44	     44.08	     42.70	24.24	 5.038e-05	      4.74	0	Gaussian	313.496330	41.866802
406	1	  0.001566	  0.001726	     -1.00	    555.33	    319.66	      2.59	      2.37	     45.34	     41.54	29.06	 1.961e-04	      4.75	0	Gaussian	315.560539	41.632490
407	1	  0.001463	  0.001594	     -1.00	    513.28	    728.39	      2.71	      2.49	     47.42	     43.60	33.56	 3.682e-05	      4.76	0	Gaussian	315.850594	43.547344
408	1	  0.001485	  0.000988	     -1.00	    785.53	    275.61	      3.60	      2.90	     62.99	     50.80	-61.88	 3.802e-05	      4.77	0	Gaussian	316.889035	41.200002
409	1	  0.001495	  0.001440	     -1.00	    387.08	    393.87	      2.79	      2.72	     48.81	     47.61	15.42	 2.952e-05	      4.77	0	Gaussian	314.626623	42.133591
410	1	  0.001542	  0.001764	     -1.00	     48.40	     17.30	      2.49	      2.42	     43.63	     42.33	21.03	 9.267e-05	      4.77	0	Gaussian	312.114790	40.683153
411	1	  0.001541	  0.001140	     -1.00	    694.08	    672.65	      3.65	      2.59	     63.82	     45.30	7.30	 2.446e-04	      4.78	0	Gaussian	316.895742	43.105703
412	1	  0.001524	  0.001227	     -1.00	    692.15	    176.73	      3.17	      2.87	     55.51	     50.19	-6.71	 5.790e-05	      4.78	0	Gaussian	316.195299	40.843484
413	1	  0.001470	  0.001615	     -1.00	    223.42	    731.14	      2.54	      2.53	     44.40	     44.34	20.53	 3.739e-05	      4.78	0	Gaussian	314.025861	43.838941
414	1	  0.001500	  0.001686	     -1.00	     64.64	    649.49	      2.57	      2.44	     44.99	     42.63	6.89	 3.176e-05	      4.79	0	Gaussian	312.917343	43.601881
415	1	  0.001490	  0.001562	     -1.00	    505.84	    213.56	      2.71	      2.43	     47.42	     42.55	31.11	 4.246e-05	      4.79	0	Gaussian	315.123098	41.193071
416	1	  0.001494	  0.001669	     -1.00	    358.42	    137.54	      2.57	      2.46	     44.98	     43.05	27.53	 3.302e-05	      4.79	0	Gaussian	314.135930	40.978874
417	1	  0.001485	  0.001288	     -1.00	     80.27	    610.07	      2.96	      2.64	     51.73	     46.27	-58.49	 3.100e-05	      4.80	0	Gaussian	312.970731	43.405996
418	1	  0.001565	  0.001611	     -1.00	    716.41	    346.71	      2.63	      2.39	     46.07	     41.84	38.35	 1.327e-04	      4.80	0	Gaussian	316.572487	41.595433
419	1	  0.001523	  0.001683	     -1.00	    311.17	    484.53	      2.58	      2.39	     45.17	     41.76	23.40	 2.211e-04	      4.80	0	Gaussian	314.270194	42.621383
420	1	  0.001502	  0.001522	     -1.00	    462.65	    401.50	      2.66	      2.54	     46.58	     44.48	30.97	 3.755e-05	      4.80	0	Gaussian	315.101103	42.097460
421	1	  0.001492	  0.001134	     -1.00	    639.56	    663.09	      3.23	      2.91	     56.48	     50.93	7.09	 3.748e-05	      4.81	0	Gaussian	316.545289	43.119331
422	1	  0.001496	  0.001527	     -1.00	    470.31	    242.74	      2.67	      2.52	     46.71	     44.06	22.72	 4.189e-05	      4.81	0	Gaussian	314.944829	41.360605
423	1	  0.001498	  0.001395	     -1.00	     25.74	    154.13	      2.74	      2.74	     48.02	     47.99	64.33	 2.946e-05	      4.81	0	Gaussian	312.121243	41.336145
424	1	  0.001529	  0.001675	     -1.00	    456.42	     58.51	      2.55	      2.40	     44.67	     41.94	27.98	 2.051e-04	      4.81	0	Gaussian	314.631150	40.526501
425	1	  0.001504	  0.001197	     -1.00	    550.64	    380.12	      3.06	      2.87	     53.63	     50.32	-30.03	 3.765e-05	      4.82	0	Gaussian	315.611727	41.914273
426	1	  0.001506	  0.001497	     -1.00	    120.91	    362.94	      2.64	      2.61	     46.18	     45.67	21.58	 7.840e-05	      4.82	0	Gaussian	312.941131	42.226790
427	1	  0.001517	  0.001425	     -1.00	     18.01	    689.22	      2.70	      2.63	     47.33	     46.12	34.00	 4.640e-05	      4.82	0	Gaussian	312.665777	43.825404
428	1	  0.001558	  0.001359	     -1.00	    708.86	    578.36	      3.02	      2.59	     52.85	     45.29	11.00	 2.531e-04	      4.83	0	Gaussian	316.851689	42.660210
429	1	  0.001492	  0.000605	     -1.00	    733.14	    488.14	      4.79	      3.56	     83.88	     62.27	-44.86	 3.719e-05	      4.83	0	Gaussian	316.871715	42.223365
430	1	  0.001553	  0.001676	     -1.00	    219.43	    468.41	      2.49	      2.41	     43.58	     42.25	25.13	 9.134e-05	      4.83	0	Gaussian	313.678789	42.629603
431	1	  0.001502	  0.001545	     -1.00	    196.15	    410.66	      2.69	      2.36	     47.00	     41.36	20.63	 5.985e-05	      4.83	0	Gaussian	313.464835	42.383129
432	1	  0.001519	  0.001605	     -1.00	     25.05	    558.03	      2.54	      2.51	     44.44	     44.00	35.23	 1.164e-04	      4.83	0	Gaussian	312.560931	43.211293
433	1	  0.001540	  0.000673	     -1.00	    756.97	    677.03	      5.42	      2.90	     94.90	     50.82	-2.26	 7.981e-05	      4.83	0	Gaussian	317.289486	43.058451
434	1	  0.001495	  0.001280	     -1.00	    425.88	     18.87	      2.83	      2.80	     49.55	     49.02	22.09	 5.611e-05	      4.84	0	Gaussian	314.399535	40.371844
435	1	  0.001507	  0.001517	     -1.00	    103.60	    307.29	      2.67	      2.43	     46.78	     42.47	29.65	 7.043e-05	      4.84	0	Gaussian	312.770496	41.983414
436	1	  0.001520	  0.001323	     -1.00	    655.21	    522.95	      2.91	      2.67	     51.01	     46.71	10.75	 1.077e-04	      4.85	0	Gaussian	316.444989	42.463070
437	1	  0.001529	  0.001285	     -1.00	    347.72	    784.04	      2.83	      2.82	     49.58	     49.27	-15.97	 2.498e-05	      4.85	0	Gaussian	314.882661	43.965866
438	1	  0.001490	  0.001260	     -1.00	    544.59	    647.08	      2.92	      2.73	     51.13	     47.75	-0.86	 5.568e-05	      4.85	0	Gaussian	315.934144	43.143492
439	1	  0.001543	  0.001244	     -1.00	    309.02	    663.87	      2.87	      2.60	     50.28	     45.55	3.24	 3.905e-05	      4.86	0	Gaussian	314.482532	43.449745
440	1	  0.001502	  0.001029	     -1.00	    549.52	    407.08	      3.54	      2.73	     62.01	     47.86	1.34	 2.877e-05	      4.86	0	Gaussian	315.640661	42.038981
441	1	  0.001498	  0.001496	     -1.00	     71.39	    519.78	      2.59	      2.53	     45.35	     44.25	10.07	 4.619e-05	      4.87	0	Gaussian	312.810290	42.995232
442	1	  0.001510	  0.001115	     -1.00	    783.23	    421.31	      3.30	      2.82	     57.76	     49.29	-3.61	 3.738e-05	      4.87	0	Gaussian	317.080447	41.866221
443	1	  0.001490	  0.001166	     -1.00	    518.26	    503.00	      2.92	      2.89	     51.08	     50.62	-32.78	 9.519e-05	      4.87	0	Gaussian	315.576383	42.509533
444	1	  0.001493	  0.001392	     -1.00	    365.81	     25.65	      2.75	      2.50	     48.13	     43.77	43.30	 4.382e-05	      4.87	0	Gaussian	314.046838	40.456620
445	1	  0.001485	  0.001326	     -1.00	    115.82	    169.01	      2.65	      2.61	     46.40	     45.71	-52.62	 5.380e-05	      4.87	0	Gaussian	312.691534	41.332425
446	1	  0.001476	  0.001333	     -1.00	    102.19	    222.02	      2.80	      2.67	     48.99	     46.69	-56.28	 2.673e-05	      4.87	0	Gaussian	312.666485	41.589363
447	1	  0.001506	  0.001100	     -1.00	      9.34	    470.04	      2.97	      2.95	     52.00	     51.64	-6.40	 3.922e-05	      4.87	0	Gaussian	312.363030	42.816011
448	1	  0.001507	  0.001233	     -1.00	    218.53	    167.05	      2.97	      2.67	     51.91	     46.71	21.63	 5.794e-05	      4.88	0	Gaussian	313.318830	41.237302
449	1	  0.001480	  0.001211	     -1.00	    136.35	    313.00	      2.98	      2.54	     52.23	     44.44	65.81	 2.764e-05	      4.88	0	Gaussian	312.980073	41.982470
450	1	  0.001558	  0.001022	     -1.00	    370.65	    770.27	      3.47	      2.52	     60.82	     44.09	-7.42	 5.227e-05	      4.88	0	Gaussian	315.009645	43.880459
451	1	  0.001526	  0.001154	     -1.00	    735.61	    359.41	      3.25	      2.67	     56.81	     46.69	4.39	 4.840e-05	      4.89	0	Gaussian	316.705902	41.633665
452	1	  0.001559	  0.001453	     -1.00	    484.80	    559.01	      2.51	      2.50	     43.97	     43.84	-30.17	 2.672e-04	      4.90	0	Gaussian	315.444186	42.799312
453	1	  0.001507	  0.001296	     -1.00	    359.01	    335.98	      2.66	      2.66	     46.65	     46.58	-70.17	 6.848e-05	      4.90	0	Gaussian	314.381688	41.892897
454	1	  0.001502	  0.001405	     -1.00	    256.75	    693.26	      2.66	      2.54	     46.49	     44.49	-12.44	 1.616e-04	      4.90	0	Gaussian	314.189777	43.633678
455	1	  0.001491	  0.001147	     -1.00	    559.05	    137.09	      2.87	      2.85	     50.18	     49.85	17.44	 3.068e-05	      4.90	0	Gaussian	315.345993	40.791640
456	1	  0.001495	  0.001129	     -1.00	    732.63	    102.18	      3.18	      2.76	     55.70	     48.33	3.78	 1.160e-04	      4.91	0	Gaussian	316.336328	40.462617
457	1	  0.001482	  0.000974	     -1.00	    753.16	    544.57	      3.35	      3.05	     58.71	     53.46	5.59	 3.294e-05	      4.91	0	Gaussian	317.074141	42.459466
458	1	  0.001541	  0.001301	     -1.00	    583.74	    588.44	      2.75	      2.52	     48.18	     44.15	2.04	 1.407e-04	      4.91	0	Gaussian	316.096099	42.835472
459	1	  0.001471	  0.001339	     -1.00	    525.71	    679.56	      2.75	      2.53	     48.10	     44.30	27.31	 3.724e-05	      4.91	0	Gaussian	315.861214	43.311231
460	1	  0.001492	  0.000961	     -1.00	    625.21	    770.84	      3.16	      3.15	     55.27	     55.21	-68.70	 5.598e-05	      4.92	0	Gaussian	316.609323	43.626142
461	1	  0.001509	  0.001215	     -1.00	    663.04	     59.66	      2.99	      2.66	     52.32	     46.57	2.93	 1.249e-04	      4.93	0	Gaussian	315.866730	40.336871
462	1	  0.001530	  0.001325	     -1.00	    634.47	    130.54	      2.72	      2.45	     47.67	     42.81	31.03	 7.326e-05	      4.94	0	Gaussian	315.789323	40.688993
463	1	  0.001493	  0.000901	     -1.00	    757.49	     17.43	      3.50	      3.07	     61.33	     53.71	-21.75	 3.930e-05	      4.94	0	Gaussian	316.369801	40.051134
464	1	  0.001590	  0.001592	     -1.00	    123.22	    189.71	      2.45	      2.32	     42.96	     40.63	0.88	 5.633e-04	      4.94	0	Gaussian	312.760038	41.422246
465	1	  0.001525	  0.000936	     -1.00	    377.29	     12.90	      3.02	      2.93	     52.85	     51.35	20.81	 5.982e-05	      4.96	0	Gaussian	314.100719	40.387715
466	1	  0.001541	  0.001266	     -1.00	    595.70	    380.36	      2.74	      2.48	     47.95	     43.40	5.94	 4.931e-05	      4.96	0	Gaussian	315.886716	41.870963
467	1	  0.001478	  0.000638	     -1.00	     88.39	    793.83	      4.60	      3.08	     80.52	     53.92	22.44	 2.002e-05	      4.97	0	Gaussian	313.239919	44.249268
468	1	  0.001515	  0.000855	     -1.00	    764.37	    695.92	      3.36	      3.12	     58.78	     54.65	9.83	 5.371e-05	      4.97	0	Gaussian	317.362750	43.136383
469	1	  0.001536	  0.001245	     -1.00	    583.67	    355.45	      2.73	      2.52	     47.74	     44.08	32.26	 4.413e-05	      4.97	0	Gaussian	315.780237	41.768771
470	1	  0.001484	  0.000331	     -1.00	     24.55	    117.34	      8.47	      3.17	    148.28	     55.55	-0.34	 4.424e-05	      4.98	0	Gaussian	312.074773	41.166249
471	1	  0.001485	  0.000987	     -1.00	    624.06	    713.28	      3.28	      2.81	     57.50	     49.19	2.85	 3.144e-05	      4.98	0	Gaussian	316.520238	43.364644
472	1	  0.001512	  0.000432	     -1.00	    502.14	    426.52	      7.03	      2.81	    123.08	     49.16	-2.48	 1.296e-04	      4.99	0	Gaussian	315.376068	42.174397
473	1	  0.001479	  0.000846	     -1.00	    661.04	     87.00	      3.42	      3.09	     59.82	     54.06	14.49	 3.997e-05	      4.99	0	Gaussian	315.890669	40.463856
474	1	  0.001512	  0.001152	     -1.00	    564.65	    595.30	      2.82	      2.56	     49.36	     44.80	20.03	 7.702e-05	      5.00	0	Gaussian	315.987554	42.886209
475	1	  0.001487	  0.001021	     -1.00	    154.73	    392.02	      2.95	      2.94	     51.66	     51.41	74.17	 4.121e-05	      5.00	0	Gaussian	313.185175	42.332727
476	1	  0.001516	  0.000268	     -1.00	     47.63	    664.79	      9.65	      3.32	    168.88	     58.02	33.64	 3.551e-05	      5.00	0	Gaussian	312.826721	43.687183
477	1	  0.001475	  0.000831	     -1.00	    480.44	    704.94	      3.54	      3.18	     61.93	     55.61	-8.99	 3.756e-05	      5.01	0	Gaussian	315.612989	43.472891
478	1	  0.001508	  0.000439	     -1.00	    615.46	    737.00	      5.87	      3.43	    102.73	     60.10	-48.63	 1.627e-04	      5.01	0	Gaussian	316.500404	43.481878
479	1	  0.001522	  0.000507	     -1.00	    660.95	    485.42	      5.71	      2.98	     99.95	     52.10	-21.43	 5.437e-05	      5.03	0	Gaussian	316.427912	42.285706
480	1	  0.001520	  0.000957	     -1.00	    733.80	    654.53	      3.26	      2.86	     57.09	     50.14	-10.43	 8.168e-05	      5.03	0	Gaussian	317.114266	42.980905
481	1	  0.001530	  0.000772	     -1.00	    158.65	    187.53	      4.25	      2.54	     74.46	     44.45	2.19	 1.215e-04	      5.03	0	Gaussian	312.975274	41.382686
482	1	  0.001548	  0.001238	     -1.00	    205.66	    255.22	      2.63	      2.52	     46.04	     44.13	2.09	 2.012e-04	      5.04	0	Gaussian	313.341747	41.656050
483	1	  0.001528	  0.001179	     -1.00	    247.33	    462.87	      2.68	      2.60	     46.84	     45.55	6.12	 4.889e-05	      5.04	0	Gaussian	313.846062	42.579220
484	1	  0.001461	  0.000358	     -1.00	    155.13	    670.99	      8.14	      2.67	    142.45	     46.73	-36.44	 2.853e-05	      5.04	0	Gaussian	313.518150	43.622694
485	1	  0.001513	  0.001171	     -1.00	    161.72	    426.78	      2.68	      2.61	     46.82	     45.60	44.77	 4.547e-05	      5.05	0	Gaussian	313.269259	42.487544
486	1	  0.001540	  0.001363	     -1.00	    252.97	    583.01	      2.40	      2.38	     42.04	     41.72	34.70	 1.591e-04	      5.05	0	Gaussian	314.028449	43.128691
487	1	  0.001535	  0.001135	     -1.00	    521.37	    292.65	      2.73	      2.56	     47.78	     44.76	54.25	 7.837e-05	      5.05	0	Gaussian	315.318973	41.541382
488	1	  0.001505	  0.001115	     -1.00	    328.66	    168.11	      2.75	      2.64	     48.07	     46.29	7.83	 4.282e-05	      5.05	0	Gaussian	313.991868	41.146319
489	1	  0.001503	  0.000461	     -1.00	    720.02	    748.63	      5.51	      3.22	     96.44	     56.31	89.13	 8.488e-05	      5.07	0	Gaussian	317.166309	43.424119
490	1	  0.001492	  0.000806	     -1.00	    195.95	    172.10	      3.38	      3.05	     59.13	     53.46	-1.19	 3.823e-05	      5.07	0	Gaussian	313.186492	41.279845
491	1	  0.001514	  0.001148	     -1.00	     52.08	    111.32	      2.78	      2.38	     48.74	     41.61	36.90	 1.894e-04	      5.07	0	Gaussian	312.237372	41.116512
492	1	  0.001564	  0.000991	     -1.00	    739.31	     25.36	      3.17	      2.72	     55.40	     47.62	-3.03	 2.102e-04	      5.07	0	Gaussian	316.273145	40.105329
493	1	  0.001503	  0.001102	     -1.00	    118.70	    489.45	      2.68	      2.66	     46.84	     46.49	7.73	 1.032e-04	      5.07	0	Gaussian	313.072980	42.814590
494	1	  0.001504	  0.001090	     -1.00	     93.66	    335.55	      2.81	      2.53	     49.20	     44.28	-27.22	 5.625e-05	      5.08	0	Gaussian	312.740570	42.122667
495	1	  0.001526	  0.000653	     -1.00	    773.69	    747.50	      4.07	      2.77	     71.21	     48.54	-7.86	 5.647e-05	      5.08	0	Gaussian	317.496380	43.360753
496	1	  0.001479	  0.001172	     -1.00	    177.62	    677.72	      2.68	      2.57	     46.89	     44.90	19.55	 5.009e-05	      5.08	0	Gaussian	313.669084	43.633782
497	1	  0.001488	  0.000488	     -1.00	    647.98	    338.29	      4.41	      3.79	     77.25	     66.34	-49.13	 4.238e-05	      5.08	0	Gaussian	316.147382	41.626284
498	1	  0.001595	  0.001218	     -1.00	     94.17	    725.59	      2.78	      2.43	     48.62	     42.59	8.11	 5.697e-04	      5.09	0	Gaussian	313.195332	43.928643
499	1	  0.001538	  0.000898	     -1.00	    780.97	    689.91	      3.07	      2.93	     53.68	     51.34	11.34	 8.623e-05	      5.09	0	Gaussian	317.455980	43.091014
500	1	  0.001506	  0.001190	     -1.00	     13.45	    598.54	      2.67	      2.45	     46.73	     42.88	21.59	 5.079e-05	      5.10	0	Gaussian	312.533174	43.408784
501	1	  0.001496	  0.001110	     -1.00	    483.55	    407.61	      2.78	      2.45	     48.61	     42.95	6.59	 3.892e-05	      5.10	0	Gaussian	315.237303	42.105530
502	1	  0.001504	  0.000673	     -1.00	    600.61	    616.83	      3.51	      3.15	     61.41	     55.07	0.90	 5.083e-05	      5.10	0	Gaussian	316.239562	42.948144
503	1	  0.001496	  0.000811	     -1.00	    471.03	    529.06	      3.22	      2.98	     56.39	     52.11	-2.68	 3.892e-05	      5.11	0	Gaussian	315.319232	42.675294
504	1	  0.001506	  0.001053	     -1.00	    359.13	    319.48	      2.81	      2.48	     49.27	     43.39	48.90	 4.503e-05	      5.12	0	Gaussian	314.362046	41.816750
505	1	  0.001472	  0.001061	     -1.00	    171.68	    705.33	      2.79	      2.59	     48.80	     45.29	-4.59	 4.837e-05	      5.12	0	Gaussian	313.665076	43.766608
506	1	  0.001525	  0.000525	     -1.00	    707.75	    717.91	      4.27	      3.48	     74.82	     60.91	40.23	 1.226e-04	      5.13	0	Gaussian	317.045601	43.297375
507	1	  0.001514	  0.000759	     -1.00	    647.18	    377.11	      3.60	      3.04	     63.07	     53.19	4.41	 3.769e-05	      5.14	0	Gaussian	316.195230	41.804609
508	1	  0.001573	  0.000793	     -1.00	    744.24	    624.68	      3.42	      2.77	     59.87	     48.47	-6.03	 8.849e-05	      5.14	0	Gaussian	317.135115	42.833819
509	1	  0.001525	  0.001108	     -1.00	     92.02	    494.39	      2.73	      2.42	     47.70	     42.28	25.28	 2.184e-04	      5.14	0	Gaussian	312.911042	42.860142
510	1	  0.001513	  0.000445	     -1.00	    444.40	    400.43	      6.28	      2.55	    109.88	     44.56	-10.82	 5.072e-05	      5.15	0	Gaussian	314.987630	42.109916
511	1	  0.001530	  0.000638	     -1.00	    597.44	    465.53	      4.24	      2.77	     74.18	     48.46	2.39	 1.490e-04	      5.16	0	Gaussian	316.012300	42.259147
512	1	  0.001571	  0.001038	     -1.00	    725.25	    345.43	      2.78	      2.34	     48.71	     40.90	11.95	 1.660e-04	      5.16	0	Gaussian	316.624003	41.580534
513	1	  0.001491	  0.001009	     -1.00	    438.06	     66.54	      2.82	      2.49	     49.38	     43.57	44.49	 4.064e-05	      5.16	0	Gaussian	314.530708	40.580156
514	1	  0.001503	  0.001057	     -1.00	    313.27	    568.37	      2.72	      2.55	     47.59	     44.56	31.99	 4.862e-05	      5.16	0	Gaussian	314.388203	43.005879
515	1	  0.001524	  0.000325	     -1.00	    628.09	    413.55	      7.50	      2.98	    131.24	     52.11	9.08	 4.842e-05	      5.16	0	Gaussian	316.128792	41.990516
516	1	  0.001511	  0.000442	     -1.00	    346.04	    544.03	      4.52	      3.57	     79.15	     62.54	-64.70	 1.748e-04	      5.17	0	Gaussian	314.562084	42.863252
517	1	  0.001500	  0.001006	     -1.00	    189.82	    590.36	      2.80	      2.55	     48.94	     44.72	-9.18	 4.906e-05	      5.17	0	Gaussian	313.640090	43.219356
518	1	  0.001491	  0.001063	     -1.00	    134.74	     36.48	      2.74	      2.49	     47.94	     43.61	4.73	 4.247e-05	      5.17	0	Gaussian	312.661174	40.702914
519	1	  0.001484	  0.000798	     -1.00	    501.92	    461.72	      3.41	      2.82	     59.66	     49.33	-1.17	 2.566e-05	      5.17	0	Gaussian	315.421061	42.336128
520	1	  0.001494	  0.001088	     -1.00	    164.50	    213.23	      2.63	      2.56	     46.01	     44.72	12.29	 5.336e-05	      5.18	0	Gaussian	313.040319	41.496758
521	1	  0.001537	  0.000921	     -1.00	    613.74	     35.27	      2.88	      2.57	     50.48	     45.03	-9.92	 1.548e-04	      5.18	0	Gaussian	315.542039	40.272783
522	1	  0.001509	  0.001027	     -1.00	    250.28	    628.38	      2.74	      2.52	     47.98	     44.13	26.55	 6.803e-05	      5.18	0	Gaussian	314.067754	43.340453
523	1	  0.001479	  0.000784	     -1.00	    141.94	    739.94	      3.27	      2.93	     57.19	     51.33	-31.73	 2.218e-05	      5.18	0	Gaussian	313.517722	43.952988
524	1	  0.001506	  0.000989	     -1.00	     24.26	    464.89	      2.78	      2.59	     48.62	     45.40	-27.79	 5.620e-05	      5.18	0	Gaussian	312.451239	42.779866
525	1	  0.001539	  0.001051	     -1.00	    576.52	    594.43	      2.66	      2.55	     46.62	     44.61	20.51	 1.748e-04	      5.18	0	Gaussian	316.059732	42.870236
526	1	  0.001508	  0.000588	     -1.00	    701.89	    636.59	      3.83	      2.97	     67.00	     51.94	-38.75	 7.874e-05	      5.19	0	Gaussian	316.892072	42.933050
527	1	  0.001536	  0.000613	     -1.00	     41.82	    617.75	      4.15	      2.85	     72.69	     49.94	61.33	 1.702e-04	      5.19	0	Gaussian	312.735412	43.474143
528	1	  0.001530	  0.000711	     -1.00	    615.81	    404.53	      3.57	      2.88	     62.57	     50.34	5.62	 4.418e-05	      5.19	0	Gaussian	316.041754	41.961555
529	1	  0.001472	  0.000848	     -1.00	    267.92	    351.01	      3.29	      2.69	     57.61	     47.08	6.78	 2.551e-05	      5.20	0	Gaussian	313.838758	42.044331
530	1	  0.001603	  0.000881	     -1.00	    412.51	    305.51	      2.93	      2.78	     51.26	     48.70	20.20	 7.283e-04	      5.20	0	Gaussian	314.671692	41.703248
531	1	  0.001519	  0.001100	     -1.00	    308.31	     35.70	      2.59	      2.51	     45.33	     43.98	26.66	 7.755e-05	      5.20	0	Gaussian	313.712105	40.553274
532	1	  0.001490	  0.000329	     -1.00	    698.85	    274.77	      5.94	      3.56	    103.92	     62.36	-64.34	 3.427e-05	      5.20	0	Gaussian	316.368014	41.284725
533	1	  0.001484	  0.000745	     -1.00	     76.07	    635.14	      3.47	      2.99	     60.73	     52.34	-11.47	 2.736e-05	      5.21	0	Gaussian	312.973310	43.525671
534	1	  0.001507	  0.000605	     -1.00	    709.56	    694.63	      3.99	      2.81	     69.83	     49.16	3.87	 4.580e-05	      5.21	0	Gaussian	317.023004	43.189418
535	1	  0.001522	  0.000971	     -1.00	    356.13	    371.75	      2.70	      2.64	     47.33	     46.15	-14.64	 9.398e-05	      5.22	0	Gaussian	314.408303	42.060336
536	1	  0.001506	  0.000968	     -1.00	     94.24	     61.48	      2.79	      2.51	     48.90	     43.93	17.52	 4.225e-05	      5.22	0	Gaussian	312.441650	40.851549
537	1	  0.001478	  0.000638	     -1.00	    539.57	    216.11	      3.54	      3.38	     61.92	     59.15	-9.92	 2.664e-05	      5.22	0	Gaussian	315.330283	41.172718
538	1	  0.001483	  0.000759	     -1.00	    368.10	    536.16	      3.20	      3.05	     55.97	     53.37	1.14	 2.946e-05	      5.22	0	Gaussian	314.689520	42.806353
539	1	  0.001527	  0.000770	     -1.00	    601.36	    636.58	      3.53	      2.77	     61.76	     48.51	2.45	 8.297e-05	      5.23	0	Gaussian	316.271710	43.037660
540	1	  0.001510	  0.000850	     -1.00	    349.80	    170.00	      3.10	      2.71	     54.27	     47.38	2.99	 4.523e-05	      5.23	0	Gaussian	314.122695	41.136182
541	1	  0.001506	  0.000884	     -1.00	    539.39	    528.09	      2.83	      2.72	     49.45	     47.54	28.41	 5.463e-05	      5.23	0	Gaussian	315.740264	42.603639
542	1	  0.001485	  0.000864	     -1.00	    556.26	    495.27	      2.94	      2.54	     51.49	     44.40	33.60	 3.632e-05	      5.24	0	Gaussian	315.799928	42.436500
543	1	  0.001535	  0.000872	     -1.00	    136.85	    537.00	      3.07	      2.61	     53.68	     45.75	1.51	 1.306e-04	      5.24	0	Gaussian	313.242701	43.019061
544	1	  0.001519	  0.000218	     -1.00	    614.23	    145.56	      8.68	      3.76	    151.91	     65.88	-59.89	 6.481e-05	      5.24	0	Gaussian	315.687834	40.777444
545	1	  0.001525	  0.000756	     -1.00	    737.95	    695.66	      3.27	      2.86	     57.17	     50.03	-11.81	 7.164e-05	      5.25	0	Gaussian	317.199643	43.163699
546	1	  0.001497	  0.000929	     -1.00	    106.64	    395.09	      2.73	      2.68	     47.81	     46.89	-12.57	 3.742e-05	      5.25	0	Gaussian	312.888858	42.387777
547	1	  0.001517	  0.000552	     -1.00	    693.57	    763.08	      3.92	      3.04	     68.57	     53.18	-43.35	 4.396e-05	      5.25	0	Gaussian	317.023448	43.518281
548	1	  0.001557	  0.000950	     -1.00	    151.64	    338.17	      2.70	      2.56	     47.27	     44.87	-18.50	 1.937e-04	      5.26	0	Gaussian	313.103750	42.086052
549	1	  0.001503	  0.000936	     -1.00	    180.43	    184.59	      2.80	      2.47	     48.96	     43.21	25.54	 4.993e-05	      5.26	0	Gaussian	313.105588	41.350793
550	1	  0.001497	  0.000673	     -1.00	    387.29	    520.99	      3.40	      3.05	     59.52	     53.39	4.39	 2.663e-05	      5.26	0	Gaussian	314.789467	42.718456
551	1	  0.001513	  0.000732	     -1.00	    784.73	    432.54	      3.43	      2.89	     60.00	     50.55	-10.57	 6.500e-05	      5.27	0	Gaussian	317.105537	41.915788
552	1	  0.001509	  0.000357	     -1.00	    732.03	    776.11	      4.42	      4.32	     77.35	     75.65	64.92	 6.092e-05	      5.27	0	Gaussian	317.281077	43.536197
553	1	  0.001481	  0.000687	     -1.00	    486.91	    502.49	      3.51	      2.89	     61.51	     50.67	5.56	 2.719e-05	      5.28	0	Gaussian	315.382337	42.537878
554	1	  0.001495	  0.000660	     -1.00	    437.13	    359.89	      3.55	      2.96	     62.11	     51.82	-9.24	 3.206e-05	      5.28	0	Gaussian	314.891176	41.930387
555	1	  0.001501	  0.000682	     -1.00	    647.86	    196.54	      3.53	      2.85	     61.81	     49.91	0.23	 4.570e-05	      5.29	0	Gaussian	315.956547	40.977920
556	1	  0.001522	  0.000695	     -1.00	    366.78	    618.63	      3.41	      2.82	     59.60	     49.42	1.44	 6.034e-05	      5.29	0	Gaussian	314.787217	43.187074
557	1	  0.001505	  0.000873	     -1.00	    441.25	    626.57	      2.85	      2.50	     49.84	     43.71	11.35	 4.180e-05	      5.29	0	Gaussian	315.263022	43.151936
558	1	  0.001482	  0.000749	     -1.00	     36.93	    586.53	      3.33	      2.77	     58.26	     48.51	-5.95	 2.322e-05	      5.30	0	Gaussian	312.668597	43.333562
559	1	  0.001534	  0.000808	     -1.00	    407.10	    718.52	      3.14	      2.60	     54.96	     45.54	1.14	 1.926e-04	      5.30	0	Gaussian	315.171026	43.607416
560	1	  0.001499	  0.000750	     -1.00	    626.03	    585.59	      3.35	      2.73	     58.66	     47.77	-2.05	 3.040e-05	      5.30	0	Gaussian	316.352982	42.779300
561	1	  0.001496	  0.000677	     -1.00	    173.98	    520.22	      3.28	      3.06	     57.35	     53.63	-13.76	 8.716e-05	      5.30	0	Gaussian	313.456264	42.909147
562	1	  0.001488	  0.000793	     -1.00	    142.78	    298.34	      2.92	      2.69	     51.04	     47.01	-22.79	 3.720e-05	      5.31	0	Gaussian	313.003220	41.909158
563	1	  0.001487	  0.000846	     -1.00	     87.90	    580.44	      2.81	      2.69	     49.16	     47.08	-0.46	 3.372e-05	      5.32	0	Gaussian	312.984612	43.262261
564	1	  0.001486	  0.000566	     -1.00	    351.32	    529.99	      3.94	      2.69	     68.94	     47.14	-8.88	 3.865e-05	      5.32	0	Gaussian	314.577185	42.793685
565	1	  0.001516	  0.000380	     -1.00	    400.89	    380.29	      5.24	      3.32	     91.67	     58.12	10.93	 5.997e-05	      5.32	0	Gaussian	314.694538	42.058205
566	1	  0.001508	  0.000876	     -1.00	     30.54	    608.35	      2.78	      2.53	     48.70	     44.37	8.81	 5.923e-05	      5.32	0	Gaussian	312.652959	43.440043
567	1	  0.001523	  0.000820	     -1.00	    547.80	     78.66	      2.90	      2.45	     50.70	     42.91	34.04	 1.596e-04	      5.32	0	Gaussian	315.204027	40.534235
568	1	  0.001492	  0.000665	     -1.00	    572.08	    680.43	      3.47	      2.93	     60.68	     51.34	-13.68	 5.817e-05	      5.33	0	Gaussian	316.151032	43.268157
569	1	  0.001491	  0.000634	     -1.00	    717.00	    294.74	      3.75	      2.89	     65.59	     50.65	4.94	 2.675e-05	      5.33	0	Gaussian	316.504397	41.357533
570	1	  0.001485	  0.000659	     -1.00	    248.88	    665.84	      3.44	      2.90	     60.28	     50.74	-3.37	 8.158e-05	      5.33	0	Gaussian	314.105585	43.514482
571	1	  0.001509	  0.000800	     -1.00	    657.65	    789.55	      2.91	      2.54	     50.87	     44.42	21.10	 4.770e-05	      5.33	0	Gaussian	316.838463	43.677231
572	1	  0.001515	  0.000548	     -1.00	    240.85	    622.22	      3.69	      3.13	     64.66	     54.74	-63.31	 1.095e-04	      5.33	0	Gaussian	314.000721	43.320586
573	1	  0.001524	  0.000874	     -1.00	    298.58	     34.30	      2.73	      2.60	     47.87	     45.49	4.68	 8.284e-05	      5.33	0	Gaussian	313.651759	40.555225
574	1	  0.001570	  0.000870	     -1.00	    475.25	    542.49	      2.71	      2.55	     47.44	     44.65	10.47	 2.779e-04	      5.34	0	Gaussian	315.363102	42.732815
575	1	  0.001550	  0.000880	     -1.00	    327.36	    777.27	      2.73	      2.49	     47.80	     43.60	21.09	 9.173e-05	      5.34	0	Gaussian	314.744706	43.954278
576	1	  0.001500	  0.000762	     -1.00	    521.46	    125.35	      2.88	      2.77	     50.45	     48.43	17.81	 4.131e-05	      5.34	0	Gaussian	315.105208	40.773327
577	1	  0.001507	  0.000518	     -1.00	    447.45	    129.11	      4.59	      2.76	     80.28	     48.23	-0.98	 8.339e-05	      5.34	0	Gaussian	314.664220	40.859366
578	1	  0.001497	  0.000856	     -1.00	    196.46	    636.58	      2.82	      2.49	     49.35	     43.57	10.49	 4.762e-05	      5.34	0	Gaussian	313.738175	43.426924
579	1	  0.001521	  0.000279	     -1.00	    393.89	    559.65	      8.32	      2.62	    145.59	     45.81	3.99	 4.422e-05	      5.34	0	Gaussian	314.880284	42.890043
580	1	  0.001497	  0.000713	     -1.00	    470.74	     15.76	      3.46	      2.80	     60.50	     49.04	2.15	 5.266e-05	      5.35	0	Gaussian	314.664475	40.316857
581	1	  0.001583	  0.000915	     -1.00	    662.37	    685.69	      2.67	      2.44	     46.66	     42.74	22.66	 3.435e-04	      5.35	0	Gaussian	316.718489	43.198615
582	1	  0.001529	  0.000612	     -1.00	    753.21	    637.36	      3.58	      2.89	     62.61	     50.51	5.82	 5.843e-05	      5.35	0	Gaussian	317.208528	42.881929
583	1	  0.001541	  0.000878	     -1.00	    196.23	    100.54	      2.73	      2.48	     47.74	     43.48	12.78	 2.819e-04	      5.36	0	Gaussian	313.106870	40.948574
584	1	  0.001527	  0.000886	     -1.00	     68.17	    244.90	      2.72	      2.50	     47.56	     43.81	-21.19	 1.713e-04	      5.36	0	Gaussian	312.481567	41.723289
585	1	  0.001574	  0.000828	     -1.00	    626.43	    383.74	      2.80	      2.38	     49.05	     41.61	35.80	 9.286e-05	      5.36	0	Gaussian	316.078210	41.855802
586	1	  0.001547	  0.000585	     -1.00	    788.18	    488.74	      3.79	      2.63	     66.27	     45.95	-89.66	 1.509e-04	      5.36	0	Gaussian	317.206886	42.168019
587	1	  0.001522	  0.000943	     -1.00	    192.56	    623.66	      2.66	      2.40	     46.54	     42.09	5.69	 1.770e-04	      5.36	0	Gaussian	313.697792	43.370766
588	1	  0.001531	  0.000476	     -1.00	    755.37	    605.88	      3.92	      3.36	     68.68	     58.78	-31.65	 4.916e-05	      5.36	0	Gaussian	317.176043	42.736334
589	1	  0.001496	  0.000756	     -1.00	    202.24	    500.50	      2.96	      2.49	     51.80	     43.62	-18.36	 4.033e-05	      5.37	0	Gaussian	313.609870	42.793108
590	1	  0.001498	  0.000793	     -1.00	    288.26	    518.82	      2.85	      2.64	     49.94	     46.14	-7.38	 4.636e-05	      5.37	0	Gaussian	314.169966	42.800429
591	1	  0.001544	  0.000661	     -1.00	    729.88	    332.25	      3.35	      2.83	     58.71	     49.56	-5.19	 6.596e-05	      5.37	0	Gaussian	316.633656	41.515634
592	1	  0.001473	  0.000570	     -1.00	    751.82	     82.01	      3.67	      3.08	     64.27	     53.89	-5.15	 3.415e-05	      5.37	0	Gaussian	316.422953	40.351430
593	1	  0.001492	  0.000323	     -1.00	     16.22	    387.51	      5.64	      3.43	     98.71	     60.03	-30.16	 3.268e-05	      5.38	0	Gaussian	312.315030	42.427299
594	1	  0.001502	  0.000753	     -1.00	    144.40	     65.26	      2.90	      2.64	     50.67	     46.27	4.78	 5.096e-05	      5.38	0	Gaussian	312.751655	40.828317
595	1	  0.001476	  0.000597	     -1.00	    538.83	    621.02	      3.58	      2.82	     62.72	     49.32	-14.85	 3.735e-05	      5.38	0	Gaussian	315.862736	43.029958
596	1	  0.001505	  0.000193	     -1.00	    431.71	    177.70	      9.56	      3.79	    167.38	     66.38	69.30	 1.357e-04	      5.38	0	Gaussian	314.629233	41.097368
597	1	  0.001524	  0.000835	     -1.00	    117.62	    663.43	      2.78	      2.48	     48.57	     43.34	3.81	 9.635e-05	      5.39	0	Gaussian	313.270784	43.620727
598	1	  0.001491	  0.000582	     -1.00	    757.37	    292.51	      3.70	      3.04	     64.78	     53.12	2.03	 3.835e-05	      5.39	0	Gaussian	316.743798	41.306061
599	1	  0.001504	  0.000742	     -1.00	    451.62	    755.22	      2.85	      2.77	     49.90	     48.47	-21.61	 5.410e-05	      5.39	0	Gaussian	315.500286	43.732043
600	1	  0.001504	  0.000766	     -1.00	    580.43	    426.54	      2.89	      2.51	     50.65	     43.91	22.19	 3.500e-05	      5.40	0	Gaussian	315.855555	42.097607
601	1	  0.001508	  0.000781	     -1.00	     26.26	    666.69	      2.85	      2.56	     49.83	     44.73	-24.72	 3.218e-05	      5.40	0	Gaussian	312.692563	43.714030
602	1	  0.001511	  0.000742	     -1.00	    199.48	    127.44	      2.82	      2.76	     49.33	     48.35	-56.29	 4.503e-05	      5.40	0	Gaussian	313.157187	41.070279
603	1	  0.001479	  0.000629	     -1.00	    785.54	     84.45	      3.45	      2.98	     60.38	     52.16	-4.95	 6.347e-05	      5.40	0	Gaussian	316.625764	40.328638
604	1	  0.001502	  0.000756	     -1.00	    321.69	    355.04	      2.85	      2.71	     49.94	     47.45	-38.45	 6.959e-05	      5.40	0	Gaussian	314.175476	42.014710
605	1	  0.001493	  0.000838	     -1.00	    257.52	    368.69	      2.74	      2.57	     47.92	     45.02	-5.98	 3.582e-05	      5.40	0	Gaussian	313.795728	42.135201
606	1	  0.001480	  0.000762	     -1.00	    532.31	    728.55	      2.91	      2.55	     50.90	     44.69	21.72	 4.858e-05	      5.40	0	Gaussian	315.969815	43.528832
607	1	  0.001486	  0.000839	     -1.00	    139.60	    630.61	      2.76	      2.52	     48.31	     44.14	1.84	 5.856e-05	      5.41	0	Gaussian	313.371082	43.449694
608	1	  0.001524	  0.000539	     -1.00	    698.66	    329.27	      3.82	      2.84	     66.83	     49.79	-6.25	 5.183e-05	      5.41	0	Gaussian	316.441368	41.533893
609	1	  0.001496	  0.000789	     -1.00	    266.93	    184.73	      2.86	      2.48	     50.09	     43.36	18.57	 3.687e-05	      5.41	0	Gaussian	313.635178	41.277267
610	1	  0.001512	  0.000550	     -1.00	    784.95	    514.44	      3.68	      3.08	     64.37	     53.96	-10.07	 5.063e-05	      5.41	0	Gaussian	317.224296	42.288467
611	1	  0.001523	  0.000634	     -1.00	    571.91	    605.73	      3.33	      2.85	     58.30	     49.91	6.24	 1.373e-04	      5.41	0	Gaussian	316.046771	42.926616
612	1	  0.001511	  0.000705	     -1.00	    230.64	    356.21	      2.92	      2.70	     51.03	     47.26	23.95	 6.173e-05	      5.42	0	Gaussian	313.614477	42.101270
613	1	  0.001505	  0.000734	     -1.00	    499.02	    400.46	      2.97	      2.64	     52.00	     46.24	2.98	 1.070e-04	      5.42	0	Gaussian	315.322835	42.057790
614	1	  0.001514	  0.000339	     -1.00	    596.40	    423.44	      6.38	      2.69	    111.69	     47.17	3.42	 3.967e-05	      5.42	0	Gaussian	315.948958	42.067539
615	1	  0.001506	  0.000830	     -1.00	    260.36	    473.39	      2.71	      2.57	     47.40	     44.93	3.78	 4.134e-05	      5.42	0	Gaussian	313.940083	42.616097
616	1	  0.001502	  0.000686	     -1.00	    530.66	    305.30	      3.02	      2.55	     52.80	     44.58	-17.15	 3.940e-05	      5.42	0	Gaussian	315.391826	41.590504
617	1	  0.001471	  0.000648	     -1.00	    210.23	    536.84	      3.40	      2.78	     59.53	     48.66	4.93	 2.316e-05	      5.42	0	Gaussian	313.703668	42.953939
618	1	  0.001477	  0.000584	     -1.00	    188.16	    684.54	      3.50	      3.02	     61.28	     52.90	-7.17	 7.741e-05	      5.43	0	Gaussian	313.744262	43.655854
619	1	  0.001497	  0.000502	     -1.00	    568.22	    262.22	      3.52	      3.27	     61.65	     57.27	-40.99	 4.351e-05	      5.43	0	Gaussian	315.563371	41.356596
620	1	  0.001502	  0.000567	     -1.00	    345.02	    267.84	      4.00	      2.53	     69.94	     44.26	-15.51	 6.295e-05	      5.43	0	Gaussian	314.212169	41.591541
621	1	  0.001502	  0.000558	     -1.00	    409.81	    172.24	      3.57	      3.02	     62.42	     52.84	-5.84	 3.602e-05	      5.43	0	Gaussian	314.489736	41.092288
622	1	  0.001518	  0.000762	     -1.00	     27.51	    454.05	      2.77	      2.67	     48.56	     46.67	6.26	 8.470e-05	      5.43	0	Gaussian	312.459617	42.726912
623	1	  0.001500	  0.000742	     -1.00	     91.42	    147.40	      2.85	      2.60	     49.90	     45.50	-30.35	 5.730e-05	      5.44	0	Gaussian	312.517901	41.252209
624	1	  0.001498	  0.000503	     -1.00	    465.66	    659.21	      3.91	      2.91	     68.38	     50.87	-3.70	 4.950e-05	      5.44	0	Gaussian	315.458902	43.277836
625	1	  0.001534	  0.000751	     -1.00	    359.81	    589.37	      2.79	      2.63	     48.85	     45.97	-24.64	 8.815e-05	      5.44	0	Gaussian	314.705901	43.059057
626	1	  0.001500	  0.000683	     -1.00	    723.74	    307.34	      3.03	      2.43	     53.04	     42.45	-34.94	 4.839e-05	      5.44	0	Gaussian	316.562320	41.408215
627	1	  0.001488	  0.000290	     -1.00	    117.71	    594.70	      5.48	      3.54	     95.89	     62.00	26.30	 2.635e-05	      5.44	0	Gaussian	313.189897	43.302639
628	1	  0.001499	  0.000542	     -1.00	    763.78	    502.41	      3.66	      2.99	     64.09	     52.41	-5.00	 4.580e-05	      5.45	0	Gaussian	317.078385	42.256149
629	1	  0.001484	  0.000598	     -1.00	    267.73	    492.61	      3.68	      2.83	     64.34	     49.49	0.04	 2.359e-05	      5.45	0	Gaussian	314.009550	42.698156
630	1	  0.001536	  0.000254	     -1.00	    631.97	    434.68	      7.22	      2.87	    126.31	     50.20	10.32	 1.138e-04	      5.45	0	Gaussian	316.181220	42.083263
631	1	  0.001505	  0.000405	     -1.00	    653.22	    756.49	      4.95	      2.90	     86.63	     50.78	2.16	 7.602e-05	      5.46	0	Gaussian	316.763226	43.531199
632	1	  0.001502	  0.000734	     -1.00	    468.56	    443.31	      2.84	      2.62	     49.77	     45.83	5.02	 6.647e-05	      5.46	0	Gaussian	315.191646	42.283865
633	1	  0.001494	  0.000724	     -1.00	    582.18	    716.80	      2.89	      2.57	     50.66	     44.95	-22.94	 7.098e-05	      5.46	0	Gaussian	316.264644	43.424089
634	1	  0.001462	  0.000687	     -1.00	    252.56	    726.34	      3.01	      2.51	     52.73	     43.97	-4.86	 4.662e-05	      5.46	0	Gaussian	314.204895	43.790029
635	1	  0.001490	  0.000516	     -1.00	    668.37	    178.04	      3.66	      3.15	     64.06	     55.08	3.14	 2.990e-05	      5.46	0	Gaussian	316.054826	40.873085
636	1	  0.001510	  0.000591	     -1.00	    619.93	    534.17	      3.54	      2.83	     62.03	     49.60	-2.10	 6.779e-05	      5.46	0	Gaussian	316.244185	42.550481
637	1	  0.001489	  0.000472	     -1.00	    594.56	    291.09	      3.66	      3.33	     64.09	     58.24	-0.62	 2.958e-05	      5.46	0	Gaussian	315.760813	41.463188
638	1	  0.001470	  0.000379	     -1.00	    359.92	    463.65	      4.03	      3.63	     70.55	     63.53	-29.60	 2.718e-05	      5.46	0	Gaussian	314.546753	42.480180
639	1	  0.001493	  0.000777	     -1.00	    230.61	    718.70	      2.82	      2.44	     49.33	     42.73	10.87	 1.158e-04	      5.47	0	Gaussian	314.055998	43.775016
640	1	  0.001522	  0.000554	     -1.00	    430.68	    563.45	      3.53	      2.91	     61.75	     51.00	-0.91	 4.660e-05	      5.47	0	Gaussian	315.114137	42.872250
641	1	  0.001497	  0.000791	     -1.00	    247.60	    675.49	      2.77	      2.49	     48.49	     43.54	10.13	 1.289e-04	      5.47	0	Gaussian	314.109560	43.560153
642	1	  0.001528	  0.000432	     -1.00	    635.92	    760.58	      4.19	      2.83	     73.36	     49.46	-35.32	 1.116e-04	      5.47	0	Gaussian	316.661379	43.568099
643	1	  0.001516	  0.000621	     -1.00	    564.32	    450.93	      3.36	      2.84	     58.78	     49.67	-3.18	 5.274e-05	      5.47	0	Gaussian	315.789761	42.225357
644	1	  0.001501	  0.000499	     -1.00	    234.72	    419.11	      3.49	      3.23	     61.15	     56.60	5.81	 5.837e-05	      5.47	0	Gaussian	313.714813	42.388337
645	1	  0.001503	  0.000653	     -1.00	    620.59	    121.85	      2.95	      2.73	     51.64	     47.82	25.97	 5.815e-05	      5.48	0	Gaussian	315.695004	40.662690
646	1	  0.001512	  0.000547	     -1.00	    687.20	    358.42	      3.65	      3.04	     63.88	     53.25	2.49	 5.425e-05	      5.48	0	Gaussian	316.412174	41.678701
647	1	  0.001501	  0.000608	     -1.00	    104.87	    259.71	      3.39	      2.79	     59.26	     48.78	-5.87	 3.322e-05	      5.48	0	Gaussian	312.725034	41.761825
648	1	  0.001510	  0.000545	     -1.00	    454.01	    570.65	      3.84	      2.74	     67.19	     47.89	-4.34	 8.151e-05	      5.48	0	Gaussian	315.268581	42.882770
649	1	  0.001489	  0.000560	     -1.00	     42.09	    514.69	      3.49	      2.96	     61.16	     51.78	6.10	 2.802e-05	      5.48	0	Gaussian	312.619594	42.996171
650	1	  0.001508	  0.000545	     -1.00	    586.04	    143.37	      3.69	      2.86	     64.59	     49.99	-8.99	 4.475e-05	      5.48	0	Gaussian	315.516064	40.794568
651	1	  0.001496	  0.000681	     -1.00	    187.81	    748.62	      2.91	      2.64	     50.92	     46.17	31.94	 9.932e-05	      5.49	0	Gaussian	313.820959	43.951972
652	1	  0.001526	  0.000555	     -1.00	    393.86	    777.59	      3.59	      2.90	     62.90	     50.81	-14.34	 7.584e-05	      5.49	0	Gaussian	315.166154	43.891501
653	1	  0.001515	  0.000779	     -1.00	    437.58	     15.80	      2.73	      2.47	     47.82	     43.15	31.88	 9.334e-05	      5.50	0	Gaussian	314.465972	40.347179
654	1	  0.001510	  0.000563	     -1.00	    558.24	    394.67	      3.58	      2.74	     62.60	     47.94	-9.22	 3.215e-05	      5.50	0	Gaussian	315.677420	41.973498
655	1	  0.001524	  0.000559	     -1.00	    724.79	    227.52	      3.71	      2.59	     64.89	     45.37	-11.33	 7.199e-05	      5.50	0	Gaussian	316.459184	41.042764
656	1	  0.001497	  0.000502	     -1.00	    398.81	    433.31	      3.83	      2.83	     67.08	     49.53	-0.59	 3.451e-05	      5.51	0	Gaussian	314.748889	42.304174
657	1	  0.001506	  0.000676	     -1.00	    712.55	    209.38	      2.97	      2.34	     51.92	     41.00	-8.47	 4.661e-05	      5.51	0	Gaussian	316.361328	40.972226
658	1	  0.001489	  0.000601	     -1.00	    601.39	    275.27	      3.08	      2.59	     53.96	     45.32	-0.92	 4.701e-05	      5.51	0	Gaussian	315.781136	41.384026
659	1	  0.001505	  0.000552	     -1.00	    121.69	    712.94	      3.31	      3.01	     57.91	     52.70	0.34	 4.395e-05	      5.51	0	Gaussian	313.355885	43.846077
660	1	  0.001515	  0.000537	     -1.00	    411.68	    598.14	      3.52	      2.90	     61.53	     50.81	-1.17	 4.661e-05	      5.51	0	Gaussian	315.041135	43.049972
661	1	  0.001470	  0.000445	     -1.00	    788.64	    122.36	      4.11	      2.89	     71.89	     50.66	-8.52	 2.798e-05	      5.51	0	Gaussian	316.695798	40.498312
662	1	  0.001497	  0.000633	     -1.00	    359.41	     47.79	      2.97	      2.60	     52.01	     45.54	3.29	 4.213e-05	      5.52	0	Gaussian	314.034618	40.564278
663	1	  0.001502	  0.000548	     -1.00	    769.43	    163.97	      3.46	      3.00	     60.62	     52.59	-12.98	 8.136e-05	      5.52	0	Gaussian	316.638726	40.707514
664	1	  0.001493	  0.000571	     -1.00	    473.81	     30.69	      3.44	      2.81	     60.28	     49.11	-0.61	 3.978e-05	      5.52	0	Gaussian	314.701160	40.382685
665	1	  0.001509	  0.000669	     -1.00	    164.53	    481.01	      2.98	      2.62	     52.23	     45.88	-1.85	 1.283e-04	      5.52	0	Gaussian	313.350520	42.736028
666	1	  0.001490	  0.000490	     -1.00	    250.39	    207.34	      3.85	      3.16	     67.39	     55.33	-8.32	 2.767e-05	      5.53	0	Gaussian	313.560540	41.396099
667	1	  0.001553	  0.000602	     -1.00	    732.59	    746.09	      2.91	      2.79	     50.97	     48.77	-38.10	 1.845e-04	      5.53	0	Gaussian	317.240361	43.398992
668	1	  0.001495	  0.000524	     -1.00	    254.02	    493.65	      3.61	      2.93	     63.22	     51.29	1.97	 2.279e-05	      5.53	0	Gaussian	313.925246	42.715353
669	1	  0.001482	  0.000343	     -1.00	    181.65	     50.40	      3.86	      3.70	     67.56	     64.78	37.55	 2.703e-05	      5.53	0	Gaussian	312.961744	40.728782
670	1	  0.001507	  0.000520	     -1.00	     26.44	    711.70	      3.77	      2.93	     66.05	     51.32	-5.69	 3.067e-05	      5.53	0	Gaussian	312.745652	43.922451
671	1	  0.001502	  0.000663	     -1.00	    108.09	    756.11	      2.88	      2.63	     50.33	     46.05	36.61	 4.812e-05	      5.53	0	Gaussian	313.320869	44.057637
672	1	  0.001505	  0.000511	     -1.00	    407.99	    758.04	      3.75	      2.88	     65.68	     50.32	-2.13	 4.286e-05	      5.54	0	Gaussian	315.229280	43.787957
673	1	  0.001490	  0.000540	     -1.00	    565.86	     43.64	      3.46	      2.96	     60.60	     51.78	-3.98	 4.211e-05	      5.54	0	Gaussian	315.267548	40.356606
674	1	  0.001502	  0.000278	     -1.00	    596.51	    566.71	      7.26	      2.60	    127.00	     45.58	2.92	 1.125e-04	      5.54	0	Gaussian	316.144973	42.723121
675	1	  0.001496	  0.000391	     -1.00	    262.90	    234.20	      4.86	      2.81	     85.02	     49.10	-11.30	 4.404e-05	      5.54	0	Gaussian	313.668760	41.509292
676	1	  0.001478	  0.000672	     -1.00	    341.68	    515.72	      2.86	      2.68	     50.02	     46.95	25.88	 3.201e-05	      5.54	0	Gaussian	314.499109	42.736930
677	1	  0.001518	  0.000221	     -1.00	    652.23	    654.41	      7.99	      2.78	    139.83	     48.61	-2.51	 5.722e-05	      5.55	0	Gaussian	316.611335	43.066505
678	1	  0.001505	  0.000651	     -1.00	    229.26	     61.74	      2.90	      2.61	     50.70	     45.71	3.59	 5.904e-05	      5.55	0	Gaussian	313.263671	40.741269
679	1	  0.001498	  0.000584	     -1.00	    125.59	    692.95	      3.35	      2.84	     58.59	     49.73	-3.58	 4.157e-05	      5.55	0	Gaussian	313.356739	43.750269
680	1	  0.001504	  0.000445	     -1.00	    359.64	    355.45	      3.95	      2.82	     69.12	     49.32	-4.77	 3.510e-05	      5.55	0	Gaussian	314.409698	41.982023
681	1	  0.001489	  0.000435	     -1.00	    278.35	    443.68	      4.66	      2.63	     81.51	     46.11	-9.03	 4.368e-05	      5.55	0	Gaussian	314.015746	42.462780
682	1	  0.001517	  0.000355	     -1.00	    598.40	    138.19	      5.34	      2.44	     93.44	     42.64	0.14	 6.815e-05	      5.56	0	Gaussian	315.583437	40.758942
683	1	  0.001487	  0.000603	     -1.00	    496.68	     98.28	      2.98	      2.74	     52.19	     47.89	-33.94	 3.764e-05	      5.56	0	Gaussian	314.922241	40.672170
684	1	  0.001503	  0.000433	     -1.00	    760.66	    513.68	      4.12	      2.62	     72.19	     45.80	-14.22	 5.274e-05	      5.56	0	Gaussian	317.075515	42.310782
685	1	  0.001507	  0.000518	     -1.00	    724.23	     44.75	      3.72	      2.69	     65.05	     47.16	-6.15	 1.751e-04	      5.56	0	Gaussian	316.209838	40.208744
686	1	  0.001468	  0.000626	     -1.00	    157.55	    762.90	      2.91	      2.80	     50.96	     49.05	-20.36	 3.213e-05	      5.56	0	Gaussian	313.645440	44.045114
687	1	  0.001481	  0.000618	     -1.00	    175.52	    213.50	      2.99	      2.54	     52.39	     44.48	3.82	 3.817e-05	      5.57	0	Gaussian	313.108385	41.488735
688	1	  0.001492	  0.000640	     -1.00	     38.63	    782.23	      2.96	      2.47	     51.75	     43.26	-51.80	 3.376e-05	      5.57	0	Gaussian	312.906228	44.238684
689	1	  0.001493	  0.000623	     -1.00	    209.34	    383.43	      2.95	      2.57	     51.64	     44.96	-12.88	 4.446e-05	      5.57	0	Gaussian	313.514663	42.245722
690	1	  0.001514	  0.000674	     -1.00	    131.39	    435.80	      2.79	      2.57	     48.88	     45.06	10.22	 6.307e-05	      5.58	0	Gaussian	313.090282	42.555351
691	1	  0.001524	  0.000614	     -1.00	    511.52	    285.26	      2.90	      2.68	     50.73	     46.94	-29.02	 1.043e-04	      5.58	0	Gaussian	315.249561	41.516869
692	1	  0.001473	  0.000523	     -1.00	    118.09	    519.50	      3.39	      2.98	     59.40	     52.20	-2.49	 2.220e-05	      5.58	0	Gaussian	313.104153	42.954219
693	1	  0.001519	  0.000510	     -1.00	    560.04	    466.23	      3.38	      2.96	     59.21	     51.79	-18.43	 5.363e-05	      5.58	0	Gaussian	315.784071	42.299705
694	1	  0.001488	  0.000541	     -1.00	    711.18	    523.43	      3.47	      2.82	     60.73	     49.43	-12.12	 4.481e-05	      5.58	0	Gaussian	316.787912	42.407271
695	1	  0.001482	  0.000413	     -1.00	    792.62	    334.30	      4.24	      2.98	     74.15	     52.11	-0.37	 2.330e-05	      5.58	0	Gaussian	317.013796	41.460039
696	1	  0.001540	  0.000551	     -1.00	    761.42	    618.13	      2.98	      2.72	     52.12	     47.67	-17.35	 7.812e-05	      5.59	0	Gaussian	317.230918	42.785616
697	1	  0.001493	  0.000490	     -1.00	    677.54	    579.95	      3.87	      2.84	     67.79	     49.68	-2.84	 4.113e-05	      5.59	0	Gaussian	316.661859	42.700243
698	1	  0.001499	  0.000527	     -1.00	    237.34	    602.46	      3.54	      2.76	     61.97	     48.36	-17.58	 7.005e-05	      5.59	0	Gaussian	313.954197	43.232615
699	1	  0.001494	  0.000588	     -1.00	    638.60	    531.39	      3.04	      2.41	     53.15	     42.22	-34.65	 3.860e-05	      5.59	0	Gaussian	316.354884	42.518692
700	1	  0.001502	  0.000389	     -1.00	    512.54	    561.90	      4.82	      2.40	     84.41	     42.01	-32.53	 6.784e-05	      5.60	0	Gaussian	315.619845	42.785232
701	1	  0.001523	  0.000326	     -1.00	    641.33	    687.83	      5.17	      2.79	     90.43	     48.89	6.80	 1.189e-04	      5.60	0	Gaussian	316.591252	43.230424
702	1	  0.001525	  0.000655	     -1.00	     79.72	    369.54	      2.78	      2.64	     48.63	     46.14	-4.82	 4.960e-05	      5.60	0	Gaussian	312.691992	42.291832
703	1	  0.001478	  0.000485	     -1.00	    153.22	    721.32	      3.77	      2.85	     65.99	     49.87	-14.60	 1.163e-04	      5.60	0	Gaussian	313.567019	43.856955
704	1	  0.001492	  0.000413	     -1.00	    174.51	    104.53	      4.01	      2.96	     70.13	     51.76	1.86	 3.389e-05	      5.60	0	Gaussian	312.978928	40.985230
705	1	  0.001494	  0.000593	     -1.00	    223.84	    394.39	      2.98	      2.56	     52.12	     44.76	-14.74	 5.306e-05	      5.61	0	Gaussian	313.617692	42.283702
706	1	  0.001524	  0.000565	     -1.00	    331.82	    193.33	      3.33	      2.67	     58.23	     46.77	-6.84	 8.810e-05	      5.61	0	Gaussian	314.041317	41.259820
707	1	  0.001479	  0.000528	     -1.00	    193.93	    329.50	      3.56	      2.77	     62.33	     48.48	-10.30	 2.408e-05	      5.61	0	Gaussian	313.355745	42.009735
708	1	  0.001491	  0.000701	     -1.00	    103.67	    653.42	      2.72	      2.55	     47.52	     44.64	-18.80	 6.342e-05	      5.62	0	Gaussian	313.170219	43.586513
709	1	  0.001496	  0.000502	     -1.00	    708.74	    667.55	      3.67	      2.71	     64.32	     47.51	-15.02	 3.050e-05	      5.62	0	Gaussian	316.978815	43.066915
710	1	  0.001501	  0.000375	     -1.00	    758.73	    474.92	      3.89	      3.53	     68.10	     61.79	-31.34	 3.238e-05	      5.62	0	Gaussian	317.008441	42.136235
711	1	  0.001478	  0.000457	     -1.00	    132.66	    202.07	      3.43	      2.63	     60.03	     46.04	-10.39	 2.789e-05	      5.63	0	Gaussian	312.831901	41.471726
712	1	  0.001508	  0.000499	     -1.00	    453.73	    384.26	      3.73	      2.58	     65.23	     45.15	-0.38	 4.011e-05	      5.63	0	Gaussian	315.024177	42.026751
713	1	  0.001505	  0.000271	     -1.00	    409.13	    321.16	      5.79	      3.15	    101.30	     55.10	-30.70	 3.580e-05	      5.63	0	Gaussian	314.670622	41.778404
714	1	  0.001489	  0.000386	     -1.00	    763.35	    237.35	      4.76	      2.75	     83.23	     48.22	-5.48	 2.699e-05	      5.63	0	Gaussian	316.703276	41.048391
715	1	  0.001514	  0.000422	     -1.00	    580.23	    444.70	      3.65	      3.10	     63.96	     54.19	-1.02	 4.466e-05	      5.64	0	Gaussian	315.878762	42.181020
716	1	  0.001514	  0.000178	     -1.00	    647.03	    260.97	      9.71	      3.05	    169.99	     53.35	16.17	 1.247e-04	      5.64	0	Gaussian	316.037520	41.273525
717	1	  0.001512	  0.000339	     -1.00	    403.51	    391.16	      5.25	      2.59	     91.84	     45.29	-7.43	 6.402e-05	      5.64	0	Gaussian	314.724400	42.105798
718	1	  0.001492	  0.000556	     -1.00	    704.49	     13.89	      3.00	      2.67	     52.56	     46.66	-4.67	 5.163e-05	      5.64	0	Gaussian	316.052244	40.087203
719	1	  0.001505	  0.000515	     -1.00	    764.38	    343.68	      3.70	      2.81	     64.76	     49.15	-1.63	 5.295e-05	      5.64	0	Gaussian	316.857296	41.532165
720	1	  0.001528	  0.000591	     -1.00	    716.93	    561.61	      3.18	      2.58	     55.66	     45.07	-3.59	 1.010e-04	      5.65	0	Gaussian	316.877199	42.575365
721	1	  0.001509	  0.000561	     -1.00	    287.80	     77.29	      3.46	      2.50	     60.62	     43.76	-9.46	 4.695e-05	      5.65	0	Gaussian	313.636528	40.763023
722	1	  0.001504	  0.000552	     -1.00	    554.09	     96.79	      3.38	      2.66	     59.14	     46.52	-10.53	 4.534e-05	      5.65	0	Gaussian	315.264727	40.611495
723	1	  0.001495	  0.000436	     -1.00	    671.61	    347.30	      3.82	      2.85	     66.90	     49.95	-3.29	 4.551e-05	      5.65	0	Gaussian	316.302630	41.643671
724	1	  0.001494	  0.000389	     -1.00	    590.42	    275.46	      4.15	      2.97	     72.60	     51.96	-35.16	 5.771e-05	      5.65	0	Gaussian	315.715076	41.395644
725	1	  0.001487	  0.000373	     -1.00	    746.04	      6.39	      4.19	      3.00	     73.28	     52.43	-35.96	 4.081e-05	      5.66	0	Gaussian	316.287583	40.012068
726	1	  0.001509	  0.000369	     -1.00	    350.77	    712.08	      3.89	      3.21	     68.06	     56.13	-38.57	 2.991e-05	      5.66	0	Gaussian	314.807767	43.632125
727	1	  0.001492	  0.000324	     -1.00	     76.53	    285.97	      3.88	      3.80	     67.97	     66.50	31.47	 2.311e-05	      5.66	0	Gaussian	312.578772	41.906923
728	1	  0.001486	  0.000479	     -1.00	    499.23	    180.79	      3.59	      2.86	     62.76	     50.08	-1.95	 3.577e-05	      5.66	0	Gaussian	315.041520	41.048777
729	1	  0.001520	  0.000531	     -1.00	    457.59	    278.15	      3.00	      2.65	     52.59	     46.46	-15.94	 7.200e-05	      5.66	0	Gaussian	314.912309	41.535315
730	1	  0.001494	  0.000593	     -1.00	    177.61	    162.32	      2.93	      2.49	     51.28	     43.55	-15.78	 3.721e-05	      5.66	0	Gaussian	313.063051	41.250093
731	1	  0.001518	  0.000452	     -1.00	    426.71	    614.32	      3.81	      2.61	     66.65	     45.64	-3.10	 4.328e-05	      5.66	0	Gaussian	315.156133	43.109825
732	1	  0.001475	  0.000379	     -1.00	    587.37	    732.26	      4.10	      3.08	     71.68	     53.99	-15.73	 2.983e-05	      5.66	0	Gaussian	316.318713	43.489414
733	1	  0.001508	  0.000527	     -1.00	    687.37	    158.42	      3.04	      2.46	     53.27	     43.06	12.25	 5.359e-05	      5.66	0	Gaussian	316.142260	40.764548
734	1	  0.001507	  0.000372	     -1.00	    756.58	    402.85	      3.63	      3.26	     63.62	     57.09	-18.04	 3.328e-05	      5.67	0	Gaussian	316.893348	41.810015
735	1	  0.001479	  0.000381	     -1.00	    711.46	     75.21	      4.08	      2.99	     71.45	     52.41	-24.04	 5.179e-05	      5.67	0	Gaussian	316.174702	40.360479
736	1	  0.001514	  0.000456	     -1.00	    633.86	    323.38	      3.69	      2.79	     64.62	     48.78	-16.17	 1.347e-04	      5.67	0	Gaussian	316.041752	41.572180
737	1	  0.001533	  0.000507	     -1.00	    647.27	    764.10	      3.29	      2.77	     57.59	     48.40	-13.00	 1.594e-04	      5.68	0	Gaussian	316.737137	43.572196
738	1	  0.001500	  0.000522	     -1.00	    259.30	    126.25	      3.02	      2.67	     52.87	     46.82	16.44	 3.653e-05	      5.68	0	Gaussian	313.520380	41.013744
739	1	  0.001488	  0.000529	     -1.00	    188.19	    736.26	      3.05	      2.60	     53.37	     45.47	12.15	 9.293e-05	      5.68	0	Gaussian	313.808146	43.894568
740	1	  0.001499	  0.000611	     -1.00	    708.35	    767.38	      2.91	      2.25	     51.01	     39.38	1.15	 4.375e-05	      5.68	0	Gaussian	317.121428	43.522022
741	1	  0.001471	  0.000437	     -1.00	    466.14	    208.12	      3.58	      3.16	     62.59	     55.35	-16.96	 2.060e-05	      5.68	0	Gaussian	314.875827	41.205362
742	1	  0.001491	  0.000547	     -1.00	    115.30	    777.84	      2.95	      2.70	     51.69	     47.30	-47.18	 2.952e-05	      5.68	0	Gaussian	313.393292	44.151730
743	1	  0.001514	  0.000469	     -1.00	    731.02	    587.31	      3.72	      2.68	     65.04	     46.92	-11.65	 5.521e-05	      5.68	0	Gaussian	317.000189	42.677654
744	1	  0.001493	  0.000468	     -1.00	     53.16	    465.32	      3.55	      2.91	     62.18	     50.90	-14.27	 3.219e-05	      5.69	0	Gaussian	312.633542	42.758023
745	1	  0.001486	  0.000530	     -1.00	    622.20	    236.37	      3.06	      2.46	     53.49	     43.11	5.83	 4.064e-05	      5.69	0	Gaussian	315.855183	41.185483
746	1	  0.001573	  0.000700	     -1.00	     59.48	    307.11	      2.56	      2.46	     44.89	     43.01	4.46	 3.447e-04	      5.69	0	Gaussian	312.496314	42.018976
747	1	  0.001502	  0.000388	     -1.00	    793.44	    562.16	      3.82	      2.93	     66.89	     51.34	-0.11	 3.348e-05	      5.69	0	Gaussian	317.345016	42.496557
748	1	  0.001485	  0.000410	     -1.00	    298.04	    694.76	      3.93	      2.94	     68.85	     51.38	3.98	 3.891e-05	      5.69	0	Gaussian	314.452677	43.602257
749	1	  0.001511	  0.000477	     -1.00	    451.82	    287.52	      3.50	      2.78	     61.20	     48.67	-7.12	 8.261e-05	      5.70	0	Gaussian	314.889070	41.583786
750	1	  0.001573	  0.000408	     -1.00	    634.09	    378.09	      4.56	      2.90	     79.87	     50.71	8.67	 1.258e-04	      5.70	0	Gaussian	316.117097	41.822253
751	1	  0.001480	  0.000618	     -1.00	    167.65	    570.86	      2.82	      2.57	     49.37	     44.91	26.83	 3.456e-05	      5.70	0	Gaussian	313.476921	43.148845
752	1	  0.001493	  0.000444	     -1.00	    788.20	    173.68	      3.95	      2.73	     69.17	     47.83	-22.64	 5.345e-05	      5.70	0	Gaussian	316.763630	40.732699
753	1	  0.001471	  0.000388	     -1.00	      9.90	    556.57	      4.00	      3.02	     70.10	     52.92	-7.00	 1.959e-05	      5.71	0	Gaussian	312.463240	43.217055
754	1	  0.001493	  0.000390	     -1.00	    330.17	    109.16	      3.80	      3.22	     66.58	     56.30	-14.39	 2.206e-05	      5.71	0	Gaussian	313.930756	40.873069
755	1	  0.001532	  0.000533	     -1.00	     63.79	    404.36	      3.30	      2.57	     57.68	     44.97	-0.88	 1.656e-04	      5.71	0	Gaussian	312.631577	42.466498
756	1	  0.001503	  0.000453	     -1.00	    647.50	    149.19	      3.54	      3.08	     61.96	     53.91	-4.55	 5.094e-05	      5.72	0	Gaussian	315.891749	40.761608
757	1	  0.001488	  0.000568	     -1.00	    135.58	    368.59	      2.96	      2.36	     51.75	     41.26	-19.42	 5.058e-05	      5.72	0	Gaussian	313.038915	42.240556
758	1	  0.001515	  0.000528	     -1.00	    222.40	     72.21	      2.95	      2.61	     51.65	     45.63	3.74	 7.067e-05	      5.72	0	Gaussian	313.233944	40.795501
759	1	  0.001496	  0.000288	     -1.00	    605.02	     94.71	      5.27	      2.97	     92.30	     51.90	-6.30	 4.400e-05	      5.72	0	Gaussian	315.566675	40.553385
760	1	  0.001484	  0.000403	     -1.00	     44.05	    495.31	      3.90	      3.04	     68.34	     53.29	-8.96	 2.954e-05	      5.72	0	Gaussian	312.610066	42.904645
761	1	  0.001496	  0.000371	     -1.00	    739.42	    255.89	      4.46	      2.73	     78.02	     47.74	0.36	 4.433e-05	      5.73	0	Gaussian	316.585640	41.157405
762	1	  0.001498	  0.000204	     -1.00	    726.45	    670.21	      4.66	      4.53	     81.49	     79.36	-76.03	 4.321e-05	      5.73	0	Gaussian	317.091762	43.060133
763	1	  0.001502	  0.000468	     -1.00	    700.64	     80.56	      3.68	      2.53	     64.44	     44.32	-3.62	 7.266e-05	      5.73	0	Gaussian	316.117571	40.395606
764	1	  0.001571	  0.000536	     -1.00	    327.52	    785.75	      2.89	      2.43	     50.52	     42.60	-7.09	 1.241e-04	      5.74	0	Gaussian	314.756806	43.993089
765	1	  0.001515	  0.000336	     -1.00	    557.09	      8.82	      3.90	      3.38	     68.18	     59.14	4.16	 5.143e-05	      5.74	0	Gaussian	315.171232	40.205162
766	1	  0.001490	  0.000442	     -1.00	    664.04	    149.41	      3.73	      2.87	     65.25	     50.18	-13.12	 3.373e-05	      5.74	0	Gaussian	315.990895	40.746382
767	1	  0.001495	  0.000379	     -1.00	    154.93	    207.85	      3.77	      3.08	     65.93	     53.87	7.83	 1.061e-04	      5.75	0	Gaussian	312.975369	41.479884
768	1	  0.001509	  0.000353	     -1.00	    549.39	    530.70	      4.23	      2.91	     73.99	     50.90	-0.53	 9.536e-05	      5.76	0	Gaussian	315.805433	42.605683
769	1	  0.001538	  0.000304	     -1.00	    404.46	    774.59	      5.07	      2.67	     88.79	     46.75	-7.12	 7.813e-05	      5.76	0	Gaussian	315.229096	43.867390
770	1	  0.001509	  0.000287	     -1.00	    728.60	    260.64	      5.23	      2.85	     91.58	     49.87	-18.29	 5.454e-05	      5.76	0	Gaussian	316.527304	41.190089
771	1	  0.001497	  0.000400	     -1.00	    575.96	    168.72	      3.72	      3.00	     65.03	     52.49	8.51	 3.074e-05	      5.76	0	Gaussian	315.488344	40.920485
772	1	  0.001526	  0.000579	     -1.00	     36.40	    454.44	      2.78	      2.51	     48.67	     43.91	27.15	 9.643e-05	      5.76	0	Gaussian	312.515954	42.721393
773	1	  0.001490	  0.000472	     -1.00	     57.14	    515.50	      3.41	      2.79	     59.73	     48.88	-14.86	 2.603e-05	      5.76	0	Gaussian	312.715530	42.987355
774	1	  0.001484	  0.000509	     -1.00	    350.48	    427.23	      2.97	      2.64	     52.07	     46.24	-66.79	 2.861e-05	      5.76	0	Gaussian	314.442570	42.321137
775	1	  0.001489	  0.000344	     -1.00	    387.43	    305.48	      4.89	      2.69	     85.54	     47.15	-10.60	 2.233e-05	      5.77	0	Gaussian	314.518170	41.726293
776	1	  0.001494	  0.000421	     -1.00	    120.50	    318.97	      3.41	      2.43	     59.75	     42.58	-19.50	 4.852e-05	      5.77	0	Gaussian	312.888540	42.023446
777	1	  0.001525	  0.000374	     -1.00	    745.19	    710.36	      4.40	      2.65	     76.95	     46.37	2.80	 6.231e-05	      5.77	0	Gaussian	317.265756	43.222801
778	1	  0.001500	  0.000511	     -1.00	     56.29	    589.14	      3.00	      2.45	     52.50	     42.86	-48.94	 3.852e-05	      5.77	0	Gaussian	312.794389	43.329361
779	1	  0.001484	  0.000446	     -1.00	     95.03	    592.69	      3.63	      2.83	     63.55	     49.45	-12.45	 2.726e-05	      5.77	0	Gaussian	313.043992	43.312854
780	1	  0.001506	  0.000356	     -1.00	    769.66	    420.42	      4.05	      2.88	     70.96	     50.33	-10.04	 3.477e-05	      5.78	0	Gaussian	316.997194	41.876401
781	1	  0.001489	  0.000352	     -1.00	    124.84	    283.88	      4.30	      2.78	     75.28	     48.69	-18.33	 3.651e-05	      5.79	0	Gaussian	312.875704	41.857223
782	1	  0.001518	  0.000392	     -1.00	    710.16	    468.29	      3.76	      2.78	     65.74	     48.72	-12.74	 5.907e-05	      5.80	0	Gaussian	316.703974	42.156777
783	1	  0.001509	  0.000432	     -1.00	    675.76	    231.06	      3.76	      2.50	     65.74	     43.74	-5.64	 5.529e-05	      5.80	0	Gaussian	316.170105	41.108137
784	1	  0.001516	  0.000491	     -1.00	    304.42	    204.76	      2.97	      2.47	     52.00	     43.20	-18.80	 7.000e-05	      5.80	0	Gaussian	313.887884	41.336873
785	1	  0.001509	  0.000459	     -1.00	    763.49	    171.70	      3.02	      2.61	     52.84	     45.67	-20.21	 7.923e-05	      5.80	0	Gaussian	316.613970	40.748820
786	1	  0.001492	  0.000373	     -1.00	    721.10	    140.72	      3.91	      2.81	     68.49	     49.22	9.82	 5.798e-05	      5.81	0	Gaussian	316.319610	40.650119
787	1	  0.001514	  0.000389	     -1.00	    628.12	    543.94	      3.54	      2.42	     62.04	     42.35	-37.23	 7.686e-05	      5.81	0	Gaussian	316.307949	42.586781
788	1	  0.001496	  0.000500	     -1.00	    294.42	    262.73	      2.99	      2.39	     52.42	     41.81	-9.41	 5.627e-05	      5.81	0	Gaussian	313.895941	41.613289
789	1	  0.001544	  0.000390	     -1.00	    779.75	    698.23	      3.76	      2.64	     65.82	     46.16	3.12	 1.357e-04	      5.81	0	Gaussian	317.460769	43.130195
790	1	  0.001504	  0.000499	     -1.00	    168.61	     55.76	      2.95	      2.53	     51.56	     44.20	-4.15	 4.954e-05	      5.81	0	Gaussian	312.888439	40.764378
791	1	  0.001538	  0.000459	     -1.00	    624.54	    369.61	      2.99	      2.49	     52.38	     43.55	16.15	 7.662e-05	      5.82	0	Gaussian	316.047574	41.793019
792	1	  0.001512	  0.000516	     -1.00	    628.54	    110.63	      2.88	      2.49	     50.33	     43.55	3.39	 6.200e-05	      5.82	0	Gaussian	315.727824	40.603601
793	1	  0.001546	  0.000244	     -1.00	    534.82	    571.74	      6.26	      2.28	    109.56	     39.92	-9.85	 4.228e-04	      5.82	0	Gaussian	315.770963	42.808208
794	1	  0.001490	  0.000357	     -1.00	    109.85	    536.31	      4.14	      2.73	     72.48	     47.74	-20.38	 2.594e-05	      5.82	0	Gaussian	313.071830	43.039154
795	1	  0.001497	  0.000525	     -1.00	    251.80	    512.66	      2.85	      2.60	     49.84	     45.49	23.41	 3.664e-05	      5.82	0	Gaussian	313.934589	42.805097
796	1	  0.001513	  0.000579	     -1.00	    267.14	    676.50	      3.00	      2.44	     52.57	     42.64	-9.95	 3.149e-04	      5.83	0	Gaussian	314.234358	43.546831
797	1	  0.001545	  0.000464	     -1.00	    711.49	    636.51	      2.87	      2.76	     50.25	     48.36	16.37	 1.062e-04	      5.83	0	Gaussian	316.951038	42.922539
798	1	  0.001505	  0.000517	     -1.00	    449.81	    579.62	      2.88	      2.54	     50.32	     44.39	-13.99	 7.945e-05	      5.83	0	Gaussian	315.254263	42.928041
799	1	  0.001513	  0.000205	     -1.00	     37.90	    243.12	      5.52	      2.98	     96.62	     52.22	-48.61	 3.239e-05	      5.84	0	Gaussian	312.292233	41.739516
800	1	  0.001516	  0.000402	     -1.00	    782.40	    662.24	      3.10	      2.72	     54.27	     47.65	-27.87	 6.396e-05	      5.84	0	Gaussian	317.423985	42.963641
801	1	  0.001475	  0.000418	     -1.00	    551.48	    607.76	      3.88	      2.74	     67.83	     47.89	-3.24	 2.869e-05	      5.84	0	Gaussian	315.923088	42.956502
802	1	  0.001481	  0.000376	     -1.00	    361.89	    501.38	      3.81	      2.93	     66.75	     51.20	-24.19	 3.754e-05	      5.84	0	Gaussian	314.606641	42.652077
803	1	  0.001497	  0.000458	     -1.00	    320.64	    364.27	      3.03	      2.53	     53.04	     44.23	-49.75	 9.930e-05	      5.85	0	Gaussian	314.180304	42.058230
804	1	  0.001501	  0.000268	     -1.00	      7.51	    734.05	      5.09	      3.00	     89.14	     52.48	3.19	 2.349e-05	      5.85	0	Gaussian	312.650078	44.041955
805	1	  0.001518	  0.000337	     -1.00	    682.24	    239.19	      3.64	      3.32	     63.66	     58.16	-67.74	 7.038e-05	      5.85	0	Gaussian	316.219995	41.138864
806	1	  0.001493	  0.000437	     -1.00	    288.94	    474.59	      3.59	      2.62	     62.75	     45.87	-6.43	 7.520e-05	      5.85	0	Gaussian	314.119525	42.595844
807	1	  0.001484	  0.000337	     -1.00	    154.30	    548.93	      3.83	      3.21	     67.03	     56.23	-2.41	 2.784e-05	      5.85	0	Gaussian	313.366680	43.059086
808	1	  0.001514	  0.000455	     -1.00	    719.65	    190.94	      2.98	      2.62	     52.12	     45.91	-17.52	 5.527e-05	      5.85	0	Gaussian	316.378753	40.880921
809	1	  0.001550	  0.000445	     -1.00	    370.40	    784.54	      3.48	      2.33	     60.92	     40.79	-4.86	 5.724e-05	      5.86	0	Gaussian	315.026956	43.946287
810	1	  0.001489	  0.000482	     -1.00	    318.56	     76.80	      2.90	      2.68	     50.78	     46.84	-19.95	 2.865e-05	      5.86	0	Gaussian	313.822232	40.733995
811	1	  0.001520	  0.000304	     -1.00	    369.04	    664.58	      4.46	      2.79	     78.13	     48.87	0.96	 4.248e-05	      5.87	0	Gaussian	314.860942	43.396230
812	1	  0.001499	  0.000382	     -1.00	    336.13	     94.51	      3.72	      2.85	     65.12	     49.85	3.00	 3.015e-05	      5.87	0	Gaussian	313.949457	40.800238
813	1	  0.001475	  0.000389	     -1.00	    486.86	    686.54	      3.64	      2.87	     63.73	     50.31	-17.66	 2.934e-05	      5.87	0	Gaussian	315.628246	43.382116
814	1	  0.001499	  0.000375	     -1.00	     29.07	    175.33	      3.87	      2.79	     67.66	     48.76	-14.21	 2.751e-05	      5.87	0	Gaussian	312.164498	41.431890
815	1	  0.001482	  0.000424	     -1.00	    488.41	    470.13	      3.08	      2.79	     53.84	     48.79	-29.82	 3.033e-05	      5.87	0	Gaussian	315.348925	42.387858
816	1	  0.001508	  0.000503	     -1.00	    607.47	     73.64	      2.84	      2.54	     49.75	     44.50	-7.03	 5.733e-05	      5.88	0	Gaussian	315.554078	40.454521
817	1	  0.001534	  0.000371	     -1.00	    788.37	    681.38	      3.67	      2.74	     64.22	     47.91	-9.43	 1.035e-04	      5.88	0	Gaussian	317.488838	43.044198
818	1	  0.001482	  0.000427	     -1.00	    119.32	    459.67	      3.13	      2.38	     54.81	     41.69	-38.60	 3.848e-05	      5.88	0	Gaussian	313.042330	42.676160
819	1	  0.001484	  0.000374	     -1.00	    297.02	    445.92	      3.62	      3.08	     63.43	     53.96	-6.86	 3.635e-05	      5.88	0	Gaussian	314.134475	42.456248
820	1	  0.001505	  0.000481	     -1.00	     38.69	     45.80	      2.94	      2.42	     51.46	     42.36	1.75	 4.722e-05	      5.89	0	Gaussian	312.085621	40.823041
821	1	  0.001476	  0.000321	     -1.00	    615.56	    275.52	      4.08	      2.99	     71.39	     52.25	-23.57	 2.595e-05	      5.89	0	Gaussian	315.867105	41.371257
822	1	  0.001517	  0.000354	     -1.00	    380.00	    611.71	      3.64	      3.13	     63.63	     54.77	-25.24	 5.223e-05	      5.89	0	Gaussian	314.860944	43.142683
823	1	  0.001482	  0.000321	     -1.00	    451.30	    701.67	      3.90	      3.46	     68.32	     60.55	-22.41	 2.516e-05	      5.89	0	Gaussian	315.426053	43.486746
824	1	  0.001490	  0.000371	     -1.00	    549.52	    625.38	      3.66	      2.68	     64.03	     46.96	-7.85	 5.688e-05	      5.89	0	Gaussian	315.934997	43.039168
825	1	  0.001485	  0.000331	     -1.00	     80.05	    210.49	      4.09	      2.96	     71.56	     51.72	11.77	 2.268e-05	      5.89	0	Gaussian	312.517133	41.554034
826	1	  0.001507	  0.000340	     -1.00	    194.92	     88.18	      3.94	      2.85	     68.89	     49.85	-17.71	 5.887e-05	      5.89	0	Gaussian	313.084920	40.892480
827	1	  0.001510	  0.000450	     -1.00	    654.52	    534.53	      3.00	      2.41	     52.53	     42.17	6.92	 8.142e-05	      5.89	0	Gaussian	316.456890	42.516689
828	1	  0.001482	  0.000334	     -1.00	    472.00	    582.37	      3.82	      3.14	     66.89	     54.97	-7.13	 2.726e-05	      5.90	0	Gaussian	315.395840	42.919003
829	1	  0.001491	  0.000376	     -1.00	    758.70	    142.60	      3.81	      2.73	     66.72	     47.78	-9.79	 4.850e-05	      5.90	0	Gaussian	316.545750	40.620928
830	1	  0.001486	  0.000378	     -1.00	    319.95	    427.99	      3.58	      2.52	     62.61	     44.18	-22.51	 4.183e-05	      5.90	0	Gaussian	314.254559	42.352682
831	1	  0.001504	  0.000340	     -1.00	    524.52	    363.02	      3.33	      2.95	     58.31	     51.62	8.15	 3.194e-05	      5.90	0	Gaussian	315.429783	41.861266
832	1	  0.001502	  0.000271	     -1.00	    629.84	     66.45	      5.62	      2.60	     98.40	     45.57	-12.20	 4.398e-05	      5.90	0	Gaussian	315.678115	40.400105
833	1	  0.001489	  0.000397	     -1.00	     69.34	    558.09	      3.12	      2.72	     54.69	     47.54	-49.02	 5.611e-05	      5.90	0	Gaussian	312.841304	43.174469
834	1	  0.001466	  0.000433	     -1.00	    174.54	    657.98	      3.14	      2.32	     54.93	     40.64	2.59	 3.628e-05	      5.90	0	Gaussian	313.625478	43.545354
835	1	  0.001514	  0.000176	     -1.00	    687.41	    254.24	      6.95	      3.01	    121.61	     52.77	-9.15	 5.722e-05	      5.90	0	Gaussian	316.271359	41.202459
836	1	  0.001522	  0.000460	     -1.00	    146.56	    348.74	      2.94	      2.36	     51.50	     41.35	22.45	 1.028e-04	      5.90	0	Gaussian	313.084347	42.139337
837	1	  0.001498	  0.000370	     -1.00	    304.73	    131.88	      3.73	      2.74	     65.31	     47.95	-11.22	 5.159e-05	      5.91	0	Gaussian	313.803312	41.000231
838	1	  0.001531	  0.000245	     -1.00	    369.48	    700.44	      5.20	      2.81	     91.03	     49.27	-12.53	 3.396e-05	      5.91	0	Gaussian	314.910496	43.560708
839	1	  0.001489	  0.000342	     -1.00	      9.84	    399.77	      3.84	      2.87	     67.30	     50.32	-11.83	 2.778e-05	      5.91	0	Gaussian	312.288529	42.489374
840	1	  0.001551	  0.000375	     -1.00	    386.60	    754.64	      3.75	      2.44	     65.72	     42.66	-11.77	 9.055e-05	      5.92	0	Gaussian	315.089769	43.793210
841	1	  0.001485	  0.000296	     -1.00	    667.19	    606.54	      4.24	      2.75	     74.22	     48.10	-24.44	 3.601e-05	      5.92	0	Gaussian	316.635815	42.832383
842	1	  0.001502	  0.000441	     -1.00	    356.43	    258.55	      3.01	      2.39	     52.64	     41.86	-47.25	 4.879e-05	      5.92	0	Gaussian	314.270586	41.538392
843	1	  0.001521	  0.000429	     -1.00	    303.21	    195.47	      3.02	      2.32	     52.92	     40.55	34.78	 6.842e-05	      5.92	0	Gaussian	313.869436	41.295068
844	1	  0.001491	  0.000293	     -1.00	    375.60	     49.07	      4.14	      2.90	     72.41	     50.80	-0.82	 3.320e-05	      5.93	0	Gaussian	314.133664	40.555856
845	1	  0.001494	  0.000296	     -1.00	     31.03	    366.74	      4.56	      2.88	     79.75	     50.48	-5.16	 2.495e-05	      5.93	0	Gaussian	312.384837	42.318879
846	1	  0.001483	  0.000437	     -1.00	    174.55	    745.46	      3.00	      2.59	     52.57	     45.41	-3.26	 7.390e-05	      5.93	0	Gaussian	313.732573	43.949323
847	1	  0.001489	  0.000317	     -1.00	    415.01	    532.70	      4.07	      2.87	     71.25	     50.24	-12.36	 2.296e-05	      5.93	0	Gaussian	314.976722	42.745968
848	1	  0.001481	  0.000328	     -1.00	    507.55	     79.52	      4.15	      2.49	     72.69	     43.63	-5.55	 2.843e-05	      5.94	0	Gaussian	314.964013	40.575881
849	1	  0.001502	  0.000388	     -1.00	    695.97	    489.72	      3.60	      2.78	     63.06	     48.71	-3.37	 6.225e-05	      5.94	0	Gaussian	316.647634	42.269272
850	1	  0.001487	  0.000474	     -1.00	    574.69	    724.69	      2.89	      2.53	     50.52	     44.23	-25.75	 9.834e-05	      5.95	0	Gaussian	316.229024	43.467862
851	1	  0.001518	  0.000460	     -1.00	    274.75	    768.02	      3.95	      2.16	     69.19	     37.79	-17.18	 2.223e-04	      5.95	0	Gaussian	314.398753	43.961425
852	1	  0.001493	  0.000295	     -1.00	    731.05	    280.36	      3.88	      3.32	     67.84	     58.07	-33.62	 2.651e-05	      5.95	0	Gaussian	316.569094	41.277611
853	1	  0.001491	  0.000383	     -1.00	    338.02	     59.16	      3.66	      2.72	     64.00	     47.63	-4.01	 2.917e-05	      5.95	0	Gaussian	313.919052	40.635587
854	1	  0.001523	  0.000434	     -1.00	    300.41	    648.90	      2.93	      2.54	     51.21	     44.51	-7.24	 1.021e-04	      5.96	0	Gaussian	314.409304	43.388820
855	1	  0.001501	  0.000389	     -1.00	    696.07	    482.77	      3.61	      2.63	     63.25	     46.02	-7.48	 6.265e-05	      5.96	0	Gaussian	316.638482	42.237456
856	1	  0.001497	  0.000348	     -1.00	    787.41	    615.53	      3.84	      2.64	     67.27	     46.25	-9.23	 4.128e-05	      5.96	0	Gaussian	317.386126	42.745791
857	1	  0.001526	  0.000453	     -1.00	    360.70	    628.61	      2.87	      2.50	     50.18	     43.67	4.81	 8.372e-05	      5.96	0	Gaussian	314.761980	43.238738
858	1	  0.001504	  0.000371	     -1.00	    462.80	    570.65	      3.87	      2.45	     67.71	     42.95	-8.64	 7.542e-05	      5.96	0	Gaussian	315.323144	42.874200
859	1	  0.001506	  0.000385	     -1.00	     34.43	    195.27	      3.11	      2.38	     54.52	     41.71	-37.18	 3.393e-05	      5.96	0	Gaussian	312.219019	41.520226
860	1	  0.001498	  0.000341	     -1.00	    483.87	    280.18	      3.80	      2.79	     66.50	     48.88	1.75	 2.989e-05	      5.96	0	Gaussian	315.074888	41.519859
861	1	  0.001520	  0.000283	     -1.00	    620.72	    459.71	      5.26	      2.29	     92.01	     40.01	3.67	 1.346e-04	      5.97	0	Gaussian	316.146768	42.209107
862	1	  0.001496	  0.000424	     -1.00	     85.40	    536.53	      2.99	      2.46	     52.38	     43.07	-30.12	 4.908e-05	      5.97	0	Gaussian	312.917908	43.060991
863	1	  0.001516	  0.000385	     -1.00	    643.95	     81.79	      3.33	      2.80	     58.36	     48.98	-2.06	 1.495e-04	      5.97	0	Gaussian	315.782073	40.456652
864	1	  0.001556	  0.000364	     -1.00	    579.59	    407.55	      3.82	      2.16	     66.78	     37.86	-25.07	 1.921e-04	      5.98	0	Gaussian	315.824941	42.011478
865	1	  0.001514	  0.000398	     -1.00	    107.63	    661.55	      3.55	      2.47	     62.12	     43.28	-5.28	 1.130e-04	      5.98	0	Gaussian	313.205032	43.620685
866	1	  0.001509	  0.000318	     -1.00	     82.56	    150.56	      3.93	      2.63	     68.71	     46.03	5.30	 9.344e-05	      5.98	0	Gaussian	312.466942	41.274069
867	1	  0.001526	  0.000296	     -1.00	    605.23	    364.46	      3.91	      2.85	     68.35	     49.89	-3.91	 5.756e-05	      5.98	0	Gaussian	315.923357	41.788669
868	1	  0.001533	  0.000422	     -1.00	    716.37	    406.87	      2.91	      2.45	     50.98	     42.84	-12.17	 8.238e-05	      5.99	0	Gaussian	316.655750	41.870030
869	1	  0.001506	  0.000284	     -1.00	    676.36	    434.75	      3.80	      2.93	     66.51	     51.30	-2.22	 5.228e-05	      5.99	0	Gaussian	316.451621	42.038444
870	1	  0.001520	  0.000444	     -1.00	    201.47	    479.89	      2.89	      2.35	     50.64	     41.18	-1.99	 1.096e-04	      6.00	0	Gaussian	313.580321	42.698523
871	1	  0.001524	  0.000277	     -1.00	    605.71	    357.07	      4.05	      2.84	     70.87	     49.71	1.47	 5.292e-05	      6.01	0	Gaussian	315.916360	41.754398
872	1	  0.001499	  0.000424	     -1.00	     75.59	    586.34	      3.03	      2.03	     53.07	     35.46	-36.60	 3.855e-05	      6.01	0	Gaussian	312.913535	43.300060
873	1	  0.001514	  0.000299	     -1.00	    326.84	    204.26	      4.00	      2.66	     69.96	     46.51	-31.36	 6.793e-05	      6.01	0	Gaussian	314.024090	41.314663
874	1	  0.001508	  0.000387	     -1.00	    382.36	    539.07	      3.01	      2.58	     52.66	     45.23	-20.10	 4.131e-05	      6.01	0	Gaussian	314.782009	42.806315
875	1	  0.001514	  0.000299	     -1.00	    632.58	    157.56	      3.88	      2.73	     67.87	     47.79	-22.31	 5.211e-05	      6.03	0	Gaussian	315.813487	40.814521
876	1	  0.001536	  0.000352	     -1.00	    744.39	    144.56	      2.97	      2.80	     51.90	     48.97	56.14	 2.134e-04	      6.03	0	Gaussian	316.463377	40.644276
877	1	  0.001504	  0.000319	     -1.00	    300.09	     51.82	      4.47	      2.35	     78.15	     41.07	0.44	 5.737e-05	      6.03	0	Gaussian	313.681277	40.634808
878	1	  0.001498	  0.000361	     -1.00	     80.92	    332.79	      3.36	      2.82	     58.90	     49.43	-1.16	 4.006e-05	      6.03	0	Gaussian	312.658211	42.120465
879	1	  0.001536	  0.000313	     -1.00	    329.69	    651.24	      3.73	      2.73	     65.24	     47.79	-13.73	 4.827e-05	      6.03	0	Gaussian	314.596444	43.372171
880	1	  0.001542	  0.000416	     -1.00	    323.22	    196.65	      3.10	      2.56	     54.20	     44.80	-13.17	 9.721e-05	      6.03	0	Gaussian	313.992868	41.282769
881	1	  0.001507	  0.000343	     -1.00	    575.13	     31.30	      3.65	      2.75	     63.81	     48.20	-5.52	 3.286e-05	      6.04	0	Gaussian	315.307089	40.291260
882	1	  0.001526	  0.000340	     -1.00	    406.57	    123.77	      3.73	      2.48	     65.32	     43.33	-6.16	 1.794e-04	      6.04	0	Gaussian	314.410791	40.872114
883	1	  0.001510	  0.000279	     -1.00	    285.79	    187.56	      4.16	      2.55	     72.82	     44.68	-20.44	 3.867e-05	      6.04	0	Gaussian	313.753720	41.273883
884	1	  0.001537	  0.000387	     -1.00	    397.88	    764.27	      3.46	      2.45	     60.51	     42.92	-3.84	 1.185e-04	      6.04	0	Gaussian	315.173763	43.826448
885	1	  0.001519	  0.000351	     -1.00	    302.56	    267.36	      3.40	      2.47	     59.43	     43.20	-8.75	 1.686e-04	      6.04	0	Gaussian	313.951448	41.627420
886	1	  0.001563	  0.000430	     -1.00	    185.91	    486.47	      3.08	      2.45	     53.91	     42.83	6.80	 6.098e-04	      6.05	0	Gaussian	313.490822	42.742611
887	1	  0.001501	  0.000305	     -1.00	    159.03	     63.12	      3.85	      2.92	     67.40	     51.08	-11.83	 6.689e-05	      6.05	0	Gaussian	312.838353	40.806367
888	1	  0.001511	  0.000403	     -1.00	    470.59	    321.63	      3.00	      2.08	     52.47	     36.38	-23.70	 3.315e-05	      6.06	0	Gaussian	315.047028	41.722900
889	1	  0.001504	  0.000282	     -1.00	    412.66	    687.41	      3.92	      2.87	     68.58	     50.16	-11.56	 2.567e-05	      6.07	0	Gaussian	315.164736	43.459116
890	1	  0.001497	  0.000390	     -1.00	     87.43	    351.84	      3.02	      2.26	     52.80	     39.51	-3.52	 3.417e-05	      6.07	0	Gaussian	312.720118	42.203348
891	1	  0.001500	  0.000391	     -1.00	     91.20	    525.65	      3.43	      2.64	     59.98	     46.29	-14.64	 5.275e-05	      6.08	0	Gaussian	312.941923	43.005642
892	1	  0.001495	  0.000316	     -1.00	     75.37	    552.08	      3.34	      3.11	     58.50	     54.49	-16.49	 6.556e-05	      6.08	0	Gaussian	312.872531	43.141539
893	1	  0.001497	  0.000356	     -1.00	    311.91	    127.67	      3.52	      2.66	     61.56	     46.61	-6.87	 5.580e-05	      6.08	0	Gaussian	313.841909	40.974540
894	1	  0.001498	  0.000310	     -1.00	    414.71	    258.76	      3.83	      2.69	     66.95	     47.08	2.06	 2.895e-05	      6.08	0	Gaussian	314.626669	41.486040
895	1	  0.001536	  0.000445	     -1.00	    155.40	    240.41	      2.81	      2.16	     49.13	     37.80	-21.88	 2.227e-04	      6.09	0	Gaussian	313.015208	41.630251
896	1	  0.001503	  0.000253	     -1.00	    568.89	    551.15	      4.37	      2.63	     76.42	     46.10	-21.35	 3.923e-05	      6.09	0	Gaussian	315.953381	42.679793
897	1	  0.001513	  0.000270	     -1.00	    764.31	    656.21	      4.50	      2.69	     78.83	     47.03	-2.04	 5.109e-05	      6.09	0	Gaussian	317.304121	42.955807
898	1	  0.001508	  0.000295	     -1.00	    132.86	    359.21	      3.96	      2.66	     69.38	     46.61	-4.05	 1.097e-04	      6.10	0	Gaussian	313.011222	42.199423
899	1	  0.001522	  0.000249	     -1.00	    594.39	    436.34	      4.77	      2.62	     83.46	     45.77	-10.65	 5.980e-05	      6.10	0	Gaussian	315.954070	42.128614
900	1	  0.001509	  0.000226	     -1.00	    671.64	    787.11	      4.42	      2.43	     77.32	     42.55	37.68	 6.752e-05	      6.11	0	Gaussian	316.922056	43.651184
901	1	  0.001508	  0.000291	     -1.00	    644.42	    399.66	      3.90	      2.56	     68.33	     44.80	-1.54	 4.045e-05	      6.11	0	Gaussian	316.209185	41.910507
902	1	  0.001518	  0.000185	     -1.00	    420.55	    327.79	      4.84	      3.85	     84.70	     67.30	-85.10	 4.240e-05	      6.12	0	Gaussian	314.748895	41.798276
903	1	  0.001520	  0.000355	     -1.00	    780.08	    653.64	      3.32	      2.64	     58.18	     46.15	-10.06	 8.018e-05	      6.13	0	Gaussian	317.397117	42.927045
904	1	  0.001552	  0.000474	     -1.00	    712.16	    311.03	      3.16	      2.16	     55.31	     37.73	-4.68	 1.380e-04	      6.13	0	Gaussian	316.497651	41.436837
905	1	  0.001537	  0.000303	     -1.00	    733.74	    724.20	      3.85	      2.86	     67.47	     50.02	-53.20	 1.551e-04	      6.14	0	Gaussian	317.215413	43.298123
906	1	  0.001507	  0.000314	     -1.00	    680.89	    535.25	      3.49	      2.82	     61.16	     49.42	8.10	 9.333e-05	      6.14	0	Gaussian	316.619427	42.492751
907	1	  0.001487	  0.000311	     -1.00	    344.43	    737.69	      3.22	      2.16	     56.35	     37.83	-40.04	 3.446e-05	      6.16	0	Gaussian	314.801159	43.755928
908	1	  0.001497	  0.000300	     -1.00	    260.56	    631.28	      3.54	      2.66	     62.03	     46.61	70.79	 1.090e-04	      6.16	0	Gaussian	314.136167	43.344420
909	1	  0.001521	  0.000236	     -1.00	    680.11	    249.50	      5.27	      2.50	     92.26	     43.69	-79.07	 5.804e-05	      6.17	0	Gaussian	316.221070	41.188110
910	1	  0.001512	  0.000242	     -1.00	    631.32	     72.52	      3.52	      3.13	     61.60	     54.79	15.17	 5.475e-05	      6.17	0	Gaussian	315.694815	40.426431
911	1	  0.001522	  0.000364	     -1.00	    308.21	     56.13	      3.92	      2.22	     68.59	     38.82	-8.67	 1.383e-04	      6.17	0	Gaussian	313.735390	40.647624
912	1	  0.001528	  0.000397	     -1.00	     94.43	    783.19	      2.85	      2.21	     49.89	     38.65	-34.76	 1.377e-04	      6.17	0	Gaussian	313.265883	44.194797
913	1	  0.001516	  0.000373	     -1.00	    146.44	    279.78	      2.89	      2.34	     50.52	     40.93	-19.80	 1.055e-04	      6.19	0	Gaussian	313.004686	41.820126
914	1	  0.001521	  0.000288	     -1.00	    434.29	    331.29	      3.79	      2.56	     66.29	     44.77	-4.51	 9.574e-05	      6.19	0	Gaussian	314.837443	41.801539
915	1	  0.001532	  0.000493	     -1.00	    324.81	    187.03	      2.69	      2.14	     47.13	     37.42	-27.84	 8.708e-05	      6.19	0	Gaussian	313.991043	41.236976
916	1	  0.001539	  0.000325	     -1.00	    750.74	     70.62	      4.04	      2.25	     70.78	     39.33	18.80	 1.589e-04	      6.20	0	Gaussian	316.401253	40.300530
917	1	  0.001511	  0.000287	     -1.00	    394.12	    196.07	      3.70	      2.80	     64.82	     49.04	-19.18	 3.673e-05	      6.21	0	Gaussian	314.423796	41.216334
918	1	  0.001531	  0.000227	     -1.00	    478.64	    332.49	      4.67	      2.63	     81.69	     45.99	-11.45	 8.581e-05	      6.21	0	Gaussian	315.110074	41.765144
919	1	  0.001512	  0.000253	     -1.00	    345.89	    161.20	      3.83	      2.89	     67.03	     50.60	-24.93	 9.764e-05	      6.21	0	Gaussian	314.088340	41.099091
920	1	  0.001513	  0.000308	     -1.00	    705.11	    706.69	      3.20	      2.80	     56.02	     48.99	-9.84	 4.865e-05	      6.23	0	Gaussian	317.012988	43.249119
921	1	  0.001518	  0.000249	     -1.00	    627.83	    146.42	      3.86	      2.77	     67.61	     48.48	-16.33	 4.993e-05	      6.23	0	Gaussian	315.770407	40.768150
922	1	  0.001566	  0.000384	     -1.00	    638.61	    497.26	      3.31	      2.09	     57.99	     36.52	9.09	 2.685e-04	      6.25	0	Gaussian	316.307726	42.362675
923	1	  0.001506	  0.000258	     -1.00	     45.42	    437.40	      3.96	      2.40	     69.30	     41.97	-22.05	 3.400e-05	      6.25	0	Gaussian	312.553527	42.634914
924	1	  0.001519	  0.000232	     -1.00	    709.82	    382.53	      4.17	      2.42	     72.98	     42.28	8.58	 4.156e-05	      6.26	0	Gaussian	316.582290	41.765708
925	1	  0.001512	  0.000324	     -1.00	    659.60	    255.72	      3.00	      2.25	     52.43	     39.42	-68.75	 5.750e-05	      6.26	0	Gaussian	316.106147	41.237037
926	1	  0.001520	  0.000216	     -1.00	     86.78	     18.94	      4.51	      2.75	     79.02	     48.07	-6.54	 7.219e-05	      6.27	0	Gaussian	312.350335	40.660324
927	1	  0.001527	  0.000369	     -1.00	    234.57	    346.74	      2.78	      2.33	     48.73	     40.85	-32.93	 1.013e-04	      6.28	0	Gaussian	313.627540	42.054051
928	1	  0.001551	  0.000282	     -1.00	    366.78	    749.19	      4.15	      2.81	     72.57	     49.22	0.04	 4.880e-05	      6.31	0	Gaussian	314.957426	43.787373
929	1	  0.001529	  0.000245	     -1.00	    670.36	    663.60	      4.43	      2.34	     77.47	     40.92	-16.16	 1.412e-04	      6.32	0	Gaussian	316.736404	43.089467
930	1	  0.001539	  0.000339	     -1.00	    622.06	    443.40	      3.05	      2.41	     53.46	     42.15	-25.15	 8.879e-05	      6.35	0	Gaussian	316.132635	42.133146
931	1	  0.001516	  0.000305	     -1.00	    487.46	     74.47	      2.95	      2.27	     51.59	     39.71	-35.07	 2.144e-04	      6.36	0	Gaussian	314.837161	40.571342
932	1	  0.001547	  0.000311	     -1.00	    708.27	    645.47	      3.25	      2.34	     56.93	     41.01	-18.77	 1.097e-04	      6.40	0	Gaussian	316.944089	42.966791
933	1	  0.001521	  0.000231	     -1.00	    623.91	     97.88	      4.24	      2.68	     74.18	     46.99	49.36	 1.000e-04	      6.55	0	Gaussian	315.683603	40.549701
934	1	  0.001540	  0.000262	     -1.00	    568.42	    459.26	      2.85	      2.29	     49.86	     40.15	-74.11	 9.901e-05	      6.55	0	Gaussian	315.826081	42.259450
935	1	  0.001554	  0.000195	     -1.00	    750.85	    779.17	      2.43	      2.22	     42.51	     38.84	35.15	 2.751e-04	      6.62	0	Gaussian	317.402220	43.529655
936	1	  0.001560	  0.000217	     -1.00	    374.83	    740.06	      2.01	      2.00	     35.22	     34.98	-33.66	 4.815e-05	      7.07	0	Gaussian	314.996232	43.737627
937	1	  0.001572	  0.000381	     -1.00	    742.76	    748.45	      3.16	      2.76	     55.29	     48.25	50.28	 2.529e-04	      7.47	0	Gaussian	317.306760	43.398709
938	1	  0.001542	  0.000185	     -1.00	    745.60	    701.85	      2.31	      2.17	     40.37	     38.03	65.64	 9.496e-05	      7.47	0	Gaussian	317.255827	43.183633
939	1	  0.001558	  0.000353	     -1.00	    681.14	    315.70	      1.45	      1.25	     25.45	     21.88	34.58	 1.956e-04	      8.98	0	Gaussian	316.317120	41.489648
940	1	  0.001613	  0.000377	     -1.00	    766.03	    724.12	      1.56	      1.16	     27.34	     20.29	-19.13	 4.567e-04	    999.00	0	Gaussian	317.414498	43.262801
941	1	  0.001718	  0.000253	     -1.00	    382.32	    632.43	      3.05	      2.68	     53.45	     46.85	1.51	 1.519e-03	    999.00	0	Gaussian	314.902358	43.235757
