# 941 stars found using the following parameters:
# sigma=1.00 roundness=0.10 radius=5 relax=1 profile=0 minbeta=1.5 max_stars=0 layer=1 minA=0.00 maxA=0.00 maxR=1.00
# star#	layer	B	A	beta	X	Y	FWHMx [px]	FWHMy [px]	FWHMx ["]	FWHMy ["]	angle	RMSE	mag	Sat	Profile	RA	Dec
1	1	  0.002693	  0.759942	     -1.00	    375.53	    181.74	      2.76	      2.46	     48.38	     43.00	51.63	 4.330e-03	     -1.92	0	Gaussian	314.293225	41.167010
2	1	  0.001764	  0.150799	     -1.00	    395.70	    353.54	      2.52	      2.29	     44.03	     40.17	34.76	 8.765e-04	      0.01	0	Gaussian	314.628913	41.939838
3	1	  0.001892	  0.113530	     -1.00	    619.54	    332.35	      2.62	      2.39	     45.94	     41.89	58.82	 1.418e-03	      0.23	0	Gaussian	315.967062	41.627362
4	1	  0.001659	  0.110987	     -1.00	    414.06	    440.84	      2.51	      2.32	     44.00	     40.67	42.02	 4.372e-04	      0.34	0	Gaussian	314.852639	42.324399
5	1	  0.001718	  0.090049	     -1.00	    524.31	     14.18	      2.59	      2.33	     45.36	     40.78	30.43	 5.619e-04	      0.53	0	Gaussian	314.982316	40.260062
6	1	  0.001653	  0.092654	     -1.00	    283.26	     63.46	      2.49	      2.30	     43.60	     40.26	40.76	 5.950e-04	      0.55	0	Gaussian	313.592837	40.702920
7	1	  0.001602	  0.092369	     -1.00	    178.86	    413.28	      2.47	      2.30	     43.25	     40.34	31.47	 2.738e-04	      0.56	0	Gaussian	313.360399	42.410265
8	1	  0.001614	  0.084559	     -1.00	    275.42	    509.39	      2.33	      2.31	     40.85	     40.41	41.66	 5.697e-04	      0.72	0	Gaussian	314.078289	42.768625
9	1	  0.001566	  0.075703	     -1.00	    243.84	    645.29	      2.53	      2.36	     44.24	     41.22	44.63	 2.303e-04	      0.73	0	Gaussian	314.048420	43.424405
10	1	  0.001605	  0.078698	     -1.00	    217.53	    627.71	      2.34	      2.33	     40.88	     40.84	-87.63	 4.462e-04	      0.78	0	Gaussian	313.860636	43.367132
11	1	  0.001605	  0.067215	     -1.00	    246.72	    448.53	      2.45	      2.31	     42.91	     40.42	56.04	 3.021e-04	      0.91	0	Gaussian	313.825057	42.513544
12	1	  0.001617	  0.062074	     -1.00	    475.54	    156.67	      2.49	      2.27	     43.58	     39.73	42.56	 3.701e-04	      1.00	0	Gaussian	314.867966	40.959950
13	1	  0.001560	  0.057705	     -1.00	    232.37	    746.27	      2.42	      2.34	     42.28	     40.94	-41.54	 3.905e-04	      1.08	0	Gaussian	314.102093	43.900629
14	1	  0.001621	  0.053156	     -1.00	    568.94	    101.24	      2.56	      2.35	     44.78	     41.16	40.12	 2.531e-04	      1.10	0	Gaussian	315.359150	40.617589
15	1	  0.001614	  0.052614	     -1.00	    418.18	    231.57	      2.44	      2.34	     42.65	     40.89	55.22	 3.405e-04	      1.18	0	Gaussian	314.613857	41.357568
16	1	  0.001627	  0.052991	     -1.00	     72.29	    387.65	      2.40	      2.30	     41.99	     40.33	43.74	 3.631e-04	      1.20	0	Gaussian	312.666104	42.381973
17	1	  0.001618	  0.047174	     -1.00	    363.26	    292.69	      2.53	      2.37	     44.24	     41.43	40.63	 4.057e-04	      1.24	0	Gaussian	314.354317	41.689416
18	1	  0.001864	  0.049128	     -1.00	    289.27	    540.03	      2.48	      2.31	     43.36	     40.41	40.04	 1.016e-03	      1.24	0	Gaussian	314.202755	42.897348
19	1	  0.001530	  0.044096	     -1.00	    334.12	    450.84	      2.54	      2.35	     44.46	     41.13	49.03	 1.421e-04	      1.31	0	Gaussian	314.370836	42.444959
20	1	  0.001550	  0.040612	     -1.00	     19.42	    244.94	      2.43	      2.42	     42.60	     42.29	-21.85	 1.708e-04	      1.42	0	Gaussian	312.179763	41.762764
21	1	  0.001583	  0.040083	     -1.00	    241.39	    130.65	      2.44	      2.29	     42.63	     40.13	54.55	 2.565e-04	      1.49	0	Gaussian	313.416336	41.049340
22	1	  0.001564	  0.039569	     -1.00	    269.34	    250.41	      2.41	      2.30	     42.16	     40.18	74.51	 2.429e-04	      1.51	0	Gaussian	313.727419	41.578451
23	1	  0.001532	  0.035485	     -1.00	    423.07	    746.82	      2.52	      2.38	     44.12	     41.64	37.49	 1.427e-04	      1.54	0	Gaussian	315.309507	43.721737
24	1	  0.001567	  0.031059	     -1.00	    410.77	    572.14	      2.50	      2.49	     43.71	     43.55	63.86	 1.776e-04	      1.65	0	Gaussian	315.001708	42.931331
25	1	  0.001600	  0.031154	     -1.00	    194.12	    714.77	      2.48	      2.39	     43.49	     41.81	38.37	 3.131e-04	      1.70	0	Gaussian	313.819653	43.790130
26	1	  0.001542	  0.032673	     -1.00	     67.46	     70.61	      2.42	      2.30	     42.37	     40.18	38.54	 2.224e-04	      1.72	0	Gaussian	312.287826	40.915242
27	1	  0.001521	  0.029915	     -1.00	    161.91	    317.06	      2.44	      2.38	     42.76	     41.61	54.30	 1.357e-04	      1.76	0	Gaussian	313.143170	41.979582
28	1	  0.001594	  0.026610	     -1.00	    601.97	     41.18	      2.65	      2.46	     46.37	     43.07	32.60	 3.498e-04	      1.77	0	Gaussian	315.479321	40.310832
29	1	  0.001521	  0.028310	     -1.00	    533.30	    742.54	      2.51	      2.35	     43.97	     41.14	44.72	 1.949e-04	      1.81	0	Gaussian	315.995538	43.591863
30	1	  0.001525	  0.026746	     -1.00	    449.06	     94.51	      2.52	      2.34	     44.04	     40.95	59.35	 1.691e-04	      1.87	0	Gaussian	314.631001	40.698569
31	1	  0.001529	  0.022228	     -1.00	    659.77	     38.91	      2.74	      2.56	     47.95	     44.82	5.57	 1.593e-04	      1.89	0	Gaussian	315.819954	40.244886
32	1	  0.001595	  0.026723	     -1.00	     70.62	    684.23	      2.48	      2.34	     43.47	     40.90	16.75	 2.648e-04	      1.89	0	Gaussian	312.996437	43.757721
33	1	  0.001564	  0.024924	     -1.00	    387.50	    596.22	      2.52	      2.34	     44.09	     41.01	54.33	 1.223e-04	      1.94	0	Gaussian	314.887932	43.064282
34	1	  0.001532	  0.022202	     -1.00	      9.28	    233.12	      2.43	      2.33	     42.45	     40.70	42.70	 7.110e-05	      2.12	0	Gaussian	312.104161	41.715934
35	1	  0.001552	  0.019922	     -1.00	    681.63	    210.38	      2.63	      2.37	     46.07	     41.42	33.80	 1.536e-04	      2.13	0	Gaussian	316.177379	41.007589
36	1	  0.001548	  0.018638	     -1.00	    401.34	    707.28	      2.69	      2.37	     47.17	     41.45	42.47	 1.264e-04	      2.17	0	Gaussian	315.120139	43.561421
37	1	  0.001530	  0.019351	     -1.00	    609.95	    508.28	      2.53	      2.40	     44.25	     42.08	43.19	 1.538e-04	      2.18	0	Gaussian	316.147318	42.442134
38	1	  0.001533	  0.019767	     -1.00	    372.25	    642.59	      2.46	      2.41	     43.06	     42.19	64.11	 1.575e-04	      2.19	0	Gaussian	314.852708	43.292108
39	1	  0.001511	  0.018656	     -1.00	    128.15	    554.65	      2.43	      2.41	     42.47	     42.16	35.78	 8.616e-05	      2.27	0	Gaussian	313.208957	43.108360
40	1	  0.001529	  0.018400	     -1.00	    263.50	    102.64	      2.50	      2.32	     43.71	     40.57	40.45	 1.189e-04	      2.30	0	Gaussian	313.518448	40.900889
41	1	  0.001526	  0.016807	     -1.00	    543.07	     33.78	      2.53	      2.43	     44.22	     42.48	42.01	 1.437e-04	      2.33	0	Gaussian	315.118862	40.332541
42	1	  0.001506	  0.016902	     -1.00	     64.18	    119.09	      2.45	      2.45	     42.80	     42.80	-48.65	 9.358e-05	      2.35	0	Gaussian	312.319915	41.142794
43	1	  0.001539	  0.016058	     -1.00	    615.33	    519.82	      2.58	      2.43	     45.17	     42.61	33.94	 2.014e-04	      2.35	0	Gaussian	316.196166	42.489436
44	1	  0.001518	  0.016022	     -1.00	    420.91	    132.94	      2.62	      2.39	     45.82	     41.75	40.39	 7.934e-05	      2.36	0	Gaussian	314.508513	40.901088
45	1	  0.001535	  0.016513	     -1.00	    467.52	     56.11	      2.51	      2.36	     44.01	     41.26	42.07	 1.039e-04	      2.39	0	Gaussian	314.694585	40.505092
46	1	  0.001506	  0.016978	     -1.00	    149.75	    450.49	      2.45	      2.35	     42.89	     41.08	35.51	 8.365e-05	      2.39	0	Gaussian	313.222319	42.607635
47	1	  0.001499	  0.014905	     -1.00	    587.59	    250.84	      2.66	      2.40	     46.62	     42.00	30.44	 1.098e-04	      2.41	0	Gaussian	315.665433	41.285453
48	1	  0.001582	  0.014249	     -1.00	    742.15	    216.86	      2.63	      2.53	     46.01	     44.25	62.01	 3.248e-04	      2.43	0	Gaussian	316.548342	40.976297
49	1	  0.001538	  0.016077	     -1.00	    416.38	    294.62	      2.42	      2.37	     42.36	     41.54	-11.85	 1.466e-04	      2.45	0	Gaussian	314.681645	41.649414
50	1	  0.001584	  0.015993	     -1.00	    263.98	    585.38	      2.41	      2.35	     42.14	     41.19	51.63	 2.366e-04	      2.47	0	Gaussian	314.100753	43.129641
51	1	  0.001538	  0.015052	     -1.00	     88.94	    444.43	      2.50	      2.38	     43.72	     41.68	39.03	 7.158e-05	      2.48	0	Gaussian	312.834642	42.631315
52	1	  0.001523	  0.014347	     -1.00	    428.78	    706.78	      2.58	      2.40	     45.24	     41.99	22.84	 7.678e-05	      2.49	0	Gaussian	315.291854	43.532382
53	1	  0.001503	  0.015492	     -1.00	    135.47	    420.34	      2.40	      2.38	     42.04	     41.71	-15.13	 9.898e-05	      2.50	0	Gaussian	313.098019	42.480274
54	1	  0.001592	  0.013101	     -1.00	    771.06	    762.86	      2.59	      2.58	     45.40	     45.17	28.98	 1.882e-04	      2.50	0	Gaussian	317.503066	43.433421
55	1	  0.001568	  0.014246	     -1.00	    367.98	    202.49	      2.52	      2.33	     44.17	     40.84	50.79	 1.105e-04	      2.55	0	Gaussian	314.272582	41.269433
56	1	  0.001529	  0.014403	     -1.00	    214.32	    666.45	      2.47	      2.35	     43.15	     41.08	47.52	 2.636e-04	      2.56	0	Gaussian	313.888116	43.548863
57	1	  0.001507	  0.014352	     -1.00	    175.62	    475.65	      2.46	      2.33	     43.10	     40.75	48.81	 6.889e-05	      2.57	0	Gaussian	313.413748	42.701602
58	1	  0.001503	  0.013067	     -1.00	    535.52	    109.13	      2.60	      2.39	     45.47	     41.81	33.36	 8.508e-05	      2.58	0	Gaussian	315.168957	40.685419
59	1	  0.001559	  0.014303	     -1.00	     17.10	    433.37	      2.44	      2.31	     42.65	     40.40	32.27	 1.539e-04	      2.59	0	Gaussian	312.371384	42.639501
60	1	  0.001535	  0.011231	     -1.00	    486.33	    308.08	      2.75	      2.53	     48.19	     44.22	75.72	 1.920e-04	      2.63	0	Gaussian	315.125559	41.645561
61	1	  0.001509	  0.012329	     -1.00	    587.84	    772.21	      2.53	      2.50	     44.24	     43.79	44.17	 8.431e-05	      2.63	0	Gaussian	316.378135	43.671441
62	1	  0.001560	  0.012454	     -1.00	    270.54	     61.84	      2.53	      2.45	     44.25	     42.90	11.46	 1.236e-04	      2.65	0	Gaussian	313.513932	40.706388
63	1	  0.001540	  0.012062	     -1.00	    591.90	    337.35	      2.66	      2.40	     46.51	     41.93	44.18	 1.003e-04	      2.65	0	Gaussian	315.806023	41.677596
64	1	  0.001570	  0.013529	     -1.00	    244.35	    190.48	      2.44	      2.29	     42.69	     40.15	69.50	 2.331e-04	      2.66	0	Gaussian	313.503856	41.323319
65	1	  0.001520	  0.010984	     -1.00	    714.60	    486.63	      2.72	      2.44	     47.67	     42.64	39.72	 9.731e-05	      2.70	0	Gaussian	316.756756	42.235711
66	1	  0.001508	  0.012245	     -1.00	    239.04	    492.96	      2.54	      2.35	     44.46	     41.17	57.41	 4.657e-05	      2.70	0	Gaussian	313.831043	42.725580
67	1	  0.001502	  0.011907	     -1.00	     57.84	    220.26	      2.52	      2.41	     44.11	     42.25	55.67	 5.810e-05	      2.71	0	Gaussian	312.390715	41.617313
68	1	  0.001560	  0.010601	     -1.00	    706.64	    249.73	      2.74	      2.47	     47.94	     43.21	24.81	 1.206e-04	      2.72	0	Gaussian	316.380565	41.162338
69	1	  0.001488	  0.010399	     -1.00	    725.08	     74.62	      2.76	      2.43	     48.34	     42.53	23.69	 8.838e-05	      2.75	0	Gaussian	316.254468	40.344079
70	1	  0.001508	  0.011509	     -1.00	    281.05	    201.40	      2.59	      2.34	     45.39	     41.02	35.87	 6.027e-05	      2.76	0	Gaussian	313.741036	41.341798
71	1	  0.001517	  0.004160	     -1.00	    690.19	    685.46	      5.85	      2.83	    102.42	     49.46	72.41	 1.986e-04	      2.76	0	Gaussian	316.890253	43.168214
72	1	  0.001554	  0.010318	     -1.00	    784.77	    715.27	      2.71	      2.49	     47.39	     43.66	50.26	 1.258e-04	      2.76	0	Gaussian	317.516896	43.202137
73	1	  0.001505	  0.010978	     -1.00	    289.63	    630.07	      2.50	      2.48	     43.78	     43.37	-57.07	 6.772e-05	      2.78	0	Gaussian	314.317859	43.312119
74	1	  0.001553	  0.011172	     -1.00	     86.42	     32.26	      2.51	      2.34	     44.00	     40.88	34.82	 9.611e-05	      2.82	0	Gaussian	312.362327	40.722208
75	1	  0.001527	  0.011150	     -1.00	    172.68	    401.92	      2.51	      2.33	     43.87	     40.71	47.10	 7.574e-05	      2.83	0	Gaussian	313.308618	42.363060
76	1	  0.001649	  0.011658	     -1.00	     51.88	    380.59	      2.43	      2.27	     42.54	     39.65	28.88	 5.180e-04	      2.84	0	Gaussian	312.530642	42.366096
77	1	  0.001516	  0.011229	     -1.00	    361.50	     68.52	      2.43	      2.33	     42.52	     40.77	58.96	 8.020e-05	      2.84	0	Gaussian	314.071709	40.657795
78	1	  0.001508	  0.010642	     -1.00	    485.53	    179.42	      2.54	      2.34	     44.41	     41.02	66.30	 9.790e-05	      2.85	0	Gaussian	314.956911	41.055150
79	1	  0.001532	  0.010822	     -1.00	     81.17	     51.81	      2.45	      2.36	     42.80	     41.28	30.93	 8.953e-05	      2.87	0	Gaussian	312.351355	40.817112
80	1	  0.001520	  0.010706	     -1.00	     84.69	    729.02	      2.45	      2.36	     42.89	     41.25	86.73	 7.797e-05	      2.88	0	Gaussian	313.139198	43.952905
81	1	  0.001507	  0.009346	     -1.00	    708.91	    144.82	      2.69	      2.47	     47.01	     43.22	28.68	 8.145e-05	      2.89	0	Gaussian	316.252322	40.680772
82	1	  0.001485	  0.009351	     -1.00	    490.86	    603.91	      2.60	      2.54	     45.46	     44.40	-15.88	 7.557e-05	      2.89	0	Gaussian	315.541872	42.999307
83	1	  0.001495	  0.010188	     -1.00	    124.86	    147.16	      2.54	      2.37	     44.38	     41.53	37.06	 6.115e-05	      2.89	0	Gaussian	312.722780	41.223644
84	1	  0.001482	  0.010220	     -1.00	     93.02	    617.66	      2.48	      2.41	     43.43	     42.25	32.35	 4.915e-05	      2.90	0	Gaussian	313.060823	43.430301
85	1	  0.001538	  0.010546	     -1.00	    259.10	    297.54	      2.45	      2.34	     42.96	     40.96	40.85	 1.628e-04	      2.90	0	Gaussian	313.720447	41.805122
86	1	  0.001496	  0.009318	     -1.00	    725.42	     90.39	      2.68	      2.40	     46.89	     42.08	31.47	 7.757e-05	      2.91	0	Gaussian	316.277521	40.415746
87	1	  0.001541	  0.010208	     -1.00	    492.35	    572.48	      2.49	      2.34	     43.50	     40.95	67.51	 1.051e-04	      2.93	0	Gaussian	315.509012	42.853648
88	1	  0.001525	  0.009251	     -1.00	    566.69	    348.36	      2.63	      2.43	     46.09	     42.61	44.23	 8.706e-05	      2.93	0	Gaussian	315.667473	41.752831
89	1	  0.001563	  0.009312	     -1.00	    648.01	     69.55	      2.65	      2.39	     46.37	     41.88	28.48	 2.165e-04	      2.94	0	Gaussian	315.790091	40.396457
90	1	  0.001545	  0.001209	     -1.00	    593.65	    394.92	      8.39	      5.81	    146.79	    101.67	-73.27	 2.159e-04	      2.94	0	Gaussian	315.893749	41.939581
91	1	  0.001514	  0.009342	     -1.00	     41.76	    120.01	      2.49	      2.47	     43.51	     43.30	-23.86	 9.392e-05	      2.96	0	Gaussian	312.183274	41.164930
92	1	  0.001615	  0.008589	     -1.00	    553.25	    108.94	      2.66	      2.54	     46.50	     44.45	72.93	 3.246e-04	      2.96	0	Gaussian	315.275005	40.667792
93	1	  0.001503	  0.008286	     -1.00	    585.58	    467.03	      2.71	      2.54	     47.46	     44.50	33.94	 5.290e-05	      2.97	0	Gaussian	315.941728	42.277829
94	1	  0.001624	  0.008593	     -1.00	    753.97	    315.40	      2.67	      2.46	     46.72	     43.13	43.31	 4.413e-04	      2.98	0	Gaussian	316.755130	41.413797
95	1	  0.001548	  0.008926	     -1.00	    318.69	    624.81	      2.54	      2.49	     44.40	     43.57	-17.46	 7.932e-05	      2.99	0	Gaussian	314.493799	43.260860
96	1	  0.001514	  0.009314	     -1.00	    295.60	    389.55	      2.49	      2.41	     43.54	     42.21	-83.39	 1.203e-04	      3.00	0	Gaussian	314.056617	42.197431
97	1	  0.001557	  0.009680	     -1.00	    375.24	    335.49	      2.51	      2.28	     43.88	     39.96	39.63	 1.169e-04	      3.00	0	Gaussian	314.480734	41.875628
98	1	  0.001510	  0.008678	     -1.00	    462.31	    420.98	      2.54	      2.52	     44.45	     44.05	62.18	 8.026e-05	      3.01	0	Gaussian	315.124243	42.187227
99	1	  0.001493	  0.008880	     -1.00	    394.23	    448.35	      2.53	      2.41	     44.28	     42.17	61.53	 6.467e-05	      3.02	0	Gaussian	314.739788	42.377641
100	1	  0.001543	  0.009664	     -1.00	    224.05	    673.51	      2.43	      2.30	     42.56	     40.34	33.38	 3.375e-04	      3.03	0	Gaussian	313.958387	43.572599
101	1	  0.001492	  0.003593	     -1.00	    740.09	    132.33	      5.47	      2.75	     95.71	     48.09	14.95	 1.116e-04	      3.03	0	Gaussian	316.421103	40.592583
102	1	  0.001604	  0.009563	     -1.00	    230.72	    682.88	      2.43	      2.31	     42.58	     40.45	51.68	 8.093e-04	      3.04	0	Gaussian	314.012276	43.609758
103	1	  0.001511	  0.008860	     -1.00	     69.74	    307.78	      2.53	      2.32	     44.33	     40.62	44.65	 5.658e-05	      3.06	0	Gaussian	312.560923	42.013667
104	1	  0.001519	  0.008542	     -1.00	     92.86	    409.02	      2.48	      2.44	     43.45	     42.77	74.62	 7.027e-05	      3.07	0	Gaussian	312.818834	42.463906
105	1	  0.001515	  0.008198	     -1.00	    430.01	     94.97	      2.56	      2.47	     44.78	     43.31	30.11	 7.984e-05	      3.07	0	Gaussian	314.516862	40.718063
106	1	  0.001519	  0.008146	     -1.00	    549.27	    578.83	      2.59	      2.46	     45.27	     43.10	40.00	 8.277e-05	      3.07	0	Gaussian	315.870035	42.826207
107	1	  0.001499	  0.008707	     -1.00	    133.55	    517.42	      2.46	      2.43	     43.07	     42.49	65.65	 7.011e-05	      3.07	0	Gaussian	313.199158	42.931377
108	1	  0.001495	  0.008264	     -1.00	    334.65	    382.26	      2.57	      2.42	     45.02	     42.34	-60.49	 8.018e-05	      3.08	0	Gaussian	314.288904	42.128353
109	1	  0.001508	  0.007149	     -1.00	    264.27	    392.73	      3.02	      2.35	     52.87	     41.20	7.92	 9.778e-05	      3.10	0	Gaussian	313.866558	42.240184
110	1	  0.001517	  0.007705	     -1.00	    574.76	    276.13	      2.58	      2.54	     45.14	     44.45	51.54	 7.147e-05	      3.11	0	Gaussian	315.621108	41.413881
111	1	  0.001511	  0.007519	     -1.00	    681.19	    720.64	      2.69	      2.50	     47.15	     43.73	39.90	 8.676e-05	      3.11	0	Gaussian	316.885304	43.338118
112	1	  0.001476	  0.007859	     -1.00	    253.14	    759.91	      2.54	      2.49	     44.54	     43.65	63.87	 3.771e-05	      3.12	0	Gaussian	314.251362	43.944314
113	1	  0.001501	  0.007920	     -1.00	     70.95	     15.47	      2.58	      2.41	     45.08	     42.15	17.17	 6.296e-05	      3.13	0	Gaussian	312.250107	40.656671
114	1	  0.001514	  0.007943	     -1.00	     19.75	    196.53	      2.50	      2.40	     43.67	     42.04	33.42	 5.318e-05	      3.17	0	Gaussian	312.129683	41.537726
115	1	  0.001639	  0.007703	     -1.00	    591.31	     34.42	      2.61	      2.32	     45.73	     40.66	28.50	 8.449e-04	      3.19	0	Gaussian	315.407242	40.290025
116	1	  0.001504	  0.007779	     -1.00	    305.24	    108.47	      2.55	      2.34	     44.60	     40.94	35.58	 5.329e-05	      3.20	0	Gaussian	313.778671	40.891585
117	1	  0.001493	  0.007097	     -1.00	    429.20	    503.38	      2.60	      2.45	     45.43	     42.82	30.45	 5.934e-05	      3.23	0	Gaussian	315.026760	42.597584
118	1	  0.001506	  0.006674	     -1.00	    633.84	    511.35	      2.66	      2.52	     46.59	     44.16	38.75	 5.722e-05	      3.24	0	Gaussian	316.297993	42.431899
119	1	  0.001487	  0.006431	     -1.00	    158.75	    640.44	      2.73	      2.55	     47.83	     44.59	-10.32	 6.471e-05	      3.24	0	Gaussian	313.504487	43.478391
120	1	  0.001489	  0.007234	     -1.00	    108.95	    577.00	      2.44	      2.44	     42.76	     42.76	7.55	 4.570e-05	      3.26	0	Gaussian	313.113974	43.228381
121	1	  0.001504	  0.006218	     -1.00	    655.72	    132.01	      2.69	      2.62	     47.08	     45.86	-88.31	 6.414e-05	      3.26	0	Gaussian	315.918020	40.674743
122	1	  0.001497	  0.007255	     -1.00	    200.32	    572.35	      2.52	      2.39	     44.12	     41.78	61.28	 8.643e-05	      3.26	0	Gaussian	313.684644	43.126858
123	1	  0.001520	  0.006910	     -1.00	    456.48	    547.76	      2.57	      2.39	     44.91	     41.83	-38.02	 8.783e-05	      3.28	0	Gaussian	315.253836	42.775221
124	1	  0.001536	  0.007025	     -1.00	      5.05	    668.31	      2.55	      2.40	     44.70	     41.95	38.23	 5.488e-05	      3.28	0	Gaussian	312.559327	43.739490
125	1	  0.001513	  0.007253	     -1.00	    194.56	    110.64	      2.52	      2.32	     44.12	     40.60	45.29	 6.861e-05	      3.29	0	Gaussian	313.107995	40.996544
126	1	  0.001504	  0.006381	     -1.00	    203.14	    468.31	      2.57	      2.56	     45.06	     44.84	31.13	 7.177e-05	      3.29	0	Gaussian	313.577088	42.643545
127	1	  0.001496	  0.006678	     -1.00	    373.62	    461.81	      2.62	      2.40	     45.82	     41.98	40.09	 1.297e-04	      3.30	0	Gaussian	314.629337	42.458899
128	1	  0.001493	  0.006794	     -1.00	     80.79	    112.15	      2.46	      2.45	     43.12	     42.92	61.16	 7.476e-05	      3.31	0	Gaussian	312.414229	41.097228
129	1	  0.001521	  0.005942	     -1.00	    683.36	    511.10	      2.79	      2.51	     48.84	     43.87	34.42	 6.653e-05	      3.32	0	Gaussian	316.600609	42.379826
130	1	  0.001492	  0.006878	     -1.00	    176.28	    641.53	      2.50	      2.41	     43.73	     42.21	36.34	 5.890e-05	      3.32	0	Gaussian	313.616833	43.467901
131	1	  0.001507	  0.005498	     -1.00	    761.29	    735.18	      2.85	      2.62	     49.83	     45.77	33.23	 6.085e-05	      3.33	0	Gaussian	317.401706	43.318223
132	1	  0.001496	  0.006656	     -1.00	    109.39	    560.84	      2.48	      2.47	     43.46	     43.29	64.83	 5.538e-05	      3.33	0	Gaussian	313.097850	43.153161
133	1	  0.001518	  0.006244	     -1.00	     34.77	    759.92	      2.58	      2.51	     45.14	     43.90	-45.88	 6.523e-05	      3.35	0	Gaussian	312.855673	44.138877
134	1	  0.001601	  0.006578	     -1.00	     19.76	    257.29	      2.48	      2.44	     43.41	     42.67	52.40	 2.710e-04	      3.36	0	Gaussian	312.195218	41.819863
135	1	  0.001506	  0.004802	     -1.00	    762.69	    563.97	      2.88	      2.84	     50.44	     49.66	33.13	 6.361e-05	      3.37	0	Gaussian	317.160208	42.537582
136	1	  0.001492	  0.005952	     -1.00	    399.06	    144.37	      2.70	      2.44	     47.24	     42.79	33.96	 4.215e-05	      3.39	0	Gaussian	314.390365	40.973590
137	1	  0.001550	  0.005569	     -1.00	    658.55	    775.53	      2.75	      2.49	     48.19	     43.54	51.73	 1.468e-04	      3.40	0	Gaussian	316.823934	43.612370
138	1	  0.001502	  0.005562	     -1.00	    592.64	    318.73	      2.74	      2.45	     47.91	     42.81	42.30	 5.700e-05	      3.42	0	Gaussian	315.785738	41.591582
139	1	  0.001533	  0.006253	     -1.00	     52.45	     33.13	      2.54	      2.36	     44.52	     41.28	57.03	 7.249e-05	      3.42	0	Gaussian	312.156157	40.753281
140	1	  0.001497	  0.005699	     -1.00	    440.25	    155.50	      2.69	      2.47	     47.02	     43.32	43.15	 5.434e-05	      3.42	0	Gaussian	314.653271	40.987190
141	1	  0.001528	  0.006200	     -1.00	    120.99	    180.72	      2.56	      2.35	     44.85	     41.18	23.40	 1.631e-04	      3.43	0	Gaussian	312.736319	41.382362
142	1	  0.001511	  0.005891	     -1.00	    273.85	     90.71	      2.64	      2.39	     46.28	     41.89	44.93	 5.895e-05	      3.44	0	Gaussian	313.567445	40.836883
143	1	  0.001544	  0.005108	     -1.00	    781.19	    555.89	      2.78	      2.64	     48.59	     46.26	89.90	 1.077e-04	      3.44	0	Gaussian	317.261323	42.481045
144	1	  0.001520	  0.005859	     -1.00	     66.76	    366.59	      2.58	      2.45	     45.14	     42.92	37.81	 4.987e-05	      3.45	0	Gaussian	312.607942	42.288874
145	1	  0.001510	  0.006012	     -1.00	    105.70	    685.50	      2.52	      2.43	     44.16	     42.53	24.77	 6.010e-05	      3.45	0	Gaussian	313.221537	43.733304
146	1	  0.001500	  0.005345	     -1.00	    548.40	     64.17	      2.77	      2.43	     48.41	     42.60	48.33	 5.714e-05	      3.46	0	Gaussian	315.189060	40.466969
147	1	  0.001578	  0.005600	     -1.00	    330.76	    664.23	      2.62	      2.48	     45.85	     43.45	32.53	 1.231e-04	      3.47	0	Gaussian	314.620067	43.431033
148	1	  0.001481	  0.002322	     -1.00	    208.17	    358.34	      3.92	      3.90	     68.53	     68.23	-15.15	 1.387e-04	      3.47	0	Gaussian	313.477886	42.130727
149	1	  0.001568	  0.005270	     -1.00	    413.63	    188.84	      2.63	      2.49	     45.96	     43.62	-1.74	 2.181e-04	      3.51	0	Gaussian	314.533259	41.165091
150	1	  0.001526	  0.005187	     -1.00	    646.81	    607.43	      2.71	      2.49	     47.45	     43.55	32.77	 8.623e-05	      3.51	0	Gaussian	316.511654	42.857576
151	1	  0.001534	  0.004242	     -1.00	    624.19	    680.84	      2.89	      2.88	     50.57	     50.34	24.82	 9.598e-05	      3.52	0	Gaussian	316.475288	43.216345
152	1	  0.001555	  0.005425	     -1.00	    258.85	     54.34	      2.52	      2.46	     44.16	     43.05	30.24	 1.835e-04	      3.53	0	Gaussian	313.434490	40.681739
153	1	  0.001538	  0.004660	     -1.00	    664.73	    724.11	      2.83	      2.54	     49.60	     44.49	83.10	 9.160e-05	      3.54	0	Gaussian	316.788290	43.371367
154	1	  0.001492	  0.004844	     -1.00	    393.90	     95.43	      2.66	      2.59	     46.57	     45.30	29.81	 4.796e-05	      3.54	0	Gaussian	314.299612	40.752859
155	1	  0.001519	  0.003340	     -1.00	     69.88	    444.29	      3.94	      2.55	     68.90	     44.60	28.11	 1.459e-04	      3.54	0	Gaussian	312.714981	42.646589
156	1	  0.001558	  0.004872	     -1.00	    775.96	    452.40	      2.75	      2.50	     48.15	     43.80	31.42	 1.588e-04	      3.55	0	Gaussian	317.080795	42.015358
157	1	  0.001561	  0.002783	     -1.00	    660.98	    694.60	      4.24	      2.85	     74.13	     49.86	17.25	 1.774e-04	      3.55	0	Gaussian	316.722719	43.240714
158	1	  0.001541	  0.004818	     -1.00	    764.88	     70.68	      2.78	      2.50	     48.71	     43.82	27.38	 1.378e-04	      3.56	0	Gaussian	316.484731	40.286381
159	1	  0.001698	  0.004880	     -1.00	    737.68	    226.37	      2.75	      2.50	     48.06	     43.68	24.38	 9.347e-04	      3.56	0	Gaussian	316.534593	41.024250
160	1	  0.001496	  0.004669	     -1.00	    584.74	    676.95	      2.68	      2.58	     46.94	     45.23	47.29	 5.240e-05	      3.57	0	Gaussian	316.225061	43.239297
161	1	  0.001480	  0.004772	     -1.00	    478.59	    224.27	      2.70	      2.48	     47.23	     43.38	65.56	 4.227e-05	      3.59	0	Gaussian	314.971616	41.267778
162	1	  0.001517	  0.004803	     -1.00	    629.13	     11.69	      2.79	      2.42	     48.81	     42.31	26.84	 5.642e-05	      3.60	0	Gaussian	315.602849	40.149838
163	1	  0.001510	  0.005009	     -1.00	     75.32	    779.64	      2.52	      2.49	     44.17	     43.56	42.88	 3.241e-05	      3.62	0	Gaussian	313.139425	44.195226
164	1	  0.001530	  0.004224	     -1.00	    722.05	    545.67	      2.88	      2.63	     50.35	     46.04	56.67	 1.097e-04	      3.62	0	Gaussian	316.885836	42.497235
165	1	  0.001483	  0.004375	     -1.00	    641.49	    171.13	      2.75	      2.60	     48.07	     45.54	10.89	 4.221e-05	      3.62	0	Gaussian	315.884598	40.867707
166	1	  0.001504	  0.004209	     -1.00	    588.82	    499.46	      2.95	      2.57	     51.62	     44.90	24.61	 7.400e-05	      3.62	0	Gaussian	316.005649	42.423067
167	1	  0.001538	  0.004539	     -1.00	     42.83	    629.82	      2.71	      2.52	     47.42	     44.19	70.16	 6.458e-05	      3.62	0	Gaussian	312.756116	43.529356
168	1	  0.001512	  0.004462	     -1.00	    700.87	    568.61	      2.80	      2.53	     49.06	     44.28	37.14	 9.847e-05	      3.63	0	Gaussian	316.788897	42.624051
169	1	  0.001501	  0.004770	     -1.00	    347.48	    335.16	      2.66	      2.44	     46.61	     42.72	43.56	 7.215e-05	      3.63	0	Gaussian	314.309817	41.899560
170	1	  0.001624	  0.004726	     -1.00	    790.54	    530.39	      2.73	      2.38	     47.84	     41.62	23.77	 3.751e-04	      3.64	0	Gaussian	317.281293	42.354997
171	1	  0.001476	  0.004969	     -1.00	    235.35	    549.45	      2.56	      2.40	     44.86	     42.01	64.54	 3.793e-05	      3.65	0	Gaussian	313.876792	42.989761
172	1	  0.001532	  0.004813	     -1.00	    353.31	    681.39	      2.56	      2.49	     44.84	     43.61	78.25	 4.815e-05	      3.65	0	Gaussian	314.784103	43.488596
173	1	  0.001493	  0.004903	     -1.00	     39.31	     82.48	      2.58	      2.43	     45.09	     42.56	42.75	 9.195e-05	      3.65	0	Gaussian	312.128234	40.992685
174	1	  0.001491	  0.000328	     -1.00	    663.15	    521.39	     14.15	      6.71	    247.61	    117.48	-0.92	 1.022e-04	      3.65	0	Gaussian	316.491424	42.447718
175	1	  0.001554	  0.004837	     -1.00	    311.24	    256.17	      2.61	      2.38	     45.62	     41.68	62.86	 2.806e-04	      3.67	0	Gaussian	313.991147	41.567920
176	1	  0.001465	  0.004459	     -1.00	    497.84	    726.66	      2.68	      2.50	     46.82	     43.75	43.03	 3.906e-05	      3.69	0	Gaussian	315.751725	43.555030
177	1	  0.001503	  0.004350	     -1.00	    602.43	    746.32	      2.72	      2.43	     47.57	     42.56	60.17	 5.001e-05	      3.69	0	Gaussian	316.432565	43.538051
178	1	  0.001497	  0.004590	     -1.00	     43.32	    536.96	      2.51	      2.49	     43.85	     43.57	-68.25	 4.399e-05	      3.70	0	Gaussian	312.652892	43.098464
179	1	  0.001589	  0.004277	     -1.00	    674.75	    297.60	      2.72	      2.51	     47.57	     43.87	24.91	 2.692e-04	      3.71	0	Gaussian	316.253840	41.413191
180	1	  0.001515	  0.004613	     -1.00	    307.43	    175.31	      2.59	      2.38	     45.40	     41.63	57.06	 7.890e-05	      3.71	0	Gaussian	313.871098	41.198181
181	1	  0.001519	  0.004653	     -1.00	    434.71	    384.45	      2.56	      2.41	     44.89	     42.26	51.06	 6.331e-05	      3.72	0	Gaussian	314.907640	42.045538
182	1	  0.001481	  0.004558	     -1.00	     25.86	    477.52	      2.59	      2.44	     45.38	     42.67	26.90	 3.286e-05	      3.72	0	Gaussian	312.475674	42.837224
183	1	  0.001527	  0.004520	     -1.00	    523.68	    241.75	      2.62	      2.39	     45.87	     41.81	43.06	 9.136e-05	      3.72	0	Gaussian	315.267121	41.305406
184	1	  0.001686	  0.004366	     -1.00	    762.03	    307.20	      2.68	      2.46	     46.83	     43.09	37.46	 8.730e-04	      3.73	0	Gaussian	316.792117	41.368086
185	1	  0.001481	  0.004591	     -1.00	    472.29	     78.69	      2.56	      2.42	     44.78	     42.36	86.97	 4.258e-05	      3.73	0	Gaussian	314.751169	40.604517
186	1	  0.001501	  0.004127	     -1.00	    608.56	    675.55	      2.73	      2.52	     47.72	     44.06	41.32	 4.469e-05	      3.73	0	Gaussian	316.370900	43.208349
187	1	  0.001514	  0.004618	     -1.00	     16.50	    639.21	      2.52	      2.42	     44.07	     42.39	29.05	 4.830e-05	      3.73	0	Gaussian	312.599153	43.594990
188	1	  0.001498	  0.004230	     -1.00	    446.63	    733.45	      2.63	      2.54	     46.01	     44.49	61.95	 4.836e-05	      3.74	0	Gaussian	315.439702	43.637181
189	1	  0.001522	  0.004365	     -1.00	    401.18	    256.60	      2.62	      2.45	     45.87	     42.89	40.92	 7.878e-05	      3.75	0	Gaussian	314.541410	41.488446
190	1	  0.001503	  0.004484	     -1.00	    142.43	    267.84	      2.52	      2.47	     44.16	     43.23	-81.34	 7.057e-05	      3.75	0	Gaussian	312.966374	41.768116
191	1	  0.001531	  0.003442	     -1.00	    384.50	    468.96	      2.88	      2.75	     50.36	     48.09	32.83	 3.285e-04	      3.75	0	Gaussian	314.705777	42.481602
192	1	  0.001528	  0.004420	     -1.00	    347.09	    280.59	      2.65	      2.38	     46.44	     41.72	38.23	 1.421e-04	      3.76	0	Gaussian	314.240390	41.648353
193	1	  0.001538	  0.003997	     -1.00	    372.49	    514.96	      2.65	      2.60	     46.39	     45.43	7.98	 9.708e-05	      3.76	0	Gaussian	314.689924	42.704629
194	1	  0.001505	  0.004587	     -1.00	     28.77	    741.33	      2.46	      2.43	     43.03	     42.54	27.71	 4.271e-05	      3.76	0	Gaussian	312.795449	44.057923
195	1	  0.001586	  0.003813	     -1.00	    760.17	    767.20	      2.85	      2.51	     49.94	     43.99	25.43	 3.885e-04	      3.76	0	Gaussian	317.442264	43.465039
196	1	  0.001558	  0.003766	     -1.00	    748.85	    346.10	      2.72	      2.67	     47.61	     46.76	43.97	 1.288e-04	      3.76	0	Gaussian	316.767111	41.559126
197	1	  0.001504	  0.004343	     -1.00	    170.98	    342.43	      2.55	      2.43	     44.71	     42.60	45.47	 1.298e-04	      3.79	0	Gaussian	313.228684	42.089227
198	1	  0.001493	  0.004138	     -1.00	    414.11	     33.98	      2.57	      2.53	     44.93	     44.34	27.21	 4.206e-05	      3.79	0	Gaussian	314.347000	40.451742
199	1	  0.001530	  0.004253	     -1.00	    317.33	    474.55	      2.64	      2.36	     46.13	     41.37	58.62	 1.365e-04	      3.79	0	Gaussian	314.296141	42.569708
200	1	  0.001492	  0.004293	     -1.00	    258.05	    683.22	      2.58	      2.44	     45.18	     42.76	58.78	 1.285e-04	      3.79	0	Gaussian	314.185618	43.586299
201	1	  0.001522	  0.003485	     -1.00	    227.15	    192.91	      3.11	      2.45	     54.51	     42.82	28.12	 8.916e-05	      3.79	0	Gaussian	313.401405	41.349370
202	1	  0.001516	  0.003719	     -1.00	    769.14	    637.51	      2.86	      2.54	     50.00	     44.43	31.70	 6.233e-05	      3.80	0	Gaussian	317.306456	42.865448
203	1	  0.001522	  0.003734	     -1.00	    673.68	    195.76	      2.81	      2.52	     49.23	     44.14	23.03	 7.501e-05	      3.81	0	Gaussian	316.110163	40.948649
204	1	  0.001525	  0.004040	     -1.00	    419.99	    385.97	      2.72	      2.38	     47.53	     41.74	29.91	 6.330e-05	      3.81	0	Gaussian	314.819139	42.066394
205	1	  0.001499	  0.003871	     -1.00	    593.00	     53.50	      2.74	      2.48	     47.99	     43.48	29.95	 8.774e-05	      3.82	0	Gaussian	315.441731	40.375833
206	1	  0.001485	  0.003729	     -1.00	    731.49	    116.47	      2.81	      2.49	     49.15	     43.61	27.05	 4.033e-05	      3.82	0	Gaussian	316.348600	40.528764
207	1	  0.001491	  0.003862	     -1.00	    498.77	    537.30	      2.68	      2.54	     46.96	     44.40	35.85	 3.541e-05	      3.82	0	Gaussian	315.501862	42.685943
208	1	  0.001659	  0.004227	     -1.00	    519.02	    263.86	      2.48	      2.44	     43.43	     42.78	31.29	 3.678e-04	      3.83	0	Gaussian	315.267414	41.411326
209	1	  0.001497	  0.003927	     -1.00	    620.39	    617.30	      2.68	      2.45	     46.84	     42.95	50.86	 8.124e-05	      3.83	0	Gaussian	316.362501	42.929988
210	1	  0.001559	  0.003370	     -1.00	    613.97	    654.66	      2.92	      2.63	     51.03	     45.99	41.07	 2.188e-04	      3.86	0	Gaussian	316.375107	43.107308
211	1	  0.001498	  0.003467	     -1.00	    784.78	     14.35	      2.91	      2.54	     50.91	     44.53	17.24	 4.787e-05	      3.86	0	Gaussian	316.526167	40.009598
212	1	  0.001499	  0.003506	     -1.00	    598.38	    657.77	      2.76	      2.49	     48.29	     43.63	57.07	 4.585e-05	      3.90	0	Gaussian	316.282894	43.137580
213	1	  0.001516	  0.003345	     -1.00	    650.89	    361.68	      2.82	      2.60	     49.34	     45.43	34.12	 5.821e-05	      3.90	0	Gaussian	316.196722	41.730197
214	1	  0.001513	  0.003558	     -1.00	    346.20	    616.16	      2.64	      2.60	     46.20	     45.56	-71.17	 5.819e-05	      3.90	0	Gaussian	314.655268	43.195218
215	1	  0.001514	  0.003784	     -1.00	    120.09	    102.32	      2.62	      2.45	     45.94	     42.82	43.78	 8.799e-05	      3.91	0	Gaussian	312.644029	41.019789
216	1	  0.001479	  0.003473	     -1.00	    573.30	    745.74	      2.69	      2.59	     47.07	     45.29	65.36	 4.431e-05	      3.91	0	Gaussian	316.250039	43.565519
217	1	  0.001486	  0.003748	     -1.00	    221.84	    575.67	      2.59	      2.48	     45.38	     43.34	45.90	 4.052e-05	      3.92	0	Gaussian	313.824038	43.122962
218	1	  0.001516	  0.003583	     -1.00	    468.98	    346.14	      2.58	      2.57	     45.16	     44.90	52.63	 4.895e-05	      3.92	0	Gaussian	315.068590	41.836956
219	1	  0.001479	  0.003390	     -1.00	    344.12	    496.87	      2.67	      2.62	     46.79	     45.79	62.45	 4.913e-05	      3.92	0	Gaussian	314.490618	42.647841
220	1	  0.001496	  0.002836	     -1.00	    217.51	    251.10	      2.95	      2.85	     51.57	     49.82	-83.60	 9.964e-05	      3.93	0	Gaussian	313.409894	41.626734
221	1	  0.001474	  0.003459	     -1.00	    367.03	    443.07	      2.57	      2.56	     45.05	     44.81	26.14	 3.164e-05	      3.97	0	Gaussian	314.564923	42.378749
222	1	  0.001563	  0.003709	     -1.00	    488.50	    295.08	      2.51	      2.40	     43.86	     41.95	60.55	 2.513e-04	      3.97	0	Gaussian	315.122081	41.583815
223	1	  0.001605	  0.003564	     -1.00	    340.97	    670.40	      2.57	      2.41	     44.94	     42.19	24.79	 3.479e-04	      3.97	0	Gaussian	314.692267	43.449751
224	1	  0.001482	  0.003238	     -1.00	    479.54	    613.88	      2.66	      2.56	     46.51	     44.88	64.42	 5.732e-05	      3.98	0	Gaussian	315.484834	43.056177
225	1	  0.001645	  0.003366	     -1.00	    727.85	    794.03	      2.61	      2.56	     45.69	     44.86	-86.04	 1.644e-04	      3.98	0	Gaussian	317.281719	43.622247
226	1	  0.001555	  0.003374	     -1.00	    685.58	    299.42	      2.71	      2.47	     47.45	     43.16	31.99	 2.170e-04	      3.98	0	Gaussian	316.321593	41.410611
227	1	  0.001524	  0.002943	     -1.00	    392.80	    675.54	      2.87	      2.65	     50.32	     46.32	87.67	 7.120e-05	      3.98	0	Gaussian	315.024611	43.423870
228	1	  0.001510	  0.003407	     -1.00	    267.42	    459.91	      2.55	      2.54	     44.67	     44.51	-3.15	 4.320e-05	      4.00	0	Gaussian	313.967730	42.547530
229	1	  0.001526	  0.003913	     -1.00	    202.59	    621.55	      2.40	      2.33	     42.04	     40.74	21.90	 6.715e-05	      4.00	0	Gaussian	313.758828	43.352119
230	1	  0.001487	  0.002970	     -1.00	    787.80	    353.38	      2.86	      2.61	     50.09	     45.71	25.47	 3.830e-05	      4.01	0	Gaussian	317.011685	41.551852
231	1	  0.001529	  0.002959	     -1.00	    646.31	    488.69	      2.83	      2.62	     49.57	     45.84	14.81	 7.101e-05	      4.02	0	Gaussian	316.342995	42.315546
232	1	  0.001503	  0.003127	     -1.00	    617.31	    256.19	      2.77	      2.41	     48.55	     42.14	4.60	 7.833e-05	      4.02	0	Gaussian	315.851877	41.280869
233	1	  0.001501	  0.003074	     -1.00	    459.07	    497.96	      2.81	      2.45	     49.25	     42.89	23.17	 6.745e-05	      4.03	0	Gaussian	315.204498	42.544020
234	1	  0.001513	  0.002766	     -1.00	    742.26	    737.93	      2.94	      2.61	     51.45	     45.60	86.12	 8.112e-05	      4.03	0	Gaussian	317.288256	43.351389
235	1	  0.001475	  0.002954	     -1.00	    688.55	     84.38	      2.89	      2.51	     50.54	     43.86	25.30	 3.855e-05	      4.04	0	Gaussian	316.050620	40.424729
236	1	  0.001515	  0.003297	     -1.00	    272.94	     79.24	      2.56	      2.45	     44.73	     42.84	21.19	 6.007e-05	      4.04	0	Gaussian	313.548599	40.784675
237	1	  0.001517	  0.003007	     -1.00	    657.62	    667.88	      2.79	      2.51	     48.77	     43.95	18.15	 5.055e-05	      4.04	0	Gaussian	316.663827	43.122311
238	1	  0.001494	  0.003125	     -1.00	    541.85	    696.28	      2.63	      2.57	     46.12	     45.04	21.59	 1.029e-04	      4.04	0	Gaussian	315.984945	43.371475
239	1	  0.001505	  0.003374	     -1.00	     61.09	     46.65	      2.54	      2.45	     44.44	     42.86	20.60	 4.749e-05	      4.04	0	Gaussian	312.223265	40.809177
240	1	  0.001500	  0.002997	     -1.00	    590.15	    695.56	      2.79	      2.56	     48.76	     44.79	32.72	 5.366e-05	      4.05	0	Gaussian	316.284632	43.318822
241	1	  0.001560	  0.003529	     -1.00	    138.22	    527.75	      2.42	      2.42	     42.38	     42.33	46.11	 3.752e-04	      4.06	0	Gaussian	313.240681	42.975143
242	1	  0.001522	  0.003390	     -1.00	     14.48	    318.05	      2.56	      2.42	     44.73	     42.34	52.64	 1.196e-04	      4.06	0	Gaussian	312.228346	42.106231
243	1	  0.001558	  0.001550	     -1.00	    712.12	    323.38	      4.40	      3.06	     77.10	     53.49	35.02	 6.793e-05	      4.07	0	Gaussian	316.514316	41.493124
244	1	  0.001523	  0.003001	     -1.00	     58.48	    248.05	      2.73	      2.62	     47.81	     45.89	12.68	 9.046e-05	      4.07	0	Gaussian	312.425107	41.745730
245	1	  0.001479	  0.003347	     -1.00	    220.29	    709.23	      2.57	      2.36	     44.98	     41.26	43.29	 6.547e-05	      4.07	0	Gaussian	313.978954	43.740829
246	1	  0.001493	  0.002837	     -1.00	    734.59	    420.98	      2.72	      2.57	     47.65	     45.00	23.41	 4.591e-05	      4.08	0	Gaussian	316.785802	41.915460
247	1	  0.001606	  0.003428	     -1.00	    676.48	    630.44	      2.49	      2.33	     43.66	     40.71	30.67	 3.204e-04	      4.09	0	Gaussian	316.726992	42.931722
248	1	  0.001496	  0.002731	     -1.00	    573.84	    128.96	      2.75	      2.66	     48.06	     46.56	31.89	 5.036e-05	      4.09	0	Gaussian	315.424121	40.740036
249	1	  0.001506	  0.003197	     -1.00	     36.03	    559.88	      2.51	      2.49	     43.90	     43.62	-82.92	 7.803e-05	      4.10	0	Gaussian	312.632837	43.210840
250	1	  0.001506	  0.002809	     -1.00	    594.85	    205.28	      2.75	      2.60	     48.19	     45.58	28.67	 5.169e-05	      4.10	0	Gaussian	315.649462	41.069601
251	1	  0.001546	  0.003084	     -1.00	    641.67	    627.23	      2.63	      2.47	     46.00	     43.28	40.29	 1.096e-04	      4.11	0	Gaussian	316.507809	42.953362
252	1	  0.001533	  0.002749	     -1.00	    630.89	    627.22	      2.77	      2.64	     48.57	     46.15	33.42	 9.806e-05	      4.11	0	Gaussian	316.441276	42.964486
253	1	  0.001538	  0.002980	     -1.00	    636.58	    568.74	      2.71	      2.44	     47.43	     42.71	42.65	 1.709e-04	      4.12	0	Gaussian	316.394487	42.691388
254	1	  0.001501	  0.003044	     -1.00	     65.94	    769.39	      2.59	      2.48	     45.36	     43.33	10.54	 1.316e-04	      4.12	0	Gaussian	313.067000	44.155931
255	1	  0.001517	  0.002940	     -1.00	    496.93	     64.18	      2.58	      2.53	     45.21	     44.29	49.35	 7.105e-05	      4.12	0	Gaussian	314.880955	40.515093
256	1	  0.001503	  0.003011	     -1.00	    158.31	     85.93	      2.59	      2.50	     45.40	     43.74	-77.52	 4.521e-05	      4.13	0	Gaussian	312.859220	40.912418
257	1	  0.001499	  0.002403	     -1.00	    509.90	    400.62	      3.02	      2.77	     52.82	     48.47	27.63	 4.564e-05	      4.13	0	Gaussian	315.389684	42.047868
258	1	  0.001555	  0.003423	     -1.00	    286.41	    413.43	      2.42	      2.31	     42.42	     40.43	20.93	 2.883e-04	      4.14	0	Gaussian	314.028902	42.315886
259	1	  0.001505	  0.003370	     -1.00	    131.28	    660.64	      2.45	      2.34	     42.80	     40.95	6.08	 7.327e-05	      4.14	0	Gaussian	313.354560	43.595959
260	1	  0.001502	  0.002583	     -1.00	    570.53	    504.79	      2.78	      2.66	     48.58	     46.59	72.28	 6.005e-05	      4.14	0	Gaussian	315.900527	42.465816
261	1	  0.001483	  0.002613	     -1.00	    746.16	    440.35	      2.87	      2.61	     50.27	     45.74	26.72	 2.976e-05	      4.15	0	Gaussian	316.883172	41.991747
262	1	  0.001571	  0.003461	     -1.00	     43.44	    734.70	      2.36	      2.30	     41.39	     40.33	7.71	 2.122e-04	      4.15	0	Gaussian	312.881770	44.014694
263	1	  0.001502	  0.002894	     -1.00	    232.82	    406.00	      2.55	      2.55	     44.60	     44.59	24.96	 6.897e-05	      4.15	0	Gaussian	313.687419	42.329391
264	1	  0.001526	  0.002452	     -1.00	    625.07	    659.89	      2.79	      2.71	     48.85	     47.38	68.98	 1.228e-04	      4.17	0	Gaussian	316.451175	43.119740
265	1	  0.001675	  0.003162	     -1.00	    720.90	    792.64	      2.55	      2.37	     44.58	     41.45	21.87	 4.362e-04	      4.17	0	Gaussian	317.236547	43.623432
266	1	  0.001527	  0.002782	     -1.00	    601.40	    453.81	      2.75	      2.42	     48.20	     42.34	48.98	 7.950e-05	      4.17	0	Gaussian	316.020602	42.201473
267	1	  0.001505	  0.002961	     -1.00	     40.75	    275.83	      2.62	      2.43	     45.82	     42.60	20.80	 3.777e-05	      4.17	0	Gaussian	312.345646	41.889024
268	1	  0.001531	  0.002472	     -1.00	    770.26	    597.95	      2.86	      2.65	     50.10	     46.43	85.56	 6.180e-05	      4.18	0	Gaussian	317.255650	42.684193
269	1	  0.001508	  0.002967	     -1.00	     83.02	    492.64	      2.53	      2.43	     44.36	     42.50	23.13	 1.382e-04	      4.18	0	Gaussian	312.852623	42.859712
270	1	  0.001491	  0.002620	     -1.00	    669.32	    553.70	      2.77	      2.60	     48.53	     45.54	47.21	 3.343e-05	      4.18	0	Gaussian	316.574462	42.588905
271	1	  0.001489	  0.002579	     -1.00	    713.73	    165.76	      2.79	      2.62	     48.86	     45.93	27.36	 3.949e-05	      4.18	0	Gaussian	316.309247	40.771617
272	1	  0.001543	  0.002887	     -1.00	    314.80	    642.67	      2.60	      2.50	     45.50	     43.84	58.56	 9.304e-05	      4.19	0	Gaussian	314.492129	43.346733
273	1	  0.001564	  0.001329	     -1.00	    576.70	    492.33	      5.55	      2.44	     97.20	     42.72	-19.11	 3.659e-04	      4.19	0	Gaussian	315.921562	42.402590
274	1	  0.001543	  0.002998	     -1.00	    254.81	    403.30	      2.52	      2.44	     44.13	     42.75	26.98	 1.301e-04	      4.19	0	Gaussian	313.820646	42.297428
275	1	  0.001504	  0.002859	     -1.00	     52.11	     79.76	      2.58	      2.49	     45.19	     43.63	1.83	 1.288e-04	      4.19	0	Gaussian	312.203738	40.969930
276	1	  0.001511	  0.003224	     -1.00	    143.55	    236.33	      2.40	      2.35	     42.03	     41.20	15.69	 1.427e-04	      4.19	0	Gaussian	312.937523	41.621252
277	1	  0.001486	  0.002807	     -1.00	    378.25	    412.85	      2.59	      2.55	     45.40	     44.64	70.00	 3.714e-05	      4.20	0	Gaussian	314.596165	42.229127
278	1	  0.001480	  0.002594	     -1.00	    569.38	    307.73	      2.75	      2.60	     48.05	     45.46	41.72	 2.775e-05	      4.20	0	Gaussian	315.630127	41.563946
279	1	  0.001490	  0.002800	     -1.00	     10.89	    451.81	      2.64	      2.51	     46.12	     43.91	43.52	 2.944e-05	      4.20	0	Gaussian	312.352823	42.730168
280	1	  0.001482	  0.002473	     -1.00	    585.62	    608.12	      2.77	      2.72	     48.40	     47.54	-52.29	 4.587e-05	      4.20	0	Gaussian	316.134912	42.923593
281	1	  0.001565	  0.002678	     -1.00	    477.11	    550.83	      2.64	      2.55	     46.24	     44.62	62.07	 1.884e-04	      4.23	0	Gaussian	315.385778	42.769236
282	1	  0.001492	  0.002788	     -1.00	    157.95	    127.22	      2.55	      2.52	     44.58	     44.15	23.61	 3.263e-05	      4.23	0	Gaussian	312.903116	41.103902
283	1	  0.001519	  0.003073	     -1.00	     52.71	    297.54	      2.47	      2.33	     43.30	     40.84	24.00	 7.801e-05	      4.23	0	Gaussian	312.443745	41.980074
284	1	  0.001482	  0.002369	     -1.00	    717.89	    621.01	      2.71	      2.71	     47.43	     47.42	1.31	 4.151e-05	      4.23	0	Gaussian	316.968125	42.845067
285	1	  0.001506	  0.002465	     -1.00	    545.38	    593.10	      2.78	      2.53	     48.58	     44.36	46.55	 6.352e-05	      4.25	0	Gaussian	315.865384	42.895499
286	1	  0.001487	  0.002569	     -1.00	    463.27	    602.81	      2.64	      2.60	     46.16	     45.46	56.76	 3.418e-05	      4.26	0	Gaussian	315.368839	43.021352
287	1	  0.001598	  0.002747	     -1.00	    671.47	    637.10	      2.74	      2.32	     47.96	     40.55	41.48	 3.684e-04	      4.26	0	Gaussian	316.705538	42.967347
288	1	  0.001497	  0.002706	     -1.00	    120.87	     36.38	      2.59	      2.49	     45.28	     43.55	25.70	 3.479e-05	      4.26	0	Gaussian	312.576548	40.713584
289	1	  0.001479	  0.002460	     -1.00	    385.10	    487.15	      2.73	      2.59	     47.79	     45.29	47.68	 2.481e-05	      4.27	0	Gaussian	314.732718	42.564777
290	1	  0.001515	  0.002488	     -1.00	    622.03	    210.76	      2.63	      2.55	     45.96	     44.55	10.60	 9.808e-05	      4.28	0	Gaussian	315.820141	41.068185
291	1	  0.001500	  0.002752	     -1.00	    139.32	    671.84	      2.49	      2.48	     43.53	     43.47	-29.96	 9.178e-05	      4.28	0	Gaussian	313.419043	43.640693
292	1	  0.001499	  0.002315	     -1.00	    552.64	    549.97	      2.85	      2.58	     49.86	     45.24	42.06	 4.235e-05	      4.28	0	Gaussian	315.851652	42.690642
293	1	  0.001500	  0.002431	     -1.00	    541.50	    182.88	      2.79	      2.42	     48.85	     42.32	36.40	 4.353e-05	      4.29	0	Gaussian	315.299054	41.018223
294	1	  0.001550	  0.002777	     -1.00	    516.74	    522.55	      2.53	      2.34	     44.36	     40.94	29.89	 2.504e-04	      4.29	0	Gaussian	315.593179	42.600627
295	1	  0.001473	  0.002549	     -1.00	     51.89	    779.69	      2.64	      2.53	     46.17	     44.21	48.20	 2.848e-05	      4.30	0	Gaussian	312.988908	44.215721
296	1	  0.001474	  0.002163	     -1.00	    633.99	    289.34	      2.80	      2.70	     48.99	     47.18	11.89	 2.908e-05	      4.31	0	Gaussian	315.996743	41.416130
297	1	  0.001474	  0.002371	     -1.00	    321.95	    528.96	      2.64	      2.62	     46.27	     45.82	39.80	 2.503e-05	      4.31	0	Gaussian	314.392995	42.816249
298	1	  0.001510	  0.002700	     -1.00	     83.45	    509.45	      2.44	      2.43	     42.67	     42.46	3.52	 8.256e-05	      4.31	0	Gaussian	312.874666	42.937255
299	1	  0.001517	  0.000939	     -1.00	    416.97	    345.74	      5.66	      2.98	     99.13	     52.09	-76.44	 6.850e-05	      4.31	0	Gaussian	314.749610	41.884111
300	1	  0.001475	  0.002136	     -1.00	    282.54	    570.33	      2.78	      2.75	     48.61	     48.09	35.33	 3.309e-05	      4.31	0	Gaussian	314.198437	43.043235
301	1	  0.001541	  0.002454	     -1.00	    511.58	    513.90	      2.62	      2.46	     45.84	     42.99	12.65	 2.649e-04	      4.32	0	Gaussian	315.549790	42.566003
302	1	  0.001566	  0.002729	     -1.00	    425.34	    418.56	      2.44	      2.37	     42.78	     41.42	19.51	 2.183e-04	      4.34	0	Gaussian	314.893645	42.211255
303	1	  0.001508	  0.001979	     -1.00	    701.99	    410.21	      3.01	      2.64	     52.69	     46.26	10.88	 9.691e-05	      4.34	0	Gaussian	316.573201	41.900003
304	1	  0.001533	  0.002251	     -1.00	    396.21	    115.95	      2.73	      2.56	     47.82	     44.86	17.93	 8.625e-05	      4.34	0	Gaussian	314.338455	40.845273
305	1	  0.001501	  0.002615	     -1.00	    424.61	    770.60	      2.51	      2.42	     43.86	     42.33	27.13	 4.116e-05	      4.35	0	Gaussian	315.351179	43.829337
306	1	  0.001482	  0.001989	     -1.00	    454.29	    193.72	      2.82	      2.79	     49.31	     48.91	9.75	 3.498e-05	      4.35	0	Gaussian	314.785876	41.150036
307	1	  0.001506	  0.002311	     -1.00	    537.81	     84.29	      2.70	      2.58	     47.34	     45.23	49.44	 6.519e-05	      4.35	0	Gaussian	315.151145	40.569252
308	1	  0.001628	  0.002755	     -1.00	    518.57	    255.72	      2.43	      2.33	     42.57	     40.87	28.26	 4.487e-04	      4.35	0	Gaussian	315.254174	41.374409
309	1	  0.001479	  0.002139	     -1.00	    688.91	    140.47	      2.98	      2.57	     52.09	     45.02	28.51	 3.465e-05	      4.35	0	Gaussian	316.127273	40.680750
310	1	  0.001502	  0.002700	     -1.00	    207.64	    186.34	      2.50	      2.33	     43.70	     40.82	19.32	 5.024e-05	      4.36	0	Gaussian	313.274324	41.335703
311	1	  0.001602	  0.002756	     -1.00	    318.13	    248.94	      2.37	      2.37	     41.44	     41.43	50.72	 4.820e-04	      4.36	0	Gaussian	314.024596	41.528438
312	1	  0.001456	  0.002242	     -1.00	    301.28	    753.12	      2.75	      2.50	     48.06	     43.84	45.67	 3.189e-05	      4.36	0	Gaussian	314.548309	43.867965
313	1	  0.001496	  0.000978	     -1.00	    587.30	     86.12	      5.81	      2.73	    101.66	     47.87	-1.03	 8.763e-05	      4.37	0	Gaussian	315.449537	40.530760
314	1	  0.001501	  0.002467	     -1.00	    530.39	    649.47	      2.58	      2.43	     45.13	     42.48	19.64	 1.009e-04	      4.37	0	Gaussian	315.849264	43.168707
315	1	  0.001513	  0.002402	     -1.00	    313.66	    221.16	      2.60	      2.53	     45.55	     44.36	-50.50	 4.568e-05	      4.37	0	Gaussian	313.963868	41.404213
316	1	  0.001565	  0.002633	     -1.00	    293.56	    407.29	      2.45	      2.37	     42.91	     41.46	2.94	 3.523e-04	      4.38	0	Gaussian	314.065711	42.281130
317	1	  0.001486	  0.002137	     -1.00	    320.21	    140.04	      2.67	      2.67	     46.70	     46.69	-24.62	 3.393e-05	      4.38	0	Gaussian	313.906922	41.024138
318	1	  0.001509	  0.001483	     -1.00	    445.26	    321.43	      3.33	      3.21	     58.24	     56.23	-2.33	 7.166e-05	      4.38	0	Gaussian	314.892011	41.745785
319	1	  0.001608	  0.002755	     -1.00	    127.67	    235.92	      2.39	      2.35	     41.91	     41.18	44.76	 3.388e-04	      4.38	0	Gaussian	312.839186	41.632611
320	1	  0.001508	  0.002587	     -1.00	     12.79	    512.53	      2.54	      2.32	     44.45	     40.58	17.87	 8.209e-05	      4.39	0	Gaussian	312.432416	43.010412
321	1	  0.001478	  0.002088	     -1.00	    257.61	    160.08	      2.79	      2.63	     48.90	     46.12	-27.91	 3.206e-05	      4.39	0	Gaussian	313.549414	41.171354
322	1	  0.001534	  0.002003	     -1.00	    731.30	     33.58	      3.02	      2.62	     52.79	     45.84	13.23	 1.360e-04	      4.39	0	Gaussian	316.236559	40.150513
323	1	  0.001539	  0.001889	     -1.00	    147.21	    247.83	      2.99	      2.71	     52.27	     47.42	-12.55	 2.483e-04	      4.39	0	Gaussian	312.973179	41.671443
324	1	  0.001589	  0.001969	     -1.00	    670.22	    306.63	      2.86	      2.68	     50.03	     46.84	-3.64	 4.092e-04	      4.40	0	Gaussian	316.238771	41.459012
325	1	  0.001487	  0.001750	     -1.00	    467.42	    703.98	      3.07	      2.81	     53.68	     49.27	38.74	 4.714e-05	      4.41	0	Gaussian	315.530394	43.481433
326	1	  0.001492	  0.002228	     -1.00	     64.39	    748.96	      2.65	      2.54	     46.47	     44.51	-22.42	 3.569e-05	      4.41	0	Gaussian	313.032872	44.062744
327	1	  0.001515	  0.002194	     -1.00	    373.99	    242.01	      2.64	      2.49	     46.25	     43.57	74.62	 5.445e-05	      4.42	0	Gaussian	314.357528	41.446094
328	1	  0.001485	  0.001779	     -1.00	    571.52	     75.36	      3.15	      2.68	     55.07	     46.89	1.96	 4.395e-05	      4.42	0	Gaussian	315.341502	40.496461
329	1	  0.001512	  0.001809	     -1.00	    713.70	    227.18	      3.24	      2.55	     56.63	     44.59	17.10	 4.063e-05	      4.42	0	Gaussian	316.392190	41.052209
330	1	  0.001563	  0.002554	     -1.00	     91.88	      5.18	      2.41	      2.37	     42.16	     41.44	-72.66	 1.034e-04	      4.43	0	Gaussian	312.366424	40.592288
331	1	  0.001499	  0.002141	     -1.00	    355.29	    555.10	      2.75	      2.41	     48.19	     42.16	-51.12	 6.606e-05	      4.43	0	Gaussian	314.634025	42.905537
332	1	  0.001492	  0.002370	     -1.00	    276.38	    759.40	      2.56	      2.39	     44.79	     41.91	10.07	 1.025e-04	      4.43	0	Gaussian	314.398401	43.920296
333	1	  0.001489	  0.002151	     -1.00	    252.84	    611.11	      2.57	      2.57	     45.01	     45.01	9.37	 6.088e-05	      4.43	0	Gaussian	314.062665	43.258478
334	1	  0.001483	  0.002260	     -1.00	    125.95	    392.18	      2.60	      2.46	     45.47	     43.00	14.20	 2.454e-05	      4.43	0	Gaussian	313.006120	42.357961
335	1	  0.001493	  0.001269	     -1.00	    298.59	    483.21	      3.43	      3.27	     60.01	     57.17	-53.90	 8.110e-05	      4.44	0	Gaussian	314.190339	42.626794
336	1	  0.001517	  0.002266	     -1.00	    299.94	    245.16	      2.57	      2.47	     44.90	     43.15	27.24	 1.063e-04	      4.44	0	Gaussian	313.908744	41.527172
337	1	  0.001510	  0.002179	     -1.00	    499.87	    435.87	      2.72	      2.44	     47.54	     42.69	3.11	 8.191e-05	      4.45	0	Gaussian	315.374447	42.219412
338	1	  0.001506	  0.001848	     -1.00	    677.66	    468.37	      2.98	      2.70	     52.18	     47.26	19.52	 7.228e-05	      4.45	0	Gaussian	316.506159	42.190589
339	1	  0.001588	  0.002112	     -1.00	    379.73	    564.13	      2.65	      2.65	     46.46	     46.30	-10.85	 1.730e-04	      4.45	0	Gaussian	314.797993	42.924091
340	1	  0.001489	  0.001870	     -1.00	    729.98	    508.19	      2.86	      2.74	     50.09	     47.87	31.77	 3.582e-05	      4.45	0	Gaussian	316.880934	42.317989
341	1	  0.001501	  0.002384	     -1.00	    525.57	     54.64	      2.55	      2.35	     44.64	     41.10	29.38	 5.308e-05	      4.46	0	Gaussian	315.040541	40.444647
342	1	  0.001481	  0.001719	     -1.00	    594.72	     20.06	      2.86	      2.86	     50.04	     50.02	54.65	 2.575e-05	      4.48	0	Gaussian	315.409197	40.220961
343	1	  0.001507	  0.002470	     -1.00	     13.60	     15.40	      2.44	      2.33	     42.69	     40.85	13.58	 4.052e-05	      4.48	0	Gaussian	311.900427	40.701403
344	1	  0.001513	  0.001821	     -1.00	    633.89	    449.68	      2.91	      2.72	     50.89	     47.62	24.72	 3.617e-05	      4.48	0	Gaussian	316.213441	42.149828
345	1	  0.001493	  0.001646	     -1.00	    783.64	    372.25	      3.02	      2.90	     52.81	     50.80	27.17	 7.356e-05	      4.49	0	Gaussian	317.013294	41.642173
346	1	  0.001492	  0.001897	     -1.00	    585.15	    574.17	      2.81	      2.69	     49.16	     47.02	4.45	 5.836e-05	      4.49	0	Gaussian	316.085270	42.768709
347	1	  0.001532	  0.002315	     -1.00	     93.77	    767.38	      2.52	      2.38	     44.02	     41.66	-1.45	 1.355e-04	      4.49	0	Gaussian	313.243085	44.122442
348	1	  0.001497	  0.001717	     -1.00	    686.39	    524.39	      2.95	      2.81	     51.65	     49.13	5.72	 5.744e-05	      4.49	0	Gaussian	316.637814	42.437370
349	1	  0.001472	  0.002319	     -1.00	    158.69	    732.43	      2.52	      2.37	     44.18	     41.44	10.06	 3.680e-05	      4.50	0	Gaussian	313.615827	43.903522
350	1	  0.001475	  0.002045	     -1.00	    186.03	    555.81	      2.56	      2.51	     44.76	     43.85	-2.07	 3.163e-05	      4.51	0	Gaussian	313.574773	43.063104
351	1	  0.001515	  0.001570	     -1.00	    759.64	     30.89	      3.31	      2.81	     57.92	     49.26	-2.24	 5.562e-05	      4.51	0	Gaussian	316.400291	40.110126
352	1	  0.001488	  0.001915	     -1.00	    173.12	    628.37	      2.70	      2.68	     47.22	     46.93	87.24	 4.666e-05	      4.51	0	Gaussian	313.580881	43.409893
353	1	  0.001484	  0.001572	     -1.00	    522.69	    161.85	      3.03	      2.92	     53.06	     51.06	26.16	 3.330e-05	      4.53	0	Gaussian	315.158843	40.939534
354	1	  0.001495	  0.001548	     -1.00	    621.57	    357.16	      3.10	      2.85	     54.30	     49.94	54.44	 2.996e-05	      4.53	0	Gaussian	316.012718	41.738881
355	1	  0.001478	  0.001773	     -1.00	    558.81	    650.18	      2.82	      2.73	     49.36	     47.73	24.07	 3.145e-05	      4.53	0	Gaussian	316.026845	43.143263
356	1	  0.001551	  0.001689	     -1.00	    794.06	    458.64	      3.12	      2.67	     54.62	     46.72	0.68	 7.635e-05	      4.54	0	Gaussian	317.199237	42.024624
357	1	  0.001528	  0.002171	     -1.00	    387.39	    765.71	      2.49	      2.43	     43.66	     42.52	16.82	 5.470e-05	      4.54	0	Gaussian	315.109717	43.843372
358	1	  0.001512	  0.001405	     -1.00	    547.69	    686.42	      3.06	      3.06	     53.56	     53.52	-33.33	 1.980e-04	      4.56	0	Gaussian	316.007741	43.320439
359	1	  0.001560	  0.002351	     -1.00	    345.32	    583.55	      2.40	      2.30	     42.02	     40.31	27.20	 2.532e-04	      4.56	0	Gaussian	314.608070	43.045882
360	1	  0.001475	  0.001489	     -1.00	    499.43	    114.11	      3.05	      2.96	     53.42	     51.87	51.75	 3.118e-05	      4.56	0	Gaussian	314.958426	40.742113
361	1	  0.001482	  0.001812	     -1.00	    280.33	    692.13	      2.73	      2.63	     47.74	     46.12	-71.76	 9.819e-05	      4.58	0	Gaussian	314.337684	43.606732
362	1	  0.001536	  0.001989	     -1.00	    578.22	    397.38	      2.58	      2.47	     45.19	     43.20	41.09	 5.840e-05	      4.58	0	Gaussian	315.802942	41.966151
363	1	  0.001471	  0.001810	     -1.00	    289.70	    605.11	      2.73	      2.65	     47.76	     46.41	67.32	 3.867e-05	      4.58	0	Gaussian	314.286853	43.196988
364	1	  0.001519	  0.001606	     -1.00	    696.08	    717.53	      2.98	      2.78	     52.17	     48.65	40.05	 6.166e-05	      4.58	0	Gaussian	316.972969	43.308076
365	1	  0.001478	  0.001966	     -1.00	    462.77	    716.53	      2.65	      2.44	     46.30	     42.70	27.69	 4.160e-05	      4.58	0	Gaussian	315.518216	43.543574
366	1	  0.001520	  0.001666	     -1.00	    353.57	    753.96	      2.88	      2.70	     50.33	     47.26	-23.65	 3.210e-05	      4.59	0	Gaussian	314.880475	43.822050
367	1	  0.001473	  0.000798	     -1.00	     83.22	    189.12	      4.97	      3.21	     87.06	     56.23	38.96	 5.106e-05	      4.59	0	Gaussian	312.513206	41.452272
368	1	  0.001519	  0.001597	     -1.00	    724.12	    725.61	      2.95	      2.78	     51.65	     48.72	40.27	 5.367e-05	      4.59	0	Gaussian	317.158119	43.314908
369	1	  0.001551	  0.001646	     -1.00	    561.13	    324.87	      2.84	      2.79	     49.65	     48.78	74.02	 2.041e-04	      4.59	0	Gaussian	315.602612	41.650584
370	1	  0.001552	  0.000920	     -1.00	    760.53	    792.37	      4.92	      2.72	     86.14	     47.57	5.82	 8.317e-05	      4.59	0	Gaussian	317.481897	43.579052
371	1	  0.001498	  0.001598	     -1.00	    391.82	     37.19	      2.82	      2.80	     49.40	     49.09	63.53	 4.178e-05	      4.60	0	Gaussian	314.216860	40.486472
372	1	  0.001501	  0.001541	     -1.00	    297.11	     64.21	      2.91	      2.81	     51.00	     49.23	32.42	 4.766e-05	      4.61	0	Gaussian	313.677507	40.694404
373	1	  0.001482	  0.001523	     -1.00	    631.73	    251.60	      3.04	      2.78	     53.18	     48.64	23.44	 3.555e-05	      4.61	0	Gaussian	315.932673	41.245626
374	1	  0.001509	  0.001123	     -1.00	    431.06	     31.17	      3.73	      3.20	     65.28	     56.09	78.09	 9.147e-05	      4.61	0	Gaussian	314.445342	40.423539
375	1	  0.001477	  0.001766	     -1.00	    143.19	    480.87	      2.71	      2.65	     47.44	     46.46	56.39	 2.303e-05	      4.61	0	Gaussian	313.216851	42.753870
376	1	  0.001502	  0.001532	     -1.00	    692.14	    455.56	      3.12	      2.69	     54.68	     47.07	16.01	 3.225e-05	      4.61	0	Gaussian	316.576513	42.117188
377	1	  0.001509	  0.001488	     -1.00	    637.50	    353.96	      3.04	      2.80	     53.20	     49.02	12.15	 5.642e-05	      4.62	0	Gaussian	316.105045	41.708328
378	1	  0.001511	  0.001621	     -1.00	    599.90	    777.20	      2.84	      2.74	     49.67	     47.95	28.94	 5.542e-05	      4.62	0	Gaussian	316.460591	43.681700
379	1	  0.001528	  0.001920	     -1.00	     15.97	    293.17	      2.54	      2.45	     44.47	     42.93	-20.71	 1.481e-04	      4.62	0	Gaussian	312.210561	41.989501
380	1	  0.001517	  0.001394	     -1.00	    656.82	    630.20	      3.12	      2.96	     54.60	     51.77	-25.43	 8.924e-05	      4.62	0	Gaussian	316.605447	42.951155
381	1	  0.001457	  0.001557	     -1.00	    553.16	    740.22	      2.91	      2.77	     50.92	     48.52	21.63	 4.096e-05	      4.63	0	Gaussian	316.116493	43.561011
382	1	  0.001528	  0.001888	     -1.00	    160.59	    333.77	      2.55	      2.50	     44.70	     43.70	21.69	 1.672e-04	      4.63	0	Gaussian	313.154223	42.058064
383	1	  0.001502	  0.001696	     -1.00	     14.07	    746.99	      2.72	      2.66	     47.54	     46.56	21.29	 4.261e-05	      4.64	0	Gaussian	312.707620	44.096562
384	1	  0.001500	  0.001405	     -1.00	    620.48	     85.85	      3.11	      2.87	     54.49	     50.18	-5.42	 4.203e-05	      4.64	0	Gaussian	315.647297	40.497692
385	1	  0.001485	  0.001562	     -1.00	    146.05	    500.02	      2.79	      2.71	     48.85	     47.46	33.67	 4.026e-05	      4.66	0	Gaussian	313.257212	42.840020
386	1	  0.001514	  0.001844	     -1.00	    223.42	    455.26	      2.56	      2.48	     44.82	     43.48	16.94	 4.887e-05	      4.66	0	Gaussian	313.688002	42.565341
387	1	  0.001506	  0.001956	     -1.00	     29.59	    140.59	      2.51	      2.40	     44.01	     42.06	31.28	 6.276e-05	      4.66	0	Gaussian	312.130498	41.270130
388	1	  0.001505	  0.001938	     -1.00	    113.70	    434.39	      2.54	      2.40	     44.39	     41.97	1.09	 5.373e-05	      4.67	0	Gaussian	312.978211	42.563884
389	1	  0.001547	  0.001805	     -1.00	     24.87	    300.88	      2.59	      2.52	     45.37	     44.07	16.73	 1.893e-04	      4.67	0	Gaussian	312.274319	42.018132
390	1	  0.001536	  0.001874	     -1.00	    198.85	    262.99	      2.50	      2.49	     43.75	     43.59	-18.25	 1.678e-04	      4.68	0	Gaussian	313.308799	41.697774
391	1	  0.001483	  0.000549	     -1.00	    345.13	    221.94	      6.17	      3.38	    108.01	     59.22	-62.86	 3.222e-05	      4.69	0	Gaussian	314.156955	41.379727
392	1	  0.001497	  0.001812	     -1.00	    143.67	    185.82	      2.55	      2.49	     44.71	     43.66	47.37	 8.930e-05	      4.69	0	Gaussian	312.881375	41.387180
393	1	  0.001502	  0.001751	     -1.00	     40.66	    351.32	      2.64	      2.47	     46.17	     43.32	18.74	 4.982e-05	      4.69	0	Gaussian	312.428082	42.239461
394	1	  0.001565	  0.001499	     -1.00	    759.63	     60.93	      3.01	      2.64	     52.75	     46.26	-11.07	 2.155e-04	      4.69	0	Gaussian	316.440565	40.247158
395	1	  0.001494	  0.001696	     -1.00	    632.51	    741.69	      2.67	      2.51	     46.69	     43.90	32.81	 5.015e-05	      4.70	0	Gaussian	316.613286	43.485502
396	1	  0.001483	  0.001706	     -1.00	    126.96	    478.72	      2.66	      2.53	     46.56	     44.34	37.02	 5.954e-05	      4.71	0	Gaussian	313.112575	42.757889
397	1	  0.001549	  0.001896	     -1.00	     89.51	    397.54	      2.47	      2.37	     43.26	     41.57	13.30	 1.138e-04	      4.72	0	Gaussian	312.784820	42.413466
398	1	  0.001528	  0.001603	     -1.00	    398.15	    609.92	      2.58	      2.55	     45.20	     44.63	56.27	 7.334e-05	      4.72	0	Gaussian	314.972249	43.117122
399	1	  0.001494	  0.000562	     -1.00	    445.26	    140.00	      6.41	      3.18	    112.18	     55.71	-39.78	 7.416e-05	      4.72	0	Gaussian	314.664351	40.911280
400	1	  0.001554	  0.001692	     -1.00	    645.67	    566.31	      2.63	      2.45	     46.03	     42.91	22.77	 2.794e-04	      4.73	0	Gaussian	316.446991	42.670952
401	1	  0.001498	  0.001418	     -1.00	    121.43	    419.04	      2.87	      2.63	     50.17	     46.11	-63.59	 4.309e-05	      4.73	0	Gaussian	313.008819	42.486203
402	1	  0.001476	  0.001356	     -1.00	    399.10	    415.14	      2.88	      2.87	     50.32	     50.19	22.36	 2.556e-05	      4.73	0	Gaussian	314.727615	42.220234
403	1	  0.001503	  0.001463	     -1.00	    350.12	    125.77	      2.97	      2.63	     51.96	     46.04	41.33	 3.871e-05	      4.73	0	Gaussian	314.071382	40.931841
404	1	  0.001480	  0.001652	     -1.00	    469.30	    767.52	      2.66	      2.49	     46.57	     43.57	30.51	 4.420e-05	      4.74	0	Gaussian	315.628451	43.770812
405	1	  0.001495	  0.001801	     -1.00	    221.55	    303.76	      2.52	      2.44	     44.05	     42.72	23.80	 5.038e-05	      4.74	0	Gaussian	313.496348	41.866741
406	1	  0.001561	  0.001726	     -1.00	    555.32	    319.66	      2.59	      2.37	     45.34	     41.54	28.69	 1.961e-04	      4.75	0	Gaussian	315.560476	41.632358
407	1	  0.001458	  0.001593	     -1.00	    513.28	    728.39	      2.71	      2.49	     47.41	     43.64	33.31	 3.685e-05	      4.76	0	Gaussian	315.850762	43.547370
408	1	  0.001480	  0.000988	     -1.00	    785.53	    275.61	      3.60	      2.90	     62.99	     50.75	-61.96	 3.808e-05	      4.77	0	Gaussian	316.888914	41.199825
409	1	  0.001490	  0.001440	     -1.00	    387.08	    393.87	      2.79	      2.72	     48.84	     47.61	15.26	 2.952e-05	      4.77	0	Gaussian	314.626648	42.133521
410	1	  0.001537	  0.001764	     -1.00	     48.40	     17.30	      2.49	      2.42	     43.62	     42.33	20.36	 9.258e-05	      4.77	0	Gaussian	312.114677	40.683015
411	1	  0.001519	  0.001228	     -1.00	    692.14	    176.73	      3.17	      2.87	     55.53	     50.22	-6.80	 5.790e-05	      4.78	0	Gaussian	316.195127	40.843291
412	1	  0.001536	  0.001140	     -1.00	    694.08	    672.65	      3.65	      2.59	     63.82	     45.26	7.23	 2.447e-04	      4.78	0	Gaussian	316.895825	43.105673
413	1	  0.001465	  0.001612	     -1.00	    223.42	    731.14	      2.54	      2.54	     44.45	     44.38	20.93	 3.744e-05	      4.78	0	Gaussian	314.026174	43.839046
414	1	  0.001495	  0.001686	     -1.00	     64.64	    649.49	      2.57	      2.43	     44.99	     42.60	6.98	 3.173e-05	      4.79	0	Gaussian	312.917682	43.602008
415	1	  0.001485	  0.001560	     -1.00	    505.84	    213.56	      2.71	      2.43	     47.44	     42.61	31.09	 4.245e-05	      4.79	0	Gaussian	315.122983	41.192916
416	1	  0.001489	  0.001669	     -1.00	    358.42	    137.54	      2.57	      2.46	     45.00	     43.05	27.50	 3.303e-05	      4.79	0	Gaussian	314.135805	40.978710
417	1	  0.001481	  0.001290	     -1.00	     80.27	    610.08	      2.95	      2.66	     51.70	     46.49	-63.48	 3.072e-05	      4.80	0	Gaussian	312.971035	43.406103
418	1	  0.001560	  0.001611	     -1.00	    716.41	    346.72	      2.63	      2.39	     46.05	     41.86	38.59	 1.328e-04	      4.80	0	Gaussian	316.572406	41.595292
419	1	  0.001518	  0.001680	     -1.00	    311.17	    484.53	      2.58	      2.38	     45.19	     41.74	22.23	 2.213e-04	      4.80	0	Gaussian	314.270309	42.621364
420	1	  0.001498	  0.001521	     -1.00	    462.65	    401.50	      2.66	      2.54	     46.59	     44.48	30.34	 3.755e-05	      4.80	0	Gaussian	315.101112	42.097372
421	1	  0.001488	  0.001135	     -1.00	    639.56	    663.09	      3.22	      2.91	     56.44	     50.93	6.86	 3.746e-05	      4.81	0	Gaussian	316.545382	43.119306
422	1	  0.001491	  0.001525	     -1.00	    470.31	    242.74	      2.67	      2.52	     46.70	     44.09	22.84	 4.191e-05	      4.81	0	Gaussian	314.944732	41.360465
423	1	  0.001493	  0.001395	     -1.00	     25.74	    154.13	      2.75	      2.74	     48.05	     47.99	62.55	 2.947e-05	      4.81	0	Gaussian	312.121236	41.336076
424	1	  0.001525	  0.001675	     -1.00	    456.42	     58.52	      2.55	      2.40	     44.64	     41.95	27.61	 2.052e-04	      4.81	0	Gaussian	314.630949	40.526299
425	1	  0.001501	  0.001497	     -1.00	    120.91	    362.94	      2.64	      2.61	     46.21	     45.67	21.49	 7.837e-05	      4.82	0	Gaussian	312.941240	42.226773
426	1	  0.001500	  0.001196	     -1.00	    550.64	    380.12	      3.06	      2.87	     53.64	     50.30	-31.24	 3.762e-05	      4.82	0	Gaussian	315.611700	41.914166
427	1	  0.001512	  0.001425	     -1.00	     18.01	    689.22	      2.71	      2.63	     47.36	     46.11	33.74	 4.640e-05	      4.82	0	Gaussian	312.666165	43.825561
428	1	  0.001554	  0.001359	     -1.00	    708.86	    578.36	      3.02	      2.59	     52.84	     45.26	11.04	 2.537e-04	      4.83	0	Gaussian	316.851717	42.660142
429	1	  0.001488	  0.000605	     -1.00	    733.13	    488.14	      4.79	      3.56	     83.84	     62.25	-44.90	 3.719e-05	      4.83	0	Gaussian	316.871696	42.223273
430	1	  0.001548	  0.001676	     -1.00	    219.43	    468.41	      2.49	      2.41	     43.59	     42.26	24.89	 9.133e-05	      4.83	0	Gaussian	313.678930	42.629608
431	1	  0.001514	  0.001602	     -1.00	     25.05	    558.03	      2.54	      2.51	     44.48	     43.95	33.72	 1.166e-04	      4.83	0	Gaussian	312.561224	43.211388
432	1	  0.001497	  0.001546	     -1.00	    196.15	    410.65	      2.68	      2.36	     46.98	     41.32	20.46	 5.983e-05	      4.83	0	Gaussian	313.464951	42.383111
433	1	  0.001536	  0.000673	     -1.00	    756.97	    677.03	      5.42	      2.90	     94.89	     50.81	-2.27	 7.983e-05	      4.83	0	Gaussian	317.289552	43.058413
434	1	  0.001502	  0.001518	     -1.00	    103.60	    307.29	      2.67	      2.42	     46.79	     42.42	30.13	 7.040e-05	      4.84	0	Gaussian	312.770561	41.983386
435	1	  0.001491	  0.001281	     -1.00	    425.87	     18.87	      2.82	      2.79	     49.37	     48.88	23.35	 5.614e-05	      4.84	0	Gaussian	314.399302	40.371614
436	1	  0.001515	  0.001324	     -1.00	    655.21	    522.95	      2.91	      2.67	     50.99	     46.72	10.63	 1.078e-04	      4.85	0	Gaussian	316.445004	42.462994
437	1	  0.001485	  0.001259	     -1.00	    544.59	    647.08	      2.92	      2.73	     51.16	     47.82	-0.45	 5.565e-05	      4.85	0	Gaussian	315.934258	43.143479
438	1	  0.001524	  0.001285	     -1.00	    347.72	    784.04	      2.83	      2.82	     49.54	     49.27	-12.15	 2.497e-05	      4.85	0	Gaussian	314.882940	43.965954
439	1	  0.001539	  0.001243	     -1.00	    309.02	    663.87	      2.87	      2.60	     50.30	     45.58	3.24	 3.902e-05	      4.86	0	Gaussian	314.482760	43.449804
440	1	  0.001497	  0.001028	     -1.00	    549.52	    407.08	      3.54	      2.73	     61.98	     47.82	0.70	 2.887e-05	      4.86	0	Gaussian	315.640639	42.038883
441	1	  0.001493	  0.001495	     -1.00	     71.39	    519.78	      2.59	      2.53	     45.41	     44.27	10.04	 4.615e-05	      4.86	0	Gaussian	312.810527	42.995304
442	1	  0.001505	  0.001114	     -1.00	    783.22	    421.31	      3.30	      2.82	     57.78	     49.32	-3.24	 3.740e-05	      4.87	0	Gaussian	317.080393	41.866098
443	1	  0.001485	  0.001167	     -1.00	    518.26	    503.00	      2.91	      2.89	     50.98	     50.56	-30.39	 9.496e-05	      4.87	0	Gaussian	315.576431	42.509479
444	1	  0.001480	  0.001326	     -1.00	    115.82	    169.01	      2.65	      2.61	     46.43	     45.72	-57.46	 5.371e-05	      4.87	0	Gaussian	312.691499	41.332332
445	1	  0.001488	  0.001394	     -1.00	    365.81	     25.65	      2.75	      2.50	     48.10	     43.74	43.74	 4.381e-05	      4.87	0	Gaussian	314.046642	40.456414
446	1	  0.001502	  0.001099	     -1.00	      9.34	    470.05	      2.97	      2.95	     52.00	     51.64	-6.38	 3.919e-05	      4.87	0	Gaussian	312.363263	42.816083
447	1	  0.001502	  0.001233	     -1.00	    218.53	    167.05	      2.96	      2.67	     51.88	     46.70	22.24	 5.797e-05	      4.88	0	Gaussian	313.318758	41.237181
448	1	  0.001476	  0.001209	     -1.00	    136.35	    313.00	      2.98	      2.57	     52.21	     44.94	71.20	 2.748e-05	      4.88	0	Gaussian	312.980131	41.982432
449	1	  0.001553	  0.001022	     -1.00	    370.64	    770.27	      3.47	      2.52	     60.78	     44.14	-8.59	 5.245e-05	      4.88	0	Gaussian	315.009900	43.880532
450	1	  0.001521	  0.001153	     -1.00	    735.60	    359.41	      3.25	      2.67	     56.84	     46.70	4.34	 4.840e-05	      4.89	0	Gaussian	316.705827	41.633522
451	1	  0.001554	  0.001454	     -1.00	    484.80	    559.01	      2.51	      2.51	     43.97	     43.85	-33.61	 2.671e-04	      4.90	0	Gaussian	315.444279	42.799284
452	1	  0.001502	  0.001295	     -1.00	    359.01	    335.99	      2.66	      2.66	     46.55	     46.49	-36.84	 6.850e-05	      4.90	0	Gaussian	314.381683	41.892819
453	1	  0.001497	  0.001406	     -1.00	    256.75	    693.26	      2.66	      2.54	     46.48	     44.47	-12.07	 1.617e-04	      4.90	0	Gaussian	314.190050	43.633761
454	1	  0.001486	  0.001148	     -1.00	    559.05	    137.10	      2.87	      2.85	     50.17	     49.83	18.83	 3.065e-05	      4.90	0	Gaussian	315.345816	40.791446
455	1	  0.001491	  0.001129	     -1.00	    732.63	    102.18	      3.19	      2.76	     55.78	     48.25	3.82	 1.161e-04	      4.91	0	Gaussian	316.336125	40.462391
456	1	  0.001477	  0.000974	     -1.00	    753.16	    544.57	      3.35	      3.06	     58.69	     53.47	5.70	 3.294e-05	      4.91	0	Gaussian	317.074140	42.459386
457	1	  0.001467	  0.001341	     -1.00	    525.71	    679.56	      2.75	      2.53	     48.06	     44.28	27.38	 3.722e-05	      4.91	0	Gaussian	315.861359	43.311234
458	1	  0.001536	  0.001300	     -1.00	    583.74	    588.44	      2.75	      2.52	     48.19	     44.11	2.03	 1.408e-04	      4.91	0	Gaussian	316.096177	42.835438
459	1	  0.001487	  0.000962	     -1.00	    625.21	    770.84	      3.16	      3.15	     55.26	     55.22	-68.60	 5.600e-05	      4.92	0	Gaussian	316.609465	43.626156
460	1	  0.001504	  0.001216	     -1.00	    663.04	     59.66	      2.99	      2.66	     52.31	     46.57	2.86	 1.250e-04	      4.93	0	Gaussian	315.866506	40.336633
461	1	  0.001526	  0.001325	     -1.00	    634.47	    130.54	      2.72	      2.45	     47.66	     42.85	30.94	 7.325e-05	      4.94	0	Gaussian	315.789140	40.688784
462	1	  0.001488	  0.000900	     -1.00	    757.49	     17.44	      3.50	      3.07	     61.35	     53.73	-21.26	 3.931e-05	      4.94	0	Gaussian	316.369559	40.050881
463	1	  0.001585	  0.001591	     -1.00	    123.22	    189.71	      2.46	      2.32	     43.00	     40.62	1.29	 5.634e-04	      4.94	0	Gaussian	312.760023	41.422163
464	1	  0.001521	  0.000936	     -1.00	    377.29	     12.90	      3.02	      2.94	     52.88	     51.37	20.97	 5.982e-05	      4.96	0	Gaussian	314.100505	40.387499
465	1	  0.001536	  0.001266	     -1.00	    595.70	    380.36	      2.74	      2.49	     47.93	     43.51	6.18	 4.927e-05	      4.96	0	Gaussian	315.886676	41.870854
466	1	  0.001510	  0.000268	     -1.00	     47.63	    664.79	      9.81	      3.37	    171.72	     58.98	33.70	 3.313e-05	      4.96	0	Gaussian	312.827089	43.687321
467	1	  0.001474	  0.000638	     -1.00	     88.39	    793.83	      4.60	      3.08	     80.49	     53.90	22.41	 2.002e-05	      4.97	0	Gaussian	313.240351	44.249442
468	1	  0.001531	  0.001246	     -1.00	    583.67	    355.45	      2.73	      2.52	     47.74	     44.09	33.12	 4.413e-05	      4.97	0	Gaussian	315.780189	41.768647
469	1	  0.001510	  0.000855	     -1.00	    764.37	    695.92	      3.36	      3.12	     58.79	     54.66	9.80	 5.371e-05	      4.97	0	Gaussian	317.362821	43.136346
470	1	  0.001480	  0.000986	     -1.00	    624.06	    713.28	      3.29	      2.81	     57.50	     49.24	2.81	 3.142e-05	      4.98	0	Gaussian	316.520350	43.364638
471	1	  0.001479	  0.000331	     -1.00	     24.55	    117.34	      8.47	      3.17	    148.20	     55.53	-0.34	 4.424e-05	      4.98	0	Gaussian	312.074728	41.166159
472	1	  0.001507	  0.000431	     -1.00	    502.13	    426.52	      7.03	      2.81	    123.03	     49.15	-2.48	 1.298e-04	      4.99	0	Gaussian	315.376067	42.174320
473	1	  0.001474	  0.000847	     -1.00	    661.04	     87.00	      3.41	      3.09	     59.77	     54.03	14.37	 3.998e-05	      4.99	0	Gaussian	315.890456	40.463627
474	1	  0.001508	  0.001151	     -1.00	    564.65	    595.30	      2.82	      2.56	     49.39	     44.81	20.80	 7.706e-05	      5.00	0	Gaussian	315.987643	42.886174
475	1	  0.001483	  0.001020	     -1.00	    154.73	    392.02	      2.95	      2.94	     51.64	     51.41	73.22	 4.124e-05	      5.00	0	Gaussian	313.185282	42.332717
476	1	  0.001470	  0.000832	     -1.00	    480.43	    704.95	      3.55	      3.17	     62.10	     55.51	-10.10	 3.752e-05	      5.01	0	Gaussian	315.613161	43.472921
477	1	  0.001503	  0.000439	     -1.00	    615.46	    737.00	      5.87	      3.44	    102.73	     60.15	-48.67	 1.626e-04	      5.01	0	Gaussian	316.500534	43.481884
478	1	  0.001517	  0.000507	     -1.00	    660.95	    485.42	      5.71	      2.98	     99.99	     52.08	-21.44	 5.438e-05	      5.03	0	Gaussian	316.427907	42.285616
479	1	  0.001525	  0.000773	     -1.00	    158.64	    187.53	      4.25	      2.54	     74.42	     44.41	2.67	 1.214e-04	      5.03	0	Gaussian	312.975225	41.382589
480	1	  0.001516	  0.000959	     -1.00	    733.80	    654.53	      3.26	      2.86	     57.04	     50.14	-9.98	 8.170e-05	      5.03	0	Gaussian	317.114328	42.980860
481	1	  0.001543	  0.001238	     -1.00	    205.66	    255.22	      2.63	      2.52	     46.04	     44.12	1.87	 2.014e-04	      5.04	0	Gaussian	313.341737	41.655964
482	1	  0.001523	  0.001177	     -1.00	    247.33	    462.87	      2.68	      2.60	     46.89	     45.58	6.18	 4.888e-05	      5.04	0	Gaussian	313.846193	42.579215
483	1	  0.001456	  0.000358	     -1.00	    155.13	    670.99	      8.14	      2.67	    142.44	     46.78	-36.45	 2.852e-05	      5.04	0	Gaussian	313.518458	43.622792
484	1	  0.001508	  0.001171	     -1.00	    161.72	    426.78	      2.68	      2.61	     46.82	     45.60	44.42	 4.548e-05	      5.05	0	Gaussian	313.269394	42.487546
485	1	  0.001530	  0.001136	     -1.00	    521.37	    292.65	      2.73	      2.56	     47.78	     44.78	54.56	 7.832e-05	      5.05	0	Gaussian	315.318898	41.541244
486	1	  0.001535	  0.001362	     -1.00	    252.97	    583.01	      2.39	      2.38	     41.89	     41.62	36.49	 1.597e-04	      5.05	0	Gaussian	314.028639	43.128731
487	1	  0.001500	  0.001115	     -1.00	    328.66	    168.11	      2.75	      2.65	     48.06	     46.32	8.44	 4.281e-05	      5.05	0	Gaussian	313.991765	41.146173
488	1	  0.001499	  0.000461	     -1.00	    720.02	    748.63	      5.51	      3.22	     96.46	     56.29	89.07	 8.492e-05	      5.07	0	Gaussian	317.166410	43.424113
489	1	  0.001487	  0.000806	     -1.00	    195.95	    172.10	      3.38	      3.06	     59.13	     53.47	-1.03	 3.823e-05	      5.07	0	Gaussian	313.186427	41.279734
490	1	  0.001510	  0.001148	     -1.00	     52.08	    111.32	      2.79	      2.37	     48.75	     41.52	37.28	 1.895e-04	      5.07	0	Gaussian	312.237322	41.116410
491	1	  0.001560	  0.000991	     -1.00	    739.31	     25.36	      3.16	      2.72	     55.36	     47.63	-2.79	 2.101e-04	      5.07	0	Gaussian	316.272907	40.105077
492	1	  0.001499	  0.001101	     -1.00	    118.70	    489.45	      2.67	      2.66	     46.82	     46.49	7.44	 1.033e-04	      5.07	0	Gaussian	313.073171	42.814635
493	1	  0.001500	  0.001089	     -1.00	     93.66	    335.55	      2.81	      2.53	     49.22	     44.24	-27.65	 5.627e-05	      5.08	0	Gaussian	312.740668	42.122653
494	1	  0.001474	  0.001171	     -1.00	    177.62	    677.72	      2.68	      2.57	     46.89	     44.92	19.82	 5.013e-05	      5.08	0	Gaussian	313.669386	43.633881
495	1	  0.001521	  0.000652	     -1.00	    773.69	    747.50	      4.07	      2.77	     71.24	     48.48	-7.93	 5.650e-05	      5.08	0	Gaussian	317.496467	43.360736
496	1	  0.001483	  0.000488	     -1.00	    647.98	    338.29	      4.41	      3.79	     77.26	     66.34	-48.92	 4.238e-05	      5.08	0	Gaussian	316.147305	41.626147
497	1	  0.001590	  0.001219	     -1.00	     94.17	    725.59	      2.78	      2.44	     48.59	     42.63	8.20	 5.684e-04	      5.09	0	Gaussian	313.195713	43.928795
498	1	  0.001534	  0.000898	     -1.00	    780.97	    689.91	      3.06	      2.93	     53.64	     51.35	11.43	 8.625e-05	      5.09	0	Gaussian	317.456039	43.090971
499	1	  0.001502	  0.001191	     -1.00	     13.45	    598.54	      2.67	      2.45	     46.77	     42.82	22.33	 5.082e-05	      5.10	0	Gaussian	312.533492	43.408908
500	1	  0.001491	  0.001110	     -1.00	    483.55	    407.61	      2.78	      2.46	     48.61	     42.97	6.87	 3.889e-05	      5.10	0	Gaussian	315.237308	42.105444
501	1	  0.001477	  0.001106	     -1.00	    102.24	    222.07	      2.69	      2.64	     47.07	     46.17	50.89	 3.763e-05	      5.10	0	Gaussian	312.666840	41.589449
502	1	  0.001499	  0.000673	     -1.00	    600.60	    616.83	      3.46	      3.13	     60.63	     54.78	3.57	 5.102e-05	      5.11	0	Gaussian	316.239635	42.948109
503	1	  0.001492	  0.000812	     -1.00	    471.03	    529.06	      3.22	      2.97	     56.38	     52.07	-2.71	 3.888e-05	      5.11	0	Gaussian	315.319306	42.675256
504	1	  0.001501	  0.001050	     -1.00	    359.13	    319.48	      2.82	      2.48	     49.29	     43.47	48.84	 4.501e-05	      5.12	0	Gaussian	314.362019	41.816658
505	1	  0.001467	  0.001062	     -1.00	    171.69	    705.33	      2.79	      2.59	     48.76	     45.30	-4.71	 4.833e-05	      5.12	0	Gaussian	313.665407	43.766720
506	1	  0.001520	  0.000526	     -1.00	    707.75	    717.91	      4.27	      3.48	     74.80	     60.90	40.21	 1.226e-04	      5.13	0	Gaussian	317.045697	43.297353
507	1	  0.001509	  0.000760	     -1.00	    647.18	    377.11	      3.60	      3.04	     62.98	     53.25	4.43	 3.770e-05	      5.14	0	Gaussian	316.195169	41.804480
508	1	  0.001568	  0.000793	     -1.00	    744.24	    624.68	      3.42	      2.77	     59.88	     48.50	-6.03	 8.849e-05	      5.14	0	Gaussian	317.135159	42.833764
509	1	  0.001521	  0.001107	     -1.00	     92.02	    494.39	      2.72	      2.42	     47.68	     42.37	25.70	 2.161e-04	      5.14	0	Gaussian	312.911245	42.860194
510	1	  0.001508	  0.000445	     -1.00	    444.40	    400.43	      6.28	      2.55	    109.95	     44.56	-10.82	 5.072e-05	      5.15	0	Gaussian	314.987648	42.109832
511	1	  0.001526	  0.000638	     -1.00	    597.44	    465.53	      4.24	      2.77	     74.18	     48.48	2.39	 1.488e-04	      5.16	0	Gaussian	316.012302	42.259063
512	1	  0.001566	  0.001038	     -1.00	    725.24	    345.43	      2.78	      2.33	     48.73	     40.86	11.57	 1.659e-04	      5.16	0	Gaussian	316.623924	41.580387
513	1	  0.001499	  0.001057	     -1.00	    313.27	    568.37	      2.72	      2.55	     47.60	     44.57	32.33	 4.862e-05	      5.16	0	Gaussian	314.388367	43.005892
514	1	  0.001486	  0.001009	     -1.00	    438.06	     66.54	      2.82	      2.49	     49.38	     43.50	44.47	 4.067e-05	      5.16	0	Gaussian	314.530525	40.579948
515	1	  0.001506	  0.000442	     -1.00	    346.04	    544.03	      4.52	      3.57	     79.13	     62.51	-64.75	 1.747e-04	      5.17	0	Gaussian	314.562221	42.863253
516	1	  0.001496	  0.001007	     -1.00	    189.82	    590.36	      2.80	      2.55	     48.93	     44.69	-8.76	 4.900e-05	      5.17	0	Gaussian	313.640317	43.219421
517	1	  0.001487	  0.001063	     -1.00	    134.74	     36.48	      2.74	      2.49	     47.93	     43.61	4.64	 4.245e-05	      5.17	0	Gaussian	312.661044	40.702766
518	1	  0.001479	  0.000799	     -1.00	    501.92	    461.72	      3.41	      2.82	     59.66	     49.36	-1.24	 2.565e-05	      5.17	0	Gaussian	315.421084	42.336062
519	1	  0.001489	  0.001088	     -1.00	    164.50	    213.23	      2.63	      2.56	     46.02	     44.74	12.84	 5.337e-05	      5.18	0	Gaussian	313.040295	41.496665
520	1	  0.001532	  0.000923	     -1.00	    613.74	     35.27	      2.88	      2.57	     50.44	     45.00	-9.80	 1.547e-04	      5.18	0	Gaussian	315.541807	40.272544
521	1	  0.001474	  0.000784	     -1.00	    141.94	    739.94	      3.27	      2.93	     57.21	     51.32	-31.50	 2.217e-05	      5.18	0	Gaussian	313.518089	43.953124
522	1	  0.001504	  0.001028	     -1.00	    250.28	    628.38	      2.74	      2.52	     48.00	     44.07	27.40	 6.802e-05	      5.18	0	Gaussian	314.067979	43.340517
523	1	  0.001534	  0.001052	     -1.00	    576.52	    594.43	      2.66	      2.55	     46.63	     44.61	20.74	 1.747e-04	      5.18	0	Gaussian	316.059808	42.870200
524	1	  0.001501	  0.000987	     -1.00	     24.25	    464.89	      2.78	      2.59	     48.68	     45.41	-28.28	 5.623e-05	      5.18	0	Gaussian	312.451455	42.779929
525	1	  0.001503	  0.000588	     -1.00	    701.88	    636.59	      3.83	      2.97	     67.05	     51.95	-38.74	 7.877e-05	      5.19	0	Gaussian	316.892130	42.933007
526	1	  0.001532	  0.000613	     -1.00	     41.82	    617.75	      4.15	      2.85	     72.64	     49.95	61.31	 1.702e-04	      5.19	0	Gaussian	312.735738	43.474259
527	1	  0.001525	  0.000710	     -1.00	    615.81	    404.53	      3.57	      2.88	     62.56	     50.34	5.57	 4.419e-05	      5.19	0	Gaussian	316.041726	41.961446
528	1	  0.001598	  0.000880	     -1.00	    412.51	    305.51	      2.93	      2.78	     51.35	     48.72	20.24	 7.275e-04	      5.20	0	Gaussian	314.671654	41.703141
529	1	  0.001515	  0.001100	     -1.00	    308.31	     35.70	      2.59	      2.51	     45.31	     43.99	26.39	 7.754e-05	      5.20	0	Gaussian	313.711923	40.553085
530	1	  0.001485	  0.000329	     -1.00	    698.85	    274.77	      5.94	      3.56	    103.93	     62.35	-64.34	 3.428e-05	      5.20	0	Gaussian	316.367898	41.284562
531	1	  0.001480	  0.000745	     -1.00	     76.07	    635.14	      3.47	      2.99	     60.70	     52.33	-11.46	 2.736e-05	      5.21	0	Gaussian	312.973625	43.525791
532	1	  0.001520	  0.000345	     -1.00	    628.16	    413.69	      6.94	      3.05	    121.44	     53.30	10.89	 4.824e-05	      5.21	0	Gaussian	316.129342	41.990986
533	1	  0.001502	  0.000605	     -1.00	    709.56	    694.63	      3.99	      2.81	     69.85	     49.16	3.83	 4.583e-05	      5.21	0	Gaussian	317.023088	43.189392
534	1	  0.001517	  0.000971	     -1.00	    356.13	    371.75	      2.71	      2.64	     47.35	     46.14	-14.94	 9.398e-05	      5.22	0	Gaussian	314.408312	42.060265
535	1	  0.001501	  0.000968	     -1.00	     94.24	     61.48	      2.80	      2.51	     48.93	     43.86	17.71	 4.226e-05	      5.22	0	Gaussian	312.441549	40.851415
536	1	  0.001473	  0.000638	     -1.00	    539.56	    216.11	      3.54	      3.38	     62.00	     59.16	-9.35	 2.663e-05	      5.22	0	Gaussian	315.330154	41.172552
537	1	  0.001479	  0.000759	     -1.00	    368.10	    536.16	      3.19	      3.05	     55.92	     53.39	1.72	 2.945e-05	      5.22	0	Gaussian	314.689635	42.806351
538	1	  0.001468	  0.000783	     -1.00	    268.07	    351.00	      3.27	      2.88	     57.18	     50.45	0.13	 2.717e-05	      5.23	0	Gaussian	313.839763	42.044116
539	1	  0.001523	  0.000772	     -1.00	    601.36	    636.58	      3.52	      2.77	     61.68	     48.49	2.44	 8.300e-05	      5.23	0	Gaussian	316.271792	43.037641
540	1	  0.001506	  0.000851	     -1.00	    349.80	    170.00	      3.10	      2.71	     54.20	     47.37	3.12	 4.526e-05	      5.23	0	Gaussian	314.122582	41.136037
541	1	  0.001501	  0.000884	     -1.00	    539.39	    528.09	      2.83	      2.72	     49.46	     47.54	28.90	 5.466e-05	      5.23	0	Gaussian	315.740321	42.603586
542	1	  0.001480	  0.000864	     -1.00	    556.26	    495.27	      2.94	      2.54	     51.50	     44.44	33.35	 3.635e-05	      5.24	0	Gaussian	315.799960	42.436434
543	1	  0.001515	  0.000217	     -1.00	    614.22	    145.56	      8.68	      3.76	    151.95	     65.88	-59.90	 6.483e-05	      5.24	0	Gaussian	315.687659	40.777241
544	1	  0.001530	  0.000873	     -1.00	    136.85	    537.00	      3.07	      2.61	     53.70	     45.70	1.46	 1.304e-04	      5.24	0	Gaussian	313.242926	43.019118
545	1	  0.001521	  0.000756	     -1.00	    737.95	    695.66	      3.27	      2.86	     57.16	     50.06	-11.72	 7.163e-05	      5.25	0	Gaussian	317.199708	43.163663
546	1	  0.001492	  0.000929	     -1.00	    106.63	    395.10	      2.73	      2.68	     47.84	     46.86	-12.15	 3.739e-05	      5.25	0	Gaussian	312.888990	42.387791
547	1	  0.001512	  0.000552	     -1.00	    693.57	    763.08	      3.92	      3.04	     68.58	     53.19	-43.34	 4.394e-05	      5.25	0	Gaussian	317.023565	43.518277
548	1	  0.001553	  0.000949	     -1.00	    151.64	    338.17	      2.70	      2.57	     47.24	     44.90	-18.62	 1.936e-04	      5.26	0	Gaussian	313.103819	42.086021
549	1	  0.001498	  0.000936	     -1.00	    180.43	    184.59	      2.80	      2.47	     48.98	     43.18	25.43	 4.994e-05	      5.26	0	Gaussian	313.105540	41.350692
550	1	  0.001492	  0.000673	     -1.00	    387.29	    520.99	      3.40	      3.05	     59.55	     53.37	4.37	 2.661e-05	      5.26	0	Gaussian	314.789564	42.718445
551	1	  0.001508	  0.000733	     -1.00	    784.73	    432.54	      3.42	      2.89	     59.95	     50.51	-10.62	 6.503e-05	      5.27	0	Gaussian	317.105490	41.915664
552	1	  0.001504	  0.000357	     -1.00	    732.02	    776.11	      4.42	      4.32	     77.39	     75.66	64.52	 6.093e-05	      5.27	0	Gaussian	317.281181	43.536189
553	1	  0.001476	  0.000687	     -1.00	    486.91	    502.49	      3.51	      2.90	     61.52	     50.70	5.61	 2.720e-05	      5.28	0	Gaussian	315.382390	42.537828
554	1	  0.001490	  0.000660	     -1.00	    437.13	    359.89	      3.55	      2.96	     62.10	     51.80	-9.24	 3.206e-05	      5.28	0	Gaussian	314.891163	41.930298
555	1	  0.001496	  0.000682	     -1.00	    647.86	    196.54	      3.53	      2.85	     61.83	     49.90	0.19	 4.571e-05	      5.29	0	Gaussian	315.956399	40.977730
556	1	  0.001517	  0.000695	     -1.00	    366.78	    618.63	      3.41	      2.82	     59.60	     49.40	1.43	 6.035e-05	      5.29	0	Gaussian	314.787391	43.187094
557	1	  0.001500	  0.000872	     -1.00	    441.25	    626.57	      2.85	      2.49	     49.86	     43.64	11.57	 4.186e-05	      5.29	0	Gaussian	315.263177	43.151936
558	1	  0.001529	  0.000808	     -1.00	    407.10	    718.52	      3.14	      2.60	     54.98	     45.55	1.13	 1.927e-04	      5.30	0	Gaussian	315.171245	43.607464
559	1	  0.001494	  0.000751	     -1.00	    626.03	    585.59	      3.35	      2.73	     58.67	     47.76	-2.12	 3.038e-05	      5.30	0	Gaussian	316.353026	42.779251
560	1	  0.001478	  0.000748	     -1.00	     36.92	    586.53	      3.33	      2.77	     58.24	     48.49	-5.92	 2.323e-05	      5.30	0	Gaussian	312.668897	43.333667
561	1	  0.001492	  0.000676	     -1.00	    173.98	    520.22	      3.28	      3.07	     57.35	     53.68	-13.84	 8.714e-05	      5.30	0	Gaussian	313.456457	42.909188
562	1	  0.001483	  0.000793	     -1.00	    142.78	    298.34	      2.92	      2.69	     51.03	     47.02	-22.54	 3.718e-05	      5.31	0	Gaussian	313.003272	41.909112
563	1	  0.001482	  0.000847	     -1.00	     87.90	    580.44	      2.81	      2.69	     49.15	     47.08	0.03	 3.371e-05	      5.32	0	Gaussian	312.984897	43.262353
564	1	  0.001511	  0.000380	     -1.00	    400.89	    380.29	      5.24	      3.32	     91.71	     58.10	10.94	 5.996e-05	      5.32	0	Gaussian	314.694550	42.058131
565	1	  0.001482	  0.000565	     -1.00	    351.32	    529.99	      3.94	      2.69	     68.95	     47.11	-9.00	 3.865e-05	      5.32	0	Gaussian	314.577307	42.793677
566	1	  0.001518	  0.000819	     -1.00	    547.80	     78.66	      2.90	      2.45	     50.72	     42.94	33.16	 1.595e-04	      5.32	0	Gaussian	315.203828	40.534017
567	1	  0.001503	  0.000877	     -1.00	     30.54	    608.35	      2.78	      2.53	     48.70	     44.33	8.88	 5.924e-05	      5.32	0	Gaussian	312.653286	43.440164
568	1	  0.001487	  0.000665	     -1.00	    572.07	    680.43	      3.47	      2.93	     60.67	     51.36	-13.71	 5.827e-05	      5.33	0	Gaussian	316.151151	43.268151
569	1	  0.001486	  0.000634	     -1.00	    716.99	    294.74	      3.75	      2.89	     65.59	     50.65	4.95	 2.677e-05	      5.33	0	Gaussian	316.504293	41.357368
570	1	  0.001480	  0.000659	     -1.00	    248.87	    665.84	      3.44	      2.90	     60.26	     50.76	-3.38	 8.156e-05	      5.33	0	Gaussian	314.105842	43.514558
571	1	  0.001504	  0.000800	     -1.00	    657.65	    789.55	      2.91	      2.54	     50.86	     44.37	21.15	 4.772e-05	      5.33	0	Gaussian	316.838605	43.677237
572	1	  0.001510	  0.000548	     -1.00	    240.85	    622.21	      3.69	      3.13	     64.64	     54.76	-63.29	 1.096e-04	      5.33	0	Gaussian	314.000951	43.320641
573	1	  0.001519	  0.000874	     -1.00	    298.58	     34.30	      2.73	      2.60	     47.86	     45.49	4.74	 8.291e-05	      5.33	0	Gaussian	313.651587	40.555034
574	1	  0.001565	  0.000869	     -1.00	    475.25	    542.49	      2.71	      2.55	     47.46	     44.62	10.45	 2.778e-04	      5.34	0	Gaussian	315.363193	42.732781
575	1	  0.001545	  0.000880	     -1.00	    327.36	    777.27	      2.73	      2.49	     47.79	     43.61	21.20	 9.171e-05	      5.34	0	Gaussian	314.744992	43.954365
576	1	  0.001496	  0.000762	     -1.00	    521.45	    125.35	      2.88	      2.76	     50.47	     48.39	18.12	 4.132e-05	      5.34	0	Gaussian	315.105036	40.773132
577	1	  0.001503	  0.000518	     -1.00	    447.45	    129.11	      4.59	      2.76	     80.27	     48.24	-0.99	 8.339e-05	      5.34	0	Gaussian	314.664064	40.859179
578	1	  0.001492	  0.000856	     -1.00	    196.46	    636.58	      2.82	      2.49	     49.36	     43.55	10.54	 4.765e-05	      5.34	0	Gaussian	313.738442	43.427003
579	1	  0.001516	  0.000279	     -1.00	    393.89	    559.65	      8.32	      2.62	    145.62	     45.81	3.98	 4.424e-05	      5.34	0	Gaussian	314.880408	42.890037
580	1	  0.001492	  0.000711	     -1.00	    470.74	     15.76	      3.47	      2.80	     60.73	     48.99	2.04	 5.265e-05	      5.35	0	Gaussian	314.664252	40.316619
581	1	  0.001578	  0.000915	     -1.00	    662.37	    685.69	      2.67	      2.44	     46.67	     42.64	21.96	 3.437e-04	      5.35	0	Gaussian	316.718587	43.198596
582	1	  0.001524	  0.000612	     -1.00	    753.21	    637.36	      3.58	      2.88	     62.62	     50.48	5.82	 5.842e-05	      5.35	0	Gaussian	317.208574	42.881878
583	1	  0.001536	  0.000879	     -1.00	    196.23	    100.54	      2.73	      2.48	     47.71	     43.45	12.84	 2.819e-04	      5.36	0	Gaussian	313.106769	40.948428
584	1	  0.001522	  0.000885	     -1.00	     68.17	    244.90	      2.72	      2.50	     47.56	     43.78	-21.40	 1.710e-04	      5.36	0	Gaussian	312.481603	41.723249
585	1	  0.001569	  0.000828	     -1.00	    626.43	    383.74	      2.80	      2.38	     49.05	     41.57	36.07	 9.289e-05	      5.36	0	Gaussian	316.078167	41.855680
586	1	  0.001543	  0.000586	     -1.00	    788.18	    488.74	      3.78	      2.62	     66.22	     45.92	-89.62	 1.507e-04	      5.36	0	Gaussian	317.206860	42.167917
587	1	  0.001518	  0.000942	     -1.00	    192.56	    623.66	      2.66	      2.41	     46.52	     42.16	5.65	 1.770e-04	      5.36	0	Gaussian	313.698045	43.370842
588	1	  0.001526	  0.000476	     -1.00	    755.36	    605.88	      3.92	      3.36	     68.65	     58.77	-31.63	 4.917e-05	      5.37	0	Gaussian	317.176076	42.736275
589	1	  0.001491	  0.000755	     -1.00	    202.24	    500.50	      2.96	      2.49	     51.82	     43.66	-18.65	 4.035e-05	      5.37	0	Gaussian	313.610034	42.793129
590	1	  0.001493	  0.000793	     -1.00	    288.26	    518.82	      2.85	      2.64	     49.93	     46.14	-7.33	 4.636e-05	      5.37	0	Gaussian	314.170112	42.800431
591	1	  0.001539	  0.000661	     -1.00	    729.87	    332.25	      3.35	      2.83	     58.64	     49.56	-5.16	 6.598e-05	      5.37	0	Gaussian	316.633557	41.515481
592	1	  0.001469	  0.000569	     -1.00	    751.81	     82.02	      3.67	      3.08	     64.32	     53.94	-5.26	 3.415e-05	      5.37	0	Gaussian	316.422740	40.351197
593	1	  0.001488	  0.000321	     -1.00	     16.16	    387.53	      5.39	      3.49	     94.39	     61.12	-36.18	 3.282e-05	      5.38	0	Gaussian	312.314893	42.427488
594	1	  0.001497	  0.000753	     -1.00	    144.40	     65.26	      2.90	      2.64	     50.68	     46.26	4.82	 5.097e-05	      5.38	0	Gaussian	312.751541	40.828170
595	1	  0.001471	  0.000597	     -1.00	    538.83	    621.02	      3.58	      2.82	     62.72	     49.32	-14.91	 3.736e-05	      5.38	0	Gaussian	315.862841	43.029939
596	1	  0.001500	  0.000192	     -1.00	    431.71	    177.70	      9.59	      3.80	    167.87	     66.47	69.23	 1.357e-04	      5.38	0	Gaussian	314.629083	41.097195
597	1	  0.001519	  0.000837	     -1.00	    117.62	    663.44	      2.77	      2.48	     48.53	     43.33	4.10	 9.630e-05	      5.39	0	Gaussian	313.271104	43.620851
598	1	  0.001486	  0.000582	     -1.00	    757.37	    292.51	      3.70	      3.04	     64.76	     53.15	2.16	 3.834e-05	      5.39	0	Gaussian	316.743684	41.305891
599	1	  0.001499	  0.000741	     -1.00	    451.62	    755.22	      2.85	      2.77	     49.88	     48.50	-21.11	 5.410e-05	      5.39	0	Gaussian	315.500496	43.732096
600	1	  0.001500	  0.000766	     -1.00	    580.43	    426.54	      2.89	      2.51	     50.64	     43.94	21.96	 3.497e-05	      5.40	0	Gaussian	315.855543	42.097513
601	1	  0.001506	  0.000742	     -1.00	    199.48	    127.44	      2.82	      2.76	     49.33	     48.35	-56.35	 4.504e-05	      5.40	0	Gaussian	313.157103	41.070147
602	1	  0.001503	  0.000781	     -1.00	     26.26	    666.69	      2.85	      2.55	     49.83	     44.70	-24.42	 3.217e-05	      5.40	0	Gaussian	312.692935	43.714178
603	1	  0.001475	  0.000629	     -1.00	    785.54	     84.45	      3.45	      2.98	     60.42	     52.12	-4.82	 6.360e-05	      5.40	0	Gaussian	316.625557	40.328397
604	1	  0.001498	  0.000756	     -1.00	    321.69	    355.04	      2.85	      2.71	     49.94	     47.46	-38.46	 6.957e-05	      5.40	0	Gaussian	314.175497	42.014644
605	1	  0.001480	  0.000840	     -1.00	    139.60	    630.61	      2.77	      2.52	     48.40	     44.17	1.98	 5.460e-05	      5.40	0	Gaussian	313.371373	43.449789
606	1	  0.001489	  0.000838	     -1.00	    257.52	    368.69	      2.74	      2.57	     47.90	     45.07	-6.36	 3.582e-05	      5.40	0	Gaussian	313.795777	42.135156
607	1	  0.001475	  0.000762	     -1.00	    532.31	    728.55	      2.91	      2.55	     50.89	     44.70	22.45	 4.859e-05	      5.40	0	Gaussian	315.969978	43.528853
608	1	  0.001492	  0.000790	     -1.00	    266.93	    184.73	      2.86	      2.48	     50.08	     43.36	18.83	 3.687e-05	      5.41	0	Gaussian	313.635104	41.277139
609	1	  0.001519	  0.000539	     -1.00	    698.66	    329.27	      3.82	      2.84	     66.82	     49.79	-6.19	 5.183e-05	      5.41	0	Gaussian	316.441282	41.533743
610	1	  0.001507	  0.000550	     -1.00	    784.95	    514.44	      3.68	      3.08	     64.36	     53.99	-10.01	 5.063e-05	      5.41	0	Gaussian	317.224280	42.288370
611	1	  0.001519	  0.000634	     -1.00	    571.91	    605.73	      3.33	      2.85	     58.26	     49.92	6.23	 1.373e-04	      5.41	0	Gaussian	316.046853	42.926587
612	1	  0.001500	  0.000735	     -1.00	    499.02	    400.46	      2.97	      2.64	     51.97	     46.25	2.96	 1.070e-04	      5.42	0	Gaussian	315.322828	42.057699
613	1	  0.001506	  0.000706	     -1.00	    230.64	    356.21	      2.91	      2.70	     51.00	     47.30	23.99	 6.171e-05	      5.42	0	Gaussian	313.614535	42.101219
614	1	  0.001509	  0.000339	     -1.00	    596.40	    423.44	      6.38	      2.70	    111.74	     47.17	3.42	 3.968e-05	      5.42	0	Gaussian	315.948938	42.067438
615	1	  0.001501	  0.000831	     -1.00	    260.36	    473.39	      2.71	      2.56	     47.43	     44.88	4.08	 4.132e-05	      5.42	0	Gaussian	313.940201	42.616095
616	1	  0.001498	  0.000686	     -1.00	    530.66	    305.30	      3.02	      2.55	     52.79	     44.60	-17.92	 3.938e-05	      5.42	0	Gaussian	315.391763	41.590375
617	1	  0.001467	  0.000648	     -1.00	    210.22	    536.84	      3.40	      2.78	     59.48	     48.66	4.92	 2.315e-05	      5.42	0	Gaussian	313.703847	42.953971
618	1	  0.001472	  0.000584	     -1.00	    188.15	    684.54	      3.50	      3.02	     61.27	     52.91	-7.20	 7.740e-05	      5.43	0	Gaussian	313.744558	43.655953
619	1	  0.001498	  0.000567	     -1.00	    345.02	    267.84	      4.00	      2.52	     69.99	     44.18	-15.48	 6.295e-05	      5.43	0	Gaussian	314.212123	41.591434
620	1	  0.001493	  0.000502	     -1.00	    568.22	    262.22	      3.52	      3.27	     61.66	     57.26	-40.89	 4.351e-05	      5.43	0	Gaussian	315.563270	41.356439
621	1	  0.001497	  0.000558	     -1.00	    409.81	    172.24	      3.57	      3.02	     62.44	     52.84	-5.80	 3.603e-05	      5.43	0	Gaussian	314.489613	41.092123
622	1	  0.001513	  0.000763	     -1.00	     27.51	    454.05	      2.77	      2.67	     48.54	     46.69	6.13	 8.468e-05	      5.43	0	Gaussian	312.459832	42.726964
623	1	  0.001495	  0.000742	     -1.00	     91.42	    147.40	      2.85	      2.60	     49.94	     45.51	-30.39	 5.728e-05	      5.44	0	Gaussian	312.517862	41.252113
624	1	  0.001494	  0.000502	     -1.00	    465.65	    659.21	      3.91	      2.91	     68.41	     50.88	-3.69	 4.952e-05	      5.44	0	Gaussian	315.459062	43.277849
625	1	  0.001529	  0.000751	     -1.00	    359.81	    589.37	      2.79	      2.63	     48.85	     45.96	-24.88	 8.813e-05	      5.44	0	Gaussian	314.706059	43.059067
626	1	  0.001495	  0.000683	     -1.00	    723.74	    307.34	      3.03	      2.43	     53.04	     42.48	-35.02	 4.836e-05	      5.44	0	Gaussian	316.562224	41.408056
627	1	  0.001483	  0.000290	     -1.00	    117.71	    594.70	      5.48	      3.54	     95.90	     62.03	26.30	 2.635e-05	      5.44	0	Gaussian	313.190169	43.302729
628	1	  0.001494	  0.000542	     -1.00	    763.78	    502.41	      3.66	      2.99	     64.11	     52.41	-4.99	 4.580e-05	      5.45	0	Gaussian	317.078369	42.256048
629	1	  0.001479	  0.000598	     -1.00	    267.73	    492.61	      3.67	      2.83	     64.31	     49.52	0.10	 2.359e-05	      5.45	0	Gaussian	314.009681	42.698156
630	1	  0.001532	  0.000254	     -1.00	    631.97	    434.68	      7.22	      2.87	    126.35	     50.19	10.29	 1.138e-04	      5.45	0	Gaussian	316.181189	42.083165
631	1	  0.001501	  0.000405	     -1.00	    653.22	    756.49	      4.95	      2.90	     86.67	     50.79	2.21	 7.600e-05	      5.46	0	Gaussian	316.763354	43.531198
632	1	  0.001497	  0.000734	     -1.00	    468.56	    443.31	      2.84	      2.62	     49.79	     45.81	4.80	 6.646e-05	      5.46	0	Gaussian	315.191676	42.283801
633	1	  0.001504	  0.000592	     -1.00	    619.93	    534.17	      3.56	      2.84	     62.24	     49.74	-2.04	 6.677e-05	      5.46	0	Gaussian	316.244214	42.550417
634	1	  0.001489	  0.000724	     -1.00	    582.17	    716.80	      2.90	      2.56	     50.69	     44.88	-22.75	 7.099e-05	      5.46	0	Gaussian	316.264778	43.424095
635	1	  0.001458	  0.000687	     -1.00	    252.56	    726.34	      3.01	      2.52	     52.68	     44.10	-4.12	 4.657e-05	      5.46	0	Gaussian	314.205173	43.790126
636	1	  0.001485	  0.000515	     -1.00	    668.36	    178.04	      3.66	      3.15	     64.04	     55.08	3.23	 2.992e-05	      5.46	0	Gaussian	316.054657	40.872886
637	1	  0.001484	  0.000472	     -1.00	    594.56	    291.09	      3.66	      3.33	     64.09	     58.22	-0.66	 2.957e-05	      5.46	0	Gaussian	315.760715	41.463043
638	1	  0.001466	  0.000379	     -1.00	    359.92	    463.65	      4.03	      3.63	     70.56	     63.53	-29.60	 2.719e-05	      5.46	0	Gaussian	314.546829	42.480146
639	1	  0.001488	  0.000777	     -1.00	    230.61	    718.70	      2.82	      2.44	     49.35	     42.65	11.40	 1.157e-04	      5.47	0	Gaussian	314.056295	43.775116
640	1	  0.001517	  0.000554	     -1.00	    430.68	    563.45	      3.53	      2.92	     61.72	     51.03	-0.85	 4.660e-05	      5.47	0	Gaussian	315.114245	42.872235
641	1	  0.001492	  0.000791	     -1.00	    247.60	    675.49	      2.77	      2.48	     48.53	     43.42	10.06	 1.293e-04	      5.47	0	Gaussian	314.109824	43.560238
642	1	  0.001524	  0.000432	     -1.00	    635.92	    760.58	      4.19	      2.83	     73.33	     49.48	-35.34	 1.116e-04	      5.47	0	Gaussian	316.661518	43.568106
643	1	  0.001511	  0.000621	     -1.00	    564.32	    450.93	      3.36	      2.84	     58.76	     49.74	-3.13	 5.275e-05	      5.47	0	Gaussian	315.789766	42.225273
644	1	  0.001497	  0.000499	     -1.00	    234.72	    419.11	      3.49	      3.23	     61.07	     56.58	5.95	 5.834e-05	      5.47	0	Gaussian	313.714905	42.388324
645	1	  0.001498	  0.000654	     -1.00	    620.59	    121.85	      2.95	      2.73	     51.62	     47.85	25.97	 5.813e-05	      5.48	0	Gaussian	315.694813	40.662483
646	1	  0.001507	  0.000547	     -1.00	    687.20	    358.42	      3.65	      3.04	     63.81	     53.23	2.63	 5.424e-05	      5.48	0	Gaussian	316.412097	41.678565
647	1	  0.001496	  0.000608	     -1.00	    104.87	    259.71	      3.38	      2.79	     59.23	     48.78	-5.81	 3.324e-05	      5.48	0	Gaussian	312.725061	41.761775
648	1	  0.001505	  0.000545	     -1.00	    454.01	    570.65	      3.84	      2.74	     67.18	     47.90	-4.37	 8.150e-05	      5.48	0	Gaussian	315.268689	42.882754
649	1	  0.001485	  0.000561	     -1.00	     42.08	    514.70	      3.49	      2.96	     61.14	     51.73	6.14	 2.801e-05	      5.48	0	Gaussian	312.619840	42.996253
650	1	  0.001489	  0.000682	     -1.00	    187.81	    748.62	      2.91	      2.64	     51.02	     46.25	32.48	 9.452e-05	      5.48	0	Gaussian	313.821299	43.952091
651	1	  0.001504	  0.000544	     -1.00	    586.04	    143.37	      3.69	      2.85	     64.63	     49.97	-9.05	 4.476e-05	      5.48	0	Gaussian	315.515878	40.794375
652	1	  0.001521	  0.000555	     -1.00	    393.86	    777.59	      3.59	      2.90	     62.91	     50.79	-14.38	 7.585e-05	      5.49	0	Gaussian	315.166405	43.891573
653	1	  0.001510	  0.000779	     -1.00	    437.58	     15.80	      2.73	      2.46	     47.83	     43.13	32.05	 9.331e-05	      5.50	0	Gaussian	314.465756	40.346957
654	1	  0.001505	  0.000563	     -1.00	    558.24	    394.66	      3.58	      2.74	     62.60	     47.94	-9.18	 3.214e-05	      5.50	0	Gaussian	315.677391	41.973392
655	1	  0.001519	  0.000559	     -1.00	    724.78	    227.52	      3.71	      2.59	     64.93	     45.27	-11.48	 7.196e-05	      5.50	0	Gaussian	316.459037	41.042578
656	1	  0.001493	  0.000502	     -1.00	    398.81	    433.31	      3.83	      2.83	     67.12	     49.50	-0.59	 3.453e-05	      5.51	0	Gaussian	314.748938	42.304112
657	1	  0.001502	  0.000676	     -1.00	    712.55	    209.38	      2.97	      2.34	     51.92	     41.01	-8.37	 4.660e-05	      5.51	0	Gaussian	316.361185	40.972034
658	1	  0.001485	  0.000602	     -1.00	    601.39	    275.27	      3.08	      2.59	     53.89	     45.38	-1.44	 4.691e-05	      5.51	0	Gaussian	315.781034	41.383873
659	1	  0.001500	  0.000551	     -1.00	    121.69	    712.94	      3.31	      3.01	     57.91	     52.70	0.27	 4.395e-05	      5.51	0	Gaussian	313.356241	43.846209
660	1	  0.001510	  0.000537	     -1.00	    411.68	    598.14	      3.52	      2.90	     61.53	     50.80	-1.14	 4.659e-05	      5.51	0	Gaussian	315.041281	43.049975
661	1	  0.001465	  0.000446	     -1.00	    788.64	    122.36	      4.11	      2.89	     71.86	     50.62	-8.55	 2.797e-05	      5.52	0	Gaussian	316.695605	40.498090
662	1	  0.001492	  0.000632	     -1.00	    359.41	     47.79	      2.97	      2.60	     52.06	     45.54	3.24	 4.214e-05	      5.52	0	Gaussian	314.034441	40.564081
663	1	  0.001498	  0.000548	     -1.00	    769.43	    163.97	      3.46	      3.01	     60.62	     52.61	-12.97	 8.138e-05	      5.52	0	Gaussian	316.638548	40.707304
664	1	  0.001504	  0.000669	     -1.00	    164.53	    481.01	      2.98	      2.62	     52.16	     45.84	-1.80	 1.288e-04	      5.53	0	Gaussian	313.350676	42.736050
665	1	  0.001485	  0.000490	     -1.00	    250.39	    207.34	      3.85	      3.16	     67.41	     55.35	-8.31	 2.768e-05	      5.53	0	Gaussian	313.560491	41.395987
666	1	  0.001548	  0.000605	     -1.00	    732.58	    746.09	      2.91	      2.78	     50.89	     48.68	-37.47	 1.851e-04	      5.53	0	Gaussian	317.240455	43.398982
667	1	  0.001491	  0.000524	     -1.00	    254.02	    493.65	      3.61	      2.93	     63.21	     51.34	1.94	 2.276e-05	      5.53	0	Gaussian	313.925383	42.715356
668	1	  0.001477	  0.000343	     -1.00	    181.64	     50.40	      3.86	      3.70	     67.56	     64.78	37.52	 2.702e-05	      5.53	0	Gaussian	312.961604	40.728618
669	1	  0.001502	  0.000519	     -1.00	     26.44	    711.70	      3.77	      2.93	     66.07	     51.30	-5.66	 3.067e-05	      5.53	0	Gaussian	312.746054	43.922614
670	1	  0.001497	  0.000663	     -1.00	    108.08	    756.11	      2.88	      2.63	     50.37	     45.97	36.54	 4.816e-05	      5.53	0	Gaussian	313.321261	44.057795
671	1	  0.001500	  0.000511	     -1.00	    407.99	    758.04	      3.75	      2.88	     65.72	     50.36	-2.19	 4.285e-05	      5.53	0	Gaussian	315.229512	43.788017
672	1	  0.001485	  0.000540	     -1.00	    565.86	     43.64	      3.46	      2.96	     60.58	     51.76	-4.03	 4.211e-05	      5.54	0	Gaussian	315.267323	40.356375
673	1	  0.001474	  0.000672	     -1.00	    341.68	    515.72	      2.86	      2.68	     50.03	     46.98	26.32	 3.201e-05	      5.54	0	Gaussian	314.499231	42.736916
674	1	  0.001498	  0.000278	     -1.00	    596.51	    566.71	      7.26	      2.60	    127.01	     45.57	2.92	 1.126e-04	      5.54	0	Gaussian	316.145031	42.723071
675	1	  0.001492	  0.000390	     -1.00	    262.90	    234.20	      4.86	      2.81	     85.05	     49.11	-11.30	 4.405e-05	      5.54	0	Gaussian	313.668724	41.509186
676	1	  0.001513	  0.000221	     -1.00	    652.23	    654.41	      7.99	      2.78	    139.80	     48.62	-2.52	 5.721e-05	      5.55	0	Gaussian	316.611417	43.066475
677	1	  0.001500	  0.000651	     -1.00	    229.26	     61.74	      2.90	      2.61	     50.72	     45.68	3.54	 5.904e-05	      5.55	0	Gaussian	313.263535	40.741103
678	1	  0.001494	  0.000584	     -1.00	    125.59	    692.95	      3.35	      2.84	     58.63	     49.76	-3.60	 4.158e-05	      5.55	0	Gaussian	313.357076	43.750386
679	1	  0.001500	  0.000445	     -1.00	    359.64	    355.45	      3.95	      2.82	     69.11	     49.33	-4.67	 3.511e-05	      5.55	0	Gaussian	314.409707	41.981944
680	1	  0.001485	  0.000435	     -1.00	    278.35	    443.68	      4.66	      2.63	     81.50	     46.09	-9.03	 4.369e-05	      5.55	0	Gaussian	314.015844	42.462757
681	1	  0.001512	  0.000355	     -1.00	    598.40	    138.19	      5.34	      2.43	     93.48	     42.60	0.13	 6.817e-05	      5.56	0	Gaussian	315.583264	40.758736
682	1	  0.001483	  0.000603	     -1.00	    496.68	     98.28	      2.98	      2.73	     52.19	     47.86	-33.41	 3.762e-05	      5.56	0	Gaussian	314.922056	40.671975
683	1	  0.001498	  0.000432	     -1.00	    760.66	    513.68	      4.12	      2.62	     72.17	     45.80	-14.24	 5.274e-05	      5.56	0	Gaussian	317.075510	42.310687
684	1	  0.001502	  0.000518	     -1.00	    724.23	     44.75	      3.72	      2.69	     65.08	     47.16	-6.23	 1.751e-04	      5.56	0	Gaussian	316.209609	40.208500
685	1	  0.001463	  0.000626	     -1.00	    157.55	    762.90	      2.91	      2.80	     50.96	     49.04	-20.17	 3.214e-05	      5.56	0	Gaussian	313.645811	44.045252
686	1	  0.001476	  0.000618	     -1.00	    175.52	    213.50	      2.99	      2.54	     52.40	     44.45	3.92	 3.814e-05	      5.57	0	Gaussian	313.108365	41.488645
687	1	  0.001487	  0.000640	     -1.00	     38.63	    782.23	      2.96	      2.48	     51.74	     43.34	-52.37	 3.378e-05	      5.57	0	Gaussian	312.906674	44.238871
688	1	  0.001488	  0.000623	     -1.00	    209.34	    383.43	      2.95	      2.57	     51.65	     44.92	-12.64	 4.449e-05	      5.57	0	Gaussian	313.514750	42.245689
689	1	  0.001509	  0.000673	     -1.00	    131.39	    435.80	      2.79	      2.58	     48.89	     45.10	9.51	 6.307e-05	      5.58	0	Gaussian	313.090426	42.555372
690	1	  0.001520	  0.000614	     -1.00	    511.52	    285.25	      2.90	      2.69	     50.68	     47.01	-28.61	 1.044e-04	      5.58	0	Gaussian	315.249488	41.516727
691	1	  0.001468	  0.000523	     -1.00	    118.09	    519.50	      3.40	      2.98	     59.43	     52.22	-2.57	 2.219e-05	      5.58	0	Gaussian	313.104369	42.954275
692	1	  0.001514	  0.000510	     -1.00	    560.04	    466.23	      3.38	      2.96	     59.18	     51.80	-18.38	 5.363e-05	      5.58	0	Gaussian	315.784087	42.299627
693	1	  0.001483	  0.000542	     -1.00	    711.18	    523.43	      3.47	      2.82	     60.69	     49.40	-12.06	 4.479e-05	      5.58	0	Gaussian	316.787919	42.407186
694	1	  0.001477	  0.000413	     -1.00	    792.62	    334.30	      4.23	      2.98	     74.10	     52.11	-0.37	 2.328e-05	      5.58	0	Gaussian	317.013699	41.459883
695	1	  0.001535	  0.000554	     -1.00	    761.43	    618.14	      2.97	      2.72	     51.99	     47.59	-17.32	 7.809e-05	      5.59	0	Gaussian	317.230968	42.785563
696	1	  0.001488	  0.000490	     -1.00	    677.54	    579.95	      3.87	      2.84	     67.81	     49.68	-2.82	 4.113e-05	      5.59	0	Gaussian	316.661904	42.700182
697	1	  0.001494	  0.000527	     -1.00	    237.34	    602.46	      3.54	      2.76	     62.01	     48.31	-17.70	 7.003e-05	      5.59	0	Gaussian	313.954413	43.232671
698	1	  0.001489	  0.000588	     -1.00	    638.59	    531.39	      3.03	      2.42	     53.11	     42.27	-34.61	 3.853e-05	      5.59	0	Gaussian	316.354904	42.518624
699	1	  0.001497	  0.000389	     -1.00	    512.54	    561.90	      4.83	      2.40	     84.51	     42.02	-32.53	 6.784e-05	      5.60	0	Gaussian	315.619918	42.785198
700	1	  0.001518	  0.000326	     -1.00	    641.32	    687.83	      5.16	      2.79	     90.37	     48.92	6.82	 1.185e-04	      5.60	0	Gaussian	316.591347	43.230410
701	1	  0.001520	  0.000655	     -1.00	     79.72	    369.54	      2.78	      2.64	     48.64	     46.16	-4.16	 4.960e-05	      5.60	0	Gaussian	312.692116	42.291832
702	1	  0.001473	  0.000485	     -1.00	    153.22	    721.32	      3.77	      2.85	     65.97	     49.88	-14.57	 1.163e-04	      5.60	0	Gaussian	313.567362	43.857082
703	1	  0.001487	  0.000413	     -1.00	    174.51	    104.53	      4.01	      2.96	     70.14	     51.76	1.95	 3.390e-05	      5.60	0	Gaussian	312.978836	40.985091
704	1	  0.001519	  0.000565	     -1.00	    331.81	    193.33	      3.33	      2.67	     58.25	     46.72	-6.88	 8.808e-05	      5.61	0	Gaussian	314.041227	41.259680
705	1	  0.001490	  0.000594	     -1.00	    223.84	    394.39	      2.97	      2.56	     52.04	     44.84	-15.50	 5.304e-05	      5.62	0	Gaussian	313.617766	42.283680
706	1	  0.001474	  0.000528	     -1.00	    193.93	    329.50	      3.56	      2.77	     62.29	     48.43	-10.20	 2.409e-05	      5.62	0	Gaussian	313.355799	42.009687
707	1	  0.001486	  0.000702	     -1.00	    103.67	    653.42	      2.71	      2.55	     47.49	     44.70	-19.09	 6.344e-05	      5.62	0	Gaussian	313.170542	43.586618
708	1	  0.001491	  0.000502	     -1.00	    708.74	    667.55	      3.67	      2.72	     64.30	     47.54	-15.00	 3.052e-05	      5.62	0	Gaussian	316.978884	43.066879
709	1	  0.001496	  0.000375	     -1.00	    758.73	    474.92	      3.89	      3.53	     68.08	     61.76	-31.34	 3.238e-05	      5.62	0	Gaussian	317.008415	42.136136
710	1	  0.001473	  0.000457	     -1.00	    132.66	    202.07	      3.43	      2.63	     60.03	     46.04	-10.34	 2.788e-05	      5.63	0	Gaussian	312.831884	41.471644
711	1	  0.001504	  0.000499	     -1.00	    453.73	    384.26	      3.73	      2.58	     65.24	     45.17	-0.37	 4.010e-05	      5.63	0	Gaussian	315.024175	42.026661
712	1	  0.001500	  0.000271	     -1.00	    409.13	    321.16	      5.79	      3.15	    101.30	     55.10	-30.65	 3.580e-05	      5.63	0	Gaussian	314.670591	41.778299
713	1	  0.001485	  0.000386	     -1.00	    763.34	    237.35	      4.76	      2.76	     83.30	     48.23	-5.43	 2.700e-05	      5.63	0	Gaussian	316.703128	41.048202
714	1	  0.001509	  0.000423	     -1.00	    580.22	    444.70	      3.65	      3.10	     63.95	     54.19	-0.99	 4.467e-05	      5.64	0	Gaussian	315.878760	42.180927
715	1	  0.001509	  0.000178	     -1.00	    647.03	    260.97	      9.72	      3.05	    170.11	     53.39	16.16	 1.246e-04	      5.64	0	Gaussian	316.037396	41.273364
716	1	  0.001487	  0.000555	     -1.00	    704.49	     13.89	      3.00	      2.67	     52.56	     46.69	-4.24	 5.163e-05	      5.64	0	Gaussian	316.051990	40.086951
717	1	  0.001507	  0.000339	     -1.00	    403.51	    391.16	      5.25	      2.59	     91.85	     45.30	-7.36	 6.403e-05	      5.64	0	Gaussian	314.724407	42.105727
718	1	  0.001500	  0.000516	     -1.00	    764.38	    343.68	      3.70	      2.81	     64.77	     49.17	-1.64	 5.295e-05	      5.64	0	Gaussian	316.857198	41.532026
719	1	  0.001523	  0.000590	     -1.00	    716.92	    561.61	      3.18	      2.58	     55.66	     45.09	-3.56	 1.010e-04	      5.65	0	Gaussian	316.877224	42.575293
720	1	  0.001504	  0.000560	     -1.00	    287.79	     77.29	      3.46	      2.50	     60.63	     43.82	-9.38	 4.696e-05	      5.65	0	Gaussian	313.636384	40.762855
721	1	  0.001499	  0.000552	     -1.00	    554.09	     96.79	      3.37	      2.66	     59.06	     46.53	-10.52	 4.534e-05	      5.65	0	Gaussian	315.264537	40.611283
722	1	  0.001490	  0.000436	     -1.00	    671.61	    347.30	      3.82	      2.85	     66.90	     49.93	-3.35	 4.553e-05	      5.65	0	Gaussian	316.302561	41.643531
723	1	  0.001482	  0.000373	     -1.00	    746.04	      6.39	      4.19	      3.00	     73.29	     52.45	-35.97	 4.083e-05	      5.65	0	Gaussian	316.287336	40.011811
724	1	  0.001489	  0.000389	     -1.00	    590.42	    275.46	      4.15	      2.97	     72.62	     51.94	-35.23	 5.773e-05	      5.66	0	Gaussian	315.714976	41.395490
725	1	  0.001505	  0.000369	     -1.00	    350.77	    712.08	      3.89	      3.21	     68.04	     56.12	-38.57	 2.991e-05	      5.66	0	Gaussian	314.808002	43.632185
726	1	  0.001487	  0.000324	     -1.00	     76.53	    285.97	      3.88	      3.80	     67.99	     66.47	31.62	 2.312e-05	      5.66	0	Gaussian	312.578833	41.906895
727	1	  0.001482	  0.000480	     -1.00	    499.23	    180.79	      3.59	      2.86	     62.78	     50.06	-1.97	 3.577e-05	      5.66	0	Gaussian	315.041385	41.048605
728	1	  0.001516	  0.000530	     -1.00	    457.59	    278.15	      3.00	      2.66	     52.58	     46.49	-15.97	 7.201e-05	      5.66	0	Gaussian	314.912244	41.535186
729	1	  0.001489	  0.000593	     -1.00	    177.61	    162.32	      2.93	      2.49	     51.28	     43.53	-15.64	 3.722e-05	      5.66	0	Gaussian	313.062994	41.249977
730	1	  0.001513	  0.000451	     -1.00	    426.71	    614.32	      3.81	      2.61	     66.64	     45.67	-3.07	 4.329e-05	      5.66	0	Gaussian	315.156282	43.109829
731	1	  0.001470	  0.000380	     -1.00	    587.37	    732.26	      4.09	      3.08	     71.66	     53.98	-15.71	 2.982e-05	      5.66	0	Gaussian	316.318857	43.489423
732	1	  0.001504	  0.000527	     -1.00	    687.37	    158.42	      3.04	      2.46	     53.26	     43.05	12.56	 5.360e-05	      5.67	0	Gaussian	316.142087	40.764341
733	1	  0.001503	  0.000372	     -1.00	    756.58	    402.85	      3.64	      3.26	     63.63	     57.11	-17.89	 3.327e-05	      5.67	0	Gaussian	316.893279	41.809885
734	1	  0.001490	  0.000316	     -1.00	    605.02	     94.73	      5.11	      3.01	     89.44	     52.63	-4.15	 3.958e-05	      5.67	0	Gaussian	315.566509	40.553262
735	1	  0.001509	  0.000456	     -1.00	    633.85	    323.38	      3.70	      2.79	     64.69	     48.77	-16.23	 1.346e-04	      5.67	0	Gaussian	316.041666	41.572033
736	1	  0.001529	  0.000507	     -1.00	    647.27	    764.10	      3.29	      2.76	     57.56	     48.39	-12.94	 1.595e-04	      5.68	0	Gaussian	316.737271	43.572202
737	1	  0.001496	  0.000522	     -1.00	    259.29	    126.25	      3.02	      2.67	     52.88	     46.75	16.73	 3.656e-05	      5.68	0	Gaussian	313.520274	41.013600
738	1	  0.001483	  0.000529	     -1.00	    188.19	    736.26	      3.05	      2.60	     53.36	     45.42	12.59	 9.293e-05	      5.68	0	Gaussian	313.808474	43.894686
739	1	  0.001494	  0.000610	     -1.00	    708.35	    767.38	      2.91	      2.25	     51.01	     39.41	0.89	 4.374e-05	      5.68	0	Gaussian	317.121538	43.522019
740	1	  0.001467	  0.000438	     -1.00	    466.14	    208.12	      3.58	      3.16	     62.59	     55.31	-16.78	 2.057e-05	      5.68	0	Gaussian	314.875708	41.205211
741	1	  0.001486	  0.000548	     -1.00	    115.30	    777.84	      2.95	      2.70	     51.68	     47.30	-47.63	 2.949e-05	      5.68	0	Gaussian	313.393686	44.151882
742	1	  0.001510	  0.000470	     -1.00	    731.01	    587.31	      3.71	      2.68	     65.00	     46.98	-11.53	 5.520e-05	      5.68	0	Gaussian	317.000221	42.677590
743	1	  0.001488	  0.000468	     -1.00	     53.16	    465.32	      3.56	      2.91	     62.22	     50.88	-14.31	 3.216e-05	      5.69	0	Gaussian	312.633747	42.758076
744	1	  0.001482	  0.000530	     -1.00	    622.20	    236.37	      3.06	      2.46	     53.47	     43.14	6.60	 4.063e-05	      5.69	0	Gaussian	315.855053	41.185313
745	1	  0.001568	  0.000700	     -1.00	     59.48	    307.11	      2.56	      2.46	     44.86	     43.02	4.32	 3.456e-04	      5.69	0	Gaussian	312.496398	42.018958
746	1	  0.001497	  0.000388	     -1.00	    793.43	    562.16	      3.82	      2.93	     66.93	     51.35	-0.09	 3.346e-05	      5.69	0	Gaussian	317.345026	42.496479
747	1	  0.001480	  0.000410	     -1.00	    298.04	    694.76	      3.94	      2.94	     68.88	     51.41	3.97	 3.890e-05	      5.69	0	Gaussian	314.452932	43.602322
748	1	  0.001506	  0.000477	     -1.00	    451.82	    287.52	      3.49	      2.78	     61.17	     48.63	-7.08	 8.260e-05	      5.70	0	Gaussian	314.889012	41.583663
749	1	  0.001568	  0.000408	     -1.00	    634.09	    378.09	      4.56	      2.90	     79.83	     50.70	8.68	 1.258e-04	      5.70	0	Gaussian	316.117047	41.822131
750	1	  0.001476	  0.000618	     -1.00	    167.65	    570.87	      2.82	      2.56	     49.41	     44.78	26.71	 3.458e-05	      5.70	0	Gaussian	313.477151	43.148912
751	1	  0.001488	  0.000444	     -1.00	    788.20	    173.68	      3.95	      2.73	     69.19	     47.79	-22.69	 5.346e-05	      5.70	0	Gaussian	316.763457	40.732489
752	1	  0.001466	  0.000388	     -1.00	      9.90	    556.57	      4.01	      3.02	     70.12	     52.92	-6.95	 1.959e-05	      5.71	0	Gaussian	312.463536	43.217161
753	1	  0.001488	  0.000391	     -1.00	    330.16	    109.16	      3.80	      3.22	     66.58	     56.31	-14.41	 2.206e-05	      5.71	0	Gaussian	313.930608	40.872903
754	1	  0.001528	  0.000533	     -1.00	     63.79	    404.36	      3.30	      2.57	     57.71	     44.91	-0.75	 1.658e-04	      5.71	0	Gaussian	312.631735	42.466529
755	1	  0.001498	  0.000453	     -1.00	    647.50	    149.19	      3.54	      3.08	     62.04	     53.88	-4.42	 5.095e-05	      5.72	0	Gaussian	315.891571	40.761404
756	1	  0.001483	  0.000568	     -1.00	    135.58	    368.59	      2.96	      2.35	     51.79	     41.20	-19.72	 5.061e-05	      5.72	0	Gaussian	313.039012	42.240536
757	1	  0.001510	  0.000528	     -1.00	    222.40	     72.21	      2.95	      2.61	     51.66	     45.60	4.60	 7.067e-05	      5.72	0	Gaussian	313.233804	40.795342
758	1	  0.001479	  0.000403	     -1.00	     44.05	    495.31	      3.91	      3.04	     68.41	     53.23	-8.89	 2.954e-05	      5.72	0	Gaussian	312.610291	42.904720
759	1	  0.001492	  0.000371	     -1.00	    739.42	    255.89	      4.46	      2.72	     78.01	     47.69	0.36	 4.432e-05	      5.73	0	Gaussian	316.585519	41.157231
760	1	  0.001494	  0.000204	     -1.00	    726.45	    670.20	      4.66	      4.53	     81.51	     79.37	-76.15	 4.321e-05	      5.73	0	Gaussian	317.091838	43.060092
761	1	  0.001498	  0.000468	     -1.00	    700.64	     80.56	      3.68	      2.53	     64.48	     44.27	-3.60	 7.259e-05	      5.73	0	Gaussian	316.117356	40.395375
762	1	  0.001567	  0.000536	     -1.00	    327.52	    785.75	      2.89	      2.43	     50.50	     42.59	-6.54	 1.242e-04	      5.74	0	Gaussian	314.757097	43.993184
763	1	  0.001511	  0.000336	     -1.00	    557.09	      8.82	      3.90	      3.38	     68.21	     59.18	4.20	 5.142e-05	      5.74	0	Gaussian	315.170995	40.204919
764	1	  0.001485	  0.000442	     -1.00	    664.04	    149.41	      3.73	      2.86	     65.21	     50.13	-13.03	 3.373e-05	      5.74	0	Gaussian	315.990718	40.746179
765	1	  0.001491	  0.000515	     -1.00	    473.72	     30.68	      3.00	      2.48	     52.59	     43.47	11.85	 4.390e-05	      5.75	0	Gaussian	314.700445	40.382502
766	1	  0.001490	  0.000379	     -1.00	    154.92	    207.85	      3.77	      3.08	     65.95	     53.87	7.80	 1.062e-04	      5.75	0	Gaussian	312.975352	41.479797
767	1	  0.001504	  0.000352	     -1.00	    549.39	    530.70	      4.23	      2.91	     74.03	     50.95	-0.55	 9.529e-05	      5.76	0	Gaussian	315.805476	42.605633
768	1	  0.001533	  0.000304	     -1.00	    404.46	    774.59	      5.07	      2.67	     88.79	     46.74	-7.13	 7.811e-05	      5.76	0	Gaussian	315.229342	43.867455
769	1	  0.001504	  0.000287	     -1.00	    728.60	    260.64	      5.23	      2.85	     91.60	     49.82	-18.31	 5.454e-05	      5.76	0	Gaussian	316.527166	41.189913
770	1	  0.001492	  0.000399	     -1.00	    575.96	    168.72	      3.72	      3.00	     65.05	     52.53	8.44	 3.074e-05	      5.76	0	Gaussian	315.488191	40.920293
771	1	  0.001521	  0.000578	     -1.00	     36.40	    454.44	      2.78	      2.51	     48.70	     43.94	27.20	 9.646e-05	      5.76	0	Gaussian	312.516167	42.721445
772	1	  0.001486	  0.000472	     -1.00	     57.14	    515.50	      3.41	      2.79	     59.75	     48.87	-14.82	 2.602e-05	      5.76	0	Gaussian	312.715773	42.987422
773	1	  0.001479	  0.000509	     -1.00	    350.48	    427.23	      2.98	      2.64	     52.09	     46.21	-66.38	 2.865e-05	      5.76	0	Gaussian	314.442630	42.321086
774	1	  0.001484	  0.000345	     -1.00	    387.43	    305.48	      4.89	      2.70	     85.55	     47.18	-10.56	 2.234e-05	      5.76	0	Gaussian	314.518134	41.726185
775	1	  0.001489	  0.000421	     -1.00	    120.49	    318.97	      3.41	      2.43	     59.75	     42.59	-19.51	 4.853e-05	      5.77	0	Gaussian	312.888607	42.023416
776	1	  0.001520	  0.000373	     -1.00	    745.18	    710.36	      4.40	      2.65	     76.99	     46.38	2.82	 6.231e-05	      5.77	0	Gaussian	317.265836	43.222773
777	1	  0.001479	  0.000446	     -1.00	     95.03	    592.69	      3.63	      2.83	     63.55	     49.48	-12.30	 2.724e-05	      5.77	0	Gaussian	313.044276	43.312947
778	1	  0.001495	  0.000510	     -1.00	     56.28	    589.13	      3.00	      2.44	     52.49	     42.74	-49.38	 3.857e-05	      5.77	0	Gaussian	312.794679	43.329455
779	1	  0.001501	  0.000357	     -1.00	    769.65	    420.42	      4.05	      2.87	     70.95	     50.30	-10.03	 3.480e-05	      5.78	0	Gaussian	316.997140	41.876277
780	1	  0.001484	  0.000352	     -1.00	    124.83	    283.88	      4.30	      2.78	     75.29	     48.70	-18.25	 3.650e-05	      5.79	0	Gaussian	312.875747	41.857173
781	1	  0.001513	  0.000392	     -1.00	    710.16	    468.29	      3.75	      2.78	     65.66	     48.74	-12.81	 5.908e-05	      5.80	0	Gaussian	316.703948	42.156678
782	1	  0.001504	  0.000432	     -1.00	    675.76	    231.06	      3.76	      2.50	     65.73	     43.78	-5.61	 5.528e-05	      5.80	0	Gaussian	316.169965	41.107956
783	1	  0.001505	  0.000459	     -1.00	    763.49	    171.70	      3.02	      2.61	     52.82	     45.66	-19.88	 7.922e-05	      5.80	0	Gaussian	316.613804	40.748609
784	1	  0.001512	  0.000491	     -1.00	    304.42	    204.76	      2.97	      2.47	     51.98	     43.22	-18.86	 6.998e-05	      5.80	0	Gaussian	313.887815	41.336748
785	1	  0.001487	  0.000373	     -1.00	    721.10	    140.72	      3.91	      2.81	     68.49	     49.21	9.81	 5.790e-05	      5.81	0	Gaussian	316.319426	40.649908
786	1	  0.001491	  0.000500	     -1.00	    294.42	    262.73	      2.99	      2.39	     52.42	     41.86	-9.62	 5.626e-05	      5.81	0	Gaussian	313.895918	41.613187
787	1	  0.001510	  0.000389	     -1.00	    628.11	    543.94	      3.54	      2.42	     61.99	     42.39	-37.32	 7.686e-05	      5.81	0	Gaussian	316.307979	42.586718
788	1	  0.001539	  0.000390	     -1.00	    779.75	    698.23	      3.76	      2.64	     65.80	     46.14	3.10	 1.357e-04	      5.81	0	Gaussian	317.460843	43.130156
789	1	  0.001499	  0.000499	     -1.00	    168.60	     55.76	      2.95	      2.53	     51.57	     44.20	-4.02	 4.953e-05	      5.81	0	Gaussian	312.888313	40.764223
790	1	  0.001533	  0.000459	     -1.00	    624.53	    369.61	      2.99	      2.48	     52.40	     43.49	16.14	 7.664e-05	      5.82	0	Gaussian	316.047514	41.792897
791	1	  0.001507	  0.000517	     -1.00	    628.54	    110.63	      2.87	      2.49	     50.31	     43.54	3.56	 6.199e-05	      5.82	0	Gaussian	315.727630	40.603386
792	1	  0.001486	  0.000358	     -1.00	    109.85	    536.32	      4.14	      2.73	     72.49	     47.72	-20.36	 2.594e-05	      5.82	0	Gaussian	313.072072	43.039218
793	1	  0.001541	  0.000244	     -1.00	    534.82	    571.74	      6.26	      2.28	    109.57	     39.89	-9.86	 4.232e-04	      5.82	0	Gaussian	315.771041	42.808173
794	1	  0.001492	  0.000525	     -1.00	    251.80	    512.66	      2.85	      2.59	     49.85	     45.37	23.24	 3.664e-05	      5.82	0	Gaussian	313.934749	42.805113
795	1	  0.001540	  0.000464	     -1.00	    711.49	    636.51	      2.87	      2.77	     50.25	     48.41	16.30	 1.062e-04	      5.83	0	Gaussian	316.951098	42.922495
796	1	  0.001508	  0.000580	     -1.00	    267.14	    676.50	      3.00	      2.43	     52.48	     42.59	-10.11	 3.149e-04	      5.83	0	Gaussian	314.234624	43.546903
797	1	  0.001501	  0.000518	     -1.00	    449.80	    579.62	      2.88	      2.53	     50.33	     44.32	-14.36	 7.945e-05	      5.83	0	Gaussian	315.254373	42.928027
798	1	  0.001508	  0.000205	     -1.00	     37.90	    243.12	      5.52	      2.98	     96.66	     52.20	-48.62	 3.240e-05	      5.84	0	Gaussian	312.292284	41.739475
799	1	  0.001511	  0.000402	     -1.00	    782.40	    662.24	      3.10	      2.72	     54.26	     47.68	-26.97	 6.395e-05	      5.84	0	Gaussian	317.424036	42.963598
800	1	  0.001470	  0.000419	     -1.00	    551.48	    607.76	      3.87	      2.74	     67.76	     47.89	-3.27	 2.869e-05	      5.84	0	Gaussian	315.923168	42.956488
801	1	  0.001477	  0.000376	     -1.00	    361.89	    501.38	      3.82	      2.93	     66.78	     51.20	-24.16	 3.755e-05	      5.84	0	Gaussian	314.606747	42.652056
802	1	  0.001492	  0.000458	     -1.00	    320.64	    364.27	      3.03	      2.53	     53.00	     44.24	-49.66	 9.926e-05	      5.85	0	Gaussian	314.180331	42.058167
803	1	  0.001496	  0.000268	     -1.00	      7.51	    734.05	      5.09	      3.00	     89.16	     52.46	3.15	 2.349e-05	      5.85	0	Gaussian	312.650509	44.042137
804	1	  0.001513	  0.000336	     -1.00	    682.24	    239.19	      3.64	      3.32	     63.66	     58.18	-67.76	 7.038e-05	      5.85	0	Gaussian	316.219863	41.138684
805	1	  0.001488	  0.000437	     -1.00	    288.94	    474.59	      3.59	      2.62	     62.78	     45.88	-6.55	 7.526e-05	      5.85	0	Gaussian	314.119642	42.595826
806	1	  0.001479	  0.000337	     -1.00	    154.30	    548.93	      3.83	      3.21	     67.03	     56.22	-2.39	 2.784e-05	      5.85	0	Gaussian	313.366907	43.059142
807	1	  0.001509	  0.000455	     -1.00	    719.64	    190.94	      2.98	      2.62	     52.14	     45.82	-18.30	 5.525e-05	      5.85	0	Gaussian	316.378584	40.880718
808	1	  0.001546	  0.000445	     -1.00	    370.40	    784.54	      3.48	      2.33	     60.93	     40.80	-4.82	 5.723e-05	      5.86	0	Gaussian	315.027225	43.946364
809	1	  0.001485	  0.000482	     -1.00	    318.56	     76.80	      2.90	      2.68	     50.79	     46.87	-19.19	 2.865e-05	      5.86	0	Gaussian	313.822076	40.733813
810	1	  0.001515	  0.000303	     -1.00	    369.04	    664.58	      4.47	      2.79	     78.16	     48.90	0.94	 4.248e-05	      5.87	0	Gaussian	314.861144	43.396269
811	1	  0.001494	  0.000382	     -1.00	    336.12	     94.51	      3.72	      2.85	     65.15	     49.84	2.95	 3.015e-05	      5.87	0	Gaussian	313.949307	40.800057
812	1	  0.001471	  0.000389	     -1.00	    486.86	    686.54	      3.64	      2.87	     63.74	     50.28	-17.72	 2.933e-05	      5.87	0	Gaussian	315.628416	43.382132
813	1	  0.001494	  0.000375	     -1.00	     29.07	    175.32	      3.87	      2.78	     67.69	     48.73	-14.22	 2.750e-05	      5.87	0	Gaussian	312.164492	41.431823
814	1	  0.001477	  0.000424	     -1.00	    488.41	    470.13	      3.08	      2.79	     53.84	     48.76	-29.22	 3.033e-05	      5.87	0	Gaussian	315.348968	42.387791
815	1	  0.001503	  0.000504	     -1.00	    607.47	     73.64	      2.84	      2.54	     49.73	     44.48	-6.60	 5.732e-05	      5.88	0	Gaussian	315.553873	40.454296
816	1	  0.001529	  0.000371	     -1.00	    788.37	    681.38	      3.67	      2.74	     64.16	     47.99	-9.39	 1.035e-04	      5.88	0	Gaussian	317.488890	43.044160
817	1	  0.001477	  0.000427	     -1.00	    119.31	    459.67	      3.13	      2.39	     54.81	     41.75	-38.67	 3.848e-05	      5.88	0	Gaussian	313.042498	42.676191
818	1	  0.001479	  0.000373	     -1.00	    297.02	    445.92	      3.62	      3.08	     63.41	     53.97	-6.85	 3.636e-05	      5.88	0	Gaussian	314.134562	42.456221
819	1	  0.001500	  0.000481	     -1.00	     38.69	     45.80	      2.94	      2.42	     51.47	     42.34	0.62	 4.720e-05	      5.89	0	Gaussian	312.085526	40.822924
820	1	  0.001471	  0.000321	     -1.00	    615.56	    275.52	      4.08	      2.99	     71.40	     52.29	-23.50	 2.595e-05	      5.89	0	Gaussian	315.867000	41.371099
821	1	  0.001512	  0.000354	     -1.00	    380.00	    611.71	      3.64	      3.13	     63.66	     54.78	-25.32	 5.222e-05	      5.89	0	Gaussian	314.861103	43.142695
822	1	  0.001486	  0.000371	     -1.00	    549.51	    625.38	      3.66	      2.68	     64.07	     46.97	-7.83	 5.686e-05	      5.89	0	Gaussian	315.935092	43.039151
823	1	  0.001502	  0.000340	     -1.00	    194.92	     88.18	      3.93	      2.85	     68.86	     49.93	-17.75	 5.889e-05	      5.89	0	Gaussian	313.084801	40.892330
824	1	  0.001477	  0.000321	     -1.00	    451.30	    701.67	      3.88	      3.46	     67.96	     60.50	-22.93	 2.517e-05	      5.89	0	Gaussian	315.426245	43.486779
825	1	  0.001480	  0.000331	     -1.00	     80.05	    210.49	      4.09	      2.96	     71.52	     51.75	11.83	 2.267e-05	      5.89	0	Gaussian	312.517132	41.553969
826	1	  0.001505	  0.000450	     -1.00	    654.52	    534.53	      3.00	      2.40	     52.55	     42.06	7.02	 8.148e-05	      5.89	0	Gaussian	316.456914	42.516619
827	1	  0.001477	  0.000334	     -1.00	    472.00	    582.36	      3.82	      3.14	     66.90	     54.97	-7.16	 2.729e-05	      5.90	0	Gaussian	315.395947	42.918982
828	1	  0.001487	  0.000377	     -1.00	    758.69	    142.60	      3.81	      2.73	     66.66	     47.77	-9.77	 4.848e-05	      5.90	0	Gaussian	316.545555	40.620709
829	1	  0.001481	  0.000378	     -1.00	    319.95	    427.99	      3.58	      2.52	     62.61	     44.18	-22.54	 4.183e-05	      5.90	0	Gaussian	314.254616	42.352637
830	1	  0.001499	  0.000340	     -1.00	    524.51	    363.02	      3.33	      2.95	     58.30	     51.63	8.04	 3.194e-05	      5.90	0	Gaussian	315.429743	41.861161
831	1	  0.001497	  0.000271	     -1.00	    629.84	     66.45	      5.62	      2.61	     98.38	     45.60	-12.26	 4.398e-05	      5.90	0	Gaussian	315.677888	40.399876
832	1	  0.001485	  0.000397	     -1.00	     69.34	    558.09	      3.13	      2.71	     54.71	     47.42	-48.37	 5.613e-05	      5.90	0	Gaussian	312.841576	43.174563
833	1	  0.001509	  0.000176	     -1.00	    687.41	    254.24	      6.95	      3.02	    121.65	     52.79	-9.14	 5.722e-05	      5.90	0	Gaussian	316.271231	41.202283
834	1	  0.001461	  0.000433	     -1.00	    174.54	    657.98	      3.13	      2.32	     54.87	     40.67	2.60	 3.624e-05	      5.90	0	Gaussian	313.625770	43.545443
835	1	  0.001517	  0.000460	     -1.00	    146.56	    348.74	      2.94	      2.37	     51.48	     41.44	22.35	 1.027e-04	      5.90	0	Gaussian	313.084427	42.139313
836	1	  0.001494	  0.000370	     -1.00	    304.73	    131.88	      3.73	      2.74	     65.30	     47.95	-11.21	 5.157e-05	      5.91	0	Gaussian	313.803195	41.000080
837	1	  0.001526	  0.000245	     -1.00	    369.48	    700.44	      5.20	      2.82	     91.03	     49.28	-12.52	 3.396e-05	      5.91	0	Gaussian	314.910721	43.560758
838	1	  0.001485	  0.000341	     -1.00	      9.83	    399.77	      3.85	      2.87	     67.35	     50.30	-11.82	 2.778e-05	      5.91	0	Gaussian	312.288709	42.489409
839	1	  0.001547	  0.000375	     -1.00	    386.60	    754.64	      3.75	      2.44	     65.71	     42.73	-11.70	 9.067e-05	      5.91	0	Gaussian	315.090017	43.793279
840	1	  0.001480	  0.000297	     -1.00	    667.19	    606.54	      4.24	      2.75	     74.18	     48.07	-24.51	 3.597e-05	      5.92	0	Gaussian	316.635876	42.832336
841	1	  0.001497	  0.000441	     -1.00	    356.42	    258.55	      3.01	      2.40	     52.65	     41.94	-48.32	 4.881e-05	      5.92	0	Gaussian	314.270534	41.538277
842	1	  0.001517	  0.000429	     -1.00	    303.21	    195.47	      3.02	      2.31	     52.93	     40.44	34.79	 6.842e-05	      5.93	0	Gaussian	313.869364	41.294940
843	1	  0.001486	  0.000293	     -1.00	    375.60	     49.07	      4.14	      2.90	     72.40	     50.78	-0.74	 3.319e-05	      5.93	0	Gaussian	314.133476	40.555657
844	1	  0.001489	  0.000297	     -1.00	     31.03	    366.74	      4.56	      2.88	     79.76	     50.48	-5.11	 2.495e-05	      5.93	0	Gaussian	312.384983	42.318894
845	1	  0.001479	  0.000437	     -1.00	    174.55	    745.45	      3.00	      2.59	     52.58	     45.41	-2.91	 7.395e-05	      5.93	0	Gaussian	313.732920	43.949448
846	1	  0.001484	  0.000318	     -1.00	    415.01	    532.70	      4.07	      2.87	     71.28	     50.19	-12.33	 2.296e-05	      5.93	0	Gaussian	314.976818	42.745950
847	1	  0.001477	  0.000364	     -1.00	    711.50	     75.12	      3.25	      2.63	     56.81	     46.01	-54.03	 5.481e-05	      5.93	0	Gaussian	316.174573	40.359779
848	1	  0.001476	  0.000328	     -1.00	    507.55	     79.52	      4.15	      2.49	     72.72	     43.59	-5.58	 2.845e-05	      5.94	0	Gaussian	314.963817	40.575669
849	1	  0.001497	  0.000388	     -1.00	    695.97	    489.72	      3.60	      2.78	     62.99	     48.74	-3.37	 6.224e-05	      5.95	0	Gaussian	316.647618	42.269181
850	1	  0.001483	  0.000474	     -1.00	    574.69	    724.69	      2.89	      2.53	     50.50	     44.25	-25.21	 9.839e-05	      5.95	0	Gaussian	316.229169	43.467870
851	1	  0.001513	  0.000459	     -1.00	    274.75	    768.02	      3.96	      2.16	     69.23	     37.81	-17.12	 2.223e-04	      5.95	0	Gaussian	314.399053	43.961535
852	1	  0.001488	  0.000295	     -1.00	    731.05	    280.36	      3.87	      3.32	     67.81	     58.05	-33.53	 2.651e-05	      5.95	0	Gaussian	316.568965	41.277443
853	1	  0.001486	  0.000382	     -1.00	    338.02	     59.16	      3.66	      2.72	     63.98	     47.68	-4.00	 2.918e-05	      5.95	0	Gaussian	313.918878	40.635398
854	1	  0.001518	  0.000433	     -1.00	    300.41	    648.90	      2.93	      2.54	     51.23	     44.52	-7.36	 1.021e-04	      5.96	0	Gaussian	314.409532	43.388872
855	1	  0.001492	  0.000348	     -1.00	    787.41	    615.53	      3.84	      2.64	     67.27	     46.29	-9.24	 4.128e-05	      5.96	0	Gaussian	317.386150	42.745727
856	1	  0.001496	  0.000389	     -1.00	    696.07	    482.77	      3.61	      2.63	     63.26	     46.01	-7.50	 6.264e-05	      5.96	0	Gaussian	316.638471	42.237365
857	1	  0.001521	  0.000453	     -1.00	    360.70	    628.61	      2.87	      2.49	     50.16	     43.66	5.08	 8.371e-05	      5.96	0	Gaussian	314.762168	43.238765
858	1	  0.001499	  0.000371	     -1.00	    462.80	    570.65	      3.87	      2.45	     67.75	     42.90	-8.54	 7.542e-05	      5.96	0	Gaussian	315.323247	42.874177
859	1	  0.001501	  0.000385	     -1.00	     34.43	    195.27	      3.11	      2.39	     54.52	     41.76	-37.12	 3.390e-05	      5.96	0	Gaussian	312.219027	41.520167
860	1	  0.001493	  0.000341	     -1.00	    483.87	    280.18	      3.80	      2.79	     66.49	     48.90	1.73	 2.988e-05	      5.96	0	Gaussian	315.074814	41.519732
861	1	  0.001515	  0.000283	     -1.00	    620.72	    459.71	      5.25	      2.29	     91.93	     40.01	3.68	 1.346e-04	      5.97	0	Gaussian	316.146753	42.209020
862	1	  0.001491	  0.000424	     -1.00	     85.40	    536.53	      2.99	      2.46	     52.39	     43.06	-30.14	 4.907e-05	      5.97	0	Gaussian	312.918162	43.061063
863	1	  0.001511	  0.000385	     -1.00	    643.94	     81.79	      3.34	      2.80	     58.40	     48.96	-2.16	 1.494e-04	      5.97	0	Gaussian	315.781849	40.456423
864	1	  0.001509	  0.000398	     -1.00	    107.63	    661.55	      3.55	      2.47	     62.15	     43.25	-5.23	 1.131e-04	      5.98	0	Gaussian	313.205358	43.620798
865	1	  0.001551	  0.000364	     -1.00	    579.59	    407.55	      3.82	      2.16	     66.80	     37.84	-25.06	 1.922e-04	      5.98	0	Gaussian	315.824916	42.011378
866	1	  0.001504	  0.000317	     -1.00	     82.56	    150.56	      3.93	      2.63	     68.77	     46.06	5.25	 9.344e-05	      5.98	0	Gaussian	312.466904	41.273978
867	1	  0.001521	  0.000296	     -1.00	    605.23	    364.46	      3.90	      2.85	     68.33	     49.87	-3.86	 5.756e-05	      5.98	0	Gaussian	315.923303	41.788550
868	1	  0.001528	  0.000422	     -1.00	    716.37	    406.87	      2.91	      2.45	     50.98	     42.82	-12.45	 8.236e-05	      5.99	0	Gaussian	316.655699	41.869915
869	1	  0.001501	  0.000284	     -1.00	    676.36	    434.75	      3.80	      2.93	     66.51	     51.32	-2.21	 5.227e-05	      5.99	0	Gaussian	316.451595	42.038334
870	1	  0.001516	  0.000444	     -1.00	    201.47	    479.89	      2.89	      2.35	     50.65	     41.16	-2.01	 1.097e-04	      6.00	0	Gaussian	313.580481	42.698536
871	1	  0.001519	  0.000277	     -1.00	    605.71	    357.07	      4.05	      2.84	     70.84	     49.70	1.42	 5.292e-05	      6.01	0	Gaussian	315.916298	41.754275
872	1	  0.001494	  0.000424	     -1.00	     75.59	    586.34	      3.03	      2.03	     53.05	     35.45	-36.01	 3.851e-05	      6.01	0	Gaussian	312.913822	43.300157
873	1	  0.001504	  0.000387	     -1.00	    382.36	    539.07	      3.01	      2.59	     52.66	     45.29	-20.13	 4.130e-05	      6.01	0	Gaussian	314.782121	42.806299
874	1	  0.001510	  0.000300	     -1.00	    326.84	    204.26	      4.00	      2.66	     69.93	     46.48	-31.27	 6.789e-05	      6.01	0	Gaussian	314.024011	41.314531
875	1	  0.001509	  0.000299	     -1.00	    632.58	    157.56	      3.88	      2.73	     67.89	     47.79	-22.30	 5.213e-05	      6.03	0	Gaussian	315.813322	40.814319
876	1	  0.001531	  0.000352	     -1.00	    744.39	    144.56	      2.97	      2.80	     51.91	     48.97	56.92	 2.138e-04	      6.03	0	Gaussian	316.463200	40.644064
877	1	  0.001500	  0.000319	     -1.00	    300.09	     51.82	      4.47	      2.34	     78.27	     41.01	0.44	 5.738e-05	      6.03	0	Gaussian	313.681106	40.634627
878	1	  0.001493	  0.000361	     -1.00	     80.92	    332.80	      3.37	      2.82	     58.93	     49.39	-1.03	 4.007e-05	      6.03	0	Gaussian	312.658303	42.120455
879	1	  0.001531	  0.000313	     -1.00	    329.69	    651.24	      3.73	      2.73	     65.24	     47.79	-13.70	 4.827e-05	      6.03	0	Gaussian	314.596653	43.372213
880	1	  0.001537	  0.000417	     -1.00	    323.21	    196.65	      3.10	      2.56	     54.19	     44.76	-13.18	 9.721e-05	      6.03	0	Gaussian	313.992789	41.282642
881	1	  0.001502	  0.000342	     -1.00	    575.13	     31.30	      3.65	      2.76	     63.82	     48.22	-5.49	 3.286e-05	      6.04	0	Gaussian	315.306861	40.291024
882	1	  0.001521	  0.000340	     -1.00	    406.57	    123.77	      3.73	      2.48	     65.32	     43.34	-6.14	 1.791e-04	      6.04	0	Gaussian	314.410644	40.871936
883	1	  0.001506	  0.000279	     -1.00	    285.79	    187.56	      4.16	      2.55	     72.87	     44.65	-20.48	 3.866e-05	      6.04	0	Gaussian	313.753647	41.273755
884	1	  0.001532	  0.000387	     -1.00	    397.88	    764.27	      3.46	      2.45	     60.52	     42.89	-3.83	 1.184e-04	      6.04	0	Gaussian	315.174001	43.826515
885	1	  0.001515	  0.000350	     -1.00	    302.56	    267.36	      3.39	      2.47	     59.41	     43.20	-8.75	 1.686e-04	      6.04	0	Gaussian	313.951417	41.627320
886	1	  0.001558	  0.000430	     -1.00	    185.90	    486.47	      3.08	      2.45	     53.99	     42.85	6.76	 6.078e-04	      6.05	0	Gaussian	313.490987	42.742632
887	1	  0.001496	  0.000305	     -1.00	    159.03	     63.12	      3.85	      2.92	     67.46	     51.18	-11.87	 6.691e-05	      6.05	0	Gaussian	312.838230	40.806222
888	1	  0.001507	  0.000403	     -1.00	    470.59	    321.63	      3.00	      2.08	     52.45	     36.41	-23.50	 3.313e-05	      6.06	0	Gaussian	315.046988	41.722785
889	1	  0.001499	  0.000282	     -1.00	    412.66	    687.41	      3.92	      2.86	     68.61	     50.13	-11.56	 2.567e-05	      6.07	0	Gaussian	315.164938	43.459149
890	1	  0.001492	  0.000390	     -1.00	     87.43	    351.84	      3.02	      2.24	     52.83	     39.28	-3.39	 3.423e-05	      6.07	0	Gaussian	312.720227	42.203351
891	1	  0.001491	  0.000315	     -1.00	     75.37	    552.08	      3.34	      3.11	     58.51	     54.51	-16.48	 6.553e-05	      6.08	0	Gaussian	312.872783	43.141617
892	1	  0.001495	  0.000391	     -1.00	     91.20	    525.64	      3.42	      2.64	     59.94	     46.26	-14.71	 5.273e-05	      6.08	0	Gaussian	312.942157	43.005708
893	1	  0.001492	  0.000355	     -1.00	    311.90	    127.67	      3.52	      2.66	     61.60	     46.62	-6.93	 5.581e-05	      6.08	0	Gaussian	313.841781	40.974380
894	1	  0.001493	  0.000310	     -1.00	    414.71	    258.76	      3.83	      2.69	     66.97	     47.05	2.04	 2.895e-05	      6.08	0	Gaussian	314.626600	41.485912
895	1	  0.001531	  0.000445	     -1.00	    155.40	    240.41	      2.81	      2.16	     49.16	     37.74	-21.95	 2.226e-04	      6.08	0	Gaussian	313.015210	41.630178
896	1	  0.001498	  0.000253	     -1.00	    568.89	    551.15	      4.37	      2.63	     76.43	     46.10	-21.36	 3.924e-05	      6.09	0	Gaussian	315.953447	42.679745
897	1	  0.001508	  0.000270	     -1.00	    764.31	    656.21	      4.50	      2.69	     78.83	     47.00	-2.04	 5.109e-05	      6.10	0	Gaussian	317.304167	42.955760
898	1	  0.001503	  0.000295	     -1.00	    132.86	    359.21	      3.96	      2.66	     69.38	     46.63	-4.04	 1.097e-04	      6.10	0	Gaussian	313.011315	42.199406
899	1	  0.001517	  0.000249	     -1.00	    594.38	    436.34	      4.77	      2.61	     83.44	     45.74	-10.67	 5.977e-05	      6.10	0	Gaussian	315.954053	42.128519
900	1	  0.001505	  0.000226	     -1.00	    671.64	    787.11	      4.43	      2.44	     77.46	     42.62	37.69	 6.693e-05	      6.11	0	Gaussian	316.922188	43.651197
901	1	  0.001503	  0.000291	     -1.00	    644.42	    399.66	      3.91	      2.56	     68.35	     44.81	-1.58	 4.044e-05	      6.11	0	Gaussian	316.209146	41.910393
902	1	  0.001513	  0.000185	     -1.00	    420.55	    327.79	      4.84	      3.84	     84.68	     67.29	-84.98	 4.239e-05	      6.12	0	Gaussian	314.748874	41.798171
903	1	  0.001547	  0.000474	     -1.00	    712.15	    311.02	      3.16	      2.16	     55.31	     37.74	-4.62	 1.378e-04	      6.13	0	Gaussian	316.497551	41.436676
904	1	  0.001515	  0.000355	     -1.00	    780.08	    653.64	      3.33	      2.64	     58.22	     46.14	-10.07	 8.017e-05	      6.13	0	Gaussian	317.397163	42.926993
905	1	  0.001532	  0.000303	     -1.00	    733.74	    724.20	      3.86	      2.86	     67.49	     50.01	-53.24	 1.551e-04	      6.14	0	Gaussian	317.215499	43.298102
906	1	  0.001502	  0.000314	     -1.00	    680.89	    535.25	      3.50	      2.82	     61.17	     49.44	8.13	 9.331e-05	      6.14	0	Gaussian	316.619446	42.492677
907	1	  0.001482	  0.000311	     -1.00	    344.43	    737.69	      3.22	      2.16	     56.35	     37.86	-40.07	 3.445e-05	      6.16	0	Gaussian	314.801420	43.756000
908	1	  0.001492	  0.000300	     -1.00	    260.56	    631.28	      3.55	      2.67	     62.07	     46.67	70.62	 1.089e-04	      6.16	0	Gaussian	314.136399	43.344478
909	1	  0.001516	  0.000236	     -1.00	    680.10	    249.50	      5.27	      2.49	     92.23	     43.64	-79.08	 5.804e-05	      6.17	0	Gaussian	316.220935	41.187942
910	1	  0.001507	  0.000242	     -1.00	    631.32	     72.52	      3.52	      3.13	     61.67	     54.81	15.14	 5.476e-05	      6.17	0	Gaussian	315.694602	40.426201
911	1	  0.001517	  0.000364	     -1.00	    308.21	     56.13	      3.92	      2.22	     68.65	     38.85	-8.59	 1.383e-04	      6.17	0	Gaussian	313.735232	40.647436
912	1	  0.001523	  0.000397	     -1.00	     94.43	    783.19	      2.85	      2.20	     49.89	     38.58	-34.05	 1.377e-04	      6.17	0	Gaussian	313.266305	44.194964
913	1	  0.001511	  0.000373	     -1.00	    146.44	    279.78	      2.89	      2.34	     50.51	     41.02	-19.63	 1.054e-04	      6.19	0	Gaussian	313.004710	41.820067
914	1	  0.001534	  0.000325	     -1.00	    750.74	     70.63	      4.06	      2.26	     71.05	     39.48	18.77	 1.587e-04	      6.19	0	Gaussian	316.401038	40.300301
915	1	  0.001517	  0.000288	     -1.00	    434.29	    331.29	      3.79	      2.56	     66.28	     44.75	-4.49	 9.577e-05	      6.19	0	Gaussian	314.837412	41.801434
916	1	  0.001528	  0.000493	     -1.00	    324.80	    187.03	      2.70	      2.14	     47.19	     37.47	-27.94	 8.706e-05	      6.19	0	Gaussian	313.990946	41.236841
917	1	  0.001507	  0.000287	     -1.00	    394.12	    196.07	      3.70	      2.80	     64.81	     49.03	-19.15	 3.672e-05	      6.21	0	Gaussian	314.423693	41.216182
918	1	  0.001526	  0.000226	     -1.00	    478.64	    332.49	      4.67	      2.63	     81.73	     46.01	-11.46	 8.581e-05	      6.21	0	Gaussian	315.110037	41.765032
919	1	  0.001508	  0.000254	     -1.00	    345.89	    161.20	      3.83	      2.89	     67.04	     50.56	-24.89	 9.768e-05	      6.21	0	Gaussian	314.088217	41.098945
920	1	  0.001508	  0.000308	     -1.00	    705.11	    706.69	      3.20	      2.80	     56.05	     49.00	-9.89	 4.865e-05	      6.23	0	Gaussian	317.013076	43.249094
921	1	  0.001513	  0.000249	     -1.00	    627.83	    146.42	      3.86	      2.77	     67.63	     48.46	-16.32	 4.993e-05	      6.23	0	Gaussian	315.770235	40.767943
922	1	  0.001561	  0.000384	     -1.00	    638.61	    497.26	      3.31	      2.09	     57.99	     36.50	9.04	 2.684e-04	      6.25	0	Gaussian	316.307727	42.362601
923	1	  0.001501	  0.000258	     -1.00	     45.42	    437.40	      3.96	      2.40	     69.29	     41.97	-22.09	 3.401e-05	      6.25	0	Gaussian	312.553727	42.634957
924	1	  0.001514	  0.000232	     -1.00	    709.82	    382.53	      4.17	      2.42	     72.96	     42.30	8.49	 4.156e-05	      6.26	0	Gaussian	316.582221	41.765578
925	1	  0.001507	  0.000324	     -1.00	    659.60	    255.73	      3.00	      2.25	     52.43	     39.31	-68.80	 5.751e-05	      6.26	0	Gaussian	316.106036	41.236870
926	1	  0.001515	  0.000216	     -1.00	     86.78	     18.94	      4.51	      2.75	     79.02	     48.07	-6.53	 7.221e-05	      6.27	0	Gaussian	312.350211	40.660175
927	1	  0.001523	  0.000370	     -1.00	    234.57	    346.74	      2.78	      2.33	     48.71	     40.82	-32.93	 1.013e-04	      6.27	0	Gaussian	313.627579	42.054001
928	1	  0.001546	  0.000282	     -1.00	    366.78	    749.19	      4.14	      2.81	     72.45	     49.14	0.03	 4.879e-05	      6.31	0	Gaussian	314.957677	43.787446
929	1	  0.001525	  0.000245	     -1.00	    670.36	    663.60	      4.43	      2.34	     77.48	     40.91	-16.12	 1.413e-04	      6.32	0	Gaussian	316.736489	43.089435
930	1	  0.001534	  0.000339	     -1.00	    622.05	    443.40	      3.05	      2.41	     53.41	     42.16	-25.06	 8.883e-05	      6.35	0	Gaussian	316.132610	42.133050
931	1	  0.001511	  0.000305	     -1.00	    487.46	     74.47	      2.95	      2.27	     51.58	     39.68	-35.50	 2.144e-04	      6.36	0	Gaussian	314.836977	40.571133
932	1	  0.001542	  0.000311	     -1.00	    708.26	    645.47	      3.25	      2.34	     56.88	     41.02	-18.90	 1.097e-04	      6.40	0	Gaussian	316.944149	42.966749
933	1	  0.001516	  0.000232	     -1.00	    623.91	     97.88	      4.24	      2.69	     74.25	     47.03	49.38	 1.001e-04	      6.55	0	Gaussian	315.683408	40.549483
934	1	  0.001535	  0.000262	     -1.00	    568.42	    459.26	      2.85	      2.29	     49.86	     40.13	-74.00	 9.901e-05	      6.55	0	Gaussian	315.826090	42.259363
935	1	  0.001549	  0.000197	     -1.00	    750.84	    779.16	      2.58	      2.35	     45.08	     41.11	35.53	 2.751e-04	      6.61	0	Gaussian	317.402261	43.529602
936	1	  0.001555	  0.000217	     -1.00	    374.83	    740.06	      2.01	      2.00	     35.22	     34.98	-33.64	 4.814e-05	      7.06	0	Gaussian	314.996479	43.737691
937	1	  0.001538	  0.000176	     -1.00	    745.58	    701.90	      2.30	      2.14	     40.32	     37.40	65.76	 9.495e-05	      7.47	0	Gaussian	317.255905	43.183847
938	1	  0.001567	  0.000381	     -1.00	    742.76	    748.45	      3.16	      2.76	     55.34	     48.28	50.24	 2.532e-04	      7.48	0	Gaussian	317.306853	43.398693
939	1	  0.001553	  0.000353	     -1.00	    681.14	    315.70	      1.45	      1.24	     25.34	     21.77	34.62	 1.957e-04	      8.98	0	Gaussian	316.317029	41.489499
940	1	  0.001608	  0.000377	     -1.00	    766.03	    724.12	      1.55	      1.15	     27.19	     20.17	-19.14	 4.566e-04	    999.00	0	Gaussian	317.414574	43.262771
941	1	  0.001714	  0.000253	     -1.00	    382.32	    632.43	      3.06	      2.68	     53.52	     46.89	1.48	 1.524e-03	    999.00	0	Gaussian	314.902533	43.235783
