# 1021 stars found using the following parameters:
# sigma=1.00 roundness=0.10 radius=5 relax=1 profile=0 minbeta=1.5 max_stars=0 layer=1 minA=0.00 maxA=0.00 maxR=1.00
# star#	layer	B	A	beta	X	Y	FWHMx [px]	FWHMy [px]	FWHMx ["]	FWHMy ["]	angle	RMSE	mag	Sat	Profile	RA	Dec
1	1	  0.002839	  1.043821	     -1.00	    209.29	    502.13	      3.47	      3.22	     60.75	     56.28	2.60	 8.562e-03	     -2.80	1	Gaussian	296.243716	45.130384
2	1	  0.001908	  0.350262	     -1.00	    366.38	    417.09	      2.72	      2.64	     47.57	     46.21	0.79	 2.409e-03	     -1.14	0	Gaussian	295.208066	45.525068
3	1	  0.002004	  0.317847	     -1.00	    529.14	    592.50	      2.66	      2.56	     46.49	     44.84	7.45	 3.065e-03	     -0.97	0	Gaussian	294.155561	44.693571
4	1	  0.001784	  0.111874	     -1.00	    413.43	    323.95	      2.72	      2.59	     47.56	     45.27	0.07	 1.354e-03	      0.13	0	Gaussian	294.891926	45.956899
5	1	  0.001446	  0.089816	     -1.00	    605.92	    751.07	      2.68	      2.67	     46.82	     46.79	72.54	 8.899e-04	      0.34	0	Gaussian	293.682135	43.945281
6	1	  0.001447	  0.070929	     -1.00	    765.22	    272.18	      2.73	      2.67	     47.70	     46.65	21.45	 6.303e-04	      0.58	0	Gaussian	292.552770	46.147625
7	1	  0.001475	  0.070166	     -1.00	    767.49	     99.76	      2.68	      2.58	     46.92	     45.14	6.36	 7.968e-04	      0.65	0	Gaussian	292.494709	46.946504
8	1	  0.001429	  0.061573	     -1.00	    179.02	    212.54	      2.64	      2.41	     46.25	     42.27	0.88	 5.664e-04	      0.88	0	Gaussian	296.462144	46.484548
9	1	  0.001376	  0.056333	     -1.00	    426.15	    649.57	      2.74	      2.53	     47.93	     44.27	4.39	 5.687e-04	      0.89	0	Gaussian	294.828256	44.435333
10	1	  0.001386	  0.057026	     -1.00	    142.26	    668.76	      2.73	      2.49	     47.73	     43.50	-3.59	 5.486e-04	      0.90	0	Gaussian	296.671756	44.347815
11	1	  0.001405	  0.056250	     -1.00	     53.28	    661.32	      2.70	      2.53	     47.29	     44.33	-6.94	 5.017e-04	      0.90	0	Gaussian	297.252316	44.377295
12	1	  0.001392	  0.051227	     -1.00	    733.50	    233.93	      2.74	      2.71	     47.87	     47.50	51.20	 4.883e-04	      0.91	0	Gaussian	292.753493	46.331692
13	1	  0.001388	  0.050497	     -1.00	    374.60	    574.55	      2.71	      2.44	     47.39	     42.70	-1.33	 4.717e-04	      1.06	0	Gaussian	295.159628	44.788799
14	1	  0.001330	  0.044526	     -1.00	    530.20	    355.82	      2.73	      2.61	     47.86	     45.73	-4.16	 3.893e-04	      1.11	0	Gaussian	294.120748	45.797162
15	1	  0.001354	  0.043518	     -1.00	    292.92	     57.09	      2.69	      2.69	     47.16	     47.01	-68.30	 3.390e-04	      1.12	0	Gaussian	295.695852	47.208160
16	1	  0.001418	  0.043857	     -1.00	    592.33	    210.05	      2.75	      2.60	     48.10	     45.45	-31.53	 4.210e-04	      1.12	0	Gaussian	293.687999	46.467425
17	1	  0.001386	  0.045964	     -1.00	    218.44	    545.35	      2.67	      2.46	     46.79	     43.05	0.78	 4.077e-04	      1.17	0	Gaussian	296.181528	44.928176
18	1	  0.001411	  0.040449	     -1.00	    184.29	    537.82	      2.76	      2.52	     48.31	     44.13	10.23	 6.050e-04	      1.24	0	Gaussian	296.406212	44.962823
19	1	  0.001319	  0.037292	     -1.00	    341.82	     30.92	      2.74	      2.68	     48.04	     46.86	7.77	 2.735e-04	      1.27	0	Gaussian	295.362334	47.327528
20	1	  0.001325	  0.038922	     -1.00	    161.16	    372.72	      2.62	      2.55	     45.87	     44.71	0.12	 3.156e-04	      1.32	0	Gaussian	296.570452	45.735236
21	1	  0.001319	  0.035116	     -1.00	    655.36	    300.01	      2.71	      2.67	     47.39	     46.68	14.83	 3.358e-04	      1.35	0	Gaussian	293.284674	46.039155
22	1	  0.001296	  0.036414	     -1.00	    157.33	    622.71	      2.66	      2.42	     46.59	     42.31	2.49	 2.793e-04	      1.44	0	Gaussian	296.577102	44.564276
23	1	  0.001433	  0.034225	     -1.00	    271.60	     49.59	      2.70	      2.48	     47.34	     43.48	-17.76	 5.325e-04	      1.46	0	Gaussian	295.841233	47.243911
24	1	  0.001294	  0.030698	     -1.00	    367.72	    233.01	      2.73	      2.72	     47.72	     47.61	-5.48	 2.672e-04	      1.47	0	Gaussian	295.192834	46.384214
25	1	  0.001307	  0.027445	     -1.00	    787.35	    585.25	      2.76	      2.65	     48.34	     46.33	7.57	 3.106e-04	      1.61	0	Gaussian	292.485167	44.689082
26	1	  0.001283	  0.028167	     -1.00	    369.91	    630.37	      2.77	      2.53	     48.50	     44.35	1.88	 2.287e-04	      1.62	0	Gaussian	295.192165	44.527969
27	1	  0.001326	  0.024368	     -1.00	    433.14	    777.04	      2.94	      2.73	     51.46	     47.73	5.53	 2.415e-04	      1.64	0	Gaussian	294.791386	43.839026
28	1	  0.001278	  0.022330	     -1.00	     19.91	    495.73	      2.90	      2.58	     50.84	     45.12	-43.10	 1.739e-04	      1.81	0	Gaussian	297.494115	45.151266
29	1	  0.001334	  0.022297	     -1.00	    306.32	    739.07	      2.80	      2.67	     49.05	     46.77	0.36	 2.109e-04	      1.81	0	Gaussian	295.605850	44.021042
30	1	  0.001306	  0.023050	     -1.00	    669.08	    241.16	      2.70	      2.63	     47.29	     46.01	20.10	 2.176e-04	      1.83	0	Gaussian	293.182544	46.310294
31	1	  0.001284	  0.021985	     -1.00	    469.64	    338.61	      2.79	      2.56	     48.80	     44.88	-1.98	 1.981e-04	      1.87	0	Gaussian	294.519864	45.883778
32	1	  0.001726	  0.019293	     -1.00	    564.96	    219.39	      3.13	      2.51	     54.72	     43.89	-16.66	 1.170e-03	      1.91	0	Gaussian	293.872074	46.427903
33	1	  0.001388	  0.023228	     -1.00	    143.97	    793.52	      2.70	      2.38	     47.27	     41.70	1.45	 2.931e-04	      1.93	0	Gaussian	296.650735	43.762864
34	1	  0.001326	  0.019313	     -1.00	     60.27	    535.09	      2.84	      2.62	     49.78	     45.94	-21.13	 2.203e-04	      1.97	0	Gaussian	297.222397	44.969848
35	1	  0.001389	  0.018780	     -1.00	    562.81	    184.76	      2.75	      2.64	     48.21	     46.22	9.10	 2.170e-04	      2.03	0	Gaussian	293.881592	46.589299
36	1	  0.001289	  0.018118	     -1.00	    680.49	    548.14	      2.82	      2.65	     49.34	     46.45	6.83	 1.998e-04	      2.03	0	Gaussian	293.167279	44.880597
37	1	  0.001285	  0.018810	     -1.00	    569.29	    432.46	      2.73	      2.51	     47.81	     43.91	4.44	 1.796e-04	      2.09	0	Gaussian	293.873216	45.435290
38	1	  0.001450	  0.018760	     -1.00	    215.16	    317.15	      2.73	      2.50	     47.76	     43.69	-5.68	 9.580e-04	      2.10	0	Gaussian	296.213572	45.995858
39	1	  0.001300	  0.019445	     -1.00	    190.23	    692.54	      2.69	      2.41	     47.04	     42.14	0.67	 1.831e-04	      2.12	0	Gaussian	296.358310	44.238084
40	1	  0.001288	  0.017883	     -1.00	    157.99	    754.41	      2.79	      2.44	     48.77	     42.70	0.04	 1.443e-04	      2.15	0	Gaussian	296.563232	43.946918
41	1	  0.001355	  0.014974	     -1.00	    754.62	    768.06	      2.82	      2.79	     49.31	     48.84	-5.78	 2.376e-04	      2.18	0	Gaussian	292.737281	43.844673
42	1	  0.001367	  0.016373	     -1.00	    207.87	    183.91	      2.67	      2.66	     46.72	     46.60	10.86	 3.463e-04	      2.20	0	Gaussian	296.269126	46.618423
43	1	  0.001304	  0.015655	     -1.00	    493.88	    479.19	      2.73	      2.68	     47.85	     46.92	14.69	 1.732e-04	      2.21	0	Gaussian	294.373264	45.225766
44	1	  0.001303	  0.016185	     -1.00	     60.25	    555.86	      2.76	      2.55	     48.30	     44.67	22.47	 1.678e-04	      2.23	0	Gaussian	297.219930	44.872467
45	1	  0.001284	  0.013891	     -1.00	    611.00	    506.97	      2.76	      2.70	     48.35	     47.25	8.90	 1.340e-04	      2.33	0	Gaussian	293.611606	45.082639
46	1	  0.001270	  0.015662	     -1.00	    687.23	     36.59	      2.60	      2.51	     45.56	     43.99	-1.10	 1.785e-04	      2.34	0	Gaussian	293.019350	47.256120
47	1	  0.001381	  0.013237	     -1.00	    769.13	    660.15	      2.81	      2.72	     49.16	     47.65	18.60	 4.171e-04	      2.35	0	Gaussian	292.620090	44.344235
48	1	  0.001241	  0.014117	     -1.00	     87.94	    490.99	      2.77	      2.57	     48.41	     45.05	2.51	 1.195e-04	      2.36	0	Gaussian	297.045094	45.178342
49	1	  0.001254	  0.014585	     -1.00	    326.02	    200.26	      2.66	      2.59	     46.63	     45.28	12.13	 1.386e-04	      2.36	0	Gaussian	295.472163	46.539269
50	1	  0.001240	  0.013126	     -1.00	    578.56	    566.09	      2.78	      2.66	     48.61	     46.49	9.55	 1.258e-04	      2.40	0	Gaussian	293.831412	44.811245
51	1	  0.001280	  0.012699	     -1.00	    213.66	    729.24	      2.78	      2.70	     48.74	     47.20	17.68	 1.537e-04	      2.42	0	Gaussian	296.204685	44.066675
52	1	  0.001243	  0.012828	     -1.00	    544.62	    182.13	      2.72	      2.66	     47.53	     46.51	-1.61	 1.234e-04	      2.45	0	Gaussian	294.003012	46.604014
53	1	  0.001240	  0.012617	     -1.00	    733.12	    744.24	      2.80	      2.61	     49.05	     45.68	6.33	 1.416e-04	      2.45	0	Gaussian	292.868917	43.959136
54	1	  0.001258	  0.012166	     -1.00	    366.89	     11.90	      2.78	      2.71	     48.58	     47.43	-38.37	 1.127e-04	      2.46	0	Gaussian	295.190722	47.414396
55	1	  0.001253	  0.012470	     -1.00	    380.86	    380.57	      2.81	      2.57	     49.25	     44.94	0.78	 1.238e-04	      2.48	0	Gaussian	295.110890	45.694825
56	1	  0.001249	  0.013173	     -1.00	    124.70	    561.99	      2.63	      2.56	     46.03	     44.87	-81.50	 1.258e-04	      2.49	0	Gaussian	296.795791	44.847511
57	1	  0.001257	  0.012241	     -1.00	    219.98	    679.98	      2.69	      2.67	     47.02	     46.78	65.14	 1.218e-04	      2.50	0	Gaussian	296.165810	44.297583
58	1	  0.001251	  0.012295	     -1.00	    775.55	    414.47	      2.71	      2.58	     47.36	     45.09	2.03	 1.331e-04	      2.53	0	Gaussian	292.519797	45.484952
59	1	  0.001261	  0.010862	     -1.00	    586.29	    741.09	      2.80	      2.74	     48.97	     47.99	8.92	 1.163e-04	      2.56	0	Gaussian	293.806291	43.994077
60	1	  0.001295	  0.011043	     -1.00	    499.53	    588.89	      2.80	      2.71	     48.95	     47.39	-35.19	 1.705e-04	      2.57	0	Gaussian	294.347397	44.713269
61	1	  0.001263	  0.012024	     -1.00	    117.98	    342.59	      2.73	      2.47	     47.71	     43.29	0.38	 1.018e-04	      2.59	0	Gaussian	296.861123	45.874814
62	1	  0.001299	  0.012007	     -1.00	    257.90	    726.59	      2.71	      2.47	     47.36	     43.24	7.69	 1.423e-04	      2.59	0	Gaussian	295.918643	44.079671
63	1	  0.001272	  0.010980	     -1.00	    432.47	    120.93	      2.76	      2.64	     48.34	     46.20	-13.92	 1.177e-04	      2.60	0	Gaussian	294.751246	46.901462
64	1	  0.001281	  0.010935	     -1.00	    719.69	     77.32	      2.68	      2.59	     46.84	     45.32	-9.69	 1.716e-04	      2.67	0	Gaussian	292.809841	47.060771
65	1	  0.001629	  0.012459	     -1.00	    175.20	    547.40	      2.62	      2.33	     45.93	     40.70	2.03	 2.417e-03	      2.67	0	Gaussian	296.465281	44.917725
66	1	  0.001346	  0.009431	     -1.00	    352.84	    365.53	      3.14	      2.49	     55.04	     43.51	-8.03	 2.427e-04	      2.69	0	Gaussian	295.296145	45.766565
67	1	  0.001297	  0.009885	     -1.00	    526.07	    286.03	      2.69	      2.67	     47.12	     46.66	10.77	 1.683e-04	      2.73	0	Gaussian	294.139787	46.122732
68	1	  0.001270	  0.010053	     -1.00	    378.82	    593.37	      2.80	      2.54	     49.00	     44.53	-4.08	 1.512e-04	      2.73	0	Gaussian	295.132853	44.700598
69	1	  0.001273	  0.009428	     -1.00	    558.66	    551.75	      2.87	      2.65	     50.17	     46.46	0.87	 1.274e-04	      2.74	0	Gaussian	293.958742	44.880487
70	1	  0.001258	  0.010483	     -1.00	    111.60	    613.27	      2.71	      2.47	     47.50	     43.19	3.20	 1.019e-04	      2.75	0	Gaussian	296.876782	44.606488
71	1	  0.001255	  0.009135	     -1.00	    482.40	    618.21	      2.86	      2.70	     50.05	     47.22	-13.34	 1.111e-04	      2.75	0	Gaussian	294.461312	44.577814
72	1	  0.001278	  0.008756	     -1.00	    683.71	    695.82	      2.84	      2.80	     49.78	     49.02	17.03	 1.103e-04	      2.76	0	Gaussian	293.174830	44.192383
73	1	  0.001304	  0.009278	     -1.00	    550.95	    790.28	      2.81	      2.65	     49.21	     46.38	9.68	 1.718e-04	      2.77	0	Gaussian	294.038758	43.768209
74	1	  0.001315	  0.009282	     -1.00	    289.35	    522.09	      2.81	      2.65	     49.21	     46.39	2.63	 2.284e-04	      2.77	0	Gaussian	295.716709	45.036800
75	1	  0.001346	  0.009154	     -1.00	    676.49	    297.24	      2.85	      2.63	     49.85	     46.12	30.40	 2.513e-04	      2.77	0	Gaussian	293.144444	46.048404
76	1	  0.001275	  0.009282	     -1.00	    694.30	    455.22	      2.79	      2.65	     48.85	     46.41	-2.48	 1.400e-04	      2.78	0	Gaussian	293.059146	45.310727
77	1	  0.001267	  0.007939	     -1.00	    471.94	    708.59	      2.95	      2.91	     51.60	     50.96	89.37	 1.089e-04	      2.79	0	Gaussian	294.536926	44.156467
78	1	  0.001243	  0.008780	     -1.00	    232.18	    110.84	      2.84	      2.69	     49.64	     47.01	-12.09	 8.693e-05	      2.80	0	Gaussian	296.107805	46.959259
79	1	  0.001650	  0.010871	     -1.00	    206.37	    320.86	      2.54	      2.41	     44.51	     42.18	9.25	 1.814e-03	      2.80	0	Gaussian	296.272092	45.978476
80	1	  0.001256	  0.009328	     -1.00	    224.87	    200.30	      2.68	      2.54	     46.93	     44.40	-16.85	 1.292e-04	      2.84	0	Gaussian	296.153627	46.541831
81	1	  0.001382	  0.009055	     -1.00	    743.34	    197.04	      2.73	      2.59	     47.70	     45.36	-15.36	 4.695e-04	      2.85	0	Gaussian	292.679593	46.500824
82	1	  0.001257	  0.008942	     -1.00	    750.89	    388.38	      2.79	      2.56	     48.77	     44.81	-10.46	 1.062e-04	      2.85	0	Gaussian	292.674756	45.611066
83	1	  0.001254	  0.008156	     -1.00	    392.39	    580.85	      2.88	      2.66	     50.42	     46.50	19.04	 9.039e-05	      2.88	0	Gaussian	295.043926	44.758456
84	1	  0.001253	  0.005599	     -1.00	    731.33	    715.41	      3.80	      2.93	     66.45	     51.24	68.48	 8.893e-05	      2.88	0	Gaussian	292.874174	44.093632
85	1	  0.001264	  0.008573	     -1.00	    343.13	    337.66	      2.80	      2.61	     49.01	     45.73	-5.57	 1.095e-04	      2.88	0	Gaussian	295.359974	45.897176
86	1	  0.001243	  0.007902	     -1.00	    532.64	    737.01	      2.87	      2.72	     50.22	     47.68	8.97	 1.090e-04	      2.88	0	Gaussian	294.149611	44.018645
87	1	  0.001271	  0.008181	     -1.00	    567.07	    627.08	      2.76	      2.70	     48.33	     47.20	9.96	 1.111e-04	      2.91	0	Gaussian	293.914214	44.528161
88	1	  0.001300	  0.007843	     -1.00	    152.38	    793.91	      2.89	      2.67	     50.56	     46.79	12.35	 1.917e-04	      2.91	0	Gaussian	296.596511	43.761457
89	1	  0.001266	  0.004813	     -1.00	    294.39	    387.58	      4.74	      2.58	     83.03	     45.20	-7.77	 2.621e-04	      2.92	0	Gaussian	295.684231	45.665705
90	1	  0.001244	  0.007465	     -1.00	    445.67	    770.10	      2.92	      2.66	     51.13	     46.51	4.72	 1.086e-04	      2.95	0	Gaussian	294.710542	43.870772
91	1	  0.001224	  0.002174	     -1.00	    199.32	     10.93	      6.40	      4.11	    112.10	     71.99	67.23	 1.452e-04	      2.97	0	Gaussian	296.336922	47.425481
92	1	  0.001220	  0.007733	     -1.00	     20.98	    617.69	      2.84	      2.59	     49.74	     45.27	-2.91	 8.170e-05	      2.98	0	Gaussian	297.469347	44.579342
93	1	  0.001225	  0.007370	     -1.00	    134.73	    718.13	      2.81	      2.69	     49.10	     47.05	1.07	 7.530e-05	      3.01	0	Gaussian	296.716640	44.115992
94	1	  0.001459	  0.008398	     -1.00	     85.47	    550.01	      2.67	      2.45	     46.76	     42.94	2.48	 5.400e-04	      3.01	0	Gaussian	297.054742	44.901543
95	1	  0.001256	  0.006520	     -1.00	     56.61	     14.21	      3.20	      2.64	     55.97	     46.19	-32.94	 1.731e-04	      3.01	0	Gaussian	297.315930	47.406743
96	1	  0.001255	  0.007523	     -1.00	    616.41	    181.71	      2.81	      2.60	     49.23	     45.58	-7.99	 1.146e-04	      3.02	0	Gaussian	293.522597	46.595381
97	1	  0.001313	  0.000946	     -1.00	    491.34	    227.46	     11.47	      5.01	    200.77	     87.61	9.91	 1.414e-04	      3.02	0	Gaussian	294.364802	46.399507
98	1	  0.001243	  0.007754	     -1.00	     46.82	    329.27	      2.76	      2.57	     48.23	     44.95	-12.18	 7.856e-05	      3.02	0	Gaussian	297.338756	45.933310
99	1	  0.001224	  0.006552	     -1.00	    181.99	    237.05	      3.10	      2.69	     54.26	     47.10	-28.91	 6.507e-05	      3.02	0	Gaussian	296.440529	46.370061
100	1	  0.001249	  0.008069	     -1.00	     51.87	    138.53	      2.79	      2.44	     48.79	     42.73	-5.91	 9.107e-05	      3.03	0	Gaussian	297.330974	46.825905
101	1	  0.001279	  0.007244	     -1.00	    403.42	    494.50	      2.93	      2.56	     51.30	     44.79	9.70	 1.196e-04	      3.03	0	Gaussian	294.967499	45.161335
102	1	  0.001256	  0.007557	     -1.00	    278.57	    226.58	      2.79	      2.51	     48.91	     43.87	-3.81	 8.506e-05	      3.06	0	Gaussian	295.791255	46.418170
103	1	  0.001376	  0.006808	     -1.00	    794.18	    407.50	      2.77	      2.76	     48.54	     48.23	2.96	 1.753e-04	      3.07	0	Gaussian	292.396483	45.513441
104	1	  0.001233	  0.006864	     -1.00	    254.66	    744.11	      2.83	      2.69	     49.59	     47.02	8.21	 7.549e-05	      3.08	0	Gaussian	295.939177	43.997558
105	1	  0.001268	  0.007420	     -1.00	     86.25	    431.15	      2.68	      2.61	     46.94	     45.65	-0.09	 1.546e-04	      3.09	0	Gaussian	297.063020	45.458607
106	1	  0.001240	  0.007157	     -1.00	    462.99	    159.54	      2.80	      2.56	     49.02	     44.88	-1.61	 7.282e-05	      3.09	0	Gaussian	294.548565	46.718769
107	1	  0.001246	  0.006947	     -1.00	    284.27	     89.40	      2.79	      2.64	     48.83	     46.12	-8.34	 8.325e-05	      3.10	0	Gaussian	295.754409	47.057934
108	1	  0.001353	  0.006146	     -1.00	    426.42	    419.34	      2.83	      2.81	     49.56	     49.27	81.55	 3.482e-04	      3.12	0	Gaussian	294.811807	45.510797
109	1	  0.001308	  0.006768	     -1.00	    164.77	    518.06	      2.69	      2.66	     47.02	     46.53	-0.61	 1.236e-04	      3.14	0	Gaussian	296.535904	45.054884
110	1	  0.001259	  0.006348	     -1.00	    262.01	    591.14	      2.90	      2.65	     50.82	     46.41	-4.83	 9.560e-05	      3.14	0	Gaussian	295.894808	44.713936
111	1	  0.001258	  0.006660	     -1.00	    672.03	    284.56	      2.78	      2.63	     48.65	     46.06	3.98	 1.204e-04	      3.14	0	Gaussian	293.171481	46.108112
112	1	  0.001254	  0.006382	     -1.00	    588.36	    711.65	      2.85	      2.70	     49.96	     47.22	5.05	 9.574e-05	      3.15	0	Gaussian	293.788812	44.131186
113	1	  0.001331	  0.006442	     -1.00	    575.58	    167.87	      2.77	      2.74	     48.48	     47.95	50.82	 2.456e-04	      3.15	0	Gaussian	293.793618	46.665992
114	1	  0.001378	  0.006897	     -1.00	    322.99	    605.10	      2.61	      2.60	     45.65	     45.42	57.10	 3.043e-04	      3.17	0	Gaussian	295.496865	44.647742
115	1	  0.001236	  0.006210	     -1.00	    788.70	     67.50	      2.82	      2.72	     49.40	     47.56	0.27	 8.488e-05	      3.17	0	Gaussian	292.344265	47.090972
116	1	  0.001261	  0.006265	     -1.00	    295.68	    142.22	      2.78	      2.72	     48.61	     47.57	-10.25	 9.868e-05	      3.18	0	Gaussian	295.676640	46.811269
117	1	  0.001229	  0.005347	     -1.00	    277.22	    318.92	      3.29	      2.67	     57.61	     46.72	-1.36	 5.879e-05	      3.18	0	Gaussian	295.799041	45.986958
118	1	  0.001224	  0.006153	     -1.00	    725.46	    583.75	      2.85	      2.68	     49.89	     46.88	-0.86	 6.664e-05	      3.19	0	Gaussian	292.883785	44.707384
119	1	  0.001420	  0.006718	     -1.00	    167.49	    202.77	      2.85	      2.38	     49.86	     41.69	-11.19	 4.865e-04	      3.20	0	Gaussian	296.540641	46.530018
120	1	  0.001250	  0.006356	     -1.00	    255.47	    156.69	      2.80	      2.60	     48.95	     45.53	-5.03	 1.037e-04	      3.21	0	Gaussian	295.948408	46.744962
121	1	  0.001262	  0.006278	     -1.00	    111.72	    160.34	      2.80	      2.63	     48.92	     46.03	-5.99	 7.987e-05	      3.21	0	Gaussian	296.921882	46.726833
122	1	  0.001390	  0.006190	     -1.00	    130.66	    794.10	      2.86	      2.61	     50.14	     45.63	-7.84	 2.433e-04	      3.22	0	Gaussian	296.736545	43.759489
123	1	  0.001260	  0.005926	     -1.00	     59.27	    509.53	      2.97	      2.59	     51.94	     45.35	-9.60	 9.832e-05	      3.23	0	Gaussian	297.232218	45.089602
124	1	  0.001323	  0.006259	     -1.00	    249.06	    656.72	      2.83	      2.52	     49.54	     44.03	0.39	 2.598e-04	      3.24	0	Gaussian	295.977687	44.406843
125	1	  0.001235	  0.002947	     -1.00	    376.41	    541.80	      5.57	      2.63	     97.56	     45.98	12.86	 1.348e-04	      3.26	0	Gaussian	295.146596	44.941788
126	1	  0.001229	  0.005869	     -1.00	    158.73	    566.65	      2.87	      2.58	     50.23	     45.12	1.78	 6.271e-05	      3.28	0	Gaussian	296.572036	44.827029
127	1	  0.001247	  0.004969	     -1.00	    480.29	    590.81	      3.01	      2.91	     52.66	     50.85	16.94	 8.573e-05	      3.29	0	Gaussian	294.472560	44.705950
128	1	  0.001275	  0.005792	     -1.00	    610.57	    312.18	      2.76	      2.69	     48.29	     47.11	-8.91	 1.064e-04	      3.29	0	Gaussian	293.583086	45.989629
129	1	  0.001259	  0.005600	     -1.00	    191.53	    727.17	      2.96	      2.58	     51.82	     45.24	1.37	 1.188e-04	      3.30	0	Gaussian	296.347980	44.075804
130	1	  0.001249	  0.004148	     -1.00	    778.61	    333.35	      3.25	      3.17	     56.86	     55.52	4.53	 1.034e-04	      3.31	0	Gaussian	292.479703	45.860970
131	1	  0.001254	  0.005350	     -1.00	    354.83	    551.78	      2.86	      2.72	     49.97	     47.66	13.38	 1.024e-04	      3.32	0	Gaussian	295.288041	44.896080
132	1	  0.001239	  0.005234	     -1.00	    347.91	    323.75	      2.86	      2.69	     50.08	     47.10	13.87	 7.270e-05	      3.33	0	Gaussian	295.327876	45.961901
133	1	  0.001252	  0.005460	     -1.00	    311.39	    561.18	      2.88	      2.62	     50.37	     45.92	-1.76	 7.208e-05	      3.34	0	Gaussian	295.572246	44.853482
134	1	  0.001270	  0.005084	     -1.00	    398.59	    193.98	      2.98	      2.66	     52.11	     46.54	-26.98	 1.954e-04	      3.34	0	Gaussian	294.983954	46.564084
135	1	  0.001233	  0.006052	     -1.00	     28.36	    310.58	      2.73	      2.48	     47.76	     43.37	-1.11	 6.057e-05	      3.34	0	Gaussian	297.465118	46.019477
136	1	  0.001373	  0.004827	     -1.00	    313.38	     99.70	      3.14	      2.66	     54.94	     46.62	8.44	 4.291e-04	      3.34	0	Gaussian	295.556711	47.008709
137	1	  0.001248	  0.004814	     -1.00	    479.33	    531.57	      3.22	      2.66	     56.33	     46.48	-10.67	 8.992e-05	      3.34	0	Gaussian	294.473379	44.982648
138	1	  0.001308	  0.004951	     -1.00	    613.97	    794.11	      3.01	      2.71	     52.63	     47.49	9.64	 1.631e-04	      3.35	0	Gaussian	293.637264	43.743550
139	1	  0.001219	  0.005185	     -1.00	    346.14	    575.94	      2.84	      2.77	     49.70	     48.51	33.45	 5.877e-05	      3.35	0	Gaussian	295.345390	44.783421
140	1	  0.001225	  0.001596	     -1.00	    771.56	    731.34	      6.82	      3.65	    119.35	     63.83	69.94	 8.507e-05	      3.37	0	Gaussian	292.621144	44.012604
141	1	  0.001195	  0.001290	     -1.00	    379.34	    256.51	     10.42	      3.02	    182.30	     52.81	-20.89	 1.151e-04	      3.39	0	Gaussian	295.115894	46.273867
142	1	  0.001229	  0.005011	     -1.00	     56.78	    122.28	      2.92	      2.63	     51.03	     46.10	-4.57	 6.073e-05	      3.42	0	Gaussian	297.299837	46.902135
143	1	  0.001233	  0.004902	     -1.00	    591.95	    127.24	      2.79	      2.67	     48.78	     46.78	-29.95	 8.218e-05	      3.43	0	Gaussian	293.677598	46.852352
144	1	  0.001244	  0.004534	     -1.00	    569.79	    699.95	      2.87	      2.84	     50.29	     49.71	8.88	 7.027e-05	      3.44	0	Gaussian	293.906457	44.187871
145	1	  0.001228	  0.005101	     -1.00	     30.78	    561.45	      2.83	      2.59	     49.53	     45.35	-7.47	 5.973e-05	      3.44	0	Gaussian	297.413002	44.843981
146	1	  0.001281	  0.004568	     -1.00	    730.97	    528.83	      2.88	      2.80	     50.43	     49.01	-88.13	 1.135e-04	      3.45	0	Gaussian	292.836270	44.961933
147	1	  0.001343	  0.005107	     -1.00	    252.26	    383.64	      2.83	      2.57	     49.57	     45.04	-9.99	 2.566e-04	      3.45	0	Gaussian	295.963922	45.684836
148	1	  0.001267	  0.004566	     -1.00	    273.27	    467.72	      2.93	      2.79	     51.37	     48.77	7.26	 6.738e-05	      3.45	0	Gaussian	295.823133	45.291374
149	1	  0.001224	  0.004717	     -1.00	    161.02	    278.00	      2.94	      2.64	     51.45	     46.26	-12.86	 6.922e-05	      3.45	0	Gaussian	296.578549	46.178277
150	1	  0.001246	  0.004694	     -1.00	    769.13	    195.87	      2.90	      2.75	     50.79	     48.08	3.91	 8.741e-05	      3.45	0	Gaussian	292.507940	46.500744
151	1	  0.001245	  0.004451	     -1.00	    678.43	    763.50	      3.07	      2.72	     53.68	     47.54	1.83	 8.706e-05	      3.45	0	Gaussian	293.221286	43.877839
152	1	  0.001254	  0.004583	     -1.00	    475.97	    642.27	      2.91	      2.71	     50.95	     47.44	-11.25	 6.675e-05	      3.45	0	Gaussian	294.505142	44.465975
153	1	  0.001279	  0.005069	     -1.00	     58.22	    344.29	      2.85	      2.56	     49.92	     44.84	0.96	 1.070e-04	      3.46	0	Gaussian	297.260432	45.863721
154	1	  0.001218	  0.004606	     -1.00	    550.99	    390.25	      2.86	      2.77	     50.02	     48.41	-5.82	 5.543e-05	      3.46	0	Gaussian	293.987850	45.634249
155	1	  0.001233	  0.004682	     -1.00	    493.21	    653.03	      2.88	      2.72	     50.35	     47.68	-15.66	 6.000e-05	      3.47	0	Gaussian	294.394656	44.414299
156	1	  0.001238	  0.004790	     -1.00	    627.54	    139.30	      2.80	      2.67	     49.06	     46.78	-5.38	 6.680e-05	      3.48	0	Gaussian	293.440721	46.790564
157	1	  0.001251	  0.004617	     -1.00	    150.38	    115.76	      2.87	      2.70	     50.27	     47.31	-8.58	 1.240e-04	      3.49	0	Gaussian	296.663508	46.936097
158	1	  0.001220	  0.004332	     -1.00	    420.04	    761.19	      2.99	      2.73	     52.39	     47.78	2.13	 5.755e-05	      3.49	0	Gaussian	294.874488	43.913863
159	1	  0.001307	  0.004834	     -1.00	    261.75	    373.61	      2.85	      2.58	     49.90	     45.15	-8.77	 2.037e-04	      3.50	0	Gaussian	295.901090	45.731620
160	1	  0.001259	  0.004252	     -1.00	    559.48	    463.85	      2.99	      2.76	     52.30	     48.26	-16.18	 6.908e-05	      3.51	0	Gaussian	293.941822	45.290197
161	1	  0.001228	  0.004229	     -1.00	    692.73	    742.01	      2.90	      2.89	     50.76	     50.55	62.18	 6.338e-05	      3.51	0	Gaussian	293.126017	43.975845
162	1	  0.001246	  0.004533	     -1.00	    294.76	    762.36	      2.93	      2.65	     51.29	     46.43	-3.33	 6.331e-05	      3.51	0	Gaussian	295.680341	43.912062
163	1	  0.001323	  0.003911	     -1.00	    444.26	    726.07	      3.25	      2.77	     56.96	     48.57	2.20	 1.786e-04	      3.52	0	Gaussian	294.716490	44.076657
164	1	  0.001341	  0.004886	     -1.00	    495.81	    120.32	      2.75	      2.56	     48.07	     44.89	-9.60	 3.175e-04	      3.52	0	Gaussian	294.323719	46.897631
165	1	  0.001246	  0.003420	     -1.00	    722.35	    289.14	      3.30	      3.04	     57.81	     53.19	39.98	 6.708e-05	      3.52	0	Gaussian	292.839752	46.077583
166	1	  0.001263	  0.004707	     -1.00	    326.60	    248.07	      2.80	      2.62	     49.04	     45.80	8.76	 9.398e-05	      3.53	0	Gaussian	295.468858	46.316151
167	1	  0.001268	  0.003877	     -1.00	    200.23	    221.43	      3.09	      2.83	     54.13	     49.61	-29.45	 1.162e-04	      3.53	0	Gaussian	296.318682	46.443176
168	1	  0.001259	  0.004738	     -1.00	     26.88	    225.96	      2.72	      2.66	     47.52	     46.55	89.45	 1.203e-04	      3.53	0	Gaussian	297.487713	46.415438
169	1	  0.001219	  0.004259	     -1.00	    383.53	    363.23	      2.95	      2.70	     51.67	     47.28	0.09	 4.927e-05	      3.55	0	Gaussian	295.092498	45.775622
170	1	  0.001234	  0.004383	     -1.00	    167.00	    648.35	      2.92	      2.58	     51.18	     45.21	0.86	 8.495e-05	      3.56	0	Gaussian	296.512178	44.444485
171	1	  0.001214	  0.004011	     -1.00	     67.85	    238.82	      2.95	      2.82	     51.55	     49.34	-5.03	 5.470e-05	      3.57	0	Gaussian	297.209416	46.357925
172	1	  0.001232	  0.003963	     -1.00	    771.99	    581.46	      2.99	      2.80	     52.26	     49.03	0.99	 6.266e-05	      3.57	0	Gaussian	292.583235	44.709643
173	1	  0.001273	  0.003249	     -1.00	    600.33	    323.89	      3.64	      2.74	     63.78	     48.01	12.84	 2.011e-04	      3.57	0	Gaussian	293.652701	45.936661
174	1	  0.001225	  0.004073	     -1.00	    268.66	    129.93	      2.89	      2.82	     50.61	     49.36	-41.70	 4.901e-05	      3.58	0	Gaussian	295.859773	46.869464
175	1	  0.001278	  0.003869	     -1.00	    387.33	    208.13	      3.22	      2.62	     56.33	     45.82	-0.40	 2.480e-04	      3.58	0	Gaussian	295.060239	46.498921
176	1	  0.001259	  0.003654	     -1.00	    456.07	    683.32	      3.31	      2.68	     57.94	     46.99	0.64	 1.270e-04	      3.58	0	Gaussian	294.637192	44.275668
177	1	  0.001222	  0.004177	     -1.00	    313.42	    693.68	      2.90	      2.67	     50.84	     46.82	0.83	 4.985e-05	      3.59	0	Gaussian	295.559793	44.233397
178	1	  0.001312	  0.004211	     -1.00	    253.66	    187.68	      2.87	      2.70	     50.25	     47.24	8.44	 3.086e-04	      3.59	0	Gaussian	295.959832	46.600335
179	1	  0.001217	  0.001555	     -1.00	    364.07	    611.96	      6.72	      3.11	    117.70	     54.39	33.42	 7.652e-05	      3.59	0	Gaussian	295.229526	44.614325
180	1	  0.001256	  0.004383	     -1.00	    235.51	    206.01	      2.80	      2.55	     49.03	     44.68	13.43	 2.512e-04	      3.60	0	Gaussian	296.081612	46.515026
181	1	  0.001273	  0.003960	     -1.00	    695.95	    161.04	      2.84	      2.82	     49.79	     49.44	-62.56	 1.763e-04	      3.60	0	Gaussian	292.987273	46.677323
182	1	  0.001288	  0.004058	     -1.00	    362.39	    147.34	      2.92	      2.72	     51.06	     47.59	-13.89	 1.278e-04	      3.60	0	Gaussian	295.225858	46.783974
183	1	  0.001233	  0.003789	     -1.00	    559.17	    653.97	      2.98	      2.89	     52.19	     50.57	24.82	 6.902e-05	      3.61	0	Gaussian	293.968805	44.403573
184	1	  0.001264	  0.002921	     -1.00	    491.86	    206.50	      3.62	      2.91	     63.32	     51.02	-55.96	 1.116e-04	      3.62	0	Gaussian	294.359201	46.497051
185	1	  0.001251	  0.004461	     -1.00	    566.16	     58.21	      2.75	      2.60	     48.09	     45.54	-2.76	 7.230e-05	      3.62	0	Gaussian	293.841016	47.176912
186	1	  0.001269	  0.004072	     -1.00	    764.36	    756.76	      2.92	      2.67	     51.13	     46.75	18.55	 1.890e-04	      3.62	0	Gaussian	292.672801	43.895629
187	1	  0.001248	  0.000416	     -1.00	    310.55	    489.55	     17.49	      4.39	    306.16	     76.86	-26.10	 1.118e-04	      3.63	0	Gaussian	295.577443	45.188560
188	1	  0.001240	  0.004141	     -1.00	    251.41	    290.12	      2.81	      2.70	     49.17	     47.32	-12.41	 6.432e-05	      3.63	0	Gaussian	295.972122	46.121984
189	1	  0.001229	  0.003297	     -1.00	    445.62	     15.95	      3.46	      2.70	     60.59	     47.32	8.89	 4.777e-05	      3.64	0	Gaussian	294.654165	47.388561
190	1	  0.001225	  0.003973	     -1.00	    384.82	    424.59	      2.91	      2.67	     50.94	     46.76	-6.16	 4.760e-05	      3.65	0	Gaussian	295.086551	45.489029
191	1	  0.001274	  0.003693	     -1.00	    580.48	     17.68	      3.06	      2.64	     53.53	     46.22	24.77	 1.250e-04	      3.66	0	Gaussian	293.737941	47.362844
192	1	  0.001221	  0.003942	     -1.00	    103.79	    561.38	      2.92	      2.67	     51.06	     46.79	-18.29	 6.030e-05	      3.66	0	Gaussian	296.933130	44.849288
193	1	  0.001283	  0.004214	     -1.00	    200.06	    429.56	      2.82	      2.59	     49.29	     45.26	1.80	 9.185e-05	      3.66	0	Gaussian	296.308376	45.469966
194	1	  0.001302	  0.003581	     -1.00	    228.00	    496.66	      2.98	      2.79	     52.19	     48.83	0.77	 8.722e-05	      3.67	0	Gaussian	296.120677	45.156173
195	1	  0.001238	  0.003511	     -1.00	    360.43	    595.00	      3.03	      2.82	     53.07	     49.36	-28.72	 6.675e-05	      3.67	0	Gaussian	295.252696	44.693791
196	1	  0.001207	  0.003637	     -1.00	    609.28	    728.13	      3.00	      2.79	     52.58	     48.88	-2.65	 4.376e-05	      3.67	0	Gaussian	293.657160	44.051875
197	1	  0.001310	  0.003817	     -1.00	    502.80	    599.05	      2.84	      2.80	     49.71	     48.94	-17.04	 3.205e-04	      3.67	0	Gaussian	294.327175	44.665513
198	1	  0.001236	  0.001373	     -1.00	      8.40	    633.59	      6.71	      3.14	    117.47	     54.92	-42.16	 1.144e-04	      3.68	0	Gaussian	297.549344	44.503594
199	1	  0.001284	  0.003988	     -1.00	     10.20	    742.71	      2.89	      2.59	     50.55	     45.27	3.73	 1.495e-04	      3.70	0	Gaussian	297.521463	43.991621
200	1	  0.001226	  0.001808	     -1.00	     50.52	    693.10	      5.27	      3.05	     92.16	     53.43	-19.95	 7.616e-05	      3.70	0	Gaussian	297.266318	44.227959
201	1	  0.001253	  0.003055	     -1.00	    126.25	    542.27	      3.41	      2.77	     59.76	     48.43	26.26	 8.592e-05	      3.71	0	Gaussian	296.787385	44.939988
202	1	  0.001286	  0.004022	     -1.00	     85.32	    529.58	      2.82	      2.55	     49.36	     44.58	-3.34	 1.155e-04	      3.72	0	Gaussian	297.058023	44.997321
203	1	  0.001256	  0.003688	     -1.00	    577.56	    101.34	      2.94	      2.67	     51.42	     46.75	-7.18	 6.958e-05	      3.72	0	Gaussian	293.770415	46.974869
204	1	  0.001275	  0.003887	     -1.00	     27.53	    172.13	      2.85	      2.58	     49.88	     45.22	-14.08	 1.076e-04	      3.73	0	Gaussian	297.491435	46.667272
205	1	  0.001229	  0.003776	     -1.00	    681.26	    180.12	      2.81	      2.72	     49.17	     47.65	-47.64	 6.196e-05	      3.73	0	Gaussian	293.089250	46.591526
206	1	  0.001257	  0.003870	     -1.00	    217.22	    302.28	      2.86	      2.60	     49.99	     45.47	-10.24	 8.327e-05	      3.73	0	Gaussian	296.200503	46.065400
207	1	  0.001288	  0.003740	     -1.00	    496.79	    574.19	      2.85	      2.66	     49.90	     46.57	-9.75	 1.382e-04	      3.74	0	Gaussian	294.363700	44.782131
208	1	  0.001212	  0.002960	     -1.00	    180.63	    256.00	      3.18	      2.99	     55.60	     52.40	40.50	 6.379e-05	      3.74	0	Gaussian	296.448421	46.281447
209	1	  0.001260	  0.003704	     -1.00	    558.28	    159.62	      2.91	      2.63	     50.90	     46.01	-0.96	 1.137e-04	      3.74	0	Gaussian	293.908425	46.706812
210	1	  0.001262	  0.003721	     -1.00	    671.00	     77.51	      2.83	      2.61	     49.59	     45.68	-0.33	 6.866e-05	      3.75	0	Gaussian	293.137177	47.069571
211	1	  0.001241	  0.001085	     -1.00	    366.61	    671.35	      7.43	      3.51	    130.01	     61.51	6.84	 1.023e-04	      3.75	0	Gaussian	295.214925	44.336440
212	1	  0.001224	  0.003461	     -1.00	     90.82	    713.22	      2.96	      2.74	     51.85	     48.03	-9.26	 5.129e-05	      3.75	0	Gaussian	297.001990	44.136513
213	1	  0.001238	  0.003984	     -1.00	     44.13	     89.54	      2.82	      2.51	     49.30	     43.86	-2.42	 6.298e-05	      3.75	0	Gaussian	297.390659	47.054342
214	1	  0.001250	  0.003959	     -1.00	     82.26	     78.41	      2.79	      2.49	     48.80	     43.65	-11.45	 6.065e-05	      3.77	0	Gaussian	297.131735	47.108346
215	1	  0.001392	  0.003969	     -1.00	    565.38	    170.34	      2.69	      2.56	     47.15	     44.76	-19.06	 3.552e-04	      3.78	0	Gaussian	293.862333	46.655979
216	1	  0.001236	  0.003338	     -1.00	    652.59	    603.59	      3.04	      2.72	     53.13	     47.57	0.45	 6.115e-05	      3.78	0	Gaussian	293.358045	44.626619
217	1	  0.001219	  0.001255	     -1.00	     41.33	    511.76	      6.12	      3.54	    107.12	     61.91	69.99	 9.382e-05	      3.78	0	Gaussian	297.350355	45.077839
218	1	  0.001227	  0.003216	     -1.00	    257.59	    117.89	      2.92	      2.90	     51.13	     50.80	-31.85	 5.575e-05	      3.79	0	Gaussian	295.935043	46.925903
219	1	  0.001227	  0.003290	     -1.00	     20.95	    124.81	      2.86	      2.86	     50.03	     50.03	40.21	 6.482e-05	      3.79	0	Gaussian	297.543510	46.888022
220	1	  0.001226	  0.003152	     -1.00	    421.78	     84.13	      3.02	      2.87	     52.92	     50.18	-27.64	 6.278e-05	      3.80	0	Gaussian	294.821017	47.073746
221	1	  0.001242	  0.002830	     -1.00	    238.24	     12.54	      3.23	      2.95	     56.61	     51.66	17.96	 9.193e-05	      3.80	0	Gaussian	296.070250	47.417461
222	1	  0.001376	  0.003905	     -1.00	    347.10	    421.79	      2.67	      2.54	     46.70	     44.37	-4.73	 3.197e-04	      3.81	0	Gaussian	295.335563	45.504011
223	1	  0.001219	  0.003235	     -1.00	    749.80	    560.93	      2.87	      2.85	     50.31	     49.94	0.51	 4.966e-05	      3.81	0	Gaussian	292.721622	44.809247
224	1	  0.001272	  0.003565	     -1.00	    412.90	    568.43	      2.89	      2.59	     50.67	     45.31	-12.79	 1.465e-04	      3.81	0	Gaussian	294.909575	44.815358
225	1	  0.001213	  0.003318	     -1.00	    694.46	    725.42	      2.99	      2.69	     52.25	     47.02	0.09	 4.480e-05	      3.81	0	Gaussian	293.111760	44.052862
226	1	  0.001264	  0.003682	     -1.00	     34.18	     15.66	      2.84	      2.54	     49.76	     44.45	-10.56	 1.237e-04	      3.82	0	Gaussian	297.469842	47.398686
227	1	  0.001280	  0.003498	     -1.00	    705.63	    191.78	      2.80	      2.68	     49.07	     46.98	-28.69	 1.700e-04	      3.83	0	Gaussian	292.929325	46.532788
228	1	  0.001238	  0.002808	     -1.00	    519.36	    368.93	      3.03	      3.00	     53.05	     52.48	-6.38	 7.210e-05	      3.83	0	Gaussian	294.193904	45.737326
229	1	  0.001256	  0.003402	     -1.00	    360.00	    134.94	      2.88	      2.63	     50.48	     46.10	-5.38	 7.971e-05	      3.84	0	Gaussian	295.241552	46.841895
230	1	  0.001234	  0.003227	     -1.00	    755.22	    178.14	      2.91	      2.79	     50.93	     48.80	-15.56	 6.648e-05	      3.84	0	Gaussian	292.596064	46.585934
231	1	  0.001270	  0.003539	     -1.00	    621.53	    317.84	      2.79	      2.62	     48.85	     45.80	-14.39	 1.582e-04	      3.84	0	Gaussian	293.511537	45.961660
232	1	  0.001237	  0.003207	     -1.00	    495.29	    264.98	      2.98	      2.68	     52.15	     46.85	38.78	 5.491e-05	      3.84	0	Gaussian	294.342329	46.224310
233	1	  0.001242	  0.003211	     -1.00	    404.47	    309.18	      2.98	      2.70	     52.18	     47.18	-1.05	 1.083e-04	      3.84	0	Gaussian	294.950745	46.026467
234	1	  0.001242	  0.003184	     -1.00	    306.99	    440.10	      3.04	      2.65	     53.15	     46.44	-6.12	 6.969e-05	      3.84	0	Gaussian	295.600779	45.419860
235	1	  0.001241	  0.003350	     -1.00	    407.72	    229.73	      2.85	      2.70	     49.96	     47.21	-1.98	 6.071e-05	      3.85	0	Gaussian	294.924588	46.396722
236	1	  0.001236	  0.003260	     -1.00	    298.69	    375.20	      2.94	      2.69	     51.42	     47.09	-10.19	 5.690e-05	      3.85	0	Gaussian	295.655688	45.723431
237	1	  0.001215	  0.002995	     -1.00	    536.86	    700.77	      3.06	      2.82	     53.49	     49.44	-2.05	 4.101e-05	      3.86	0	Gaussian	294.118252	44.187459
238	1	  0.001259	  0.003446	     -1.00	    521.94	    240.23	      2.72	      2.60	     47.66	     45.54	-19.34	 8.200e-05	      3.87	0	Gaussian	294.161841	46.336516
239	1	  0.001248	  0.003371	     -1.00	    662.67	    183.43	      2.84	      2.63	     49.63	     46.05	-4.07	 7.076e-05	      3.87	0	Gaussian	293.213958	46.579570
240	1	  0.001215	  0.003213	     -1.00	    340.53	    283.23	      2.92	      2.69	     51.08	     47.01	-12.85	 5.130e-05	      3.87	0	Gaussian	295.376173	46.151382
241	1	  0.001253	  0.003323	     -1.00	    196.67	    129.80	      2.88	      2.63	     50.41	     46.08	-13.19	 9.246e-05	      3.88	0	Gaussian	296.347973	46.871029
242	1	  0.001238	  0.003372	     -1.00	    186.58	    183.57	      2.89	      2.55	     50.54	     44.63	-8.93	 6.472e-05	      3.89	0	Gaussian	296.413000	46.619952
243	1	  0.001257	  0.003030	     -1.00	    164.71	    533.12	      3.09	      2.68	     54.02	     46.84	7.65	 9.494e-05	      3.89	0	Gaussian	296.535190	44.984337
244	1	  0.001274	  0.003255	     -1.00	    262.07	    562.12	      2.90	      2.68	     50.79	     46.91	-2.77	 9.335e-05	      3.89	0	Gaussian	295.895033	44.849763
245	1	  0.001232	  0.003468	     -1.00	     75.01	    641.55	      2.80	      2.48	     49.08	     43.40	-0.44	 6.982e-05	      3.89	0	Gaussian	297.112926	44.471621
246	1	  0.001272	  0.002983	     -1.00	     67.25	     18.07	      3.02	      2.77	     52.92	     48.51	-2.62	 2.352e-04	      3.90	0	Gaussian	297.242290	47.389312
247	1	  0.001213	  0.003170	     -1.00	     84.86	    308.09	      2.81	      2.73	     49.22	     47.80	-19.16	 4.139e-05	      3.90	0	Gaussian	297.086516	46.034743
248	1	  0.001241	  0.003200	     -1.00	    778.41	    490.35	      2.85	      2.69	     49.84	     47.09	-0.80	 8.177e-05	      3.90	0	Gaussian	292.519790	45.131892
249	1	  0.001221	  0.001786	     -1.00	    283.40	    565.91	      4.72	      2.89	     82.58	     50.55	-15.80	 6.104e-05	      3.90	0	Gaussian	295.755349	44.831875
250	1	  0.001283	  0.002977	     -1.00	    755.51	    144.00	      2.98	      2.72	     52.14	     47.59	-9.56	 1.874e-04	      3.91	0	Gaussian	292.585792	46.744146
251	1	  0.001236	  0.002714	     -1.00	    577.00	    349.63	      3.39	      2.71	     59.28	     47.37	-0.11	 8.163e-05	      3.91	0	Gaussian	293.810768	45.820092
252	1	  0.001247	  0.002936	     -1.00	    674.87	    565.40	      2.96	      2.80	     51.85	     49.01	-1.54	 7.038e-05	      3.91	0	Gaussian	293.207006	44.801122
253	1	  0.001238	  0.002964	     -1.00	    595.82	    392.12	      2.96	      2.79	     51.72	     48.78	-12.82	 5.289e-05	      3.91	0	Gaussian	293.693017	45.619674
254	1	  0.001232	  0.003083	     -1.00	    259.88	    277.41	      3.01	      2.65	     52.68	     46.36	-19.59	 6.585e-05	      3.91	0	Gaussian	295.915770	46.181222
255	1	  0.001267	  0.002963	     -1.00	    410.81	    399.53	      3.02	      2.73	     52.89	     47.78	6.94	 7.038e-05	      3.92	0	Gaussian	294.913683	45.604395
256	1	  0.001224	  0.002971	     -1.00	    782.60	    695.12	      2.98	      2.74	     52.22	     47.95	-3.18	 5.191e-05	      3.92	0	Gaussian	292.542192	44.179117
257	1	  0.001224	  0.001295	     -1.00	    748.65	     86.61	      5.04	      3.65	     88.29	     63.83	29.92	 7.289e-05	      3.92	0	Gaussian	292.617682	47.011573
258	1	  0.001226	  0.002986	     -1.00	    166.25	    126.61	      3.03	      2.56	     52.96	     44.76	-1.35	 7.705e-05	      3.95	0	Gaussian	296.554773	46.885704
259	1	  0.001265	  0.002351	     -1.00	     14.07	    353.15	      3.76	      2.61	     65.79	     45.70	-12.99	 1.029e-04	      3.95	0	Gaussian	297.554448	45.818992
260	1	  0.001236	  0.002882	     -1.00	    150.89	    544.00	      2.85	      2.78	     49.90	     48.60	4.22	 6.414e-05	      3.96	0	Gaussian	296.625224	44.932884
261	1	  0.001237	  0.002961	     -1.00	    273.52	    773.37	      2.91	      2.70	     51.01	     47.19	-21.53	 8.214e-05	      3.96	0	Gaussian	295.817010	43.860553
262	1	  0.001229	  0.002952	     -1.00	    246.04	    544.42	      2.88	      2.68	     50.46	     46.88	-3.36	 5.862e-05	      3.96	0	Gaussian	296.000546	44.932684
263	1	  0.001218	  0.001729	     -1.00	    735.16	    760.20	      3.99	      3.28	     69.89	     57.46	16.51	 5.757e-05	      3.96	0	Gaussian	292.859295	43.884503
264	1	  0.001228	  0.002625	     -1.00	    563.37	    276.09	      3.08	      2.89	     53.92	     50.58	0.04	 7.412e-05	      3.96	0	Gaussian	293.890611	46.164306
265	1	  0.001228	  0.002889	     -1.00	    505.62	    176.40	      2.97	      2.69	     52.01	     47.04	-11.52	 5.218e-05	      3.97	0	Gaussian	294.263815	46.635563
266	1	  0.001248	  0.002918	     -1.00	    755.55	    193.46	      2.95	      2.68	     51.68	     46.83	-13.53	 7.434e-05	      3.97	0	Gaussian	292.597570	46.514849
267	1	  0.001233	  0.002817	     -1.00	    695.37	    553.94	      3.02	      2.64	     52.79	     46.28	2.46	 4.984e-05	      3.97	0	Gaussian	293.072050	44.851197
268	1	  0.001220	  0.001780	     -1.00	    596.03	    377.35	      3.98	      3.18	     69.64	     55.68	-35.73	 6.190e-05	      3.97	0	Gaussian	293.689384	45.688451
269	1	  0.001233	  0.002950	     -1.00	     64.35	    252.78	      2.91	      2.66	     50.91	     46.48	-4.79	 5.214e-05	      3.98	0	Gaussian	297.231187	46.292414
270	1	  0.001316	  0.003377	     -1.00	     36.29	    272.49	      2.76	      2.44	     48.33	     42.68	-9.40	 2.345e-04	      3.98	0	Gaussian	297.417416	46.198383
271	1	  0.001239	  0.000606	     -1.00	    480.91	     54.63	      8.91	      4.15	    155.92	     72.67	-53.81	 8.764e-05	      3.98	0	Gaussian	294.417784	47.204847
272	1	  0.001240	  0.001435	     -1.00	    255.90	    312.79	      4.62	      3.36	     80.84	     58.87	41.94	 7.741e-05	      3.98	0	Gaussian	295.941521	46.015983
273	1	  0.001263	  0.002992	     -1.00	    276.49	    147.00	      2.87	      2.51	     50.23	     43.98	-3.49	 6.951e-05	      3.99	0	Gaussian	295.806433	46.789586
274	1	  0.001232	  0.002382	     -1.00	    228.89	    625.23	      3.41	      2.81	     59.69	     49.12	14.65	 6.856e-05	      4.00	0	Gaussian	296.109965	44.554207
275	1	  0.001242	  0.002823	     -1.00	    621.95	     84.66	      2.88	      2.71	     50.47	     47.49	-12.56	 6.361e-05	      4.00	0	Gaussian	293.468717	47.045190
276	1	  0.001218	  0.002621	     -1.00	     73.16	    694.51	      3.08	      2.81	     53.86	     49.16	16.14	 3.292e-05	      4.00	0	Gaussian	297.118827	44.223060
277	1	  0.001233	  0.002774	     -1.00	    646.34	    667.26	      2.97	      2.72	     52.04	     47.67	-9.28	 5.630e-05	      4.00	0	Gaussian	293.409457	44.330818
278	1	  0.001310	  0.003136	     -1.00	    251.24	    770.52	      2.85	      2.49	     49.82	     43.65	-1.97	 3.074e-04	      4.01	0	Gaussian	295.960635	43.873801
279	1	  0.001244	  0.002747	     -1.00	    221.49	    447.85	      3.06	      2.56	     53.52	     44.87	-14.89	 6.818e-05	      4.01	0	Gaussian	296.165647	45.384582
280	1	  0.001260	  0.002686	     -1.00	    356.45	     95.54	      3.03	      2.64	     53.10	     46.27	-36.28	 1.207e-04	      4.01	0	Gaussian	295.264455	47.025701
281	1	  0.001212	  0.002269	     -1.00	    316.71	    135.68	      3.40	      2.77	     59.44	     48.40	-32.78	 4.912e-05	      4.02	0	Gaussian	295.534331	46.840841
282	1	  0.001259	  0.002233	     -1.00	    390.32	     79.37	      3.59	      2.65	     62.82	     46.46	6.98	 8.750e-05	      4.03	0	Gaussian	295.034082	47.098580
283	1	  0.001263	  0.002820	     -1.00	    237.13	    604.61	      2.90	      2.67	     50.74	     46.73	8.15	 6.881e-05	      4.03	0	Gaussian	296.056957	44.650850
284	1	  0.001236	  0.002785	     -1.00	    145.96	    191.33	      2.93	      2.66	     51.33	     46.51	-4.98	 7.398e-05	      4.04	0	Gaussian	296.687049	46.583043
285	1	  0.001317	  0.002158	     -1.00	    465.66	    188.84	      3.28	      3.08	     57.44	     53.83	-82.90	 1.858e-04	      4.04	0	Gaussian	294.533172	46.582062
286	1	  0.001251	  0.002786	     -1.00	     92.56	    452.36	      3.01	      2.57	     52.77	     45.01	-8.30	 8.276e-05	      4.04	0	Gaussian	297.018778	45.359591
287	1	  0.001224	  0.002799	     -1.00	    103.00	     70.63	      2.94	      2.52	     51.53	     44.07	-4.51	 5.475e-05	      4.05	0	Gaussian	296.990994	47.145492
288	1	  0.001261	  0.002630	     -1.00	    649.19	    386.13	      2.96	      2.77	     51.80	     48.54	-9.96	 1.068e-04	      4.05	0	Gaussian	293.341202	45.639616
289	1	  0.001604	  0.003752	     -1.00	    364.93	    582.12	      2.52	      2.22	     44.15	     38.87	0.66	 2.281e-03	      4.06	0	Gaussian	295.222972	44.753803
290	1	  0.001263	  0.002691	     -1.00	    443.41	    248.60	      2.96	      2.66	     51.84	     46.54	-7.23	 1.388e-04	      4.06	0	Gaussian	294.687044	46.305821
291	1	  0.001232	  0.002192	     -1.00	    621.20	    100.58	      3.51	      2.74	     61.51	     48.01	7.30	 5.969e-05	      4.07	0	Gaussian	293.476546	46.971441
292	1	  0.001234	  0.002255	     -1.00	    332.42	    735.38	      3.26	      2.90	     57.02	     50.75	5.18	 8.926e-05	      4.07	0	Gaussian	295.437441	44.037861
293	1	  0.001234	  0.000568	     -1.00	    611.50	    288.96	      9.55	      3.76	    167.18	     65.73	-3.02	 9.477e-05	      4.07	0	Gaussian	293.573122	46.097545
294	1	  0.001271	  0.002376	     -1.00	    694.30	    201.78	      3.15	      2.77	     55.10	     48.54	-34.64	 1.260e-04	      4.07	0	Gaussian	293.006850	46.488542
295	1	  0.001217	  0.001559	     -1.00	    343.95	    710.62	      3.99	      3.32	     69.89	     58.06	-15.67	 6.528e-05	      4.08	0	Gaussian	295.362596	44.153425
296	1	  0.001304	  0.002688	     -1.00	    618.30	    126.78	      2.92	      2.66	     51.11	     46.47	3.36	 3.106e-04	      4.08	0	Gaussian	293.500526	46.850260
297	1	  0.001268	  0.002593	     -1.00	    434.48	    305.89	      2.95	      2.57	     51.57	     44.97	-61.41	 1.044e-04	      4.09	0	Gaussian	294.750779	46.039489
298	1	  0.001240	  0.002673	     -1.00	      5.15	    543.85	      2.92	      2.67	     51.07	     46.75	7.75	 7.633e-05	      4.09	0	Gaussian	297.584278	44.924322
299	1	  0.001254	  0.002785	     -1.00	    189.04	    466.36	      2.86	      2.45	     49.99	     42.81	-1.13	 6.521e-05	      4.10	0	Gaussian	296.379177	45.297564
300	1	  0.001221	  0.002226	     -1.00	    618.92	    684.01	      3.09	      2.97	     54.06	     51.98	-24.07	 4.971e-05	      4.10	0	Gaussian	293.588421	44.256399
301	1	  0.001274	  0.002284	     -1.00	    415.10	     34.11	      3.06	      2.88	     53.58	     50.37	-4.87	 1.087e-04	      4.11	0	Gaussian	294.863225	47.307102
302	1	  0.001247	  0.002038	     -1.00	    429.23	    392.75	      3.35	      2.87	     58.55	     50.16	-43.65	 5.235e-05	      4.11	0	Gaussian	294.791542	45.634678
303	1	  0.001238	  0.002300	     -1.00	    539.05	    516.28	      3.07	      2.90	     53.80	     50.71	-1.81	 4.909e-05	      4.11	0	Gaussian	294.082057	45.048102
304	1	  0.001247	  0.002342	     -1.00	    735.17	    644.35	      2.99	      2.89	     52.33	     50.52	13.13	 5.608e-05	      4.11	0	Gaussian	292.834301	44.423721
305	1	  0.001260	  0.002489	     -1.00	    253.03	    247.75	      2.90	      2.80	     50.76	     48.92	-19.98	 8.187e-05	      4.12	0	Gaussian	295.962448	46.319891
306	1	  0.001229	  0.000631	     -1.00	    507.80	    687.84	     21.04	      3.09	    368.34	     54.13	11.64	 7.511e-05	      4.12	0	Gaussian	294.303925	44.250481
307	1	  0.001301	  0.002807	     -1.00	    258.19	    772.84	      2.75	      2.59	     48.14	     45.30	16.64	 3.438e-04	      4.12	0	Gaussian	295.915767	43.863016
308	1	  0.001315	  0.002797	     -1.00	    612.53	    133.07	      2.79	      2.53	     48.87	     44.36	-18.42	 3.065e-04	      4.12	0	Gaussian	293.540369	46.821973
309	1	  0.001295	  0.002758	     -1.00	    398.68	    764.69	      2.87	      2.53	     50.28	     44.22	-5.87	 2.386e-04	      4.13	0	Gaussian	295.011846	43.898533
310	1	  0.001225	  0.002476	     -1.00	    612.01	    660.31	      3.00	      2.60	     52.56	     45.44	-1.41	 4.218e-05	      4.13	0	Gaussian	293.629174	44.367781
311	1	  0.001238	  0.002447	     -1.00	    308.51	     19.13	      3.07	      2.61	     53.79	     45.67	-4.31	 8.194e-05	      4.13	0	Gaussian	295.589553	47.384295
312	1	  0.001242	  0.000546	     -1.00	    142.46	    560.91	     10.17	      3.52	    177.97	     61.60	6.79	 1.752e-04	      4.14	0	Gaussian	296.679274	44.853348
313	1	  0.001241	  0.002273	     -1.00	    730.85	    306.05	      3.06	      2.76	     53.64	     48.25	-1.73	 7.875e-05	      4.14	0	Gaussian	292.787512	45.997392
314	1	  0.001232	  0.002371	     -1.00	     57.99	    175.52	      2.96	      2.77	     51.87	     48.48	-1.97	 6.473e-05	      4.14	0	Gaussian	297.284351	46.653336
315	1	  0.001223	  0.000624	     -1.00	    495.95	    307.09	      6.99	      4.29	    122.33	     75.15	7.53	 5.850e-05	      4.15	0	Gaussian	294.342236	46.028030
316	1	  0.001221	  0.000883	     -1.00	    513.66	    533.21	      6.87	      3.21	    120.29	     56.19	-3.82	 5.339e-05	      4.15	0	Gaussian	294.249571	44.971799
317	1	  0.001233	  0.002470	     -1.00	    357.10	    215.10	      2.88	      2.76	     50.40	     48.28	-14.00	 7.649e-05	      4.15	0	Gaussian	295.263537	46.468378
318	1	  0.001238	  0.002331	     -1.00	    721.83	    323.45	      3.04	      2.77	     53.22	     48.40	-14.17	 6.494e-05	      4.16	0	Gaussian	292.850838	45.918333
319	1	  0.001250	  0.002176	     -1.00	    454.93	    264.53	      3.13	      2.77	     54.74	     48.44	2.52	 8.664e-05	      4.16	0	Gaussian	294.611383	46.230504
320	1	  0.001256	  0.002331	     -1.00	    708.02	    483.74	      3.04	      2.64	     53.26	     46.13	-0.36	 1.187e-04	      4.17	0	Gaussian	292.975634	45.175701
321	1	  0.001223	  0.002213	     -1.00	    189.52	    747.79	      3.27	      2.65	     57.18	     46.39	-5.74	 5.602e-05	      4.17	0	Gaussian	296.359857	43.979121
322	1	  0.001219	  0.002283	     -1.00	    341.51	    390.48	      3.11	      2.71	     54.52	     47.47	-7.99	 4.653e-05	      4.17	0	Gaussian	295.371869	45.650543
323	1	  0.001227	  0.000957	     -1.00	    350.15	    240.54	      6.10	      3.25	    106.80	     56.90	-31.03	 5.701e-05	      4.17	0	Gaussian	295.310878	46.350121
324	1	  0.001242	  0.002166	     -1.00	    144.71	    470.39	      3.17	      2.79	     55.48	     48.84	-27.11	 6.415e-05	      4.19	0	Gaussian	296.671873	45.277492
325	1	  0.001225	  0.001944	     -1.00	    390.17	    108.00	      3.19	      3.13	     55.83	     54.71	37.72	 5.060e-05	      4.19	0	Gaussian	295.036458	46.965294
326	1	  0.001229	  0.001538	     -1.00	    678.98	    599.05	      3.53	      3.35	     61.78	     58.56	-29.69	 4.811e-05	      4.19	0	Gaussian	293.186857	44.643794
327	1	  0.001209	  0.002087	     -1.00	    637.04	    228.71	      3.25	      2.82	     56.87	     49.29	-1.44	 4.664e-05	      4.19	0	Gaussian	293.393199	46.373599
328	1	  0.001263	  0.002312	     -1.00	    333.16	    408.14	      3.06	      2.68	     53.60	     46.92	-23.58	 1.039e-04	      4.19	0	Gaussian	295.427459	45.568353
329	1	  0.001218	  0.002073	     -1.00	    760.79	    529.04	      3.13	      2.93	     54.72	     51.34	-6.91	 4.672e-05	      4.20	0	Gaussian	292.643209	44.955457
330	1	  0.001226	  0.002134	     -1.00	    376.26	    444.80	      3.11	      2.80	     54.49	     49.04	0.37	 4.580e-05	      4.21	0	Gaussian	295.143878	45.395109
331	1	  0.001223	  0.002287	     -1.00	    194.69	     59.07	      2.98	      2.71	     52.17	     47.51	10.53	 3.476e-05	      4.22	0	Gaussian	296.365711	47.201021
332	1	  0.001315	  0.002158	     -1.00	    582.32	    601.56	      3.26	      2.61	     57.04	     45.69	10.67	 2.264e-04	      4.22	0	Gaussian	293.812068	44.645392
333	1	  0.001299	  0.002455	     -1.00	    260.18	     67.39	      2.92	      2.57	     51.09	     44.98	-9.21	 1.324e-04	      4.22	0	Gaussian	295.918713	47.161305
334	1	  0.001225	  0.002201	     -1.00	    446.08	     70.10	      2.95	      2.83	     51.58	     49.49	-10.67	 4.711e-05	      4.23	0	Gaussian	294.655354	47.136676
335	1	  0.001275	  0.002111	     -1.00	    528.50	    653.94	      3.17	      2.64	     55.40	     46.16	-1.45	 1.135e-04	      4.23	0	Gaussian	294.166702	44.406855
336	1	  0.001220	  0.001894	     -1.00	    790.49	    741.24	      3.26	      2.97	     57.12	     52.01	-16.74	 3.953e-05	      4.23	0	Gaussian	292.503009	43.963124
337	1	  0.001245	  0.001618	     -1.00	    397.66	    457.74	      3.27	      3.26	     57.19	     57.06	85.37	 4.560e-05	      4.23	0	Gaussian	295.003507	45.333435
338	1	  0.001249	  0.001972	     -1.00	    750.75	    667.02	      3.22	      2.84	     56.32	     49.67	-0.77	 1.199e-04	      4.23	0	Gaussian	292.739407	44.315574
339	1	  0.001268	  0.002178	     -1.00	    634.80	     57.70	      3.07	      2.72	     53.75	     47.57	-27.29	 8.702e-05	      4.24	0	Gaussian	293.377290	47.168072
340	1	  0.001237	  0.001794	     -1.00	    520.97	    616.52	      3.68	      2.78	     64.43	     48.61	-6.83	 5.482e-05	      4.24	0	Gaussian	294.211243	44.582281
341	1	  0.001287	  0.001887	     -1.00	    247.83	    338.32	      3.51	      2.71	     61.52	     47.45	-15.20	 1.746e-04	      4.24	0	Gaussian	295.994681	45.896758
342	1	  0.001264	  0.001627	     -1.00	    381.39	    777.16	      3.60	      3.11	     63.01	     54.42	-25.36	 9.267e-05	      4.25	0	Gaussian	295.123463	43.840877
343	1	  0.001261	  0.002277	     -1.00	    157.07	    105.23	      2.94	      2.68	     51.44	     46.94	-10.07	 2.083e-04	      4.25	0	Gaussian	296.618913	46.985402
344	1	  0.001205	  0.001789	     -1.00	    545.34	    716.60	      3.27	      3.08	     57.15	     53.95	7.86	 4.090e-05	      4.25	0	Gaussian	294.065653	44.112720
345	1	  0.001287	  0.001723	     -1.00	    746.07	    148.82	      3.70	      2.71	     64.68	     47.37	-7.89	 2.050e-04	      4.26	0	Gaussian	292.649924	46.723814
346	1	  0.001241	  0.001867	     -1.00	     99.33	    124.48	      3.19	      2.95	     55.80	     51.69	-70.87	 6.402e-05	      4.26	0	Gaussian	297.009928	46.893887
347	1	  0.001277	  0.002311	     -1.00	    148.59	    321.27	      3.00	      2.53	     52.44	     44.24	-13.31	 1.121e-04	      4.26	0	Gaussian	296.658366	45.975594
348	1	  0.001377	  0.002550	     -1.00	    388.79	    199.40	      2.72	      2.53	     47.58	     44.24	-24.31	 4.956e-04	      4.26	0	Gaussian	295.050049	46.539539
349	1	  0.001232	  0.002198	     -1.00	    207.06	    783.99	      2.83	      2.76	     49.45	     48.38	14.48	 5.905e-05	      4.27	0	Gaussian	296.244795	43.809922
350	1	  0.001220	  0.000781	     -1.00	    491.87	    785.04	      7.23	      2.99	    126.48	     52.32	-17.53	 6.385e-05	      4.27	0	Gaussian	294.415791	43.797779
351	1	  0.001244	  0.001757	     -1.00	    453.38	    704.80	      3.60	      2.76	     63.05	     48.30	6.35	 6.078e-05	      4.27	0	Gaussian	294.656196	44.175470
352	1	  0.001278	  0.002038	     -1.00	    503.92	    415.45	      3.06	      2.82	     53.59	     49.33	-14.26	 1.670e-04	      4.28	0	Gaussian	294.300812	45.522095
353	1	  0.001201	  0.001780	     -1.00	    536.31	    200.67	      3.40	      2.94	     59.53	     51.51	-4.66	 4.237e-05	      4.28	0	Gaussian	294.061044	46.518830
354	1	  0.001240	  0.002196	     -1.00	    338.16	    140.45	      3.05	      2.61	     53.32	     45.72	-7.72	 8.047e-05	      4.28	0	Gaussian	295.389354	46.817550
355	1	  0.001233	  0.001912	     -1.00	    635.13	    120.02	      3.11	      2.81	     54.36	     49.19	-3.65	 8.150e-05	      4.29	0	Gaussian	293.386406	46.878804
356	1	  0.001396	  0.002811	     -1.00	    348.56	    413.44	      2.54	      2.27	     44.48	     39.65	-16.65	 4.171e-04	      4.29	0	Gaussian	295.325690	45.542961
357	1	  0.001229	  0.001982	     -1.00	    225.16	    240.77	      3.08	      2.86	     53.86	     50.03	-8.37	 5.517e-05	      4.29	0	Gaussian	296.149919	46.352802
358	1	  0.001243	  0.001718	     -1.00	    700.36	    668.05	      3.49	      2.89	     61.14	     50.61	-10.93	 5.957e-05	      4.29	0	Gaussian	293.062679	44.319138
359	1	  0.001269	  0.000781	     -1.00	     24.71	    342.30	      8.33	      2.58	    145.82	     45.11	-12.65	 1.963e-04	      4.29	0	Gaussian	297.484916	45.870660
360	1	  0.001268	  0.002195	     -1.00	      5.78	    419.85	      2.99	      2.64	     52.37	     46.23	-19.92	 6.191e-05	      4.29	0	Gaussian	297.599391	45.505778
361	1	  0.001258	  0.001728	     -1.00	    717.28	    675.90	      3.19	      3.11	     55.83	     54.51	4.05	 8.704e-05	      4.30	0	Gaussian	292.955753	44.279873
362	1	  0.001310	  0.002078	     -1.00	     45.98	    267.25	      3.07	      2.73	     53.66	     47.87	-28.91	 2.955e-04	      4.30	0	Gaussian	297.352975	46.223565
363	1	  0.001332	  0.001745	     -1.00	    513.74	    225.13	      3.12	      3.11	     54.63	     54.35	-13.48	 1.641e-04	      4.30	0	Gaussian	294.214893	46.407765
364	1	  0.001217	  0.001500	     -1.00	    279.51	    623.75	      3.47	      3.23	     60.71	     56.53	-36.66	 6.081e-05	      4.30	0	Gaussian	295.780150	44.561189
365	1	  0.001223	  0.001882	     -1.00	    498.87	    287.73	      3.18	      2.90	     55.59	     50.76	-17.80	 4.460e-05	      4.30	0	Gaussian	294.320846	46.117957
366	1	  0.001226	  0.001042	     -1.00	    642.54	    646.74	      4.84	      3.32	     84.70	     58.16	6.05	 6.024e-05	      4.31	0	Gaussian	293.430392	44.426999
367	1	  0.001243	  0.001790	     -1.00	    331.75	    754.84	      3.21	      2.99	     56.18	     52.38	-9.90	 9.084e-05	      4.31	0	Gaussian	295.442043	43.946777
368	1	  0.001225	  0.001720	     -1.00	    545.37	    317.47	      3.47	      2.91	     60.81	     50.86	-8.85	 8.936e-05	      4.32	0	Gaussian	294.015581	45.973998
369	1	  0.001242	  0.001344	     -1.00	    602.79	    145.94	      3.73	      3.27	     65.21	     57.17	-8.13	 5.053e-05	      4.32	0	Gaussian	293.607853	46.763748
370	1	  0.001213	  0.001479	     -1.00	    785.41	    759.32	      3.41	      3.34	     59.65	     58.50	-10.25	 3.813e-05	      4.33	0	Gaussian	292.539629	43.879972
371	1	  0.001249	  0.000907	     -1.00	    268.54	    669.35	      4.67	      3.90	     81.70	     68.28	39.70	 9.338e-05	      4.34	0	Gaussian	295.850818	44.347719
372	1	  0.001248	  0.001911	     -1.00	     94.18	    343.37	      3.38	      2.55	     59.09	     44.55	-7.36	 8.446e-05	      4.34	0	Gaussian	297.020087	45.870070
373	1	  0.001314	  0.001389	     -1.00	    724.40	    690.74	      3.67	      3.14	     64.20	     54.89	-77.58	 1.752e-04	      4.35	0	Gaussian	292.913251	44.209650
374	1	  0.001225	  0.001125	     -1.00	    115.76	    378.01	      4.21	      3.33	     73.71	     58.27	28.78	 7.013e-05	      4.35	0	Gaussian	296.872396	45.708896
375	1	  0.001245	  0.001895	     -1.00	    219.89	    287.85	      3.05	      2.83	     53.33	     49.60	3.60	 7.571e-05	      4.35	0	Gaussian	296.183224	46.132844
376	1	  0.001240	  0.001951	     -1.00	     70.77	    318.02	      2.90	      2.82	     50.69	     49.39	1.93	 6.886e-05	      4.36	0	Gaussian	297.179774	45.987480
377	1	  0.001258	  0.001729	     -1.00	    347.69	    457.04	      3.35	      2.85	     58.59	     49.81	-5.29	 7.563e-05	      4.36	0	Gaussian	295.332520	45.339256
378	1	  0.001215	  0.001807	     -1.00	    295.07	    242.51	      3.28	      2.76	     57.49	     48.26	-7.85	 5.426e-05	      4.36	0	Gaussian	295.680315	46.343308
379	1	  0.001246	  0.001922	     -1.00	    190.62	     95.85	      3.16	      2.51	     55.31	     43.98	-27.72	 1.055e-04	      4.36	0	Gaussian	296.391159	47.029471
380	1	  0.001227	  0.001601	     -1.00	    622.20	    630.96	      3.27	      3.13	     57.18	     54.83	36.91	 5.472e-05	      4.37	0	Gaussian	293.558828	44.503311
381	1	  0.001246	  0.001720	     -1.00	    778.89	     20.77	      3.12	      3.00	     54.54	     52.54	-22.78	 4.722e-05	      4.38	0	Gaussian	292.397888	47.309547
382	1	  0.001324	  0.000877	     -1.00	    493.44	    246.02	      4.80	      3.66	     84.01	     64.04	-3.60	 1.317e-04	      4.38	0	Gaussian	294.352672	46.312844
383	1	  0.001227	  0.000633	     -1.00	    489.82	    452.47	      6.77	      3.63	    118.54	     63.45	56.33	 1.213e-04	      4.38	0	Gaussian	294.397271	45.350828
384	1	  0.001297	  0.001915	     -1.00	    365.16	    286.68	      3.18	      2.61	     55.61	     45.65	-4.38	 2.210e-04	      4.39	0	Gaussian	295.211806	46.133983
385	1	  0.001227	  0.001714	     -1.00	    706.87	    461.58	      3.27	      2.79	     57.28	     48.83	-6.70	 3.983e-05	      4.39	0	Gaussian	292.978496	45.278983
386	1	  0.001217	  0.001695	     -1.00	    263.81	    609.98	      3.06	      3.00	     53.62	     52.47	-13.89	 4.950e-05	      4.39	0	Gaussian	295.882695	44.625749
387	1	  0.001292	  0.001695	     -1.00	    236.72	    380.12	      3.19	      2.92	     55.82	     51.18	-14.20	 9.257e-05	      4.39	0	Gaussian	296.067290	45.701434
388	1	  0.001229	  0.001904	     -1.00	     37.63	    242.25	      3.08	      2.69	     53.85	     47.10	-7.68	 4.855e-05	      4.39	0	Gaussian	297.412718	46.339963
389	1	  0.001216	  0.001067	     -1.00	    215.02	    109.86	      5.26	      2.66	     92.14	     46.51	-14.61	 3.722e-05	      4.40	0	Gaussian	296.224467	46.964024
390	1	  0.001240	  0.000902	     -1.00	    339.50	    612.45	      4.57	      3.84	     79.91	     67.24	65.18	 1.392e-04	      4.40	0	Gaussian	295.389471	44.612892
391	1	  0.001295	  0.001543	     -1.00	    450.65	    672.38	      3.67	      2.62	     64.31	     45.80	-12.74	 2.299e-04	      4.41	0	Gaussian	294.671331	44.327170
392	1	  0.001285	  0.001934	     -1.00	    306.27	     76.53	      3.01	      2.64	     52.74	     46.26	-17.40	 1.283e-04	      4.41	0	Gaussian	295.604879	47.117035
393	1	  0.001218	  0.000621	     -1.00	    666.08	    403.70	      5.21	      4.60	     91.17	     80.58	28.57	 4.437e-05	      4.41	0	Gaussian	293.233646	45.555146
394	1	  0.001242	  0.001599	     -1.00	    550.03	    763.98	      3.38	      2.90	     59.12	     50.77	-1.68	 8.355e-05	      4.42	0	Gaussian	294.041403	43.891066
395	1	  0.001214	  0.001798	     -1.00	    170.95	    741.29	      3.12	      2.78	     54.63	     48.60	-5.99	 4.111e-05	      4.42	0	Gaussian	296.480283	44.008962
396	1	  0.001217	  0.001655	     -1.00	    289.35	    282.25	      3.24	      2.86	     56.72	     50.13	-21.19	 3.600e-05	      4.42	0	Gaussian	295.718401	46.157934
397	1	  0.001238	  0.001638	     -1.00	     94.56	    687.85	      3.24	      2.91	     56.66	     51.02	-24.71	 7.545e-05	      4.42	0	Gaussian	296.980397	44.255754
398	1	  0.001233	  0.001607	     -1.00	    748.16	    470.50	      3.26	      2.97	     57.12	     52.00	-8.95	 5.924e-05	      4.42	0	Gaussian	292.711579	45.229981
399	1	  0.001282	  0.001546	     -1.00	    418.64	    167.39	      3.41	      2.71	     59.69	     47.50	-44.27	 1.760e-04	      4.42	0	Gaussian	294.847590	46.686368
400	1	  0.001326	  0.001694	     -1.00	    420.06	    156.85	      3.13	      2.78	     54.75	     48.60	1.10	 2.156e-04	      4.42	0	Gaussian	294.837356	46.735328
401	1	  0.001230	  0.000758	     -1.00	    539.38	     14.55	      4.78	      4.08	     83.73	     71.49	-66.02	 5.440e-05	      4.44	0	Gaussian	294.016465	47.383516
402	1	  0.001220	  0.000941	     -1.00	    242.84	    270.85	      4.63	      3.22	     81.07	     56.41	2.34	 5.262e-05	      4.44	0	Gaussian	296.030132	46.212103
403	1	  0.001227	  0.001742	     -1.00	    103.51	    445.33	      3.17	      2.70	     55.49	     47.31	-4.93	 7.763e-05	      4.45	0	Gaussian	296.947004	45.393087
404	1	  0.001231	  0.001683	     -1.00	    114.29	    483.51	      3.20	      2.79	     55.93	     48.87	-6.78	 4.350e-05	      4.45	0	Gaussian	296.871756	45.214786
405	1	  0.001447	  0.002639	     -1.00	     90.38	    558.88	      2.50	      2.10	     43.74	     36.70	21.50	 9.019e-04	      4.45	0	Gaussian	297.021494	44.860250
406	1	  0.001243	  0.000522	     -1.00	    160.58	     92.65	      6.86	      3.87	    120.01	     67.70	77.60	 1.674e-04	      4.45	0	Gaussian	296.595967	47.044155
407	1	  0.001241	  0.001542	     -1.00	    258.13	    339.77	      3.42	      2.79	     59.89	     48.84	2.59	 1.197e-04	      4.45	0	Gaussian	295.926000	45.889879
408	1	  0.001265	  0.001564	     -1.00	    632.72	    293.18	      3.32	      2.91	     58.17	     50.99	-7.86	 7.863e-05	      4.45	0	Gaussian	293.433290	46.074616
409	1	  0.001282	  0.001847	     -1.00	    226.36	    330.19	      3.07	      2.58	     53.78	     45.16	-9.29	 1.330e-04	      4.45	0	Gaussian	296.138211	45.934897
410	1	  0.001237	  0.001598	     -1.00	    437.58	    629.15	      3.31	      2.83	     57.87	     49.47	0.36	 5.042e-05	      4.46	0	Gaussian	294.752855	44.530040
411	1	  0.001232	  0.001513	     -1.00	    651.88	    281.20	      3.34	      3.00	     58.40	     52.46	-17.25	 4.703e-05	      4.47	0	Gaussian	293.304224	46.127194
412	1	  0.001232	  0.001508	     -1.00	    486.80	     36.25	      3.33	      2.99	     58.25	     52.29	-11.62	 4.599e-05	      4.47	0	Gaussian	294.376030	47.289588
413	1	  0.001285	  0.001617	     -1.00	     26.95	    270.96	      3.34	      2.72	     58.54	     47.59	-2.32	 2.256e-04	      4.47	0	Gaussian	297.480511	46.204836
414	1	  0.001237	  0.001643	     -1.00	    252.57	    531.03	      3.15	      2.77	     55.16	     48.46	-3.42	 5.514e-05	      4.49	0	Gaussian	295.958049	44.995316
415	1	  0.001230	  0.001438	     -1.00	    265.83	    290.96	      3.56	      2.87	     62.29	     50.25	-8.47	 5.871e-05	      4.49	0	Gaussian	295.875606	46.117813
416	1	  0.001340	  0.000838	     -1.00	    507.17	    242.72	      6.00	      2.94	    105.06	     51.43	-68.42	 1.714e-04	      4.50	0	Gaussian	294.260726	46.326635
417	1	  0.001217	  0.001444	     -1.00	     69.33	    752.06	      3.34	      2.97	     58.45	     52.02	-25.46	 4.458e-05	      4.50	0	Gaussian	297.137004	43.952748
418	1	  0.001221	  0.001405	     -1.00	    299.35	    121.19	      3.35	      2.99	     58.64	     52.37	8.38	 4.773e-05	      4.50	0	Gaussian	295.651891	46.909160
419	1	  0.001247	  0.001335	     -1.00	    361.62	    258.24	      3.53	      3.07	     61.82	     53.77	-15.27	 8.336e-05	      4.51	0	Gaussian	295.234528	46.266878
420	1	  0.001254	  0.001716	     -1.00	    553.78	    203.43	      2.98	      2.74	     52.11	     48.04	-13.38	 1.101e-04	      4.52	0	Gaussian	293.944545	46.503669
421	1	  0.001223	  0.001353	     -1.00	    706.74	    213.61	      3.59	      2.92	     62.92	     51.05	-15.74	 4.871e-05	      4.52	0	Gaussian	292.926611	46.431251
422	1	  0.001213	  0.001294	     -1.00	    676.51	    137.67	      3.57	      3.15	     62.54	     55.13	-14.82	 3.145e-05	      4.52	0	Gaussian	293.112355	46.789462
423	1	  0.001254	  0.001416	     -1.00	    634.42	    709.77	      3.47	      2.91	     60.72	     50.89	-5.84	 8.763e-05	      4.52	0	Gaussian	293.493127	44.134318
424	1	  0.001242	  0.001566	     -1.00	    446.05	    190.31	      3.28	      2.73	     57.35	     47.71	-10.30	 6.256e-05	      4.52	0	Gaussian	294.664939	46.577119
425	1	  0.001231	  0.001628	     -1.00	    171.14	    580.62	      3.21	      2.71	     56.14	     47.46	-6.98	 5.846e-05	      4.52	0	Gaussian	296.489720	44.761999
426	1	  0.001238	  0.001307	     -1.00	    217.96	    400.91	      3.45	      3.09	     60.31	     54.13	-8.00	 6.050e-05	      4.53	0	Gaussian	296.191053	45.604153
427	1	  0.001307	  0.001455	     -1.00	    683.48	    444.18	      3.33	      2.92	     58.24	     51.07	3.83	 3.376e-04	      4.53	0	Gaussian	293.127568	45.363925
428	1	  0.001220	  0.000673	     -1.00	     64.83	     82.99	      5.56	      3.45	     97.34	     60.45	-3.50	 5.346e-05	      4.53	0	Gaussian	297.250235	47.086096
429	1	  0.001218	  0.000651	     -1.00	    673.23	    207.41	      5.80	      3.37	    101.50	     58.92	-54.63	 5.980e-05	      4.54	0	Gaussian	293.148303	46.466299
430	1	  0.001215	  0.001130	     -1.00	    534.76	    561.76	      3.68	      3.41	     64.47	     59.71	-30.52	 4.266e-05	      4.55	0	Gaussian	294.115420	44.836398
431	1	  0.001268	  0.000988	     -1.00	    775.80	    400.72	      4.48	      3.02	     78.46	     52.83	2.63	 1.225e-04	      4.55	0	Gaussian	292.514834	45.548735
432	1	  0.001217	  0.001418	     -1.00	    500.26	    446.23	      3.32	      2.85	     58.04	     49.83	-22.35	 7.341e-05	      4.55	0	Gaussian	294.328084	45.378918
433	1	  0.001233	  0.001429	     -1.00	    494.16	    766.29	      3.45	      2.73	     60.40	     47.72	-5.27	 8.892e-05	      4.55	0	Gaussian	294.399363	43.885220
434	1	  0.001290	  0.001587	     -1.00	    748.92	    227.38	      3.09	      2.66	     54.09	     46.57	-6.05	 1.371e-04	      4.56	0	Gaussian	292.649743	46.358897
435	1	  0.001226	  0.001208	     -1.00	    722.65	     61.96	      3.57	      3.14	     62.41	     55.00	-6.06	 6.369e-05	      4.56	0	Gaussian	292.786406	47.131354
436	1	  0.001257	  0.001521	     -1.00	    104.70	    726.07	      3.18	      2.81	     55.74	     49.22	-3.19	 1.131e-04	      4.56	0	Gaussian	296.910602	44.077073
437	1	  0.001222	  0.001342	     -1.00	    115.80	    451.32	      3.42	      3.02	     59.81	     52.87	-12.94	 4.459e-05	      4.56	0	Gaussian	296.864930	45.365646
438	1	  0.001220	  0.001375	     -1.00	    365.14	    491.31	      3.49	      2.80	     61.03	     49.04	-6.27	 5.276e-05	      4.56	0	Gaussian	295.218701	45.178323
439	1	  0.001301	  0.001774	     -1.00	     85.50	    480.12	      2.96	      2.51	     51.85	     43.95	-5.36	 4.367e-04	      4.56	0	Gaussian	297.062438	45.229144
440	1	  0.001207	  0.001234	     -1.00	    116.05	    596.10	      3.49	      3.19	     61.03	     55.87	-8.14	 3.997e-05	      4.57	0	Gaussian	296.849277	44.687209
441	1	  0.001241	  0.001341	     -1.00	    226.37	    776.75	      3.38	      3.01	     59.12	     52.61	-9.93	 7.654e-05	      4.57	0	Gaussian	296.120673	43.844299
442	1	  0.001271	  0.001296	     -1.00	    131.84	    776.82	      3.62	      2.81	     63.35	     49.18	-0.33	 1.403e-04	      4.57	0	Gaussian	296.730402	43.840562
443	1	  0.001339	  0.001824	     -1.00	    428.03	    162.56	      2.86	      2.41	     50.01	     42.16	-4.45	 2.879e-04	      4.57	0	Gaussian	294.784040	46.708024
444	1	  0.001226	  0.001324	     -1.00	    667.60	     58.60	      3.46	      2.92	     60.54	     51.14	-7.85	 4.444e-05	      4.58	0	Gaussian	293.156245	47.157927
445	1	  0.001267	  0.001233	     -1.00	    651.65	     68.07	      3.98	      2.63	     69.58	     46.11	-1.10	 8.354e-05	      4.58	0	Gaussian	293.265626	47.116938
446	1	  0.001228	  0.001645	     -1.00	     98.84	    105.92	      2.79	      2.73	     48.85	     47.86	-19.95	 9.302e-05	      4.59	0	Gaussian	297.015381	46.980554
447	1	  0.001210	  0.001298	     -1.00	    747.62	    590.16	      3.51	      2.96	     61.44	     51.82	-4.08	 4.608e-05	      4.59	0	Gaussian	292.742260	44.673661
448	1	  0.001252	  0.000768	     -1.00	    137.54	     71.66	      5.77	      2.90	    100.95	     50.73	23.47	 8.576e-05	      4.59	0	Gaussian	296.754934	47.141683
449	1	  0.001225	  0.001370	     -1.00	    506.96	    504.41	      3.40	      2.82	     59.50	     49.35	-1.01	 4.382e-05	      4.60	0	Gaussian	294.290230	45.106799
450	1	  0.001356	  0.001567	     -1.00	     70.57	    795.18	      2.83	      2.82	     49.47	     49.41	48.41	 1.785e-04	      4.60	0	Gaussian	297.124029	43.750509
451	1	  0.001212	  0.000333	     -1.00	    462.59	    493.08	      6.93	      5.20	    121.30	     91.06	41.86	 4.766e-05	      4.60	0	Gaussian	294.579502	45.163715
452	1	  0.001261	  0.001292	     -1.00	    406.81	    733.06	      3.56	      2.93	     62.31	     51.20	3.87	 7.983e-05	      4.61	0	Gaussian	294.957973	44.046069
453	1	  0.001250	  0.001369	     -1.00	    683.69	    112.29	      3.29	      2.90	     57.57	     50.83	-7.74	 1.109e-04	      4.61	0	Gaussian	293.059039	46.905865
454	1	  0.001273	  0.001263	     -1.00	    538.83	    456.25	      3.54	      2.80	     61.95	     49.06	-8.89	 8.265e-05	      4.61	0	Gaussian	294.076135	45.328065
455	1	  0.001199	  0.000299	     -1.00	    567.05	    332.08	     10.16	      3.96	    177.88	     69.38	16.39	 4.249e-05	      4.61	0	Gaussian	293.874040	45.903156
456	1	  0.001218	  0.001434	     -1.00	     42.08	     76.28	      3.23	      2.74	     56.60	     47.97	-3.94	 3.848e-05	      4.61	0	Gaussian	297.406617	47.116135
457	1	  0.001228	  0.001047	     -1.00	     60.54	    220.02	      4.33	      2.82	     75.84	     49.43	-12.21	 7.199e-05	      4.61	0	Gaussian	297.261200	46.445432
458	1	  0.001247	  0.001320	     -1.00	    466.39	    473.07	      3.38	      2.90	     59.07	     50.81	-5.62	 8.874e-05	      4.62	0	Gaussian	294.552926	45.256827
459	1	  0.001252	  0.001342	     -1.00	    301.12	    722.95	      3.25	      2.88	     56.82	     50.44	-2.49	 1.210e-04	      4.63	0	Gaussian	295.639424	44.096572
460	1	  0.001235	  0.001429	     -1.00	    291.82	    600.12	      3.13	      2.86	     54.77	     50.10	-20.59	 1.163e-04	      4.63	0	Gaussian	295.700098	44.671664
461	1	  0.001252	  0.001288	     -1.00	    752.47	     52.12	      3.33	      2.98	     58.30	     52.13	-5.83	 7.276e-05	      4.63	0	Gaussian	292.583602	47.170468
462	1	  0.001231	  0.000643	     -1.00	    414.73	    271.59	      6.58	      2.89	    115.19	     50.60	-30.43	 6.074e-05	      4.64	0	Gaussian	294.880163	46.201044
463	1	  0.001214	  0.001409	     -1.00	    218.14	     17.52	      3.18	      2.82	     55.64	     49.30	-13.44	 7.271e-05	      4.64	0	Gaussian	296.207690	47.394589
464	1	  0.001234	  0.001260	     -1.00	    270.12	    190.68	      3.41	      2.88	     59.74	     50.34	-5.89	 4.640e-05	      4.65	0	Gaussian	295.848748	46.585962
465	1	  0.001227	  0.001219	     -1.00	    383.15	    458.04	      3.45	      3.02	     60.46	     52.78	-13.04	 4.028e-05	      4.66	0	Gaussian	295.099034	45.332870
466	1	  0.001254	  0.000490	     -1.00	    239.88	    227.53	      7.03	      3.29	    123.13	     57.56	-58.11	 8.936e-05	      4.66	0	Gaussian	296.051452	46.414508
467	1	  0.001262	  0.000612	     -1.00	    145.79	    129.51	      5.11	      3.83	     89.44	     66.96	-80.20	 2.473e-04	      4.66	0	Gaussian	296.693526	46.871816
468	1	  0.001226	  0.000572	     -1.00	    239.61	    444.38	      6.08	      3.37	    106.35	     58.95	-54.10	 4.255e-05	      4.67	0	Gaussian	296.045981	45.400834
469	1	  0.001214	  0.001155	     -1.00	    306.59	    245.32	      3.62	      3.00	     63.35	     52.59	-15.52	 9.006e-05	      4.68	0	Gaussian	295.602995	46.329806
470	1	  0.001260	  0.001168	     -1.00	    174.67	    479.16	      3.46	      3.07	     60.49	     53.65	-1.40	 7.950e-05	      4.68	0	Gaussian	296.473277	45.237333
471	1	  0.001244	  0.001208	     -1.00	    578.98	     54.29	      3.41	      2.93	     59.74	     51.31	-3.50	 6.027e-05	      4.68	0	Gaussian	293.753743	47.193133
472	1	  0.001226	  0.001203	     -1.00	    474.61	    321.09	      3.51	      2.93	     61.50	     51.26	-8.73	 4.862e-05	      4.68	0	Gaussian	294.485320	45.964983
473	1	  0.001230	  0.001287	     -1.00	    426.92	    207.24	      3.33	      2.81	     58.27	     49.12	-7.08	 5.680e-05	      4.68	0	Gaussian	294.794529	46.499980
474	1	  0.001252	  0.001112	     -1.00	    544.58	    482.22	      3.67	      3.01	     64.27	     52.63	0.13	 1.022e-04	      4.68	0	Gaussian	294.041697	45.206331
475	1	  0.001249	  0.000392	     -1.00	    159.96	    487.54	      6.44	      4.49	    112.72	     78.63	-32.86	 6.265e-05	      4.69	0	Gaussian	296.569787	45.197657
476	1	  0.001222	  0.001179	     -1.00	    422.52	     46.66	      3.42	      2.99	     59.88	     52.42	-8.74	 4.025e-05	      4.69	0	Gaussian	294.813575	47.248035
477	1	  0.001245	  0.000772	     -1.00	     60.11	    680.47	      4.74	      3.02	     83.04	     52.94	24.57	 1.627e-04	      4.69	0	Gaussian	297.205468	44.287979
478	1	  0.001216	  0.000489	     -1.00	    659.78	    112.74	      6.44	      3.74	    112.79	     65.40	-2.91	 5.385e-05	      4.70	0	Gaussian	293.219576	46.908203
479	1	  0.001269	  0.001328	     -1.00	    321.08	    727.79	      3.20	      2.70	     56.07	     47.32	-3.55	 1.193e-04	      4.71	0	Gaussian	295.510527	44.073600
480	1	  0.001240	  0.001200	     -1.00	    429.44	    264.01	      3.48	      2.82	     60.97	     49.36	-19.61	 5.662e-05	      4.71	0	Gaussian	294.781500	46.235200
481	1	  0.001238	  0.000509	     -1.00	    644.54	     23.55	      8.32	      2.91	    145.69	     50.88	-0.83	 8.156e-05	      4.71	0	Gaussian	293.305111	47.324694
482	1	  0.001210	  0.000539	     -1.00	    142.56	    264.39	      4.62	      4.52	     80.90	     79.08	7.37	 3.392e-05	      4.71	0	Gaussian	296.703632	46.241454
483	1	  0.001250	  0.001366	     -1.00	     60.12	    475.57	      3.10	      2.78	     54.33	     48.72	-13.17	 6.832e-05	      4.72	0	Gaussian	297.230908	45.248837
484	1	  0.001261	  0.001173	     -1.00	    483.97	    386.63	      3.52	      2.85	     61.53	     49.90	-9.97	 8.430e-05	      4.72	0	Gaussian	294.429437	45.658475
485	1	  0.001223	  0.001157	     -1.00	    464.23	    618.46	      3.47	      3.01	     60.67	     52.66	-19.27	 4.771e-05	      4.72	0	Gaussian	294.579204	44.578116
486	1	  0.001251	  0.001079	     -1.00	     62.43	    404.52	      3.48	      3.17	     60.89	     55.48	-5.34	 1.166e-04	      4.72	0	Gaussian	297.224558	45.581898
487	1	  0.001218	  0.001136	     -1.00	    374.40	    557.42	      3.50	      2.97	     61.21	     52.06	-9.97	 5.486e-05	      4.73	0	Gaussian	295.160331	44.868901
488	1	  0.001225	  0.000853	     -1.00	    425.04	    542.29	      4.94	      2.71	     86.54	     47.42	-2.65	 5.838e-05	      4.73	0	Gaussian	294.828755	44.936741
489	1	  0.001225	  0.001142	     -1.00	     73.16	    576.48	      3.72	      2.85	     65.05	     49.87	-3.41	 5.353e-05	      4.73	0	Gaussian	297.132580	44.776643
490	1	  0.001257	  0.001407	     -1.00	    296.05	    504.54	      3.05	      2.59	     53.46	     45.34	-1.24	 1.434e-04	      4.73	0	Gaussian	295.672797	45.118769
491	1	  0.001241	  0.001173	     -1.00	    473.15	    567.50	      3.49	      2.79	     61.04	     48.78	-6.05	 6.639e-05	      4.74	0	Gaussian	294.516933	44.815402
492	1	  0.001219	  0.001013	     -1.00	    133.86	    127.62	      3.88	      2.87	     67.83	     50.29	-7.52	 5.483e-05	      4.74	0	Gaussian	296.774823	46.880385
493	1	  0.001241	  0.000987	     -1.00	    451.54	    201.37	      3.63	      3.27	     63.49	     57.19	-24.16	 9.940e-05	      4.74	0	Gaussian	294.628945	46.525088
494	1	  0.001245	  0.000736	     -1.00	    781.76	    462.45	      4.90	      3.11	     85.70	     54.37	7.22	 7.183e-05	      4.74	0	Gaussian	292.491210	45.260842
495	1	  0.001213	  0.001125	     -1.00	    237.98	    303.99	      3.58	      2.79	     62.73	     48.82	-4.53	 4.407e-05	      4.75	0	Gaussian	296.061561	46.057298
496	1	  0.001255	  0.001157	     -1.00	    684.81	     10.20	      3.28	      2.88	     57.40	     50.46	-4.62	 9.352e-05	      4.76	0	Gaussian	293.030165	47.378897
497	1	  0.001239	  0.000797	     -1.00	    388.48	    409.62	      3.78	      3.77	     66.09	     66.06	21.48	 5.356e-05	      4.76	0	Gaussian	295.061768	45.558705
498	1	  0.001262	  0.001169	     -1.00	    139.42	    112.88	      3.45	      2.76	     60.45	     48.36	-8.50	 2.639e-04	      4.76	0	Gaussian	296.738324	46.949342
499	1	  0.001222	  0.001045	     -1.00	    500.79	     74.74	      3.62	      2.97	     63.42	     51.91	-13.86	 7.101e-05	      4.76	0	Gaussian	294.285218	47.108988
500	1	  0.001247	  0.001268	     -1.00	    165.00	     42.40	      3.31	      2.67	     57.92	     46.74	-7.71	 8.762e-05	      4.76	0	Gaussian	296.569758	47.278656
501	1	  0.001220	  0.001079	     -1.00	    590.10	     98.68	      3.60	      2.91	     62.94	     50.97	-5.99	 4.163e-05	      4.77	0	Gaussian	293.685576	46.985291
502	1	  0.001224	  0.001095	     -1.00	    125.27	    255.50	      3.44	      3.04	     60.29	     53.28	-13.52	 6.760e-05	      4.77	0	Gaussian	296.820726	46.282481
503	1	  0.001271	  0.000987	     -1.00	    401.57	     35.50	      3.61	      3.12	     63.11	     54.67	-11.10	 9.609e-05	      4.78	0	Gaussian	294.955362	47.301818
504	1	  0.001215	  0.000970	     -1.00	     41.20	    726.71	      3.88	      2.85	     67.90	     49.88	-5.72	 4.019e-05	      4.79	0	Gaussian	297.322535	44.069497
505	1	  0.001224	  0.000908	     -1.00	    482.05	    142.83	      3.81	      3.22	     66.64	     56.35	-13.45	 3.737e-05	      4.79	0	Gaussian	294.418729	46.794489
506	1	  0.001461	  0.001487	     -1.00	     78.95	    540.56	      2.93	      2.44	     51.32	     42.79	41.16	 7.919e-04	      4.79	0	Gaussian	297.098712	44.945447
507	1	  0.001273	  0.000927	     -1.00	    391.87	    642.83	      3.89	      3.04	     68.11	     53.25	-10.54	 1.277e-04	      4.79	0	Gaussian	295.050115	44.468730
508	1	  0.001286	  0.000828	     -1.00	    151.52	    331.42	      4.46	      2.94	     78.11	     51.49	13.23	 2.163e-04	      4.79	0	Gaussian	296.637999	45.928202
509	1	  0.001199	  0.000696	     -1.00	    653.71	    224.95	      4.55	      3.39	     79.62	     59.34	-4.48	 3.188e-05	      4.79	0	Gaussian	293.281584	46.388281
510	1	  0.001246	  0.000624	     -1.00	    282.79	     33.53	      5.81	      2.85	    101.76	     49.81	-29.85	 1.669e-04	      4.79	0	Gaussian	295.765148	47.318361
511	1	  0.001242	  0.001162	     -1.00	    270.20	    758.72	      3.34	      2.85	     58.54	     49.83	6.59	 1.155e-04	      4.80	0	Gaussian	295.838628	43.929212
512	1	  0.001266	  0.001148	     -1.00	    266.05	    703.41	      3.36	      2.78	     58.77	     48.70	-7.00	 8.905e-05	      4.80	0	Gaussian	295.866393	44.188224
513	1	  0.001274	  0.001190	     -1.00	    454.67	    284.48	      3.24	      2.86	     56.68	     50.06	-22.91	 7.737e-05	      4.80	0	Gaussian	294.614722	46.137539
514	1	  0.001245	  0.001076	     -1.00	    657.02	     95.16	      3.38	      2.96	     59.24	     51.79	-10.21	 9.226e-05	      4.80	0	Gaussian	293.234687	46.990274
515	1	  0.001252	  0.001123	     -1.00	    590.88	    336.74	      3.36	      2.84	     58.80	     49.67	-18.44	 8.708e-05	      4.80	0	Gaussian	293.717169	45.878212
516	1	  0.001264	  0.001251	     -1.00	     26.62	    648.37	      3.30	      2.66	     57.74	     46.52	-7.83	 1.521e-04	      4.80	0	Gaussian	297.428071	44.435880
517	1	  0.001212	  0.000905	     -1.00	    786.22	    717.02	      3.90	      3.07	     68.19	     53.74	-13.63	 3.789e-05	      4.80	0	Gaussian	292.524358	44.076575
518	1	  0.001220	  0.001084	     -1.00	    209.97	    603.58	      3.61	      2.77	     63.19	     48.40	-7.46	 4.408e-05	      4.81	0	Gaussian	296.234413	44.655340
519	1	  0.001250	  0.001192	     -1.00	    428.44	    488.54	      3.27	      2.78	     57.16	     48.67	-7.49	 8.424e-05	      4.81	0	Gaussian	294.803039	45.187555
520	1	  0.001213	  0.001165	     -1.00	     18.30	    720.62	      3.31	      2.82	     57.97	     49.28	-10.82	 4.335e-05	      4.81	0	Gaussian	297.472073	44.096055
521	1	  0.001237	  0.000972	     -1.00	    759.53	    410.82	      3.70	      3.00	     64.70	     52.51	3.60	 1.037e-04	      4.81	0	Gaussian	292.623573	45.505138
522	1	  0.001315	  0.000754	     -1.00	    304.11	    496.14	      4.60	      2.89	     80.44	     50.65	84.76	 1.932e-04	      4.82	0	Gaussian	295.619803	45.157894
523	1	  0.001249	  0.001099	     -1.00	    420.11	    125.48	      3.45	      2.79	     60.31	     48.84	-9.48	 9.911e-05	      4.82	0	Gaussian	294.835036	46.881436
524	1	  0.001217	  0.000665	     -1.00	     22.01	    297.46	      5.47	      2.73	     95.82	     47.82	-9.23	 7.570e-05	      4.82	0	Gaussian	297.509767	46.080426
525	1	  0.001207	  0.000815	     -1.00	    770.32	    516.05	      4.01	      3.15	     70.19	     55.20	-8.90	 3.355e-05	      4.82	0	Gaussian	292.578391	45.014011
526	1	  0.001210	  0.000889	     -1.00	    620.66	    338.81	      3.74	      3.12	     65.49	     54.69	-15.09	 3.937e-05	      4.82	0	Gaussian	293.520854	45.864228
527	1	  0.001228	  0.000967	     -1.00	    476.70	    164.49	      3.67	      2.92	     64.27	     51.13	-16.49	 5.296e-05	      4.82	0	Gaussian	294.456815	46.694256
528	1	  0.001259	  0.001150	     -1.00	     88.47	    109.80	      3.40	      2.73	     59.57	     47.72	4.02	 9.039e-05	      4.83	0	Gaussian	297.085562	46.962035
529	1	  0.001253	  0.000896	     -1.00	    670.71	    380.44	      3.70	      3.10	     64.72	     54.19	-6.87	 1.121e-04	      4.83	0	Gaussian	293.198775	45.662583
530	1	  0.001231	  0.001023	     -1.00	    288.37	    461.60	      3.53	      2.99	     61.72	     52.33	-7.11	 4.264e-05	      4.83	0	Gaussian	295.723579	45.319763
531	1	  0.001429	  0.001360	     -1.00	     66.51	    545.08	      2.67	      2.61	     46.71	     45.63	32.86	 8.781e-04	      4.83	0	Gaussian	297.180094	44.923435
532	1	  0.001211	  0.000881	     -1.00	    358.39	    768.37	      3.64	      3.35	     63.77	     58.68	-9.48	 4.317e-05	      4.84	0	Gaussian	295.270948	43.882776
533	1	  0.001222	  0.000884	     -1.00	    351.92	    660.42	      3.77	      3.15	     65.96	     55.20	-9.98	 5.380e-05	      4.84	0	Gaussian	295.309816	44.388064
534	1	  0.001214	  0.000875	     -1.00	    470.03	    725.76	      3.97	      3.06	     69.41	     53.50	-9.08	 4.849e-05	      4.84	0	Gaussian	294.550653	44.076359
535	1	  0.001257	  0.001038	     -1.00	    510.68	    688.39	      3.65	      2.85	     63.94	     49.88	-3.83	 7.643e-05	      4.84	0	Gaussian	294.285450	44.247673
536	1	  0.001267	  0.001090	     -1.00	    214.30	    748.56	      3.37	      2.90	     58.91	     50.73	-13.09	 1.093e-04	      4.84	0	Gaussian	296.199707	43.976154
537	1	  0.001216	  0.000527	     -1.00	    311.75	    170.22	      5.08	      3.59	     88.86	     62.84	-24.69	 4.014e-05	      4.85	0	Gaussian	295.568048	46.679997
538	1	  0.001300	  0.001248	     -1.00	    639.42	    458.37	      3.19	      2.61	     55.84	     45.71	-10.04	 1.215e-04	      4.85	0	Gaussian	293.418056	45.304915
539	1	  0.001214	  0.000265	     -1.00	    128.67	    582.66	      6.94	      5.34	    121.54	     93.54	-18.73	 5.479e-05	      4.85	0	Gaussian	296.767852	44.750835
540	1	  0.001257	  0.001116	     -1.00	    328.88	    647.41	      3.40	      2.68	     59.48	     46.85	-6.84	 9.686e-05	      4.85	0	Gaussian	295.459101	44.449600
541	1	  0.001238	  0.000955	     -1.00	    202.29	    146.34	      3.80	      2.71	     66.51	     47.51	-10.67	 8.448e-05	      4.85	0	Gaussian	296.308958	46.793833
542	1	  0.001269	  0.000852	     -1.00	    686.90	    363.78	      4.09	      2.66	     71.58	     46.49	6.69	 1.153e-04	      4.85	0	Gaussian	293.089155	45.737258
543	1	  0.001243	  0.000413	     -1.00	    128.14	    439.25	      5.98	      3.91	    104.68	     68.50	-77.98	 1.215e-04	      4.85	0	Gaussian	296.784270	45.422693
544	1	  0.001220	  0.000804	     -1.00	     52.32	    372.03	      3.80	      3.40	     66.47	     59.59	-4.08	 5.901e-05	      4.85	0	Gaussian	297.296203	45.733416
545	1	  0.001234	  0.001042	     -1.00	    452.47	    380.01	      3.60	      2.66	     62.93	     46.63	-0.83	 7.312e-05	      4.85	0	Gaussian	294.636993	45.692259
546	1	  0.001220	  0.000929	     -1.00	     77.59	    402.18	      3.70	      3.11	     64.85	     54.41	-7.27	 4.388e-05	      4.86	0	Gaussian	297.123968	45.593804
547	1	  0.001208	  0.000998	     -1.00	    174.25	    140.98	      3.42	      3.03	     59.90	     53.10	-5.61	 3.149e-05	      4.86	0	Gaussian	296.499378	46.818725
548	1	  0.001286	  0.001062	     -1.00	     47.78	    443.88	      3.29	      2.83	     57.62	     49.54	-8.98	 9.036e-05	      4.86	0	Gaussian	297.316806	45.396495
549	1	  0.001223	  0.000955	     -1.00	     17.34	    247.72	      3.73	      3.01	     65.23	     52.72	4.50	 5.897e-05	      4.86	0	Gaussian	297.548809	46.312876
550	1	  0.001321	  0.001187	     -1.00	    372.08	    154.50	      3.07	      2.64	     53.66	     46.22	-5.26	 3.535e-04	      4.87	0	Gaussian	295.160660	46.749978
551	1	  0.001225	  0.000658	     -1.00	    395.64	    150.08	      4.20	      3.58	     73.60	     62.58	-47.84	 4.292e-05	      4.87	0	Gaussian	295.001544	46.768858
552	1	  0.001250	  0.000872	     -1.00	    289.11	    591.25	      4.06	      2.58	     71.14	     45.10	-2.14	 1.497e-04	      4.87	0	Gaussian	295.717848	44.713202
553	1	  0.001237	  0.000787	     -1.00	     25.29	    529.26	      3.68	      3.28	     64.37	     57.42	10.37	 9.919e-05	      4.88	0	Gaussian	297.453746	44.994512
554	1	  0.001251	  0.000944	     -1.00	    442.02	    640.78	      3.57	      3.00	     62.41	     52.49	-8.38	 8.515e-05	      4.88	0	Gaussian	294.724896	44.475414
555	1	  0.001256	  0.000519	     -1.00	    451.62	    135.89	      4.88	      3.79	     85.49	     66.37	-44.10	 1.071e-04	      4.88	0	Gaussian	294.623129	46.829976
556	1	  0.001205	  0.000765	     -1.00	    161.72	      5.88	      4.05	      3.15	     70.80	     55.14	-22.02	 2.210e-05	      4.89	0	Gaussian	296.595112	47.448945
557	1	  0.001204	  0.000874	     -1.00	    704.70	      9.33	      3.65	      3.27	     63.82	     57.31	-5.37	 3.175e-05	      4.89	0	Gaussian	292.895527	47.378908
558	1	  0.001267	  0.001358	     -1.00	     10.42	    574.44	      2.77	      2.39	     48.54	     41.83	-19.31	 1.611e-04	      4.89	0	Gaussian	297.544947	44.781295
559	1	  0.001259	  0.000860	     -1.00	    373.72	    348.83	      3.69	      3.03	     64.53	     53.06	-18.42	 9.891e-05	      4.89	0	Gaussian	295.157023	45.843415
560	1	  0.001241	  0.000977	     -1.00	    437.38	    202.20	      3.59	      2.87	     62.90	     50.18	-5.41	 1.159e-04	      4.90	0	Gaussian	294.723982	46.522544
561	1	  0.001291	  0.000669	     -1.00	    366.72	    517.70	      4.64	      3.00	     81.28	     52.54	-79.70	 1.448e-04	      4.90	0	Gaussian	295.209190	45.054920
562	1	  0.001279	  0.000988	     -1.00	     25.03	    657.70	      3.59	      2.71	     62.85	     47.39	-10.78	 1.598e-04	      4.90	0	Gaussian	297.437156	44.391979
563	1	  0.001251	  0.000599	     -1.00	    633.77	    437.74	      5.92	      2.79	    103.63	     48.86	-10.37	 7.961e-05	      4.90	0	Gaussian	293.451484	45.401783
564	1	  0.001214	  0.000637	     -1.00	    385.99	    618.81	      4.03	      3.49	     70.48	     61.03	-3.98	 5.662e-05	      4.91	0	Gaussian	295.087219	44.581335
565	1	  0.001215	  0.000501	     -1.00	    770.68	    603.37	      5.70	      3.47	     99.73	     60.79	-21.35	 3.435e-05	      4.91	0	Gaussian	292.596841	44.607990
566	1	  0.001265	  0.000694	     -1.00	    136.06	    398.79	      4.66	      2.95	     81.60	     51.65	-42.71	 1.146e-04	      4.92	0	Gaussian	296.735327	45.612453
567	1	  0.001260	  0.000702	     -1.00	    342.00	    543.65	      4.82	      2.87	     84.36	     50.15	11.63	 1.042e-04	      4.92	0	Gaussian	295.371784	44.934577
568	1	  0.001231	  0.000794	     -1.00	    651.77	    365.47	      4.03	      2.86	     70.55	     50.11	-24.16	 6.941e-05	      4.92	0	Gaussian	293.320517	45.735318
569	1	  0.001206	  0.000564	     -1.00	     98.47	    645.88	      5.10	      3.05	     89.19	     53.33	-36.71	 3.150e-05	      4.93	0	Gaussian	296.959295	44.452831
570	1	  0.001225	  0.000988	     -1.00	    599.95	    180.61	      3.48	      2.83	     60.83	     49.61	-12.25	 4.831e-05	      4.93	0	Gaussian	293.632467	46.603103
571	1	  0.001260	  0.000978	     -1.00	    489.08	    542.21	      3.47	      2.82	     60.69	     49.43	-4.80	 2.186e-04	      4.94	0	Gaussian	294.410780	44.932091
572	1	  0.001230	  0.000812	     -1.00	    699.06	    398.70	      3.76	      3.11	     65.74	     54.50	-5.52	 4.901e-05	      4.95	0	Gaussian	293.016464	45.572782
573	1	  0.001239	  0.000988	     -1.00	    116.58	    687.99	      3.52	      2.73	     61.68	     47.79	0.57	 7.299e-05	      4.95	0	Gaussian	296.837125	44.256361
574	1	  0.001241	  0.000794	     -1.00	    618.16	     27.75	      3.86	      2.98	     67.57	     52.17	-14.12	 4.677e-05	      4.95	0	Gaussian	293.484385	47.309894
575	1	  0.001216	  0.000949	     -1.00	    111.09	    139.79	      3.52	      2.88	     61.63	     50.50	-12.58	 4.969e-05	      4.96	0	Gaussian	296.928308	46.822842
576	1	  0.001234	  0.000766	     -1.00	    790.02	     54.78	      3.82	      3.12	     66.91	     54.66	1.37	 5.110e-05	      4.96	0	Gaussian	292.332042	47.149528
577	1	  0.001244	  0.000931	     -1.00	     16.43	     59.28	      3.56	      2.95	     62.27	     51.64	-11.70	 9.176e-05	      4.96	0	Gaussian	297.584776	47.193868
578	1	  0.001252	  0.000747	     -1.00	    114.72	    714.57	      4.10	      2.89	     71.70	     50.57	-22.95	 1.326e-04	      4.96	0	Gaussian	296.846722	44.131627
579	1	  0.001229	  0.000851	     -1.00	    125.59	    750.86	      3.81	      2.99	     66.60	     52.38	-6.38	 5.906e-05	      4.96	0	Gaussian	296.773026	43.961996
580	1	  0.001278	  0.001112	     -1.00	    678.82	    710.93	      2.96	      2.64	     51.86	     46.20	-18.69	 1.143e-04	      4.97	0	Gaussian	293.208972	44.122700
581	1	  0.001214	  0.000848	     -1.00	    145.99	    577.71	      3.91	      2.84	     68.39	     49.71	-11.52	 3.886e-05	      4.97	0	Gaussian	296.654751	44.774736
582	1	  0.001208	  0.000673	     -1.00	    439.71	    792.80	      3.88	      3.39	     67.95	     59.32	-24.75	 4.953e-05	      4.97	0	Gaussian	294.750305	43.765013
583	1	  0.001239	  0.000944	     -1.00	    522.51	     42.46	      3.41	      2.96	     59.66	     51.88	-13.66	 5.949e-05	      4.97	0	Gaussian	294.134403	47.256204
584	1	  0.001304	  0.000992	     -1.00	    487.48	    574.93	      3.15	      2.79	     55.11	     48.81	-5.74	 3.262e-04	      4.97	0	Gaussian	294.424346	44.779486
585	1	  0.001231	  0.000946	     -1.00	    340.15	    174.62	      3.55	      2.73	     62.09	     47.79	-2.09	 5.386e-05	      4.97	0	Gaussian	295.376556	46.658130
586	1	  0.001231	  0.000817	     -1.00	    309.01	    672.71	      3.75	      3.00	     65.66	     52.57	-9.00	 6.140e-05	      4.98	0	Gaussian	295.588255	44.331633
587	1	  0.001228	  0.000797	     -1.00	    770.81	    699.87	      3.74	      3.08	     65.40	     53.91	-18.14	 7.171e-05	      4.98	0	Gaussian	292.618597	44.159156
588	1	  0.001235	  0.000397	     -1.00	    536.63	    157.01	      5.98	      3.78	    104.75	     66.20	-11.58	 5.671e-05	      4.98	0	Gaussian	294.053342	46.721883
589	1	  0.001248	  0.000828	     -1.00	    726.55	    730.34	      3.65	      3.18	     63.93	     55.59	-21.71	 7.207e-05	      4.98	0	Gaussian	292.907871	44.024936
590	1	  0.001243	  0.000782	     -1.00	    786.40	    444.89	      3.89	      2.94	     68.00	     51.43	-22.62	 7.901e-05	      4.98	0	Gaussian	292.456617	45.341464
591	1	  0.001222	  0.000712	     -1.00	     45.99	    757.30	      4.14	      3.07	     72.39	     53.69	-7.91	 5.144e-05	      4.98	0	Gaussian	297.287515	43.926312
592	1	  0.001214	  0.000631	     -1.00	    651.34	    790.62	      4.75	      2.94	     83.21	     51.51	-25.12	 3.563e-05	      4.99	0	Gaussian	293.398715	43.755135
593	1	  0.001238	  0.000761	     -1.00	    552.12	    517.46	      3.90	      3.03	     68.31	     53.06	-11.30	 7.027e-05	      4.99	0	Gaussian	293.996920	45.041130
594	1	  0.001250	  0.000943	     -1.00	     36.59	    638.49	      3.40	      2.91	     59.48	     50.86	-9.61	 1.275e-04	      4.99	0	Gaussian	297.364305	44.483054
595	1	  0.001228	  0.000920	     -1.00	     77.88	    364.66	      3.44	      2.84	     60.16	     49.70	-11.89	 5.400e-05	      5.00	0	Gaussian	297.126550	45.769509
596	1	  0.001232	  0.000765	     -1.00	    246.87	     26.26	      3.77	      3.02	     66.05	     52.88	-1.67	 6.224e-05	      5.00	0	Gaussian	296.010753	47.353314
597	1	  0.001273	  0.000733	     -1.00	    705.80	    146.74	      3.90	      2.87	     68.18	     50.24	-23.51	 1.527e-04	      5.00	0	Gaussian	292.918373	46.741759
598	1	  0.001242	  0.000833	     -1.00	    168.90	    767.89	      3.80	      2.82	     66.54	     49.32	-18.99	 7.900e-05	      5.01	0	Gaussian	296.491817	43.884154
599	1	  0.001228	  0.000708	     -1.00	    656.28	    545.55	      4.59	      2.76	     80.39	     48.23	-10.78	 5.213e-05	      5.01	0	Gaussian	293.323788	44.896395
600	1	  0.001238	  0.000807	     -1.00	    406.22	    216.24	      3.70	      2.93	     64.72	     51.24	-21.77	 6.663e-05	      5.01	0	Gaussian	294.933905	46.459731
601	1	  0.001242	  0.000738	     -1.00	    513.30	    476.38	      4.05	      2.80	     70.82	     48.97	5.24	 9.764e-05	      5.01	0	Gaussian	294.245755	45.236955
602	1	  0.001232	  0.000762	     -1.00	    652.95	    473.29	      3.76	      3.08	     65.87	     53.83	-13.15	 4.731e-05	      5.02	0	Gaussian	293.332403	45.233388
603	1	  0.001222	  0.000710	     -1.00	    153.10	    452.29	      3.86	      3.17	     67.59	     55.43	-18.41	 3.816e-05	      5.03	0	Gaussian	296.617820	45.362513
604	1	  0.001225	  0.000831	     -1.00	    527.61	    642.67	      3.54	      3.13	     61.97	     54.70	-12.55	 8.814e-05	      5.03	0	Gaussian	294.171230	44.459565
605	1	  0.001243	  0.000831	     -1.00	    222.81	    175.48	      3.68	      2.77	     64.40	     48.46	-3.79	 1.547e-04	      5.03	0	Gaussian	296.168569	46.657710
606	1	  0.001249	  0.000618	     -1.00	    454.35	    410.80	      4.24	      2.96	     74.17	     51.89	-6.73	 8.312e-05	      5.04	0	Gaussian	294.627034	45.548432
607	1	  0.001248	  0.000594	     -1.00	    649.17	    425.24	      5.01	      2.81	     87.65	     49.21	-6.67	 9.562e-05	      5.04	0	Gaussian	293.348396	45.457641
608	1	  0.001202	  0.000779	     -1.00	     94.32	    792.63	      3.50	      3.29	     61.21	     57.51	28.55	 3.631e-05	      5.04	0	Gaussian	296.971006	43.764162
609	1	  0.001245	  0.000809	     -1.00	    666.07	    618.67	      3.64	      2.93	     63.76	     51.36	-7.82	 7.038e-05	      5.04	0	Gaussian	293.273794	44.554382
610	1	  0.001253	  0.000857	     -1.00	     98.01	    759.68	      3.49	      2.89	     61.17	     50.67	-13.79	 1.046e-04	      5.04	0	Gaussian	296.950586	43.919006
611	1	  0.001252	  0.000881	     -1.00	    371.82	    508.32	      3.60	      2.69	     62.94	     47.02	-20.81	 1.197e-04	      5.04	0	Gaussian	295.175391	45.098519
612	1	  0.001256	  0.000729	     -1.00	    277.42	    761.66	      4.14	      2.79	     72.42	     48.87	3.77	 1.488e-04	      5.05	0	Gaussian	295.792084	43.915441
613	1	  0.001241	  0.000771	     -1.00	    273.14	    786.36	      3.95	      2.81	     69.21	     49.18	-8.52	 9.061e-05	      5.05	0	Gaussian	295.819306	43.799717
614	1	  0.001269	  0.000449	     -1.00	    555.73	    441.66	      4.63	      3.69	     81.00	     64.58	67.33	 1.508e-04	      5.05	0	Gaussian	293.963449	45.394072
615	1	  0.001239	  0.000828	     -1.00	    737.91	    462.84	      3.53	      2.95	     61.71	     51.65	-14.34	 7.755e-05	      5.05	0	Gaussian	292.776525	45.267536
616	1	  0.001215	  0.000881	     -1.00	    166.92	    591.62	      3.40	      2.87	     59.54	     50.22	-11.93	 5.848e-05	      5.05	0	Gaussian	296.516624	44.710313
617	1	  0.001310	  0.001041	     -1.00	     48.00	    562.03	      3.37	      2.46	     58.90	     43.04	-8.56	 3.918e-04	      5.05	0	Gaussian	297.299666	44.842651
618	1	  0.001228	  0.000716	     -1.00	    731.28	    350.58	      4.33	      2.74	     75.80	     47.94	-9.92	 5.311e-05	      5.06	0	Gaussian	292.794674	45.790477
619	1	  0.001325	  0.001137	     -1.00	    375.20	    531.51	      3.03	      2.38	     53.09	     41.57	-3.74	 3.264e-04	      5.06	0	Gaussian	295.154135	44.989969
620	1	  0.001221	  0.000657	     -1.00	    339.89	    689.24	      4.14	      3.02	     72.47	     52.80	-26.78	 4.033e-05	      5.06	0	Gaussian	295.388411	44.253589
621	1	  0.001267	  0.000837	     -1.00	    277.80	    697.57	      3.58	      2.77	     62.69	     48.44	-8.94	 7.963e-05	      5.06	0	Gaussian	295.790421	44.215555
622	1	  0.001210	  0.000757	     -1.00	    721.30	    176.60	      3.84	      2.90	     67.17	     50.77	-10.78	 3.546e-05	      5.07	0	Gaussian	292.821562	46.600114
623	1	  0.001301	  0.000693	     -1.00	    508.26	      5.41	      3.77	      3.00	     65.94	     52.57	-7.84	 8.533e-05	      5.07	0	Gaussian	294.226848	47.430207
624	1	  0.001233	  0.000821	     -1.00	    783.98	    313.35	      3.73	      2.70	     65.33	     47.33	-12.86	 6.752e-05	      5.07	0	Gaussian	292.439412	45.952612
625	1	  0.001212	  0.000472	     -1.00	    290.28	    196.27	      6.21	      2.91	    108.68	     50.89	-11.16	 6.609e-05	      5.07	0	Gaussian	295.712799	46.559314
626	1	  0.001232	  0.000440	     -1.00	    428.80	    375.12	      5.67	      3.32	     99.25	     58.04	-40.60	 6.131e-05	      5.08	0	Gaussian	294.793195	45.717010
627	1	  0.001225	  0.000738	     -1.00	    114.18	    470.58	      3.81	      2.93	     66.64	     51.33	-0.71	 4.120e-05	      5.08	0	Gaussian	296.873794	45.275354
628	1	  0.001273	  0.000727	     -1.00	    389.76	    633.23	      3.83	      2.84	     67.12	     49.68	-18.91	 1.427e-04	      5.08	0	Gaussian	295.063406	44.513712
629	1	  0.001258	  0.000884	     -1.00	    645.00	    417.52	      3.51	      2.67	     61.41	     46.65	-11.76	 9.736e-05	      5.08	0	Gaussian	293.374350	45.494206
630	1	  0.001230	  0.000798	     -1.00	    141.86	    596.99	      3.83	      2.61	     66.97	     45.72	-13.19	 8.563e-05	      5.08	0	Gaussian	296.680224	44.684253
631	1	  0.001214	  0.000691	     -1.00	     96.10	    778.50	      4.30	      2.55	     75.20	     44.56	-20.43	 5.256e-05	      5.08	0	Gaussian	296.960994	43.830571
632	1	  0.001257	  0.000857	     -1.00	     54.22	    406.50	      3.51	      2.69	     61.39	     47.12	-12.36	 1.501e-04	      5.09	0	Gaussian	297.278964	45.572074
633	1	  0.001267	  0.000411	     -1.00	    657.25	    264.09	      4.86	      3.70	     84.99	     64.76	-35.03	 8.727e-05	      5.09	0	Gaussian	293.265435	46.205777
634	1	  0.001212	  0.000720	     -1.00	    367.48	    753.77	      3.63	      3.33	     63.47	     58.34	-11.04	 4.498e-05	      5.09	0	Gaussian	295.212023	43.950840
635	1	  0.001248	  0.000522	     -1.00	    240.25	    501.23	      5.70	      2.64	     99.84	     46.20	-4.13	 2.393e-04	      5.09	0	Gaussian	296.039901	45.134792
636	1	  0.001220	  0.000758	     -1.00	     44.82	    680.85	      3.75	      2.91	     65.63	     51.02	-9.20	 5.961e-05	      5.09	0	Gaussian	297.304949	44.285002
637	1	  0.001233	  0.000637	     -1.00	    614.97	    370.81	      4.18	      3.02	     73.13	     52.81	-21.13	 6.791e-05	      5.10	0	Gaussian	293.563660	45.716155
638	1	  0.001230	  0.000746	     -1.00	    116.70	    204.76	      3.69	      2.93	     64.61	     51.23	-14.03	 5.184e-05	      5.10	0	Gaussian	296.883527	46.519444
639	1	  0.001258	  0.000831	     -1.00	    453.37	    366.22	      3.62	      2.78	     63.42	     48.74	-5.66	 9.099e-05	      5.10	0	Gaussian	294.629938	45.756518
640	1	  0.001203	  0.000793	     -1.00	    139.81	    249.16	      3.55	      3.02	     62.11	     52.90	-3.05	 3.532e-05	      5.10	0	Gaussian	296.723471	46.312598
641	1	  0.001247	  0.000767	     -1.00	    190.60	    108.98	      3.59	      3.12	     62.81	     54.56	-13.93	 1.144e-04	      5.11	0	Gaussian	296.390504	46.968182
642	1	  0.001226	  0.000807	     -1.00	    633.07	    209.51	      3.58	      2.90	     62.65	     50.71	-17.01	 6.331e-05	      5.11	0	Gaussian	293.416171	46.463492
643	1	  0.001220	  0.000846	     -1.00	    301.55	    329.09	      3.50	      2.87	     61.20	     50.26	-2.32	 5.256e-05	      5.11	0	Gaussian	295.636736	45.938796
644	1	  0.001278	  0.000612	     -1.00	    645.32	    703.45	      3.92	      3.21	     68.61	     56.14	9.58	 1.362e-04	      5.11	0	Gaussian	293.422234	44.162296
645	1	  0.001252	  0.000866	     -1.00	    494.53	    195.42	      3.12	      2.85	     54.54	     49.86	-21.89	 1.991e-04	      5.12	0	Gaussian	294.340222	46.548302
646	1	  0.001245	  0.000799	     -1.00	     33.87	     56.50	      3.54	      2.84	     62.03	     49.71	-2.61	 9.377e-05	      5.12	0	Gaussian	297.465715	47.208010
647	1	  0.001241	  0.000279	     -1.00	    653.55	    735.04	      5.78	      4.71	    101.19	     82.46	50.37	 8.982e-05	      5.12	0	Gaussian	293.374970	44.013943
648	1	  0.001262	  0.000682	     -1.00	    129.22	    405.70	      3.89	      2.84	     68.08	     49.70	5.51	 1.120e-04	      5.13	0	Gaussian	296.780208	45.579834
649	1	  0.001248	  0.000548	     -1.00	    381.24	    323.26	      4.75	      2.99	     83.12	     52.37	-6.47	 9.895e-05	      5.14	0	Gaussian	295.105984	45.962313
650	1	  0.001232	  0.000646	     -1.00	    617.70	     15.41	      3.88	      3.05	     67.91	     53.43	-8.15	 6.019e-05	      5.14	0	Gaussian	293.485367	47.367202
651	1	  0.001219	  0.000695	     -1.00	    704.68	    131.37	      3.76	      3.12	     65.80	     54.54	-12.76	 3.383e-05	      5.14	0	Gaussian	292.922498	46.813238
652	1	  0.001232	  0.000728	     -1.00	    353.48	    524.99	      3.85	      2.78	     67.43	     48.60	-14.43	 5.011e-05	      5.14	0	Gaussian	295.296164	45.021411
653	1	  0.001232	  0.000644	     -1.00	    520.28	    154.44	      4.39	      2.77	     76.89	     48.40	-14.43	 4.893e-05	      5.15	0	Gaussian	294.162868	46.735948
654	1	  0.001264	  0.000823	     -1.00	    765.53	    400.99	      3.52	      2.82	     61.69	     49.40	1.63	 1.320e-04	      5.15	0	Gaussian	292.582022	45.549571
655	1	  0.001219	  0.000341	     -1.00	    183.97	    343.85	      7.88	      2.67	    137.91	     46.72	-3.79	 5.002e-05	      5.15	0	Gaussian	296.420344	45.870763
656	1	  0.001240	  0.000528	     -1.00	    490.37	     74.08	      4.81	      2.96	     84.27	     51.82	-13.66	 1.091e-04	      5.15	0	Gaussian	294.355701	47.113289
657	1	  0.001249	  0.000769	     -1.00	     71.65	    778.53	      3.85	      2.82	     67.44	     49.28	4.44	 6.469e-05	      5.16	0	Gaussian	297.118961	43.828730
658	1	  0.001248	  0.000642	     -1.00	    496.32	    613.52	      3.88	      3.00	     67.82	     52.56	-18.81	 7.735e-05	      5.16	0	Gaussian	294.370646	44.598567
659	1	  0.001228	  0.000799	     -1.00	    472.34	    262.41	      3.08	      3.00	     53.83	     52.55	-22.23	 6.184e-05	      5.16	0	Gaussian	294.495041	46.238702
660	1	  0.001239	  0.000712	     -1.00	    316.15	    649.35	      3.65	      2.98	     63.95	     52.12	-4.32	 7.847e-05	      5.16	0	Gaussian	295.541768	44.440832
661	1	  0.001227	  0.000732	     -1.00	    450.76	    329.71	      3.64	      2.88	     63.69	     50.34	-14.06	 5.991e-05	      5.16	0	Gaussian	294.644342	45.926996
662	1	  0.001229	  0.000240	     -1.00	    236.91	    459.39	      7.16	      4.44	    125.27	     77.71	-10.29	 5.390e-05	      5.16	0	Gaussian	296.063299	45.330620
663	1	  0.001246	  0.000749	     -1.00	     45.09	     60.65	      3.64	      2.77	     63.73	     48.51	-11.96	 7.000e-05	      5.16	0	Gaussian	297.388308	47.189320
664	1	  0.001229	  0.000631	     -1.00	    561.34	    768.68	      4.17	      2.88	     72.96	     50.38	-0.74	 8.824e-05	      5.17	0	Gaussian	293.969638	43.867988
665	1	  0.001245	  0.000662	     -1.00	    502.00	     36.20	      3.73	      3.09	     65.29	     54.10	-14.66	 6.427e-05	      5.17	0	Gaussian	294.272845	47.287975
666	1	  0.001224	  0.000584	     -1.00	    576.48	    760.83	      4.70	      2.50	     82.34	     43.80	9.45	 6.063e-05	      5.17	0	Gaussian	293.871790	43.903069
667	1	  0.001247	  0.000530	     -1.00	    680.95	    655.63	      5.07	      2.80	     88.66	     48.93	3.72	 8.376e-05	      5.17	0	Gaussian	293.184932	44.379985
668	1	  0.001244	  0.000717	     -1.00	    464.71	    361.65	      3.64	      2.88	     63.67	     50.43	-6.33	 8.134e-05	      5.17	0	Gaussian	294.554501	45.776778
669	1	  0.001228	  0.000453	     -1.00	    200.60	    652.85	      3.96	      3.70	     69.23	     64.82	30.30	 6.367e-05	      5.18	0	Gaussian	296.293075	44.424316
670	1	  0.001230	  0.000509	     -1.00	    530.50	    767.20	      5.00	      2.87	     87.49	     50.15	13.84	 7.545e-05	      5.19	0	Gaussian	294.166723	43.877885
671	1	  0.001224	  0.000470	     -1.00	    424.14	    345.93	      4.24	      3.49	     74.23	     61.09	-14.08	 5.968e-05	      5.19	0	Gaussian	294.822198	45.853561
672	1	  0.001209	  0.000428	     -1.00	    295.03	    625.03	      5.18	      3.14	     90.70	     54.92	16.89	 3.943e-05	      5.20	0	Gaussian	295.679072	44.555020
673	1	  0.001237	  0.000353	     -1.00	    196.14	    399.79	      5.40	      3.77	     94.49	     66.04	63.78	 6.897e-05	      5.21	0	Gaussian	296.335986	45.609207
674	1	  0.001204	  0.000634	     -1.00	    627.63	    514.75	      3.94	      2.93	     68.90	     51.33	-17.57	 2.997e-05	      5.21	0	Gaussian	293.504599	45.044053
675	1	  0.001215	  0.000570	     -1.00	    784.50	    185.95	      4.55	      2.76	     79.71	     48.39	-12.14	 5.433e-05	      5.21	0	Gaussian	292.403314	46.543329
676	1	  0.001257	  0.000480	     -1.00	    361.78	    340.44	      5.32	      2.86	     93.13	     50.00	-13.83	 1.178e-04	      5.21	0	Gaussian	295.236038	45.883240
677	1	  0.001225	  0.000512	     -1.00	    544.37	    136.68	      4.55	      3.10	     79.72	     54.31	-22.79	 6.431e-05	      5.21	0	Gaussian	293.998726	46.815391
678	1	  0.001264	  0.000703	     -1.00	    717.81	    397.78	      3.54	      2.89	     61.89	     50.55	-15.12	 8.966e-05	      5.22	0	Gaussian	292.893484	45.573685
679	1	  0.001235	  0.000555	     -1.00	    575.53	    264.74	      3.95	      2.93	     69.14	     51.23	-16.46	 5.373e-05	      5.22	0	Gaussian	293.808162	46.215460
680	1	  0.001246	  0.000584	     -1.00	    522.24	     87.74	      4.07	      2.98	     71.21	     52.15	-8.29	 7.891e-05	      5.22	0	Gaussian	294.141685	47.045856
681	1	  0.001267	  0.000660	     -1.00	    298.11	    486.61	      3.70	      3.00	     64.70	     52.58	-9.97	 1.299e-04	      5.22	0	Gaussian	295.659325	45.202618
682	1	  0.001261	  0.000721	     -1.00	    370.96	    325.15	      3.49	      2.92	     61.08	     51.06	-6.17	 1.007e-04	      5.22	0	Gaussian	295.174504	45.954126
683	1	  0.001233	  0.000670	     -1.00	    202.50	    294.52	      3.67	      3.15	     64.26	     55.14	-15.58	 6.785e-05	      5.23	0	Gaussian	296.299400	46.101603
684	1	  0.001215	  0.000626	     -1.00	    243.65	    680.40	      3.82	      2.98	     66.83	     52.11	-12.79	 4.571e-05	      5.23	0	Gaussian	296.012134	44.295903
685	1	  0.001233	  0.000617	     -1.00	    460.81	    633.51	      4.02	      2.71	     70.32	     47.35	-18.20	 4.344e-05	      5.24	0	Gaussian	294.602596	44.508046
686	1	  0.001254	  0.000730	     -1.00	    783.00	    143.21	      3.58	      2.77	     62.60	     48.51	-7.78	 8.619e-05	      5.24	0	Gaussian	292.402247	46.741709
687	1	  0.001255	  0.000613	     -1.00	    551.17	    629.85	      3.79	      3.06	     66.31	     53.58	-13.94	 7.791e-05	      5.25	0	Gaussian	294.017343	44.516953
688	1	  0.001303	  0.000806	     -1.00	    366.23	    525.19	      3.25	      2.61	     56.87	     45.68	-6.98	 1.726e-04	      5.25	0	Gaussian	295.212615	45.019932
689	1	  0.001215	  0.000641	     -1.00	    168.97	    441.14	      3.80	      2.97	     66.59	     51.90	-14.48	 3.146e-05	      5.25	0	Gaussian	296.513583	45.415186
690	1	  0.001267	  0.000791	     -1.00	     30.53	    522.87	      3.46	      2.71	     60.64	     47.45	1.30	 1.237e-04	      5.25	0	Gaussian	297.420103	45.024914
691	1	  0.001241	  0.000294	     -1.00	     85.39	    125.20	      6.63	      3.72	    115.97	     65.14	72.40	 8.266e-05	      5.25	0	Gaussian	297.104690	46.889927
692	1	  0.001256	  0.000687	     -1.00	    317.73	    619.98	      3.56	      2.87	     62.35	     50.30	-11.07	 7.374e-05	      5.25	0	Gaussian	295.531302	44.578231
693	1	  0.001202	  0.000583	     -1.00	    421.50	    794.91	      3.95	      3.24	     69.16	     56.65	5.24	 2.759e-05	      5.25	0	Gaussian	294.867105	43.756111
694	1	  0.001280	  0.000552	     -1.00	    579.30	    687.79	      4.00	      2.92	     70.08	     51.06	-9.31	 1.616e-04	      5.26	0	Gaussian	293.843673	44.243525
695	1	  0.001212	  0.000601	     -1.00	    140.71	    296.72	      3.87	      3.04	     67.77	     53.24	-15.50	 3.840e-05	      5.26	0	Gaussian	296.713250	46.090201
696	1	  0.001235	  0.000602	     -1.00	    113.50	    781.68	      4.26	      2.75	     74.57	     48.17	-10.78	 9.286e-05	      5.26	0	Gaussian	296.848327	43.816769
697	1	  0.001267	  0.000668	     -1.00	    694.29	    369.61	      3.68	      2.78	     64.47	     48.67	-13.61	 1.343e-04	      5.26	0	Gaussian	293.041792	45.708879
698	1	  0.001230	  0.000542	     -1.00	    270.09	    548.88	      4.05	      3.09	     70.85	     54.13	-1.58	 5.917e-05	      5.27	0	Gaussian	295.842725	44.911678
699	1	  0.001215	  0.000529	     -1.00	     17.55	    685.93	      3.83	      3.26	     67.04	     57.07	-15.96	 3.668e-05	      5.27	0	Gaussian	297.481942	44.258813
700	1	  0.001242	  0.000601	     -1.00	     98.82	    611.42	      4.14	      2.43	     72.43	     42.53	-23.35	 7.383e-05	      5.27	0	Gaussian	296.960595	44.614429
701	1	  0.001207	  0.000591	     -1.00	    477.96	    285.73	      4.01	      2.97	     70.16	     52.06	-14.09	 2.995e-05	      5.27	0	Gaussian	294.459765	46.129465
702	1	  0.001278	  0.000372	     -1.00	    221.27	    476.34	      5.91	      3.13	    103.46	     54.86	11.55	 1.136e-04	      5.27	0	Gaussian	296.165904	45.251259
703	1	  0.001244	  0.000633	     -1.00	    712.98	    444.77	      3.67	      2.98	     64.32	     52.15	-13.89	 5.925e-05	      5.28	0	Gaussian	292.935090	45.356078
704	1	  0.001269	  0.000600	     -1.00	    117.82	    240.81	      3.83	      2.90	     66.96	     50.84	-15.19	 9.794e-05	      5.28	0	Gaussian	296.872314	46.350910
705	1	  0.001220	  0.000563	     -1.00	    153.79	    303.90	      4.02	      2.95	     70.28	     51.66	-14.86	 4.867e-05	      5.28	0	Gaussian	296.624993	46.056996
706	1	  0.001241	  0.000464	     -1.00	    496.99	    694.68	      5.19	      2.64	     90.90	     46.15	-3.12	 7.018e-05	      5.28	0	Gaussian	294.374313	44.219492
707	1	  0.001229	  0.000682	     -1.00	     53.56	    578.83	      3.26	      3.10	     57.12	     54.33	-13.31	 5.142e-05	      5.28	0	Gaussian	297.260956	44.764236
708	1	  0.001220	  0.000694	     -1.00	    195.91	    413.56	      3.64	      2.76	     63.73	     48.31	-13.45	 5.192e-05	      5.28	0	Gaussian	296.336785	45.544799
709	1	  0.001261	  0.000457	     -1.00	     96.40	    334.33	      5.33	      2.73	     93.27	     47.80	-44.54	 1.830e-04	      5.29	0	Gaussian	297.006223	45.912495
710	1	  0.001350	  0.000785	     -1.00	    562.15	    637.43	      3.42	      2.47	     59.82	     43.18	3.35	 6.020e-04	      5.29	0	Gaussian	293.947407	44.480415
711	1	  0.001240	  0.000594	     -1.00	    422.94	    592.83	      3.82	      2.96	     66.93	     51.83	-24.18	 5.967e-05	      5.29	0	Gaussian	294.845612	44.700719
712	1	  0.001251	  0.000475	     -1.00	    150.80	     72.59	      4.53	      3.09	     79.37	     54.04	6.81	 9.715e-05	      5.30	0	Gaussian	296.664354	47.137610
713	1	  0.001224	  0.000632	     -1.00	    555.25	    349.25	      3.77	      2.78	     65.92	     48.69	-15.72	 4.555e-05	      5.30	0	Gaussian	293.954338	45.824714
714	1	  0.001234	  0.000641	     -1.00	    589.00	    261.85	      3.56	      3.00	     62.25	     52.50	-14.34	 5.096e-05	      5.30	0	Gaussian	293.718159	46.226966
715	1	  0.001257	  0.000611	     -1.00	    647.82	     87.36	      3.80	      2.80	     66.56	     48.93	-11.66	 1.318e-04	      5.30	0	Gaussian	293.295075	47.028153
716	1	  0.001224	  0.000616	     -1.00	    386.09	    738.39	      3.97	      2.67	     69.53	     46.65	-12.37	 5.872e-05	      5.30	0	Gaussian	295.091690	44.022084
717	1	  0.001221	  0.000583	     -1.00	     35.60	    119.87	      3.94	      2.86	     69.02	     50.01	-18.80	 4.250e-05	      5.30	0	Gaussian	297.444453	46.912114
718	1	  0.001228	  0.000679	     -1.00	     77.25	    266.78	      3.56	      2.79	     62.26	     48.84	-6.94	 4.645e-05	      5.31	0	Gaussian	297.142559	46.227632
719	1	  0.001230	  0.000509	     -1.00	    393.63	    514.54	      4.11	      2.95	     71.86	     51.67	-39.25	 6.301e-05	      5.31	0	Gaussian	295.032702	45.068297
720	1	  0.001226	  0.000669	     -1.00	    537.04	    257.59	      3.67	      2.81	     64.25	     49.24	-19.33	 4.815e-05	      5.32	0	Gaussian	294.063307	46.253832
721	1	  0.001271	  0.000669	     -1.00	    474.23	     65.21	      3.52	      2.76	     61.69	     48.26	-7.69	 1.108e-04	      5.32	0	Gaussian	294.464111	47.156402
722	1	  0.001236	  0.000634	     -1.00	    212.91	    571.44	      3.66	      2.89	     64.07	     50.52	-17.78	 8.427e-05	      5.32	0	Gaussian	296.216657	44.805920
723	1	  0.001234	  0.000589	     -1.00	    234.08	     50.43	      3.85	      2.94	     67.43	     51.53	-26.11	 4.985e-05	      5.32	0	Gaussian	296.097250	47.240930
724	1	  0.001221	  0.000564	     -1.00	    142.08	      6.73	      3.88	      3.11	     67.93	     54.49	-12.42	 4.767e-05	      5.32	0	Gaussian	296.729832	47.444678
725	1	  0.001241	  0.000679	     -1.00	    142.04	    354.44	      3.52	      2.80	     61.56	     49.03	-12.15	 8.218e-05	      5.33	0	Gaussian	296.699347	45.820202
726	1	  0.001214	  0.000597	     -1.00	    604.85	    614.41	      4.12	      2.40	     72.18	     42.01	-14.99	 3.742e-05	      5.33	0	Gaussian	293.668267	44.582681
727	1	  0.001214	  0.000644	     -1.00	    235.21	    253.06	      3.73	      2.63	     65.31	     45.98	-16.52	 5.537e-05	      5.33	0	Gaussian	296.081943	46.295328
728	1	  0.001221	  0.000618	     -1.00	    107.23	    181.39	      3.79	      2.80	     66.42	     49.02	-8.73	 4.777e-05	      5.33	0	Gaussian	296.950026	46.628306
729	1	  0.001260	  0.000673	     -1.00	    450.84	    144.02	      3.65	      2.54	     63.85	     44.38	-5.58	 1.038e-04	      5.33	0	Gaussian	294.629042	46.792244
730	1	  0.001229	  0.000317	     -1.00	     40.36	    707.04	      5.20	      3.92	     91.06	     68.59	-80.77	 5.576e-05	      5.33	0	Gaussian	297.330581	44.161743
731	1	  0.001224	  0.000558	     -1.00	    196.38	    360.71	      3.94	      2.90	     68.96	     50.70	1.18	 5.272e-05	      5.33	0	Gaussian	296.336613	45.792059
732	1	  0.001241	  0.000233	     -1.00	    130.27	    627.46	      9.99	      3.01	    174.93	     52.65	-59.39	 1.240e-04	      5.33	0	Gaussian	296.753431	44.540874
733	1	  0.001236	  0.000614	     -1.00	    643.13	     13.66	      3.84	      2.79	     67.20	     48.82	-12.84	 8.862e-05	      5.33	0	Gaussian	293.312800	47.370835
734	1	  0.001239	  0.000492	     -1.00	    618.92	    446.83	      4.22	      3.20	     73.78	     56.06	-24.67	 5.909e-05	      5.34	0	Gaussian	293.550197	45.361631
735	1	  0.001246	  0.000490	     -1.00	    711.78	    423.24	      4.11	      2.98	     71.90	     52.21	-4.30	 6.661e-05	      5.34	0	Gaussian	292.938360	45.456408
736	1	  0.001213	  0.000472	     -1.00	    228.61	    729.76	      4.26	      2.99	     74.61	     52.39	-29.60	 5.196e-05	      5.34	0	Gaussian	296.107940	44.064505
737	1	  0.001262	  0.000304	     -1.00	    527.94	    491.18	      7.73	      2.55	    135.32	     44.66	1.93	 1.341e-04	      5.34	0	Gaussian	294.151636	45.166384
738	1	  0.001248	  0.000454	     -1.00	    591.35	    687.17	      4.97	      2.55	     86.95	     44.60	-25.32	 1.032e-04	      5.35	0	Gaussian	293.766108	44.245062
739	1	  0.001265	  0.000749	     -1.00	    573.47	    596.69	      2.90	      2.74	     50.70	     47.91	-23.31	 2.414e-04	      5.35	0	Gaussian	293.868690	44.669154
740	1	  0.001247	  0.000552	     -1.00	     17.13	    423.35	      4.43	      2.64	     77.58	     46.25	1.49	 1.418e-04	      5.35	0	Gaussian	297.523359	45.490344
741	1	  0.001238	  0.000578	     -1.00	    515.02	    568.22	      3.92	      2.85	     68.60	     49.96	-17.28	 5.472e-05	      5.35	0	Gaussian	294.244534	44.808279
742	1	  0.001241	  0.000457	     -1.00	     35.11	    768.73	      5.07	      2.72	     88.73	     47.61	12.82	 9.721e-05	      5.35	0	Gaussian	297.356428	43.871752
743	1	  0.001237	  0.000601	     -1.00	    117.18	     74.38	      3.82	      2.74	     66.87	     48.04	-9.54	 6.836e-05	      5.35	0	Gaussian	296.893727	47.128459
744	1	  0.001297	  0.000657	     -1.00	    199.64	    118.85	      3.44	      2.72	     60.26	     47.60	-21.84	 2.589e-04	      5.35	0	Gaussian	296.328497	46.922153
745	1	  0.001227	  0.000599	     -1.00	    709.14	    601.41	      3.84	      2.76	     67.29	     48.25	-12.91	 5.179e-05	      5.36	0	Gaussian	292.992735	44.627961
746	1	  0.001222	  0.000620	     -1.00	    719.11	    117.42	      3.56	      2.99	     62.37	     52.26	-11.42	 3.239e-05	      5.36	0	Gaussian	292.822799	46.875043
747	1	  0.001225	  0.000353	     -1.00	    431.28	    516.69	      5.49	      3.22	     96.06	     56.37	17.24	 5.653e-05	      5.36	0	Gaussian	294.786297	45.055889
748	1	  0.001240	  0.000506	     -1.00	    431.59	    102.77	      3.81	      3.20	     66.60	     56.01	-11.35	 5.674e-05	      5.37	0	Gaussian	294.755913	46.986077
749	1	  0.001237	  0.000436	     -1.00	    793.63	    211.60	      3.78	      3.37	     66.23	     58.99	-45.99	 7.055e-05	      5.37	0	Gaussian	292.349426	46.422384
750	1	  0.001220	  0.000617	     -1.00	    137.77	    341.82	      3.62	      2.88	     63.30	     50.41	-13.02	 4.447e-05	      5.37	0	Gaussian	296.728978	45.879147
751	1	  0.001263	  0.000510	     -1.00	    707.48	    558.66	      4.55	      2.65	     79.72	     46.42	-24.03	 9.967e-05	      5.37	0	Gaussian	292.994676	44.827222
752	1	  0.001237	  0.000620	     -1.00	    753.60	    495.26	      3.48	      3.08	     60.84	     53.89	-18.27	 5.070e-05	      5.37	0	Gaussian	292.681914	45.113885
753	1	  0.001267	  0.000583	     -1.00	    161.75	    779.30	      3.59	      2.93	     62.85	     51.24	-7.15	 8.772e-05	      5.37	0	Gaussian	296.537175	43.830393
754	1	  0.001253	  0.000554	     -1.00	    106.95	    754.35	      3.88	      2.80	     67.97	     48.98	-1.75	 1.196e-04	      5.38	0	Gaussian	296.893266	43.944553
755	1	  0.001221	  0.000410	     -1.00	    420.41	    673.80	      4.08	      3.47	     71.33	     60.77	15.23	 3.812e-05	      5.38	0	Gaussian	294.866920	44.322447
756	1	  0.001207	  0.000507	     -1.00	    376.35	    184.81	      4.09	      3.00	     71.59	     52.43	-21.18	 4.573e-05	      5.38	0	Gaussian	295.133080	46.608405
757	1	  0.001221	  0.000431	     -1.00	    406.75	    545.74	      4.45	      3.24	     77.95	     56.79	12.75	 6.771e-05	      5.38	0	Gaussian	294.948442	44.921772
758	1	  0.001218	  0.000511	     -1.00	    742.86	    620.68	      4.08	      2.84	     71.38	     49.63	-14.28	 3.961e-05	      5.38	0	Gaussian	292.779712	44.532524
759	1	  0.001233	  0.000507	     -1.00	     56.40	    611.82	      4.53	      2.74	     79.20	     48.03	-9.60	 6.738e-05	      5.39	0	Gaussian	297.238154	44.609763
760	1	  0.001228	  0.000398	     -1.00	    363.84	    719.46	      4.72	      3.37	     82.62	     59.04	-13.65	 7.427e-05	      5.39	0	Gaussian	295.234404	44.111470
761	1	  0.001221	  0.000551	     -1.00	    637.21	    625.39	      3.98	      2.74	     69.67	     47.97	-9.66	 4.787e-05	      5.39	0	Gaussian	293.461072	44.527207
762	1	  0.001238	  0.000551	     -1.00	    613.40	    353.34	      3.95	      2.69	     69.06	     47.15	-13.42	 5.301e-05	      5.39	0	Gaussian	293.571149	45.797684
763	1	  0.001295	  0.000742	     -1.00	    162.11	    638.15	      3.25	      2.53	     56.82	     44.21	-9.00	 3.963e-04	      5.39	0	Gaussian	296.544741	44.492088
764	1	  0.001276	  0.000551	     -1.00	    581.87	    111.81	      3.60	      3.16	     63.08	     55.29	-24.31	 1.912e-04	      5.39	0	Gaussian	293.743007	46.925579
765	1	  0.001256	  0.000574	     -1.00	     24.96	     57.39	      3.95	      2.59	     69.07	     45.39	-16.13	 1.473e-04	      5.39	0	Gaussian	297.526630	47.203253
766	1	  0.001226	  0.000533	     -1.00	    288.30	    784.43	      4.04	      2.70	     70.68	     47.34	-15.14	 6.135e-05	      5.39	0	Gaussian	295.721811	43.808757
767	1	  0.001226	  0.000562	     -1.00	     70.78	    763.08	      3.74	      3.22	     65.50	     56.38	-12.80	 7.241e-05	      5.40	0	Gaussian	297.126351	43.901181
768	1	  0.001244	  0.000559	     -1.00	    496.10	    514.80	      3.90	      2.82	     68.33	     49.38	-14.45	 1.037e-04	      5.40	0	Gaussian	294.362282	45.059389
769	1	  0.001218	  0.000502	     -1.00	    597.22	    630.17	      3.92	      2.96	     68.68	     51.87	-14.67	 6.406e-05	      5.40	0	Gaussian	293.719898	44.510152
770	1	  0.001271	  0.000514	     -1.00	    108.35	     29.57	      4.05	      2.51	     70.90	     43.97	-10.01	 1.021e-04	      5.40	0	Gaussian	296.958926	47.337322
771	1	  0.001228	  0.000635	     -1.00	    531.83	    314.68	      3.55	      2.73	     62.17	     47.79	-13.25	 8.114e-05	      5.40	0	Gaussian	294.105018	45.988643
772	1	  0.001253	  0.000495	     -1.00	    765.72	    453.41	      3.82	      3.04	     66.92	     53.23	-6.67	 6.353e-05	      5.40	0	Gaussian	292.593339	45.306039
773	1	  0.001235	  0.000623	     -1.00	    623.74	    644.33	      3.65	      2.64	     63.85	     46.17	-11.14	 6.846e-05	      5.41	0	Gaussian	293.551060	44.440755
774	1	  0.001215	  0.000572	     -1.00	    442.71	    659.29	      3.88	      3.06	     67.97	     53.51	-15.55	 3.681e-05	      5.41	0	Gaussian	294.721748	44.388882
775	1	  0.001202	  0.000432	     -1.00	    659.92	    208.67	      4.32	      3.16	     75.57	     55.39	-30.94	 4.796e-05	      5.41	0	Gaussian	293.237149	46.462839
776	1	  0.001221	  0.000524	     -1.00	     87.73	    415.29	      3.99	      2.75	     69.83	     48.07	-5.95	 3.796e-05	      5.41	0	Gaussian	297.054999	45.532973
777	1	  0.001205	  0.000371	     -1.00	    378.70	    305.72	      5.36	      2.97	     93.83	     52.05	-32.79	 3.286e-05	      5.41	0	Gaussian	295.122182	46.044337
778	1	  0.001259	  0.000500	     -1.00	    629.87	    690.25	      4.01	      2.88	     70.17	     50.34	-28.81	 1.683e-04	      5.41	0	Gaussian	293.519120	44.225896
779	1	  0.001243	  0.000599	     -1.00	    648.72	    741.72	      3.68	      2.74	     64.39	     47.92	-15.49	 7.547e-05	      5.41	0	Gaussian	293.407011	43.983480
780	1	  0.001224	  0.000539	     -1.00	    584.28	    521.44	      3.90	      2.83	     68.30	     49.55	-18.30	 4.687e-05	      5.41	0	Gaussian	293.787846	45.018710
781	1	  0.001238	  0.000402	     -1.00	    191.27	    290.10	      5.88	      2.62	    102.84	     45.88	-22.25	 8.485e-05	      5.41	0	Gaussian	296.374849	46.122182
782	1	  0.001245	  0.000491	     -1.00	    477.54	     19.33	      4.68	      2.61	     81.91	     45.73	-15.85	 7.274e-05	      5.41	0	Gaussian	294.437249	47.369310
783	1	  0.001234	  0.000629	     -1.00	    328.95	    707.39	      3.68	      2.64	     64.39	     46.22	-8.01	 5.545e-05	      5.41	0	Gaussian	295.459426	44.168951
784	1	  0.001214	  0.000538	     -1.00	    652.38	    521.35	      4.06	      2.49	     71.13	     43.53	-11.78	 4.211e-05	      5.41	0	Gaussian	293.344724	45.009688
785	1	  0.001236	  0.000490	     -1.00	    629.49	    421.07	      4.10	      2.71	     71.80	     47.38	-21.15	 6.666e-05	      5.42	0	Gaussian	293.476634	45.480022
786	1	  0.001222	  0.000550	     -1.00	    426.73	    711.63	      4.06	      2.54	     71.00	     44.53	-14.00	 7.161e-05	      5.42	0	Gaussian	294.828418	44.145206
787	1	  0.001233	  0.000494	     -1.00	    420.55	    180.64	      3.98	      2.92	     69.75	     51.19	-23.07	 6.277e-05	      5.42	0	Gaussian	294.835566	46.624463
788	1	  0.001213	  0.000535	     -1.00	     42.27	    419.44	      4.04	      2.72	     70.65	     47.55	-16.77	 6.824e-05	      5.42	0	Gaussian	297.356692	45.510631
789	1	  0.001226	  0.000595	     -1.00	    334.98	    113.64	      3.80	      2.65	     66.60	     46.35	-15.16	 7.729e-05	      5.42	0	Gaussian	295.410372	46.942651
790	1	  0.001271	  0.000615	     -1.00	    457.20	    473.38	      3.75	      2.45	     65.70	     42.82	-15.01	 1.510e-04	      5.42	0	Gaussian	294.613284	45.256146
791	1	  0.001306	  0.000536	     -1.00	    200.75	    478.82	      3.84	      2.64	     67.17	     46.13	-20.00	 1.055e-04	      5.43	0	Gaussian	296.301138	45.239423
792	1	  0.001222	  0.000564	     -1.00	    488.83	    325.03	      3.72	      2.84	     65.07	     49.72	-20.00	 4.022e-05	      5.44	0	Gaussian	294.391280	45.945173
793	1	  0.001233	  0.000433	     -1.00	    446.83	    444.22	      4.23	      2.91	     73.97	     50.86	-29.86	 6.586e-05	      5.44	0	Gaussian	294.679119	45.393064
794	1	  0.001256	  0.000489	     -1.00	    268.30	    348.58	      4.00	      2.71	     70.07	     47.47	-3.31	 1.664e-04	      5.44	0	Gaussian	295.858056	45.848535
795	1	  0.001222	  0.000492	     -1.00	    394.89	    605.27	      4.18	      2.82	     73.22	     49.41	-3.82	 6.908e-05	      5.44	0	Gaussian	295.028757	44.644197
796	1	  0.001265	  0.000383	     -1.00	    526.54	    438.21	      4.03	      3.32	     70.61	     58.19	71.40	 8.448e-05	      5.45	0	Gaussian	294.154583	45.413538
797	1	  0.001255	  0.000440	     -1.00	    656.77	    615.60	      3.80	      3.31	     66.45	     57.99	-1.37	 1.220e-04	      5.45	0	Gaussian	293.333186	44.570050
798	1	  0.001222	  0.000496	     -1.00	    148.77	    643.56	      4.02	      2.82	     70.35	     49.38	-25.52	 4.966e-05	      5.45	0	Gaussian	296.631346	44.466223
799	1	  0.001256	  0.000639	     -1.00	    222.17	    561.53	      3.52	      2.61	     61.64	     45.75	-4.01	 8.818e-05	      5.45	0	Gaussian	296.156415	44.852450
800	1	  0.001231	  0.000292	     -1.00	    720.73	    496.54	      5.54	      3.45	     96.90	     60.36	-51.42	 1.024e-04	      5.45	0	Gaussian	292.895697	45.113954
801	1	  0.001222	  0.000526	     -1.00	    211.34	    638.35	      4.06	      2.51	     71.10	     43.96	-16.56	 4.460e-05	      5.45	0	Gaussian	296.223863	44.492496
802	1	  0.001220	  0.000347	     -1.00	    253.09	     93.00	      4.54	      3.58	     79.42	     62.62	-22.49	 4.184e-05	      5.45	0	Gaussian	295.966298	47.042071
803	1	  0.001226	  0.000541	     -1.00	    136.17	    762.06	      3.71	      3.06	     64.85	     53.61	-19.81	 7.254e-05	      5.45	0	Gaussian	296.703608	43.910049
804	1	  0.001260	  0.000594	     -1.00	    323.76	    638.46	      3.49	      2.79	     61.08	     48.85	-9.89	 1.490e-04	      5.45	0	Gaussian	295.492246	44.491621
805	1	  0.001192	  0.000550	     -1.00	    363.54	    198.15	      3.41	      3.18	     59.65	     55.62	-22.74	 3.247e-05	      5.45	0	Gaussian	295.219758	46.547071
806	1	  0.001210	  0.000421	     -1.00	    315.66	    307.48	      4.25	      3.01	     74.33	     52.75	-12.53	 4.946e-05	      5.46	0	Gaussian	295.542610	46.039252
807	1	  0.001234	  0.000585	     -1.00	    177.69	    715.61	      3.65	      2.72	     63.90	     47.62	-14.27	 6.086e-05	      5.46	0	Gaussian	296.438328	44.129556
808	1	  0.001299	  0.000719	     -1.00	    768.50	    494.34	      2.85	      2.42	     49.94	     42.43	-15.50	 2.903e-04	      5.46	0	Gaussian	292.585004	45.115275
809	1	  0.001274	  0.000646	     -1.00	    317.86	     28.42	      3.48	      2.54	     60.89	     44.42	-7.29	 2.411e-04	      5.46	0	Gaussian	295.525763	47.340536
810	1	  0.001241	  0.000379	     -1.00	    124.66	     78.47	      4.91	      2.93	     85.97	     51.21	-30.70	 9.888e-05	      5.46	0	Gaussian	296.842190	47.109605
811	1	  0.001243	  0.000530	     -1.00	    745.54	    534.69	      3.79	      2.77	     66.34	     48.47	-24.12	 7.703e-05	      5.46	0	Gaussian	292.743200	44.932037
812	1	  0.001265	  0.000546	     -1.00	    168.14	     51.72	      3.76	      2.79	     65.74	     48.81	-16.98	 1.436e-04	      5.47	0	Gaussian	296.547558	47.235195
813	1	  0.001240	  0.000282	     -1.00	     97.06	    354.57	      5.55	      3.26	     97.12	     57.10	-59.87	 1.507e-04	      5.47	0	Gaussian	296.999641	45.817778
814	1	  0.001238	  0.000581	     -1.00	    190.76	    565.59	      3.67	      2.68	     64.29	     46.83	-12.52	 5.179e-05	      5.47	0	Gaussian	296.362118	44.832936
815	1	  0.001290	  0.000159	     -1.00	    202.15	    663.74	     10.76	      2.89	    188.29	     50.51	40.30	 5.213e-04	      5.47	0	Gaussian	296.282408	44.373349
816	1	  0.001272	  0.000454	     -1.00	    361.80	    268.51	      4.67	      2.52	     81.70	     44.07	-4.52	 1.456e-04	      5.47	0	Gaussian	295.233651	46.218974
817	1	  0.001316	  0.000593	     -1.00	    153.91	    507.56	      4.04	      2.36	     70.63	     41.29	-0.84	 3.623e-04	      5.47	0	Gaussian	296.608178	45.103710
818	1	  0.001213	  0.000342	     -1.00	      8.17	    223.24	      5.27	      3.27	     92.20	     57.29	12.71	 4.104e-05	      5.48	0	Gaussian	297.614553	46.426732
819	1	  0.001234	  0.000498	     -1.00	    319.66	    451.36	      3.72	      3.00	     65.20	     52.42	3.13	 5.416e-05	      5.48	0	Gaussian	295.517179	45.366862
820	1	  0.001262	  0.000567	     -1.00	    207.13	    711.16	      3.67	      2.76	     64.24	     48.32	-13.55	 9.110e-05	      5.48	0	Gaussian	296.247786	44.151255
821	1	  0.001213	  0.000504	     -1.00	    697.48	    225.81	      4.24	      2.72	     74.24	     47.60	-13.73	 4.646e-05	      5.48	0	Gaussian	292.990753	46.376397
822	1	  0.001235	  0.000529	     -1.00	    718.71	    309.30	      3.85	      2.64	     67.42	     46.19	-13.44	 5.955e-05	      5.49	0	Gaussian	292.868289	45.984640
823	1	  0.001239	  0.000505	     -1.00	    678.29	    643.63	      3.93	      2.74	     68.76	     48.03	-15.06	 6.108e-05	      5.49	0	Gaussian	293.199716	44.436305
824	1	  0.001263	  0.000522	     -1.00	    349.96	    129.67	      3.76	      2.84	     65.78	     49.73	-18.07	 2.451e-04	      5.49	0	Gaussian	295.309282	46.867069
825	1	  0.001249	  0.000391	     -1.00	    181.92	    391.47	      5.18	      2.74	     90.63	     47.92	-6.99	 8.029e-05	      5.50	0	Gaussian	296.431010	45.647927
826	1	  0.001217	  0.000341	     -1.00	     79.48	    347.68	      5.58	      2.83	     97.63	     49.57	-5.40	 5.378e-05	      5.50	0	Gaussian	297.117829	45.849118
827	1	  0.001235	  0.000530	     -1.00	    336.22	    121.27	      3.71	      2.83	     64.88	     49.60	-11.74	 8.041e-05	      5.50	0	Gaussian	295.402103	46.907028
828	1	  0.001267	  0.000617	     -1.00	    126.79	    245.65	      3.50	      2.54	     61.25	     44.42	-7.10	 1.504e-04	      5.50	0	Gaussian	296.811436	46.328614
829	1	  0.001282	  0.000577	     -1.00	    161.39	    506.61	      3.91	      2.38	     68.39	     41.71	-6.24	 1.239e-04	      5.51	0	Gaussian	296.558952	45.108383
830	1	  0.001232	  0.000477	     -1.00	    644.51	    687.09	      4.24	      3.02	     74.13	     52.86	-8.23	 4.143e-05	      5.51	0	Gaussian	293.424588	44.238672
831	1	  0.001206	  0.000455	     -1.00	     54.02	    771.37	      4.30	      2.64	     75.24	     46.28	-15.32	 3.896e-05	      5.51	0	Gaussian	297.233748	43.860980
832	1	  0.001224	  0.000503	     -1.00	    784.55	    356.48	      3.93	      3.01	     68.80	     52.67	-3.47	 5.461e-05	      5.51	0	Gaussian	292.446580	45.752318
833	1	  0.001219	  0.000455	     -1.00	     54.94	    714.14	      4.06	      3.04	     71.07	     53.27	-24.07	 4.926e-05	      5.51	0	Gaussian	297.234886	44.129616
834	1	  0.001239	  0.000483	     -1.00	    467.84	    225.46	      4.09	      2.51	     71.52	     44.00	-26.76	 6.704e-05	      5.51	0	Gaussian	294.521800	46.411270
835	1	  0.001230	  0.000559	     -1.00	    303.44	      6.43	      3.07	      2.84	     53.74	     49.74	63.83	 5.450e-05	      5.51	0	Gaussian	295.624170	47.443684
836	1	  0.001210	  0.000555	     -1.00	    304.63	    198.59	      3.23	      3.04	     56.49	     53.19	-36.57	 6.971e-05	      5.51	0	Gaussian	295.616110	46.547951
837	1	  0.001237	  0.000492	     -1.00	    281.62	    501.95	      3.91	      2.59	     68.47	     45.33	-10.62	 1.095e-04	      5.51	0	Gaussian	295.767688	45.131157
838	1	  0.001232	  0.000446	     -1.00	    530.80	    787.80	      4.39	      2.88	     76.85	     50.40	-5.44	 1.213e-04	      5.52	0	Gaussian	294.167183	43.781664
839	1	  0.001260	  0.000513	     -1.00	    743.93	    400.87	      3.80	      2.74	     66.43	     47.88	-27.19	 3.426e-04	      5.52	0	Gaussian	292.723183	45.554389
840	1	  0.001232	  0.000462	     -1.00	    457.40	    304.80	      3.97	      2.85	     69.49	     49.88	-10.09	 6.340e-05	      5.54	0	Gaussian	294.598258	46.042561
841	1	  0.001213	  0.000468	     -1.00	    197.00	    630.50	      4.04	      3.01	     70.72	     52.67	-13.35	 3.952e-05	      5.54	0	Gaussian	296.317721	44.528991
842	1	  0.001265	  0.000513	     -1.00	    555.65	    450.66	      4.02	      2.56	     70.28	     44.75	-13.81	 8.937e-05	      5.54	0	Gaussian	293.965163	45.352144
843	1	  0.001249	  0.000482	     -1.00	    635.11	    303.24	      3.98	      2.63	     69.61	     46.03	6.07	 1.640e-04	      5.54	0	Gaussian	293.419197	46.027427
844	1	  0.001236	  0.000523	     -1.00	    780.05	    383.31	      3.70	      2.80	     64.81	     48.95	-15.41	 5.840e-05	      5.54	0	Gaussian	292.482714	45.628743
845	1	  0.001314	  0.000524	     -1.00	    448.28	    273.74	      3.63	      2.61	     63.47	     45.68	-9.20	 2.496e-04	      5.54	0	Gaussian	294.656499	46.188167
846	1	  0.001298	  0.000329	     -1.00	    206.13	    200.74	      6.59	      2.31	    115.29	     40.39	-7.66	 6.859e-04	      5.54	0	Gaussian	296.280020	46.539811
847	1	  0.001274	  0.000672	     -1.00	    156.56	    767.97	      3.62	      2.17	     63.30	     38.01	-21.77	 9.450e-05	      5.55	0	Gaussian	296.571477	43.883296
848	1	  0.001229	  0.000495	     -1.00	    691.34	    781.52	      3.95	      2.55	     69.06	     44.56	-16.66	 5.062e-05	      5.55	0	Gaussian	293.142474	43.791988
849	1	  0.001242	  0.000589	     -1.00	    682.46	    352.20	      2.96	      2.76	     51.84	     48.37	-6.77	 8.359e-05	      5.55	0	Gaussian	293.116011	45.791892
850	1	  0.001264	  0.000360	     -1.00	      7.17	     49.50	      4.79	      3.22	     83.93	     56.38	-40.81	 7.053e-05	      5.55	0	Gaussian	297.649803	47.238856
851	1	  0.001258	  0.000360	     -1.00	    400.46	     84.59	      4.97	      2.87	     87.02	     50.30	-19.58	 1.922e-04	      5.55	0	Gaussian	294.965554	47.073467
852	1	  0.001274	  0.000563	     -1.00	    767.32	    486.33	      3.65	      2.48	     63.90	     43.36	-11.03	 2.035e-04	      5.55	0	Gaussian	292.590803	45.152746
853	1	  0.001243	  0.000443	     -1.00	    558.09	    496.37	      5.04	      2.35	     88.25	     41.07	-11.02	 7.886e-05	      5.55	0	Gaussian	293.955193	45.138772
854	1	  0.001228	  0.000490	     -1.00	    661.48	    747.27	      3.93	      2.68	     68.75	     46.95	-10.21	 5.690e-05	      5.55	0	Gaussian	293.326490	43.955827
855	1	  0.001251	  0.000528	     -1.00	     67.61	    176.85	      3.71	      2.66	     64.94	     46.59	-29.13	 1.994e-04	      5.55	0	Gaussian	297.218965	46.647703
856	1	  0.001257	  0.000410	     -1.00	    726.55	    464.52	      4.53	      2.77	     79.22	     48.52	-11.75	 8.845e-05	      5.56	0	Gaussian	292.850884	45.261780
857	1	  0.001242	  0.000471	     -1.00	    743.07	     73.75	      3.87	      2.90	     67.72	     50.68	-17.12	 5.421e-05	      5.56	0	Gaussian	292.651987	47.072379
858	1	  0.001222	  0.000394	     -1.00	    605.14	     97.88	      4.32	      2.84	     75.57	     49.75	-28.78	 6.713e-05	      5.56	0	Gaussian	293.584124	46.986594
859	1	  0.001242	  0.000505	     -1.00	    393.89	    337.49	      3.92	      2.67	     68.54	     46.82	-14.05	 6.649e-05	      5.56	0	Gaussian	295.022542	45.895091
860	1	  0.001213	  0.000501	     -1.00	    336.09	    520.15	      3.97	      2.58	     69.57	     45.16	-18.79	 5.000e-05	      5.56	0	Gaussian	295.410062	45.044703
861	1	  0.001251	  0.000433	     -1.00	    530.36	    753.46	      3.72	      2.93	     65.09	     51.22	-15.23	 1.840e-04	      5.56	0	Gaussian	294.166112	43.942037
862	1	  0.001227	  0.000392	     -1.00	    165.83	    160.70	      4.40	      2.59	     77.02	     45.31	-14.59	 4.863e-05	      5.56	0	Gaussian	296.555011	46.726510
863	1	  0.001247	  0.000478	     -1.00	    274.78	    722.55	      4.47	      2.32	     78.31	     40.65	1.71	 7.867e-05	      5.56	0	Gaussian	295.809581	44.098582
864	1	  0.001257	  0.000344	     -1.00	    160.30	    264.91	      4.72	      2.96	     82.53	     51.73	-24.90	 3.043e-04	      5.57	0	Gaussian	296.584395	46.239494
865	1	  0.001222	  0.000330	     -1.00	    399.45	    287.09	      4.87	      3.25	     85.29	     56.86	12.28	 5.096e-05	      5.57	0	Gaussian	294.983028	46.129874
866	1	  0.001269	  0.000199	     -1.00	    323.18	    658.35	      9.63	      3.40	    168.58	     59.47	5.57	 1.385e-04	      5.57	0	Gaussian	295.496221	44.398567
867	1	  0.001211	  0.000453	     -1.00	    279.36	    740.30	      3.85	      3.01	     67.39	     52.71	-14.71	 3.663e-05	      5.57	0	Gaussian	295.779832	44.015451
868	1	  0.001227	  0.000473	     -1.00	    406.32	    595.72	      3.88	      2.87	     67.95	     50.15	-21.80	 5.263e-05	      5.57	0	Gaussian	294.953917	44.688194
869	1	  0.001251	  0.000552	     -1.00	    336.27	    445.32	      3.58	      2.61	     62.68	     45.75	-7.71	 6.417e-05	      5.57	0	Gaussian	295.407532	45.394476
870	1	  0.001246	  0.000434	     -1.00	    284.68	    414.65	      5.56	      2.22	     97.27	     38.80	-17.88	 6.534e-05	      5.57	0	Gaussian	295.748371	45.539380
871	1	  0.001261	  0.000420	     -1.00	    236.70	    780.48	      3.66	      3.18	     64.11	     55.67	-17.45	 1.438e-04	      5.57	0	Gaussian	296.054014	43.826992
872	1	  0.001217	  0.000504	     -1.00	    718.24	    634.69	      3.87	      2.62	     67.69	     45.87	-11.84	 4.044e-05	      5.58	0	Gaussian	292.941006	44.471564
873	1	  0.001234	  0.000404	     -1.00	     84.55	    135.46	      4.11	      3.01	     72.02	     52.68	-15.41	 6.448e-05	      5.58	0	Gaussian	297.109185	46.841974
874	1	  0.001235	  0.000374	     -1.00	    546.97	    688.20	      4.22	      3.13	     73.85	     54.81	0.81	 1.135e-04	      5.58	0	Gaussian	294.051715	44.245096
875	1	  0.001251	  0.000310	     -1.00	     95.37	    623.72	      6.17	      2.66	    107.93	     46.50	7.10	 8.520e-05	      5.58	0	Gaussian	296.981838	44.556530
876	1	  0.001224	  0.000422	     -1.00	    472.15	    101.66	      4.23	      2.73	     73.96	     47.77	-6.81	 5.303e-05	      5.58	0	Gaussian	294.481574	46.987104
877	1	  0.001225	  0.000461	     -1.00	    636.07	    398.64	      4.01	      2.82	     70.25	     49.28	-18.36	 5.271e-05	      5.58	0	Gaussian	293.429604	45.583437
878	1	  0.001229	  0.000512	     -1.00	    361.94	    472.18	      3.62	      2.89	     63.37	     50.52	-12.15	 4.249e-05	      5.59	0	Gaussian	295.239119	45.267873
879	1	  0.001233	  0.000462	     -1.00	    746.36	    253.74	      3.83	      2.90	     66.95	     50.73	-15.85	 4.602e-05	      5.59	0	Gaussian	292.672935	46.237108
880	1	  0.001259	  0.000415	     -1.00	    789.32	    151.88	      3.67	      3.00	     64.27	     52.57	6.58	 1.026e-04	      5.59	0	Gaussian	292.362427	46.700090
881	1	  0.001227	  0.000423	     -1.00	    509.98	    392.71	      4.09	      3.04	     71.65	     53.22	-21.59	 4.046e-05	      5.59	0	Gaussian	294.258478	45.627493
882	1	  0.001213	  0.000398	     -1.00	    103.93	    403.33	      4.39	      2.72	     76.81	     47.62	-5.88	 4.117e-05	      5.59	0	Gaussian	296.948619	45.589827
883	1	  0.001222	  0.000436	     -1.00	     98.55	    673.52	      4.53	      2.61	     79.26	     45.66	-2.24	 6.059e-05	      5.59	0	Gaussian	296.955893	44.323203
884	1	  0.001249	  0.000367	     -1.00	    307.62	    532.56	      5.39	      2.17	     94.38	     37.90	-14.64	 1.386e-04	      5.60	0	Gaussian	295.596862	44.987459
885	1	  0.001249	  0.000616	     -1.00	    530.26	    470.07	      3.24	      2.22	     56.70	     38.93	-19.28	 7.913e-05	      5.60	0	Gaussian	294.133924	45.264578
886	1	  0.001278	  0.000519	     -1.00	    713.72	    555.71	      3.54	      2.66	     61.93	     46.60	-25.22	 9.952e-05	      5.60	0	Gaussian	292.953641	44.839882
887	1	  0.001222	  0.000312	     -1.00	    401.73	    685.52	      5.28	      3.09	     92.46	     54.17	1.75	 5.260e-05	      5.60	0	Gaussian	294.988342	44.268623
888	1	  0.001280	  0.000475	     -1.00	    685.89	    564.85	      3.20	      2.86	     56.05	     50.06	26.00	 1.289e-04	      5.60	0	Gaussian	293.135563	44.801936
889	1	  0.001212	  0.000411	     -1.00	    692.56	    604.51	      4.28	      2.93	     74.93	     51.22	-2.55	 3.926e-05	      5.60	0	Gaussian	293.100244	44.616264
890	1	  0.001220	  0.000478	     -1.00	    457.08	    589.40	      3.98	      2.60	     69.58	     45.58	-15.80	 4.155e-05	      5.60	0	Gaussian	294.623283	44.714381
891	1	  0.001275	  0.000555	     -1.00	    682.01	     82.03	      3.24	      2.52	     56.79	     44.12	-53.63	 1.438e-04	      5.60	0	Gaussian	293.064070	47.046498
892	1	  0.001231	  0.000400	     -1.00	    352.05	     56.14	      3.93	      3.36	     68.75	     58.76	2.26	 4.764e-05	      5.60	0	Gaussian	295.293216	47.209484
893	1	  0.001241	  0.000467	     -1.00	    454.19	    388.74	      3.75	      2.85	     65.67	     49.86	-11.58	 1.238e-04	      5.61	0	Gaussian	294.626338	45.651356
894	1	  0.001226	  0.000390	     -1.00	    187.77	     74.91	      4.25	      2.94	     74.36	     51.45	-22.49	 5.517e-05	      5.61	0	Gaussian	296.411919	47.127171
895	1	  0.001227	  0.000428	     -1.00	     35.07	    578.47	      4.58	      2.47	     80.20	     43.17	-5.29	 5.277e-05	      5.61	0	Gaussian	297.382474	44.764522
896	1	  0.001256	  0.000532	     -1.00	    732.94	    140.21	      3.56	      2.63	     62.39	     45.96	-19.13	 1.015e-04	      5.63	0	Gaussian	292.735591	46.766502
897	1	  0.001283	  0.000448	     -1.00	    526.65	    446.73	      4.18	      2.56	     73.08	     44.84	-8.06	 9.973e-05	      5.63	0	Gaussian	294.154862	45.373812
898	1	  0.001249	  0.000543	     -1.00	    196.68	    266.39	      3.05	      2.49	     53.36	     43.60	-71.09	 8.694e-05	      5.63	0	Gaussian	296.339945	46.233047
899	1	  0.001233	  0.000429	     -1.00	    143.02	    362.56	      4.74	      2.41	     82.97	     42.19	-7.71	 9.420e-05	      5.64	0	Gaussian	296.692141	45.782251
900	1	  0.001270	  0.000546	     -1.00	    116.23	     23.73	      3.61	      2.50	     63.27	     43.80	-9.82	 1.099e-04	      5.65	0	Gaussian	296.905510	47.364813
901	1	  0.001248	  0.000482	     -1.00	    516.72	    336.46	      3.63	      2.70	     63.54	     47.25	-21.86	 7.120e-05	      5.65	0	Gaussian	294.207666	45.888902
902	1	  0.001287	  0.000556	     -1.00	    162.12	    288.66	      3.22	      2.63	     56.43	     46.09	-13.67	 3.330e-04	      5.65	0	Gaussian	296.570346	46.128448
903	1	  0.001234	  0.000386	     -1.00	     57.90	    209.86	      4.10	      2.62	     71.82	     45.77	-10.97	 1.199e-04	      5.65	0	Gaussian	297.280388	46.492788
904	1	  0.001237	  0.000354	     -1.00	    159.63	    705.96	      3.90	      3.41	     68.31	     59.73	-20.30	 5.162e-05	      5.65	0	Gaussian	296.556083	44.174146
905	1	  0.001229	  0.000445	     -1.00	    280.86	    385.71	      3.85	      2.82	     67.40	     49.36	-36.58	 4.774e-05	      5.65	0	Gaussian	295.774017	45.674730
906	1	  0.001264	  0.000475	     -1.00	    711.25	    431.25	      3.95	      2.51	     69.15	     43.89	-3.19	 8.856e-05	      5.65	0	Gaussian	292.943519	45.419248
907	1	  0.001235	  0.000478	     -1.00	    562.42	    523.48	      3.78	      2.62	     66.07	     45.87	-9.88	 9.965e-05	      5.65	0	Gaussian	293.930553	45.011878
908	1	  0.001233	  0.000437	     -1.00	     44.77	    172.43	      3.70	      3.02	     64.68	     52.87	-29.92	 5.946e-05	      5.66	0	Gaussian	297.374474	46.667022
909	1	  0.001236	  0.000395	     -1.00	    137.17	    618.53	      4.18	      2.56	     73.24	     44.86	-15.91	 5.828e-05	      5.66	0	Gaussian	296.709146	44.583078
910	1	  0.001253	  0.000409	     -1.00	    470.69	     72.53	      3.74	      3.00	     65.49	     52.47	-24.51	 1.037e-04	      5.67	0	Gaussian	294.488790	47.122782
911	1	  0.001254	  0.000464	     -1.00	    778.64	     55.71	      3.76	      2.61	     65.84	     45.65	-22.29	 1.184e-04	      5.67	0	Gaussian	292.408641	47.147892
912	1	  0.001223	  0.000400	     -1.00	    661.44	    656.50	      4.05	      2.88	     70.95	     50.42	-4.61	 4.902e-05	      5.67	0	Gaussian	293.310486	44.378826
913	1	  0.001235	  0.000337	     -1.00	     61.82	    100.54	      5.06	      2.78	     88.49	     48.73	-14.89	 6.756e-05	      5.67	0	Gaussian	297.268444	47.003952
914	1	  0.001224	  0.000502	     -1.00	    340.41	    266.27	      3.60	      2.46	     63.04	     43.08	-9.24	 4.548e-05	      5.67	0	Gaussian	295.376639	46.230573
915	1	  0.001264	  0.000505	     -1.00	    211.28	    449.57	      3.54	      2.63	     62.03	     46.03	-24.96	 1.699e-04	      5.67	0	Gaussian	296.233065	45.376431
916	1	  0.001227	  0.000447	     -1.00	    615.34	    646.51	      3.98	      2.48	     69.66	     43.36	-6.62	 8.450e-05	      5.67	0	Gaussian	293.605530	44.431678
917	1	  0.001231	  0.000428	     -1.00	    450.26	     49.19	      3.89	      2.82	     68.03	     49.27	-15.49	 6.814e-05	      5.67	0	Gaussian	294.625298	47.233526
918	1	  0.001254	  0.000355	     -1.00	    409.87	    251.78	      4.64	      2.84	     81.17	     49.70	-1.92	 7.528e-05	      5.67	0	Gaussian	294.911505	46.293788
919	1	  0.001234	  0.000495	     -1.00	    278.15	    254.05	      3.22	      2.76	     56.36	     48.38	1.57	 5.870e-05	      5.67	0	Gaussian	295.793709	46.289963
920	1	  0.001234	  0.000392	     -1.00	    273.02	    498.57	      4.75	      2.59	     83.09	     45.32	-11.77	 8.070e-05	      5.68	0	Gaussian	295.824303	45.147062
921	1	  0.001254	  0.000330	     -1.00	    676.28	     95.89	      6.21	      3.62	    108.70	     63.44	-52.05	 9.982e-05	      5.68	0	Gaussian	293.105384	46.983333
922	1	  0.001235	  0.000323	     -1.00	    558.06	    681.42	      5.24	      2.79	     91.66	     48.77	3.64	 5.992e-05	      5.68	0	Gaussian	293.979488	44.275608
923	1	  0.001220	  0.000407	     -1.00	    352.38	    743.57	      3.94	      2.86	     68.95	     50.06	-14.69	 4.621e-05	      5.68	0	Gaussian	295.308948	43.999009
924	1	  0.001221	  0.000352	     -1.00	    220.97	    706.80	      4.20	      3.07	     73.58	     53.74	-18.00	 4.711e-05	      5.69	0	Gaussian	296.158313	44.171937
925	1	  0.001254	  0.000449	     -1.00	    407.46	    468.69	      3.80	      2.61	     66.54	     45.69	-8.37	 1.595e-04	      5.69	0	Gaussian	294.939641	45.281670
926	1	  0.001232	  0.000423	     -1.00	    461.94	    527.86	      3.57	      2.81	     62.47	     49.11	-9.92	 7.316e-05	      5.69	0	Gaussian	294.586652	45.001410
927	1	  0.001243	  0.000437	     -1.00	    359.89	    710.76	      3.78	      2.79	     66.22	     48.80	-19.14	 8.270e-05	      5.69	0	Gaussian	295.259636	44.152289
928	1	  0.001234	  0.000398	     -1.00	    533.93	    298.21	      3.91	      3.05	     68.49	     53.45	-7.49	 8.382e-05	      5.69	0	Gaussian	294.089017	46.065104
929	1	  0.001241	  0.000438	     -1.00	    778.33	    153.38	      3.88	      2.61	     67.98	     45.61	-3.70	 9.197e-05	      5.69	0	Gaussian	292.435998	46.695666
930	1	  0.001252	  0.000527	     -1.00	    482.43	    262.29	      3.00	      2.42	     52.58	     42.34	-10.52	 8.987e-05	      5.70	0	Gaussian	294.427769	46.238195
931	1	  0.001235	  0.000415	     -1.00	      9.79	    379.65	      3.82	      2.91	     66.88	     50.94	-20.50	 4.671e-05	      5.70	0	Gaussian	297.578954	45.694499
932	1	  0.001234	  0.000431	     -1.00	    564.25	    567.41	      3.84	      2.77	     67.15	     48.57	-7.99	 6.517e-05	      5.70	0	Gaussian	293.924541	44.806794
933	1	  0.001275	  0.000425	     -1.00	     82.04	    215.40	      4.03	      2.32	     70.51	     40.69	-5.32	 9.327e-05	      5.70	0	Gaussian	297.116547	46.468177
934	1	  0.001220	  0.000354	     -1.00	    228.95	    759.20	      4.09	      3.25	     71.56	     56.94	-37.69	 6.312e-05	      5.71	0	Gaussian	296.104689	43.926583
935	1	  0.001232	  0.000430	     -1.00	     43.75	    548.27	      3.90	      2.62	     68.29	     45.93	-7.16	 7.161e-05	      5.71	0	Gaussian	297.329469	44.906834
936	1	  0.001251	  0.000467	     -1.00	    284.15	    428.19	      3.50	      2.80	     61.35	     48.92	-7.30	 7.464e-05	      5.71	0	Gaussian	295.751788	45.476091
937	1	  0.001244	  0.000435	     -1.00	    203.22	    277.15	      3.98	      2.46	     69.59	     43.10	-14.87	 8.927e-05	      5.71	0	Gaussian	296.295482	46.182825
938	1	  0.001225	  0.000407	     -1.00	    597.54	     37.27	      3.19	      3.15	     55.91	     55.10	-53.57	 5.471e-05	      5.72	0	Gaussian	293.625511	47.269171
939	1	  0.001244	  0.000429	     -1.00	    329.42	     70.51	      4.12	      2.56	     72.03	     44.79	-7.74	 5.539e-05	      5.72	0	Gaussian	295.447446	47.143929
940	1	  0.001253	  0.000367	     -1.00	    588.57	    726.48	      3.94	      2.85	     68.88	     49.81	-13.62	 1.045e-04	      5.72	0	Gaussian	293.789594	44.061971
941	1	  0.001246	  0.000445	     -1.00	    765.96	    114.39	      3.69	      2.78	     64.58	     48.66	-17.41	 9.294e-05	      5.72	0	Gaussian	292.508669	46.879063
942	1	  0.001219	  0.000444	     -1.00	    395.80	     61.13	      3.81	      2.64	     66.64	     46.18	-10.46	 4.931e-05	      5.72	0	Gaussian	294.996003	47.183052
943	1	  0.001287	  0.000491	     -1.00	    582.97	    698.92	      3.58	      2.49	     62.64	     43.62	-11.51	 1.729e-04	      5.73	0	Gaussian	293.821631	44.191205
944	1	  0.001283	  0.000522	     -1.00	    232.29	    216.55	      3.56	      2.32	     62.30	     40.63	-6.61	 3.164e-04	      5.73	0	Gaussian	296.102949	46.465854
945	1	  0.001223	  0.000356	     -1.00	    716.49	    786.39	      4.04	      2.98	     70.65	     52.13	-20.64	 4.962e-05	      5.73	0	Gaussian	292.983484	43.765527
946	1	  0.001237	  0.000395	     -1.00	    618.24	    378.66	      3.86	      2.81	     67.62	     49.18	-3.13	 8.905e-05	      5.73	0	Gaussian	293.543414	45.679129
947	1	  0.001241	  0.000432	     -1.00	    211.43	    765.23	      3.93	      2.38	     68.80	     41.67	-21.24	 7.060e-05	      5.74	0	Gaussian	296.217452	43.897968
948	1	  0.001233	  0.000354	     -1.00	    561.76	    311.29	      4.00	      3.03	     70.09	     53.10	2.82	 6.622e-05	      5.74	0	Gaussian	293.906120	46.000641
949	1	  0.001242	  0.000427	     -1.00	     96.09	    739.54	      3.89	      2.55	     68.02	     44.68	-24.79	 6.679e-05	      5.75	0	Gaussian	296.965086	44.013368
950	1	  0.001241	  0.000347	     -1.00	    108.99	    629.47	      4.40	      2.90	     76.99	     50.71	-18.05	 7.871e-05	      5.75	0	Gaussian	296.892273	44.530382
951	1	  0.001233	  0.000450	     -1.00	    512.77	    197.82	      3.67	      2.65	     64.18	     46.37	-24.99	 5.338e-05	      5.76	0	Gaussian	294.218272	46.535040
952	1	  0.001234	  0.000405	     -1.00	     34.92	    422.16	      3.94	      2.74	     68.92	     47.99	-2.79	 8.377e-05	      5.76	0	Gaussian	297.405229	45.497351
953	1	  0.001250	  0.000448	     -1.00	    540.07	    128.25	      3.55	      2.76	     62.14	     48.35	-11.99	 9.432e-05	      5.77	0	Gaussian	294.026589	46.855156
954	1	  0.001283	  0.000393	     -1.00	    735.53	    296.45	      3.82	      2.45	     66.79	     42.81	-36.95	 2.413e-04	      5.77	0	Gaussian	292.754425	46.041063
955	1	  0.001250	  0.000447	     -1.00	    126.12	    679.53	      3.75	      2.55	     65.57	     44.63	-2.09	 1.109e-04	      5.77	0	Gaussian	296.775912	44.296540
956	1	  0.001236	  0.000364	     -1.00	    407.16	    527.67	      4.10	      2.74	     71.71	     47.98	3.48	 8.724e-05	      5.77	0	Gaussian	294.944753	45.006178
957	1	  0.001239	  0.000349	     -1.00	    432.33	    617.79	      3.46	      2.89	     60.55	     50.62	-63.00	 1.111e-04	      5.77	0	Gaussian	294.786159	44.583511
958	1	  0.001242	  0.000408	     -1.00	    510.61	    330.17	      3.90	      2.50	     68.26	     43.82	-7.07	 8.110e-05	      5.77	0	Gaussian	294.247431	45.918898
959	1	  0.001217	  0.000375	     -1.00	    671.09	    335.47	      4.05	      2.83	     70.82	     49.48	-20.48	 3.994e-05	      5.78	0	Gaussian	293.187604	45.871639
960	1	  0.001237	  0.000405	     -1.00	    172.25	    397.58	      3.91	      2.60	     68.37	     45.53	-5.34	 6.669e-05	      5.78	0	Gaussian	296.494886	45.619149
961	1	  0.001229	  0.000450	     -1.00	    573.36	     40.62	      3.71	      2.55	     65.01	     44.58	-13.76	 4.693e-05	      5.78	0	Gaussian	293.789685	47.257471
962	1	  0.001249	  0.000291	     -1.00	    506.52	    150.19	      4.52	      3.12	     79.18	     54.53	-0.22	 6.563e-05	      5.78	0	Gaussian	294.254868	46.757417
963	1	  0.001220	  0.000428	     -1.00	    256.61	    677.26	      3.89	      2.41	     68.07	     42.12	-0.43	 6.208e-05	      5.78	0	Gaussian	295.928091	44.310686
964	1	  0.001218	  0.000490	     -1.00	    620.53	    481.07	      3.05	      2.78	     53.36	     48.58	-19.90	 4.730e-05	      5.79	0	Gaussian	293.545262	45.201953
965	1	  0.001227	  0.000401	     -1.00	    278.73	    373.19	      3.74	      2.78	     65.53	     48.60	-31.00	 4.638e-05	      5.80	0	Gaussian	295.788302	45.733303
966	1	  0.001238	  0.000437	     -1.00	    650.83	     34.28	      3.57	      2.72	     62.57	     47.54	-18.92	 6.506e-05	      5.80	0	Gaussian	293.264652	47.273809
967	1	  0.001253	  0.000343	     -1.00	    322.85	    498.84	      4.63	      2.65	     81.00	     46.35	-6.37	 1.063e-04	      5.80	0	Gaussian	295.496636	45.144735
968	1	  0.001244	  0.000384	     -1.00	    484.07	    305.12	      4.02	      2.60	     70.30	     45.46	-18.00	 9.031e-05	      5.80	0	Gaussian	294.420998	46.038458
969	1	  0.001301	  0.000424	     -1.00	    510.53	    214.40	      2.95	      2.81	     51.58	     49.16	-65.17	 1.698e-04	      5.81	0	Gaussian	294.235097	46.458132
970	1	  0.001239	  0.000336	     -1.00	    656.82	    138.77	      4.09	      2.83	     71.57	     49.59	-23.34	 7.093e-05	      5.81	0	Gaussian	293.244467	46.787930
971	1	  0.001242	  0.000323	     -1.00	    702.82	     81.80	      3.94	      3.19	     68.89	     55.87	-23.69	 9.604e-05	      5.82	0	Gaussian	292.924172	47.043457
972	1	  0.001275	  0.000483	     -1.00	    766.04	    148.49	      3.41	      2.52	     59.64	     44.16	-15.14	 1.785e-04	      5.82	0	Gaussian	292.516663	46.721060
973	1	  0.001248	  0.000454	     -1.00	    415.86	    527.09	      3.40	      2.68	     59.49	     46.88	-3.72	 8.283e-05	      5.82	0	Gaussian	294.887828	45.008316
974	1	  0.001231	  0.000377	     -1.00	    304.49	    474.72	      4.04	      2.34	     70.74	     41.04	-4.15	 4.186e-05	      5.83	0	Gaussian	295.617286	45.258054
975	1	  0.001251	  0.000429	     -1.00	    133.84	    159.99	      2.89	      2.89	     50.63	     50.53	-6.94	 7.819e-05	      5.84	0	Gaussian	296.771905	46.729152
976	1	  0.001230	  0.000373	     -1.00	    663.45	    444.21	      3.90	      2.61	     68.19	     45.75	-24.03	 4.134e-05	      5.85	0	Gaussian	293.258464	45.367057
977	1	  0.001288	  0.000500	     -1.00	    644.01	    125.22	      3.28	      2.43	     57.44	     42.61	-1.57	 2.141e-04	      5.85	0	Gaussian	293.327737	46.853108
978	1	  0.001271	  0.000418	     -1.00	     86.00	    624.45	      3.71	      2.50	     64.91	     43.69	-17.16	 9.718e-05	      5.85	0	Gaussian	297.043000	44.552525
979	1	  0.001252	  0.000421	     -1.00	    133.79	    474.70	      3.62	      2.62	     63.33	     45.86	-26.88	 7.878e-05	      5.85	0	Gaussian	296.743716	45.256889
980	1	  0.001221	  0.000315	     -1.00	    678.76	    778.69	      4.13	      2.93	     72.23	     51.35	-26.10	 5.341e-05	      5.85	0	Gaussian	293.221988	43.807013
981	1	  0.001269	  0.000436	     -1.00	    546.53	    502.50	      3.00	      2.53	     52.46	     44.24	-68.16	 7.715e-05	      5.85	0	Gaussian	294.031512	45.111552
982	1	  0.001257	  0.000394	     -1.00	    223.96	     25.65	      3.94	      2.34	     69.04	     40.97	-13.78	 1.524e-04	      5.85	0	Gaussian	296.167468	47.356599
983	1	  0.001251	  0.000383	     -1.00	    319.79	     16.74	      3.73	      2.61	     65.29	     45.74	-36.31	 1.437e-04	      5.87	0	Gaussian	295.512492	47.394821
984	1	  0.001251	  0.000380	     -1.00	    630.56	     28.34	      3.12	      2.69	     54.60	     47.00	-11.65	 7.486e-05	      5.87	0	Gaussian	293.400611	47.305000
985	1	  0.001241	  0.000386	     -1.00	    674.56	     30.58	      3.82	      2.46	     66.80	     43.08	-21.59	 1.236e-04	      5.88	0	Gaussian	293.103678	47.286479
986	1	  0.001231	  0.000463	     -1.00	    271.75	     23.35	      2.86	      2.67	     50.05	     46.68	-29.14	 5.677e-05	      5.88	0	Gaussian	295.840680	47.366153
987	1	  0.001240	  0.000417	     -1.00	    249.97	    352.33	      3.67	      2.58	     64.29	     45.24	2.05	 7.236e-05	      5.88	0	Gaussian	295.980011	45.831243
988	1	  0.001237	  0.000376	     -1.00	    568.66	    755.40	      3.90	      2.40	     68.22	     41.94	-14.29	 8.694e-05	      5.90	0	Gaussian	293.921087	43.929225
989	1	  0.001267	  0.000366	     -1.00	    240.05	    524.17	      3.96	      2.35	     69.39	     41.18	0.02	 9.680e-05	      5.91	0	Gaussian	296.040444	45.027463
990	1	  0.001242	  0.000365	     -1.00	    475.65	     39.99	      3.51	      2.86	     61.49	     50.02	-15.80	 8.372e-05	      5.91	0	Gaussian	294.452111	47.273532
991	1	  0.001251	  0.000360	     -1.00	    757.83	    157.49	      3.84	      2.76	     67.21	     48.33	-24.50	 8.351e-05	      5.91	0	Gaussian	292.573600	46.681120
992	1	  0.001253	  0.000410	     -1.00	    182.80	    794.19	      3.58	      2.64	     62.59	     46.25	-8.17	 5.806e-05	      5.92	0	Gaussian	296.400545	43.761381
993	1	  0.001243	  0.000285	     -1.00	    331.04	    553.39	      4.20	      2.91	     73.54	     51.00	9.67	 8.541e-05	      5.92	0	Gaussian	295.443636	44.889397
994	1	  0.001244	  0.000340	     -1.00	    276.35	    435.73	      4.01	      2.44	     70.18	     42.79	-13.28	 6.884e-05	      5.92	0	Gaussian	295.803215	45.440984
995	1	  0.001316	  0.000492	     -1.00	    163.48	    555.64	      2.81	      2.20	     49.16	     38.56	-76.21	 3.912e-04	      5.92	0	Gaussian	296.541689	44.878775
996	1	  0.001255	  0.000216	     -1.00	    531.97	     47.14	      5.99	      4.18	    104.91	     73.18	-89.39	 1.068e-04	      5.93	0	Gaussian	294.070895	47.233213
997	1	  0.001286	  0.000409	     -1.00	    400.90	    404.09	      3.41	      2.59	     59.61	     45.27	-7.38	 2.421e-04	      5.93	0	Gaussian	294.979442	45.583750
998	1	  0.001261	  0.000543	     -1.00	    388.43	    392.95	      2.49	      1.62	     43.59	     28.38	-7.61	 2.145e-04	      5.94	0	Gaussian	295.061318	45.636569
999	1	  0.001287	  0.000457	     -1.00	    153.17	    181.36	      3.37	      2.19	     58.91	     38.34	-6.83	 2.630e-04	      6.00	0	Gaussian	296.639092	46.629787
1000	1	  0.001275	  0.000338	     -1.00	    686.31	    576.34	      3.43	      2.80	     60.11	     49.02	-21.85	 2.446e-04	      6.01	0	Gaussian	293.135096	44.748412
1001	1	  0.001268	  0.000386	     -1.00	    746.65	     42.60	      3.44	      2.56	     60.13	     44.79	-24.83	 1.499e-04	      6.01	0	Gaussian	292.620369	47.215858
1002	1	  0.001266	  0.000412	     -1.00	    335.81	    362.51	      3.26	      2.21	     57.06	     38.60	-4.97	 9.547e-05	      6.04	0	Gaussian	295.409111	45.781426
1003	1	  0.001298	  0.000386	     -1.00	    585.95	     28.38	      3.61	      2.23	     63.13	     39.08	-24.35	 3.295e-04	      6.05	0	Gaussian	293.702529	47.312337
1004	1	  0.001288	  0.000357	     -1.00	    346.67	    401.23	      3.83	      2.32	     67.03	     40.62	-0.57	 2.322e-04	      6.06	0	Gaussian	295.337941	45.600101
1005	1	  0.001228	  0.000368	     -1.00	    561.44	    290.24	      3.07	      2.26	     53.66	     39.64	-9.26	 4.299e-05	      6.08	0	Gaussian	293.905409	46.098686
1006	1	  0.001249	  0.000444	     -1.00	    350.34	    308.90	      2.49	      1.65	     43.65	     28.86	-3.08	 6.098e-05	      6.08	0	Gaussian	295.311333	46.031096
1007	1	  0.001254	  0.000286	     -1.00	    159.72	    184.86	      3.23	      2.67	     56.59	     46.65	-15.65	 9.148e-05	      6.09	0	Gaussian	296.594530	46.613586
1008	1	  0.001273	  0.000293	     -1.00	    476.44	    246.59	      4.11	      2.48	     71.98	     43.48	-9.64	 9.387e-05	      6.12	0	Gaussian	294.466215	46.311977
1009	1	  0.001249	  0.000367	     -1.00	    301.63	    574.44	      3.00	      2.15	     52.49	     37.58	-44.45	 8.474e-05	      6.13	0	Gaussian	295.636100	44.791682
1010	1	  0.001275	  0.000357	     -1.00	     31.93	    160.46	      3.40	      2.45	     59.48	     42.87	-25.76	 2.370e-04	      6.16	0	Gaussian	297.463344	46.722120
1011	1	  0.001287	  0.000308	     -1.00	    745.75	    525.46	      3.66	      2.47	     64.01	     43.29	2.44	 3.169e-04	      6.17	0	Gaussian	292.739769	44.974941
1012	1	  0.001282	  0.000306	     -1.00	    134.70	    464.80	      3.62	      2.40	     63.35	     41.96	-19.13	 2.134e-04	      6.21	0	Gaussian	296.738550	45.303312
1013	1	  0.001279	  0.000283	     -1.00	    343.13	    562.42	      2.39	      2.23	     41.89	     38.95	-7.52	 3.534e-04	      6.65	0	Gaussian	295.364799	44.846758
1014	1	  0.001314	  0.000290	     -1.00	    343.15	    353.20	      2.09	      1.98	     36.67	     34.71	-5.41	 4.156e-04	      6.70	0	Gaussian	295.360178	45.824585
1015	1	  0.001271	  0.000120	     -1.00	    459.93	    200.75	      2.51	      2.00	     43.92	     35.04	-44.41	 1.529e-04	      6.97	0	Gaussian	294.572654	46.527172
1016	1	  0.001388	  0.000431	     -1.00	    663.23	    275.51	      2.02	      1.52	     35.35	     26.57	-22.70	 6.335e-04	      6.98	0	Gaussian	293.227988	46.151717
1017	1	  0.001271	  0.000412	     -1.00	    151.96	    344.20	      2.04	      1.24	     35.64	     21.67	14.14	 1.027e-04	      7.07	0	Gaussian	296.633977	45.868404
1018	1	  0.001281	  0.000317	     -1.00	    602.79	    782.85	      1.93	      1.20	     33.71	     20.97	22.70	 2.484e-04	      7.12	0	Gaussian	293.706857	43.797376
1019	1	  0.001285	  0.000462	     -1.00	     40.62	    287.75	      5.62	      3.47	     98.42	     60.80	2.15	 2.285e-04	    999.00	0	Gaussian	297.386114	46.127223
1020	1	  0.001258	  0.000374	     -1.00	    411.96	    536.19	      3.87	      2.07	     67.75	     36.32	26.73	 1.169e-04	    999.00	0	Gaussian	294.913838	44.966067
1021	1	  0.001302	  0.000362	     -1.00	    513.25	    580.99	      1.51	      1.20	     26.40	     21.03	-27.13	 3.308e-04	    999.00	0	Gaussian	294.257414	44.748860
