# 1034 stars found using the following parameters:
# sigma=1.00 roundness=0.10 radius=5 relax=1 profile=0 minbeta=1.5 max_stars=0 layer=1 minA=0.00 maxA=0.00 maxR=1.00
# star#	layer	B	A	beta	X	Y	FWHMx [px]	FWHMy [px]	FWHMx ["]	FWHMy ["]	angle	RMSE	mag	Sat	Profile	RA	Dec
1	1	  0.003326	  1.074576	     -1.00	    612.25	    423.73	      3.43	      3.21	     60.08	     56.17	2.55	 1.075e-02	     -2.82	1	Gaussian	296.245177	45.130813
2	1	  0.002267	  0.388043	     -1.00	    457.77	    512.26	      2.65	      2.46	     46.42	     43.14	-2.84	 2.885e-03	     -1.15	0	Gaussian	295.209140	45.525405
3	1	  0.002198	  0.322528	     -1.00	    291.31	    341.18	      2.77	      2.46	     48.50	     43.05	2.55	 2.265e-03	     -0.99	0	Gaussian	294.156124	44.693670
4	1	  0.002077	  0.118908	     -1.00	    413.15	    606.24	      2.67	      2.52	     46.75	     44.12	-4.64	 1.428e-03	      0.10	0	Gaussian	294.892901	45.957239
5	1	  0.001707	  0.092768	     -1.00	    210.89	    184.85	      2.77	      2.56	     48.49	     44.78	6.21	 7.962e-04	      0.32	0	Gaussian	293.682163	43.945188
6	1	  0.001711	  0.081360	     -1.00	    278.91	    130.44	      2.76	      2.55	     48.38	     44.58	6.06	 6.241e-04	      0.47	0	Gaussian	294.133768	43.705581
7	1	  0.001707	  0.071819	     -1.00	     63.86	    666.13	      2.70	      2.67	     47.31	     46.79	8.86	 6.065e-04	      0.58	0	Gaussian	292.552216	46.147419
8	1	  0.001656	  0.061330	     -1.00	    649.51	    711.82	      2.65	      2.47	     46.47	     43.24	1.33	 4.344e-04	      0.85	0	Gaussian	296.464133	46.485099
9	1	  0.001632	  0.057499	     -1.00	    392.53	    281.80	      2.68	      2.57	     46.94	     44.91	10.74	 4.936e-04	      0.87	0	Gaussian	294.829074	44.435425
10	1	  0.001668	  0.058772	     -1.00	    763.82	    261.30	      2.70	      2.48	     47.28	     43.45	-7.11	 5.417e-04	      0.87	0	Gaussian	297.253807	44.377850
11	1	  0.001641	  0.059867	     -1.00	    674.97	    255.95	      2.59	      2.53	     45.27	     44.28	29.61	 5.006e-04	      0.88	0	Gaussian	296.673157	44.348129
12	1	  0.001680	  0.056397	     -1.00	     96.39	    703.48	      2.72	      2.49	     47.60	     43.63	-1.26	 6.027e-04	      0.91	0	Gaussian	292.753094	46.331296
13	1	  0.001648	  0.051070	     -1.00	    445.72	    355.43	      2.74	      2.42	     48.01	     42.42	-0.58	 4.709e-04	      1.04	0	Gaussian	295.160534	44.789064
14	1	  0.001582	  0.043656	     -1.00	    296.01	    577.19	      2.81	      2.65	     49.17	     46.34	0.10	 3.591e-04	      1.09	0	Gaussian	294.121258	45.797211
15	1	  0.001679	  0.044881	     -1.00	    237.65	    723.99	      2.75	      2.60	     48.11	     45.48	3.60	 4.069e-04	      1.10	0	Gaussian	293.688306	46.467359
16	1	  0.001626	  0.046622	     -1.00	    602.07	    380.86	      2.59	      2.57	     45.38	     45.06	-60.53	 3.713e-04	      1.13	0	Gaussian	296.182976	44.928607
17	1	  0.001720	  0.044597	     -1.00	    636.32	    387.54	      2.68	      2.40	     46.89	     42.08	0.55	 8.075e-04	      1.22	0	Gaussian	296.407867	44.963206
18	1	  0.001597	  0.041148	     -1.00	    663.40	    551.66	      2.67	      2.39	     46.79	     41.87	-1.21	 3.167e-04	      1.31	0	Gaussian	296.572309	45.735742
19	1	  0.001583	  0.035375	     -1.00	    172.66	    635.76	      2.78	      2.63	     48.70	     45.99	3.13	 3.591e-04	      1.33	0	Gaussian	293.284767	46.038937
20	1	  0.001544	  0.036160	     -1.00	    661.08	    302.25	      2.65	      2.49	     46.47	     43.61	-12.27	 2.632e-04	      1.42	0	Gaussian	296.578509	44.564693
21	1	  0.001560	  0.031561	     -1.00	    460.95	    695.82	      2.74	      2.66	     47.89	     46.62	23.53	 2.689e-04	      1.46	0	Gaussian	295.194175	46.384505
22	1	  0.001548	  0.028674	     -1.00	    449.03	    299.64	      2.78	      2.53	     48.65	     44.25	0.91	 2.304e-04	      1.60	0	Gaussian	295.193081	44.528195
23	1	  0.001588	  0.028974	     -1.00	     34.17	    354.50	      2.75	      2.50	     48.10	     43.79	1.52	 3.061e-04	      1.62	0	Gaussian	292.484554	44.688788
24	1	  0.001590	  0.025383	     -1.00	    382.41	    154.84	      2.91	      2.69	     50.88	     47.06	8.07	 2.630e-04	      1.62	0	Gaussian	294.791861	43.839049
25	1	  0.001859	  0.026558	     -1.00	    129.60	     79.05	      2.74	      2.71	     47.93	     47.43	-23.03	 1.110e-03	      1.63	0	Gaussian	293.198023	43.431542
26	1	  0.001567	  0.024003	     -1.00	    169.35	     95.22	      2.83	      2.72	     49.53	     47.67	18.83	 2.206e-04	      1.70	0	Gaussian	293.445170	43.516762
27	1	  0.001527	  0.024423	     -1.00	    482.41	    132.20	      2.79	      2.54	     48.83	     44.44	5.73	 1.967e-04	      1.77	0	Gaussian	295.439967	43.747892
28	1	  0.001607	  0.024322	     -1.00	    509.72	    189.71	      2.73	      2.55	     47.81	     44.59	3.68	 2.606e-04	      1.79	0	Gaussian	295.606682	44.021182
29	1	  0.001574	  0.024415	     -1.00	    160.44	    694.75	      2.71	      2.53	     47.41	     44.25	5.90	 2.506e-04	      1.81	0	Gaussian	293.182620	46.310030
30	1	  0.001516	  0.023280	     -1.00	    298.81	     33.33	      2.78	      2.51	     48.58	     43.97	6.97	 1.963e-04	      1.84	0	Gaussian	294.286525	43.255192
31	1	  0.001544	  0.021610	     -1.00	    356.79	    592.92	      2.79	      2.65	     48.81	     46.33	1.33	 1.787e-04	      1.85	0	Gaussian	294.520668	45.883916
32	1	  0.001979	  0.018130	     -1.00	    264.67	    714.07	      3.39	      2.58	     59.33	     45.19	-18.20	 1.197e-03	      1.86	0	Gaussian	293.872302	46.428064
33	1	  0.001692	  0.023386	     -1.00	    670.22	    131.55	      2.71	      2.39	     47.46	     41.75	-0.12	 6.581e-04	      1.92	0	Gaussian	296.652124	43.763127
34	1	  0.001591	  0.021442	     -1.00	    759.97	    387.36	      2.79	      2.46	     48.83	     43.02	4.55	 2.124e-04	      1.95	0	Gaussian	297.224180	44.970430
35	1	  0.001547	  0.017846	     -1.00	    141.56	    388.99	      2.88	      2.68	     50.48	     46.88	5.11	 1.787e-04	      2.02	0	Gaussian	293.167148	44.880516
36	1	  0.001664	  0.019958	     -1.00	    267.68	    748.51	      2.73	      2.53	     47.70	     44.28	-1.46	 2.393e-04	      2.02	0	Gaussian	293.881943	46.589273
37	1	  0.001629	  0.018455	     -1.00	     35.60	     27.49	      2.87	      2.55	     50.21	     44.59	4.09	 3.105e-04	      2.05	0	Gaussian	292.622494	43.166169
38	1	  0.001545	  0.019250	     -1.00	    255.19	    501.68	      2.72	      2.50	     47.67	     43.82	-4.97	 1.786e-04	      2.07	0	Gaussian	293.873571	45.435222
39	1	  0.001719	  0.019188	     -1.00	    610.93	    608.37	      2.71	      2.48	     47.46	     43.49	-6.28	 1.028e-03	      2.09	0	Gaussian	296.215278	45.996439
40	1	  0.001563	  0.019936	     -1.00	    626.57	    233.40	      2.63	      2.43	     46.06	     42.48	3.31	 1.906e-04	      2.10	0	Gaussian	296.359576	44.238513
41	1	  0.001547	  0.017497	     -1.00	    657.20	    170.90	      2.72	      2.60	     47.60	     45.45	11.84	 1.292e-04	      2.13	0	Gaussian	296.564541	43.947216
42	1	  0.001619	  0.016224	     -1.00	     62.29	    171.41	      2.86	      2.57	     50.04	     44.95	-1.23	 2.512e-04	      2.17	0	Gaussian	292.736625	43.844317
43	1	  0.001632	  0.017078	     -1.00	    621.41	    741.05	      2.70	      2.57	     47.28	     44.91	89.69	 3.681e-04	      2.18	0	Gaussian	296.270695	46.618962
44	1	  0.001616	  0.017314	     -1.00	    578.96	     16.95	      2.72	      2.51	     47.67	     43.97	15.86	 3.716e-04	      2.18	0	Gaussian	296.076680	43.217616
45	1	  0.001574	  0.016580	     -1.00	    329.19	    453.35	      2.73	      2.55	     47.73	     44.64	9.86	 1.848e-04	      2.21	0	Gaussian	294.373835	45.225986
46	1	  0.001567	  0.017333	     -1.00	    759.49	    366.63	      2.72	      2.40	     47.60	     41.94	3.71	 1.772e-04	      2.23	0	Gaussian	297.221734	44.872978
47	1	  0.001543	  0.014831	     -1.00	    211.80	    428.39	      2.80	      2.54	     49.04	     44.42	4.08	 1.568e-04	      2.31	0	Gaussian	293.611737	45.082601
48	1	  0.001506	  0.014796	     -1.00	    733.48	    432.00	      2.70	      2.55	     47.20	     44.57	-7.92	 1.332e-04	      2.34	0	Gaussian	297.046961	45.178918
49	1	  0.001519	  0.015059	     -1.00	    503.29	    727.54	      2.73	      2.49	     47.77	     43.63	-7.16	 1.372e-04	      2.35	0	Gaussian	295.473521	46.539748
50	1	  0.001662	  0.013985	     -1.00	     50.47	    279.40	      2.81	      2.57	     49.17	     44.91	4.21	 4.286e-04	      2.36	0	Gaussian	292.619426	44.344023
51	1	  0.001539	  0.012895	     -1.00	    292.57	     92.17	      2.86	      2.71	     50.04	     47.49	13.40	 1.164e-04	      2.36	0	Gaussian	294.231391	43.529309
52	1	  0.001519	  0.013604	     -1.00	    453.02	     31.31	      2.86	      2.55	     50.11	     44.61	10.06	 1.304e-04	      2.37	0	Gaussian	295.269519	43.270796
53	1	  0.001562	  0.013504	     -1.00	    313.25	     56.97	      2.69	      2.67	     47.09	     46.81	-49.36	 2.385e-04	      2.39	0	Gaussian	294.372385	43.368509
54	1	  0.001511	  0.014359	     -1.00	    242.68	    368.66	      2.71	      2.48	     47.40	     43.35	3.88	 1.400e-04	      2.41	0	Gaussian	293.831632	44.811201
55	1	  0.001546	  0.013379	     -1.00	    602.34	    197.33	      2.81	      2.57	     49.12	     44.97	13.63	 1.582e-04	      2.41	0	Gaussian	296.205965	44.066984
56	1	  0.001505	  0.012862	     -1.00	     84.30	    194.67	      2.83	      2.58	     49.56	     45.12	5.14	 1.447e-04	      2.43	0	Gaussian	292.868384	43.958864
57	1	  0.001504	  0.012300	     -1.00	    444.24	    549.00	      2.76	      2.74	     48.25	     47.95	-14.74	 1.179e-04	      2.44	0	Gaussian	295.112036	45.695100
58	1	  0.001563	  0.013357	     -1.00	    329.54	     20.64	      2.78	      2.52	     48.67	     44.17	7.74	 1.734e-04	      2.44	0	Gaussian	294.485081	43.201434
59	1	  0.001514	  0.013640	     -1.00	    285.86	    750.71	      2.67	      2.54	     46.69	     44.49	11.87	 1.394e-04	      2.45	0	Gaussian	294.003450	46.604004
60	1	  0.001510	  0.013467	     -1.00	    695.09	    362.04	      2.74	      2.46	     47.89	     43.02	-0.64	 9.713e-05	      2.47	0	Gaussian	296.797358	44.847996
61	1	  0.001523	  0.013264	     -1.00	    597.25	    246.59	      2.77	      2.47	     48.49	     43.28	-0.28	 1.217e-04	      2.48	0	Gaussian	296.167165	44.297836
62	1	  0.001512	  0.012286	     -1.00	     50.09	    524.48	      2.77	      2.53	     48.46	     44.31	4.78	 1.341e-04	      2.52	0	Gaussian	292.519195	45.484609
63	1	  0.001556	  0.011227	     -1.00	    320.89	    344.07	      2.78	      2.75	     48.62	     48.09	12.03	 1.777e-04	      2.54	0	Gaussian	294.347950	44.713339
64	1	  0.001556	  0.011953	     -1.00	    558.30	    201.01	      2.69	      2.61	     47.15	     45.65	-80.50	 1.450e-04	      2.56	0	Gaussian	295.919769	44.079848
65	1	  0.001518	  0.011140	     -1.00	    144.02	    132.72	      2.84	      2.62	     49.73	     45.94	6.49	 1.220e-04	      2.57	0	Gaussian	293.271494	43.685632
66	1	  0.001539	  0.011745	     -1.00	    230.69	    194.35	      2.77	      2.56	     48.45	     44.75	3.06	 1.354e-04	      2.57	0	Gaussian	293.806318	43.994102
67	1	  0.001529	  0.012634	     -1.00	    707.16	    580.67	      2.64	      2.44	     46.16	     42.65	-7.66	 1.087e-04	      2.58	0	Gaussian	296.863034	45.875239
68	1	  0.001751	  0.012974	     -1.00	    645.12	    377.77	      2.62	      2.37	     45.85	     41.45	18.16	 1.631e-03	      2.59	0	Gaussian	296.466808	44.918119
69	1	  0.001592	  0.010970	     -1.00	     15.05	    219.74	      2.79	      2.60	     48.75	     45.50	9.31	 1.639e-04	      2.61	0	Gaussian	292.416306	44.055629
70	1	  0.001530	  0.010505	     -1.00	    441.06	    336.74	      2.76	      2.53	     48.25	     44.29	10.63	 1.540e-04	      2.70	0	Gaussian	295.133763	44.700778
71	1	  0.001514	  0.009883	     -1.00	    337.23	    314.44	      2.87	      2.56	     50.24	     44.75	-6.60	 1.107e-04	      2.71	0	Gaussian	294.461861	44.577993
72	1	  0.001621	  0.010401	     -1.00	    472.48	    563.38	      2.86	      2.42	     50.07	     42.29	-9.19	 2.592e-04	      2.72	0	Gaussian	295.297057	45.767030
73	1	  0.001573	  0.010575	     -1.00	    301.83	    646.67	      2.73	      2.51	     47.73	     44.01	5.99	 1.808e-04	      2.72	0	Gaussian	294.140369	46.122763
74	1	  0.001601	  0.009161	     -1.00	    151.68	    639.07	      2.88	      2.72	     50.41	     47.60	17.08	 2.497e-04	      2.73	0	Gaussian	293.144478	46.048377
75	1	  0.001517	  0.010283	     -1.00	      8.88	    647.68	      2.68	      2.60	     46.98	     45.51	22.73	 1.097e-04	      2.73	0	Gaussian	292.196613	46.043500
76	1	  0.001520	  0.011135	     -1.00	    706.91	    310.59	      2.62	      2.45	     45.94	     42.80	5.45	 1.004e-04	      2.73	0	Gaussian	296.878426	44.606964
77	1	  0.001528	  0.009334	     -1.00	    130.08	    481.94	      2.75	      2.75	     48.09	     48.09	-4.89	 1.322e-04	      2.74	0	Gaussian	293.059080	45.310530
78	1	  0.001542	  0.010160	     -1.00	    262.86	    382.49	      2.79	      2.52	     48.90	     44.16	-0.88	 1.364e-04	      2.74	0	Gaussian	293.959049	44.880433
79	1	  0.001584	  0.010054	     -1.00	    531.96	    405.69	      2.74	      2.53	     47.91	     44.36	2.83	 2.398e-04	      2.75	0	Gaussian	295.717928	45.037030
80	1	  0.001858	  0.011949	     -1.00	    619.59	    604.44	      2.54	      2.30	     44.40	     40.32	-2.73	 1.491e-03	      2.76	0	Gaussian	296.273749	45.978973
81	1	  0.001514	  0.008968	     -1.00	    329.87	    110.75	      2.91	      2.64	     50.86	     46.23	8.44	 9.771e-05	      2.77	0	Gaussian	294.465061	43.623332
82	1	  0.001567	  0.009777	     -1.00	    264.68	    144.48	      2.85	      2.49	     49.86	     43.60	3.60	 1.577e-04	      2.77	0	Gaussian	294.038760	43.768313
83	1	  0.001548	  0.009220	     -1.00	    134.69	    241.76	      2.81	      2.65	     49.22	     46.42	5.94	 1.342e-04	      2.78	0	Gaussian	293.174372	44.192047
84	1	  0.001534	  0.007955	     -1.00	    345.43	    224.05	      3.06	      2.76	     53.64	     48.33	78.58	 1.001e-04	      2.79	0	Gaussian	294.537371	44.156572
85	1	  0.001514	  0.009269	     -1.00	     75.31	    549.91	      2.74	      2.64	     48.02	     46.17	2.92	 1.021e-04	      2.81	0	Gaussian	292.674317	45.610746
86	1	  0.001527	  0.008278	     -1.00	     14.92	     35.06	      2.83	      2.82	     49.57	     49.29	26.45	 1.073e-04	      2.81	0	Gaussian	292.489291	43.195613
87	1	  0.001512	  0.009312	     -1.00	    604.09	    725.15	      2.72	      2.58	     47.53	     45.10	-36.56	 1.192e-04	      2.82	0	Gaussian	296.155296	46.542538
88	1	  0.001761	  0.009900	     -1.00	    525.71	    117.80	      2.67	      2.48	     46.66	     43.42	4.65	 8.268e-04	      2.83	0	Gaussian	295.721103	43.685662
89	1	  0.001511	  0.008178	     -1.00	    427.86	    349.53	      2.98	      2.65	     52.12	     46.44	7.45	 9.002e-05	      2.84	0	Gaussian	295.044924	44.758566
90	1	  0.001525	  0.008698	     -1.00	    482.88	    590.91	      2.78	      2.69	     48.65	     47.05	-0.18	 1.083e-04	      2.84	0	Gaussian	295.361231	45.897530
91	1	  0.001652	  0.009357	     -1.00	     87.50	    740.51	      2.70	      2.55	     47.30	     44.56	-8.54	 4.801e-04	      2.85	0	Gaussian	292.679227	46.500512
92	1	  0.001504	  0.008075	     -1.00	    284.25	    197.16	      2.92	      2.68	     51.09	     46.95	13.97	 1.086e-04	      2.85	0	Gaussian	294.149862	44.018743
93	1	  0.001514	  0.004848	     -1.00	    530.15	    539.99	      5.00	      2.60	     87.56	     45.59	-9.82	 2.076e-04	      2.86	0	Gaussian	295.684992	45.666145
94	1	  0.001517	  0.005775	     -1.00	     86.78	    223.38	      3.76	      2.87	     65.78	     50.28	65.39	 9.316e-05	      2.87	0	Gaussian	292.873663	44.093381
95	1	  0.001536	  0.008579	     -1.00	    252.63	    307.57	      2.80	      2.55	     49.01	     44.63	3.95	 1.097e-04	      2.90	0	Gaussian	293.914413	44.528098
96	1	  0.001628	  0.003111	     -1.00	    279.61	     76.03	      6.97	      2.77	    122.05	     48.48	46.25	 5.791e-04	      2.91	0	Gaussian	294.152982	43.451212
97	1	  0.001571	  0.007635	     -1.00	    632.29	     75.09	      2.86	      2.76	     50.09	     48.39	38.50	 2.855e-04	      2.91	0	Gaussian	296.412424	43.495145
98	1	  0.001516	  0.007832	     -1.00	    370.09	    162.10	      2.90	      2.57	     50.84	     44.95	4.94	 1.371e-04	      2.94	0	Gaussian	294.710969	43.870945
99	1	  0.001606	  0.008722	     -1.00	    733.15	    127.36	      2.67	      2.47	     46.66	     43.19	13.79	 3.156e-04	      2.96	0	Gaussian	297.059556	43.746698
100	1	  0.001533	  0.007208	     -1.00	    418.97	    435.92	      2.96	      2.67	     51.83	     46.78	13.81	 1.150e-04	      2.98	0	Gaussian	294.968447	45.161560
101	1	  0.001550	  0.006906	     -1.00	     31.71	    531.86	      2.88	      2.86	     50.37	     50.08	26.42	 1.225e-04	      2.98	0	Gaussian	292.395875	45.513038
102	1	  0.001509	  0.008175	     -1.00	    778.02	    782.64	      2.76	      2.50	     48.22	     43.83	-7.42	 9.173e-05	      2.99	0	Gaussian	297.333088	46.826552
103	1	  0.001732	  0.008553	     -1.00	    734.49	    373.06	      2.66	      2.45	     46.49	     42.86	-6.02	 5.569e-04	      2.99	0	Gaussian	297.056507	44.902066
104	1	  0.001517	  0.007677	     -1.00	    214.36	    752.76	      2.85	      2.59	     49.83	     45.40	-7.61	 1.140e-04	      2.99	0	Gaussian	293.522902	46.595087
105	1	  0.001503	  0.008139	     -1.00	    778.41	    592.36	      2.76	      2.51	     48.29	     43.87	-3.22	 7.394e-05	      3.00	0	Gaussian	297.340816	45.934178
106	1	  0.001485	  0.006958	     -1.00	    645.92	    687.46	      3.05	      2.63	     53.38	     46.05	-29.46	 7.408e-05	      3.00	0	Gaussian	296.442232	46.370654
107	1	  0.001576	  0.000965	     -1.00	    337.84	    704.31	     11.31	      5.11	    197.88	     89.44	10.19	 1.458e-04	      3.00	0	Gaussian	294.365372	46.399812
108	1	  0.001491	  0.007895	     -1.00	    681.28	    206.55	      2.83	      2.52	     49.46	     44.11	1.98	 7.738e-05	      3.00	0	Gaussian	296.718080	44.116411
109	1	  0.001517	  0.007628	     -1.00	    549.93	    700.16	      2.71	      2.63	     47.43	     46.01	-16.45	 8.037e-05	      3.03	0	Gaussian	295.792748	46.418644
110	1	  0.001565	  0.006603	     -1.00	     70.10	    126.32	      3.01	      2.73	     52.63	     47.86	32.23	 1.816e-04	      3.03	0	Gaussian	292.803337	43.636352
111	1	  0.001583	  0.004367	     -1.00	     22.82	    690.75	      4.39	      2.69	     76.82	     47.14	12.58	 4.365e-04	      3.07	0	Gaussian	292.270100	46.248136
112	1	  0.001924	  0.008564	     -1.00	    661.81	    131.37	      2.61	      2.35	     45.71	     41.08	-3.38	 2.173e-03	      3.07	0	Gaussian	296.597699	43.761762
113	1	  0.001534	  0.008103	     -1.00	    736.62	    491.62	      2.64	      2.43	     46.21	     42.55	-3.67	 1.622e-04	      3.08	0	Gaussian	297.064881	45.459135
114	1	  0.001501	  0.007175	     -1.00	    561.11	    183.47	      2.84	      2.56	     49.70	     44.78	6.35	 8.084e-05	      3.08	0	Gaussian	295.940306	43.997800
115	1	  0.001506	  0.007257	     -1.00	    367.77	    771.34	      2.79	      2.58	     48.77	     45.19	-4.82	 7.638e-05	      3.08	0	Gaussian	294.549339	46.718984
116	1	  0.001516	  0.006516	     -1.00	     32.22	    713.47	      2.87	      2.73	     50.28	     47.84	2.16	 9.609e-05	      3.09	0	Gaussian	292.322720	46.356762
117	1	  0.001522	  0.006497	     -1.00	    209.44	     10.49	      2.95	      2.68	     51.71	     46.85	14.90	 1.192e-04	      3.10	0	Gaussian	293.726024	43.130126
118	1	  0.001596	  0.006764	     -1.00	    279.80	     86.37	      2.85	      2.64	     49.89	     46.21	8.18	 3.719e-04	      3.11	0	Gaussian	294.151408	43.499621
119	1	  0.001573	  0.007022	     -1.00	    656.24	    406.79	      2.73	      2.60	     47.87	     45.43	-3.71	 1.267e-04	      3.12	0	Gaussian	296.537509	45.055268
120	1	  0.001621	  0.006317	     -1.00	    397.88	    511.43	      2.79	      2.78	     48.78	     48.70	-1.48	 3.559e-04	      3.12	0	Gaussian	294.812712	45.511068
121	1	  0.001518	  0.006632	     -1.00	    229.33	    223.72	      2.89	      2.62	     50.50	     45.87	5.05	 9.593e-05	      3.13	0	Gaussian	293.788821	44.131001
122	1	  0.001523	  0.006747	     -1.00	    557.53	    336.24	      2.80	      2.59	     49.00	     45.26	-7.20	 9.232e-05	      3.15	0	Gaussian	295.896099	44.714414
123	1	  0.001606	  0.006912	     -1.00	    255.39	    765.64	      2.77	      2.55	     48.54	     44.58	5.01	 2.736e-04	      3.15	0	Gaussian	293.794113	46.665891
124	1	  0.001524	  0.006693	     -1.00	    156.46	    651.56	      2.79	      2.61	     48.84	     45.63	0.55	 1.298e-04	      3.15	0	Gaussian	293.171677	46.107911
125	1	  0.001576	  0.006299	     -1.00	    683.47	    130.65	      2.93	      2.63	     51.35	     46.09	-17.89	 1.830e-04	      3.15	0	Gaussian	296.737847	43.759720
126	1	  0.001646	  0.007208	     -1.00	    496.41	    323.73	      2.73	      2.47	     47.85	     43.28	5.31	 3.101e-04	      3.15	0	Gaussian	295.497918	44.647995
127	1	  0.001492	  0.005504	     -1.00	    549.02	    608.04	      3.27	      2.66	     57.26	     46.53	-0.41	 6.439e-05	      3.16	0	Gaussian	295.800492	45.987357
128	1	  0.001526	  0.006430	     -1.00	    534.94	    784.67	      2.83	      2.62	     49.47	     45.81	1.17	 1.059e-04	      3.17	0	Gaussian	295.678168	46.811647
129	1	  0.001667	  0.006876	     -1.00	    661.21	    721.30	      2.83	      2.49	     49.52	     43.53	-12.61	 4.353e-04	      3.17	0	Gaussian	296.542460	46.530614
130	1	  0.001485	  0.006267	     -1.00	     95.87	    354.49	      2.89	      2.65	     50.50	     46.35	1.37	 6.744e-05	      3.18	0	Gaussian	292.883366	44.707006
131	1	  0.001513	  0.006582	     -1.00	    574.64	    769.31	      2.77	      2.58	     48.40	     45.17	-6.29	 1.072e-04	      3.19	0	Gaussian	295.949909	46.745435
132	1	  0.001522	  0.006738	     -1.00	    717.84	    762.31	      2.73	      2.56	     47.81	     44.85	-4.21	 7.581e-05	      3.19	0	Gaussian	296.923851	46.727530
133	1	  0.001520	  0.006079	     -1.00	    761.59	    412.80	      3.00	      2.55	     52.59	     44.58	-10.04	 9.819e-05	      3.20	0	Gaussian	297.234053	45.090050
134	1	  0.001505	  0.004235	     -1.00	     49.06	    605.43	      3.64	      2.89	     63.77	     50.58	44.64	 8.468e-05	      3.23	0	Gaussian	292.479323	45.860598
135	1	  0.001498	  0.003004	     -1.00	    444.73	    388.13	      5.60	      2.61	     97.95	     45.60	11.41	 1.372e-04	      3.24	0	Gaussian	295.147578	44.942079
136	1	  0.001501	  0.004860	     -1.00	    342.46	    400.74	      3.35	      2.72	     58.57	     47.68	-12.68	 8.704e-05	      3.24	0	Gaussian	294.474338	44.982711
137	1	  0.001581	  0.006410	     -1.00	    568.84	    270.49	      2.83	      2.48	     49.51	     43.39	-0.21	 2.610e-04	      3.25	0	Gaussian	295.978942	44.407132
138	1	  0.001490	  0.005960	     -1.00	    661.06	    358.20	      2.82	      2.60	     49.43	     45.57	-28.45	 7.309e-05	      3.25	0	Gaussian	296.573586	44.827488
139	1	  0.001522	  0.005742	     -1.00	    624.43	    198.87	      2.97	      2.57	     51.94	     45.04	3.20	 1.210e-04	      3.27	0	Gaussian	296.349231	44.076133
140	1	  0.001511	  0.005315	     -1.00	    340.00	    341.68	      2.89	      2.72	     50.51	     47.54	-10.94	 9.419e-05	      3.29	0	Gaussian	294.473123	44.706011
141	1	  0.001535	  0.005790	     -1.00	    216.98	    622.58	      2.84	      2.55	     49.77	     44.72	-7.98	 9.478e-05	      3.29	0	Gaussian	293.583261	45.989558
142	1	  0.001515	  0.005639	     -1.00	    465.99	    377.65	      2.86	      2.60	     50.08	     45.54	-0.54	 9.582e-05	      3.30	0	Gaussian	295.289098	44.896311
143	1	  0.001509	  0.005687	     -1.00	    509.05	    367.30	      2.83	      2.62	     49.47	     45.77	-6.48	 6.599e-05	      3.30	0	Gaussian	295.573407	44.854010
144	1	  0.001553	  0.005768	     -1.00	    591.16	     46.29	      2.85	      2.58	     49.89	     45.08	15.39	 1.681e-04	      3.31	0	Gaussian	296.151268	43.356514
145	1	  0.001529	  0.005210	     -1.00	    201.80	    142.12	      2.92	      2.80	     51.18	     49.04	35.84	 1.247e-04	      3.31	0	Gaussian	293.637173	43.743448
146	1	  0.001499	  0.005571	     -1.00	    478.48	    604.89	      2.92	      2.59	     51.07	     45.25	5.48	 6.608e-05	      3.31	0	Gaussian	295.329243	45.962228
147	1	  0.001487	  0.001677	     -1.00	     46.31	    208.40	      6.70	      3.62	    117.33	     63.28	68.44	 8.836e-05	      3.34	0	Gaussian	292.620458	44.012117
148	1	  0.001545	  0.005195	     -1.00	    431.10	    735.48	      2.96	      2.69	     51.87	     47.02	-18.03	 2.455e-04	      3.34	0	Gaussian	294.984954	46.564389
149	1	  0.001482	  0.005371	     -1.00	    474.05	    353.37	      2.87	      2.62	     50.19	     45.79	13.58	 5.945e-05	      3.35	0	Gaussian	295.346380	44.783744
150	1	  0.001538	  0.005176	     -1.00	     12.29	    701.29	      2.83	      2.72	     49.58	     47.64	-6.89	 1.188e-04	      3.37	0	Gaussian	292.195776	46.293434
151	1	  0.001513	  0.004725	     -1.00	    239.02	     30.13	      2.90	      2.86	     50.84	     50.12	-54.35	 9.320e-05	      3.37	0	Gaussian	293.907715	43.228264
152	1	  0.001501	  0.004390	     -1.00	    138.32	    174.20	      3.21	      2.74	     56.16	     48.01	-5.56	 8.477e-05	      3.38	0	Gaussian	293.220979	43.877770
153	1	  0.001584	  0.005412	     -1.00	    572.33	    542.91	      2.75	      2.63	     48.08	     46.03	1.04	 1.681e-04	      3.39	0	Gaussian	295.965495	45.685258
154	1	  0.001463	  0.001319	     -1.00	    448.83	    672.65	     10.27	      2.98	    179.76	     52.10	-22.06	 1.100e-04	      3.40	0	Gaussian	295.117427	46.274072
155	1	  0.001506	  0.004601	     -1.00	    248.12	    234.96	      2.92	      2.84	     51.05	     49.64	-47.95	 7.483e-05	      3.41	0	Gaussian	293.906520	44.187779
156	1	  0.001517	  0.004780	     -1.00	    343.03	    290.30	      2.91	      2.70	     51.01	     47.27	21.08	 6.347e-05	      3.42	0	Gaussian	294.505575	44.466175
157	1	  0.001493	  0.005289	     -1.00	    788.72	    360.37	      2.79	      2.55	     48.91	     44.67	-5.55	 6.505e-05	      3.43	0	Gaussian	297.414803	44.844599
158	1	  0.001529	  0.004687	     -1.00	    549.33	    459.55	      2.96	      2.73	     51.78	     47.87	5.70	 6.934e-05	      3.43	0	Gaussian	295.824486	45.291700
159	1	  0.001523	  0.003852	     -1.00	    628.19	    703.45	      3.30	      2.90	     57.73	     50.77	-14.82	 1.126e-04	      3.44	0	Gaussian	296.320744	46.443683
160	1	  0.001512	  0.004944	     -1.00	     61.81	    742.27	      2.89	      2.61	     50.63	     45.76	-7.61	 9.073e-05	      3.45	0	Gaussian	292.507307	46.500366
161	1	  0.001543	  0.005193	     -1.00	    766.68	    577.61	      2.83	      2.52	     49.53	     44.18	-0.10	 1.094e-04	      3.45	0	Gaussian	297.262450	45.864407
162	1	  0.001485	  0.004865	     -1.00	    665.83	    646.12	      2.87	      2.66	     50.30	     46.58	5.52	 6.752e-05	      3.45	0	Gaussian	296.580343	46.178820
163	1	  0.001496	  0.004755	     -1.00	    325.60	    279.95	      2.95	      2.59	     51.70	     45.34	-4.88	 6.134e-05	      3.45	0	Gaussian	294.395063	44.414355
164	1	  0.001521	  0.004850	     -1.00	    744.79	     64.39	      2.89	      2.64	     50.66	     46.16	-2.26	 1.087e-04	      3.46	0	Gaussian	297.137521	43.450904
165	1	  0.001562	  0.004906	     -1.00	    563.12	    553.14	      2.77	      2.68	     48.42	     46.90	-16.45	 1.524e-04	      3.46	0	Gaussian	295.902680	45.732048
166	1	  0.001547	  0.004633	     -1.00	     91.72	    409.40	      2.99	      2.65	     52.26	     46.41	-2.47	 1.146e-04	      3.46	0	Gaussian	292.835841	44.961612
167	1	  0.001481	  0.004895	     -1.00	    274.44	    543.38	      2.88	      2.59	     50.33	     45.33	-1.36	 5.198e-05	      3.47	0	Gaussian	293.988221	45.634429
168	1	  0.001592	  0.002693	     -1.00	    325.11	     76.66	      5.10	      2.63	     89.26	     45.98	-24.47	 3.359e-04	      3.47	0	Gaussian	294.443092	43.462857
169	1	  0.001506	  0.004756	     -1.00	    520.69	    166.23	      2.88	      2.64	     50.42	     46.18	4.25	 5.912e-05	      3.48	0	Gaussian	295.681293	43.912340
170	1	  0.001521	  0.004309	     -1.00	    264.19	    470.16	      2.95	      2.84	     51.57	     49.76	7.71	 6.972e-05	      3.48	0	Gaussian	293.942104	45.290227
171	1	  0.001503	  0.004538	     -1.00	    213.47	    127.03	      2.93	      2.60	     51.29	     45.53	-35.44	 7.103e-05	      3.49	0	Gaussian	293.716368	43.675628
172	1	  0.001586	  0.004053	     -1.00	    372.54	    205.95	      3.22	      2.76	     56.34	     48.23	4.02	 1.824e-04	      3.49	0	Gaussian	294.716734	44.076748
173	1	  0.001508	  0.003550	     -1.00	    106.16	    648.19	      3.37	      2.95	     58.93	     51.63	35.40	 6.980e-05	      3.50	0	Gaussian	292.839430	46.077335
174	1	  0.001485	  0.004523	     -1.00	    395.86	    170.36	      2.96	      2.68	     51.86	     46.89	2.07	 6.376e-05	      3.50	0	Gaussian	294.875030	43.914011
175	1	  0.001493	  0.004337	     -1.00	    124.58	    195.95	      2.96	      2.72	     51.76	     47.68	-10.91	 6.318e-05	      3.51	0	Gaussian	293.125542	43.975677
176	1	  0.001526	  0.004792	     -1.00	    501.54	    679.84	      2.80	      2.61	     49.00	     45.67	-5.14	 9.597e-05	      3.51	0	Gaussian	295.470183	46.316471
177	1	  0.001495	  0.004019	     -1.00	     49.57	    357.90	      3.02	      2.83	     52.81	     49.59	5.71	 6.266e-05	      3.54	0	Gaussian	292.582701	44.709297
178	1	  0.001476	  0.004165	     -1.00	    759.67	    683.01	      2.86	      2.78	     50.11	     48.72	-8.64	 5.733e-05	      3.54	0	Gaussian	297.211537	46.358564
179	1	  0.001520	  0.003423	     -1.00	    226.95	    610.67	      3.72	      2.65	     65.10	     46.41	5.30	 1.163e-04	      3.54	0	Gaussian	293.653261	45.936632
180	1	  0.001520	  0.003605	     -1.00	    361.91	    248.87	      3.43	      2.71	     59.97	     47.43	-0.33	 1.266e-04	      3.55	0	Gaussian	294.637973	44.275806
181	1	  0.001526	  0.002861	     -1.00	    337.90	    725.15	      3.98	      2.96	     69.63	     51.85	-35.73	 1.147e-04	      3.55	0	Gaussian	294.360243	46.497063
182	1	  0.001494	  0.004376	     -1.00	    650.81	    276.93	      2.86	      2.71	     50.14	     47.42	-11.42	 8.207e-05	      3.55	0	Gaussian	296.513559	44.444963
183	1	  0.001484	  0.004414	     -1.00	    442.01	    566.39	      2.90	      2.62	     50.72	     45.81	6.37	 5.222e-05	      3.55	0	Gaussian	295.093617	45.776036
184	1	  0.001482	  0.004188	     -1.00	    503.78	    235.16	      2.94	      2.75	     51.49	     48.12	6.33	 4.876e-05	      3.56	0	Gaussian	295.560815	44.233644
185	1	  0.001546	  0.004130	     -1.00	    468.32	    781.15	      2.89	      2.78	     50.62	     48.70	-9.56	 1.137e-04	      3.58	0	Gaussian	295.227041	46.784369
186	1	  0.001577	  0.004475	     -1.00	    575.69	    738.37	      2.76	      2.66	     48.37	     46.54	4.25	 3.139e-04	      3.58	0	Gaussian	295.961309	46.600848
187	1	  0.001519	  0.004712	     -1.00	    593.32	    719.65	      2.80	      2.50	     48.98	     43.82	-4.62	 2.737e-04	      3.58	0	Gaussian	296.083121	46.515485
188	1	  0.001557	  0.004039	     -1.00	    441.99	    721.11	      3.17	      2.49	     55.52	     43.57	-1.81	 2.902e-04	      3.60	0	Gaussian	295.061395	46.499265
189	1	  0.001550	  0.004167	     -1.00	     47.82	     81.56	      2.94	      2.66	     51.45	     46.62	2.56	 2.480e-04	      3.60	0	Gaussian	292.678937	43.421517
190	1	  0.001481	  0.001578	     -1.00	    455.40	    317.92	      6.45	      3.11	    112.96	     54.51	31.64	 7.904e-05	      3.60	0	Gaussian	295.231067	44.614817
191	1	  0.001498	  0.003889	     -1.00	    259.86	    280.57	      3.08	      2.72	     53.83	     47.62	-0.53	 7.067e-05	      3.61	0	Gaussian	293.969077	44.403542
192	1	  0.001547	  0.003988	     -1.00	     52.85	    182.93	      2.95	      2.73	     51.56	     47.80	8.11	 2.499e-04	      3.61	0	Gaussian	292.672060	43.895299
193	1	  0.001515	  0.004075	     -1.00	    695.56	     58.12	      2.90	      2.63	     50.82	     46.05	25.86	 8.915e-05	      3.61	0	Gaussian	296.820902	43.419341
194	1	  0.001485	  0.004007	     -1.00	    439.22	    505.21	      2.89	      2.74	     50.66	     48.02	-4.77	 4.586e-05	      3.62	0	Gaussian	295.087639	45.489330
195	1	  0.001503	  0.004277	     -1.00	    575.45	    636.16	      2.80	      2.63	     48.99	     46.02	-16.57	 6.630e-05	      3.62	0	Gaussian	295.973679	46.122450
196	1	  0.001490	  0.003890	     -1.00	    197.75	     98.08	      3.00	      2.69	     52.51	     47.04	22.85	 5.357e-05	      3.63	0	Gaussian	293.624996	43.536774
197	1	  0.001546	  0.004241	     -1.00	    623.21	    495.88	      2.76	      2.66	     48.32	     46.58	-7.08	 9.293e-05	      3.63	0	Gaussian	296.309866	45.470381
198	1	  0.001489	  0.003998	     -1.00	    689.84	     13.47	      2.91	      2.72	     50.99	     47.53	-11.48	 6.742e-05	      3.63	0	Gaussian	296.787172	43.209095
199	1	  0.001482	  0.004029	     -1.00	    715.95	    362.17	      2.86	      2.70	     50.11	     47.22	-13.33	 6.101e-05	      3.63	0	Gaussian	296.934841	44.849887
200	1	  0.001481	  0.003982	     -1.00	    255.56	     96.44	      2.99	      2.64	     52.30	     46.13	6.59	 5.474e-05	      3.63	0	Gaussian	293.994025	43.541754
201	1	  0.001544	  0.004113	     -1.00	    135.58	    775.30	      2.83	      2.69	     49.45	     47.13	21.03	 1.834e-04	      3.63	0	Gaussian	292.987010	46.677169
202	1	  0.001471	  0.003767	     -1.00	    208.07	    207.80	      2.93	      2.74	     51.32	     48.02	-14.17	 5.005e-05	      3.66	0	Gaussian	293.656953	44.051735
203	1	  0.001559	  0.003674	     -1.00	    593.74	    429.62	      2.97	      2.81	     51.95	     49.11	4.94	 8.283e-05	      3.66	0	Gaussian	296.122199	45.156528
204	1	  0.001578	  0.003876	     -1.00	    317.38	    334.02	      2.86	      2.66	     50.02	     46.59	63.92	 3.409e-04	      3.67	0	Gaussian	294.327733	44.665642
205	1	  0.001516	  0.003140	     -1.00	    694.04	    381.75	      3.54	      2.63	     61.88	     46.01	27.61	 8.814e-05	      3.68	0	Gaussian	296.789090	44.940501
206	1	  0.001503	  0.003523	     -1.00	    459.34	    334.68	      3.02	      2.82	     52.80	     49.33	-25.29	 6.960e-05	      3.69	0	Gaussian	295.253631	44.693986
207	1	  0.001517	  0.003947	     -1.00	    609.23	    623.27	      2.86	      2.64	     50.06	     46.14	-3.68	 8.367e-05	      3.69	0	Gaussian	296.202108	46.066052
208	1	  0.001492	  0.001862	     -1.00	    765.77	    229.52	      5.23	      2.93	     91.53	     51.33	-24.06	 8.902e-05	      3.70	0	Gaussian	297.267561	44.228428
209	1	  0.001490	  0.003776	     -1.00	    149.77	    755.91	      2.86	      2.75	     49.99	     48.16	-39.58	 6.200e-05	      3.70	0	Gaussian	293.089168	46.591307
210	1	  0.001552	  0.003853	     -1.00	    323.98	    358.65	      2.88	      2.61	     50.47	     45.69	-0.50	 1.469e-04	      3.71	0	Gaussian	294.364308	44.782190
211	1	  0.001552	  0.004214	     -1.00	    735.13	    393.43	      2.76	      2.49	     48.31	     43.57	2.00	 1.168e-04	      3.71	0	Gaussian	297.059760	44.997816
212	1	  0.001495	  0.003384	     -1.00	    168.01	    333.01	      3.08	      2.75	     53.97	     48.15	2.39	 6.095e-05	      3.72	0	Gaussian	293.358053	44.626449
213	1	  0.001516	  0.000445	     -1.00	    510.88	    439.02	     15.01	      4.28	    262.70	     74.97	-23.10	 1.197e-04	      3.73	0	Gaussian	295.573610	45.190434
214	1	  0.001529	  0.003786	     -1.00	    272.81	    773.47	      2.92	      2.60	     51.10	     45.55	-3.03	 1.471e-04	      3.73	0	Gaussian	293.908856	46.706807
215	1	  0.001654	  0.003898	     -1.00	    265.48	    762.97	      2.81	      2.57	     49.10	     44.95	-5.03	 3.611e-04	      3.73	0	Gaussian	293.862777	46.656050
216	1	  0.001574	  0.003396	     -1.00	    356.57	     20.36	      3.16	      2.62	     55.39	     45.89	9.46	 1.997e-04	      3.74	0	Gaussian	294.657048	43.204776
217	1	  0.001554	  0.003796	     -1.00	    391.89	     36.05	      2.81	      2.68	     49.12	     46.87	-52.30	 1.310e-04	      3.75	0	Gaussian	294.878561	43.284040
218	1	  0.001488	  0.003716	     -1.00	    725.16	    210.43	      2.94	      2.60	     51.46	     45.55	3.40	 5.203e-05	      3.75	0	Gaussian	297.003537	44.137057
219	1	  0.001531	  0.003558	     -1.00	     49.85	     16.87	      2.91	      2.74	     50.95	     47.98	4.35	 1.166e-04	      3.75	0	Gaussian	292.716326	43.120631
220	1	  0.001480	  0.001295	     -1.00	    779.44	    410.17	      6.07	      3.53	    106.19	     61.78	69.02	 9.600e-05	      3.76	0	Gaussian	297.352307	45.078398
221	1	  0.001503	  0.001109	     -1.00	    451.48	    258.75	      7.62	      3.30	    133.43	     57.68	5.08	 1.046e-04	      3.76	0	Gaussian	295.216858	44.336937
222	1	  0.001485	  0.003365	     -1.00	    113.22	     93.33	      2.95	      2.81	     51.71	     49.11	7.44	 6.121e-05	      3.76	0	Gaussian	293.089112	43.493988
223	1	  0.001489	  0.003316	     -1.00	    246.45	     55.88	      3.12	      2.68	     54.53	     46.97	13.92	 6.342e-05	      3.76	0	Gaussian	293.947519	43.350240
224	1	  0.001532	  0.003710	     -1.00	     45.37	     91.27	      2.88	      2.61	     50.39	     45.65	0.96	 2.518e-04	      3.77	0	Gaussian	292.659729	43.466095
225	1	  0.001478	  0.003080	     -1.00	    646.79	    668.50	      3.08	      2.89	     53.90	     50.53	40.27	 6.656e-05	      3.78	0	Gaussian	296.449933	46.281932
226	1	  0.001642	  0.003900	     -1.00	    476.86	    507.09	      2.67	      2.60	     46.73	     45.51	17.52	 3.277e-04	      3.78	0	Gaussian	295.336673	45.504275
227	1	  0.001535	  0.003558	     -1.00	    407.73	    362.43	      2.94	      2.60	     51.41	     45.52	-9.34	 1.490e-04	      3.79	0	Gaussian	294.910532	44.815597
228	1	  0.001481	  0.003260	     -1.00	     72.18	    377.84	      2.95	      2.81	     51.64	     49.20	-15.15	 5.053e-05	      3.80	0	Gaussian	292.721119	44.808923
229	1	  0.001474	  0.003388	     -1.00	    123.28	    212.52	      3.01	      2.66	     52.74	     46.54	1.55	 4.585e-05	      3.80	0	Gaussian	293.111352	44.052640
230	1	  0.001522	  0.003518	     -1.00	    205.94	    617.22	      2.81	      2.70	     49.21	     47.26	-13.07	 1.262e-04	      3.80	0	Gaussian	293.511760	45.961634
231	1	  0.001547	  0.003540	     -1.00	    125.20	    744.88	      2.81	      2.69	     49.24	     47.08	-23.42	 1.801e-04	      3.80	0	Gaussian	292.929053	46.532608
232	1	  0.001503	  0.003340	     -1.00	    421.14	    700.02	      2.78	      2.77	     48.58	     48.57	-11.06	 6.351e-05	      3.81	0	Gaussian	294.925624	46.396919
233	1	  0.001499	  0.003302	     -1.00	    333.03	    666.96	      3.00	      2.62	     52.57	     45.92	-13.66	 4.688e-05	      3.81	0	Gaussian	294.343090	46.224485
234	1	  0.001519	  0.003142	     -1.00	      6.55	    621.33	      3.08	      2.75	     53.89	     48.10	-17.98	 6.909e-05	      3.81	0	Gaussian	292.192715	45.920363
235	1	  0.001500	  0.002801	     -1.00	    306.51	    563.86	      3.09	      3.09	     54.06	     54.00	-5.88	 7.051e-05	      3.81	0	Gaussian	294.194566	45.737385
236	1	  0.001499	  0.003265	     -1.00	     76.10	    759.62	      2.95	      2.73	     51.58	     47.84	-14.99	 6.863e-05	      3.83	0	Gaussian	292.595518	46.585562
237	1	  0.001506	  0.003280	     -1.00	    422.46	    620.74	      2.98	      2.69	     52.15	     47.01	-0.98	 1.161e-04	      3.83	0	Gaussian	294.951849	46.026723
238	1	  0.001530	  0.002774	     -1.00	    586.42	    126.60	      3.53	      2.56	     61.79	     44.88	-5.87	 2.628e-04	      3.84	0	Gaussian	296.111251	43.733316
239	1	  0.001534	  0.003491	     -1.00	    558.20	    365.18	      2.75	      2.65	     48.12	     46.38	4.16	 9.518e-05	      3.84	0	Gaussian	295.896465	44.850274
240	1	  0.001510	  0.003342	     -1.00	    168.22	    752.20	      2.89	      2.71	     50.52	     47.35	1.89	 7.096e-05	      3.84	0	Gaussian	293.213997	46.579459
241	1	  0.001508	  0.003303	     -1.00	    516.40	    487.91	      2.96	      2.65	     51.80	     46.30	0.21	 7.201e-05	      3.85	0	Gaussian	295.602084	45.420246
242	1	  0.001512	  0.003438	     -1.00	    633.91	    794.74	      2.85	      2.64	     49.90	     46.30	-9.95	 6.179e-05	      3.85	0	Gaussian	296.349760	46.871529
243	1	  0.001476	  0.003359	     -1.00	    486.80	    645.14	      2.86	      2.68	     50.05	     46.99	2.83	 5.180e-05	      3.85	0	Gaussian	295.377438	46.151841
244	1	  0.001477	  0.003049	     -1.00	    280.94	    233.38	      3.09	      2.77	     54.11	     48.48	-13.83	 4.046e-05	      3.85	0	Gaussian	294.118578	44.187438
245	1	  0.001524	  0.003464	     -1.00	    307.06	    692.27	      2.76	      2.61	     48.31	     45.71	18.70	 8.840e-05	      3.85	0	Gaussian	294.162450	46.336704
246	1	  0.001497	  0.003486	     -1.00	    526.25	    552.44	      2.91	      2.54	     50.90	     44.43	-7.46	 5.140e-05	      3.85	0	Gaussian	295.657048	45.723907
247	1	  0.001495	  0.003122	     -1.00	    784.15	     94.53	      3.08	      2.71	     53.95	     47.36	-18.12	 6.773e-05	      3.86	0	Gaussian	297.390580	43.593784
248	1	  0.001497	  0.000843	     -1.00	    548.60	    257.58	      7.46	      3.99	    130.58	     69.90	51.57	 8.201e-05	      3.86	0	Gaussian	295.848848	44.344275
249	1	  0.001504	  0.003138	     -1.00	     45.42	    448.91	      2.92	      2.81	     51.04	     49.17	-3.94	 9.044e-05	      3.86	0	Gaussian	292.519330	45.131599
250	1	  0.001530	  0.003618	     -1.00	    470.98	    793.44	      2.80	      2.48	     48.93	     43.36	-1.17	 6.718e-05	      3.86	0	Gaussian	295.242643	46.842210
251	1	  0.001494	  0.003552	     -1.00	    742.67	    281.50	      2.82	      2.53	     49.37	     44.28	-3.03	 7.046e-05	      3.86	0	Gaussian	297.114539	44.472050
252	1	  0.001496	  0.003006	     -1.00	    573.48	     88.91	      3.14	      2.70	     54.90	     47.30	-1.51	 6.436e-05	      3.86	0	Gaussian	296.032505	43.555087
253	1	  0.001502	  0.003394	     -1.00	    642.66	    740.88	      2.93	      2.51	     51.23	     43.96	-15.73	 6.961e-05	      3.87	0	Gaussian	296.414802	46.620469
254	1	  0.001496	  0.002851	     -1.00	    249.53	    584.45	      3.27	      2.73	     57.20	     47.79	-0.28	 8.338e-05	      3.87	0	Gaussian	293.811107	45.820047
255	1	  0.001522	  0.003083	     -1.00	    413.95	    530.80	      2.93	      2.79	     51.34	     48.90	21.36	 6.494e-05	      3.87	0	Gaussian	294.914796	45.604621
256	1	  0.001521	  0.003018	     -1.00	     76.67	    793.66	      3.02	      2.76	     52.94	     48.38	-8.99	 6.099e-05	      3.88	0	Gaussian	292.585370	46.743755
257	1	  0.001482	  0.001855	     -1.00	    536.82	    361.88	      4.66	      2.87	     81.52	     50.18	-16.97	 6.000e-05	      3.88	0	Gaussian	295.756558	44.832194
258	1	  0.001484	  0.002641	     -1.00	    589.71	    301.47	      3.48	      2.61	     60.97	     45.75	13.17	 6.279e-05	      3.88	0	Gaussian	296.111329	44.554725
259	1	  0.001492	  0.003138	     -1.00	    567.34	    649.03	      2.87	      2.79	     50.27	     48.84	78.64	 7.135e-05	      3.88	0	Gaussian	295.917405	46.181701
260	1	  0.001490	  0.002936	     -1.00	    239.68	     94.33	      3.03	      2.81	     53.01	     49.11	-1.42	 5.583e-05	      3.89	0	Gaussian	293.893320	43.528562
261	1	  0.001523	  0.003078	     -1.00	    655.94	    391.78	      3.04	      2.70	     53.22	     47.23	3.91	 9.987e-05	      3.89	0	Gaussian	296.536903	44.984788
262	1	  0.001487	  0.002996	     -1.00	     36.20	    244.83	      2.97	      2.78	     52.06	     48.74	-14.51	 5.581e-05	      3.89	0	Gaussian	292.541481	44.178786
263	1	  0.001541	  0.003386	     -1.00	    794.79	     83.51	      2.86	      2.53	     50.04	     44.35	-8.31	 8.625e-05	      3.90	0	Gaussian	297.459552	43.542111
264	1	  0.001500	  0.003045	     -1.00	    229.74	    542.54	      3.04	      2.65	     53.18	     46.46	-7.89	 5.172e-05	      3.91	0	Gaussian	293.693297	45.619645
265	1	  0.001514	  0.002947	     -1.00	    146.73	    371.62	      2.95	      2.81	     51.63	     49.23	6.15	 7.632e-05	      3.91	0	Gaussian	293.206877	44.800929
266	1	  0.001624	  0.003059	     -1.00	    318.09	     81.11	      2.84	      2.76	     49.75	     48.25	32.09	 4.033e-04	      3.91	0	Gaussian	294.397164	43.482406
267	1	  0.001479	  0.003261	     -1.00	    741.01	    614.35	      2.80	      2.57	     49.09	     45.01	2.09	 4.437e-05	      3.92	0	Gaussian	297.088505	46.035480
268	1	  0.001557	  0.003001	     -1.00	    405.85	      8.40	      2.97	      2.68	     52.07	     46.99	-4.86	 1.332e-04	      3.94	0	Gaussian	294.973307	43.156632
269	1	  0.001495	  0.003111	     -1.00	    762.81	    668.98	      2.76	      2.74	     48.22	     48.04	-20.17	 5.674e-05	      3.94	0	Gaussian	297.233321	46.292971
270	1	  0.001480	  0.001764	     -1.00	     81.88	    178.80	      4.00	      3.30	     70.01	     57.68	15.31	 5.889e-05	      3.94	0	Gaussian	292.858850	43.884227
271	1	  0.001501	  0.003094	     -1.00	    541.58	    154.72	      2.88	      2.64	     50.41	     46.14	-20.42	 8.652e-05	      3.94	0	Gaussian	295.818009	43.860752
272	1	  0.001511	  0.002903	     -1.00	     75.41	    744.37	      2.99	      2.73	     52.30	     47.73	-9.14	 7.773e-05	      3.94	0	Gaussian	292.597087	46.514551
273	1	  0.001577	  0.002117	     -1.00	    364.47	    742.26	      3.80	      2.81	     66.51	     49.25	48.59	 1.839e-04	      3.95	0	Gaussian	294.534475	46.582652
274	1	  0.001491	  0.002987	     -1.00	    324.88	    755.51	      2.94	      2.69	     51.45	     47.03	-13.38	 5.299e-05	      3.95	0	Gaussian	294.264508	46.635652
275	1	  0.001578	  0.003519	     -1.00	    790.28	    648.69	      2.70	      2.45	     47.34	     42.91	-11.15	 2.417e-04	      3.95	0	Gaussian	297.419464	46.199044
276	1	  0.001500	  0.002922	     -1.00	    669.43	    380.59	      3.01	      2.65	     52.75	     46.32	-0.45	 6.393e-05	      3.96	0	Gaussian	296.626845	44.933282
277	1	  0.001492	  0.003007	     -1.00	    574.60	    382.44	      2.86	      2.70	     50.01	     47.27	-7.80	 6.044e-05	      3.96	0	Gaussian	296.001956	44.933075
278	1	  0.001509	  0.002711	     -1.00	     21.65	    726.02	      2.97	      2.79	     51.98	     48.82	-10.84	 7.382e-05	      3.97	0	Gaussian	292.247072	46.411393
279	1	  0.001490	  0.002534	     -1.00	    311.48	    120.51	      3.16	      2.89	     55.30	     50.60	16.11	 5.823e-05	      3.97	0	Gaussian	294.344924	43.665552
280	1	  0.001497	  0.002836	     -1.00	    126.59	    383.54	      3.04	      2.67	     53.16	     46.69	-9.24	 5.057e-05	      3.97	0	Gaussian	293.071856	44.851021
281	1	  0.001575	  0.003152	     -1.00	    563.85	    157.05	      2.70	      2.66	     47.20	     46.53	67.33	 3.153e-04	      3.97	0	Gaussian	295.961621	43.874057
282	1	  0.001481	  0.002694	     -1.00	    743.21	    228.64	      3.06	      2.80	     53.54	     48.96	16.41	 3.412e-05	      3.98	0	Gaussian	297.120362	44.223458
283	1	  0.001506	  0.001477	     -1.00	    570.43	    613.65	      4.58	      3.32	     80.24	     58.18	39.97	 8.241e-05	      3.98	0	Gaussian	295.943078	46.016420
284	1	  0.001493	  0.002837	     -1.00	    172.66	    269.38	      2.99	      2.69	     52.38	     47.01	-10.01	 5.835e-05	      3.98	0	Gaussian	293.409313	44.330670
285	1	  0.001501	  0.002727	     -1.00	     27.83	    420.22	      2.98	      2.81	     52.10	     49.24	-9.78	 5.648e-05	      3.99	0	Gaussian	292.416782	44.992646
286	1	  0.001507	  0.002767	     -1.00	    601.43	    478.16	      3.08	      2.62	     53.93	     45.79	-21.41	 7.065e-05	      3.99	0	Gaussian	296.167239	45.385016
287	1	  0.001464	  0.002381	     -1.00	    181.98	      9.01	      3.25	      2.83	     56.92	     49.58	6.31	 4.299e-05	      4.00	0	Gaussian	293.552758	43.117064
288	1	  0.001529	  0.003107	     -1.00	    553.95	    779.45	      2.89	      2.52	     50.54	     44.13	-5.53	 6.940e-05	      4.00	0	Gaussian	295.808000	46.789992
289	1	  0.001495	  0.002577	     -1.00	    264.89	    657.46	      3.15	      2.74	     55.19	     48.03	0.19	 7.958e-05	      4.01	0	Gaussian	293.890913	46.164265
290	1	  0.001523	  0.002753	     -1.00	    385.13	    682.09	      2.87	      2.75	     50.20	     48.15	-2.84	 1.419e-04	      4.01	0	Gaussian	294.688074	46.306117
291	1	  0.001474	  0.002302	     -1.00	    514.10	    791.72	      3.17	      3.05	     55.41	     53.44	-35.50	 5.679e-05	      4.02	0	Gaussian	295.535527	46.841383
292	1	  0.001511	  0.002815	     -1.00	    633.32	    458.97	      2.83	      2.66	     49.49	     46.50	-40.25	 6.326e-05	      4.02	0	Gaussian	296.380879	45.298169
293	1	  0.001492	  0.002344	     -1.00	    483.82	    194.01	      3.18	      3.02	     55.60	     52.86	21.79	 8.570e-05	      4.02	0	Gaussian	295.438357	44.038021
294	1	  0.001477	  0.001566	     -1.00	    472.96	    218.97	      4.16	      3.32	     72.78	     58.17	-12.71	 6.658e-05	      4.03	0	Gaussian	295.363616	44.153545
295	1	  0.001564	  0.002370	     -1.00	    594.43	    117.01	      3.34	      2.72	     58.48	     47.69	7.08	 3.055e-04	      4.03	0	Gaussian	296.164069	43.689002
296	1	  0.001521	  0.002440	     -1.00	    532.83	     97.60	      3.12	      2.82	     54.63	     49.41	-5.59	 1.044e-04	      4.03	0	Gaussian	295.769897	43.591661
297	1	  0.001499	  0.002769	     -1.00	    682.97	    732.24	      2.94	      2.56	     51.44	     44.80	2.57	 7.911e-05	      4.03	0	Gaussian	296.689033	46.583849
298	1	  0.001525	  0.002651	     -1.00	    582.01	    322.22	      2.96	      2.64	     51.77	     46.14	2.74	 7.233e-05	      4.03	0	Gaussian	296.058371	44.651333
299	1	  0.001524	  0.002673	     -1.00	    176.70	    549.76	      3.01	      2.72	     52.65	     47.55	-7.54	 1.087e-04	      4.03	0	Gaussian	293.341242	45.639449
300	1	  0.001532	  0.002545	     -1.00	    192.03	    124.83	      3.11	      2.66	     54.42	     46.52	-1.81	 9.193e-05	      4.04	0	Gaussian	293.580181	43.660422
301	1	  0.001506	  0.002220	     -1.00	    373.24	    666.47	      3.22	      3.06	     56.44	     53.62	19.01	 8.083e-05	      4.04	0	Gaussian	294.612220	46.230770
302	1	  0.001520	  0.002893	     -1.00	    729.82	    470.62	      2.97	      2.50	     51.94	     43.83	-10.74	 1.049e-04	      4.05	0	Gaussian	297.020665	45.360127
303	1	  0.001506	  0.002078	     -1.00	    395.75	    538.00	      3.31	      3.10	     57.93	     54.34	-49.13	 5.270e-05	      4.05	0	Gaussian	294.792524	45.634925
304	1	  0.001498	  0.000585	     -1.00	    216.66	    645.77	      9.51	      3.76	    166.49	     65.82	-4.18	 9.967e-05	      4.05	0	Gaussian	293.573538	46.097518
305	1	  0.001522	  0.002358	     -1.00	     25.05	    451.95	      3.04	      2.98	     53.17	     52.13	-44.73	 1.044e-04	      4.06	0	Gaussian	292.385612	45.139311
306	1	  0.001487	  0.001814	     -1.00	    229.86	    557.30	      3.77	      3.12	     65.97	     54.60	-22.46	 6.529e-05	      4.07	0	Gaussian	293.689437	45.688507
307	1	  0.001484	  0.002285	     -1.00	    199.62	    252.00	      2.99	      2.99	     52.28	     52.28	59.96	 5.528e-05	      4.07	0	Gaussian	293.588722	44.256173
308	1	  0.001547	  0.002640	     -1.00	    729.15	     62.31	      2.91	      2.70	     50.94	     47.26	13.97	 2.073e-04	      4.07	0	Gaussian	297.036843	43.440563
309	1	  0.001535	  0.002371	     -1.00	    136.24	    734.61	      3.19	      2.83	     55.77	     49.53	-26.96	 1.557e-04	      4.07	0	Gaussian	293.006645	46.488256
310	1	  0.001528	  0.002629	     -1.00	    392.63	    624.74	      2.95	      2.69	     51.59	     47.15	-18.40	 1.020e-04	      4.08	0	Gaussian	294.751758	46.039763
311	1	  0.001485	  0.002535	     -1.00	    207.04	    275.53	      3.10	      2.71	     54.19	     47.50	-2.46	 3.825e-05	      4.08	0	Gaussian	293.629141	44.367834
312	1	  0.001495	  0.001885	     -1.00	    298.83	    317.03	      3.82	      2.81	     66.87	     49.22	-14.70	 5.734e-05	      4.08	0	Gaussian	294.211596	44.582373
313	1	  0.001489	  0.001316	     -1.00	     93.63	     71.09	      4.98	      3.03	     87.21	     53.02	-21.10	 6.482e-05	      4.08	0	Gaussian	292.972804	43.385144
314	1	  0.001516	  0.005647	     -1.00	    161.78	    694.71	      2.96	      2.93	     51.79	     51.30	-14.12	 1.151e-04	      4.08	0	Gaussian	293.191586	46.310190
315	1	  0.001494	  0.002439	     -1.00	    771.02	    745.90	      2.87	      2.85	     50.24	     49.95	15.38	 6.546e-05	      4.09	0	Gaussian	297.286475	46.654017
316	1	  0.001523	  0.002523	     -1.00	    574.87	    678.45	      2.99	      2.75	     52.36	     48.12	-24.29	 8.318e-05	      4.09	0	Gaussian	295.964015	46.320381
317	1	  0.001501	  0.002346	     -1.00	    283.27	    417.39	      3.06	      2.89	     53.57	     50.63	-6.08	 4.982e-05	      4.09	0	Gaussian	294.082451	45.048075
318	1	  0.001509	  0.002424	     -1.00	     84.71	    294.32	      3.01	      2.83	     52.70	     49.57	4.99	 5.623e-05	      4.10	0	Gaussian	292.833885	44.423446
319	1	  0.001498	  0.002560	     -1.00	     97.38	    631.53	      2.94	      2.72	     51.51	     47.54	-8.76	 6.836e-05	      4.10	0	Gaussian	292.787813	45.997160
320	1	  0.001515	  0.002554	     -1.00	    115.71	    453.78	      3.02	      2.65	     52.91	     46.46	-4.06	 1.189e-04	      4.10	0	Gaussian	292.975491	45.175269
321	1	  0.001483	  0.000912	     -1.00	    308.18	    399.90	      6.93	      3.17	    121.28	     55.40	-4.59	 5.453e-05	      4.11	0	Gaussian	294.250222	44.971753
322	1	  0.001486	  0.000980	     -1.00	    478.27	    687.96	      6.28	      3.24	    110.01	     56.68	-31.83	 5.461e-05	      4.11	0	Gaussian	295.312179	46.350686
323	1	  0.001492	  0.000575	     -1.00	    308.11	    245.17	     18.17	      2.86	    318.10	     50.13	8.85	 8.083e-05	      4.11	0	Gaussian	294.290887	44.248195
324	1	  0.001483	  0.000631	     -1.00	    331.32	    624.96	      7.11	      4.24	    124.51	     74.26	8.09	 5.997e-05	      4.12	0	Gaussian	294.342857	46.028083
325	1	  0.001562	  0.002792	     -1.00	    417.06	    166.35	      2.77	      2.53	     48.54	     44.24	8.42	 2.443e-04	      4.12	0	Gaussian	295.012522	43.898597
326	1	  0.001466	  0.002207	     -1.00	    192.67	    706.42	      3.24	      2.85	     56.70	     49.82	-6.49	 4.283e-05	      4.12	0	Gaussian	293.393450	46.373427
327	1	  0.001479	  0.002298	     -1.00	    483.22	    538.20	      3.09	      2.85	     54.10	     49.83	-12.65	 4.661e-05	      4.13	0	Gaussian	295.373128	45.650902
328	1	  0.001499	  0.002365	     -1.00	    105.86	    613.97	      3.05	      2.78	     53.46	     48.61	-11.90	 6.416e-05	      4.13	0	Gaussian	292.850618	45.918065
329	1	  0.001496	  0.002245	     -1.00	    776.18	     39.30	      3.24	      2.78	     56.78	     48.57	-2.05	 6.501e-05	      4.13	0	Gaussian	297.340531	43.333692
330	1	  0.001503	  0.002143	     -1.00	     35.65	     57.18	      3.23	      2.86	     56.57	     49.97	-17.93	 6.757e-05	      4.14	0	Gaussian	292.611381	43.304530
331	1	  0.001485	  0.002199	     -1.00	    158.63	      5.76	      3.24	      2.80	     56.77	     48.93	-6.23	 6.998e-05	      4.14	0	Gaussian	293.406257	43.096467
332	1	  0.001498	  0.001855	     -1.00	     22.78	    287.14	      3.20	      3.20	     56.07	     56.07	0.39	 6.032e-05	      4.15	0	Gaussian	292.438488	44.371769
333	1	  0.001481	  0.001023	     -1.00	    176.67	    289.69	      5.58	      3.46	     97.64	     60.58	5.73	 5.946e-05	      4.15	0	Gaussian	293.428515	44.426512
334	1	  0.001580	  0.000800	     -1.00	    335.59	    686.01	      6.10	      3.91	    106.82	     68.52	7.66	 1.323e-04	      4.15	0	Gaussian	294.355175	46.313968
335	1	  0.001510	  0.002242	     -1.00	    709.87	     40.71	      3.12	      2.81	     54.60	     49.15	-3.99	 8.929e-05	      4.16	0	Gaussian	296.913988	43.338133
336	1	  0.001502	  0.002206	     -1.00	    677.40	    453.87	      3.16	      2.80	     55.30	     48.94	-28.02	 6.476e-05	      4.16	0	Gaussian	296.673658	45.277984
337	1	  0.001485	  0.002277	     -1.00	    625.93	    178.24	      3.06	      2.82	     53.55	     49.32	-12.68	 5.929e-05	      4.16	0	Gaussian	296.361050	43.979352
338	1	  0.001499	  0.002215	     -1.00	    681.91	     80.45	      3.02	      2.91	     52.89	     51.02	-16.51	 8.031e-05	      4.16	0	Gaussian	296.731459	43.523595
339	1	  0.001488	  0.001583	     -1.00	    141.80	    338.17	      3.60	      3.38	     62.98	     59.24	-69.81	 4.783e-05	      4.16	0	Gaussian	293.186598	44.643642
340	1	  0.001520	  0.002303	     -1.00	    491.08	    520.38	      3.15	      2.75	     55.09	     48.18	-14.24	 9.344e-05	      4.16	0	Gaussian	295.428586	45.568679
341	1	  0.001493	  0.002505	     -1.00	    471.94	    713.44	      2.95	      2.54	     51.67	     44.52	-2.88	 7.798e-05	      4.16	0	Gaussian	295.264742	46.468702
342	1	  0.001504	  0.000560	     -1.00	    677.36	    363.52	     10.21	      3.43	    178.72	     60.08	5.37	 1.571e-04	      4.16	0	Gaussian	296.680443	44.853695
343	1	  0.001513	  0.002527	     -1.00	    741.49	     38.74	      2.96	      2.57	     51.83	     44.93	-4.93	 5.928e-05	      4.16	0	Gaussian	297.117402	43.330089
344	1	  0.001514	  0.002107	     -1.00	     68.70	    272.10	      3.17	      2.91	     55.51	     50.94	5.68	 1.293e-04	      4.17	0	Gaussian	292.739293	44.315320
345	1	  0.001989	  0.003805	     -1.00	    455.19	    347.64	      2.36	      2.09	     41.22	     36.62	-1.88	 3.006e-03	      4.17	0	Gaussian	295.223997	44.754069
346	1	  0.001491	  0.002303	     -1.00	     30.27	    670.98	      2.86	      2.86	     50.11	     50.08	62.74	 4.834e-05	      4.18	0	Gaussian	292.327881	46.158896
347	1	  0.001550	  0.002033	     -1.00	    577.78	    588.04	      2.98	      2.97	     52.09	     51.92	9.29	 1.985e-04	      4.19	0	Gaussian	295.995814	45.897365
348	1	  0.001473	  0.001418	     -1.00	    496.13	     56.04	      4.10	      3.13	     71.78	     54.80	-38.57	 5.704e-05	      4.19	0	Gaussian	295.540843	43.392332
349	1	  0.001532	  0.002206	     -1.00	    559.80	      6.66	      3.22	      2.69	     56.33	     47.01	-12.38	 9.882e-05	      4.19	0	Gaussian	295.955480	43.167513
350	1	  0.001515	  0.001727	     -1.00	    101.72	    262.46	      3.78	      2.74	     66.11	     47.98	-2.93	 8.131e-05	      4.19	0	Gaussian	292.955123	44.279738
351	1	  0.001492	  0.002163	     -1.00	    447.26	    484.87	      3.12	      2.81	     54.66	     49.17	-8.33	 4.926e-05	      4.20	0	Gaussian	295.144977	45.395462
352	1	  0.001547	  0.001953	     -1.00	    382.79	     26.15	      3.35	      2.77	     58.71	     48.47	30.54	 3.511e-04	      4.20	0	Gaussian	294.822688	43.236231
353	1	  0.001538	  0.002149	     -1.00	    290.42	    279.87	      3.16	      2.74	     55.28	     47.98	-1.14	 1.160e-04	      4.21	0	Gaussian	294.167120	44.406840
354	1	  0.001576	  0.002167	     -1.00	    238.10	    333.39	      3.26	      2.62	     57.00	     45.94	5.54	 2.278e-04	      4.22	0	Gaussian	293.812467	44.645395
355	1	  0.001553	  0.002192	     -1.00	    780.80	    654.13	      2.92	      2.87	     51.07	     50.27	13.62	 2.331e-04	      4.22	0	Gaussian	297.355293	46.224171
356	1	  0.001481	  0.000593	     -1.00	    405.63	    121.26	      9.00	      3.37	    157.52	     58.90	-57.66	 6.712e-05	      4.22	0	Gaussian	294.948340	43.685498
357	1	  0.001483	  0.000784	     -1.00	    323.58	    148.21	      7.52	      3.06	    131.58	     53.59	-20.66	 6.764e-05	      4.22	0	Gaussian	294.415407	43.797510
358	1	  0.001535	  0.002136	     -1.00	    320.77	    517.11	      2.99	      2.87	     52.33	     50.29	6.34	 1.712e-04	      4.23	0	Gaussian	294.301611	45.522189
359	1	  0.001462	  0.001829	     -1.00	    293.73	    732.03	      3.35	      3.04	     58.66	     53.15	18.23	 4.524e-05	      4.24	0	Gaussian	294.061762	46.518904
360	1	  0.001505	  0.001775	     -1.00	    118.81	    269.85	      3.49	      2.84	     61.12	     49.76	-0.61	 6.046e-05	      4.24	0	Gaussian	293.062362	44.318839
361	1	  0.001493	  0.001530	     -1.00	    619.78	     42.26	      3.55	      3.29	     62.17	     57.59	-84.73	 8.585e-05	      4.24	0	Gaussian	296.335301	43.339948
362	1	  0.001511	  0.001641	     -1.00	    425.61	    472.44	      3.36	      3.31	     58.74	     58.00	11.47	 5.067e-05	      4.24	0	Gaussian	295.004518	45.333636
363	1	  0.001541	  0.002363	     -1.00	    677.15	    602.69	      2.98	      2.58	     52.10	     45.12	-19.89	 1.167e-04	      4.24	0	Gaussian	296.660117	45.976227
364	1	  0.001491	  0.002216	     -1.00	    607.57	    142.56	      3.00	      2.68	     52.53	     46.96	7.29	 5.895e-05	      4.25	0	Gaussian	296.245978	43.810172
365	1	  0.001490	  0.000455	     -1.00	    785.69	    633.52	      8.18	      4.65	    143.18	     81.34	3.05	 6.443e-05	      4.25	0	Gaussian	297.388819	46.127690
366	1	  0.001502	  0.002234	     -1.00	    492.63	    787.45	      3.04	      2.61	     53.21	     45.64	-6.18	 8.183e-05	      4.26	0	Gaussian	295.390605	46.817957
367	1	  0.001472	  0.001515	     -1.00	     31.86	    180.87	      3.42	      3.32	     59.80	     58.10	0.44	 4.040e-05	      4.26	0	Gaussian	292.539047	43.879648
368	1	  0.001659	  0.002892	     -1.00	    475.59	    515.49	      2.53	      2.27	     44.30	     39.72	-15.32	 4.177e-04	      4.26	0	Gaussian	295.326674	45.543371
369	1	  0.001504	  0.001993	     -1.00	    202.97	     63.68	      3.21	      2.74	     56.17	     47.91	-0.21	 7.613e-05	      4.26	0	Gaussian	293.668865	43.377234
370	1	  0.001484	  0.001806	     -1.00	     27.16	    198.99	      3.38	      2.93	     59.13	     51.36	-4.20	 4.422e-05	      4.27	0	Gaussian	292.501949	43.962649
371	1	  0.001485	  0.001975	     -1.00	     62.04	    409.81	      3.18	      2.75	     55.58	     48.13	-2.97	 5.474e-05	      4.27	0	Gaussian	292.642902	44.954728
372	1	  0.001492	  0.002026	     -1.00	    602.83	    684.76	      3.14	      2.79	     55.02	     48.86	-15.04	 5.601e-05	      4.27	0	Gaussian	296.151659	46.353317
373	1	  0.001496	  0.001865	     -1.00	    195.26	      5.86	      3.25	      2.96	     56.87	     51.76	-25.87	 5.939e-05	      4.27	0	Gaussian	293.637742	43.105373
374	1	  0.001497	  0.000898	     -1.00	    479.77	    316.68	      4.91	      3.70	     85.89	     64.76	65.94	 1.352e-04	      4.28	0	Gaussian	295.390461	44.612641
375	1	  0.001487	  0.002028	     -1.00	    700.82	     78.61	      3.20	      2.68	     56.00	     46.82	-14.02	 4.320e-05	      4.29	0	Gaussian	296.853409	43.515970
376	1	  0.001484	  0.001822	     -1.00	    117.38	    475.89	      3.30	      2.90	     57.79	     50.68	-10.58	 3.695e-05	      4.29	0	Gaussian	292.978193	45.278729
377	1	  0.001485	  0.001911	     -1.00	    328.92	    644.35	      3.14	      2.92	     54.87	     51.16	-19.86	 4.567e-05	      4.29	0	Gaussian	294.321675	46.118092
378	1	  0.001475	  0.001874	     -1.00	    533.08	    684.70	      3.26	      2.88	     57.11	     50.40	-23.99	 5.442e-05	      4.30	0	Gaussian	295.681629	46.343916
379	1	  0.001507	  0.001764	     -1.00	    364.03	    227.39	      3.58	      2.69	     62.71	     47.14	0.99	 6.333e-05	      4.30	0	Gaussian	294.656760	44.175628
380	1	  0.001519	  0.001877	     -1.00	    475.49	    471.99	      3.29	      2.67	     57.63	     46.80	-12.45	 7.583e-05	      4.31	0	Gaussian	295.334058	45.339676
381	1	  0.001562	  0.001667	     -1.00	     17.72	    566.41	      3.44	      2.90	     60.25	     50.81	29.66	 1.821e-04	      4.31	0	Gaussian	292.289728	45.669012
382	1	  0.001467	  0.001499	     -1.00	    135.25	     45.36	      3.83	      2.88	     67.01	     50.44	-17.11	 3.511e-05	      4.31	0	Gaussian	293.245288	43.275704
383	1	  0.001680	  0.002674	     -1.00	    440.75	    729.85	      2.54	      2.44	     44.46	     42.69	-89.63	 6.064e-04	      4.32	0	Gaussian	295.051214	46.539885
384	1	  0.001488	  0.001927	     -1.00	    724.02	    113.78	      3.12	      2.75	     54.61	     48.21	-8.88	 4.695e-05	      4.32	0	Gaussian	297.001192	43.682446
385	1	  0.001477	  0.000375	     -1.00	    496.31	    114.73	     13.69	      3.46	    239.60	     60.50	14.99	 6.813e-05	      4.32	0	Gaussian	295.532370	43.667706
386	1	  0.001559	  0.001695	     -1.00	     85.76	    788.59	      3.69	      2.74	     64.56	     47.94	-7.75	 2.290e-04	      4.33	0	Gaussian	292.648287	46.723214
387	1	  0.001512	  0.001911	     -1.00	    730.85	    579.37	      3.30	      2.68	     57.84	     46.84	-8.09	 8.908e-05	      4.33	0	Gaussian	297.021964	45.870707
388	1	  0.001531	  0.001630	     -1.00	    433.97	    153.50	      3.52	      2.92	     61.62	     51.12	-4.60	 9.755e-05	      4.33	0	Gaussian	295.124049	43.840985
389	1	  0.001471	  0.001763	     -1.00	    272.10	    217.73	      3.22	      2.84	     56.32	     49.72	3.30	 4.622e-05	      4.34	0	Gaussian	294.065975	44.112415
390	1	  0.001489	  0.001689	     -1.00	    281.89	    615.75	      3.57	      2.74	     62.51	     47.99	-8.80	 9.223e-05	      4.34	0	Gaussian	294.016454	45.973876
391	1	  0.001479	  0.000963	     -1.00	    174.17	    127.94	      5.87	      2.77	    102.82	     48.54	-16.06	 4.837e-05	      4.34	0	Gaussian	293.465296	43.670725
392	1	  0.001559	  0.002024	     -1.00	    462.22	    642.26	      3.15	      2.61	     55.12	     45.65	-12.09	 2.258e-04	      4.35	0	Gaussian	295.213294	46.134321
393	1	  0.001511	  0.001953	     -1.00	    606.95	    637.69	      3.11	      2.73	     54.44	     47.83	-1.45	 8.106e-05	      4.35	0	Gaussian	296.185063	46.133387
394	1	  0.001499	  0.001707	     -1.00	    266.26	    170.65	      3.33	      2.92	     58.30	     51.12	-4.08	 8.060e-05	      4.35	0	Gaussian	294.041585	43.891056
395	1	  0.001578	  0.001880	     -1.00	    505.94	     25.35	      3.05	      2.68	     53.41	     46.99	1.98	 1.843e-04	      4.35	0	Gaussian	295.608569	43.249473
396	1	  0.001506	  0.001914	     -1.00	    650.45	     47.60	      3.19	      2.68	     55.76	     46.98	4.38	 1.229e-04	      4.36	0	Gaussian	296.531674	43.367223
397	1	  0.001480	  0.001162	     -1.00	     39.55	    109.31	      4.52	      3.11	     79.10	     54.38	-17.27	 5.553e-05	      4.36	0	Gaussian	292.615909	43.548524
398	1	  0.001506	  0.001393	     -1.00	    228.77	    788.11	      3.68	      3.24	     64.47	     56.66	4.38	 4.958e-05	      4.36	0	Gaussian	293.607945	46.763477
399	1	  0.001489	  0.001206	     -1.00	    708.35	    545.22	      4.05	      3.29	     70.88	     57.54	28.79	 7.250e-05	      4.36	0	Gaussian	296.873255	45.709012
400	1	  0.001491	  0.001954	     -1.00	    789.70	    678.89	      3.08	      2.64	     53.87	     46.27	-18.01	 4.943e-05	      4.37	0	Gaussian	297.414956	46.340702
401	1	  0.001598	  0.001724	     -1.00	    315.65	    707.12	      3.09	      2.83	     54.12	     49.49	1.79	 1.694e-04	      4.37	0	Gaussian	294.215841	46.407912
402	1	  0.001475	  0.001848	     -1.00	    644.61	    184.30	      3.14	      2.74	     55.04	     48.03	0.96	 4.050e-05	      4.37	0	Gaussian	296.481650	44.009264
403	1	  0.001491	  0.000659	     -1.00	    333.88	    479.75	      6.53	      3.58	    114.34	     62.59	52.19	 1.318e-04	      4.37	0	Gaussian	294.397866	45.350359
404	1	  0.001518	  0.001550	     -1.00	    729.27	     43.28	      3.35	      3.14	     58.71	     55.03	-55.70	 9.839e-05	      4.37	0	Gaussian	297.038568	43.351024
405	1	  0.001511	  0.001801	     -1.00	    484.01	    174.57	      3.22	      2.73	     56.37	     47.70	3.04	 9.340e-05	      4.38	0	Gaussian	295.442963	43.946841
406	1	  0.001475	  0.001767	     -1.00	    538.34	     74.95	      3.23	      2.81	     56.53	     49.26	-0.66	 5.335e-05	      4.38	0	Gaussian	295.808617	43.485946
407	1	  0.001506	  0.001695	     -1.00	    567.54	    586.76	      3.36	      2.80	     58.89	     48.97	3.62	 1.419e-04	      4.38	0	Gaussian	295.927490	45.890112
408	1	  0.001603	  0.001907	     -1.00	    410.64	    772.97	      3.07	      2.65	     53.79	     46.31	-10.29	 2.402e-04	      4.39	0	Gaussian	294.838483	46.735444
409	1	  0.001502	  0.001884	     -1.00	    754.94	    604.10	      3.07	      2.68	     53.66	     46.96	-3.28	 6.968e-05	      4.39	0	Gaussian	297.182614	45.988147
410	1	  0.001482	  0.000645	     -1.00	    159.41	    532.60	      4.99	      4.75	     87.43	     83.07	32.65	 4.758e-05	      4.39	0	Gaussian	293.233396	45.554787
411	1	  0.001479	  0.001706	     -1.00	    555.28	    317.47	      3.31	      2.84	     57.97	     49.67	-1.38	 4.782e-05	      4.39	0	Gaussian	295.883980	44.626088
412	1	  0.001522	  0.001452	     -1.00	     33.05	     70.68	      3.75	      2.89	     65.56	     50.64	-7.85	 7.691e-05	      4.40	0	Gaussian	292.589733	43.366705
413	1	  0.001479	  0.001701	     -1.00	    537.85	    644.91	      3.16	      2.96	     55.32	     51.73	-26.93	 3.830e-05	      4.40	0	Gaussian	295.719984	46.158413
414	1	  0.001604	  0.000863	     -1.00	    321.72	    689.46	      6.03	      3.03	    105.56	     53.07	-69.81	 1.769e-04	      4.40	0	Gaussian	294.261322	46.326938
415	1	  0.001491	  0.001736	     -1.00	    707.39	    440.07	      3.21	      2.77	     56.12	     48.53	-18.47	 4.825e-05	      4.40	0	Gaussian	296.873527	45.215294
416	1	  0.001520	  0.001615	     -1.00	    195.40	    642.03	      3.40	      2.71	     59.44	     47.50	-24.68	 7.278e-05	      4.40	0	Gaussian	293.433563	46.074414
417	1	  0.001481	  0.000986	     -1.00	    584.45	    655.12	      4.78	      3.22	     83.69	     56.40	-27.68	 4.796e-05	      4.41	0	Gaussian	296.031620	46.212336
418	1	  0.001557	  0.001667	     -1.00	    587.90	    546.02	      3.11	      2.84	     54.40	     49.63	-11.17	 9.560e-05	      4.41	0	Gaussian	296.068881	45.701681
419	1	  0.001498	  0.000919	     -1.00	    155.54	    556.11	      4.04	      4.04	     70.75	     70.65	-67.92	 1.104e-04	      4.42	0	Gaussian	293.199644	45.663235
420	1	  0.001492	  0.001530	     -1.00	    197.63	    304.99	      3.44	      2.96	     60.13	     51.85	0.01	 5.543e-05	      4.42	0	Gaussian	293.559010	44.503117
421	1	  0.001468	  0.001374	     -1.00	    446.83	     98.24	      3.69	      3.02	     64.61	     52.84	-1.59	 4.567e-05	      4.43	0	Gaussian	295.217416	43.583769
422	1	  0.001566	  0.001582	     -1.00	    367.53	    259.64	      3.07	      2.89	     53.82	     50.67	-35.33	 2.673e-04	      4.44	0	Gaussian	294.671891	44.327218
423	1	  0.001545	  0.001896	     -1.00	    599.45	    595.60	      3.03	      2.61	     53.07	     45.62	-11.05	 1.357e-04	      4.44	0	Gaussian	296.139838	45.935359
424	1	  0.001496	  0.001544	     -1.00	    176.61	    654.43	      3.24	      3.02	     56.73	     52.89	-21.60	 5.373e-05	      4.44	0	Gaussian	293.304461	46.126940
425	1	  0.001571	  0.001563	     -1.00	    411.81	    762.48	      3.30	      2.75	     57.76	     48.12	18.59	 2.560e-04	      4.44	0	Gaussian	294.848767	46.686693
426	1	  0.001500	  0.001633	     -1.00	    381.64	    302.44	      3.31	      2.78	     57.90	     48.72	-2.83	 5.002e-05	      4.45	0	Gaussian	294.753665	44.530152
427	1	  0.001485	  0.001471	     -1.00	    539.24	    303.99	      3.26	      3.01	     57.00	     52.71	-10.08	 6.736e-05	      4.45	0	Gaussian	295.781040	44.560962
428	1	  0.001701	  0.002436	     -1.00	    729.38	    364.34	      2.52	      2.24	     44.12	     39.19	12.59	 8.994e-04	      4.45	0	Gaussian	297.023225	44.860819
429	1	  0.001484	  0.001573	     -1.00	    165.18	     66.72	      3.40	      2.85	     59.47	     49.92	-8.05	 6.432e-05	      4.46	0	Gaussian	293.427930	43.382682
430	1	  0.001499	  0.001779	     -1.00	    719.04	    477.93	      2.86	      2.74	     50.02	     48.00	-25.11	 1.362e-04	      4.46	0	Gaussian	296.948576	45.393827
431	1	  0.001466	  0.001404	     -1.00	    702.80	    327.84	      3.37	      3.18	     58.99	     55.72	-15.79	 3.582e-05	      4.46	0	Gaussian	296.850372	44.687780
432	1	  0.001499	  0.001416	     -1.00	    369.24	    110.65	      3.67	      2.87	     64.28	     50.23	-9.77	 9.739e-05	      4.46	0	Gaussian	294.717286	43.629814
433	1	  0.001478	  0.001478	     -1.00	    745.62	    171.13	      3.37	      2.85	     59.02	     49.81	3.35	 5.196e-05	      4.47	0	Gaussian	297.138448	43.953056
434	1	  0.001500	  0.001695	     -1.00	    568.42	    395.92	      3.12	      2.77	     54.61	     48.41	-6.31	 5.604e-05	      4.47	0	Gaussian	295.959454	44.995644
435	1	  0.001505	  0.001647	     -1.00	    383.91	    740.26	      3.07	      2.89	     53.77	     50.51	-20.88	 6.795e-05	      4.47	0	Gaussian	294.665833	46.577414
436	1	  0.001482	  0.000651	     -1.00	    157.03	    728.50	      6.23	      3.59	    109.12	     62.76	-56.22	 7.225e-05	      4.47	0	Gaussian	293.147733	46.465990
437	1	  0.001485	  0.001385	     -1.00	    123.56	    723.14	      3.46	      3.08	     60.58	     53.86	26.13	 5.333e-05	      4.48	0	Gaussian	292.926396	46.431064
438	1	  0.001493	  0.001546	     -1.00	    561.12	    635.66	      3.39	      2.74	     59.33	     47.90	-6.67	 6.151e-05	      4.49	0	Gaussian	295.877578	46.118268
439	1	  0.001516	  0.001439	     -1.00	    183.49	    226.72	      3.51	      2.87	     61.49	     50.31	-8.50	 8.911e-05	      4.50	0	Gaussian	293.493035	44.134227
440	1	  0.001475	  0.000930	     -1.00	    466.25	    269.47	      4.08	      3.77	     71.33	     65.97	-48.53	 4.680e-05	      4.50	0	Gaussian	295.310886	44.389370
441	1	  0.001508	  0.001358	     -1.00	    466.41	    670.52	      3.54	      3.05	     61.97	     53.33	-18.01	 8.280e-05	      4.50	0	Gaussian	295.235835	46.267181
442	1	  0.001516	  0.001739	     -1.00	    276.23	    729.69	      2.99	      2.75	     52.26	     48.15	-15.97	 1.082e-04	      4.50	0	Gaussian	293.945057	46.503715
443	1	  0.001514	  0.001546	     -1.00	    328.98	      8.22	      3.23	      2.81	     56.59	     49.26	-2.49	 1.194e-04	      4.50	0	Gaussian	294.484572	43.143185
444	1	  0.001507	  0.001654	     -1.00	    722.08	    235.73	      3.10	      2.69	     54.35	     47.00	-4.56	 8.157e-05	      4.50	0	Gaussian	296.982093	44.255873
445	1	  0.001501	  0.001489	     -1.00	     76.05	    467.90	      3.22	      2.88	     56.31	     50.44	-2.22	 8.130e-05	      4.50	0	Gaussian	292.711374	45.229347
446	1	  0.001484	  0.001429	     -1.00	    315.55	    428.50	      3.42	      2.93	     59.95	     51.24	-0.17	 5.518e-05	      4.51	0	Gaussian	294.290835	45.107010
447	1	  0.001484	  0.000824	     -1.00	    175.10	    570.23	      5.88	      2.85	    102.84	     49.80	-24.07	 6.013e-05	      4.51	0	Gaussian	293.323640	45.734381
448	1	  0.001588	  0.001872	     -1.00	    402.54	    767.49	      2.97	      2.53	     52.02	     44.32	-9.76	 2.781e-04	      4.51	0	Gaussian	294.785049	46.708273
449	1	  0.001500	  0.001445	     -1.00	    606.15	    524.77	      3.42	      2.87	     59.79	     50.24	-6.60	 6.025e-05	      4.51	0	Gaussian	296.193061	45.604103
450	1	  0.001493	  0.001664	     -1.00	    648.35	    344.57	      3.23	      2.67	     56.62	     46.65	-8.25	 6.010e-05	      4.51	0	Gaussian	296.491218	44.762458
451	1	  0.001501	  0.001073	     -1.00	    740.05	     92.79	      4.02	      3.21	     70.32	     56.17	-84.04	 5.619e-05	      4.52	0	Gaussian	297.105720	43.584341
452	1	  0.001481	  0.001343	     -1.00	    457.19	    438.30	      3.56	      2.94	     62.34	     51.54	-11.32	 5.326e-05	      4.52	0	Gaussian	295.219709	45.179033
453	1	  0.001475	  0.001432	     -1.00	    607.62	     30.03	      3.41	      2.72	     59.65	     47.68	26.96	 4.940e-05	      4.52	0	Gaussian	296.258636	43.281493
454	1	  0.001550	  0.001591	     -1.00	     81.21	    710.43	      3.13	      2.69	     54.70	     47.11	-6.57	 1.349e-04	      4.52	0	Gaussian	292.649419	46.358800
455	1	  0.001496	  0.001356	     -1.00	    321.84	    167.12	      3.47	      2.93	     60.74	     51.22	-1.29	 9.301e-05	      4.53	0	Gaussian	294.399467	43.885653
456	1	  0.001587	  0.001431	     -1.00	     94.31	    247.98	      3.23	      2.86	     56.59	     49.98	-5.76	 1.833e-04	      4.53	0	Gaussian	292.912798	44.210145
457	1	  0.001480	  0.001447	     -1.00	    323.65	    486.33	      3.29	      2.89	     57.62	     50.58	-11.88	 7.931e-05	      4.54	0	Gaussian	294.328745	45.378988
458	1	  0.001482	  0.001399	     -1.00	    706.68	    472.19	      3.34	      2.99	     58.54	     52.33	-2.80	 4.515e-05	      4.54	0	Gaussian	296.866792	45.366101
459	1	  0.001500	  0.000729	     -1.00	    756.36	    242.21	      5.57	      3.20	     97.41	     55.96	25.12	 1.425e-04	      4.54	0	Gaussian	297.205664	44.287826
460	1	  0.001562	  0.001794	     -1.00	    736.16	    442.78	      2.86	      2.63	     50.10	     46.07	-17.64	 4.293e-04	      4.54	0	Gaussian	297.064168	45.229714
461	1	  0.001534	  0.001463	     -1.00	    682.71	    147.92	      3.44	      2.80	     60.20	     48.96	-3.42	 1.420e-04	      4.54	0	Gaussian	296.731675	43.840843
462	1	  0.001502	  0.001370	     -1.00	    588.50	    150.25	      3.40	      2.97	     59.55	     52.07	-13.78	 7.640e-05	      4.54	0	Gaussian	296.121814	43.844560
463	1	  0.001510	  0.001566	     -1.00	    515.35	    205.65	      3.21	      2.74	     56.22	     48.01	-7.41	 1.212e-04	      4.55	0	Gaussian	295.640612	44.096692
464	1	  0.001560	  0.001454	     -1.00	    141.14	    492.62	      3.32	      2.75	     58.09	     48.20	1.09	 2.444e-04	      4.55	0	Gaussian	293.127616	45.363416
465	1	  0.001535	  0.001280	     -1.00	    284.91	    477.33	      3.64	      2.90	     63.75	     50.72	-10.81	 8.069e-05	      4.56	0	Gaussian	294.076221	45.328464
466	1	  0.001548	  0.001207	     -1.00	     15.20	    557.25	      3.53	      3.07	     61.81	     53.66	-12.18	 2.029e-04	      4.56	0	Gaussian	292.277096	45.625639
467	1	  0.001492	  0.001360	     -1.00	    559.23	    735.75	      3.38	      2.98	     59.22	     52.12	-11.85	 4.752e-05	      4.56	0	Gaussian	295.850317	46.586413
468	1	  0.001472	  0.001329	     -1.00	     73.64	    348.65	      3.48	      2.95	     60.95	     51.62	-4.80	 4.534e-05	      4.57	0	Gaussian	292.741849	44.673364
469	1	  0.001501	  0.001333	     -1.00	    431.86	     45.62	      3.44	      2.87	     60.16	     50.25	-3.32	 9.021e-05	      4.57	0	Gaussian	295.131651	43.334948
470	1	  0.001511	  0.001429	     -1.00	    356.73	    458.79	      3.36	      2.78	     58.73	     48.66	-12.08	 8.794e-05	      4.58	0	Gaussian	294.553584	45.257038
471	1	  0.001526	  0.001434	     -1.00	    585.15	     60.77	      3.23	      2.92	     56.51	     51.09	-19.79	 1.602e-04	      4.58	0	Gaussian	296.111026	43.424006
472	1	  0.001461	  0.000296	     -1.00	    259.90	    601.73	     10.30	      4.03	    180.23	     70.53	15.00	 4.400e-05	      4.58	0	Gaussian	293.874578	45.903209
473	1	  0.001493	  0.001399	     -1.00	    402.53	    722.99	      3.38	      2.69	     59.10	     47.14	-10.42	 7.447e-05	      4.59	0	Gaussian	294.795277	46.500567
474	1	  0.001493	  0.000641	     -1.00	    413.11	    658.49	      6.75	      2.97	    118.20	     51.97	-30.64	 6.212e-05	      4.59	0	Gaussian	294.880977	46.201389
475	1	  0.001467	  0.001289	     -1.00	    197.16	     22.74	      3.34	      3.07	     58.38	     53.68	-11.48	 3.892e-05	      4.60	0	Gaussian	293.644591	43.184629
476	1	  0.001499	  0.000830	     -1.00	    435.86	    520.05	      4.28	      3.58	     74.95	     62.62	62.93	 5.841e-05	      4.61	0	Gaussian	295.062361	45.558209
477	1	  0.001533	  0.000633	     -1.00	    172.46	    233.09	      5.61	      3.57	     98.14	     62.56	35.42	 1.384e-04	      4.61	0	Gaussian	293.420021	44.161236
478	1	  0.001471	  0.001205	     -1.00	    521.57	    682.12	      3.61	      3.06	     63.18	     53.54	-5.02	 8.111e-05	      4.61	0	Gaussian	295.604565	46.330169
479	1	  0.001523	  0.001467	     -1.00	    711.05	    197.83	      3.14	      2.71	     55.00	     47.47	-4.20	 1.159e-04	      4.62	0	Gaussian	296.912375	44.077087
480	1	  0.001487	  0.000560	     -1.00	    379.66	    794.79	      5.31	      4.15	     92.90	     72.64	-47.39	 4.806e-05	      4.62	0	Gaussian	294.623853	46.830908
481	1	  0.001475	  0.000351	     -1.00	    360.05	    438.74	      6.83	      5.28	    119.57	     92.33	37.08	 4.814e-05	      4.62	0	Gaussian	294.580331	45.163891
482	1	  0.001488	  0.000576	     -1.00	    583.43	    482.05	      6.21	      3.42	    108.69	     59.88	-54.26	 4.343e-05	      4.63	0	Gaussian	296.047343	45.401257
483	1	  0.001533	  0.000877	     -1.00	     50.23	    538.19	      4.56	      3.08	     79.74	     53.92	0.40	 1.230e-04	      4.63	0	Gaussian	292.514577	45.548403
484	1	  0.001473	  0.000951	     -1.00	    456.10	     61.02	      4.01	      3.13	     70.21	     54.74	2.34	 3.733e-05	      4.63	0	Gaussian	295.283719	43.410547
485	1	  0.001523	  0.001139	     -1.00	    409.76	    198.12	      3.73	      2.88	     65.31	     50.36	1.28	 7.621e-05	      4.63	0	Gaussian	294.958793	44.046320
486	1	  0.001480	  0.001069	     -1.00	    286.46	    372.00	      3.52	      3.25	     61.68	     56.93	-6.63	 4.761e-05	      4.64	0	Gaussian	294.115969	44.836671
487	1	  0.001524	  0.001471	     -1.00	    495.33	    201.31	      3.20	      2.67	     56.05	     46.65	-9.48	 1.225e-04	      4.64	0	Gaussian	295.511588	44.073745
488	1	  0.001501	  0.001223	     -1.00	    347.71	    364.80	      3.55	      2.92	     62.11	     51.06	-16.23	 6.631e-05	      4.65	0	Gaussian	294.517620	44.815663
489	1	  0.001459	  0.000997	     -1.00	    669.33	    109.02	      3.58	      3.31	     62.64	     57.89	45.99	 3.746e-05	      4.65	0	Gaussian	296.648137	43.657172
490	1	  0.001526	  0.001260	     -1.00	    345.96	    129.90	      3.34	      2.91	     58.39	     50.90	2.19	 1.272e-04	      4.65	0	Gaussian	294.563518	43.715898
491	1	  0.001523	  0.001271	     -1.00	    341.33	    545.38	      3.48	      2.86	     60.82	     50.12	-8.90	 8.604e-05	      4.65	0	Gaussian	294.430174	45.658603
492	1	  0.001528	  0.001203	     -1.00	    647.31	    445.83	      3.42	      3.04	     59.83	     53.21	-1.44	 8.556e-05	      4.66	0	Gaussian	296.474858	45.237784
493	1	  0.001515	  0.001135	     -1.00	    278.61	    451.50	      3.59	      3.13	     62.92	     54.76	-2.22	 1.043e-04	      4.67	0	Gaussian	294.042224	45.206381
494	1	  0.001471	  0.000563	     -1.00	    684.59	    659.30	      5.02	      4.16	     87.85	     72.81	11.75	 3.344e-05	      4.67	0	Gaussian	296.705687	46.242247
495	1	  0.001488	  0.001217	     -1.00	    352.27	    610.50	      3.54	      2.93	     61.90	     51.31	-15.65	 5.016e-05	      4.67	0	Gaussian	294.486128	45.965095
496	1	  0.001468	  0.001070	     -1.00	    206.31	    596.19	      3.72	      3.04	     65.08	     53.18	-1.35	 3.564e-05	      4.67	0	Gaussian	293.521179	45.863763
497	1	  0.001509	  0.001374	     -1.00	    527.68	    327.94	      3.04	      2.77	     53.14	     48.41	-7.08	 1.349e-04	      4.67	0	Gaussian	295.701800	44.671877
498	1	  0.001492	  0.001312	     -1.00	    440.05	    471.74	      3.32	      2.78	     58.09	     48.61	-8.69	 4.260e-05	      4.68	0	Gaussian	295.099954	45.332843
499	1	  0.001507	  0.000950	     -1.00	     17.99	    524.00	      3.85	      3.14	     67.45	     54.99	-7.45	 6.446e-05	      4.68	0	Gaussian	292.309448	45.472013
500	1	  0.001521	  0.001469	     -1.00	    525.73	    423.38	      3.03	      2.71	     52.96	     47.41	-4.01	 1.532e-04	      4.68	0	Gaussian	295.674115	45.119145
501	1	  0.001512	  0.001411	     -1.00	    761.58	    446.71	      3.14	      2.69	     55.00	     47.04	-13.65	 6.909e-05	      4.69	0	Gaussian	297.232763	45.249413
502	1	  0.001519	  0.000506	     -1.00	    588.36	    698.41	      6.79	      3.42	    118.83	     59.82	-53.26	 9.374e-05	      4.69	0	Gaussian	296.052331	46.415468
503	1	  0.001502	  0.001218	     -1.00	    398.67	    666.37	      3.35	      3.00	     58.71	     52.59	-6.86	 5.878e-05	      4.69	0	Gaussian	294.782489	46.235401
504	1	  0.001508	  0.001118	     -1.00	     62.32	     55.23	      3.63	      2.86	     63.54	     50.07	-7.61	 9.472e-05	      4.70	0	Gaussian	292.780605	43.302821
505	1	  0.001483	  0.001193	     -1.00	    355.33	    313.76	      3.42	      2.99	     59.82	     52.33	-12.63	 4.429e-05	      4.70	0	Gaussian	294.579785	44.578303
506	1	  0.001549	  0.000896	     -1.00	    674.04	    592.65	      4.59	      2.80	     80.41	     48.98	17.47	 2.219e-04	      4.70	0	Gaussian	296.640038	45.928902
507	1	  0.001527	  0.001197	     -1.00	    550.75	    224.35	      3.41	      2.96	     59.65	     51.75	-12.12	 9.010e-05	      4.70	0	Gaussian	295.867512	44.188595
508	1	  0.001479	  0.001155	     -1.00	    446.35	    372.49	      3.54	      2.97	     61.99	     51.99	-10.81	 5.499e-05	      4.71	0	Gaussian	295.161294	44.869121
509	1	  0.001533	  0.001005	     -1.00	    139.66	    572.94	      4.23	      2.70	     74.06	     47.28	5.31	 1.191e-04	      4.72	0	Gaussian	293.088939	45.737075
510	1	  0.001475	  0.000564	     -1.00	     50.34	    336.04	      6.75	      2.85	    118.10	     49.92	-32.29	 2.888e-05	      4.72	0	Gaussian	292.596287	44.607753
511	1	  0.001474	  0.001179	     -1.00	    588.51	    622.01	      3.47	      2.59	     60.73	     45.36	3.94	 4.480e-05	      4.72	0	Gaussian	296.063231	46.057795
512	1	  0.001517	  0.001134	     -1.00	    334.23	    128.44	      3.61	      2.90	     63.13	     50.83	-7.02	 8.134e-05	      4.72	0	Gaussian	294.488635	43.706942
513	1	  0.001488	  0.000894	     -1.00	    396.26	    388.75	      4.78	      2.68	     83.74	     46.83	-6.32	 6.181e-05	      4.73	0	Gaussian	294.829625	44.936777
514	1	  0.001497	  0.001066	     -1.00	     13.61	    580.49	      3.63	      3.09	     63.51	     54.09	-9.61	 6.740e-05	      4.73	0	Gaussian	292.256745	45.733065
515	1	  0.001476	  0.001075	     -1.00	    774.29	    195.77	      3.62	      3.11	     63.43	     54.45	-6.22	 4.055e-05	      4.73	0	Gaussian	297.324106	44.069953
516	1	  0.001487	  0.001206	     -1.00	    746.13	    346.38	      3.50	      2.77	     61.20	     48.40	-5.29	 5.601e-05	      4.73	0	Gaussian	297.134468	44.777221
517	1	  0.001511	  0.001283	     -1.00	    790.75	    273.56	      3.38	      2.67	     59.24	     46.65	-8.76	 1.245e-04	      4.73	0	Gaussian	297.429895	44.436337
518	1	  0.001569	  0.001289	     -1.00	     87.28	    121.69	      3.27	      2.71	     57.21	     47.48	-13.92	 1.805e-04	      4.74	0	Gaussian	292.914216	43.619432
519	1	  0.001496	  0.001067	     -1.00	     27.25	    623.39	      3.56	      3.10	     62.25	     54.26	-15.94	 5.413e-05	      4.75	0	Gaussian	292.328164	45.936900
520	1	  0.001545	  0.001229	     -1.00	    774.65	    477.95	      3.31	      2.74	     57.89	     47.98	-20.22	 9.137e-05	      4.75	0	Gaussian	297.318704	45.396762
521	1	  0.001558	  0.000688	     -1.00	    454.90	    411.96	      5.18	      3.15	     90.58	     55.15	-87.22	 1.568e-04	      4.75	0	Gaussian	295.209717	45.055333
522	1	  0.001508	  0.000757	     -1.00	     42.74	    476.71	      4.81	      3.10	     84.14	     54.33	6.31	 7.107e-05	      4.75	0	Gaussian	292.490592	45.260081
523	1	  0.001510	  0.000930	     -1.00	    530.48	    336.73	      4.43	      2.69	     77.46	     47.00	-1.55	 1.515e-04	      4.75	0	Gaussian	295.718772	44.713430
524	1	  0.001489	  0.000805	     -1.00	    170.89	    463.03	      3.90	      3.47	     68.18	     60.70	-21.74	 4.593e-05	      4.76	0	Gaussian	293.332771	45.233641
525	1	  0.001486	  0.000982	     -1.00	    349.23	    788.41	      3.72	      3.05	     65.18	     53.35	-14.26	 3.669e-05	      4.76	0	Gaussian	294.419821	46.794515
526	1	  0.001501	  0.001190	     -1.00	    545.23	    169.27	      3.39	      2.87	     59.30	     50.26	-2.05	 1.166e-04	      4.76	0	Gaussian	295.839531	43.929427
527	1	  0.001516	  0.001071	     -1.00	    376.95	    290.93	      3.48	      2.94	     60.90	     51.49	-12.09	 1.092e-04	      4.77	0	Gaussian	294.725763	44.475430
528	1	  0.001729	  0.001491	     -1.00	    741.20	    382.33	      2.70	      2.63	     47.31	     45.95	30.96	 8.125e-04	      4.77	0	Gaussian	297.100353	44.945936
529	1	  0.001513	  0.001203	     -1.00	    236.08	    597.57	      3.37	      2.74	     58.98	     47.89	-14.40	 8.625e-05	      4.77	0	Gaussian	293.717890	45.877864
530	1	  0.001498	  0.000976	     -1.00	    767.37	    701.57	      3.90	      2.78	     68.19	     48.58	-22.25	 8.093e-05	      4.77	0	Gaussian	297.263070	46.446000
531	1	  0.001691	  0.001601	     -1.00	    743.30	    128.08	      2.61	      2.56	     45.66	     44.76	-0.88	 7.183e-04	      4.77	0	Gaussian	297.125257	43.750495
532	1	  0.001517	  0.001174	     -1.00	    489.48	    281.70	      3.42	      2.73	     59.79	     47.79	-9.42	 9.791e-05	      4.78	0	Gaussian	295.459922	44.449994
533	1	  0.001526	  0.001298	     -1.00	    780.87	     59.60	      3.19	      2.59	     55.77	     45.36	-4.72	 7.936e-05	      4.79	0	Gaussian	297.370225	43.429337
534	1	  0.001532	  0.001063	     -1.00	    426.87	    287.66	      3.71	      2.70	     64.86	     47.23	-3.26	 1.245e-04	      4.79	0	Gaussian	295.051124	44.468613
535	1	  0.001513	  0.001217	     -1.00	    394.17	    442.46	      3.30	      2.79	     57.83	     48.79	-10.03	 8.583e-05	      4.79	0	Gaussian	294.803866	45.187747
536	1	  0.001482	  0.001120	     -1.00	    609.11	    322.56	      3.56	      2.73	     62.38	     47.78	-7.67	 4.533e-05	      4.79	0	Gaussian	296.235892	44.655654
537	1	  0.001478	  0.000537	     -1.00	    518.30	    757.04	      5.78	      3.31	    101.18	     57.86	-26.73	 4.105e-05	      4.79	0	Gaussian	295.569919	46.680002
538	1	  0.001468	  0.000802	     -1.00	     52.85	    423.15	      3.60	      3.37	     63.02	     58.95	-9.92	 3.603e-05	      4.80	0	Gaussian	292.577958	45.014013
539	1	  0.001581	  0.000772	     -1.00	    517.90	    431.94	      4.54	      2.88	     79.47	     50.40	83.40	 1.979e-04	      4.80	0	Gaussian	295.621065	45.158201
540	1	  0.001539	  0.001227	     -1.00	    373.08	    646.52	      3.31	      2.64	     57.85	     46.19	-14.58	 8.133e-05	      4.80	0	Gaussian	294.615989	46.137573
541	1	  0.001490	  0.000996	     -1.00	    354.02	    766.65	      3.66	      2.98	     64.09	     52.22	-15.82	 5.419e-05	      4.80	0	Gaussian	294.457849	46.694153
542	1	  0.001517	  0.001083	     -1.00	    760.98	    517.56	      3.44	      2.92	     60.13	     51.06	-4.42	 1.212e-04	      4.81	0	Gaussian	297.226329	45.582189
543	1	  0.001487	  0.001080	     -1.00	    702.06	    667.67	      3.51	      2.87	     61.45	     50.17	-8.01	 6.358e-05	      4.81	0	Gaussian	296.822926	46.282856
544	1	  0.001548	  0.001007	     -1.00	    514.97	     22.64	      3.83	      2.72	     66.99	     47.60	3.35	 1.963e-04	      4.81	0	Gaussian	295.666720	43.237833
545	1	  0.001537	  0.000435	     -1.00	     69.46	    110.29	      5.93	      4.02	    103.75	     70.40	54.31	 1.370e-04	      4.81	0	Gaussian	292.805227	43.561423
546	1	  0.001591	  0.001247	     -1.00	    458.49	    774.22	      3.09	      2.78	     54.10	     48.63	-22.43	 3.835e-04	      4.81	0	Gaussian	295.161873	46.750289
547	1	  0.001536	  0.001144	     -1.00	    139.16	    226.56	      3.23	      2.94	     56.49	     51.49	-19.25	 1.146e-04	      4.81	0	Gaussian	293.208295	44.122298
548	1	  0.001477	  0.000893	     -1.00	    346.98	    206.79	      3.93	      3.09	     68.80	     54.01	-6.13	 5.033e-05	      4.82	0	Gaussian	294.551545	44.076065
549	1	  0.001564	  0.001257	     -1.00	    184.68	    477.51	      3.19	      2.65	     55.91	     46.44	-9.40	 1.234e-04	      4.83	0	Gaussian	293.418170	45.304825
550	1	  0.001502	  0.001021	     -1.00	    627.87	    778.43	      3.75	      2.84	     65.67	     49.74	-10.87	 8.583e-05	      4.83	0	Gaussian	296.310437	46.794582
551	1	  0.001482	  0.000655	     -1.00	    381.87	      8.82	      4.31	      3.62	     75.51	     63.37	15.30	 6.672e-05	      4.83	0	Gaussian	294.820638	43.154889
552	1	  0.001492	  0.000891	     -1.00	    508.71	    255.99	      3.57	      3.00	     62.55	     52.54	-12.21	 6.317e-05	      4.84	0	Gaussian	295.589435	44.331965
553	1	  0.001506	  0.000418	     -1.00	    694.66	    484.52	      5.90	      3.89	    103.24	     68.12	-80.02	 1.254e-04	      4.84	0	Gaussian	296.785993	45.423141
554	1	  0.001472	  0.000958	     -1.00	    673.55	    346.84	      3.91	      2.62	     68.48	     45.90	-15.53	 3.642e-05	      4.84	0	Gaussian	296.656677	44.775107
555	1	  0.001496	  0.000778	     -1.00	    668.59	     31.26	      4.15	      3.19	     72.71	     55.83	-26.07	 8.944e-05	      4.85	0	Gaussian	296.649509	43.291557
556	1	  0.001476	  0.000270	     -1.00	    690.50	    341.51	      6.93	      5.21	    121.26	     91.13	-21.21	 5.527e-05	      4.85	0	Gaussian	296.768595	44.751205
557	1	  0.001487	  0.000670	     -1.00	    435.12	    779.17	      4.35	      3.41	     76.10	     59.62	-46.95	 4.354e-05	      4.85	0	Gaussian	295.002628	46.769103
558	1	  0.001559	  0.000876	     -1.00	    478.36	     97.35	      4.22	      2.70	     73.86	     47.26	5.98	 1.535e-04	      4.85	0	Gaussian	295.419928	43.583919
559	1	  0.001470	  0.000973	     -1.00	    655.91	    783.13	      3.50	      3.04	     61.21	     53.26	-5.59	 3.239e-05	      4.86	0	Gaussian	296.500705	46.819561
560	1	  0.001508	  0.000596	     -1.00	    191.15	    497.82	      6.02	      2.85	    105.30	     49.96	-12.45	 7.572e-05	      4.86	0	Gaussian	293.453836	45.401223
561	1	  0.001495	  0.000978	     -1.00	    534.44	    465.99	      3.52	      3.01	     61.61	     52.65	-8.14	 4.477e-05	      4.86	0	Gaussian	295.724993	45.319995
562	1	  0.001483	  0.000862	     -1.00	    771.88	    549.71	      3.74	      3.10	     65.54	     54.23	-5.88	 6.207e-05	      4.87	0	Gaussian	297.298139	45.733645
563	1	  0.001524	  0.000986	     -1.00	    452.16	    580.42	      3.57	      2.83	     62.51	     49.51	-10.76	 9.949e-05	      4.87	0	Gaussian	295.158411	45.843401
564	1	  0.001521	  0.000931	     -1.00	    307.32	    245.17	      3.69	      2.84	     64.59	     49.76	-13.34	 8.080e-05	      4.87	0	Gaussian	294.285747	44.248020
565	1	  0.001491	  0.000926	     -1.00	    126.70	    538.46	      3.54	      3.23	     61.89	     56.48	-0.46	 4.898e-05	      4.87	0	Gaussian	293.016208	45.572831
566	1	  0.001513	  0.001000	     -1.00	    378.19	    729.42	      3.41	      2.90	     59.75	     50.78	-9.70	 1.280e-04	      4.87	0	Gaussian	294.629999	46.525645
567	1	  0.001531	  0.000999	     -1.00	    601.20	    178.15	      3.45	      2.88	     60.35	     50.46	-17.73	 1.124e-04	      4.87	0	Gaussian	296.200769	43.976793
568	1	  0.001489	  0.000740	     -1.00	    165.74	    390.96	      4.81	      2.84	     84.13	     49.70	-9.46	 5.284e-05	      4.88	0	Gaussian	293.323725	44.896206
569	1	  0.001486	  0.000948	     -1.00	    499.05	     94.24	      3.65	      2.95	     63.84	     51.71	-13.00	 6.647e-05	      4.88	0	Gaussian	295.553325	43.571914
570	1	  0.001483	  0.000900	     -1.00	    745.98	    520.30	      3.82	      2.98	     66.89	     52.22	-11.95	 4.704e-05	      4.88	0	Gaussian	297.126012	45.594329
571	1	  0.001482	  0.000872	     -1.00	    291.74	    291.11	      3.99	      2.78	     69.87	     48.66	-8.96	 7.657e-05	      4.88	0	Gaussian	294.172634	44.459661
572	1	  0.001487	  0.001049	     -1.00	    230.76	    753.54	      3.15	      2.99	     55.14	     52.34	-18.97	 5.208e-05	      4.88	0	Gaussian	293.632570	46.603119
573	1	  0.001498	  0.000975	     -1.00	    372.88	    551.27	      3.59	      2.83	     62.76	     49.58	-2.70	 7.557e-05	      4.89	0	Gaussian	294.637765	45.692546
574	1	  0.001522	  0.000733	     -1.00	    478.96	    385.44	      4.82	      2.80	     84.39	     49.04	9.64	 9.667e-05	      4.89	0	Gaussian	295.372776	44.934784
575	1	  0.001498	  0.000944	     -1.00	     66.16	    527.67	      3.60	      2.89	     63.06	     50.56	0.88	 9.427e-05	      4.90	0	Gaussian	292.623146	45.504443
576	1	  0.001484	  0.000809	     -1.00	    707.83	    452.96	      3.98	      2.99	     69.69	     52.29	3.02	 4.360e-05	      4.91	0	Gaussian	296.875624	45.275868
577	1	  0.001548	  0.001003	     -1.00	    792.09	    264.23	      3.50	      2.76	     61.28	     48.24	-13.68	 1.166e-04	      4.91	0	Gaussian	297.438793	44.392501
578	1	  0.001562	  0.001092	     -1.00	    333.20	    357.76	      3.23	      2.81	     56.53	     49.12	-16.80	 2.990e-04	      4.91	0	Gaussian	294.424673	44.779848
579	1	  0.001496	  0.000381	     -1.00	    294.38	    775.47	      6.11	      4.13	    107.01	     72.22	-19.13	 5.781e-05	      4.92	0	Gaussian	294.053449	46.721458
580	1	  0.001486	  0.001003	     -1.00	    746.59	    557.72	      3.37	      2.94	     58.94	     51.38	-11.29	 5.360e-05	      4.92	0	Gaussian	297.128489	45.770013
581	1	  0.001657	  0.001278	     -1.00	     80.19	    122.43	      3.01	      2.55	     52.66	     44.61	-5.82	 3.306e-04	      4.92	0	Gaussian	292.868897	43.620988
582	1	  0.001475	  0.000795	     -1.00	     32.00	    223.11	      3.90	      3.21	     68.22	     56.20	-12.32	 3.962e-05	      4.92	0	Gaussian	292.523235	44.076423
583	1	  0.001477	  0.000989	     -1.00	    719.05	    782.74	      3.46	      2.84	     60.52	     49.72	-11.08	 4.929e-05	      4.93	0	Gaussian	296.930913	46.823271
584	1	  0.001544	  0.001053	     -1.00	    332.40	    390.44	      3.26	      2.84	     57.07	     49.79	-7.59	 3.692e-04	      4.93	0	Gaussian	294.411126	44.932527
585	1	  0.001528	  0.000722	     -1.00	    687.74	    525.23	      4.71	      2.73	     82.50	     47.74	-51.04	 1.175e-04	      4.93	0	Gaussian	296.736975	45.613732
586	1	  0.001469	  0.000556	     -1.00	    719.21	    277.73	      5.09	      3.22	     89.17	     56.28	-41.65	 3.200e-05	      4.95	0	Gaussian	296.961033	44.453169
587	1	  0.001483	  0.000716	     -1.00	    768.75	    165.41	      4.09	      3.13	     71.65	     54.70	-7.30	 5.157e-05	      4.95	0	Gaussian	297.288919	43.926923
588	1	  0.001518	  0.000750	     -1.00	    694.34	    517.91	      4.02	      3.26	     70.35	     56.99	1.91	 1.092e-04	      4.95	0	Gaussian	296.781539	45.579836
589	1	  0.001559	  0.001029	     -1.00	    771.52	    360.19	      3.56	      2.70	     62.24	     47.33	-2.67	 3.072e-04	      4.95	0	Gaussian	297.301358	44.843176
590	1	  0.001493	  0.000976	     -1.00	    489.83	    753.41	      3.53	      2.71	     61.75	     47.45	-2.54	 5.513e-05	      4.95	0	Gaussian	295.377891	46.658478
591	1	  0.001491	  0.000834	     -1.00	    711.82	    717.98	      3.68	      2.88	     64.39	     50.33	-18.84	 5.263e-05	      4.95	0	Gaussian	296.885715	46.519399
592	1	  0.001528	  0.000413	     -1.00	    171.57	    671.65	      5.42	      4.17	     94.88	     72.97	-17.96	 8.825e-05	      4.96	0	Gaussian	293.264964	46.205706
593	1	  0.001473	  0.000945	     -1.00	    652.26	    333.48	      3.44	      2.93	     60.23	     51.34	-16.41	 5.356e-05	      4.96	0	Gaussian	296.517896	44.710722
594	1	  0.001479	  0.000874	     -1.00	    457.15	    161.65	      3.53	      2.99	     61.86	     52.39	-3.03	 4.937e-05	      4.96	0	Gaussian	295.271873	43.882541
595	1	  0.001513	  0.000916	     -1.00	    392.26	    728.25	      3.52	      2.83	     61.55	     49.49	-13.50	 1.421e-04	      4.96	0	Gaussian	294.724983	46.523050
596	1	  0.001501	  0.000768	     -1.00	    270.22	    416.55	      3.88	      2.99	     67.91	     52.38	-13.47	 6.791e-05	      4.97	0	Gaussian	293.997276	45.041232
597	1	  0.001498	  0.000876	     -1.00	    422.92	    713.54	      3.65	      2.90	     63.81	     50.71	-18.99	 6.537e-05	      4.97	0	Gaussian	294.934615	46.460354
598	1	  0.001494	  0.000855	     -1.00	    689.58	    173.68	      3.78	      3.01	     66.14	     52.67	-13.48	 6.379e-05	      4.97	0	Gaussian	296.774372	43.962350
599	1	  0.001475	  0.000850	     -1.00	     96.60	     43.21	      3.61	      3.20	     63.14	     56.05	-4.31	 4.332e-05	      4.97	0	Gaussian	293.001606	43.255892
600	1	  0.001510	  0.000633	     -1.00	    323.37	    319.69	      3.94	      3.83	     69.03	     67.07	-32.51	 8.334e-05	      4.97	0	Gaussian	294.370429	44.599852
601	1	  0.001489	  0.000726	     -1.00	    121.36	     56.43	      4.16	      2.70	     72.80	     47.27	-7.82	 7.669e-05	      4.98	0	Gaussian	293.153579	43.323929
602	1	  0.001474	  0.000541	     -1.00	    237.28	     75.34	      4.66	      3.52	     81.50	     61.66	-41.63	 5.912e-05	      4.98	0	Gaussian	293.883583	43.439272
603	1	  0.001502	  0.000922	     -1.00	    700.09	    236.19	      3.49	      2.87	     61.14	     50.15	-9.83	 7.454e-05	      4.99	0	Gaussian	296.838585	44.256843
604	1	  0.001509	  0.000770	     -1.00	    309.91	    456.58	      4.02	      2.82	     70.45	     49.40	5.59	 1.035e-04	      4.99	0	Gaussian	294.246291	45.237042
605	1	  0.001474	  0.000705	     -1.00	    375.50	    139.29	      3.77	      3.20	     66.06	     56.03	-25.15	 4.675e-05	      5.00	0	Gaussian	294.750913	43.765058
606	1	  0.001505	  0.000659	     -1.00	    435.07	    109.90	      4.60	      2.75	     80.56	     48.16	-1.94	 1.245e-04	      5.00	0	Gaussian	295.139692	43.636770
607	1	  0.001512	  0.000924	     -1.00	    450.06	    421.43	      3.58	      2.70	     62.72	     47.29	-24.63	 1.187e-04	      5.01	0	Gaussian	295.176022	45.098892
608	1	  0.001479	  0.000743	     -1.00	    188.31	     38.18	      3.93	      2.96	     68.83	     51.86	-16.47	 5.739e-05	      5.01	0	Gaussian	293.583716	43.254775
609	1	  0.001502	  0.000912	     -1.00	     47.90	    239.68	      3.53	      2.76	     61.71	     48.30	-9.28	 1.332e-04	      5.01	0	Gaussian	292.618430	44.158273
610	1	  0.001507	  0.000965	     -1.00	    646.09	    157.69	      3.59	      2.55	     62.82	     44.59	-12.45	 8.450e-05	      5.01	0	Gaussian	296.493690	43.884351
611	1	  0.001506	  0.000795	     -1.00	     38.50	    494.41	      3.73	      3.16	     65.36	     55.25	-10.00	 8.040e-05	      5.01	0	Gaussian	292.455753	45.341063
612	1	  0.001492	  0.000917	     -1.00	    677.05	    327.53	      3.80	      2.42	     66.54	     42.27	-17.86	 8.645e-05	      5.01	0	Gaussian	296.681257	44.684626
613	1	  0.001492	  0.000669	     -1.00	    358.43	    298.65	      4.79	      2.81	     83.77	     49.16	-16.13	 4.187e-05	      5.02	0	Gaussian	294.603626	44.508161
614	1	  0.001507	  0.000867	     -1.00	      6.42	    457.99	      3.49	      2.83	     61.11	     49.46	-3.30	 5.856e-05	      5.02	0	Gaussian	292.261929	45.161390
615	1	  0.001500	  0.000830	     -1.00	    606.76	    749.76	      3.69	      2.85	     64.60	     49.89	-5.79	 1.240e-04	      5.02	0	Gaussian	296.170333	46.658002
616	1	  0.001511	  0.000599	     -1.00	    175.80	    510.77	      5.01	      2.83	     87.70	     49.45	-7.37	 9.821e-05	      5.02	0	Gaussian	293.348633	45.457497
617	1	  0.001514	  0.000942	     -1.00	     86.47	    475.33	      3.33	      2.88	     58.33	     50.43	-7.97	 1.393e-04	      5.02	0	Gaussian	292.776484	45.267096
618	1	  0.001535	  0.000984	     -1.00	    659.23	     49.51	      3.33	      2.65	     58.27	     46.32	-10.01	 1.915e-04	      5.02	0	Gaussian	296.587908	43.376767
619	1	  0.001519	  0.000277	     -1.00	    672.24	     72.13	      9.17	      3.29	    160.55	     57.66	27.83	 1.795e-04	      5.02	0	Gaussian	296.669818	43.483938
620	1	  0.001512	  0.000809	     -1.00	     91.22	    208.36	      3.65	      2.95	     63.84	     51.57	-22.18	 7.181e-05	      5.02	0	Gaussian	292.907597	44.024590
621	1	  0.001517	  0.000852	     -1.00	    716.83	    164.23	      3.48	      2.91	     60.93	     50.95	-12.90	 1.068e-04	      5.02	0	Gaussian	296.951851	43.919410
622	1	  0.001467	  0.000804	     -1.00	    719.74	    131.26	      3.30	      3.29	     57.71	     57.51	56.70	 3.867e-05	      5.03	0	Gaussian	296.972533	43.764479
623	1	  0.001502	  0.000520	     -1.00	    462.37	    115.01	      4.43	      3.54	     77.55	     61.96	66.63	 8.616e-05	      5.03	0	Gaussian	295.314062	43.664568
624	1	  0.001466	  0.000660	     -1.00	    176.13	    710.52	      4.17	      2.95	     73.00	     51.62	-0.63	 3.806e-05	      5.03	0	Gaussian	293.281627	46.387879
625	1	  0.001483	  0.000722	     -1.00	    669.36	    472.30	      3.86	      3.07	     67.59	     53.81	-23.89	 4.008e-05	      5.03	0	Gaussian	296.618745	45.363889
626	1	  0.001478	  0.000555	     -1.00	    688.46	    102.07	      4.88	      3.01	     85.50	     52.67	-13.57	 7.978e-05	      5.03	0	Gaussian	296.772129	43.625608
627	1	  0.001513	  0.000818	     -1.00	    154.22	    318.32	      3.60	      2.90	     63.05	     50.79	-12.90	 8.129e-05	      5.04	0	Gaussian	293.273776	44.554318
628	1	  0.001495	  0.000829	     -1.00	     44.15	    625.52	      3.75	      2.73	     65.67	     47.72	-16.31	 6.792e-05	      5.04	0	Gaussian	292.438691	45.952353
629	1	  0.001588	  0.001151	     -1.00	    446.21	    398.38	      3.01	      2.40	     52.66	     42.03	-7.95	 3.250e-04	      5.04	0	Gaussian	295.155253	44.990350
630	1	  0.001531	  0.000862	     -1.00	    539.20	    230.43	      3.56	      2.76	     62.26	     48.28	-9.38	 8.299e-05	      5.04	0	Gaussian	295.791594	44.215816
631	1	  0.001516	  0.000962	     -1.00	    781.06	    283.59	      3.30	      2.72	     57.70	     47.55	-4.43	 1.375e-04	      5.04	0	Gaussian	297.366136	44.483263
632	1	  0.001515	  0.000741	     -1.00	    541.63	    141.80	      3.88	      3.14	     67.87	     54.89	-11.76	 1.400e-04	      5.04	0	Gaussian	295.820188	43.800104
633	1	  0.001473	  0.000381	     -1.00	     35.78	    130.19	      4.67	      4.60	     81.67	     80.59	-15.16	 3.983e-05	      5.05	0	Gaussian	292.583907	43.644718
634	1	  0.001512	  0.000630	     -1.00	    445.19	    606.18	      4.68	      2.94	     81.87	     51.38	-8.35	 1.095e-04	      5.05	0	Gaussian	295.106705	45.962686
635	1	  0.001472	  0.000786	     -1.00	    109.95	    760.37	      3.78	      2.99	     66.10	     52.25	-15.09	 3.489e-05	      5.05	0	Gaussian	292.821263	46.599857
636	1	  0.001490	  0.000674	     -1.00	     95.71	    587.19	      4.35	      2.93	     76.16	     51.26	-11.85	 5.469e-05	      5.05	0	Gaussian	292.793941	45.790412
637	1	  0.001515	  0.000898	     -1.00	    769.15	    515.49	      3.45	      2.74	     60.42	     47.90	-14.00	 1.463e-04	      5.06	0	Gaussian	297.280968	45.572837
638	1	  0.001536	  0.000769	     -1.00	    429.08	    297.33	      3.83	      2.80	     66.99	     48.95	-21.70	 1.458e-04	      5.06	0	Gaussian	295.063527	44.514234
639	1	  0.001521	  0.000897	     -1.00	    180.11	    518.39	      3.47	      2.69	     60.67	     47.13	-13.66	 9.925e-05	      5.06	0	Gaussian	293.374347	45.494199
640	1	  0.001475	  0.000510	     -1.00	    538.99	    730.68	      5.83	      2.87	    102.05	     50.31	-11.00	 6.899e-05	      5.06	0	Gaussian	295.714217	46.559834
641	1	  0.001495	  0.000651	     -1.00	    211.17	    564.25	      4.21	      2.95	     73.60	     51.64	-24.33	 6.917e-05	      5.07	0	Gaussian	293.563811	45.716132
642	1	  0.001484	  0.000694	     -1.00	    477.34	    240.35	      4.01	      2.88	     70.17	     50.35	-25.34	 4.313e-05	      5.07	0	Gaussian	295.388202	44.254420
643	1	  0.001519	  0.000864	     -1.00	    372.33	    565.04	      3.54	      2.78	     61.99	     48.73	15.15	 9.329e-05	      5.07	0	Gaussian	294.630808	45.756808
644	1	  0.001463	  0.000818	     -1.00	    687.68	    674.35	      3.44	      3.10	     60.24	     54.18	-5.27	 3.475e-05	      5.07	0	Gaussian	296.725370	46.313054
645	1	  0.001501	  0.000706	     -1.00	    257.35	     67.87	      3.76	      3.38	     65.86	     59.15	8.01	 8.034e-05	      5.07	0	Gaussian	294.013462	43.408554
646	1	  0.001478	  0.000546	     -1.00	    164.68	    146.46	      4.56	      3.43	     79.81	     59.99	-21.92	 3.793e-05	      5.07	0	Gaussian	293.398666	43.754903
647	1	  0.001500	  0.000761	     -1.00	    618.93	    106.55	      3.78	      2.89	     66.09	     50.63	-5.59	 7.982e-05	      5.07	0	Gaussian	296.323205	43.641960
648	1	  0.001515	  0.000515	     -1.00	    581.38	    425.44	      5.87	      2.66	    102.67	     46.61	-6.77	 2.686e-04	      5.08	0	Gaussian	296.041012	45.135585
649	1	  0.001488	  0.000838	     -1.00	    771.81	    241.55	      3.69	      2.67	     64.65	     46.79	-3.74	 8.309e-05	      5.08	0	Gaussian	297.306679	44.285227
650	1	  0.001530	  0.000589	     -1.00	    652.92	    146.22	      3.76	      3.64	     65.73	     63.80	1.45	 1.053e-04	      5.08	0	Gaussian	296.538963	43.830939
651	1	  0.001506	  0.000777	     -1.00	    335.40	    736.35	      3.77	      2.73	     66.00	     47.74	-25.25	 1.672e-04	      5.08	0	Gaussian	294.340462	46.548735
652	1	  0.001474	  0.000722	     -1.00	    448.41	    176.52	      3.78	      3.25	     66.21	     56.92	-14.15	 4.499e-05	      5.09	0	Gaussian	295.212691	43.951031
653	1	  0.001487	  0.000826	     -1.00	    197.09	    725.50	      3.53	      2.87	     61.77	     50.15	-17.68	 6.304e-05	      5.09	0	Gaussian	293.416483	46.463446
654	1	  0.001476	  0.000730	     -1.00	    718.22	    145.44	      4.05	      2.59	     70.96	     45.28	-21.13	 5.167e-05	      5.09	0	Gaussian	296.961925	43.831108
655	1	  0.001503	  0.000563	     -1.00	    510.97	     89.51	      3.83	      3.66	     67.05	     63.98	6.73	 1.165e-04	      5.10	0	Gaussian	295.630657	43.551172
656	1	  0.001515	  0.000788	     -1.00	    742.68	    144.79	      3.79	      2.89	     66.27	     50.53	4.18	 7.469e-05	      5.10	0	Gaussian	297.120508	43.829071
657	1	  0.001490	  0.000461	     -1.00	    617.25	    273.22	      4.58	      3.78	     80.12	     66.17	25.41	 6.517e-05	      5.11	0	Gaussian	296.294591	44.424710
658	1	  0.001497	  0.000726	     -1.00	    502.16	    279.49	      3.64	      3.05	     63.72	     53.32	-6.62	 7.672e-05	      5.11	0	Gaussian	295.542903	44.441340
659	1	  0.001492	  0.000822	     -1.00	    355.97	    668.97	      3.50	      2.70	     61.22	     47.19	-25.25	 6.853e-05	      5.11	0	Gaussian	294.495963	46.238843
660	1	  0.001483	  0.000864	     -1.00	    524.53	    598.47	      3.32	      2.87	     58.10	     50.18	-14.29	 5.552e-05	      5.12	0	Gaussian	295.638140	45.939160
661	1	  0.001519	  0.000343	     -1.00	    622.52	    724.26	      8.08	      2.69	    141.51	     47.01	-6.79	 3.050e-04	      5.13	0	Gaussian	296.280089	46.540460
662	1	  0.001511	  0.000644	     -1.00	    370.24	    520.53	      4.53	      2.70	     79.26	     47.29	-3.27	 8.421e-05	      5.13	0	Gaussian	294.627723	45.548356
663	1	  0.001494	  0.000775	     -1.00	    767.11	    114.86	      3.49	      2.94	     61.02	     51.51	-2.14	 4.484e-05	      5.13	0	Gaussian	297.279834	43.689034
664	1	  0.001544	  0.000649	     -1.00	    684.61	    793.26	      3.78	      3.00	     66.21	     52.44	-11.38	 8.937e-05	      5.13	0	Gaussian	296.695352	46.869704
665	1	  0.001498	  0.000330	     -1.00	    627.97	    525.65	      6.19	      3.89	    108.41	     68.14	58.68	 6.652e-05	      5.13	0	Gaussian	296.338339	45.610483
666	1	  0.001539	  0.000492	     -1.00	    499.45	     14.80	      4.99	      2.93	     87.43	     51.26	-36.71	 1.999e-04	      5.13	0	Gaussian	295.568816	43.199245
667	1	  0.001488	  0.000756	     -1.00	    375.83	    601.31	      3.68	      2.87	     64.41	     50.28	-8.75	 6.076e-05	      5.13	0	Gaussian	294.645303	45.926975
668	1	  0.001497	  0.000635	     -1.00	    152.18	     17.62	      4.14	      3.04	     72.47	     53.20	-0.77	 8.183e-05	      5.13	0	Gaussian	293.361652	43.150316
669	1	  0.001466	  0.000556	     -1.00	    453.84	    743.86	      5.03	      2.75	     88.11	     48.18	-30.83	 4.403e-05	      5.14	0	Gaussian	295.136589	46.607677
670	1	  0.001486	  0.000530	     -1.00	    239.98	    174.28	      4.90	      3.08	     85.72	     53.89	-6.00	 6.202e-05	      5.14	0	Gaussian	293.871935	43.902356
671	1	  0.001504	  0.000293	     -1.00	     23.11	     92.95	      6.40	      4.40	    112.10	     76.96	61.89	 9.379e-05	      5.14	0	Gaussian	292.518180	43.467597
672	1	  0.001516	  0.000654	     -1.00	     50.19	     48.21	      4.03	      2.72	     70.62	     47.54	-2.98	 1.170e-04	      5.14	0	Gaussian	292.706617	43.266801
673	1	  0.001476	  0.000554	     -1.00	    794.78	    133.00	      4.70	      2.93	     82.33	     51.35	-5.94	 3.810e-05	      5.14	0	Gaussian	297.458637	43.775041
674	1	  0.001495	  0.000543	     -1.00	    146.82	     78.70	      5.37	      2.75	     93.93	     48.06	-6.40	 6.761e-05	      5.14	0	Gaussian	293.307427	43.434191
675	1	  0.001522	  0.000781	     -1.00	    701.27	    209.68	      3.56	      2.74	     62.36	     48.01	-7.78	 1.415e-04	      5.15	0	Gaussian	296.847983	44.132268
676	1	  0.001522	  0.000807	     -1.00	     60.40	    537.67	      3.34	      2.97	     58.39	     52.06	-19.12	 1.215e-04	      5.15	0	Gaussian	292.581417	45.549198
677	1	  0.001507	  0.000491	     -1.00	    764.75	     29.33	      5.29	      2.69	     92.61	     47.04	-67.89	 1.847e-04	      5.15	0	Gaussian	297.267271	43.286490
678	1	  0.001485	  0.000617	     -1.00	    485.34	     29.52	      4.01	      3.01	     70.15	     52.65	-29.04	 7.259e-05	      5.16	0	Gaussian	295.476255	43.266561
679	1	  0.001555	  0.000836	     -1.00	     55.18	    444.91	      3.05	      3.01	     53.43	     52.70	-16.00	 2.754e-04	      5.16	0	Gaussian	292.584465	45.116001
680	1	  0.001507	  0.000743	     -1.00	    361.16	    569.74	      3.57	      2.89	     62.51	     50.52	-1.22	 8.778e-05	      5.16	0	Gaussian	294.555485	45.776528
681	1	  0.001514	  0.000710	     -1.00	    268.47	    304.41	      3.28	      3.20	     57.45	     56.06	-25.67	 7.139e-05	      5.18	0	Gaussian	294.018045	44.516866
682	1	  0.001506	  0.000609	     -1.00	    719.53	    312.19	      4.49	      2.79	     78.58	     48.82	-15.68	 9.797e-05	      5.18	0	Gaussian	296.961220	44.615191
683	1	  0.001561	  0.000896	     -1.00	    455.28	    404.46	      3.34	      2.63	     58.41	     45.97	-7.42	 1.737e-04	      5.18	0	Gaussian	295.213657	45.020267
684	1	  0.001504	  0.000318	     -1.00	    163.66	    201.90	      4.78	      4.56	     83.72	     79.77	68.38	 9.310e-05	      5.18	0	Gaussian	293.373809	44.013435
685	1	  0.001549	  0.000733	     -1.00	    126.20	    789.60	      3.57	      2.76	     62.54	     48.29	-10.81	 1.673e-04	      5.18	0	Gaussian	292.918679	46.740717
686	1	  0.001515	  0.000730	     -1.00	    501.30	    308.78	      3.58	      2.97	     62.66	     51.98	-12.78	 7.548e-05	      5.19	0	Gaussian	295.532389	44.578573
687	1	  0.001477	  0.000597	     -1.00	    573.68	    246.67	      4.04	      2.91	     70.69	     50.88	-15.45	 4.881e-05	      5.19	0	Gaussian	296.013637	44.295841
688	1	  0.001489	  0.000572	     -1.00	    254.84	    166.20	      4.18	      2.97	     73.18	     52.00	2.21	 7.722e-05	      5.20	0	Gaussian	293.969549	43.867782
689	1	  0.001519	  0.000490	     -1.00	    464.23	    588.57	      5.23	      2.88	     91.51	     50.33	-14.62	 1.199e-04	      5.20	0	Gaussian	295.237214	45.883561
690	1	  0.001529	  0.000759	     -1.00	    108.11	    539.64	      3.45	      2.79	     60.38	     48.91	-6.32	 9.044e-05	      5.20	0	Gaussian	292.893677	45.572898
691	1	  0.001523	  0.000707	     -1.00	    455.40	    604.20	      3.55	      2.91	     62.19	     50.87	-19.84	 9.900e-05	      5.20	0	Gaussian	295.175209	45.955181
692	1	  0.001478	  0.000687	     -1.00	    653.90	    483.63	      3.80	      2.85	     66.48	     49.84	-16.30	 3.220e-05	      5.21	0	Gaussian	296.515036	45.415736
693	1	  0.001502	  0.000541	     -1.00	    320.70	    238.55	      5.07	      2.71	     88.77	     47.45	-3.68	 7.114e-05	      5.21	0	Gaussian	294.373986	44.219712
694	1	  0.001465	  0.000655	     -1.00	    195.15	    420.92	      3.83	      2.97	     67.12	     52.07	-5.45	 3.049e-05	      5.21	0	Gaussian	293.505376	45.043541
695	1	  0.001472	  0.000439	     -1.00	    523.84	    303.21	      5.04	      3.04	     88.28	     53.23	15.75	 4.260e-05	      5.21	0	Gaussian	295.680566	44.555389
696	1	  0.001512	  0.000526	     -1.00	    138.34	    281.68	      5.00	      2.73	     87.51	     47.81	5.17	 8.330e-05	      5.21	0	Gaussian	293.183963	44.379258
697	1	  0.001529	  0.000788	     -1.00	     15.70	     97.46	      3.56	      2.52	     62.34	     44.16	-4.19	 8.822e-05	      5.21	0	Gaussian	292.469538	43.486449
698	1	  0.001532	  0.000681	     -1.00	    524.11	    441.35	      3.59	      2.96	     62.78	     51.74	-12.94	 1.359e-04	      5.21	0	Gaussian	295.660599	45.203126
699	1	  0.001508	  0.000553	     -1.00	    113.38	    514.37	      4.34	      3.01	     76.05	     52.61	-5.53	 6.658e-05	      5.21	0	Gaussian	292.937765	45.456789
700	1	  0.001473	  0.000627	     -1.00	    685.66	    626.93	      3.90	      3.23	     68.24	     56.46	-12.44	 3.916e-05	      5.22	0	Gaussian	296.715367	46.090572
701	1	  0.001496	  0.000692	     -1.00	    624.15	    630.60	      3.74	      2.78	     65.38	     48.68	-13.46	 6.978e-05	      5.23	0	Gaussian	296.301491	46.102027
702	1	  0.001489	  0.000322	     -1.00	    775.61	    215.34	      5.56	      3.93	     97.27	     68.73	-86.64	 5.427e-05	      5.23	0	Gaussian	297.332220	44.162066
703	1	  0.001544	  0.000614	     -1.00	    238.95	    247.31	      3.87	      2.91	     67.77	     50.92	-15.62	 1.571e-04	      5.23	0	Gaussian	293.843729	44.243443
704	1	  0.001499	  0.000682	     -1.00	    468.00	    404.33	      3.74	      2.90	     65.50	     50.68	-16.12	 5.959e-05	      5.23	0	Gaussian	295.297267	45.021630
705	1	  0.001485	  0.000654	     -1.00	    271.14	    584.43	      3.84	      2.81	     67.15	     49.14	-18.15	 4.447e-05	      5.23	0	Gaussian	293.954282	45.825183
706	1	  0.001499	  0.000555	     -1.00	    253.01	    669.23	      3.97	      2.93	     69.46	     51.24	-29.98	 5.499e-05	      5.23	0	Gaussian	293.808105	46.216196
707	1	  0.001496	  0.000635	     -1.00	    310.91	    777.67	      4.05	      2.62	     70.94	     45.88	-25.55	 5.196e-05	      5.24	0	Gaussian	294.164227	46.735652
708	1	  0.001531	  0.000618	     -1.00	    709.83	    682.17	      3.88	      2.86	     67.97	     50.07	-8.04	 1.027e-04	      5.24	0	Gaussian	296.874462	46.351419
709	1	  0.001477	  0.000577	     -1.00	     77.63	    318.09	      4.25	      2.97	     74.31	     52.02	-10.73	 3.851e-05	      5.24	0	Gaussian	292.779270	44.532197
710	1	  0.001494	  0.000238	     -1.00	    585.60	    467.03	      6.46	      4.65	    113.15	     81.33	-14.52	 5.912e-05	      5.24	0	Gaussian	296.063636	45.331111
711	1	  0.001512	  0.000586	     -1.00	    188.56	    246.08	      4.50	      2.79	     78.76	     48.77	-19.48	 1.281e-04	      5.24	0	Gaussian	293.519349	44.225873
712	1	  0.001490	  0.000703	     -1.00	    765.59	    343.58	      3.44	      3.06	     60.21	     53.52	-7.33	 5.220e-05	      5.25	0	Gaussian	297.262726	44.764837
713	1	  0.001484	  0.000593	     -1.00	    430.18	    192.34	      4.03	      2.85	     70.60	     49.89	-19.41	 5.673e-05	      5.25	0	Gaussian	295.091883	44.022456
714	1	  0.001475	  0.000530	     -1.00	    486.95	     76.83	      4.15	      3.12	     72.70	     54.70	7.76	 4.476e-05	      5.25	0	Gaussian	295.478612	43.488736
715	1	  0.001520	  0.000444	     -1.00	    661.51	    437.44	      5.09	      2.99	     89.09	     52.39	-9.36	 6.935e-05	      5.25	0	Gaussian	296.569700	45.199583
716	1	  0.001533	  0.000703	     -1.00	    655.86	    287.05	      3.49	      2.84	     61.16	     49.76	-7.94	 2.961e-04	      5.25	0	Gaussian	296.545640	44.492882
717	1	  0.001486	  0.000668	     -1.00	    515.20	     60.58	      3.69	      2.84	     64.62	     49.74	-3.32	 6.136e-05	      5.25	0	Gaussian	295.662345	43.415912
718	1	  0.001490	  0.000665	     -1.00	    191.17	     73.87	      3.59	      2.95	     62.91	     51.70	0.35	 9.416e-05	      5.26	0	Gaussian	293.590710	43.422173
719	1	  0.001481	  0.000620	     -1.00	    182.79	    311.00	      3.90	      2.83	     68.31	     49.50	-13.69	 4.787e-05	      5.26	0	Gaussian	293.461069	44.527500
720	1	  0.001513	  0.000767	     -1.00	    629.58	     50.78	      3.46	      2.78	     60.49	     48.59	-11.86	 1.709e-04	      5.26	0	Gaussian	296.397351	43.380716
721	1	  0.001490	  0.000744	     -1.00	    749.61	    655.35	      3.25	      2.95	     56.80	     51.66	-16.44	 4.780e-05	      5.26	0	Gaussian	297.144657	46.228285
722	1	  0.001465	  0.000709	     -1.00	    448.86	     15.52	      3.64	      2.78	     63.64	     48.63	-9.05	 3.138e-05	      5.27	0	Gaussian	295.245912	43.196172
723	1	  0.001482	  0.000570	     -1.00	    672.38	    620.14	      4.00	      2.90	     70.04	     50.70	-20.07	 5.155e-05	      5.27	0	Gaussian	296.626636	46.057651
724	1	  0.001502	  0.000646	     -1.00	    397.15	    338.32	      3.71	      2.85	     64.97	     49.89	-23.81	 6.049e-05	      5.27	0	Gaussian	294.846660	44.700863
725	1	  0.001498	  0.000313	     -1.00	      9.78	    714.26	      6.39	      3.44	    111.81	     60.18	33.22	 7.430e-05	      5.28	0	Gaussian	292.173467	46.352757
726	1	  0.001470	  0.000608	     -1.00	    349.88	    645.79	      3.91	      2.96	     68.44	     51.85	-11.54	 2.995e-05	      5.28	0	Gaussian	294.461206	46.129364
727	1	  0.001548	  0.000195	     -1.00	     72.27	    411.99	     14.91	      2.42	    260.93	     42.28	2.20	 3.218e-04	      5.28	0	Gaussian	292.708474	44.967938
728	1	  0.001492	  0.000521	     -1.00	    428.37	    415.62	      4.02	      3.11	     70.33	     54.45	-36.81	 6.306e-05	      5.28	0	Gaussian	295.034548	45.068142
729	1	  0.001489	  0.000538	     -1.00	    143.71	    114.26	      4.22	      2.71	     73.90	     47.42	-11.09	 5.800e-05	      5.28	0	Gaussian	293.275732	43.599381
730	1	  0.001485	  0.000636	     -1.00	    628.53	    564.48	      3.82	      3.10	     66.80	     54.19	-8.80	 5.262e-05	      5.28	0	Gaussian	296.337964	45.792601
731	1	  0.001482	  0.000707	     -1.00	    627.80	    511.71	      3.63	      2.71	     63.54	     47.38	-14.62	 5.413e-05	      5.29	0	Gaussian	296.338676	45.545050
732	1	  0.001534	  0.000487	     -1.00	    560.87	    613.63	      5.80	      2.26	    101.51	     39.63	0.58	 1.730e-04	      5.29	0	Gaussian	295.879025	46.015090
733	1	  0.001508	  0.000674	     -1.00	    111.76	    492.69	      3.62	      2.78	     63.40	     48.61	-9.85	 6.342e-05	      5.29	0	Gaussian	292.935243	45.355344
734	1	  0.001523	  0.000535	     -1.00	    163.45	    321.11	      3.74	      3.32	     65.53	     58.11	33.05	 1.498e-04	      5.29	0	Gaussian	293.332522	44.569763
735	1	  0.001497	  0.000496	     -1.00	    719.64	     75.29	      5.20	      2.55	     90.94	     44.59	11.12	 8.711e-05	      5.30	0	Gaussian	296.974901	43.501229
736	1	  0.001483	  0.000704	     -1.00	    687.45	    581.89	      3.61	      2.82	     63.10	     49.34	-8.17	 4.898e-05	      5.30	0	Gaussian	296.730826	45.879529
737	1	  0.001530	  0.000402	     -1.00	    434.75	     36.84	      4.93	      3.44	     86.38	     60.28	54.97	 1.585e-04	      5.30	0	Gaussian	295.151840	43.294167
738	1	  0.001504	  0.000689	     -1.00	    682.88	    569.46	      3.50	      2.82	     61.28	     49.27	-12.41	 8.394e-05	      5.30	0	Gaussian	296.701137	45.820840
739	1	  0.001498	  0.000650	     -1.00	    606.97	    354.67	      3.63	      2.93	     63.54	     51.35	-17.26	 8.292e-05	      5.30	0	Gaussian	296.218249	44.806186
740	1	  0.001520	  0.000634	     -1.00	    380.26	    786.46	      3.75	      2.69	     65.57	     47.14	-13.72	 1.043e-04	      5.31	0	Gaussian	294.629965	46.792179
741	1	  0.001503	  0.000510	     -1.00	    779.22	    153.62	      4.94	      2.57	     86.39	     44.96	9.67	 9.959e-05	      5.31	0	Gaussian	297.357241	43.871765
742	1	  0.001481	  0.000595	     -1.00	    390.46	    219.93	      4.14	      2.65	     72.38	     46.30	-5.84	 6.874e-05	      5.31	0	Gaussian	294.829356	44.145294
743	1	  0.001491	  0.000672	     -1.00	    593.56	     25.85	      3.71	      2.81	     64.89	     49.19	-6.08	 5.265e-05	      5.31	0	Gaussian	296.169044	43.260715
744	1	  0.001475	  0.000653	     -1.00	    592.44	    672.82	      3.25	      3.11	     56.80	     54.37	-15.06	 4.651e-05	      5.31	0	Gaussian	296.083128	46.296199
745	1	  0.001484	  0.000614	     -1.00	    721.75	    741.25	      3.80	      2.86	     66.49	     50.03	-10.14	 5.140e-05	      5.31	0	Gaussian	296.951664	46.629167
746	1	  0.001503	  0.000577	     -1.00	    700.93	    142.60	      4.15	      2.59	     72.63	     45.27	-20.39	 1.090e-04	      5.31	0	Gaussian	296.850071	43.816865
747	1	  0.001499	  0.000531	     -1.00	    205.41	    488.51	      3.99	      2.93	     69.77	     51.23	-16.47	 5.726e-05	      5.31	0	Gaussian	293.550490	45.361498
748	1	  0.001493	  0.000479	     -1.00	    376.61	    487.28	      4.59	      3.13	     80.33	     54.70	-22.46	 6.334e-05	      5.31	0	Gaussian	294.677760	45.394103
749	1	  0.001517	  0.000623	     -1.00	    777.96	      7.03	      3.61	      3.01	     63.20	     52.70	-7.92	 9.991e-05	      5.32	0	Gaussian	297.352741	43.181867
750	1	  0.001496	  0.000522	     -1.00	    156.14	     55.62	      4.07	      2.93	     71.18	     51.30	-12.91	 1.376e-04	      5.32	0	Gaussian	293.374209	43.328716
751	1	  0.001523	  0.000706	     -1.00	    247.14	    337.97	      3.42	      2.73	     59.90	     47.72	-6.57	 2.365e-04	      5.32	0	Gaussian	293.869824	44.668869
752	1	  0.001486	  0.000603	     -1.00	    111.71	    336.52	      3.88	      2.72	     67.86	     47.62	-13.89	 5.309e-05	      5.32	0	Gaussian	292.992450	44.627712
753	1	  0.001525	  0.000559	     -1.00	    785.84	     14.84	      3.87	      3.08	     67.75	     53.98	-5.98	 1.725e-04	      5.32	0	Gaussian	297.403181	43.218726
754	1	  0.001479	  0.000667	     -1.00	    337.87	    606.96	      3.13	      2.87	     54.72	     50.16	84.25	 4.431e-05	      5.32	0	Gaussian	294.391238	45.945468
755	1	  0.001482	  0.000530	     -1.00	    424.71	    325.34	      4.31	      2.94	     75.37	     51.45	-10.53	 6.890e-05	      5.32	0	Gaussian	295.029335	44.644750
756	1	  0.001477	  0.000552	     -1.00	    215.21	    321.12	      4.15	      2.66	     72.59	     46.62	-19.19	 3.959e-05	      5.33	0	Gaussian	293.667735	44.582669
757	1	  0.001475	  0.000473	     -1.00	    587.38	    197.18	      4.25	      3.09	     74.35	     54.14	-32.50	 5.325e-05	      5.33	0	Gaussian	296.108902	44.064855
758	1	  0.001487	  0.000364	     -1.00	    390.65	    414.45	      5.51	      3.20	     96.51	     56.05	16.03	 5.896e-05	      5.33	0	Gaussian	294.787077	45.056057
759	1	  0.001495	  0.000610	     -1.00	    209.29	     83.42	      3.88	      2.68	     67.95	     46.86	-14.43	 8.084e-05	      5.33	0	Gaussian	293.703006	43.470915
760	1	  0.001494	  0.000507	     -1.00	    285.83	    167.07	      4.29	      2.73	     75.07	     47.84	-1.76	 8.073e-05	      5.33	0	Gaussian	294.168154	43.878329
761	1	  0.001578	  0.000755	     -1.00	    466.01	    387.39	      3.31	      2.58	     57.89	     45.09	-9.15	 5.037e-04	      5.34	0	Gaussian	295.287416	44.941961
762	1	  0.001532	  0.000595	     -1.00	     30.83	    577.68	      3.79	      2.79	     66.30	     48.82	-16.80	 9.100e-05	      5.34	0	Gaussian	292.370988	45.725702
763	1	  0.001494	  0.000593	     -1.00	    195.36	    514.59	      3.85	      2.79	     67.44	     48.81	-14.60	 5.852e-05	      5.34	0	Gaussian	293.475924	45.480489
764	1	  0.001491	  0.000674	     -1.00	    291.61	    675.29	      3.08	      2.97	     53.96	     51.94	61.34	 5.468e-05	      5.34	0	Gaussian	294.063953	46.253870
765	1	  0.001502	  0.000554	     -1.00	    305.81	    365.10	      3.98	      2.88	     69.62	     50.37	-16.84	 5.945e-05	      5.34	0	Gaussian	294.244097	44.808562
766	1	  0.001477	  0.000595	     -1.00	    375.88	    272.46	      3.92	      2.75	     68.58	     48.12	-11.64	 3.782e-05	      5.35	0	Gaussian	294.723055	44.388734
767	1	  0.001502	  0.000577	     -1.00	    213.14	    581.67	      3.94	      2.86	     69.01	     50.08	-16.34	 5.280e-05	      5.35	0	Gaussian	293.571113	45.797887
768	1	  0.001498	  0.000417	     -1.00	    635.38	    634.75	      5.72	      2.74	    100.17	     47.96	-20.78	 8.195e-05	      5.35	0	Gaussian	296.376549	46.122656
769	1	  0.001570	  0.000634	     -1.00	    621.52	    446.65	      3.86	      2.48	     67.64	     43.34	-6.08	 9.191e-05	      5.35	0	Gaussian	296.303975	45.239263
770	1	  0.001527	  0.000476	     -1.00	    114.24	    379.12	      4.58	      2.89	     80.10	     50.63	-26.41	 1.041e-04	      5.36	0	Gaussian	292.993346	44.827009
771	1	  0.001500	  0.000574	     -1.00	    326.20	    417.81	      3.79	      2.92	     66.31	     51.03	-7.72	 6.696e-05	      5.36	0	Gaussian	294.363472	45.059233
772	1	  0.001515	  0.000551	     -1.00	    708.07	    169.72	      3.90	      2.83	     68.27	     49.57	-1.53	 1.226e-04	      5.36	0	Gaussian	296.894650	43.944792
773	1	  0.001491	  0.000357	     -1.00	    311.87	     15.60	      5.68	      3.33	     99.44	     58.36	-1.81	 9.912e-05	      5.36	0	Gaussian	294.374076	43.174640
774	1	  0.001506	  0.000410	     -1.00	    226.55	    248.45	      4.78	      3.19	     83.67	     55.76	-31.36	 9.932e-05	      5.36	0	Gaussian	293.763426	44.245947
775	1	  0.001489	  0.000493	     -1.00	    401.88	    584.43	      4.26	      3.05	     74.64	     53.42	-16.12	 6.098e-05	      5.36	0	Gaussian	294.822676	45.853134
776	1	  0.001496	  0.000500	     -1.00	    696.48	    106.03	      4.80	      2.45	     83.99	     42.85	12.20	 8.667e-05	      5.37	0	Gaussian	296.823680	43.644664
777	1	  0.001485	  0.000538	     -1.00	    238.00	    413.39	      3.96	      2.95	     69.24	     51.62	-22.07	 4.575e-05	      5.37	0	Gaussian	293.787585	45.018961
778	1	  0.001467	  0.000490	     -1.00	    760.45	    151.53	      4.58	      2.86	     80.09	     50.08	-9.23	 3.878e-05	      5.37	0	Gaussian	297.235522	43.861389
779	1	  0.001487	  0.000483	     -1.00	    526.41	    144.22	      4.06	      3.06	     71.10	     53.54	-32.04	 6.484e-05	      5.37	0	Gaussian	295.721608	43.809728
780	1	  0.001479	  0.000533	     -1.00	     46.99	    752.38	      4.10	      2.93	     71.82	     51.29	-15.91	 5.530e-05	      5.37	0	Gaussian	292.404377	46.542350
781	1	  0.001496	  0.000474	     -1.00	    409.63	    749.23	      4.15	      2.89	     72.71	     50.56	-11.98	 6.769e-05	      5.37	0	Gaussian	294.837070	46.624439
782	1	  0.001501	  0.000636	     -1.00	     70.00	    443.42	      3.60	      2.81	     62.95	     49.17	-16.39	 5.213e-05	      5.37	0	Gaussian	292.681462	45.113567
783	1	  0.001523	  0.000493	     -1.00	    578.15	    146.74	      4.57	      2.93	     79.97	     51.25	-49.23	 1.469e-04	      5.37	0	Gaussian	296.055319	43.827095
784	1	  0.001515	  0.000518	     -1.00	     58.97	    485.47	      3.89	      2.99	     68.17	     52.38	-9.68	 6.446e-05	      5.37	0	Gaussian	292.592971	45.305890
785	1	  0.001477	  0.000502	     -1.00	    170.05	    415.06	      4.23	      2.92	     74.11	     51.04	-23.71	 4.375e-05	      5.37	0	Gaussian	293.343592	45.009735
786	1	  0.001508	  0.000657	     -1.00	    374.89	    100.67	      3.48	      2.74	     60.94	     48.02	-5.55	 1.475e-04	      5.38	0	Gaussian	294.755697	43.584044
787	1	  0.001490	  0.000681	     -1.00	    295.39	    618.24	      3.19	      2.92	     55.91	     51.19	-18.48	 8.481e-05	      5.38	0	Gaussian	294.105539	45.988636
788	1	  0.001641	  0.000738	     -1.00	    257.23	    297.21	      3.31	      2.42	     57.97	     42.28	-7.11	 7.125e-04	      5.38	0	Gaussian	293.947273	44.480709
789	1	  0.001485	  0.000551	     -1.00	     12.91	    246.41	      4.00	      2.78	     70.05	     48.59	-14.26	 4.336e-05	      5.39	0	Gaussian	292.391800	44.179160
790	1	  0.001526	  0.000481	     -1.00	    728.87	    588.45	      4.95	      2.63	     86.71	     45.96	-42.83	 1.860e-04	      5.39	0	Gaussian	297.008224	45.913202
791	1	  0.001494	  0.000434	     -1.00	    656.75	    219.21	      4.35	      3.25	     76.11	     56.95	-38.15	 4.822e-05	      5.39	0	Gaussian	296.557398	44.174217
792	1	  0.001526	  0.000316	     -1.00	    295.24	    442.21	      6.41	      2.62	    112.28	     45.83	1.24	 1.363e-04	      5.39	0	Gaussian	294.153904	45.166718
793	1	  0.001497	  0.000646	     -1.00	    195.77	    291.67	      3.61	      2.66	     63.12	     46.55	-15.03	 6.764e-05	      5.39	0	Gaussian	293.551228	44.440476
794	1	  0.001537	  0.000592	     -1.00	    658.19	    157.38	      3.65	      2.80	     63.81	     49.04	-35.31	 9.876e-05	      5.39	0	Gaussian	296.572102	43.883742
795	1	  0.001467	  0.000398	     -1.00	    448.49	    623.51	      5.13	      3.04	     89.87	     53.20	-35.09	 3.470e-05	      5.39	0	Gaussian	295.125160	46.044300
796	1	  0.001481	  0.000485	     -1.00	    184.18	     52.46	      4.01	      3.09	     70.13	     54.09	-5.60	 5.783e-05	      5.39	0	Gaussian	293.553060	43.320521
797	1	  0.001543	  0.000588	     -1.00	    667.16	    417.03	      4.76	      2.21	     83.36	     38.74	14.01	 1.062e-04	      5.40	0	Gaussian	296.608816	45.104223
798	1	  0.001535	  0.000616	     -1.00	    365.83	    458.30	      3.74	      2.56	     65.49	     44.78	-15.03	 1.590e-04	      5.40	0	Gaussian	294.613632	45.256494
799	1	  0.001475	  0.000530	     -1.00	    780.69	    502.29	      4.07	      2.79	     71.15	     48.80	-17.24	 7.027e-05	      5.40	0	Gaussian	297.358327	45.511322
800	1	  0.001521	  0.000591	     -1.00	    494.82	    290.46	      3.70	      2.88	     64.83	     50.37	-8.66	 1.505e-04	      5.40	0	Gaussian	295.493256	44.491819
801	1	  0.001484	  0.000548	     -1.00	    735.59	    507.47	      4.00	      2.59	     70.03	     45.27	-8.64	 4.303e-05	      5.40	0	Gaussian	297.057273	45.533517
802	1	  0.001488	  0.000519	     -1.00	    413.61	    335.06	      4.16	      2.73	     72.76	     47.87	-22.88	 5.647e-05	      5.40	0	Gaussian	294.954839	44.688434
803	1	  0.001506	  0.000572	     -1.00	    168.45	    195.22	      3.74	      2.78	     65.48	     48.71	-20.87	 7.807e-05	      5.41	0	Gaussian	293.406769	43.983476
804	1	  0.001528	  0.000634	     -1.00	     17.71	    466.60	      3.54	      2.69	     62.01	     47.02	-13.56	 9.349e-05	      5.41	0	Gaussian	292.331773	45.205081
805	1	  0.001497	  0.000613	     -1.00	    487.99	    221.85	      3.68	      2.77	     64.47	     48.50	-8.07	 5.653e-05	      5.41	0	Gaussian	295.460526	44.169146
806	1	  0.001497	  0.000515	     -1.00	    550.34	    378.47	      3.97	      2.78	     69.47	     48.59	-15.88	 6.629e-05	      5.41	0	Gaussian	295.842914	44.911657
807	1	  0.001547	  0.000634	     -1.00	    742.98	    115.37	      3.66	      2.57	     64.02	     44.99	-16.61	 4.181e-04	      5.41	0	Gaussian	297.123734	43.690692
808	1	  0.001496	  0.000495	     -1.00	    503.51	    477.02	      3.77	      3.30	     66.03	     57.69	3.49	 5.478e-05	      5.42	0	Gaussian	295.518553	45.367429
809	1	  0.001511	  0.000589	     -1.00	    345.97	    669.42	      3.60	      2.89	     62.98	     50.66	-4.68	 9.461e-05	      5.42	0	Gaussian	294.428970	46.238821
810	1	  0.001486	  0.000546	     -1.00	    678.77	    162.65	      3.80	      2.89	     66.48	     50.53	-18.53	 6.992e-05	      5.42	0	Gaussian	296.705040	43.909875
811	1	  0.001531	  0.000175	     -1.00	    494.91	    270.51	      5.70	      2.20	     99.82	     38.59	10.85	 1.412e-04	      5.42	0	Gaussian	295.497176	44.398238
812	1	  0.001483	  0.000495	     -1.00	    669.07	    281.25	      4.05	      2.93	     70.97	     51.26	-28.17	 5.025e-05	      5.42	0	Gaussian	296.632575	44.466637
813	1	  0.001516	  0.000466	     -1.00	    192.79	    632.20	      4.38	      2.93	     76.65	     51.23	2.21	 1.726e-04	      5.43	0	Gaussian	293.419511	46.027901
814	1	  0.001509	  0.000553	     -1.00	     81.98	    537.27	      3.87	      2.71	     67.82	     47.41	-25.73	 2.593e-04	      5.43	0	Gaussian	292.723093	45.553970
815	1	  0.001484	  0.000462	     -1.00	    606.68	    287.97	      4.17	      2.93	     72.94	     51.31	-16.36	 4.772e-05	      5.43	0	Gaussian	296.223902	44.493011
816	1	  0.001498	  0.000529	     -1.00	    743.90	    160.17	      3.95	      2.92	     69.09	     51.16	-14.11	 1.190e-04	      5.43	0	Gaussian	297.127788	43.901477
817	1	  0.001473	  0.000441	     -1.00	    511.02	    620.35	      4.28	      3.15	     74.99	     55.10	-15.53	 4.996e-05	      5.43	0	Gaussian	295.544118	46.039629
818	1	  0.001522	  0.000594	     -1.00	    609.20	    215.29	      3.65	      2.73	     63.96	     47.75	-17.11	 8.990e-05	      5.43	0	Gaussian	296.248454	44.151934
819	1	  0.001531	  0.000416	     -1.00	    745.74	    706.77	      4.98	      2.76	     87.20	     48.35	15.34	 9.118e-05	      5.44	0	Gaussian	297.116252	46.469174
820	1	  0.001486	  0.000549	     -1.00	     79.96	     24.73	      3.78	      2.97	     66.25	     52.01	-17.29	 4.477e-05	      5.44	0	Gaussian	292.903196	43.165359
821	1	  0.001482	  0.000442	     -1.00	    414.46	    384.63	      4.83	      2.86	     84.62	     50.08	6.10	 6.819e-05	      5.44	0	Gaussian	294.949778	44.920663
822	1	  0.001494	  0.000529	     -1.00	      6.55	    778.18	      3.83	      2.84	     67.09	     49.68	-28.73	 5.095e-05	      5.44	0	Gaussian	292.123703	46.648016
823	1	  0.001520	  0.000519	     -1.00	    557.13	    578.31	      3.86	      2.84	     67.55	     49.78	-11.36	 1.736e-04	      5.44	0	Gaussian	295.859082	45.849218
824	1	  0.001506	  0.000559	     -1.00	     77.20	    403.78	      3.73	      2.78	     65.32	     48.67	-14.06	 7.926e-05	      5.44	0	Gaussian	292.743705	44.931188
825	1	  0.001541	  0.000360	     -1.00	    600.66	    449.54	      4.95	      3.62	     86.57	     63.31	9.22	 1.110e-04	      5.45	0	Gaussian	296.165561	45.250699
826	1	  0.001467	  0.000495	     -1.00	    392.50	    109.04	      4.04	      2.78	     70.79	     48.63	-6.84	 3.491e-05	      5.45	0	Gaussian	294.866743	43.626143
827	1	  0.001506	  0.000534	     -1.00	    293.26	    463.21	      3.81	      2.79	     66.67	     48.90	-25.63	 6.887e-05	      5.45	0	Gaussian	294.135099	45.264356
828	1	  0.001490	  0.000380	     -1.00	    271.08	    246.18	      5.10	      2.86	     89.29	     50.11	2.72	 6.723e-05	      5.45	0	Gaussian	294.051377	44.245201
829	1	  0.001488	  0.000420	     -1.00	    663.93	    763.25	      4.82	      2.96	     84.32	     51.79	-9.45	 4.758e-05	      5.46	0	Gaussian	296.557101	46.727307
830	1	  0.001496	  0.000543	     -1.00	    762.03	    310.64	      3.99	      2.58	     69.76	     45.12	-12.78	 7.043e-05	      5.46	0	Gaussian	297.240389	44.609827
831	1	  0.001481	  0.000477	     -1.00	    760.84	    208.63	      4.12	      2.85	     72.13	     49.83	-24.91	 5.004e-05	      5.46	0	Gaussian	297.236119	44.129998
832	1	  0.001492	  0.000490	     -1.00	     16.80	    305.85	      3.98	      2.85	     69.66	     49.93	0.92	 7.192e-05	      5.46	0	Gaussian	292.392480	44.456988
833	1	  0.001472	  0.000566	     -1.00	    524.71	    728.64	      3.87	      2.56	     67.65	     44.88	-20.35	 7.072e-05	      5.47	0	Gaussian	295.618043	46.548185
834	1	  0.001467	  0.000448	     -1.00	    170.64	    726.73	      4.22	      2.77	     73.94	     48.46	-35.44	 5.409e-05	      5.47	0	Gaussian	293.239257	46.461723
835	1	  0.001491	  0.000374	     -1.00	    452.93	    210.64	      4.42	      3.32	     77.41	     58.08	-24.91	 7.670e-05	      5.47	0	Gaussian	295.235449	44.111660
836	1	  0.001454	  0.000552	     -1.00	    465.99	    730.43	      3.76	      2.92	     65.85	     51.14	-18.45	 3.697e-05	      5.47	0	Gaussian	295.221254	46.547088
837	1	  0.001521	  0.000653	     -1.00	    597.98	    364.79	      3.42	      2.61	     59.94	     45.60	-5.84	 9.606e-05	      5.47	0	Gaussian	296.157972	44.852753
838	1	  0.001500	  0.000540	     -1.00	    629.25	    359.94	      3.68	      2.87	     64.40	     50.24	-6.44	 5.393e-05	      5.47	0	Gaussian	296.364151	44.833001
839	1	  0.001652	  0.000794	     -1.00	    269.05	     83.10	      2.99	      2.32	     52.32	     40.62	-9.13	 6.566e-04	      5.47	0	Gaussian	294.083763	43.482174
840	1	  0.001499	  0.000573	     -1.00	    393.56	    136.74	      3.52	      3.01	     61.65	     52.71	-12.85	 8.283e-05	      5.48	0	Gaussian	294.867520	43.756100
841	1	  0.001500	  0.000574	     -1.00	    109.25	    628.06	      3.44	      3.09	     60.17	     54.10	1.08	 6.788e-05	      5.48	0	Gaussian	292.867617	45.984624
842	1	  0.001514	  0.000542	     -1.00	    761.64	    744.67	      3.95	      2.30	     69.13	     40.28	-17.38	 2.026e-04	      5.49	0	Gaussian	297.222673	46.647757
843	1	  0.001480	  0.000355	     -1.00	    745.46	    574.67	      5.53	      2.75	     96.75	     48.16	-6.91	 5.558e-05	      5.49	0	Gaussian	297.120199	45.849547
844	1	  0.001495	  0.000520	     -1.00	     83.15	    684.15	      3.64	      2.77	     63.72	     48.41	-35.37	 4.863e-05	      5.49	0	Gaussian	292.672839	46.237311
845	1	  0.001530	  0.000656	     -1.00	    700.77	    677.55	      3.44	      2.46	     60.24	     43.07	-3.04	 1.566e-04	      5.49	0	Gaussian	296.813538	46.329086
846	1	  0.001540	  0.000454	     -1.00	    465.80	    660.28	      4.27	      2.65	     74.70	     46.37	-15.18	 1.517e-04	      5.50	0	Gaussian	295.233792	46.219210
847	1	  0.001498	  0.000605	     -1.00	    239.67	    672.24	      3.07	      2.58	     53.71	     45.14	-73.77	 5.720e-05	      5.50	0	Gaussian	293.718234	46.226806
848	1	  0.001488	  0.000511	     -1.00	    189.43	    537.03	      4.00	      2.78	     70.05	     48.59	-16.83	 5.479e-05	      5.50	0	Gaussian	293.429437	45.583550
849	1	  0.001498	  0.000358	     -1.00	    673.91	    397.56	      5.50	      2.88	     96.29	     50.46	6.23	 5.682e-05	      5.50	0	Gaussian	296.655029	45.013313
850	1	  0.001502	  0.000635	     -1.00	    144.41	    584.46	      2.97	      2.62	     51.99	     45.89	-15.56	 7.737e-05	      5.50	0	Gaussian	293.116069	45.792109
851	1	  0.001474	  0.000452	     -1.00	    621.33	    295.47	      4.00	      3.00	     70.01	     52.57	-19.85	 4.031e-05	      5.50	0	Gaussian	296.318925	44.529566
852	1	  0.001501	  0.000423	     -1.00	    396.78	    555.66	      4.18	      2.99	     73.18	     52.37	-32.50	 6.619e-05	      5.50	0	Gaussian	294.795334	45.717698
853	1	  0.001472	  0.000466	     -1.00	    536.54	    187.94	      3.79	      3.23	     66.41	     56.53	-15.72	 3.688e-05	      5.50	0	Gaussian	295.780605	44.016104
854	1	  0.001487	  0.000499	     -1.00	     42.54	    582.51	      4.05	      3.05	     70.96	     53.32	-4.33	 5.616e-05	      5.51	0	Gaussian	292.445920	45.751968
855	1	  0.001514	  0.000405	     -1.00	    642.22	    533.48	      4.95	      2.68	     86.64	     46.98	-7.20	 8.376e-05	      5.51	0	Gaussian	296.432596	45.648567
856	1	  0.001543	  0.000499	     -1.00	    659.70	    418.13	      3.91	      2.51	     68.48	     43.95	-7.93	 1.220e-04	      5.51	0	Gaussian	296.559395	45.108802
857	1	  0.001502	  0.000477	     -1.00	    361.36	    705.71	      4.05	      2.56	     70.85	     44.75	-25.13	 6.962e-05	      5.51	0	Gaussian	294.522822	46.411457
858	1	  0.001485	  0.000385	     -1.00	    397.64	    257.28	      4.17	      3.33	     72.99	     58.35	-2.01	 3.966e-05	      5.52	0	Gaussian	294.867629	44.321446
859	1	  0.001481	  0.000424	     -1.00	    595.64	    219.88	      4.31	      2.91	     75.45	     50.97	-14.78	 4.643e-05	      5.52	0	Gaussian	296.159801	44.172241
860	1	  0.001489	  0.000505	     -1.00	    338.01	     61.92	      3.90	      2.78	     68.30	     48.59	0.27	 6.326e-05	      5.52	0	Gaussian	294.529028	43.396195
861	1	  0.001501	  0.000515	     -1.00	     46.26	    555.82	      3.56	      3.16	     62.25	     55.34	-22.66	 5.945e-05	      5.52	0	Gaussian	292.481342	45.629087
862	1	  0.001497	  0.000497	     -1.00	    510.75	    103.47	      3.91	      2.72	     68.46	     47.69	-9.00	 1.033e-04	      5.52	0	Gaussian	295.627067	43.616650
863	1	  0.001491	  0.000492	     -1.00	    460.76	    457.25	      3.89	      2.80	     68.05	     48.97	-16.32	 4.247e-05	      5.52	0	Gaussian	295.239598	45.268352
864	1	  0.001510	  0.000384	     -1.00	    513.74	    395.65	      5.76	      2.37	    100.82	     41.49	-13.07	 1.402e-04	      5.52	0	Gaussian	295.599596	44.987513
865	1	  0.001494	  0.000479	     -1.00	    174.02	    249.54	      3.96	      2.76	     69.30	     48.35	-9.87	 4.148e-05	      5.53	0	Gaussian	293.424626	44.238441
866	1	  0.001528	  0.000506	     -1.00	    268.30	    483.23	      3.98	      2.63	     69.73	     46.02	-15.07	 9.207e-05	      5.53	0	Gaussian	293.965296	45.352217
867	1	  0.001508	  0.000475	     -1.00	    541.50	    205.42	      4.61	      2.49	     80.73	     43.51	2.10	 7.867e-05	      5.53	0	Gaussian	295.810143	44.098706
868	1	  0.001533	  0.000631	     -1.00	     56.56	    452.66	      3.29	      2.27	     57.59	     39.81	-6.40	 1.895e-04	      5.53	0	Gaussian	292.590341	45.152503
869	1	  0.001484	  0.000360	     -1.00	    428.09	    642.76	      5.12	      2.91	     89.64	     50.95	7.27	 5.249e-05	      5.53	0	Gaussian	294.984751	46.130652
870	1	  0.001482	  0.000430	     -1.00	    222.56	    305.37	      3.94	      3.16	     68.99	     55.33	-17.54	 6.617e-05	      5.53	0	Gaussian	293.720243	44.510896
871	1	  0.001504	  0.000520	     -1.00	    141.34	    293.82	      3.58	      3.12	     62.64	     54.65	-22.75	 6.282e-05	      5.53	0	Gaussian	293.199060	44.436668
872	1	  0.001472	  0.000491	     -1.00	    132.66	    710.65	      4.19	      2.25	     73.40	     39.43	-21.78	 3.807e-05	      5.53	0	Gaussian	292.991782	46.375771
873	1	  0.001488	  0.000473	     -1.00	    315.21	    539.98	      4.10	      3.02	     71.73	     52.89	-8.89	 4.004e-05	      5.53	0	Gaussian	294.258681	45.627789
874	1	  0.001514	  0.000584	     -1.00	    487.05	    483.43	      3.51	      2.70	     61.39	     47.21	-12.83	 6.647e-05	      5.54	0	Gaussian	295.408499	45.395032
875	1	  0.001493	  0.000528	     -1.00	    124.98	    156.53	      3.84	      2.64	     67.26	     46.22	-22.50	 5.336e-05	      5.54	0	Gaussian	293.141855	43.791879
876	1	  0.001508	  0.000477	     -1.00	    214.39	     93.49	      3.86	      2.81	     67.56	     49.13	-14.51	 8.442e-05	      5.54	0	Gaussian	293.732399	43.519108
877	1	  0.001492	  0.000362	     -1.00	    764.28	     79.15	      4.98	      3.10	     87.20	     54.24	-2.78	 7.425e-05	      5.54	0	Gaussian	297.262692	43.520934
878	1	  0.001522	  0.000409	     -1.00	     97.64	    473.46	      4.57	      2.80	     80.04	     49.06	-11.66	 9.687e-05	      5.54	0	Gaussian	292.850170	45.261685
879	1	  0.001505	  0.000495	     -1.00	    432.23	    592.31	      3.89	      2.56	     68.08	     44.73	-19.18	 6.943e-05	      5.55	0	Gaussian	295.023113	45.895581
880	1	  0.001477	  0.000492	     -1.00	    633.78	    596.10	      3.94	      2.69	     68.95	     47.06	-24.07	 5.405e-05	      5.55	0	Gaussian	296.369819	45.941341
881	1	  0.001507	  0.000441	     -1.00	    264.83	    437.68	      5.03	      2.35	     88.04	     41.20	-12.52	 8.260e-05	      5.55	0	Gaussian	293.955881	45.138704
882	1	  0.001471	  0.000449	     -1.00	    708.67	    562.37	      3.99	      2.89	     69.91	     50.55	-15.83	 3.393e-05	      5.56	0	Gaussian	296.874299	45.789503
883	1	  0.001479	  0.000527	     -1.00	    101.84	    303.54	      3.86	      2.57	     67.48	     44.95	-14.09	 4.224e-05	      5.56	0	Gaussian	292.940809	44.471272
884	1	  0.001497	  0.000412	     -1.00	    745.50	    786.51	      4.05	      3.02	     70.86	     52.80	-14.97	 6.689e-05	      5.56	0	Gaussian	297.111048	46.842805
885	1	  0.001495	  0.000458	     -1.00	    369.85	    626.25	      3.97	      2.84	     69.56	     49.72	-12.30	 6.494e-05	      5.56	0	Gaussian	294.599410	46.042281
886	1	  0.001504	  0.000474	     -1.00	    540.08	    425.49	      3.94	      2.69	     68.98	     47.00	-22.97	 1.212e-04	      5.57	0	Gaussian	295.768411	45.130886
887	1	  0.001542	  0.000509	     -1.00	    108.23	    382.21	      3.56	      2.76	     62.24	     48.40	-28.69	 1.016e-04	      5.58	0	Gaussian	292.953210	44.839682
888	1	  0.001530	  0.000406	     -1.00	    297.53	    494.35	      3.74	      2.98	     65.55	     52.14	0.01	 8.671e-05	      5.58	0	Gaussian	294.154520	45.410753
889	1	  0.001502	  0.000509	     -1.00	    371.00	    542.55	      3.76	      2.73	     65.75	     47.86	-15.82	 1.258e-04	      5.58	0	Gaussian	294.627442	45.651403
890	1	  0.001482	  0.000486	     -1.00	    363.14	    342.56	      3.95	      2.59	     69.16	     45.38	-18.59	 4.291e-05	      5.58	0	Gaussian	294.623764	44.714554
891	1	  0.001484	  0.000401	     -1.00	    780.65	    111.82	      4.18	      2.88	     73.18	     50.35	-11.78	 3.631e-05	      5.58	0	Gaussian	297.367543	43.675054
892	1	  0.001529	  0.000543	     -1.00	    235.06	    236.31	      3.72	      2.46	     65.12	     43.05	-12.25	 1.045e-04	      5.58	0	Gaussian	293.821917	44.191124
893	1	  0.001483	  0.000426	     -1.00	    718.38	    250.21	      4.45	      2.76	     77.81	     48.29	-3.82	 6.172e-05	      5.58	0	Gaussian	296.957158	44.323764
894	1	  0.001520	  0.000337	     -1.00	    667.02	    659.01	      4.85	      3.07	     84.95	     53.79	-31.53	 3.106e-04	      5.59	0	Gaussian	296.587246	46.239338
895	1	  0.001485	  0.000318	     -1.00	    415.98	    245.43	      5.24	      3.16	     91.73	     55.33	-9.92	 5.396e-05	      5.59	0	Gaussian	294.989120	44.268971
896	1	  0.001501	  0.000437	     -1.00	    284.87	    146.38	      4.17	      2.57	     73.03	     45.02	-18.42	 1.423e-04	      5.59	0	Gaussian	294.167599	43.781381
897	1	  0.001490	  0.000392	     -1.00	    643.43	    580.73	      4.94	      2.59	     86.41	     45.34	-11.66	 6.099e-05	      5.59	0	Gaussian	296.436007	45.870241
898	1	  0.001546	  0.000461	     -1.00	    297.37	    486.41	      4.19	      2.56	     73.40	     44.84	-9.52	 1.008e-04	      5.59	0	Gaussian	294.155683	45.373633
899	1	  0.001475	  0.000402	     -1.00	    719.75	    519.76	      4.30	      2.64	     75.20	     46.27	-6.81	 4.244e-05	      5.59	0	Gaussian	296.950972	45.590245
900	1	  0.001490	  0.000411	     -1.00	    155.69	    189.89	      4.05	      2.89	     70.89	     50.52	-24.41	 5.711e-05	      5.60	0	Gaussian	293.326764	43.955404
901	1	  0.001513	  0.000574	     -1.00	    630.49	    658.57	      3.00	      2.55	     52.60	     44.66	-72.84	 9.011e-05	      5.60	0	Gaussian	296.341132	46.233754
902	1	  0.001524	  0.000560	     -1.00	    518.05	     93.83	      3.47	      2.63	     60.67	     45.96	-4.51	 1.079e-04	      5.60	0	Gaussian	295.675462	43.572287
903	1	  0.001490	  0.000438	     -1.00	    784.04	    343.49	      4.49	      2.46	     78.51	     43.05	-6.39	 5.458e-05	      5.60	0	Gaussian	297.384331	44.765047
904	1	  0.001510	  0.000518	     -1.00	    121.13	     48.43	      3.54	      2.75	     62.01	     48.14	-8.16	 1.104e-04	      5.60	0	Gaussian	293.154865	43.286538
905	1	  0.001506	  0.000523	     -1.00	    436.34	    536.83	      3.62	      2.93	     63.31	     51.37	-11.01	 9.821e-05	      5.60	0	Gaussian	295.062025	45.636810
906	1	  0.001491	  0.000411	     -1.00	    313.89	     41.11	      4.07	      2.99	     71.30	     52.41	-19.21	 8.284e-05	      5.60	0	Gaussian	294.380497	43.294392
907	1	  0.001518	  0.000382	     -1.00	     42.91	    786.34	      4.19	      3.03	     73.33	     53.09	-6.31	 1.017e-04	      5.60	0	Gaussian	292.362750	46.698515
908	1	  0.001529	  0.000490	     -1.00	    276.14	    431.40	      3.46	      2.92	     60.57	     51.17	-20.01	 7.609e-05	      5.61	0	Gaussian	294.031756	45.111951
909	1	  0.001496	  0.000443	     -1.00	    681.34	    306.06	      4.22	      2.68	     73.84	     46.93	-3.58	 5.579e-05	      5.61	0	Gaussian	296.710996	44.584035
910	1	  0.001497	  0.000431	     -1.00	    478.81	     39.07	      3.89	      2.96	     68.09	     51.81	-15.80	 7.337e-05	      5.61	0	Gaussian	295.432876	43.310582
911	1	  0.001569	  0.000493	     -1.00	    319.13	    717.70	      3.12	      2.91	     54.68	     51.00	-22.89	 1.880e-04	      5.61	0	Gaussian	294.236235	46.458062
912	1	  0.001494	  0.000412	     -1.00	    359.78	    404.08	      4.02	      2.96	     70.41	     51.89	-7.24	 7.438e-05	      5.61	0	Gaussian	294.586995	45.001767
913	1	  0.001538	  0.000537	     -1.00	     44.08	    487.67	      3.47	      2.66	     60.72	     46.56	-14.53	 1.305e-04	      5.62	0	Gaussian	292.494915	45.311517
914	1	  0.001536	  0.000471	     -1.00	    135.82	    372.46	      3.68	      2.74	     64.49	     47.95	-12.61	 9.378e-05	      5.62	0	Gaussian	293.135757	44.801893
915	1	  0.001495	  0.000442	     -1.00	    549.69	    672.75	      3.85	      2.88	     67.42	     50.37	-17.92	 5.933e-05	      5.62	0	Gaussian	295.795273	46.290347
916	1	  0.001494	  0.000396	     -1.00	    265.77	    622.45	      4.21	      3.07	     73.63	     53.70	-1.29	 6.953e-05	      5.62	0	Gaussian	293.907338	46.001262
917	1	  0.001525	  0.000495	     -1.00	    113.71	    506.33	      3.91	      2.49	     68.39	     43.65	-7.94	 8.917e-05	      5.62	0	Gaussian	292.942910	45.419445
918	1	  0.001482	  0.000390	     -1.00	    218.90	    507.09	      3.79	      2.86	     66.38	     50.12	-21.86	 4.677e-05	      5.63	0	Gaussian	293.633170	45.451560
919	1	  0.001510	  0.000464	     -1.00	    309.85	    596.17	      3.79	      2.87	     66.39	     50.23	-24.75	 7.290e-05	      5.63	0	Gaussian	294.207797	45.888948
920	1	  0.001488	  0.000391	     -1.00	     56.16	    119.32	      4.26	      3.04	     74.62	     53.18	-18.45	 5.599e-05	      5.63	0	Gaussian	292.717429	43.599855
921	1	  0.001513	  0.000401	     -1.00	    722.88	    299.54	      4.25	      2.46	     74.37	     42.99	-3.51	 8.843e-05	      5.63	0	Gaussian	296.983911	44.555890
922	1	  0.001499	  0.000409	     -1.00	    770.39	    711.54	      4.64	      2.64	     81.13	     46.22	-16.93	 1.306e-04	      5.63	0	Gaussian	297.283234	46.492937
923	1	  0.001496	  0.000485	     -1.00	    259.80	    410.78	      3.75	      2.77	     65.61	     48.50	-11.65	 9.781e-05	      5.63	0	Gaussian	293.930847	45.011896
924	1	  0.001483	  0.000479	     -1.00	    535.61	     28.44	      3.96	      2.58	     69.23	     45.15	-6.10	 5.422e-05	      5.63	0	Gaussian	295.797827	43.267302
925	1	  0.001461	  0.000394	     -1.00	    369.24	     71.58	      4.26	      2.61	     74.52	     45.64	-8.63	 3.783e-05	      5.63	0	Gaussian	294.726167	43.446816
926	1	  0.001496	  0.000442	     -1.00	    784.32	    748.66	      3.65	      3.04	     63.86	     53.26	-28.28	 6.092e-05	      5.64	0	Gaussian	297.376900	46.667646
927	1	  0.001521	  0.000511	     -1.00	    789.98	     60.49	      3.41	      2.84	     59.75	     49.74	-5.66	 1.516e-04	      5.64	0	Gaussian	297.428944	43.433700
928	1	  0.001488	  0.000463	     -1.00	    203.96	    289.35	      3.96	      2.62	     69.33	     45.80	-12.83	 8.639e-05	      5.64	0	Gaussian	293.604949	44.431608
929	1	  0.001515	  0.000357	     -1.00	    418.45	    678.14	      4.59	      2.96	     80.26	     51.77	-4.00	 7.493e-05	      5.65	0	Gaussian	294.912396	46.294203
930	1	  0.001483	  0.000397	     -1.00	     99.90	    152.34	      3.93	      3.01	     68.81	     52.67	-11.45	 5.000e-05	      5.65	0	Gaussian	292.983398	43.765754
931	1	  0.001486	  0.000436	     -1.00	    776.14	    373.81	      3.97	      2.74	     69.48	     47.94	-8.01	 5.066e-05	      5.65	0	Gaussian	297.331467	44.907337
932	1	  0.001494	  0.000476	     -1.00	    543.88	    541.44	      3.74	      2.71	     65.47	     47.48	-31.51	 6.533e-05	      5.65	0	Gaussian	295.776152	45.674772
933	1	  0.001498	  0.000473	     -1.00	    130.06	    291.63	      4.02	      2.21	     70.29	     38.67	-23.73	 9.651e-05	      5.65	0	Gaussian	293.127091	44.423436
934	1	  0.001486	  0.000463	     -1.00	    487.29	    662.22	      4.02	      2.55	     70.44	     44.57	-32.01	 4.811e-05	      5.65	0	Gaussian	295.377634	46.231823
935	1	  0.001497	  0.000480	     -1.00	    681.76	    561.40	      4.33	      2.38	     75.80	     41.72	-8.10	 9.745e-05	      5.65	0	Gaussian	296.694239	45.782932
936	1	  0.001532	  0.000384	     -1.00	    286.09	    180.60	      3.74	      3.14	     65.48	     55.00	-23.84	 3.469e-04	      5.66	0	Gaussian	294.166211	43.941705
937	1	  0.001520	  0.000433	     -1.00	    229.06	    208.83	      3.62	      2.96	     63.42	     51.78	-27.03	 1.134e-04	      5.67	0	Gaussian	293.791547	44.061395
938	1	  0.001505	  0.000442	     -1.00	    457.05	    219.21	      3.79	      2.84	     66.27	     49.65	-18.71	 8.485e-05	      5.67	0	Gaussian	295.260486	44.152421
939	1	  0.001510	  0.000356	     -1.00	    539.69	    512.55	      4.21	      2.93	     73.70	     51.28	-36.73	 6.948e-05	      5.67	0	Gaussian	295.752700	45.538887
940	1	  0.001502	  0.000425	     -1.00	     53.71	    784.83	      3.97	      2.66	     69.40	     46.55	-4.65	 8.687e-05	      5.68	0	Gaussian	292.435523	46.695155
941	1	  0.001476	  0.000347	     -1.00	    128.09	    333.12	      4.22	      3.05	     73.79	     53.30	-13.30	 4.657e-05	      5.68	0	Gaussian	293.099651	44.616378
942	1	  0.001516	  0.000475	     -1.00	    539.40	    499.37	      3.55	      2.73	     62.13	     47.72	-13.79	 7.788e-05	      5.68	0	Gaussian	295.752772	45.477060
943	1	  0.001484	  0.000323	     -1.00	    472.15	    761.53	      4.75	      3.28	     83.08	     57.38	-13.21	 5.469e-05	      5.68	0	Gaussian	295.256817	46.693442
944	1	  0.001526	  0.000540	     -1.00	    611.55	    476.23	      2.92	      2.81	     51.18	     49.12	-33.33	 1.657e-04	      5.69	0	Gaussian	296.234606	45.377045
945	1	  0.001515	  0.000536	     -1.00	    721.07	     83.29	      3.19	      2.39	     55.82	     41.89	-24.96	 8.980e-05	      5.69	0	Gaussian	296.983698	43.538886
946	1	  0.001479	  0.000506	     -1.00	    202.90	    454.41	      3.70	      2.48	     64.77	     43.42	-20.48	 4.696e-05	      5.70	0	Gaussian	293.545125	45.201774
947	1	  0.001514	  0.000418	     -1.00	    415.65	    461.63	      4.04	      2.40	     70.65	     41.92	-13.51	 1.553e-04	      5.70	0	Gaussian	294.941056	45.281328
948	1	  0.001503	  0.000366	     -1.00	    709.13	    294.39	      4.01	      2.62	     70.26	     45.77	-13.11	 8.146e-05	      5.70	0	Gaussian	296.894041	44.530928
949	1	  0.001504	  0.000463	     -1.00	    603.58	    161.41	      3.89	      2.36	     68.13	     41.31	-18.31	 7.175e-05	      5.70	0	Gaussian	296.218084	43.898374
950	1	  0.001501	  0.000505	     -1.00	    638.55	    209.97	      3.04	      2.62	     53.28	     45.88	-39.32	 6.890e-05	      5.70	0	Gaussian	296.439883	44.129434
951	1	  0.001511	  0.000444	     -1.00	    669.36	    739.07	      3.75	      2.80	     65.65	     48.99	3.16	 9.199e-05	      5.70	0	Gaussian	296.596104	46.614598
952	1	  0.001492	  0.000388	     -1.00	    655.42	     20.40	      4.50	      2.67	     78.80	     46.76	-10.37	 4.795e-05	      5.70	0	Gaussian	296.565940	43.239678
953	1	  0.001481	  0.000355	     -1.00	    586.37	    167.86	      4.01	      3.26	     70.16	     57.09	-34.22	 6.355e-05	      5.70	0	Gaussian	296.105881	43.927068
954	1	  0.001579	  0.000592	     -1.00	    379.81	    657.10	      3.13	      2.19	     54.83	     38.36	-12.48	 2.479e-04	      5.70	0	Gaussian	294.658402	46.188365
955	1	  0.001496	  0.000429	     -1.00	    787.98	    499.39	      4.08	      2.46	     71.40	     43.10	-12.15	 8.604e-05	      5.70	0	Gaussian	297.407040	45.497980
956	1	  0.001482	  0.000356	     -1.00	    463.65	    186.28	      4.18	      2.89	     73.16	     50.63	-21.92	 4.764e-05	      5.70	0	Gaussian	295.309278	43.998951
957	1	  0.001485	  0.000363	     -1.00	    157.90	    280.43	      4.16	      2.95	     72.87	     51.69	-6.82	 5.027e-05	      5.71	0	Gaussian	293.310453	44.378510
958	1	  0.001497	  0.000302	     -1.00	    260.45	    253.26	      5.21	      2.89	     91.14	     50.54	1.75	 6.140e-05	      5.71	0	Gaussian	293.980735	44.275991
959	1	  0.001551	  0.000537	     -1.00	    268.57	    492.32	      2.84	      2.44	     49.73	     42.74	57.54	 2.345e-04	      5.71	0	Gaussian	293.964444	45.394706
960	1	  0.001502	  0.000404	     -1.00	    293.71	    634.71	      3.83	      2.83	     66.97	     49.60	-9.24	 1.268e-04	      5.72	0	Gaussian	294.089644	46.065080
961	1	  0.001492	  0.000426	     -1.00	    406.02	    300.04	      3.47	      2.50	     60.76	     43.75	-12.00	 5.512e-05	      5.72	0	Gaussian	294.912832	44.523139
962	1	  0.001502	  0.000451	     -1.00	    316.10	    602.30	      3.94	      2.47	     68.88	     43.15	-17.54	 7.931e-05	      5.72	0	Gaussian	294.247680	45.918991
963	1	  0.001487	  0.000412	     -1.00	    266.41	    643.41	      3.81	      3.17	     66.77	     55.40	-9.31	 3.889e-05	      5.72	0	Gaussian	293.905294	46.099131
964	1	  0.001500	  0.000410	     -1.00	    207.75	    556.46	      3.82	      2.76	     66.92	     48.35	-5.46	 9.203e-05	      5.72	0	Gaussian	293.543736	45.678940
965	1	  0.001513	  0.000436	     -1.00	    695.74	    763.26	      3.68	      2.63	     64.46	     45.95	-10.31	 8.140e-05	      5.72	0	Gaussian	296.773418	46.730233
966	1	  0.001507	  0.000482	     -1.00	    623.83	    647.96	      3.74	      2.38	     65.47	     41.59	-26.92	 9.240e-05	      5.72	0	Gaussian	296.297440	46.183317
967	1	  0.001486	  0.000425	     -1.00	    642.86	    648.55	      4.07	      2.36	     71.28	     41.29	-18.77	 7.216e-05	      5.73	0	Gaussian	296.425436	46.188043
968	1	  0.001496	  0.000480	     -1.00	    317.25	    734.31	      3.60	      2.61	     62.98	     45.64	-24.70	 5.469e-05	      5.73	0	Gaussian	294.219031	46.535090
969	1	  0.001497	  0.000512	     -1.00	    273.23	     59.43	      3.53	      2.45	     61.71	     42.97	-28.14	 7.048e-05	      5.73	0	Gaussian	294.116859	43.372292
970	1	  0.001492	  0.000410	     -1.00	    631.58	    131.77	      3.92	      2.64	     68.63	     46.27	-5.21	 5.534e-05	      5.73	0	Gaussian	296.402295	43.761436
971	1	  0.001500	  0.000416	     -1.00	    343.18	    626.67	      3.98	      2.49	     69.72	     43.50	-16.24	 8.469e-05	      5.74	0	Gaussian	294.421414	46.038655
972	1	  0.001492	  0.000393	     -1.00	    560.84	    250.16	      4.16	      2.58	     72.85	     45.10	1.68	 9.163e-05	      5.74	0	Gaussian	295.929561	44.310846
973	1	  0.001507	  0.000416	     -1.00	    470.54	    339.34	      3.77	      2.71	     66.02	     47.49	-21.93	 1.774e-04	      5.74	0	Gaussian	295.326017	44.717484
974	1	  0.001504	  0.000434	     -1.00	    719.18	    184.33	      3.78	      2.68	     66.14	     46.83	-33.30	 6.901e-05	      5.74	0	Gaussian	296.966001	44.014024
975	1	  0.001502	  0.000313	     -1.00	    387.22	    313.25	      4.16	      3.25	     72.87	     56.85	-25.88	 9.550e-05	      5.75	0	Gaussian	294.787535	44.581735
976	1	  0.001513	  0.000306	     -1.00	    324.61	    781.71	      4.58	      3.04	     80.22	     53.18	-1.80	 6.809e-05	      5.75	0	Gaussian	294.255447	46.757733
977	1	  0.001540	  0.000398	     -1.00	     92.79	    641.26	      3.70	      2.90	     64.77	     50.81	-25.91	 2.396e-04	      5.76	0	Gaussian	292.753643	46.040984
978	1	  0.001507	  0.000334	     -1.00	    503.11	    126.94	      4.26	      2.66	     74.48	     46.55	-12.51	 8.440e-05	      5.76	0	Gaussian	295.574131	43.725879
979	1	  0.001539	  0.000437	     -1.00	    560.86	     21.35	      3.91	      2.33	     68.47	     40.70	2.13	 1.133e-04	      5.76	0	Gaussian	295.960291	43.236573
980	1	  0.001553	  0.000489	     -1.00	    596.22	    709.11	      3.48	      2.52	     60.90	     44.11	-17.18	 3.826e-04	      5.77	0	Gaussian	296.104003	46.466537
981	1	  0.001509	  0.000484	     -1.00	    405.76	    403.72	      3.48	      2.56	     60.95	     44.87	-9.33	 8.482e-05	      5.77	0	Gaussian	294.888605	45.008522
982	1	  0.001478	  0.000474	     -1.00	    485.37	    408.72	      2.86	      2.85	     50.13	     49.81	-81.10	 5.597e-05	      5.77	0	Gaussian	295.410759	45.044778
983	1	  0.001492	  0.000399	     -1.00	    160.87	    492.30	      3.96	      2.65	     69.31	     46.36	-29.48	 4.234e-05	      5.77	0	Gaussian	293.257044	45.367386
984	1	  0.001500	  0.000385	     -1.00	    651.70	    527.15	      3.95	      2.76	     69.09	     48.30	-5.91	 6.870e-05	      5.77	0	Gaussian	296.496377	45.619736
985	1	  0.001516	  0.000377	     -1.00	    499.27	    429.64	      4.55	      2.52	     79.70	     44.09	-9.63	 1.080e-04	      5.77	0	Gaussian	295.498624	45.144836
986	1	  0.001623	  0.000596	     -1.00	    433.21	    311.64	      2.96	      2.31	     51.77	     40.36	-8.05	 1.299e-03	      5.77	0	Gaussian	295.087583	44.581929
987	1	  0.001500	  0.000401	     -1.00	    414.46	    402.84	      3.70	      2.70	     64.76	     47.25	-0.86	 9.128e-05	      5.78	0	Gaussian	294.945896	45.005951
988	1	  0.001491	  0.000398	     -1.00	    105.79	    203.29	      3.97	      2.57	     69.54	     45.00	-17.58	 6.133e-05	      5.78	0	Gaussian	293.002648	44.004938
989	1	  0.001547	  0.000529	     -1.00	    664.48	    635.47	      2.91	      2.23	     50.87	     38.96	-56.44	 3.148e-04	      5.78	0	Gaussian	296.572204	46.128787
990	1	  0.001493	  0.000416	     -1.00	    517.95	    453.33	      3.89	      2.51	     68.15	     43.97	-11.34	 4.299e-05	      5.79	0	Gaussian	295.617978	45.258429
991	1	  0.001529	  0.000402	     -1.00	    581.06	    402.50	      4.36	      2.41	     76.25	     42.14	-5.74	 9.802e-05	      5.80	0	Gaussian	296.041911	45.027915
992	1	  0.001499	  0.000338	     -1.00	    619.50	    662.65	      4.65	      2.64	     81.35	     46.18	-10.25	 8.892e-05	      5.80	0	Gaussian	296.266649	46.251676
993	1	  0.001496	  0.000251	     -1.00	    102.72	    441.56	      4.10	      3.46	     71.71	     60.64	-19.50	 8.922e-05	      5.81	0	Gaussian	292.895293	45.114627
994	1	  0.001538	  0.000240	     -1.00	    615.31	    262.27	      8.95	      2.35	    156.62	     41.13	57.93	 3.329e-04	      5.81	0	Gaussian	296.283151	44.373123
995	1	  0.001516	  0.000440	     -1.00	    688.17	    449.30	      3.53	      2.64	     61.86	     46.25	-26.50	 8.321e-05	      5.83	0	Gaussian	296.745447	45.257345
996	1	  0.001539	  0.000356	     -1.00	    336.90	     80.41	      3.88	      2.62	     68.00	     45.82	-49.59	 2.115e-04	      5.86	0	Gaussian	294.517473	43.482559
997	1	  0.001535	  0.000415	     -1.00	    732.18	    298.82	      3.67	      2.57	     64.26	     45.04	-14.02	 1.003e-04	      5.86	0	Gaussian	297.044956	44.552962
998	1	  0.001506	  0.000413	     -1.00	    575.30	    574.17	      3.50	      2.46	     61.23	     43.13	-1.15	 8.321e-05	      5.88	0	Gaussian	295.981052	45.832069
999	1	  0.001507	  0.000361	     -1.00	    547.00	    491.54	      4.00	      2.52	     69.95	     44.18	-11.95	 7.079e-05	      5.88	0	Gaussian	295.804385	45.441373
1000	1	  0.001511	  0.000442	     -1.00	    476.46	    619.68	      3.50	      2.33	     61.23	     40.73	-0.99	 5.871e-05	      5.88	0	Gaussian	295.312984	46.031077
1001	1	  0.001514	  0.000357	     -1.00	     73.92	    780.28	      3.79	      2.82	     66.42	     49.38	-27.33	 8.461e-05	      5.90	0	Gaussian	292.572482	46.680780
1002	1	  0.001542	  0.000469	     -1.00	    675.95	    742.33	      3.45	      2.32	     60.32	     40.63	-8.32	 2.374e-04	      5.91	0	Gaussian	296.640552	46.630477
1003	1	  0.001532	  0.000459	     -1.00	    673.39	    580.35	      3.10	      2.19	     54.35	     38.42	1.16	 1.063e-04	      5.91	0	Gaussian	296.636684	45.871127
1004	1	  0.001558	  0.000482	     -1.00	     66.03	    789.45	      3.21	      2.39	     56.21	     41.86	-15.46	 2.635e-04	      5.92	0	Gaussian	292.515950	46.720703
1005	1	  0.001531	  0.000323	     -1.00	    477.54	    366.72	      3.66	      2.95	     64.11	     51.60	-5.34	 3.091e-04	      5.93	0	Gaussian	295.366828	44.846843
1006	1	  0.001589	  0.000493	     -1.00	    656.57	    369.31	      2.76	      2.27	     48.28	     39.66	-82.97	 4.758e-04	      5.94	0	Gaussian	296.543028	44.879312
1007	1	  0.001510	  0.000315	     -1.00	    549.56	     74.27	      3.75	      2.97	     65.72	     51.93	3.29	 8.504e-05	      5.94	0	Gaussian	295.880736	43.483948
1008	1	  0.001514	  0.000389	     -1.00	    103.78	    495.68	      3.81	      2.27	     66.75	     39.75	-17.90	 9.605e-05	      5.95	0	Gaussian	292.881896	45.366950
1009	1	  0.001517	  0.000300	     -1.00	    489.73	    375.52	      3.96	      2.70	     69.32	     47.28	5.90	 1.063e-04	      6.00	0	Gaussian	295.445213	44.889836
1010	1	  0.001529	  0.000360	     -1.00	     59.61	    203.68	      3.40	      2.68	     59.47	     46.93	-10.78	 2.074e-04	      6.03	0	Gaussian	292.707273	43.993952
1011	1	  0.001526	  0.000383	     -1.00	    489.71	    565.87	      3.37	      2.55	     59.03	     44.62	-6.71	 8.876e-05	      6.05	0	Gaussian	295.411337	45.781415
1012	1	  0.001511	  0.000266	     -1.00	    444.26	    116.96	      3.29	      2.88	     57.54	     50.33	-15.70	 9.875e-05	      6.05	0	Gaussian	295.197371	43.671181
1013	1	  0.001554	  0.000377	     -1.00	    477.80	    527.64	      3.67	      2.27	     64.15	     39.75	-2.62	 2.396e-04	      6.06	0	Gaussian	295.339102	45.600611
1014	1	  0.001535	  0.000282	     -1.00	    352.37	    684.70	      4.20	      2.56	     73.52	     44.75	-7.64	 1.030e-04	      6.09	0	Gaussian	294.467901	46.311477
1015	1	  0.001598	  0.000290	     -1.00	    536.87	    121.87	      3.48	      2.79	     60.97	     48.85	-14.02	 6.548e-04	      6.11	0	Gaussian	295.792364	43.706024
1016	1	  0.001509	  0.000372	     -1.00	    518.45	    353.79	      2.98	      2.23	     52.19	     39.07	-45.17	 7.666e-05	      6.12	0	Gaussian	295.637258	44.791912
1017	1	  0.001582	  0.000419	     -1.00	    755.04	     72.36	      2.93	      2.36	     51.24	     41.31	-16.96	 4.420e-04	      6.15	0	Gaussian	297.203303	43.488720
1018	1	  0.001547	  0.000411	     -1.00	    199.37	    115.62	      2.83	      1.86	     49.51	     32.57	-74.00	 2.671e-04	      6.17	0	Gaussian	293.629913	43.619106
1019	1	  0.001538	  0.000370	     -1.00	    135.22	    360.77	      3.46	      2.39	     60.53	     41.84	-41.68	 2.337e-04	      6.18	0	Gaussian	293.136001	44.747252
1020	1	  0.001547	  0.000342	     -1.00	    307.39	    352.31	      2.98	      2.20	     52.20	     38.47	-11.95	 2.218e-04	      6.21	0	Gaussian	294.257818	44.749125
1021	1	  0.001520	  0.000314	     -1.00	     59.46	     72.55	      2.99	      2.31	     52.30	     40.50	-21.90	 2.521e-04	      6.24	0	Gaussian	292.756031	43.382751
1022	1	  0.001547	  0.000350	     -1.00	    687.56	    459.25	      3.04	      2.13	     53.22	     37.34	-6.74	 2.191e-04	      6.24	0	Gaussian	296.740638	45.303980
1023	1	  0.001550	  0.000319	     -1.00	    388.45	    180.41	      3.21	      2.41	     56.15	     42.17	2.82	 3.806e-04	      6.33	0	Gaussian	294.825121	43.959866
1024	1	  0.001533	  0.000415	     -1.00	    369.23	    730.21	      2.40	      1.87	     41.93	     32.80	-22.60	 1.538e-04	      6.33	0	Gaussian	294.569497	46.527468
1025	1	  0.001569	  0.000263	     -1.00	    213.23	    153.08	      2.93	      1.77	     51.35	     31.01	20.38	 4.064e-04	      6.42	0	Gaussian	293.706876	43.797257
1026	1	  0.001591	  0.000381	     -1.00	     78.89	    212.40	      2.61	      1.75	     45.66	     30.59	-10.72	 5.357e-04	      6.43	0	Gaussian	292.827204	44.040001
1027	1	  0.001566	  0.000298	     -1.00	    482.48	    575.54	      2.63	      2.17	     46.03	     38.06	-15.43	 3.853e-04	      6.57	0	Gaussian	295.361367	45.825550
1028	1	  0.001618	  0.000435	     -1.00	    430.72	    360.56	      2.77	      1.54	     48.56	     26.97	-6.61	 6.831e-04	      6.59	0	Gaussian	295.061305	44.810680
1029	1	  0.001574	  0.000445	     -1.00	    255.78	    132.99	      2.14	      1.56	     37.45	     27.39	-4.65	 4.524e-04	      6.69	0	Gaussian	293.985055	43.712742
1030	1	  0.001559	  0.000461	     -1.00	     14.19	    446.20	      2.32	      2.13	     40.56	     37.27	-48.46	 2.355e-04	      6.91	0	Gaussian	292.317433	45.109093
1031	1	  0.001654	  0.000421	     -1.00	    165.33	    660.49	      2.05	      1.58	     35.92	     27.64	-33.73	 6.347e-04	      6.95	0	Gaussian	293.227392	46.151977
1032	1	  0.001534	  0.000362	     -1.00	     38.55	    725.27	      3.78	      1.39	     66.12	     24.29	-45.44	 2.809e-04	      7.33	0	Gaussian	292.359721	46.413660
1033	1	  0.001568	  0.000460	     -1.00	    730.86	     33.16	      1.54	      1.49	     27.02	     26.04	16.20	 2.212e-04	      7.56	0	Gaussian	297.049329	43.303488
1034	1	  0.001558	  0.000336	     -1.00	     98.75	     61.56	      2.44	      1.16	     42.65	     20.35	20.39	 1.774e-04	      9.25	0	Gaussian	293.008632	43.342046
