# 942 stars found using the following parameters:
# sigma=1.00 roundness=0.10 radius=5 relax=1 profile=0 minbeta=1.5 max_stars=0 layer=1 minA=0.00 maxA=0.00 maxR=1.00
# star#	layer	B	A	beta	X	Y	FWHMx [px]	FWHMy [px]	FWHMx ["]	FWHMy ["]	angle	RMSE	mag	Sat	Profile	RA	Dec
1	1	  0.001842	  0.761360	     -1.00	    375.54	    181.74	      2.76	      2.46	     48.37	     42.99	52.22	 4.367e-03	     -1.92	0	Gaussian	314.293303	41.167044
2	1	  0.000912	  0.150649	     -1.00	    395.70	    353.54	      2.52	      2.30	     44.09	     40.28	34.64	 8.920e-04	      0.01	0	Gaussian	314.628997	41.939868
3	1	  0.001036	  0.114102	     -1.00	    619.56	    332.35	      2.63	      2.39	     45.98	     41.91	58.67	 1.414e-03	      0.22	0	Gaussian	315.967163	41.627311
4	1	  0.000798	  0.110989	     -1.00	    414.07	    440.84	      2.54	      2.31	     44.43	     40.37	37.29	 4.181e-04	      0.33	0	Gaussian	314.852705	42.324437
5	1	  0.000849	  0.090270	     -1.00	    524.31	     14.18	      2.59	      2.33	     45.38	     40.79	30.48	 4.866e-04	      0.52	0	Gaussian	314.982376	40.260034
6	1	  0.000805	  0.093030	     -1.00	    283.27	     63.46	      2.49	      2.30	     43.51	     40.19	40.74	 5.882e-04	      0.55	0	Gaussian	313.592940	40.702985
7	1	  0.000751	  0.092669	     -1.00	    178.86	    413.27	      2.47	      2.30	     43.23	     40.28	30.70	 2.698e-04	      0.56	0	Gaussian	313.360452	42.410353
8	1	  0.000764	  0.084491	     -1.00	    275.43	    509.39	      2.33	      2.31	     40.83	     40.51	27.07	 5.911e-04	      0.72	0	Gaussian	314.078352	42.768696
9	1	  0.000714	  0.075707	     -1.00	    243.85	    645.29	      2.53	      2.36	     44.20	     41.31	44.13	 2.243e-04	      0.73	0	Gaussian	314.048472	43.424454
10	1	  0.000754	  0.078876	     -1.00	    217.53	    627.71	      2.34	      2.33	     40.93	     40.83	-80.67	 4.472e-04	      0.78	0	Gaussian	313.860685	43.367196
11	1	  0.000753	  0.067123	     -1.00	    246.73	    448.53	      2.46	      2.31	     43.00	     40.44	55.14	 3.033e-04	      0.91	0	Gaussian	313.825122	42.513621
12	1	  0.000766	  0.062348	     -1.00	    475.55	    156.67	      2.50	      2.26	     43.69	     39.56	41.61	 3.860e-04	      1.00	0	Gaussian	314.868054	40.959943
13	1	  0.000709	  0.057902	     -1.00	    232.38	    746.27	      2.41	      2.35	     42.14	     41.15	-14.63	 3.664e-04	      1.08	0	Gaussian	314.102117	43.900676
14	1	  0.000790	  0.053353	     -1.00	    568.94	    101.24	      2.59	      2.32	     45.36	     40.62	41.44	 2.673e-04	      1.10	0	Gaussian	315.359205	40.617533
15	1	  0.000764	  0.052694	     -1.00	    418.19	    231.57	      2.44	      2.33	     42.68	     40.82	55.74	 3.433e-04	      1.18	0	Gaussian	314.613939	41.357594
16	1	  0.000776	  0.053190	     -1.00	     72.30	    387.65	      2.39	      2.31	     41.88	     40.35	47.52	 3.623e-04	      1.20	0	Gaussian	312.666143	42.382089
17	1	  0.000767	  0.047144	     -1.00	    363.27	    292.69	      2.53	      2.37	     44.30	     41.46	41.08	 4.073e-04	      1.24	0	Gaussian	314.354406	41.689457
18	1	  0.001012	  0.048627	     -1.00	    289.27	    540.02	      2.48	      2.32	     43.45	     40.55	37.32	 1.018e-03	      1.25	0	Gaussian	314.202794	42.897376
19	1	  0.000679	  0.043885	     -1.00	    334.14	    450.84	      2.52	      2.38	     44.03	     41.63	55.05	 1.465e-04	      1.32	0	Gaussian	314.370947	42.445016
20	1	  0.000698	  0.040592	     -1.00	     19.43	    244.93	      2.47	      2.39	     43.28	     41.75	63.16	 1.297e-04	      1.42	0	Gaussian	312.179835	41.762899
21	1	  0.000732	  0.040242	     -1.00	    241.40	    130.65	      2.43	      2.29	     42.60	     40.02	55.39	 2.596e-04	      1.49	0	Gaussian	313.416415	41.049417
22	1	  0.000714	  0.039567	     -1.00	    269.35	    250.41	      2.40	      2.30	     42.08	     40.22	89.88	 2.712e-04	      1.51	0	Gaussian	313.727538	41.578506
23	1	  0.000682	  0.035453	     -1.00	    423.08	    746.82	      2.53	      2.37	     44.25	     41.51	39.21	 1.404e-04	      1.55	0	Gaussian	315.309555	43.721748
24	1	  0.000714	  0.030973	     -1.00	    410.78	    572.14	      2.56	      2.45	     44.77	     42.80	39.96	 1.459e-04	      1.65	0	Gaussian	315.001775	42.931361
25	1	  0.000749	  0.031202	     -1.00	    194.13	    714.76	      2.50	      2.36	     43.83	     41.38	46.87	 3.085e-04	      1.70	0	Gaussian	313.819704	43.790182
26	1	  0.000692	  0.032735	     -1.00	     67.47	     70.61	      2.41	      2.30	     42.24	     40.23	40.02	 2.312e-04	      1.72	0	Gaussian	312.287902	40.915389
27	1	  0.000667	  0.029977	     -1.00	    161.92	    317.06	      2.41	      2.41	     42.23	     42.23	-57.42	 1.563e-04	      1.76	0	Gaussian	313.143230	41.979693
28	1	  0.000744	  0.026933	     -1.00	    601.97	     41.18	      2.58	      2.51	     45.21	     43.88	-10.00	 3.766e-04	      1.76	0	Gaussian	315.479342	40.310789
29	1	  0.000670	  0.028336	     -1.00	    533.31	    742.53	      2.51	      2.35	     43.98	     41.16	43.28	 1.937e-04	      1.81	0	Gaussian	315.995599	43.591845
30	1	  0.000675	  0.026740	     -1.00	    449.06	     94.51	      2.52	      2.34	     44.14	     40.87	57.01	 1.700e-04	      1.87	0	Gaussian	314.631077	40.698575
31	1	  0.000676	  0.022188	     -1.00	    659.77	     38.90	      2.74	      2.56	     47.95	     44.79	43.61	 1.342e-04	      1.88	0	Gaussian	315.819970	40.244753
32	1	  0.000744	  0.026748	     -1.00	     70.63	    684.22	      2.48	      2.34	     43.47	     40.90	17.61	 2.653e-04	      1.89	0	Gaussian	312.996480	43.757815
33	1	  0.000713	  0.025044	     -1.00	    387.51	    596.22	      2.48	      2.38	     43.37	     41.58	54.10	 1.310e-04	      1.94	0	Gaussian	314.888001	43.064315
34	1	  0.000682	  0.022280	     -1.00	      9.28	    233.11	      2.42	      2.33	     42.29	     40.71	43.37	 7.423e-05	      2.12	0	Gaussian	312.104224	41.716082
35	1	  0.000700	  0.019939	     -1.00	    681.64	    210.38	      2.63	      2.37	     46.05	     41.50	34.57	 1.522e-04	      2.13	0	Gaussian	316.177440	41.007508
36	1	  0.000697	  0.018633	     -1.00	    401.35	    707.28	      2.69	      2.37	     47.13	     41.50	43.57	 1.278e-04	      2.17	0	Gaussian	315.120214	43.561443
37	1	  0.000682	  0.019543	     -1.00	    609.95	    508.28	      2.49	      2.40	     43.57	     42.08	37.98	 1.573e-04	      2.19	0	Gaussian	316.147342	42.442080
38	1	  0.000681	  0.019680	     -1.00	    372.27	    642.59	      2.46	      2.42	     43.14	     42.31	82.61	 1.683e-04	      2.19	0	Gaussian	314.852797	43.292132
39	1	  0.000660	  0.018683	     -1.00	    128.16	    554.65	      2.43	      2.41	     42.48	     42.19	36.67	 8.641e-05	      2.27	0	Gaussian	313.209004	43.108448
40	1	  0.000678	  0.018392	     -1.00	    263.51	    102.64	      2.49	      2.32	     43.66	     40.62	42.36	 1.207e-04	      2.30	0	Gaussian	313.518538	40.900973
41	1	  0.000676	  0.016785	     -1.00	    543.08	     33.78	      2.53	      2.43	     44.32	     42.50	43.10	 1.432e-04	      2.32	0	Gaussian	315.118916	40.332495
42	1	  0.000655	  0.016970	     -1.00	     64.19	    119.09	      2.46	      2.43	     43.00	     42.57	39.66	 9.064e-05	      2.35	0	Gaussian	312.319993	41.142935
43	1	  0.000688	  0.016027	     -1.00	    615.33	    519.81	      2.64	      2.39	     46.20	     41.81	33.30	 1.982e-04	      2.35	0	Gaussian	316.196196	42.489364
44	1	  0.000666	  0.015996	     -1.00	    420.92	    132.93	      2.62	      2.39	     45.94	     41.79	41.23	 8.001e-05	      2.36	0	Gaussian	314.508593	40.901092
45	1	  0.000684	  0.016529	     -1.00	    467.52	     56.11	      2.52	      2.35	     44.14	     41.16	40.47	 1.026e-04	      2.39	0	Gaussian	314.694657	40.505087
46	1	  0.000655	  0.016989	     -1.00	    149.75	    450.49	      2.45	      2.35	     42.82	     41.13	38.45	 8.374e-05	      2.39	0	Gaussian	313.222382	42.607743
47	1	  0.000648	  0.014954	     -1.00	    587.60	    250.84	      2.66	      2.40	     46.52	     41.97	30.34	 1.095e-04	      2.41	0	Gaussian	315.665497	41.285403
48	1	  0.000732	  0.014243	     -1.00	    742.16	    216.86	      2.63	      2.53	     46.03	     44.24	63.43	 3.253e-04	      2.43	0	Gaussian	316.548389	40.976184
49	1	  0.000688	  0.016050	     -1.00	    416.39	    294.62	      2.42	      2.37	     42.44	     41.50	-9.00	 1.489e-04	      2.45	0	Gaussian	314.681719	41.649444
50	1	  0.000733	  0.016009	     -1.00	    263.99	    585.38	      2.41	      2.35	     42.11	     41.18	49.19	 2.353e-04	      2.47	0	Gaussian	314.100802	43.129716
51	1	  0.000686	  0.015037	     -1.00	     88.95	    444.43	      2.50	      2.38	     43.77	     41.69	41.78	 6.939e-05	      2.48	0	Gaussian	312.834687	42.631438
52	1	  0.000672	  0.014333	     -1.00	    428.79	    706.78	      2.59	      2.40	     45.32	     42.00	23.98	 7.581e-05	      2.49	0	Gaussian	315.291902	43.532395
53	1	  0.000653	  0.015499	     -1.00	    135.48	    420.34	      2.41	      2.38	     42.10	     41.66	-32.71	 1.008e-04	      2.50	0	Gaussian	313.098085	42.480383
54	1	  0.000740	  0.013081	     -1.00	    771.06	    762.86	      2.61	      2.58	     45.60	     45.08	34.50	 1.862e-04	      2.50	0	Gaussian	317.503122	43.433338
55	1	  0.000718	  0.014212	     -1.00	    367.99	    202.48	      2.53	      2.34	     44.27	     40.93	49.83	 1.107e-04	      2.55	0	Gaussian	314.272658	41.269475
56	1	  0.000678	  0.014445	     -1.00	    214.33	    666.45	      2.46	      2.35	     43.10	     41.09	50.20	 2.616e-04	      2.56	0	Gaussian	313.888163	43.548934
57	1	  0.000655	  0.014329	     -1.00	    175.62	    475.64	      2.44	      2.34	     42.75	     40.98	55.44	 7.370e-05	      2.57	0	Gaussian	313.413793	42.701693
58	1	  0.000652	  0.012993	     -1.00	    535.53	    109.12	      2.61	      2.39	     45.72	     41.90	35.43	 8.151e-05	      2.58	0	Gaussian	315.169015	40.685374
59	1	  0.000708	  0.014336	     -1.00	     17.10	    433.37	      2.43	      2.31	     42.60	     40.43	33.69	 1.537e-04	      2.59	0	Gaussian	312.371437	42.639643
60	1	  0.000658	  0.012320	     -1.00	    587.84	    772.20	      2.53	      2.50	     44.26	     43.84	44.11	 8.453e-05	      2.63	0	Gaussian	316.378190	43.671415
61	1	  0.000710	  0.012593	     -1.00	    270.55	     61.83	      2.56	      2.39	     44.80	     41.81	27.64	 1.257e-04	      2.65	0	Gaussian	313.513999	40.706409
62	1	  0.000689	  0.012020	     -1.00	    591.90	    337.35	      2.66	      2.40	     46.64	     42.03	44.09	 1.001e-04	      2.65	0	Gaussian	315.806087	41.677563
63	1	  0.000691	  0.011072	     -1.00	    486.34	    308.06	      2.68	      2.55	     46.98	     44.65	-64.65	 1.940e-04	      2.65	0	Gaussian	315.125652	41.645498
64	1	  0.000719	  0.013534	     -1.00	    244.36	    190.48	      2.44	      2.29	     42.67	     40.15	68.72	 2.317e-04	      2.66	0	Gaussian	313.503949	41.323412
65	1	  0.000669	  0.010997	     -1.00	    714.61	    486.62	      2.72	      2.45	     47.63	     42.81	39.04	 9.702e-05	      2.70	0	Gaussian	316.756824	42.235635
66	1	  0.000657	  0.012221	     -1.00	    239.05	    492.95	      2.54	      2.36	     44.48	     41.29	55.80	 4.701e-05	      2.71	0	Gaussian	313.831106	42.725646
67	1	  0.000651	  0.011917	     -1.00	     57.85	    220.26	      2.51	      2.42	     43.95	     42.41	57.66	 5.891e-05	      2.71	0	Gaussian	312.390800	41.617455
68	1	  0.000709	  0.010590	     -1.00	    706.64	    249.73	      2.74	      2.48	     47.97	     43.35	23.45	 1.209e-04	      2.72	0	Gaussian	316.380605	41.162243
69	1	  0.000657	  0.011510	     -1.00	    281.06	    201.40	      2.60	      2.34	     45.44	     41.01	35.37	 6.074e-05	      2.76	0	Gaussian	313.741127	41.341874
70	1	  0.000702	  0.010310	     -1.00	    784.77	    715.27	      2.71	      2.50	     47.36	     43.84	52.30	 1.258e-04	      2.76	0	Gaussian	317.516921	43.202054
71	1	  0.000666	  0.004160	     -1.00	    690.20	    685.47	      5.82	      2.84	    101.82	     49.63	72.12	 1.964e-04	      2.77	0	Gaussian	316.890327	43.168174
72	1	  0.000640	  0.010435	     -1.00	    725.09	     74.62	      2.75	      2.42	     48.15	     42.42	21.47	 8.848e-05	      2.77	0	Gaussian	316.254508	40.343929
73	1	  0.000651	  0.010993	     -1.00	    289.64	    630.07	      2.50	      2.48	     43.79	     43.44	-61.19	 6.398e-05	      2.78	0	Gaussian	314.317903	43.312169
74	1	  0.000701	  0.011040	     -1.00	     86.43	     32.25	      2.53	      2.35	     44.23	     41.14	37.00	 9.347e-05	      2.82	0	Gaussian	312.362402	40.722344
75	1	  0.000675	  0.011055	     -1.00	    172.70	    401.92	      2.51	      2.34	     43.96	     40.88	45.99	 7.325e-05	      2.83	0	Gaussian	313.308728	42.363197
76	1	  0.000797	  0.011687	     -1.00	     51.88	    380.59	      2.43	      2.26	     42.48	     39.57	30.00	 5.185e-04	      2.84	0	Gaussian	312.530700	42.366237
77	1	  0.000665	  0.011222	     -1.00	    361.50	     68.52	      2.43	      2.33	     42.51	     40.85	58.03	 8.037e-05	      2.84	0	Gaussian	314.071784	40.657841
78	1	  0.000650	  0.010416	     -1.00	    485.55	    179.41	      2.56	      2.38	     44.81	     41.71	75.82	 8.620e-05	      2.85	0	Gaussian	314.957010	41.055138
79	1	  0.000681	  0.010865	     -1.00	     81.18	     51.81	      2.44	      2.36	     42.73	     41.27	32.48	 8.957e-05	      2.87	0	Gaussian	312.351432	40.817258
80	1	  0.000675	  0.010661	     -1.00	     84.70	    729.02	      2.42	      2.41	     42.39	     42.12	43.82	 1.112e-04	      2.88	0	Gaussian	313.139211	43.953002
81	1	  0.000656	  0.009370	     -1.00	    708.91	    144.82	      2.68	      2.47	     46.96	     43.30	29.81	 8.111e-05	      2.89	0	Gaussian	316.252362	40.680665
82	1	  0.000643	  0.010200	     -1.00	    124.87	    147.16	      2.54	      2.37	     44.40	     41.40	37.62	 5.934e-05	      2.89	0	Gaussian	312.722857	41.223776
83	1	  0.000634	  0.009352	     -1.00	    490.87	    603.91	      2.60	      2.54	     45.45	     44.42	-11.90	 7.495e-05	      2.89	0	Gaussian	315.541940	42.999305
84	1	  0.000630	  0.010212	     -1.00	     93.03	    617.66	      2.48	      2.42	     43.49	     42.31	33.40	 4.819e-05	      2.90	0	Gaussian	313.060870	43.430408
85	1	  0.000687	  0.010550	     -1.00	    259.10	    297.54	      2.46	      2.34	     42.99	     40.96	42.68	 1.622e-04	      2.90	0	Gaussian	313.720530	41.805209
86	1	  0.000643	  0.009126	     -1.00	    725.42	     90.39	      2.71	      2.43	     47.52	     42.56	31.84	 7.008e-05	      2.91	0	Gaussian	316.277542	40.415612
87	1	  0.000690	  0.010197	     -1.00	    492.35	    572.47	      2.49	      2.34	     43.63	     40.93	61.12	 1.042e-04	      2.92	0	Gaussian	315.509067	42.853647
88	1	  0.000674	  0.009235	     -1.00	    566.70	    348.36	      2.64	      2.44	     46.19	     42.67	42.94	 8.611e-05	      2.93	0	Gaussian	315.667533	41.752801
89	1	  0.000713	  0.009313	     -1.00	    648.02	     69.54	      2.65	      2.40	     46.43	     41.96	29.06	 2.158e-04	      2.93	0	Gaussian	315.790132	40.396370
90	1	  0.000694	  0.001205	     -1.00	    593.66	    394.92	      8.39	      5.82	    146.78	    101.85	-73.20	 2.145e-04	      2.94	0	Gaussian	315.893807	41.939542
91	1	  0.000663	  0.009345	     -1.00	     41.76	    120.00	      2.49	      2.47	     43.53	     43.21	-25.03	 9.395e-05	      2.95	0	Gaussian	312.183350	41.165079
92	1	  0.000765	  0.008595	     -1.00	    553.26	    108.94	      2.66	      2.54	     46.49	     44.47	77.91	 3.237e-04	      2.96	0	Gaussian	315.275073	40.667751
93	1	  0.000653	  0.008287	     -1.00	    585.59	    467.02	      2.71	      2.53	     47.44	     44.27	49.49	 5.244e-05	      2.98	0	Gaussian	315.941792	42.277787
94	1	  0.000772	  0.008462	     -1.00	    753.97	    315.39	      2.69	      2.48	     47.06	     43.47	51.16	 4.405e-04	      2.98	0	Gaussian	316.755090	41.413686
95	1	  0.000696	  0.008913	     -1.00	    318.70	    624.81	      2.54	      2.49	     44.53	     43.52	-8.26	 7.905e-05	      2.99	0	Gaussian	314.493857	43.260904
96	1	  0.000664	  0.009310	     -1.00	    295.60	    389.55	      2.49	      2.41	     43.58	     42.18	-89.81	 1.202e-04	      3.00	0	Gaussian	314.056692	42.197493
97	1	  0.000706	  0.009773	     -1.00	    375.25	    335.49	      2.50	      2.27	     43.73	     39.70	39.27	 1.186e-04	      3.00	0	Gaussian	314.480829	41.875672
98	1	  0.000659	  0.008659	     -1.00	    462.32	    420.98	      2.54	      2.52	     44.44	     44.06	-36.08	 8.329e-05	      3.01	0	Gaussian	315.124353	42.187258
99	1	  0.000642	  0.008850	     -1.00	    394.24	    448.35	      2.51	      2.43	     43.99	     42.46	56.93	 6.769e-05	      3.03	0	Gaussian	314.739864	42.377661
100	1	  0.000693	  0.009663	     -1.00	    224.05	    673.51	      2.43	      2.31	     42.51	     40.46	36.17	 3.393e-04	      3.03	0	Gaussian	313.958427	43.572667
101	1	  0.000641	  0.003575	     -1.00	    740.09	    132.33	      5.48	      2.76	     95.93	     48.25	14.97	 1.117e-04	      3.03	0	Gaussian	316.421104	40.592454
102	1	  0.000753	  0.009563	     -1.00	    230.73	    682.87	      2.44	      2.27	     42.70	     39.80	55.14	 8.091e-04	      3.04	0	Gaussian	314.012331	43.609815
103	1	  0.000660	  0.008364	     -1.00	    430.02	     94.98	      2.62	      2.43	     45.86	     42.53	9.59	 8.343e-05	      3.04	0	Gaussian	314.516971	40.718119
104	1	  0.000660	  0.008820	     -1.00	     69.75	    307.78	      2.54	      2.32	     44.37	     40.68	44.90	 5.880e-05	      3.06	0	Gaussian	312.560979	42.013778
105	1	  0.000667	  0.008102	     -1.00	    549.28	    578.82	      2.59	      2.47	     45.37	     43.27	17.24	 8.694e-05	      3.07	0	Gaussian	315.870068	42.826176
106	1	  0.000643	  0.008259	     -1.00	    334.65	    382.25	      2.57	      2.44	     44.94	     42.66	-54.08	 7.863e-05	      3.08	0	Gaussian	314.288981	42.128403
107	1	  0.000648	  0.008652	     -1.00	    133.56	    517.43	      2.46	      2.43	     43.12	     42.52	66.23	 7.394e-05	      3.08	0	Gaussian	313.199245	42.931504
108	1	  0.000671	  0.008381	     -1.00	     92.86	    409.02	      2.55	      2.38	     44.71	     41.70	61.51	 6.897e-05	      3.09	0	Gaussian	312.818858	42.464018
109	1	  0.000657	  0.007154	     -1.00	    264.28	    392.72	      3.01	      2.35	     52.77	     41.13	7.77	 9.856e-05	      3.10	0	Gaussian	313.866627	42.240249
110	1	  0.000666	  0.007618	     -1.00	    574.76	    276.13	      2.57	      2.57	     45.00	     45.00	-2.99	 7.391e-05	      3.10	0	Gaussian	315.621175	41.413834
111	1	  0.000659	  0.007454	     -1.00	    681.20	    720.64	      2.71	      2.51	     47.45	     43.89	43.07	 8.554e-05	      3.11	0	Gaussian	316.885368	43.338072
112	1	  0.000625	  0.007879	     -1.00	    253.15	    759.91	      2.58	      2.46	     45.10	     43.09	67.65	 3.609e-05	      3.12	0	Gaussian	314.251399	43.944365
113	1	  0.000650	  0.007891	     -1.00	     70.96	     15.46	      2.58	      2.41	     45.10	     42.24	17.22	 6.331e-05	      3.13	0	Gaussian	312.250198	40.656815
114	1	  0.000663	  0.007932	     -1.00	     19.75	    196.53	      2.50	      2.41	     43.74	     42.12	31.87	 5.317e-05	      3.17	0	Gaussian	312.129763	41.537887
115	1	  0.000787	  0.007641	     -1.00	    591.33	     34.42	      2.62	      2.32	     45.81	     40.59	31.30	 8.387e-04	      3.19	0	Gaussian	315.407351	40.289950
116	1	  0.000653	  0.007761	     -1.00	    305.24	    108.46	      2.54	      2.34	     44.50	     40.98	40.91	 5.460e-05	      3.20	0	Gaussian	313.778726	40.891651
117	1	  0.000642	  0.007080	     -1.00	    429.21	    503.37	      2.60	      2.45	     45.46	     42.83	31.08	 6.010e-05	      3.24	0	Gaussian	315.026846	42.597605
118	1	  0.000654	  0.006662	     -1.00	    633.84	    511.35	      2.65	      2.53	     46.42	     44.28	38.37	 5.813e-05	      3.24	0	Gaussian	316.298057	42.431863
119	1	  0.000635	  0.006422	     -1.00	    158.75	    640.43	      2.73	      2.55	     47.85	     44.57	-10.48	 6.472e-05	      3.25	0	Gaussian	313.504525	43.478465
120	1	  0.000637	  0.007228	     -1.00	    108.95	    577.00	      2.47	      2.46	     43.28	     43.03	-8.70	 4.401e-05	      3.26	0	Gaussian	313.114013	43.228471
121	1	  0.000645	  0.007265	     -1.00	    200.33	    572.35	      2.52	      2.39	     44.03	     41.89	64.15	 8.597e-05	      3.26	0	Gaussian	313.684712	43.126938
122	1	  0.000653	  0.006112	     -1.00	    655.74	    132.01	      2.83	      2.53	     49.49	     44.21	47.66	 4.835e-05	      3.26	0	Gaussian	315.918124	40.674696
123	1	  0.000669	  0.006919	     -1.00	    456.49	    547.75	      2.56	      2.40	     44.89	     41.94	-40.37	 8.689e-05	      3.27	0	Gaussian	315.253910	42.775232
124	1	  0.000685	  0.007010	     -1.00	      5.06	    668.31	      2.55	      2.40	     44.71	     42.05	38.49	 5.545e-05	      3.28	0	Gaussian	312.559345	43.739587
125	1	  0.000662	  0.007217	     -1.00	    194.56	    110.63	      2.52	      2.34	     44.07	     40.89	45.57	 6.722e-05	      3.29	0	Gaussian	313.108061	40.996639
126	1	  0.000652	  0.006378	     -1.00	    203.15	    468.30	      2.58	      2.57	     45.10	     44.91	34.50	 7.171e-05	      3.29	0	Gaussian	313.577160	42.643619
127	1	  0.000645	  0.006673	     -1.00	    373.62	    461.81	      2.62	      2.39	     45.91	     41.88	40.96	 1.293e-04	      3.31	0	Gaussian	314.629408	42.458940
128	1	  0.000669	  0.005936	     -1.00	    683.36	    511.09	      2.80	      2.51	     48.97	     43.96	36.11	 6.611e-05	      3.31	0	Gaussian	316.600652	42.379754
129	1	  0.000642	  0.006755	     -1.00	     80.80	    112.14	      2.48	      2.47	     43.49	     43.22	51.83	 7.364e-05	      3.32	0	Gaussian	312.414336	41.097346
130	1	  0.000641	  0.006856	     -1.00	    176.29	    641.53	      2.50	      2.42	     43.77	     42.37	39.98	 5.895e-05	      3.32	0	Gaussian	313.616879	43.467986
131	1	  0.000656	  0.005490	     -1.00	    761.29	    735.17	      2.85	      2.61	     49.97	     45.75	33.91	 6.081e-05	      3.33	0	Gaussian	317.401740	43.318146
132	1	  0.000644	  0.006604	     -1.00	    109.40	    560.83	      2.53	      2.41	     44.22	     42.22	46.08	 5.225e-05	      3.33	0	Gaussian	313.097888	43.153236
133	1	  0.000666	  0.006183	     -1.00	     34.78	    759.92	      2.59	      2.53	     45.29	     44.33	-47.95	 6.367e-05	      3.35	0	Gaussian	312.855707	44.138970
134	1	  0.000750	  0.006566	     -1.00	     19.77	    257.29	      2.48	      2.44	     43.41	     42.70	48.84	 2.698e-04	      3.36	0	Gaussian	312.195291	41.820018
135	1	  0.000655	  0.004787	     -1.00	    762.70	    563.96	      2.89	      2.84	     50.52	     49.75	33.79	 6.402e-05	      3.37	0	Gaussian	317.160274	42.537494
136	1	  0.000641	  0.005933	     -1.00	    399.07	    144.37	      2.70	      2.45	     47.31	     42.89	33.07	 4.205e-05	      3.39	0	Gaussian	314.390449	40.973626
137	1	  0.000699	  0.005540	     -1.00	    658.55	    775.53	      2.75	      2.49	     48.21	     43.64	55.79	 1.469e-04	      3.40	0	Gaussian	316.823975	43.612323
138	1	  0.000682	  0.006247	     -1.00	     52.45	     33.13	      2.48	      2.40	     43.34	     42.01	78.91	 7.477e-05	      3.42	0	Gaussian	312.156196	40.753433
139	1	  0.000651	  0.005539	     -1.00	    592.64	    318.73	      2.74	      2.46	     47.93	     43.11	42.76	 5.703e-05	      3.42	0	Gaussian	315.785800	41.591530
140	1	  0.000646	  0.005693	     -1.00	    440.26	    155.50	      2.69	      2.47	     47.09	     43.29	42.08	 5.448e-05	      3.42	0	Gaussian	314.653355	40.987208
141	1	  0.000677	  0.006154	     -1.00	    121.00	    180.72	      2.57	      2.36	     44.99	     41.39	24.03	 1.628e-04	      3.43	0	Gaussian	312.736428	41.382495
142	1	  0.000660	  0.005874	     -1.00	    273.86	     90.71	      2.65	      2.39	     46.44	     41.85	47.19	 5.951e-05	      3.44	0	Gaussian	313.567536	40.836960
143	1	  0.000692	  0.005039	     -1.00	    781.19	    555.89	      2.79	      2.67	     48.78	     46.74	88.95	 1.068e-04	      3.44	0	Gaussian	317.261347	42.480967
144	1	  0.000669	  0.005860	     -1.00	     66.77	    366.59	      2.58	      2.45	     45.10	     42.92	33.53	 5.027e-05	      3.45	0	Gaussian	312.608014	42.289013
145	1	  0.000655	  0.005908	     -1.00	    105.69	    685.49	      2.53	      2.46	     44.21	     43.10	36.48	 5.746e-05	      3.45	0	Gaussian	313.221446	43.733392
146	1	  0.000649	  0.005313	     -1.00	    548.40	     64.17	      2.75	      2.45	     48.17	     42.90	53.78	 5.850e-05	      3.46	0	Gaussian	315.189101	40.466938
147	1	  0.000726	  0.005477	     -1.00	    330.77	    664.22	      2.65	      2.51	     46.30	     43.95	37.52	 1.226e-04	      3.47	0	Gaussian	314.620115	43.431038
148	1	  0.000629	  0.002293	     -1.00	    208.18	    358.33	      3.95	      3.93	     69.14	     68.84	-14.21	 1.351e-04	      3.47	0	Gaussian	313.477955	42.130767
149	1	  0.000717	  0.005259	     -1.00	    413.64	    188.84	      2.63	      2.50	     45.97	     43.81	-14.18	 2.183e-04	      3.51	0	Gaussian	314.533342	41.165123
150	1	  0.000675	  0.005187	     -1.00	    646.82	    607.43	      2.71	      2.49	     47.35	     43.64	32.47	 8.629e-05	      3.51	0	Gaussian	316.511713	42.857543
151	1	  0.000682	  0.004236	     -1.00	    624.20	    680.84	      2.92	      2.81	     51.03	     49.17	-82.87	 9.498e-05	      3.52	0	Gaussian	316.475346	43.216302
152	1	  0.000704	  0.005414	     -1.00	    258.86	     54.34	      2.53	      2.46	     44.24	     43.04	29.86	 1.825e-04	      3.53	0	Gaussian	313.434579	40.681825
153	1	  0.000640	  0.004697	     -1.00	    393.90	     95.43	      2.70	      2.64	     47.19	     46.23	33.39	 4.482e-05	      3.54	0	Gaussian	314.299670	40.752878
154	1	  0.000686	  0.004613	     -1.00	    664.74	    724.10	      2.84	      2.56	     49.79	     44.84	88.27	 9.217e-05	      3.54	0	Gaussian	316.788302	43.371296
155	1	  0.000668	  0.003341	     -1.00	     69.89	    444.28	      3.94	      2.55	     69.00	     44.60	27.94	 1.456e-04	      3.54	0	Gaussian	312.715051	42.646713
156	1	  0.000706	  0.004828	     -1.00	    775.97	    452.40	      2.76	      2.53	     48.24	     44.24	31.25	 1.583e-04	      3.55	0	Gaussian	317.080815	42.015264
157	1	  0.000709	  0.002753	     -1.00	    660.99	    694.61	      4.29	      2.86	     75.02	     50.05	16.66	 1.760e-04	      3.55	0	Gaussian	316.722833	43.240687
158	1	  0.000690	  0.004783	     -1.00	    764.89	     70.67	      2.80	      2.52	     48.94	     44.04	27.46	 1.376e-04	      3.56	0	Gaussian	316.484771	40.286217
159	1	  0.000847	  0.004856	     -1.00	    737.69	    226.37	      2.74	      2.51	     47.99	     43.99	25.62	 9.334e-04	      3.56	0	Gaussian	316.534674	41.024125
160	1	  0.000645	  0.004647	     -1.00	    584.75	    676.96	      2.75	      2.54	     48.05	     44.39	-82.70	 6.232e-05	      3.57	0	Gaussian	316.225134	43.239304
161	1	  0.000629	  0.004762	     -1.00	    478.60	    224.27	      2.70	      2.49	     47.30	     43.51	68.30	 4.289e-05	      3.59	0	Gaussian	314.971689	41.267785
162	1	  0.000666	  0.004751	     -1.00	    629.14	     11.69	      2.79	      2.43	     48.92	     42.60	27.59	 5.596e-05	      3.60	0	Gaussian	315.602942	40.149770
163	1	  0.000679	  0.004205	     -1.00	    722.06	    545.67	      2.88	      2.64	     50.36	     46.20	58.04	 1.097e-04	      3.62	0	Gaussian	316.885903	42.497173
164	1	  0.000658	  0.004992	     -1.00	     75.33	    779.64	      2.53	      2.49	     44.30	     43.53	40.69	 3.326e-05	      3.62	0	Gaussian	313.139438	44.195302
165	1	  0.000653	  0.004199	     -1.00	    588.83	    499.46	      2.95	      2.57	     51.60	     44.96	24.94	 7.449e-05	      3.62	0	Gaussian	316.005718	42.423034
166	1	  0.000633	  0.004348	     -1.00	    641.49	    171.12	      2.73	      2.63	     47.76	     46.08	18.09	 4.049e-05	      3.62	0	Gaussian	315.884594	40.867626
167	1	  0.000660	  0.004449	     -1.00	    700.88	    568.60	      2.81	      2.53	     49.17	     44.34	36.80	 9.795e-05	      3.63	0	Gaussian	316.788954	42.623972
168	1	  0.000687	  0.004462	     -1.00	     42.83	    629.81	      2.69	      2.55	     47.03	     44.67	76.65	 6.613e-05	      3.63	0	Gaussian	312.756068	43.529433
169	1	  0.000650	  0.004729	     -1.00	    347.49	    335.16	      2.56	      2.50	     44.76	     43.80	25.74	 7.447e-05	      3.63	0	Gaussian	314.309913	41.899619
170	1	  0.000772	  0.004718	     -1.00	    790.55	    530.38	      2.74	      2.38	     47.99	     41.70	22.73	 3.732e-04	      3.64	0	Gaussian	317.281342	42.354876
171	1	  0.000625	  0.004942	     -1.00	    235.35	    549.46	      2.58	      2.39	     45.11	     41.77	60.55	 3.900e-05	      3.65	0	Gaussian	313.876847	42.989870
172	1	  0.000643	  0.004899	     -1.00	     39.32	     82.48	      2.58	      2.43	     45.07	     42.55	47.90	 9.192e-05	      3.65	0	Gaussian	312.128342	40.992852
173	1	  0.000681	  0.004796	     -1.00	    353.32	    681.38	      2.57	      2.49	     44.95	     43.59	76.09	 4.856e-05	      3.65	0	Gaussian	314.784152	43.488622
174	1	  0.000639	  0.000328	     -1.00	    663.15	    521.39	     14.11	      6.73	    246.92	    117.86	-0.88	 1.021e-04	      3.66	0	Gaussian	316.491481	42.447659
175	1	  0.000703	  0.004827	     -1.00	    311.24	    256.16	      2.60	      2.39	     45.49	     41.82	63.72	 2.805e-04	      3.67	0	Gaussian	313.991207	41.567981
176	1	  0.000613	  0.004436	     -1.00	    497.85	    726.66	      2.68	      2.51	     46.97	     43.95	44.01	 3.882e-05	      3.68	0	Gaussian	315.751772	43.555025
177	1	  0.000652	  0.004320	     -1.00	    602.43	    746.32	      2.72	      2.43	     47.59	     42.53	72.69	 5.296e-05	      3.69	0	Gaussian	316.432588	43.538016
178	1	  0.000804	  0.004383	     -1.00	    762.03	    307.18	      2.68	      2.53	     46.83	     44.24	28.11	 8.299e-04	      3.69	0	Gaussian	316.792065	41.367914
179	1	  0.000645	  0.004571	     -1.00	     43.33	    536.95	      2.52	      2.52	     44.09	     44.09	-44.95	 4.448e-05	      3.71	0	Gaussian	312.652983	43.098539
180	1	  0.000664	  0.004592	     -1.00	    307.44	    175.31	      2.60	      2.39	     45.49	     41.91	59.21	 7.924e-05	      3.71	0	Gaussian	313.871181	41.198243
181	1	  0.000738	  0.004261	     -1.00	    674.76	    297.60	      2.72	      2.51	     47.67	     43.90	24.86	 2.686e-04	      3.71	0	Gaussian	316.253898	41.413133
182	1	  0.000667	  0.004650	     -1.00	    434.72	    384.45	      2.57	      2.42	     44.97	     42.38	53.14	 6.303e-05	      3.71	0	Gaussian	314.907724	42.045570
183	1	  0.000629	  0.004548	     -1.00	     25.86	    477.52	      2.59	      2.45	     45.33	     42.80	28.31	 3.295e-05	      3.72	0	Gaussian	312.475694	42.837346
184	1	  0.000676	  0.004479	     -1.00	    523.68	    241.75	      2.64	      2.38	     46.16	     41.59	46.73	 9.196e-05	      3.72	0	Gaussian	315.267173	41.305404
185	1	  0.000649	  0.004111	     -1.00	    608.57	    675.54	      2.73	      2.53	     47.86	     44.21	39.44	 4.484e-05	      3.73	0	Gaussian	316.370966	43.208319
186	1	  0.000630	  0.004562	     -1.00	    472.30	     78.69	      2.55	      2.44	     44.66	     42.76	85.36	 4.178e-05	      3.73	0	Gaussian	314.751242	40.604524
187	1	  0.000663	  0.004593	     -1.00	     16.50	    639.21	      2.51	      2.46	     43.92	     42.97	-47.53	 5.131e-05	      3.73	0	Gaussian	312.599136	43.595099
188	1	  0.000647	  0.004216	     -1.00	    446.64	    733.44	      2.63	      2.54	     46.08	     44.48	61.46	 4.923e-05	      3.74	0	Gaussian	315.439770	43.637166
189	1	  0.000671	  0.004355	     -1.00	    401.19	    256.60	      2.62	      2.46	     45.82	     43.06	41.72	 7.880e-05	      3.75	0	Gaussian	314.541494	41.488477
190	1	  0.000680	  0.003428	     -1.00	    384.50	    468.95	      2.88	      2.78	     50.38	     48.65	36.76	 3.301e-04	      3.75	0	Gaussian	314.705840	42.481636
191	1	  0.000652	  0.004461	     -1.00	    142.44	    267.83	      2.53	      2.47	     44.24	     43.30	-76.57	 7.107e-05	      3.76	0	Gaussian	312.966435	41.768215
192	1	  0.000653	  0.004574	     -1.00	     28.78	    741.33	      2.45	      2.44	     42.90	     42.66	30.54	 4.292e-05	      3.76	0	Gaussian	312.795451	44.058002
193	1	  0.000677	  0.004366	     -1.00	    347.10	    280.59	      2.67	      2.40	     46.66	     41.99	38.86	 1.414e-04	      3.76	0	Gaussian	314.240487	41.648399
194	1	  0.000734	  0.003804	     -1.00	    760.18	    767.20	      2.86	      2.52	     50.01	     44.10	28.51	 3.829e-04	      3.76	0	Gaussian	317.442318	43.464972
195	1	  0.000687	  0.003969	     -1.00	    372.51	    514.96	      2.71	      2.51	     47.48	     43.99	7.21	 9.686e-05	      3.77	0	Gaussian	314.690016	42.704667
196	1	  0.000707	  0.003757	     -1.00	    748.86	    346.10	      2.73	      2.67	     47.74	     46.65	39.79	 1.284e-04	      3.77	0	Gaussian	316.767156	41.559020
197	1	  0.000641	  0.004083	     -1.00	    414.12	     33.98	      2.68	      2.42	     46.83	     42.44	84.39	 4.881e-05	      3.78	0	Gaussian	314.347081	40.451761
198	1	  0.000653	  0.004324	     -1.00	    170.99	    342.42	      2.56	      2.44	     44.81	     42.67	51.59	 1.289e-04	      3.79	0	Gaussian	313.228755	42.089306
199	1	  0.000679	  0.004227	     -1.00	    317.34	    474.55	      2.64	      2.38	     46.13	     41.72	61.16	 1.366e-04	      3.79	0	Gaussian	314.296230	42.569781
200	1	  0.000641	  0.004255	     -1.00	    258.06	    683.23	      2.58	      2.46	     45.19	     43.04	60.27	 1.278e-04	      3.79	0	Gaussian	314.185709	43.586377
201	1	  0.000665	  0.003671	     -1.00	    769.15	    637.50	      2.87	      2.55	     50.23	     44.64	30.55	 6.275e-05	      3.80	0	Gaussian	317.306511	42.865350
202	1	  0.000671	  0.003719	     -1.00	    673.69	    195.76	      2.82	      2.53	     49.31	     44.25	23.17	 7.489e-05	      3.81	0	Gaussian	316.110230	40.948564
203	1	  0.000648	  0.003861	     -1.00	    593.01	     53.50	      2.75	      2.49	     48.13	     43.57	29.32	 8.758e-05	      3.82	0	Gaussian	315.441806	40.375772
204	1	  0.000639	  0.003856	     -1.00	    498.78	    537.29	      2.69	      2.54	     47.05	     44.53	35.51	 3.565e-05	      3.82	0	Gaussian	315.501925	42.685930
205	1	  0.000634	  0.003709	     -1.00	    731.50	    116.46	      2.81	      2.50	     49.16	     43.71	28.07	 4.043e-05	      3.82	0	Gaussian	316.348658	40.528631
206	1	  0.000807	  0.004120	     -1.00	    519.04	    263.86	      2.63	      2.44	     45.96	     42.72	3.15	 3.649e-04	      3.83	0	Gaussian	315.267542	41.411334
207	1	  0.000675	  0.003969	     -1.00	    420.01	    385.96	      2.76	      2.37	     48.23	     41.47	35.36	 6.340e-05	      3.83	0	Gaussian	314.819285	42.066384
208	1	  0.000646	  0.003906	     -1.00	    620.40	    617.30	      2.69	      2.45	     47.09	     42.94	50.62	 8.107e-05	      3.83	0	Gaussian	316.362588	42.929940
209	1	  0.000707	  0.003303	     -1.00	    613.96	    654.64	      2.97	      2.64	     52.05	     46.26	39.02	 2.154e-04	      3.86	0	Gaussian	316.375077	43.107233
210	1	  0.000676	  0.003553	     -1.00	    227.07	    192.87	      2.63	      2.63	     46.04	     46.00	67.35	 9.938e-05	      3.86	0	Gaussian	313.400900	41.349370
211	1	  0.000647	  0.003413	     -1.00	    784.78	     14.35	      2.92	      2.58	     51.07	     45.08	16.82	 4.742e-05	      3.86	0	Gaussian	316.526145	40.009445
212	1	  0.000664	  0.003319	     -1.00	    650.90	    361.68	      2.83	      2.61	     49.61	     45.67	34.55	 5.818e-05	      3.90	0	Gaussian	316.196782	41.730140
213	1	  0.000647	  0.003486	     -1.00	    598.38	    657.77	      2.76	      2.50	     48.26	     43.72	66.02	 4.726e-05	      3.90	0	Gaussian	316.282923	43.137561
214	1	  0.000662	  0.003548	     -1.00	    346.21	    616.16	      2.65	      2.60	     46.41	     45.53	-69.01	 5.829e-05	      3.90	0	Gaussian	314.655351	43.195253
215	1	  0.000662	  0.003697	     -1.00	    120.09	    102.32	      2.65	      2.48	     46.43	     43.32	48.62	 8.763e-05	      3.91	0	Gaussian	312.644092	41.019925
216	1	  0.000627	  0.003414	     -1.00	    573.31	    745.73	      2.71	      2.61	     47.45	     45.74	56.70	 4.470e-05	      3.91	0	Gaussian	316.250107	43.565501
217	1	  0.000635	  0.003716	     -1.00	    221.85	    575.67	      2.60	      2.49	     45.56	     43.66	45.01	 3.946e-05	      3.91	0	Gaussian	313.824119	43.123035
218	1	  0.000664	  0.003555	     -1.00	    468.99	    346.14	      2.68	      2.51	     46.97	     44.02	38.28	 4.459e-05	      3.91	0	Gaussian	315.068645	41.836976
219	1	  0.000627	  0.003317	     -1.00	    344.13	    496.88	      2.71	      2.63	     47.45	     46.10	60.51	 4.897e-05	      3.92	0	Gaussian	314.490694	42.647917
220	1	  0.000646	  0.002776	     -1.00	    217.52	    251.09	      3.12	      2.67	     54.55	     46.77	89.75	 9.447e-05	      3.93	0	Gaussian	313.409974	41.626788
221	1	  0.000622	  0.003437	     -1.00	    367.04	    443.07	      2.59	      2.58	     45.25	     45.10	18.36	 3.184e-05	      3.96	0	Gaussian	314.564986	42.378803
222	1	  0.000712	  0.003706	     -1.00	    488.51	    295.08	      2.50	      2.41	     43.82	     42.27	56.06	 2.508e-04	      3.97	0	Gaussian	315.122176	41.583826
223	1	  0.000754	  0.003527	     -1.00	    340.98	    670.40	      2.58	      2.42	     45.12	     42.31	23.84	 3.467e-04	      3.97	0	Gaussian	314.692345	43.449791
224	1	  0.000795	  0.003308	     -1.00	    727.86	    794.03	      2.60	      2.59	     45.43	     45.34	12.44	 1.645e-04	      3.98	0	Gaussian	317.281804	43.622190
225	1	  0.000630	  0.003181	     -1.00	    479.54	    613.87	      2.76	      2.49	     48.28	     43.56	68.55	 5.814e-05	      3.98	0	Gaussian	315.484858	43.056145
226	1	  0.000704	  0.003354	     -1.00	    685.59	    299.42	      2.71	      2.48	     47.47	     43.38	31.12	 2.170e-04	      3.98	0	Gaussian	316.321642	41.410520
227	1	  0.000672	  0.002854	     -1.00	    392.81	    675.53	      2.90	      2.67	     50.76	     46.78	56.86	 7.166e-05	      3.99	0	Gaussian	315.024667	43.423851
228	1	  0.000658	  0.003263	     -1.00	    267.43	    459.89	      2.66	      2.54	     46.60	     44.51	-22.08	 4.405e-05	      4.00	0	Gaussian	313.967749	42.547528
229	1	  0.000675	  0.003877	     -1.00	    202.60	    621.55	      2.41	      2.32	     42.17	     40.68	22.44	 6.801e-05	      4.01	0	Gaussian	313.758909	43.352189
230	1	  0.000636	  0.002919	     -1.00	    787.81	    353.39	      2.87	      2.64	     50.25	     46.12	23.68	 3.868e-05	      4.02	0	Gaussian	317.011744	41.551753
231	1	  0.000652	  0.003073	     -1.00	    617.31	    256.19	      2.80	      2.43	     48.95	     42.48	1.76	 7.814e-05	      4.02	0	Gaussian	315.851889	41.280803
232	1	  0.000649	  0.003036	     -1.00	    459.08	    497.96	      2.85	      2.41	     49.88	     42.23	32.75	 6.781e-05	      4.02	0	Gaussian	315.204602	42.544042
233	1	  0.000677	  0.002928	     -1.00	    646.32	    488.68	      2.85	      2.62	     49.87	     45.84	13.33	 7.102e-05	      4.03	0	Gaussian	316.343033	42.315476
234	1	  0.000662	  0.002720	     -1.00	    742.26	    737.91	      2.93	      2.73	     51.21	     47.81	83.62	 7.823e-05	      4.03	0	Gaussian	317.288245	43.351269
235	1	  0.000624	  0.002931	     -1.00	    688.56	     84.38	      2.90	      2.52	     50.79	     44.02	25.33	 3.822e-05	      4.04	0	Gaussian	316.050679	40.424633
236	1	  0.000664	  0.003284	     -1.00	    272.94	     79.23	      2.55	      2.55	     44.71	     44.67	78.89	 6.074e-05	      4.04	0	Gaussian	313.548659	40.784739
237	1	  0.000665	  0.002996	     -1.00	    657.62	    667.88	      2.79	      2.53	     48.84	     44.26	18.07	 5.008e-05	      4.04	0	Gaussian	316.663870	43.122259
238	1	  0.000642	  0.003105	     -1.00	    541.86	    696.28	      2.65	      2.58	     46.47	     45.10	23.25	 1.032e-04	      4.04	0	Gaussian	315.985002	43.371473
239	1	  0.000654	  0.003342	     -1.00	     61.10	     46.64	      2.57	      2.45	     44.90	     42.94	18.32	 4.792e-05	      4.05	0	Gaussian	312.223317	40.809294
240	1	  0.000649	  0.002984	     -1.00	    590.15	    695.56	      2.79	      2.58	     48.79	     45.09	29.15	 5.342e-05	      4.05	0	Gaussian	316.284694	43.318800
241	1	  0.000710	  0.003527	     -1.00	    138.23	    527.75	      2.42	      2.42	     42.42	     42.39	47.34	 3.752e-04	      4.05	0	Gaussian	313.240730	42.975249
242	1	  0.000707	  0.001545	     -1.00	    712.12	    323.38	      4.42	      3.08	     77.33	     53.84	35.10	 6.763e-05	      4.06	0	Gaussian	316.514360	41.493047
243	1	  0.000671	  0.003375	     -1.00	     14.49	    318.05	      2.56	      2.42	     44.76	     42.36	59.82	 1.197e-04	      4.06	0	Gaussian	312.228400	42.106366
244	1	  0.000672	  0.002990	     -1.00	     58.48	    248.05	      2.74	      2.63	     47.88	     46.05	14.81	 9.000e-05	      4.07	0	Gaussian	312.425151	41.745888
245	1	  0.000628	  0.003302	     -1.00	    220.31	    709.23	      2.56	      2.41	     44.77	     42.14	67.38	 6.624e-05	      4.08	0	Gaussian	313.979101	43.740900
246	1	  0.000642	  0.002786	     -1.00	    734.59	    420.98	      2.73	      2.69	     47.80	     47.11	10.36	 4.643e-05	      4.08	0	Gaussian	316.785819	41.915352
247	1	  0.000755	  0.003408	     -1.00	    676.49	    630.44	      2.50	      2.33	     43.75	     40.78	30.65	 3.200e-04	      4.09	0	Gaussian	316.727040	42.931682
248	1	  0.000644	  0.002674	     -1.00	    573.85	    128.97	      2.77	      2.69	     48.44	     47.02	30.33	 4.947e-05	      4.09	0	Gaussian	315.424203	40.740028
249	1	  0.000654	  0.003145	     -1.00	     36.02	    559.87	      2.52	      2.50	     44.10	     43.68	-5.97	 7.781e-05	      4.10	0	Gaussian	312.632810	43.210934
250	1	  0.000655	  0.002786	     -1.00	    594.86	    205.28	      2.79	      2.61	     48.80	     45.77	28.72	 5.139e-05	      4.10	0	Gaussian	315.649514	41.069557
251	1	  0.000695	  0.003051	     -1.00	    641.68	    627.23	      2.63	      2.51	     46.09	     43.87	41.65	 1.105e-04	      4.11	0	Gaussian	316.507884	42.953333
252	1	  0.000682	  0.002683	     -1.00	    630.90	    627.23	      2.82	      2.66	     49.28	     46.64	30.00	 9.903e-05	      4.12	0	Gaussian	316.441368	42.964471
253	1	  0.000686	  0.002941	     -1.00	    636.57	    568.74	      2.72	      2.44	     47.68	     42.74	50.99	 1.694e-04	      4.12	0	Gaussian	316.394467	42.691367
254	1	  0.000650	  0.003034	     -1.00	     65.95	    769.39	      2.59	      2.47	     45.33	     43.27	11.05	 1.319e-04	      4.12	0	Gaussian	313.067024	44.156015
255	1	  0.000647	  0.002359	     -1.00	    509.90	    400.62	      3.06	      2.81	     53.54	     49.14	25.16	 4.528e-05	      4.13	0	Gaussian	315.389710	42.047898
256	1	  0.000652	  0.002992	     -1.00	    158.32	     85.93	      2.61	      2.49	     45.68	     43.53	-78.00	 4.610e-05	      4.13	0	Gaussian	312.859322	40.912551
257	1	  0.000667	  0.002906	     -1.00	    496.92	     64.18	      2.60	      2.58	     45.48	     45.14	16.34	 7.083e-05	      4.14	0	Gaussian	314.880969	40.515095
258	1	  0.000653	  0.003367	     -1.00	    131.29	    660.63	      2.45	      2.35	     42.85	     41.09	5.18	 7.329e-05	      4.14	0	Gaussian	313.354606	43.596038
259	1	  0.000651	  0.002560	     -1.00	    570.53	    504.80	      2.79	      2.68	     48.85	     46.89	72.88	 6.005e-05	      4.14	0	Gaussian	315.900580	42.465826
260	1	  0.000660	  0.002429	     -1.00	    625.07	    659.84	      2.85	      2.82	     49.91	     49.42	53.19	 5.883e-05	      4.14	0	Gaussian	316.451152	43.119503
261	1	  0.000703	  0.003414	     -1.00	    286.42	    413.42	      2.41	      2.32	     42.27	     40.53	21.58	 2.882e-04	      4.14	0	Gaussian	314.028998	42.315945
262	1	  0.000631	  0.002600	     -1.00	    746.16	    440.35	      2.88	      2.61	     50.33	     45.77	26.67	 2.942e-05	      4.15	0	Gaussian	316.883214	41.991656
263	1	  0.000651	  0.002875	     -1.00	    232.83	    406.00	      2.55	      2.55	     44.58	     44.57	15.67	 6.912e-05	      4.15	0	Gaussian	313.687500	42.329473
264	1	  0.000720	  0.003446	     -1.00	     43.45	    734.70	      2.36	      2.31	     41.39	     40.35	6.65	 2.116e-04	      4.15	0	Gaussian	312.881786	44.014801
265	1	  0.000692	  0.002930	     -1.00	    516.77	    522.58	      2.67	      2.47	     46.66	     43.23	37.54	 2.469e-04	      4.16	0	Gaussian	315.593420	42.600751
266	1	  0.000823	  0.003152	     -1.00	    720.91	    792.64	      2.55	      2.38	     44.71	     41.60	20.28	 4.322e-04	      4.16	0	Gaussian	317.236588	43.623361
267	1	  0.000653	  0.002951	     -1.00	     40.76	    275.84	      2.63	      2.45	     46.03	     42.93	24.06	 3.805e-05	      4.16	0	Gaussian	312.345745	41.889224
268	1	  0.000676	  0.002754	     -1.00	    601.40	    453.80	      2.73	      2.49	     47.83	     43.63	60.57	 7.959e-05	      4.17	0	Gaussian	316.020607	42.201417
269	1	  0.000712	  0.001318	     -1.00	    576.71	    492.33	      5.58	      2.49	     97.73	     43.50	-19.20	 3.647e-04	      4.17	0	Gaussian	315.921651	42.402548
270	1	  0.000679	  0.002459	     -1.00	    770.26	    597.94	      2.87	      2.66	     50.26	     46.60	-87.63	 6.174e-05	      4.18	0	Gaussian	317.255672	42.684109
271	1	  0.000640	  0.002610	     -1.00	    669.33	    553.70	      2.77	      2.61	     48.57	     45.67	45.83	 3.322e-05	      4.18	0	Gaussian	316.574535	42.588845
272	1	  0.000657	  0.002949	     -1.00	     83.03	    492.64	      2.54	      2.43	     44.39	     42.61	19.84	 1.369e-04	      4.18	0	Gaussian	312.852682	42.859853
273	1	  0.000638	  0.002540	     -1.00	    713.74	    165.76	      2.81	      2.65	     49.25	     46.40	24.97	 3.925e-05	      4.18	0	Gaussian	316.309304	40.771538
274	1	  0.000692	  0.002868	     -1.00	    314.80	    642.66	      2.61	      2.51	     45.68	     43.96	65.21	 9.280e-05	      4.19	0	Gaussian	314.492140	43.346779
275	1	  0.000653	  0.002841	     -1.00	     52.12	     79.76	      2.59	      2.51	     45.36	     43.89	3.79	 1.286e-04	      4.19	0	Gaussian	312.203804	40.970082
276	1	  0.000692	  0.002981	     -1.00	    254.82	    403.29	      2.52	      2.45	     44.09	     42.87	22.58	 1.298e-04	      4.19	0	Gaussian	313.820730	42.297484
277	1	  0.000639	  0.002796	     -1.00	     10.90	    451.81	      2.64	      2.52	     46.22	     44.12	42.64	 2.954e-05	      4.20	0	Gaussian	312.352873	42.730288
278	1	  0.000634	  0.002798	     -1.00	    378.26	    412.85	      2.60	      2.55	     45.58	     44.72	71.96	 3.715e-05	      4.20	0	Gaussian	314.596247	42.229172
279	1	  0.000671	  0.003210	     -1.00	    143.55	    236.34	      2.40	      2.34	     42.01	     41.02	14.54	 1.842e-04	      4.20	0	Gaussian	312.937616	41.621408
280	1	  0.000630	  0.002449	     -1.00	    585.62	    608.12	      2.76	      2.74	     48.34	     48.03	-18.31	 4.523e-05	      4.20	0	Gaussian	316.134954	42.923555
281	1	  0.000629	  0.002553	     -1.00	    569.38	    307.73	      2.75	      2.62	     48.11	     45.88	54.79	 2.887e-05	      4.21	0	Gaussian	315.630153	41.563929
282	1	  0.000713	  0.002630	     -1.00	    477.12	    550.82	      2.70	      2.56	     47.24	     44.89	65.11	 1.876e-04	      4.22	0	Gaussian	315.385845	42.769234
283	1	  0.000668	  0.003060	     -1.00	     52.72	    297.54	      2.48	      2.34	     43.32	     40.92	23.64	 7.732e-05	      4.23	0	Gaussian	312.443810	41.980226
284	1	  0.000630	  0.002346	     -1.00	    717.89	    621.01	      2.71	      2.71	     47.45	     47.44	0.68	 4.191e-05	      4.23	0	Gaussian	316.968148	42.845018
285	1	  0.000640	  0.002732	     -1.00	    157.96	    127.22	      2.57	      2.54	     45.03	     44.47	22.56	 3.233e-05	      4.23	0	Gaussian	312.903237	41.104040
286	1	  0.000654	  0.002451	     -1.00	    545.38	    593.10	      2.79	      2.55	     48.85	     44.55	45.66	 6.348e-05	      4.25	0	Gaussian	315.865433	42.895500
287	1	  0.000747	  0.002717	     -1.00	    671.48	    637.10	      2.70	      2.37	     47.18	     41.47	52.06	 3.680e-04	      4.25	0	Gaussian	316.705615	42.967306
288	1	  0.000636	  0.002554	     -1.00	    463.28	    602.80	      2.65	      2.61	     46.39	     45.63	60.46	 3.441e-05	      4.25	0	Gaussian	315.368916	43.021334
289	1	  0.000646	  0.002693	     -1.00	    120.88	     36.38	      2.59	      2.50	     45.26	     43.69	23.45	 3.493e-05	      4.26	0	Gaussian	312.576641	40.713711
290	1	  0.000628	  0.002410	     -1.00	    385.11	    487.16	      2.77	      2.60	     48.49	     45.58	53.85	 2.545e-05	      4.27	0	Gaussian	314.732818	42.564856
291	1	  0.000664	  0.002447	     -1.00	    622.03	    210.76	      2.66	      2.59	     46.51	     45.27	10.35	 9.772e-05	      4.28	0	Gaussian	315.820172	41.068152
292	1	  0.000648	  0.002402	     -1.00	    541.51	    182.88	      2.81	      2.44	     49.15	     42.66	36.59	 4.355e-05	      4.28	0	Gaussian	315.299163	41.018202
293	1	  0.000621	  0.002498	     -1.00	     51.89	    779.68	      2.68	      2.55	     46.83	     44.57	45.90	 2.876e-05	      4.30	0	Gaussian	312.988878	44.215797
294	1	  0.000648	  0.002289	     -1.00	    552.65	    549.97	      2.82	      2.48	     49.39	     43.37	-19.32	 4.988e-05	      4.30	0	Gaussian	315.851735	42.690635
295	1	  0.000623	  0.002345	     -1.00	    321.96	    528.97	      2.67	      2.64	     46.79	     46.25	45.17	 2.555e-05	      4.30	0	Gaussian	314.393080	42.816328
296	1	  0.000621	  0.002090	     -1.00	    633.99	    289.32	      2.92	      2.77	     51.03	     48.47	45.78	 2.663e-05	      4.30	0	Gaussian	315.996762	41.416005
297	1	  0.000666	  0.000937	     -1.00	    416.98	    345.73	      5.66	      3.01	     99.14	     52.65	-76.51	 6.838e-05	      4.30	0	Gaussian	314.749675	41.884106
298	1	  0.000690	  0.002447	     -1.00	    511.59	    513.89	      2.71	      2.47	     47.47	     43.16	29.72	 2.647e-04	      4.31	0	Gaussian	315.549848	42.565976
299	1	  0.000659	  0.002689	     -1.00	     83.46	    509.46	      2.43	      2.42	     42.52	     42.30	3.84	 8.320e-05	      4.32	0	Gaussian	312.874705	42.937396
300	1	  0.000682	  0.002227	     -1.00	    396.21	    115.95	      2.76	      2.52	     48.35	     44.11	18.59	 8.612e-05	      4.34	0	Gaussian	314.338513	40.845315
301	1	  0.000655	  0.002301	     -1.00	    537.81	     84.29	      2.70	      2.61	     47.29	     45.77	45.67	 6.526e-05	      4.34	0	Gaussian	315.151205	40.569241
302	1	  0.000715	  0.002707	     -1.00	    425.35	    418.55	      2.45	      2.37	     42.95	     41.49	18.42	 2.173e-04	      4.34	0	Gaussian	314.893728	42.211261
303	1	  0.000657	  0.001960	     -1.00	    702.00	    410.23	      3.05	      2.64	     53.30	     46.26	10.90	 9.637e-05	      4.35	0	Gaussian	316.573309	41.900010
304	1	  0.000628	  0.002127	     -1.00	    688.91	    140.46	      2.98	      2.60	     52.16	     45.43	29.62	 3.433e-05	      4.35	0	Gaussian	316.127295	40.680645
305	1	  0.000625	  0.002126	     -1.00	    282.55	    570.33	      2.76	      2.72	     48.37	     47.56	8.50	 3.382e-05	      4.35	0	Gaussian	314.198488	43.043314
306	1	  0.000650	  0.002603	     -1.00	    424.62	    770.60	      2.51	      2.42	     43.96	     42.40	25.32	 4.156e-05	      4.35	0	Gaussian	315.351219	43.829341
307	1	  0.000631	  0.001975	     -1.00	    454.30	    193.72	      2.82	      2.80	     49.44	     49.06	-0.51	 3.490e-05	      4.35	0	Gaussian	314.785932	41.150029
308	1	  0.000645	  0.000973	     -1.00	    587.30	     86.12	      5.84	      2.78	    102.14	     48.67	-1.21	 8.759e-05	      4.35	0	Gaussian	315.449569	40.530721
309	1	  0.000777	  0.002739	     -1.00	    518.57	    255.72	      2.43	      2.34	     42.52	     40.91	29.03	 4.424e-04	      4.35	0	Gaussian	315.254212	41.374388
310	1	  0.000750	  0.002747	     -1.00	    318.13	    248.94	      2.38	      2.37	     41.69	     41.42	74.18	 4.809e-04	      4.36	0	Gaussian	314.024672	41.528493
311	1	  0.000604	  0.002189	     -1.00	    301.29	    753.11	      2.79	      2.53	     48.81	     44.30	56.95	 3.270e-05	      4.36	0	Gaussian	314.548374	43.867969
312	1	  0.000651	  0.002621	     -1.00	    207.65	    186.34	      2.53	      2.37	     44.25	     41.41	18.96	 5.079e-05	      4.36	0	Gaussian	313.274417	41.335781
313	1	  0.000650	  0.002459	     -1.00	    530.39	    649.46	      2.58	      2.43	     45.21	     42.54	19.26	 1.008e-04	      4.37	0	Gaussian	315.849315	43.168689
314	1	  0.000662	  0.002342	     -1.00	    313.67	    221.17	      2.62	      2.59	     45.91	     45.30	-85.69	 4.518e-05	      4.37	0	Gaussian	313.963981	41.404336
315	1	  0.000640	  0.001282	     -1.00	    298.52	    483.45	      4.29	      2.87	     75.14	     50.20	-71.36	 7.375e-05	      4.37	0	Gaussian	314.190219	42.628023
316	1	  0.000627	  0.002068	     -1.00	    257.62	    160.08	      2.82	      2.68	     49.33	     46.94	-48.33	 3.255e-05	      4.38	0	Gaussian	313.549517	41.171462
317	1	  0.000714	  0.002627	     -1.00	    293.57	    407.29	      2.45	      2.37	     42.87	     41.52	4.26	 3.514e-04	      4.38	0	Gaussian	314.065782	42.281201
318	1	  0.000756	  0.002702	     -1.00	    127.68	    235.92	      2.43	      2.34	     42.49	     41.00	53.95	 3.373e-04	      4.38	0	Gaussian	312.839282	41.632726
319	1	  0.000683	  0.001990	     -1.00	    731.31	     33.58	      3.03	      2.63	     52.98	     46.06	13.16	 1.357e-04	      4.39	0	Gaussian	316.236592	40.150371
320	1	  0.000688	  0.001855	     -1.00	    147.21	    247.83	      3.02	      2.74	     52.88	     47.99	-13.85	 2.475e-04	      4.39	0	Gaussian	312.973181	41.671557
321	1	  0.000656	  0.002569	     -1.00	     12.78	    512.52	      2.52	      2.34	     44.14	     40.89	14.49	 8.177e-05	      4.40	0	Gaussian	312.432364	43.010536
322	1	  0.000636	  0.002123	     -1.00	    320.23	    140.03	      2.73	      2.55	     47.81	     44.58	34.16	 3.493e-05	      4.40	0	Gaussian	313.907047	41.024154
323	1	  0.000635	  0.001723	     -1.00	    467.43	    703.98	      3.07	      2.88	     53.74	     50.36	81.27	 4.495e-05	      4.40	0	Gaussian	315.530459	43.481423
324	1	  0.000641	  0.002210	     -1.00	     64.40	    748.95	      2.73	      2.42	     47.79	     42.33	-34.13	 3.998e-05	      4.41	0	Gaussian	313.032869	44.062784
325	1	  0.000738	  0.001946	     -1.00	    670.24	    306.62	      2.97	      2.59	     51.97	     45.37	57.44	 4.081e-04	      4.41	0	Gaussian	316.238891	41.458923
326	1	  0.000664	  0.002137	     -1.00	    373.99	    242.01	      2.67	      2.52	     46.80	     44.04	33.98	 5.387e-05	      4.41	0	Gaussian	314.357586	41.446196
327	1	  0.000659	  0.001455	     -1.00	    445.24	    321.45	      3.74	      2.76	     65.49	     48.33	-81.22	 6.541e-05	      4.41	0	Gaussian	314.891934	41.745907
328	1	  0.000633	  0.001769	     -1.00	    571.53	     75.36	      3.16	      2.70	     55.25	     47.24	1.90	 4.365e-05	      4.41	0	Gaussian	315.341568	40.496424
329	1	  0.000661	  0.001782	     -1.00	    713.70	    227.18	      3.25	      2.55	     56.88	     44.63	16.31	 4.087e-05	      4.42	0	Gaussian	316.392194	41.052111
330	1	  0.000655	  0.002507	     -1.00	    139.32	    671.78	      2.43	      2.40	     42.61	     42.06	-0.49	 9.694e-05	      4.42	0	Gaussian	313.419011	43.640529
331	1	  0.000712	  0.002474	     -1.00	     91.89	      5.17	      2.45	      2.35	     42.83	     41.20	-55.92	 1.048e-04	      4.42	0	Gaussian	312.366528	40.592421
332	1	  0.000631	  0.002250	     -1.00	    125.95	    392.18	      2.60	      2.51	     45.50	     44.00	-48.93	 2.623e-05	      4.43	0	Gaussian	313.006190	42.358075
333	1	  0.000637	  0.002131	     -1.00	    252.85	    611.11	      2.58	      2.58	     45.19	     45.18	6.40	 6.108e-05	      4.43	0	Gaussian	314.062741	43.258553
334	1	  0.000666	  0.002237	     -1.00	    299.95	    245.16	      2.60	      2.51	     45.48	     43.90	75.43	 1.064e-04	      4.43	0	Gaussian	313.908835	41.527245
335	1	  0.000648	  0.002120	     -1.00	    355.31	    555.10	      2.58	      2.56	     45.22	     44.84	16.70	 6.234e-05	      4.43	0	Gaussian	314.634155	42.905600
336	1	  0.000641	  0.002369	     -1.00	    276.39	    759.40	      2.56	      2.40	     44.75	     41.94	9.28	 1.023e-04	      4.43	0	Gaussian	314.398453	43.920355
337	1	  0.000737	  0.002069	     -1.00	    379.73	    564.15	      2.71	      2.65	     47.39	     46.37	17.16	 1.728e-04	      4.44	0	Gaussian	314.798021	42.924195
338	1	  0.000638	  0.001826	     -1.00	    729.97	    508.20	      2.93	      2.78	     51.20	     48.66	28.85	 3.555e-05	      4.44	0	Gaussian	316.880920	42.317987
339	1	  0.000659	  0.002149	     -1.00	    499.87	    435.86	      2.74	      2.47	     48.01	     43.23	29.67	 8.029e-05	      4.44	0	Gaussian	315.374454	42.219397
340	1	  0.000655	  0.001830	     -1.00	    677.67	    468.37	      3.00	      2.71	     52.52	     47.48	18.52	 7.249e-05	      4.45	0	Gaussian	316.506227	42.190547
341	1	  0.000650	  0.002353	     -1.00	    525.57	     54.64	      2.55	      2.36	     44.56	     41.25	29.03	 5.356e-05	      4.47	0	Gaussian	315.040549	40.444635
342	1	  0.000631	  0.001702	     -1.00	    594.73	     20.06	      2.89	      2.89	     50.51	     50.50	49.55	 2.525e-05	      4.47	0	Gaussian	315.409245	40.220900
343	1	  0.000641	  0.001606	     -1.00	    783.64	    372.25	      3.06	      2.96	     53.65	     51.74	31.84	 7.297e-05	      4.48	0	Gaussian	317.013314	41.642049
344	1	  0.000661	  0.001810	     -1.00	    633.89	    449.67	      2.93	      2.72	     51.33	     47.66	22.51	 3.617e-05	      4.48	0	Gaussian	316.213473	42.149755
345	1	  0.000640	  0.001866	     -1.00	    585.17	    574.17	      2.86	      2.69	     49.98	     47.13	2.06	 5.813e-05	      4.49	0	Gaussian	316.085386	42.768681
346	1	  0.000646	  0.001696	     -1.00	    686.39	    524.39	      2.98	      2.84	     52.08	     49.63	2.17	 5.711e-05	      4.49	0	Gaussian	316.637832	42.437313
347	1	  0.000657	  0.002454	     -1.00	     13.60	     15.41	      2.43	      2.33	     42.45	     40.82	12.53	 4.138e-05	      4.49	0	Gaussian	311.900454	40.701620
348	1	  0.000624	  0.002029	     -1.00	    186.04	    555.81	      2.59	      2.53	     45.29	     44.23	-0.12	 3.089e-05	      4.50	0	Gaussian	313.574823	43.063180
349	1	  0.000681	  0.002226	     -1.00	     93.78	    767.37	      2.57	      2.39	     44.92	     41.75	-3.69	 1.362e-04	      4.50	0	Gaussian	313.243159	44.122447
350	1	  0.000621	  0.002282	     -1.00	    158.69	    732.43	      2.53	      2.39	     44.32	     41.75	6.62	 3.698e-05	      4.51	0	Gaussian	313.615792	43.903617
351	1	  0.000636	  0.001909	     -1.00	    173.13	    628.37	      2.71	      2.69	     47.47	     47.12	80.89	 4.642e-05	      4.51	0	Gaussian	313.580942	43.409966
352	1	  0.000664	  0.001544	     -1.00	    759.64	     30.90	      3.34	      2.83	     58.43	     49.51	-2.17	 5.511e-05	      4.51	0	Gaussian	316.400288	40.110021
353	1	  0.000633	  0.001559	     -1.00	    522.70	    161.85	      3.05	      2.94	     53.33	     51.54	28.68	 3.321e-05	      4.52	0	Gaussian	315.158930	40.939493
354	1	  0.000627	  0.001760	     -1.00	    558.81	    650.17	      2.82	      2.76	     49.41	     48.24	21.43	 3.126e-05	      4.53	0	Gaussian	316.026885	43.143234
355	1	  0.000643	  0.001538	     -1.00	    621.58	    357.15	      3.11	      2.88	     54.44	     50.39	53.83	 2.973e-05	      4.53	0	Gaussian	316.012776	41.738823
356	1	  0.000700	  0.001684	     -1.00	    794.07	    458.63	      3.12	      2.68	     54.61	     46.86	0.95	 7.658e-05	      4.54	0	Gaussian	317.199273	42.024485
357	1	  0.000677	  0.002152	     -1.00	    387.40	    765.71	      2.49	      2.43	     43.57	     42.52	15.31	 5.556e-05	      4.55	0	Gaussian	315.109766	43.843384
358	1	  0.000661	  0.001378	     -1.00	    547.69	    686.42	      3.12	      3.01	     54.53	     52.70	-13.61	 1.977e-04	      4.55	0	Gaussian	316.007735	43.320423
359	1	  0.000709	  0.002345	     -1.00	    345.33	    583.55	      2.40	      2.30	     42.01	     40.33	26.87	 2.524e-04	      4.56	0	Gaussian	314.608140	43.045939
360	1	  0.000625	  0.001472	     -1.00	    499.43	    114.10	      3.07	      2.98	     53.72	     52.12	64.52	 3.127e-05	      4.56	0	Gaussian	314.958496	40.742082
361	1	  0.000622	  0.000810	     -1.00	     83.26	    189.10	      4.37	      3.64	     76.52	     63.77	88.13	 4.690e-05	      4.57	0	Gaussian	312.513470	41.452293
362	1	  0.000630	  0.001807	     -1.00	    280.33	    692.13	      2.74	      2.65	     47.94	     46.35	-63.76	 9.794e-05	      4.57	0	Gaussian	314.337727	43.606779
363	1	  0.000619	  0.001795	     -1.00	    289.71	    605.10	      2.75	      2.67	     48.15	     46.72	69.51	 3.863e-05	      4.57	0	Gaussian	314.286937	43.197017
364	1	  0.000668	  0.001611	     -1.00	    353.58	    753.96	      2.95	      2.74	     51.55	     48.04	-33.68	 3.202e-05	      4.57	0	Gaussian	314.880517	43.822087
365	1	  0.000684	  0.001990	     -1.00	    578.23	    397.38	      2.58	      2.47	     45.12	     43.24	42.50	 5.861e-05	      4.58	0	Gaussian	315.803032	41.966114
366	1	  0.000668	  0.001592	     -1.00	    696.09	    717.53	      2.99	      2.79	     52.36	     48.88	38.64	 6.147e-05	      4.58	0	Gaussian	316.973024	43.308033
367	1	  0.000627	  0.001952	     -1.00	    462.77	    716.52	      2.66	      2.42	     46.55	     42.29	26.08	 4.342e-05	      4.58	0	Gaussian	315.518207	43.543560
368	1	  0.000647	  0.001558	     -1.00	    391.83	     37.19	      2.87	      2.85	     50.29	     49.93	42.34	 4.111e-05	      4.59	0	Gaussian	314.216988	40.486514
369	1	  0.000668	  0.001585	     -1.00	    724.12	    725.62	      2.97	      2.80	     51.97	     48.97	38.41	 5.351e-05	      4.59	0	Gaussian	317.158170	43.314867
370	1	  0.000700	  0.001643	     -1.00	    561.14	    324.87	      2.83	      2.79	     49.60	     48.85	69.10	 2.035e-04	      4.59	0	Gaussian	315.602668	41.650563
371	1	  0.000649	  0.001496	     -1.00	    297.11	     64.20	      2.91	      2.88	     50.91	     50.40	-58.94	 4.869e-05	      4.59	0	Gaussian	313.677540	40.694436
372	1	  0.000701	  0.000916	     -1.00	    760.53	    792.37	      4.93	      2.73	     86.21	     47.74	5.74	 8.322e-05	      4.59	0	Gaussian	317.481907	43.579007
373	1	  0.000658	  0.001121	     -1.00	    431.07	     31.17	      3.78	      3.20	     66.17	     55.94	75.64	 9.109e-05	      4.60	0	Gaussian	314.445414	40.423577
374	1	  0.000626	  0.001760	     -1.00	    143.20	    480.87	      2.72	      2.68	     47.56	     46.87	62.37	 2.316e-05	      4.60	0	Gaussian	313.216913	42.753978
375	1	  0.000650	  0.001521	     -1.00	    692.15	    455.56	      3.15	      2.71	     55.18	     47.41	15.93	 3.203e-05	      4.60	0	Gaussian	316.576606	42.117124
376	1	  0.000631	  0.001508	     -1.00	    631.73	    251.59	      3.06	      2.80	     53.50	     49.00	23.49	 3.554e-05	      4.61	0	Gaussian	315.932743	41.245551
377	1	  0.000665	  0.001366	     -1.00	    656.82	    630.20	      3.16	      3.01	     55.31	     52.73	-27.61	 8.900e-05	      4.61	0	Gaussian	316.605489	42.951150
378	1	  0.000607	  0.001806	     -1.00	    223.41	    731.11	      2.64	      2.56	     46.20	     44.84	-86.92	 2.482e-05	      4.61	0	Gaussian	314.026088	43.838982
379	1	  0.000657	  0.001479	     -1.00	    637.50	    353.96	      3.05	      2.82	     53.39	     49.39	15.45	 5.630e-05	      4.61	0	Gaussian	316.105076	41.708268
380	1	  0.000659	  0.001611	     -1.00	    599.91	    777.19	      2.84	      2.76	     49.67	     48.25	24.98	 5.593e-05	      4.62	0	Gaussian	316.460640	43.681640
381	1	  0.000650	  0.001661	     -1.00	     14.08	    746.98	      2.66	      2.64	     46.58	     46.28	0.47	 4.334e-05	      4.62	0	Gaussian	312.707628	44.096635
382	1	  0.000605	  0.001543	     -1.00	    553.16	    740.22	      2.94	      2.79	     51.39	     48.85	16.60	 4.071e-05	      4.63	0	Gaussian	316.116545	43.560984
383	1	  0.000649	  0.001398	     -1.00	    620.49	     85.84	      3.12	      2.88	     54.60	     50.40	-6.10	 4.193e-05	      4.64	0	Gaussian	315.647363	40.497613
384	1	  0.000689	  0.001894	     -1.00	     15.98	    293.16	      2.54	      2.47	     44.44	     43.21	59.19	 1.843e-04	      4.64	0	Gaussian	312.210594	41.989591
385	1	  0.000677	  0.001883	     -1.00	    160.59	    333.77	      2.54	      2.49	     44.41	     43.62	19.49	 1.668e-04	      4.64	0	Gaussian	313.154264	42.058159
386	1	  0.000634	  0.001547	     -1.00	    146.06	    500.00	      2.71	      2.71	     47.43	     47.43	51.61	 4.135e-05	      4.65	0	Gaussian	313.257273	42.840037
387	1	  0.000630	  0.001558	     -1.00	    365.84	     25.72	      2.95	      2.68	     51.61	     46.98	31.20	 3.196e-05	      4.65	0	Gaussian	314.046950	40.456743
388	1	  0.000663	  0.001835	     -1.00	    223.43	    455.26	      2.56	      2.50	     44.80	     43.70	16.85	 4.957e-05	      4.66	0	Gaussian	313.688109	42.565430
389	1	  0.000696	  0.001776	     -1.00	     24.88	    300.86	      2.64	      2.54	     46.15	     44.54	19.86	 1.885e-04	      4.67	0	Gaussian	312.274387	42.018214
390	1	  0.000654	  0.001934	     -1.00	    113.71	    434.39	      2.54	      2.40	     44.39	     41.98	-0.18	 5.377e-05	      4.67	0	Gaussian	312.978252	42.563994
391	1	  0.000656	  0.001939	     -1.00	     29.60	    140.58	      2.52	      2.40	     44.17	     41.98	31.48	 6.346e-05	      4.67	0	Gaussian	312.130581	41.270239
392	1	  0.000685	  0.001863	     -1.00	    198.86	    262.99	      2.51	      2.50	     43.91	     43.73	-4.32	 1.675e-04	      4.68	0	Gaussian	313.308896	41.697860
393	1	  0.000646	  0.001808	     -1.00	    143.68	    185.81	      2.56	      2.49	     44.76	     43.58	45.23	 8.934e-05	      4.69	0	Gaussian	312.881429	41.387289
394	1	  0.000715	  0.001486	     -1.00	    759.64	     60.93	      3.03	      2.67	     53.02	     46.70	-10.02	 2.167e-04	      4.69	0	Gaussian	316.440600	40.247020
395	1	  0.000632	  0.000544	     -1.00	    345.11	    221.96	      6.11	      3.28	    106.92	     57.44	-60.77	 3.278e-05	      4.69	0	Gaussian	314.156899	41.379896
396	1	  0.000651	  0.001729	     -1.00	     40.66	    351.32	      2.63	      2.49	     46.12	     43.66	16.79	 5.036e-05	      4.70	0	Gaussian	312.428129	42.239600
397	1	  0.000632	  0.001658	     -1.00	    126.98	    478.72	      2.71	      2.57	     47.37	     44.90	39.04	 5.967e-05	      4.70	0	Gaussian	313.112681	42.757972
398	1	  0.000642	  0.001686	     -1.00	    632.51	    741.69	      2.68	      2.50	     46.89	     43.70	28.02	 5.035e-05	      4.70	0	Gaussian	316.613296	43.485466
399	1	  0.000676	  0.001580	     -1.00	    398.16	    609.92	      2.61	      2.58	     45.71	     45.24	50.70	 7.339e-05	      4.72	0	Gaussian	314.972282	43.117127
400	1	  0.000624	  0.001338	     -1.00	    399.10	    415.15	      2.92	      2.91	     51.16	     50.99	23.24	 2.516e-05	      4.72	0	Gaussian	314.727678	42.220290
401	1	  0.000698	  0.001886	     -1.00	     89.51	    397.53	      2.47	      2.38	     43.17	     41.66	13.67	 1.139e-04	      4.72	0	Gaussian	312.784839	42.413594
402	1	  0.000647	  0.001417	     -1.00	    121.43	    419.03	      2.92	      2.64	     51.02	     46.23	-55.43	 4.227e-05	      4.72	0	Gaussian	313.008875	42.486310
403	1	  0.000652	  0.001458	     -1.00	    350.13	    125.77	      2.98	      2.64	     52.22	     46.17	41.91	 3.851e-05	      4.73	0	Gaussian	314.071473	40.931884
404	1	  0.000703	  0.001673	     -1.00	    645.68	    566.32	      2.64	      2.43	     46.21	     42.60	23.62	 2.779e-04	      4.74	0	Gaussian	316.447048	42.670964
405	1	  0.000628	  0.001639	     -1.00	    469.31	    767.52	      2.67	      2.49	     46.76	     43.66	30.82	 4.447e-05	      4.74	0	Gaussian	315.628488	43.770831
406	1	  0.000644	  0.001788	     -1.00	    221.55	    303.75	      2.53	      2.44	     44.20	     42.77	22.48	 5.095e-05	      4.74	0	Gaussian	313.496417	41.866800
407	1	  0.000643	  0.000553	     -1.00	    445.26	    140.00	      6.37	      3.18	    111.53	     55.74	-39.88	 7.404e-05	      4.75	0	Gaussian	314.664360	40.911306
408	1	  0.000710	  0.001714	     -1.00	    555.33	    319.66	      2.59	      2.38	     45.39	     41.57	26.24	 1.962e-04	      4.76	0	Gaussian	315.560547	41.632330
409	1	  0.000606	  0.001586	     -1.00	    513.29	    728.38	      2.71	      2.50	     47.49	     43.70	32.17	 3.681e-05	      4.76	0	Gaussian	315.850824	43.547369
410	1	  0.000629	  0.000985	     -1.00	    785.54	    275.61	      3.61	      2.91	     63.17	     50.93	-60.65	 3.759e-05	      4.77	0	Gaussian	316.888945	41.199697
411	1	  0.000639	  0.001428	     -1.00	    387.08	    393.87	      2.80	      2.74	     48.98	     47.91	13.63	 2.906e-05	      4.77	0	Gaussian	314.626708	42.133584
412	1	  0.000666	  0.001221	     -1.00	    692.16	    176.73	      3.20	      2.88	     56.06	     50.36	-7.49	 5.509e-05	      4.77	0	Gaussian	316.195190	40.843178
413	1	  0.000685	  0.001131	     -1.00	    694.08	    672.64	      3.65	      2.60	     63.95	     45.50	6.91	 2.452e-04	      4.78	0	Gaussian	316.895873	43.105601
414	1	  0.000685	  0.001751	     -1.00	     48.44	     17.30	      2.46	      2.41	     43.13	     42.25	22.71	 9.452e-05	      4.79	0	Gaussian	312.114942	40.683156
415	1	  0.000709	  0.001605	     -1.00	    716.42	    346.71	      2.65	      2.39	     46.32	     41.83	34.44	 1.325e-04	      4.79	0	Gaussian	316.572463	41.595176
416	1	  0.000644	  0.001676	     -1.00	     64.65	    649.49	      2.57	      2.44	     45.03	     42.71	5.04	 3.184e-05	      4.79	0	Gaussian	312.917731	43.602112
417	1	  0.000634	  0.001547	     -1.00	    505.83	    213.56	      2.72	      2.44	     47.57	     42.62	28.32	 4.345e-05	      4.79	0	Gaussian	315.122996	41.192901
418	1	  0.000642	  0.001378	     -1.00	     25.74	    154.12	      2.78	      2.78	     48.73	     48.65	45.40	 2.885e-05	      4.80	0	Gaussian	312.121312	41.336197
419	1	  0.000629	  0.001287	     -1.00	     80.27	    610.08	      2.95	      2.69	     51.63	     47.04	3.96	 3.005e-05	      4.80	0	Gaussian	312.971066	43.406220
420	1	  0.000639	  0.001650	     -1.00	    358.42	    137.54	      2.58	      2.45	     45.12	     42.83	25.49	 3.398e-05	      4.80	0	Gaussian	314.135878	40.978754
421	1	  0.000667	  0.001680	     -1.00	    311.19	    484.54	      2.57	      2.39	     45.04	     41.75	22.16	 2.211e-04	      4.80	0	Gaussian	314.270425	42.621446
422	1	  0.000636	  0.001128	     -1.00	    639.57	    663.09	      3.24	      2.92	     56.64	     51.18	10.81	 3.731e-05	      4.81	0	Gaussian	316.545451	43.119262
423	1	  0.000640	  0.001517	     -1.00	    470.31	    242.73	      2.67	      2.51	     46.74	     44.01	19.93	 4.242e-05	      4.81	0	Gaussian	314.944784	41.360418
424	1	  0.000648	  0.001184	     -1.00	    550.64	    380.12	      3.08	      2.91	     53.97	     50.91	-36.81	 3.734e-05	      4.81	0	Gaussian	315.611756	41.914142
425	1	  0.000650	  0.001486	     -1.00	    120.91	    362.94	      2.65	      2.63	     46.45	     45.96	19.11	 7.839e-05	      4.81	0	Gaussian	312.941297	42.226903
426	1	  0.000684	  0.000668	     -1.00	    756.97	    677.03	      5.46	      2.95	     95.53	     51.56	-2.72	 7.962e-05	      4.81	0	Gaussian	317.289567	43.058339
427	1	  0.000642	  0.001276	     -1.00	    328.68	    168.10	      3.02	      2.68	     52.78	     46.88	68.36	 3.388e-05	      4.82	0	Gaussian	313.991892	41.146155
428	1	  0.000646	  0.001506	     -1.00	    462.65	    401.50	      2.67	      2.52	     46.71	     44.14	27.95	 3.783e-05	      4.82	0	Gaussian	315.101175	42.097423
429	1	  0.000660	  0.001415	     -1.00	     18.02	    689.22	      2.73	      2.66	     47.72	     46.53	34.51	 4.625e-05	      4.82	0	Gaussian	312.666195	43.825673
430	1	  0.000674	  0.001671	     -1.00	    456.43	     58.52	      2.55	      2.38	     44.63	     41.68	25.02	 2.030e-04	      4.82	0	Gaussian	314.631035	40.526311
431	1	  0.000662	  0.001590	     -1.00	     25.06	    558.03	      2.45	      2.45	     42.87	     42.85	42.32	 1.164e-04	      4.82	0	Gaussian	312.561291	43.211508
432	1	  0.000702	  0.001330	     -1.00	    708.88	    578.37	      3.05	      2.63	     53.37	     46.07	11.69	 2.523e-04	      4.82	0	Gaussian	316.851839	42.660113
433	1	  0.000636	  0.000604	     -1.00	    733.14	    488.14	      4.80	      3.56	     84.07	     62.37	-44.89	 3.713e-05	      4.83	0	Gaussian	316.871751	42.223189
434	1	  0.000697	  0.001656	     -1.00	    219.44	    468.41	      2.51	      2.41	     43.88	     42.25	24.17	 9.152e-05	      4.83	0	Gaussian	313.679014	42.629730
435	1	  0.000640	  0.001274	     -1.00	    425.89	     18.87	      2.84	      2.82	     49.77	     49.27	25.10	 5.587e-05	      4.83	0	Gaussian	314.399421	40.371643
436	1	  0.000646	  0.001545	     -1.00	    196.16	    410.65	      2.68	      2.35	     46.99	     41.05	21.06	 6.026e-05	      4.83	0	Gaussian	313.465024	42.383181
437	1	  0.000673	  0.001256	     -1.00	    347.73	    784.04	      2.87	      2.86	     50.23	     50.08	-45.00	 2.438e-05	      4.84	0	Gaussian	314.882976	43.965989
438	1	  0.000634	  0.001253	     -1.00	    544.60	    647.08	      2.93	      2.76	     51.30	     48.24	-0.54	 5.549e-05	      4.84	0	Gaussian	315.934337	43.143472
439	1	  0.000664	  0.001321	     -1.00	    655.22	    522.94	      2.92	      2.68	     51.08	     46.86	10.77	 1.076e-04	      4.85	0	Gaussian	316.445055	42.462934
440	1	  0.000651	  0.001482	     -1.00	    103.60	    307.30	      2.70	      2.42	     47.28	     42.30	30.93	 7.091e-05	      4.85	0	Gaussian	312.770649	41.983591
441	1	  0.000687	  0.001228	     -1.00	    309.03	    663.86	      2.90	      2.63	     50.84	     45.98	3.20	 3.872e-05	      4.86	0	Gaussian	314.482805	43.449820
442	1	  0.000651	  0.001205	     -1.00	    218.52	    167.05	      3.03	      2.54	     52.98	     44.51	26.32	 5.860e-05	      4.86	0	Gaussian	313.318760	41.237296
443	1	  0.000646	  0.001023	     -1.00	    549.52	    407.08	      3.55	      2.77	     62.14	     48.45	1.83	 2.820e-05	      4.86	0	Gaussian	315.640678	42.038869
444	1	  0.000654	  0.001106	     -1.00	    783.23	    421.31	      3.30	      2.86	     57.80	     49.99	-1.58	 3.731e-05	      4.86	0	Gaussian	317.080417	41.865981
445	1	  0.000620	  0.001322	     -1.00	    102.20	    222.02	      2.82	      2.68	     49.39	     46.95	-58.43	 2.681e-05	      4.86	0	Gaussian	312.666589	41.589412
446	1	  0.000650	  0.001095	     -1.00	      9.34	    470.04	      2.98	      2.96	     52.12	     51.73	-6.64	 3.900e-05	      4.87	0	Gaussian	312.363285	42.816225
447	1	  0.000629	  0.001234	     -1.00	    115.98	    168.99	      2.85	      2.63	     49.84	     45.95	5.25	 5.624e-05	      4.87	0	Gaussian	312.692525	41.332243
448	1	  0.000642	  0.001488	     -1.00	     71.41	    519.77	      2.56	      2.51	     44.85	     43.99	10.37	 4.719e-05	      4.88	0	Gaussian	312.810625	42.995359
449	1	  0.000702	  0.001014	     -1.00	    370.65	    770.26	      3.49	      2.55	     61.12	     44.70	-4.84	 5.131e-05	      4.88	0	Gaussian	315.009956	43.880561
450	1	  0.000670	  0.001143	     -1.00	    735.61	    359.41	      3.26	      2.70	     57.13	     47.23	3.98	 4.837e-05	      4.89	0	Gaussian	316.705856	41.633432
451	1	  0.000702	  0.001438	     -1.00	    484.80	    559.01	      2.54	      2.54	     44.48	     44.41	-47.14	 2.647e-04	      4.89	0	Gaussian	315.444317	42.799284
452	1	  0.000625	  0.001212	     -1.00	    136.36	    313.00	      2.83	      2.70	     49.52	     47.19	49.91	 2.477e-05	      4.89	0	Gaussian	312.980253	41.982549
453	1	  0.000651	  0.001274	     -1.00	    359.01	    335.97	      2.83	      2.70	     49.46	     47.18	50.03	 6.814e-05	      4.90	0	Gaussian	314.381730	41.892821
454	1	  0.000635	  0.001145	     -1.00	    559.05	    137.09	      2.87	      2.86	     50.25	     50.00	16.42	 3.079e-05	      4.90	0	Gaussian	315.345873	40.791414
455	1	  0.000640	  0.001121	     -1.00	    732.63	    102.18	      3.20	      2.78	     56.00	     48.68	3.15	 1.161e-04	      4.90	0	Gaussian	316.336135	40.462264
456	1	  0.000646	  0.001390	     -1.00	    256.76	    693.27	      2.67	      2.52	     46.69	     44.14	-9.09	 1.619e-04	      4.91	0	Gaussian	314.190097	43.633860
457	1	  0.000625	  0.000968	     -1.00	    753.17	    544.57	      3.37	      3.06	     59.03	     53.55	6.47	 3.298e-05	      4.91	0	Gaussian	317.074211	42.459270
458	1	  0.000635	  0.000953	     -1.00	    625.21	    770.84	      3.19	      3.19	     55.78	     55.76	-73.43	 5.573e-05	      4.91	0	Gaussian	316.609505	43.626124
459	1	  0.000615	  0.001330	     -1.00	    525.72	    679.56	      2.75	      2.54	     48.19	     44.44	27.08	 3.778e-05	      4.91	0	Gaussian	315.861420	43.311222
460	1	  0.000685	  0.001289	     -1.00	    583.74	    588.43	      2.77	      2.49	     48.49	     43.55	1.94	 1.407e-04	      4.92	0	Gaussian	316.096213	42.835409
461	1	  0.000650	  0.001155	     -1.00	    518.26	    503.00	      2.84	      2.82	     49.63	     49.38	-30.67	 1.837e-04	      4.92	0	Gaussian	315.576460	42.509463
462	1	  0.000653	  0.001210	     -1.00	    663.05	     59.66	      3.00	      2.67	     52.58	     46.76	2.95	 1.245e-04	      4.92	0	Gaussian	315.866560	40.336553
463	1	  0.000637	  0.000887	     -1.00	    757.49	     17.44	      3.53	      3.10	     61.82	     54.23	-20.59	 3.922e-05	      4.94	0	Gaussian	316.369570	40.050744
464	1	  0.000675	  0.001320	     -1.00	    634.48	    130.54	      2.72	      2.45	     47.64	     42.85	26.94	 7.284e-05	      4.94	0	Gaussian	315.789192	40.688721
465	1	  0.000734	  0.001584	     -1.00	    123.23	    189.70	      2.46	      2.32	     43.12	     40.57	1.62	 5.608e-04	      4.94	0	Gaussian	312.760095	41.422250
466	1	  0.000670	  0.000924	     -1.00	    377.29	     12.90	      3.04	      2.96	     53.22	     51.74	20.40	 5.970e-05	      4.96	0	Gaussian	314.100553	40.387558
467	1	  0.000622	  0.000637	     -1.00	     88.40	    793.83	      4.59	      3.08	     80.40	     53.98	22.64	 2.002e-05	      4.97	0	Gaussian	313.240362	44.249522
468	1	  0.000628	  0.000976	     -1.00	    624.06	    713.28	      3.31	      2.84	     58.02	     49.66	2.05	 3.148e-05	      4.97	0	Gaussian	316.520385	43.364598
469	1	  0.000685	  0.001253	     -1.00	    595.70	    380.36	      2.73	      2.48	     47.80	     43.38	4.61	 4.931e-05	      4.98	0	Gaussian	315.886671	41.870835
470	1	  0.000658	  0.000852	     -1.00	    764.38	    695.92	      3.35	      3.13	     58.70	     54.72	9.50	 5.368e-05	      4.98	0	Gaussian	317.362883	43.136262
471	1	  0.000679	  0.001211	     -1.00	    583.68	    355.45	      2.76	      2.55	     48.32	     44.64	30.59	 4.447e-05	      4.98	0	Gaussian	315.780249	41.768599
472	1	  0.000623	  0.001010	     -1.00	    556.23	    495.22	      3.15	      2.91	     55.08	     50.98	8.46	 2.235e-05	      4.98	0	Gaussian	315.799706	42.436257
473	1	  0.000628	  0.000330	     -1.00	     24.57	    117.34	      8.47	      3.19	    148.20	     55.88	-0.27	 4.385e-05	      4.98	0	Gaussian	312.074902	41.166315
474	1	  0.000655	  0.000430	     -1.00	    502.15	    426.52	      7.08	      2.82	    123.84	     49.30	-2.49	 1.292e-04	      4.98	0	Gaussian	315.376204	42.174290
475	1	  0.000711	  0.001167	     -1.00	    725.17	    345.44	      2.95	      2.66	     51.58	     46.48	0.74	 1.643e-04	      4.98	0	Gaussian	316.623488	41.580441
476	1	  0.000623	  0.000840	     -1.00	    661.05	     87.00	      3.44	      3.11	     60.19	     54.46	14.89	 3.952e-05	      4.99	0	Gaussian	315.890521	40.463558
477	1	  0.000659	  0.000268	     -1.00	     47.64	    664.79	      9.59	      3.31	    167.84	     57.89	33.68	 3.542e-05	      4.99	0	Gaussian	312.827151	43.687456
478	1	  0.000631	  0.001014	     -1.00	    154.74	    392.02	      2.98	      2.95	     52.19	     51.68	77.82	 4.101e-05	      5.00	0	Gaussian	313.185350	42.332817
479	1	  0.000657	  0.001143	     -1.00	    564.65	    595.30	      2.82	      2.55	     49.40	     44.71	20.17	 7.709e-05	      5.00	0	Gaussian	315.987668	42.886179
480	1	  0.000619	  0.000829	     -1.00	    480.44	    704.94	      3.56	      3.18	     62.23	     55.70	-8.65	 3.745e-05	      5.01	0	Gaussian	315.613202	43.472921
481	1	  0.000652	  0.000437	     -1.00	    615.46	    737.00	      5.89	      3.44	    103.01	     60.23	-48.37	 1.617e-04	      5.01	0	Gaussian	316.500549	43.481878
482	1	  0.000674	  0.000766	     -1.00	    158.65	    187.52	      4.28	      2.56	     74.88	     44.75	2.95	 1.215e-04	      5.03	0	Gaussian	312.975292	41.382700
483	1	  0.000665	  0.000507	     -1.00	    660.96	    485.41	      5.69	      2.99	     99.63	     52.37	-21.46	 5.432e-05	      5.03	0	Gaussian	316.428004	42.285544
484	1	  0.000693	  0.001217	     -1.00	    205.66	    255.22	      2.65	      2.54	     46.35	     44.43	2.44	 2.011e-04	      5.04	0	Gaussian	313.341801	41.656073
485	1	  0.000684	  0.001351	     -1.00	    252.98	    583.01	      2.43	      2.42	     42.61	     42.28	36.58	 1.581e-04	      5.04	0	Gaussian	314.028716	43.128794
486	1	  0.000672	  0.001159	     -1.00	    247.33	    462.87	      2.68	      2.62	     46.98	     45.88	4.81	 4.945e-05	      5.04	0	Gaussian	313.846218	42.579331
487	1	  0.000604	  0.000356	     -1.00	    155.15	    670.98	      8.13	      2.69	    142.37	     47.06	-36.50	 2.829e-05	      5.04	0	Gaussian	313.518577	43.622844
488	1	  0.000657	  0.001166	     -1.00	    161.73	    426.77	      2.68	      2.60	     46.96	     45.52	44.53	 4.561e-05	      5.05	0	Gaussian	313.269453	42.487615
489	1	  0.000678	  0.001129	     -1.00	    521.37	    292.64	      2.73	      2.57	     47.79	     44.91	52.59	 7.801e-05	      5.05	0	Gaussian	315.318936	41.541223
490	1	  0.000636	  0.000805	     -1.00	    195.96	    172.09	      3.37	      3.07	     59.02	     53.69	-1.01	 3.811e-05	      5.07	0	Gaussian	313.186481	41.279828
491	1	  0.000647	  0.001087	     -1.00	    118.70	    489.45	      2.70	      2.68	     47.27	     46.89	7.23	 1.019e-04	      5.07	0	Gaussian	313.073201	42.814735
492	1	  0.000659	  0.001147	     -1.00	     52.09	    111.32	      2.79	      2.37	     48.76	     41.46	38.34	 1.908e-04	      5.07	0	Gaussian	312.237423	41.116552
493	1	  0.000708	  0.000987	     -1.00	    739.31	     25.36	      3.18	      2.72	     55.67	     47.58	-3.53	 2.097e-04	      5.07	0	Gaussian	316.272921	40.104935
494	1	  0.000649	  0.001082	     -1.00	     93.67	    335.54	      2.82	      2.53	     49.30	     44.31	-28.15	 5.645e-05	      5.08	0	Gaussian	312.740742	42.122755
495	1	  0.000739	  0.001208	     -1.00	     94.17	    725.59	      2.81	      2.45	     49.11	     42.97	8.30	 5.701e-04	      5.08	0	Gaussian	313.195722	43.928889
496	1	  0.000622	  0.001162	     -1.00	    177.63	    677.72	      2.69	      2.57	     47.02	     45.03	19.52	 5.036e-05	      5.08	0	Gaussian	313.669405	43.633972
497	1	  0.000631	  0.000486	     -1.00	    647.99	    338.29	      4.44	      3.79	     77.65	     66.41	-49.43	 4.239e-05	      5.08	0	Gaussian	316.147376	41.626095
498	1	  0.000669	  0.000653	     -1.00	    773.69	    747.50	      4.06	      2.78	     71.08	     48.71	-7.72	 5.644e-05	      5.08	0	Gaussian	317.496503	43.360662
499	1	  0.000647	  0.000675	     -1.00	    600.61	    616.82	      3.56	      3.20	     62.34	     56.01	-2.39	 5.027e-05	      5.08	0	Gaussian	316.239687	42.948068
500	1	  0.000665	  0.000934	     -1.00	    733.80	    654.51	      3.25	      2.69	     56.89	     47.11	-2.84	 8.173e-05	      5.09	0	Gaussian	317.114292	42.980694
501	1	  0.000684	  0.000902	     -1.00	    780.99	    689.91	      3.08	      2.92	     53.85	     51.16	8.45	 8.703e-05	      5.09	0	Gaussian	317.456139	43.090888
502	1	  0.000640	  0.001106	     -1.00	    483.56	    407.62	      2.78	      2.45	     48.72	     42.92	5.40	 3.926e-05	      5.10	0	Gaussian	315.237390	42.105466
503	1	  0.000650	  0.001177	     -1.00	     13.45	    598.54	      2.66	      2.46	     46.59	     43.03	20.16	 5.105e-05	      5.11	0	Gaussian	312.533462	43.409044
504	1	  0.000640	  0.000805	     -1.00	    471.04	    529.06	      3.23	      2.99	     56.49	     52.29	-2.70	 3.898e-05	      5.11	0	Gaussian	315.319390	42.675273
505	1	  0.000626	  0.000944	     -1.00	     87.94	    580.45	      2.95	      2.72	     51.72	     47.56	-0.43	 2.505e-05	      5.11	0	Gaussian	312.985122	43.262485
506	1	  0.000616	  0.001051	     -1.00	    171.68	    705.33	      2.80	      2.59	     49.03	     45.30	-2.27	 4.869e-05	      5.12	0	Gaussian	313.665370	43.766815
507	1	  0.000650	  0.001048	     -1.00	    359.14	    319.48	      2.81	      2.47	     49.17	     43.29	42.52	 4.516e-05	      5.12	0	Gaussian	314.362142	41.816708
508	1	  0.000658	  0.000750	     -1.00	    647.18	    377.10	      3.62	      3.09	     63.29	     54.15	6.52	 3.764e-05	      5.13	0	Gaussian	316.195185	41.804427
509	1	  0.000669	  0.000526	     -1.00	    707.76	    717.91	      4.26	      3.47	     74.55	     60.80	40.44	 1.225e-04	      5.13	0	Gaussian	317.045759	43.297307
510	1	  0.000717	  0.000787	     -1.00	    744.24	    624.68	      3.43	      2.78	     60.04	     48.65	-5.94	 8.816e-05	      5.14	0	Gaussian	317.135177	42.833703
511	1	  0.000669	  0.001084	     -1.00	     92.02	    494.38	      2.75	      2.43	     48.10	     42.61	23.42	 2.163e-04	      5.14	0	Gaussian	312.911269	42.860298
512	1	  0.000648	  0.000498	     -1.00	    720.05	    748.90	      4.83	      2.99	     84.55	     52.38	89.79	 8.482e-05	      5.15	0	Gaussian	317.167013	43.425272
513	1	  0.000657	  0.000442	     -1.00	    444.40	    400.43	      6.29	      2.56	    110.10	     44.80	-10.85	 5.050e-05	      5.15	0	Gaussian	314.987684	42.109864
514	1	  0.000675	  0.000635	     -1.00	    597.45	    465.52	      4.24	      2.77	     74.27	     48.47	2.33	 1.512e-04	      5.16	0	Gaussian	316.012353	42.259035
515	1	  0.000644	  0.000996	     -1.00	    189.82	    590.35	      2.82	      2.55	     49.35	     44.62	-8.95	 4.918e-05	      5.16	0	Gaussian	313.640341	43.219488
516	1	  0.000647	  0.001056	     -1.00	    313.28	    568.37	      2.71	      2.56	     47.45	     44.76	31.73	 4.858e-05	      5.17	0	Gaussian	314.388433	43.005949
517	1	  0.000635	  0.000997	     -1.00	    438.07	     66.54	      2.83	      2.51	     49.53	     43.91	45.35	 4.058e-05	      5.17	0	Gaussian	314.530575	40.579970
518	1	  0.000627	  0.000794	     -1.00	    501.93	    461.72	      3.43	      2.83	     59.98	     49.59	-1.00	 2.561e-05	      5.17	0	Gaussian	315.421182	42.336070
519	1	  0.000636	  0.001049	     -1.00	    134.75	     36.48	      2.76	      2.49	     48.24	     43.53	1.46	 4.300e-05	      5.17	0	Gaussian	312.661141	40.702901
520	1	  0.000638	  0.001081	     -1.00	    164.50	    213.24	      2.63	      2.56	     46.10	     44.87	13.35	 5.342e-05	      5.18	0	Gaussian	313.040368	41.496835
521	1	  0.000653	  0.001022	     -1.00	    250.28	    628.38	      2.75	      2.53	     48.12	     44.23	26.85	 6.836e-05	      5.18	0	Gaussian	314.068042	43.340574
522	1	  0.000622	  0.000782	     -1.00	    141.94	    739.93	      3.28	      2.94	     57.34	     51.46	-31.75	 2.192e-05	      5.18	0	Gaussian	313.518086	43.953195
523	1	  0.000681	  0.000916	     -1.00	    613.75	     35.27	      2.89	      2.57	     50.61	     45.02	-8.03	 1.564e-04	      5.18	0	Gaussian	315.541877	40.272462
524	1	  0.000680	  0.000610	     -1.00	     41.82	    617.74	      4.15	      2.86	     72.68	     50.12	61.64	 1.708e-04	      5.19	0	Gaussian	312.735785	43.474360
525	1	  0.000683	  0.001046	     -1.00	    576.52	    594.43	      2.67	      2.55	     46.68	     44.59	18.58	 1.744e-04	      5.19	0	Gaussian	316.059871	42.870177
526	1	  0.000616	  0.000844	     -1.00	    267.92	    351.00	      3.31	      2.70	     57.92	     47.29	6.75	 2.531e-05	      5.19	0	Gaussian	313.838855	42.044333
527	1	  0.000652	  0.000586	     -1.00	    701.89	    636.58	      3.85	      2.98	     67.34	     52.11	-38.98	 7.840e-05	      5.19	0	Gaussian	316.892199	42.932930
528	1	  0.000747	  0.000880	     -1.00	    412.51	    305.51	      2.99	      2.80	     52.31	     49.07	18.68	 7.262e-04	      5.19	0	Gaussian	314.671723	41.703188
529	1	  0.000650	  0.000985	     -1.00	     24.27	    464.88	      2.78	      2.58	     48.62	     45.18	-25.04	 5.631e-05	      5.19	0	Gaussian	312.451520	42.780005
530	1	  0.000669	  0.000344	     -1.00	    628.19	    413.65	      7.16	      3.08	    125.37	     53.97	9.50	 4.845e-05	      5.19	0	Gaussian	316.129529	41.990733
531	1	  0.000674	  0.000704	     -1.00	    615.82	    404.53	      3.59	      2.89	     62.82	     50.64	5.27	 4.413e-05	      5.19	0	Gaussian	316.041785	41.961400
532	1	  0.000634	  0.000329	     -1.00	    698.86	    274.77	      5.95	      3.56	    104.22	     62.34	-64.38	 3.405e-05	      5.20	0	Gaussian	316.367969	41.284492
533	1	  0.000664	  0.001094	     -1.00	    308.31	     35.68	      2.60	      2.51	     45.58	     43.90	23.44	 7.787e-05	      5.20	0	Gaussian	313.711967	40.553097
534	1	  0.000628	  0.000741	     -1.00	     76.08	    635.14	      3.49	      3.00	     61.14	     52.52	-11.53	 2.718e-05	      5.20	0	Gaussian	312.973663	43.525882
535	1	  0.000636	  0.000903	     -1.00	    266.99	    184.73	      2.98	      2.62	     52.07	     45.85	-2.49	 2.837e-05	      5.21	0	Gaussian	313.635548	41.277180
536	1	  0.000650	  0.000606	     -1.00	    709.56	    694.63	      3.99	      2.82	     69.88	     49.32	3.81	 4.554e-05	      5.21	0	Gaussian	317.023140	43.189320
537	1	  0.000666	  0.000961	     -1.00	    356.14	    371.75	      2.70	      2.65	     47.20	     46.30	-14.99	 9.395e-05	      5.22	0	Gaussian	314.408465	42.060325
538	1	  0.000622	  0.000639	     -1.00	    539.58	    216.11	      3.55	      3.37	     62.11	     59.06	-8.45	 2.644e-05	      5.22	0	Gaussian	315.330256	41.172501
539	1	  0.000627	  0.000754	     -1.00	    368.10	    536.16	      3.22	      3.06	     56.34	     53.57	1.16	 2.936e-05	      5.22	0	Gaussian	314.689697	42.806376
540	1	  0.000651	  0.000962	     -1.00	     94.25	     61.47	      2.81	      2.48	     49.11	     43.48	21.13	 4.282e-05	      5.22	0	Gaussian	312.441666	40.851554
541	1	  0.000671	  0.000766	     -1.00	    601.37	    636.57	      3.53	      2.79	     61.84	     48.78	2.08	 8.277e-05	      5.22	0	Gaussian	316.271830	43.037599
542	1	  0.000654	  0.000832	     -1.00	    349.82	    169.99	      3.13	      2.76	     54.85	     48.28	3.04	 4.520e-05	      5.23	0	Gaussian	314.122729	41.136058
543	1	  0.000645	  0.000753	     -1.00	    723.82	    307.36	      3.48	      2.77	     60.96	     48.45	-1.65	 4.918e-05	      5.23	0	Gaussian	316.562717	41.407969
544	1	  0.000650	  0.000876	     -1.00	    539.41	    528.09	      2.83	      2.72	     49.48	     47.57	25.70	 5.474e-05	      5.24	0	Gaussian	315.740459	42.603599
545	1	  0.000679	  0.000871	     -1.00	    136.86	    536.99	      3.07	      2.62	     53.81	     45.82	0.56	 1.306e-04	      5.24	0	Gaussian	313.243004	43.019210
546	1	  0.000660	  0.000551	     -1.00	    693.57	    763.08	      3.95	      3.06	     69.12	     53.58	-43.70	 4.358e-05	      5.24	0	Gaussian	317.023551	43.518243
547	1	  0.000664	  0.000217	     -1.00	    614.24	    145.55	      8.67	      3.78	    151.69	     66.09	-59.81	 6.458e-05	      5.24	0	Gaussian	315.687724	40.777126
548	1	  0.000669	  0.000752	     -1.00	    737.96	    695.66	      3.26	      2.86	     57.11	     50.12	-11.61	 7.134e-05	      5.25	0	Gaussian	317.199809	43.163599
549	1	  0.000641	  0.000918	     -1.00	    106.64	    395.09	      2.74	      2.69	     48.00	     47.11	-12.23	 3.772e-05	      5.25	0	Gaussian	312.889071	42.387906
550	1	  0.000702	  0.000950	     -1.00	    151.65	    338.17	      2.70	      2.57	     47.24	     44.93	-17.81	 1.928e-04	      5.26	0	Gaussian	313.103917	42.086134
551	1	  0.000647	  0.000930	     -1.00	    180.43	    184.58	      2.80	      2.47	     48.99	     43.30	24.02	 5.001e-05	      5.27	0	Gaussian	313.105594	41.350769
552	1	  0.000641	  0.000668	     -1.00	    387.30	    520.99	      3.41	      3.06	     59.73	     53.49	4.46	 2.660e-05	      5.27	0	Gaussian	314.789665	42.718490
553	1	  0.000653	  0.000356	     -1.00	    732.03	    776.10	      4.45	      4.31	     77.95	     75.49	65.61	 6.077e-05	      5.27	0	Gaussian	317.281186	43.536080
554	1	  0.000657	  0.000727	     -1.00	    784.74	    432.54	      3.44	      2.90	     60.16	     50.68	-10.45	 6.486e-05	      5.27	0	Gaussian	317.105530	41.915571
555	1	  0.000625	  0.000685	     -1.00	    486.91	    502.49	      3.52	      2.90	     61.54	     50.76	5.62	 2.712e-05	      5.28	0	Gaussian	315.382424	42.537845
556	1	  0.000639	  0.000654	     -1.00	    437.14	    359.89	      3.57	      2.99	     62.45	     52.28	-9.45	 3.184e-05	      5.28	0	Gaussian	314.891229	41.930312
557	1	  0.000658	  0.000399	     -1.00	    345.98	    543.91	      4.75	      3.62	     83.13	     63.37	-59.56	 1.742e-04	      5.28	0	Gaussian	314.561705	42.862807
558	1	  0.000645	  0.000681	     -1.00	    647.86	    196.54	      3.53	      2.85	     61.75	     49.94	0.09	 4.568e-05	      5.29	0	Gaussian	315.956452	40.977686
559	1	  0.000642	  0.000747	     -1.00	    626.04	    585.59	      3.37	      2.74	     59.06	     47.94	-2.37	 3.008e-05	      5.29	0	Gaussian	316.353112	42.779200
560	1	  0.000649	  0.000872	     -1.00	    441.26	    626.56	      2.85	      2.50	     49.84	     43.70	10.88	 4.186e-05	      5.29	0	Gaussian	315.263242	43.151950
561	1	  0.000666	  0.000692	     -1.00	    366.79	    618.63	      3.40	      2.83	     59.59	     49.47	1.35	 6.016e-05	      5.30	0	Gaussian	314.787424	43.187120
562	1	  0.000640	  0.000675	     -1.00	    173.99	    520.22	      3.29	      3.08	     57.66	     53.95	-14.21	 8.691e-05	      5.30	0	Gaussian	313.456556	42.909266
563	1	  0.000626	  0.000743	     -1.00	     36.92	    586.53	      3.33	      2.78	     58.34	     48.67	-6.03	 2.315e-05	      5.30	0	Gaussian	312.668890	43.333767
564	1	  0.000678	  0.000798	     -1.00	    407.11	    718.52	      3.16	      2.61	     55.28	     45.73	0.80	 1.926e-04	      5.30	0	Gaussian	315.171317	43.607474
565	1	  0.000632	  0.000786	     -1.00	    142.79	    298.34	      2.93	      2.70	     51.21	     47.17	-24.38	 3.739e-05	      5.31	0	Gaussian	313.003350	41.909205
566	1	  0.000630	  0.000572	     -1.00	    351.32	    530.03	      3.92	      2.83	     68.67	     49.46	-20.75	 3.832e-05	      5.32	0	Gaussian	314.577366	42.793892
567	1	  0.000652	  0.000871	     -1.00	     30.55	    608.35	      2.79	      2.54	     48.77	     44.46	8.41	 5.925e-05	      5.32	0	Gaussian	312.653315	43.440277
568	1	  0.000668	  0.000812	     -1.00	    547.81	     78.66	      2.92	      2.42	     51.03	     42.33	34.15	 1.608e-04	      5.32	0	Gaussian	315.203914	40.534000
569	1	  0.000660	  0.000382	     -1.00	    400.90	    380.29	      5.22	      3.31	     91.33	     57.92	10.84	 5.966e-05	      5.32	0	Gaussian	314.694634	42.058162
570	1	  0.000635	  0.000630	     -1.00	    717.00	    294.74	      3.76	      2.90	     65.77	     50.76	4.53	 2.640e-05	      5.33	0	Gaussian	316.504341	41.357291
571	1	  0.000659	  0.000548	     -1.00	    240.86	    622.22	      3.69	      3.14	     64.62	     54.95	-63.21	 1.095e-04	      5.33	0	Gaussian	314.001000	43.320729
572	1	  0.000636	  0.000661	     -1.00	    572.08	    680.43	      3.47	      2.94	     60.78	     51.46	-13.27	 5.851e-05	      5.33	0	Gaussian	316.151239	43.268136
573	1	  0.000628	  0.000657	     -1.00	    248.88	    665.84	      3.45	      2.91	     60.37	     50.97	-3.41	 8.150e-05	      5.33	0	Gaussian	314.105898	43.514626
574	1	  0.000652	  0.000796	     -1.00	    657.65	    789.55	      2.91	      2.54	     50.96	     44.49	15.40	 4.799e-05	      5.33	0	Gaussian	316.838615	43.677217
575	1	  0.000669	  0.000869	     -1.00	    298.59	     34.29	      2.74	      2.61	     47.93	     45.73	1.79	 8.282e-05	      5.33	0	Gaussian	313.651662	40.555103
576	1	  0.000644	  0.000759	     -1.00	    521.46	    125.35	      2.89	      2.76	     50.63	     48.29	16.81	 4.132e-05	      5.34	0	Gaussian	315.105110	40.773103
577	1	  0.000714	  0.000864	     -1.00	    475.26	    542.49	      2.71	      2.55	     47.47	     44.70	9.92	 2.759e-04	      5.34	0	Gaussian	315.363280	42.732807
578	1	  0.000651	  0.000515	     -1.00	    447.45	    129.11	      4.59	      2.77	     80.26	     48.42	-1.40	 8.338e-05	      5.34	0	Gaussian	314.664107	40.859219
579	1	  0.000641	  0.000711	     -1.00	    470.75	     15.76	      3.46	      2.81	     60.64	     49.24	2.61	 5.264e-05	      5.34	0	Gaussian	314.664345	40.316621
580	1	  0.000640	  0.000851	     -1.00	    196.46	    636.57	      2.82	      2.50	     49.42	     43.71	9.55	 4.753e-05	      5.34	0	Gaussian	313.738467	43.427075
581	1	  0.000726	  0.000914	     -1.00	    662.37	    685.69	      2.67	      2.44	     46.72	     42.68	21.89	 3.412e-04	      5.35	0	Gaussian	316.718627	43.198550
582	1	  0.000694	  0.000874	     -1.00	    327.36	    777.28	      2.73	      2.47	     47.82	     43.18	18.53	 9.162e-05	      5.35	0	Gaussian	314.745032	43.954462
583	1	  0.000665	  0.000277	     -1.00	    393.90	    559.65	      8.29	      2.62	    145.16	     45.77	4.06	 4.395e-05	      5.35	0	Gaussian	314.880502	42.890069
584	1	  0.000673	  0.000610	     -1.00	    753.21	    637.36	      3.58	      2.89	     62.71	     50.58	5.66	 5.809e-05	      5.35	0	Gaussian	317.208581	42.881807
585	1	  0.000671	  0.000882	     -1.00	     68.18	    244.90	      2.72	      2.52	     47.56	     44.05	-22.46	 1.709e-04	      5.36	0	Gaussian	312.481686	41.723391
586	1	  0.000675	  0.000470	     -1.00	    755.30	    605.95	      4.18	      3.16	     73.14	     55.29	-36.29	 4.907e-05	      5.36	0	Gaussian	317.175773	42.736575
587	1	  0.000718	  0.000818	     -1.00	    626.44	    383.74	      2.82	      2.38	     49.34	     41.62	36.71	 9.287e-05	      5.36	0	Gaussian	316.078222	41.855646
588	1	  0.000686	  0.000874	     -1.00	    196.24	    100.54	      2.73	      2.46	     47.79	     43.10	13.94	 2.830e-04	      5.36	0	Gaussian	313.106847	40.948559
589	1	  0.000617	  0.000567	     -1.00	    751.82	     82.01	      3.69	      3.11	     64.57	     54.44	-6.00	 3.390e-05	      5.36	0	Gaussian	316.422774	40.351047
590	1	  0.000666	  0.000936	     -1.00	    192.57	    623.66	      2.66	      2.42	     46.57	     42.31	0.64	 1.746e-04	      5.37	0	Gaussian	313.698092	43.370909
591	1	  0.000688	  0.000656	     -1.00	    729.88	    332.25	      3.38	      2.85	     59.15	     49.80	-5.64	 6.576e-05	      5.37	0	Gaussian	316.633584	41.515406
592	1	  0.000639	  0.000746	     -1.00	    202.25	    500.49	      2.96	      2.48	     51.87	     43.40	-18.19	 4.110e-05	      5.37	0	Gaussian	313.610094	42.793170
593	1	  0.000636	  0.000322	     -1.00	     16.21	    387.50	      5.65	      3.44	     98.84	     60.26	-30.28	 3.256e-05	      5.37	0	Gaussian	312.315204	42.427454
594	1	  0.000642	  0.000785	     -1.00	    288.28	    518.82	      2.85	      2.65	     49.80	     46.34	-3.64	 4.657e-05	      5.38	0	Gaussian	314.170282	42.800496
595	1	  0.000619	  0.000595	     -1.00	    538.83	    621.01	      3.60	      2.82	     63.03	     49.37	-15.31	 3.728e-05	      5.38	0	Gaussian	315.862863	43.029913
596	1	  0.000646	  0.000751	     -1.00	    144.40	     65.27	      2.90	      2.64	     50.70	     46.28	5.83	 5.094e-05	      5.38	0	Gaussian	312.751599	40.828327
597	1	  0.000635	  0.000580	     -1.00	    757.37	    292.50	      3.71	      3.05	     65.02	     53.34	1.67	 3.830e-05	      5.39	0	Gaussian	316.743694	41.305786
598	1	  0.000649	  0.000195	     -1.00	    431.72	    177.71	      9.47	      3.81	    165.83	     66.61	69.56	 1.358e-04	      5.39	0	Gaussian	314.629215	41.097298
599	1	  0.000668	  0.000824	     -1.00	    117.63	    663.44	      2.78	      2.49	     48.69	     43.61	2.67	 9.632e-05	      5.39	0	Gaussian	313.271143	43.620945
600	1	  0.000655	  0.000736	     -1.00	    199.49	    127.44	      2.83	      2.77	     49.62	     48.41	-56.16	 4.515e-05	      5.39	0	Gaussian	313.157165	41.070251
601	1	  0.000651	  0.000779	     -1.00	     26.27	    666.68	      2.85	      2.56	     49.91	     44.75	-25.26	 3.217e-05	      5.40	0	Gaussian	312.692969	43.714271
602	1	  0.000649	  0.000758	     -1.00	    580.43	    426.53	      2.90	      2.52	     50.78	     44.14	21.89	 3.512e-05	      5.40	0	Gaussian	315.855602	42.097483
603	1	  0.000648	  0.000735	     -1.00	    451.62	    755.23	      2.86	      2.77	     50.10	     48.49	-21.94	 5.412e-05	      5.40	0	Gaussian	315.500516	43.732128
604	1	  0.000623	  0.000624	     -1.00	    785.56	     84.44	      3.45	      3.00	     60.35	     52.48	-6.05	 6.328e-05	      5.40	0	Gaussian	316.625621	40.328218
605	1	  0.000637	  0.000836	     -1.00	    257.53	    368.69	      2.74	      2.58	     47.98	     45.09	-7.62	 3.584e-05	      5.40	0	Gaussian	313.795853	42.135244
606	1	  0.000668	  0.000540	     -1.00	    698.67	    329.27	      3.83	      2.84	     66.98	     49.69	-6.21	 5.167e-05	      5.40	0	Gaussian	316.441338	41.533681
607	1	  0.000628	  0.000834	     -1.00	    139.60	    630.60	      2.77	      2.54	     48.44	     44.38	-0.88	 5.460e-05	      5.40	0	Gaussian	313.371410	43.449844
608	1	  0.000646	  0.000742	     -1.00	    321.69	    355.04	      2.87	      2.72	     50.19	     47.69	-38.47	 6.965e-05	      5.41	0	Gaussian	314.175536	42.014701
609	1	  0.000656	  0.000548	     -1.00	    784.96	    514.44	      3.68	      3.09	     64.39	     54.13	-10.38	 5.039e-05	      5.41	0	Gaussian	317.224313	42.288277
610	1	  0.000624	  0.000758	     -1.00	    532.31	    728.55	      2.91	      2.57	     50.87	     44.90	21.54	 4.840e-05	      5.41	0	Gaussian	315.970013	43.528851
611	1	  0.000667	  0.000637	     -1.00	    571.92	    605.73	      3.32	      2.84	     58.08	     49.76	5.51	 1.369e-04	      5.41	0	Gaussian	316.046910	42.926534
612	1	  0.000649	  0.000731	     -1.00	    499.02	    400.46	      2.98	      2.65	     52.13	     46.39	3.05	 1.075e-04	      5.42	0	Gaussian	315.322852	42.057708
613	1	  0.000654	  0.000699	     -1.00	    230.65	    356.21	      2.92	      2.71	     51.17	     47.39	21.20	 6.198e-05	      5.42	0	Gaussian	313.614580	42.101314
614	1	  0.000658	  0.000338	     -1.00	    596.40	    423.44	      6.39	      2.70	    111.79	     47.34	3.38	 3.933e-05	      5.42	0	Gaussian	315.948958	42.067410
615	1	  0.000649	  0.000826	     -1.00	    260.37	    473.38	      2.72	      2.57	     47.54	     45.00	2.10	 4.131e-05	      5.42	0	Gaussian	313.940299	42.616153
616	1	  0.000646	  0.000680	     -1.00	    530.66	    305.30	      3.02	      2.55	     52.91	     44.63	-15.36	 3.952e-05	      5.42	0	Gaussian	315.391817	41.590365
617	1	  0.000646	  0.000563	     -1.00	    345.02	    267.84	      4.01	      2.54	     70.22	     44.53	-15.41	 6.300e-05	      5.43	0	Gaussian	314.212184	41.591490
618	1	  0.000642	  0.000500	     -1.00	    568.22	    262.22	      3.53	      3.28	     61.85	     57.48	-41.59	 4.353e-05	      5.43	0	Gaussian	315.563346	41.356400
619	1	  0.000620	  0.000578	     -1.00	    188.16	    684.55	      3.52	      3.02	     61.60	     52.93	-7.33	 7.757e-05	      5.43	0	Gaussian	313.744626	43.656072
620	1	  0.000632	  0.000288	     -1.00	    117.72	    594.70	      5.54	      3.58	     96.95	     62.74	26.07	 2.596e-05	      5.43	0	Gaussian	313.190269	43.302816
621	1	  0.000662	  0.000761	     -1.00	     27.51	    454.06	      2.77	      2.68	     48.57	     46.85	9.32	 8.437e-05	      5.43	0	Gaussian	312.459873	42.727146
622	1	  0.000692	  0.000607	     -1.00	    788.35	    488.92	      3.50	      2.82	     61.25	     49.42	29.00	 1.484e-04	      5.44	0	Gaussian	317.208131	42.168495
623	1	  0.000646	  0.000559	     -1.00	    409.81	    172.24	      3.56	      3.01	     62.33	     52.62	-6.13	 3.590e-05	      5.44	0	Gaussian	314.489687	41.092168
624	1	  0.000642	  0.000501	     -1.00	    465.66	    659.21	      3.93	      2.91	     68.70	     50.98	-3.68	 4.934e-05	      5.44	0	Gaussian	315.459130	43.277844
625	1	  0.000644	  0.000741	     -1.00	     91.42	    147.40	      2.85	      2.59	     49.92	     45.39	-34.12	 5.736e-05	      5.44	0	Gaussian	312.517936	41.252272
626	1	  0.000678	  0.000746	     -1.00	    359.81	    589.37	      2.80	      2.63	     48.97	     46.01	-25.00	 8.815e-05	      5.44	0	Gaussian	314.706096	43.059115
627	1	  0.000643	  0.000541	     -1.00	    763.79	    502.41	      3.67	      3.01	     64.27	     52.65	-5.21	 4.561e-05	      5.45	0	Gaussian	317.078426	42.255967
628	1	  0.000627	  0.000593	     -1.00	    267.74	    492.60	      3.71	      2.84	     64.89	     49.63	0.04	 2.329e-05	      5.45	0	Gaussian	314.009746	42.698210
629	1	  0.000680	  0.000253	     -1.00	    631.99	    434.68	      7.20	      2.87	    125.97	     50.29	10.26	 1.136e-04	      5.45	0	Gaussian	316.181312	42.083097
630	1	  0.000649	  0.000405	     -1.00	    653.24	    756.49	      4.95	      2.89	     86.59	     50.64	2.25	 7.587e-05	      5.46	0	Gaussian	316.763458	43.531143
631	1	  0.000638	  0.000722	     -1.00	    582.18	    716.79	      2.90	      2.57	     50.73	     44.90	-21.94	 7.096e-05	      5.46	0	Gaussian	316.264839	43.424058
632	1	  0.000646	  0.000735	     -1.00	    468.57	    443.31	      2.83	      2.62	     49.62	     45.81	4.22	 6.623e-05	      5.46	0	Gaussian	315.191737	42.283821
633	1	  0.000632	  0.000471	     -1.00	    594.57	    291.08	      3.68	      3.34	     64.41	     58.38	-0.85	 2.950e-05	      5.46	0	Gaussian	315.760787	41.462995
634	1	  0.000607	  0.000682	     -1.00	    252.57	    726.34	      3.01	      2.54	     52.73	     44.43	-3.83	 4.640e-05	      5.46	0	Gaussian	314.205223	43.790186
635	1	  0.000666	  0.000553	     -1.00	    430.69	    563.44	      3.53	      2.93	     61.77	     51.30	-1.25	 4.649e-05	      5.46	0	Gaussian	315.114332	42.872241
636	1	  0.000654	  0.000584	     -1.00	    619.94	    534.18	      3.55	      2.85	     62.07	     49.89	-2.88	 6.754e-05	      5.46	0	Gaussian	316.244322	42.550402
637	1	  0.000634	  0.000514	     -1.00	    668.38	    178.04	      3.66	      3.14	     64.05	     55.03	3.07	 2.957e-05	      5.47	0	Gaussian	316.054734	40.872797
638	1	  0.000637	  0.000772	     -1.00	    230.62	    718.70	      2.82	      2.45	     49.40	     42.85	10.99	 1.165e-04	      5.47	0	Gaussian	314.056342	43.775162
639	1	  0.000672	  0.000430	     -1.00	    635.92	    760.58	      4.20	      2.84	     73.50	     49.67	-35.72	 1.114e-04	      5.47	0	Gaussian	316.661551	43.568077
640	1	  0.000640	  0.000787	     -1.00	    247.61	    675.48	      2.78	      2.48	     48.64	     43.42	9.62	 1.288e-04	      5.47	0	Gaussian	314.109891	43.560291
641	1	  0.000645	  0.000495	     -1.00	    234.73	    419.11	      3.51	      3.25	     61.44	     56.93	5.63	 5.845e-05	      5.47	0	Gaussian	313.715029	42.388391
642	1	  0.000647	  0.000652	     -1.00	    620.60	    121.85	      2.95	      2.74	     51.60	     47.89	26.82	 5.802e-05	      5.48	0	Gaussian	315.694865	40.662405
643	1	  0.000615	  0.000381	     -1.00	    359.90	    463.69	      3.94	      3.32	     69.03	     58.18	-29.93	 2.775e-05	      5.48	0	Gaussian	314.546753	42.480377
644	1	  0.000656	  0.000543	     -1.00	    687.22	    358.42	      3.67	      3.04	     64.25	     53.12	3.01	 5.400e-05	      5.48	0	Gaussian	316.412191	41.678465
645	1	  0.000653	  0.000541	     -1.00	    586.05	    143.36	      3.70	      2.87	     64.71	     50.20	-8.82	 4.456e-05	      5.48	0	Gaussian	315.515935	40.794309
646	1	  0.000633	  0.000558	     -1.00	     42.09	    514.69	      3.50	      2.96	     61.26	     51.84	6.06	 2.779e-05	      5.48	0	Gaussian	312.619864	42.996368
647	1	  0.000654	  0.000543	     -1.00	    454.02	    570.65	      3.84	      2.74	     67.14	     48.04	-3.84	 8.133e-05	      5.48	0	Gaussian	315.268772	42.882766
648	1	  0.000645	  0.000605	     -1.00	    104.88	    259.70	      3.39	      2.79	     59.32	     48.81	-5.92	 3.309e-05	      5.48	0	Gaussian	312.725138	41.761895
649	1	  0.000639	  0.000677	     -1.00	    187.81	    748.62	      2.91	      2.63	     50.99	     46.10	32.49	 9.920e-05	      5.49	0	Gaussian	313.821318	43.952168
650	1	  0.000670	  0.000552	     -1.00	    393.87	    777.59	      3.59	      2.91	     62.84	     50.98	-14.28	 7.627e-05	      5.49	0	Gaussian	315.166433	43.891612
651	1	  0.000660	  0.000774	     -1.00	    437.59	     15.80	      2.74	      2.47	     47.93	     43.21	32.43	 9.331e-05	      5.50	0	Gaussian	314.465822	40.346968
652	1	  0.000654	  0.000559	     -1.00	    558.25	    394.66	      3.58	      2.75	     62.74	     48.08	-9.41	 3.182e-05	      5.50	0	Gaussian	315.677460	41.973378
653	1	  0.000668	  0.000557	     -1.00	    724.79	    227.52	      3.71	      2.60	     64.90	     45.57	-11.84	 7.233e-05	      5.50	0	Gaussian	316.459085	41.042470
654	1	  0.000641	  0.000504	     -1.00	    398.82	    433.31	      3.82	      2.85	     66.86	     49.87	-0.50	 3.446e-05	      5.51	0	Gaussian	314.748983	42.304134
655	1	  0.000651	  0.000671	     -1.00	    712.56	    209.38	      2.97	      2.34	     52.05	     40.91	-7.28	 4.676e-05	      5.51	0	Gaussian	316.361225	40.971949
656	1	  0.000648	  0.000548	     -1.00	    121.70	    712.93	      3.32	      3.02	     58.04	     52.85	0.20	 4.383e-05	      5.51	0	Gaussian	313.356311	43.846284
657	1	  0.000658	  0.000536	     -1.00	    411.69	    598.14	      3.52	      2.91	     61.59	     50.96	-0.70	 4.676e-05	      5.51	0	Gaussian	315.041389	43.050005
658	1	  0.000633	  0.000598	     -1.00	    601.39	    275.27	      3.07	      2.62	     53.80	     45.79	-2.29	 4.665e-05	      5.51	0	Gaussian	315.781094	41.383834
659	1	  0.000614	  0.000444	     -1.00	    788.64	    122.36	      4.10	      2.91	     71.82	     50.94	-9.04	 2.777e-05	      5.51	0	Gaussian	316.695621	40.497951
660	1	  0.000641	  0.000633	     -1.00	    359.42	     47.78	      2.97	      2.59	     52.07	     45.40	4.89	 4.213e-05	      5.52	0	Gaussian	314.034531	40.564122
661	1	  0.000637	  0.000569	     -1.00	    473.81	     30.69	      3.46	      2.81	     60.52	     49.26	-0.28	 3.973e-05	      5.52	0	Gaussian	314.701027	40.382441
662	1	  0.000634	  0.000489	     -1.00	    250.39	    207.33	      3.86	      3.17	     67.54	     55.52	-7.96	 2.775e-05	      5.52	0	Gaussian	313.560566	41.396065
663	1	  0.000652	  0.000668	     -1.00	    164.54	    481.01	      2.99	      2.63	     52.29	     46.00	-2.01	 1.256e-04	      5.52	0	Gaussian	313.350761	42.736153
664	1	  0.000626	  0.000342	     -1.00	    181.67	     50.44	      4.40	      3.65	     77.05	     63.82	-1.69	 2.621e-05	      5.53	0	Gaussian	312.961850	40.728906
665	1	  0.000647	  0.000545	     -1.00	    769.44	    163.97	      3.46	      3.01	     60.63	     52.67	-13.04	 8.099e-05	      5.53	0	Gaussian	316.638572	40.707184
666	1	  0.000650	  0.000517	     -1.00	     26.45	    711.70	      3.78	      2.95	     66.24	     51.57	-5.45	 3.054e-05	      5.53	0	Gaussian	312.746128	43.922731
667	1	  0.000697	  0.000596	     -1.00	    732.58	    746.08	      2.93	      2.79	     51.31	     48.84	-37.38	 1.831e-04	      5.53	0	Gaussian	317.240441	43.398907
668	1	  0.000646	  0.000663	     -1.00	    108.09	    756.11	      2.88	      2.64	     50.36	     46.23	37.15	 4.804e-05	      5.53	0	Gaussian	313.321255	44.057845
669	1	  0.000639	  0.000520	     -1.00	    254.02	    493.65	      3.61	      2.95	     63.21	     51.60	1.70	 2.249e-05	      5.53	0	Gaussian	313.925427	42.715433
670	1	  0.000640	  0.000388	     -1.00	    262.90	    234.21	      4.89	      2.82	     85.64	     49.36	-11.16	 4.395e-05	      5.54	0	Gaussian	313.668753	41.509329
671	1	  0.000634	  0.000539	     -1.00	    565.87	     43.64	      3.47	      2.96	     60.71	     51.79	-4.00	 4.203e-05	      5.54	0	Gaussian	315.267385	40.356341
672	1	  0.000622	  0.000668	     -1.00	    341.68	    515.72	      2.86	      2.70	     50.12	     47.20	27.75	 3.201e-05	      5.54	0	Gaussian	314.499275	42.736969
673	1	  0.000646	  0.000278	     -1.00	    596.52	    566.71	      7.23	      2.61	    126.56	     45.65	2.76	 1.119e-04	      5.54	0	Gaussian	316.145075	42.723036
674	1	  0.000649	  0.000504	     -1.00	    408.01	    758.04	      3.75	      2.89	     65.67	     50.65	-2.50	 4.260e-05	      5.54	0	Gaussian	315.229606	43.788027
675	1	  0.000661	  0.000220	     -1.00	    652.23	    654.41	      7.97	      2.81	    139.43	     49.15	-2.50	 5.691e-05	      5.54	0	Gaussian	316.611440	43.066449
676	1	  0.000642	  0.000544	     -1.00	    237.32	    602.41	      3.41	      3.04	     59.69	     53.18	-23.42	 6.985e-05	      5.54	0	Gaussian	313.954229	43.232514
677	1	  0.000648	  0.000445	     -1.00	    359.65	    355.45	      3.95	      2.83	     69.20	     49.51	-5.16	 3.486e-05	      5.55	0	Gaussian	314.409793	41.981980
678	1	  0.000642	  0.000582	     -1.00	    125.60	    692.95	      3.35	      2.85	     58.66	     49.80	-3.68	 4.137e-05	      5.55	0	Gaussian	313.357150	43.750456
679	1	  0.000649	  0.000648	     -1.00	    229.26	     61.73	      2.89	      2.63	     50.67	     45.97	3.00	 5.898e-05	      5.55	0	Gaussian	313.263585	40.741189
680	1	  0.000633	  0.000434	     -1.00	    278.35	    443.67	      4.65	      2.64	     81.36	     46.27	-8.43	 4.339e-05	      5.55	0	Gaussian	314.015850	42.462827
681	1	  0.000651	  0.000511	     -1.00	    724.24	     44.75	      3.73	      2.73	     65.34	     47.70	-5.92	 1.747e-04	      5.56	0	Gaussian	316.209654	40.208372
682	1	  0.000661	  0.000353	     -1.00	    598.40	    138.19	      5.33	      2.45	     93.26	     42.84	0.03	 6.793e-05	      5.56	0	Gaussian	315.583299	40.758699
683	1	  0.000632	  0.000603	     -1.00	    496.68	     98.28	      2.98	      2.73	     52.11	     47.75	-30.64	 3.756e-05	      5.56	0	Gaussian	314.922129	40.671975
684	1	  0.000646	  0.000428	     -1.00	    760.66	    513.68	      4.13	      2.63	     72.24	     46.02	-13.99	 5.275e-05	      5.56	0	Gaussian	317.075526	42.310621
685	1	  0.000636	  0.000639	     -1.00	     38.64	    782.23	      2.96	      2.48	     51.81	     43.49	-50.92	 3.351e-05	      5.56	0	Gaussian	312.906697	44.238970
686	1	  0.000612	  0.000624	     -1.00	    157.55	    762.89	      2.92	      2.80	     51.03	     49.03	-18.82	 3.211e-05	      5.57	0	Gaussian	313.645810	44.045311
687	1	  0.000625	  0.000618	     -1.00	    175.53	    213.50	      2.98	      2.55	     52.23	     44.71	3.58	 3.808e-05	      5.57	0	Gaussian	313.108467	41.488759
688	1	  0.000658	  0.000665	     -1.00	    131.39	    435.80	      2.81	      2.59	     49.17	     45.32	9.11	 6.303e-05	      5.57	0	Gaussian	313.090486	42.555453
689	1	  0.000637	  0.000621	     -1.00	    209.35	    383.43	      2.95	      2.58	     51.67	     45.08	-10.37	 4.448e-05	      5.58	0	Gaussian	313.514807	42.245801
690	1	  0.000663	  0.000509	     -1.00	    560.05	    466.23	      3.39	      2.97	     59.29	     51.96	-18.72	 5.352e-05	      5.58	0	Gaussian	315.784144	42.299627
691	1	  0.000617	  0.000524	     -1.00	    118.10	    519.49	      3.39	      2.98	     59.37	     52.18	-2.18	 2.202e-05	      5.58	0	Gaussian	313.104403	42.954377
692	1	  0.000669	  0.000609	     -1.00	    511.52	    285.25	      2.89	      2.69	     50.63	     47.15	-26.63	 1.040e-04	      5.59	0	Gaussian	315.249499	41.516738
693	1	  0.000632	  0.000538	     -1.00	    711.19	    523.43	      3.47	      2.83	     60.72	     49.48	-11.92	 4.468e-05	      5.59	0	Gaussian	316.787979	42.407125
694	1	  0.000626	  0.000409	     -1.00	    792.62	    334.31	      4.25	      2.99	     74.45	     52.32	-0.68	 2.317e-05	      5.59	0	Gaussian	317.013720	41.459786
695	1	  0.000646	  0.000388	     -1.00	    512.56	    561.89	      4.82	      2.41	     84.42	     42.10	-32.68	 6.777e-05	      5.59	0	Gaussian	315.620033	42.785158
696	1	  0.000684	  0.000550	     -1.00	    761.43	    618.13	      2.98	      2.72	     52.09	     47.61	-17.71	 7.797e-05	      5.59	0	Gaussian	317.231001	42.785483
697	1	  0.000667	  0.000324	     -1.00	    641.33	    687.82	      5.17	      2.81	     90.44	     49.19	7.03	 1.196e-04	      5.60	0	Gaussian	316.591390	43.230357
698	1	  0.000636	  0.000487	     -1.00	    677.55	    579.95	      3.89	      2.84	     68.09	     49.70	-2.90	 4.082e-05	      5.60	0	Gaussian	316.661963	42.700121
699	1	  0.000638	  0.000584	     -1.00	    638.60	    531.39	      3.05	      2.38	     53.36	     41.57	-30.56	 3.870e-05	      5.60	0	Gaussian	316.354966	42.518592
700	1	  0.000658	  0.000178	     -1.00	    646.97	    260.97	     10.08	      3.12	    176.47	     54.61	16.28	 1.243e-04	      5.60	0	Gaussian	316.037031	41.273381
701	1	  0.000669	  0.000658	     -1.00	     79.73	    369.54	      2.77	      2.63	     48.55	     45.95	-3.71	 4.960e-05	      5.60	0	Gaussian	312.692164	42.291963
702	1	  0.000636	  0.000414	     -1.00	    174.52	    104.53	      4.01	      2.95	     70.15	     51.65	1.62	 3.357e-05	      5.60	0	Gaussian	312.978957	40.985208
703	1	  0.000622	  0.000488	     -1.00	    153.22	    721.33	      3.76	      2.85	     65.74	     49.81	-14.03	 1.163e-04	      5.60	0	Gaussian	313.567413	43.857193
704	1	  0.000623	  0.000522	     -1.00	    193.94	    329.50	      3.58	      2.81	     62.70	     49.14	-10.53	 2.423e-05	      5.61	0	Gaussian	313.355911	42.009784
705	1	  0.000668	  0.000561	     -1.00	    331.82	    193.33	      3.33	      2.68	     58.36	     46.86	-6.62	 8.810e-05	      5.62	0	Gaussian	314.041289	41.259731
706	1	  0.000638	  0.000587	     -1.00	    223.85	    394.39	      2.99	      2.56	     52.31	     44.87	-13.07	 5.301e-05	      5.62	0	Gaussian	313.617841	42.283767
707	1	  0.000634	  0.000698	     -1.00	    103.68	    653.42	      2.72	      2.55	     47.61	     44.69	-19.30	 6.336e-05	      5.62	0	Gaussian	313.170606	43.586712
708	1	  0.000640	  0.000501	     -1.00	    708.75	    667.55	      3.68	      2.71	     64.44	     47.42	-14.49	 3.032e-05	      5.62	0	Gaussian	316.978969	43.066821
709	1	  0.000644	  0.000373	     -1.00	    758.73	    474.92	      3.89	      3.55	     68.17	     62.06	-31.50	 3.233e-05	      5.62	0	Gaussian	317.008461	42.136039
710	1	  0.000622	  0.000456	     -1.00	    132.67	    202.07	      3.44	      2.64	     60.19	     46.22	-10.40	 2.799e-05	      5.62	0	Gaussian	312.832024	41.471754
711	1	  0.000634	  0.000384	     -1.00	    763.35	    237.36	      4.76	      2.78	     83.27	     48.69	-5.41	 2.681e-05	      5.63	0	Gaussian	316.703162	41.048115
712	1	  0.000649	  0.000269	     -1.00	    409.14	    321.18	      5.79	      3.17	    101.43	     55.51	-31.11	 3.557e-05	      5.63	0	Gaussian	314.670719	41.778419
713	1	  0.000653	  0.000496	     -1.00	    453.74	    384.26	      3.73	      2.58	     65.25	     45.11	0.23	 3.986e-05	      5.64	0	Gaussian	315.024257	42.026660
714	1	  0.000648	  0.000515	     -1.00	    764.39	    343.68	      3.70	      2.82	     64.77	     49.32	-1.64	 5.253e-05	      5.64	0	Gaussian	316.857237	41.531924
715	1	  0.000658	  0.000420	     -1.00	    580.23	    444.70	      3.67	      3.10	     64.23	     54.26	-0.85	 4.462e-05	      5.64	0	Gaussian	315.878829	42.180896
716	1	  0.000618	  0.000575	     -1.00	    210.26	    536.86	      3.03	      2.43	     53.05	     42.56	-13.58	 3.129e-05	      5.64	0	Gaussian	313.704117	42.954133
717	1	  0.000636	  0.000550	     -1.00	    704.49	     13.89	      3.02	      2.65	     52.87	     46.34	-4.90	 5.175e-05	      5.64	0	Gaussian	316.051994	40.086829
718	1	  0.000656	  0.000336	     -1.00	    403.51	    391.16	      5.24	      2.61	     91.73	     45.65	-7.10	 6.381e-05	      5.64	0	Gaussian	314.724456	42.105783
719	1	  0.000648	  0.000550	     -1.00	    554.09	     96.79	      3.39	      2.66	     59.27	     46.60	-10.31	 4.518e-05	      5.65	0	Gaussian	315.264564	40.611234
720	1	  0.000672	  0.000589	     -1.00	    716.93	    561.61	      3.18	      2.58	     55.61	     45.14	-3.21	 1.009e-04	      5.65	0	Gaussian	316.877295	42.575226
721	1	  0.000638	  0.000388	     -1.00	    590.42	    275.45	      4.14	      2.99	     72.38	     52.32	-34.69	 5.723e-05	      5.65	0	Gaussian	315.714994	41.395424
722	1	  0.000654	  0.000560	     -1.00	    287.80	     77.28	      3.45	      2.50	     60.39	     43.78	-8.79	 4.715e-05	      5.65	0	Gaussian	313.636481	40.762901
723	1	  0.000653	  0.000365	     -1.00	    350.78	    712.08	      3.90	      3.22	     68.28	     56.42	-38.54	 2.967e-05	      5.65	0	Gaussian	314.808073	43.632228
724	1	  0.000639	  0.000435	     -1.00	    671.62	    347.29	      3.82	      2.86	     66.81	     50.03	-3.03	 4.541e-05	      5.66	0	Gaussian	316.302599	41.643440
725	1	  0.000631	  0.000373	     -1.00	    746.04	      6.39	      4.18	      3.00	     73.15	     52.52	-36.27	 4.036e-05	      5.66	0	Gaussian	316.287336	40.011702
726	1	  0.000664	  0.000528	     -1.00	    457.59	    278.15	      3.01	      2.65	     52.70	     46.46	-14.07	 7.190e-05	      5.66	0	Gaussian	314.912289	41.535200
727	1	  0.000636	  0.000326	     -1.00	     76.53	    285.96	      3.87	      3.78	     67.69	     66.12	30.92	 2.308e-05	      5.66	0	Gaussian	312.578837	41.907000
728	1	  0.000618	  0.000378	     -1.00	    587.36	    732.25	      4.11	      3.08	     71.86	     53.88	-15.22	 2.980e-05	      5.66	0	Gaussian	316.318831	43.489384
729	1	  0.000630	  0.000478	     -1.00	    499.23	    180.79	      3.59	      2.86	     62.86	     49.99	-1.92	 3.540e-05	      5.66	0	Gaussian	315.041432	41.048617
730	1	  0.000651	  0.000371	     -1.00	    756.58	    402.85	      3.65	      3.27	     63.80	     57.29	-18.73	 3.325e-05	      5.66	0	Gaussian	316.893335	41.809785
731	1	  0.000638	  0.000589	     -1.00	    177.62	    162.33	      2.93	      2.50	     51.29	     43.74	-15.56	 3.728e-05	      5.67	0	Gaussian	313.063070	41.250139
732	1	  0.000657	  0.000479	     -1.00	    628.09	    544.01	      3.77	      2.76	     66.00	     48.29	-7.64	 7.458e-05	      5.67	0	Gaussian	316.307956	42.587018
733	1	  0.000662	  0.000451	     -1.00	    426.71	    614.33	      3.80	      2.62	     66.46	     45.92	-3.25	 4.334e-05	      5.67	0	Gaussian	315.156324	43.109871
734	1	  0.000653	  0.000524	     -1.00	    687.38	    158.43	      3.05	      2.46	     53.30	     43.10	11.35	 5.346e-05	      5.67	0	Gaussian	316.142132	40.764288
735	1	  0.000658	  0.000452	     -1.00	    633.86	    323.38	      3.71	      2.81	     64.93	     49.11	-15.68	 1.373e-04	      5.67	0	Gaussian	316.041734	41.571986
736	1	  0.000644	  0.000522	     -1.00	    259.30	    126.25	      3.02	      2.67	     52.89	     46.67	14.64	 3.657e-05	      5.68	0	Gaussian	313.520360	41.013679
737	1	  0.000677	  0.000505	     -1.00	    647.27	    764.10	      3.29	      2.77	     57.64	     48.54	-13.35	 1.592e-04	      5.68	0	Gaussian	316.737289	43.572174
738	1	  0.000632	  0.000530	     -1.00	    188.20	    736.25	      3.05	      2.59	     53.35	     45.36	11.66	 9.272e-05	      5.68	0	Gaussian	313.808521	43.894754
739	1	  0.000615	  0.000437	     -1.00	    466.14	    208.11	      3.58	      3.17	     62.62	     55.46	-16.35	 2.044e-05	      5.68	0	Gaussian	314.875759	41.205210
740	1	  0.000635	  0.000547	     -1.00	    115.31	    777.84	      2.96	      2.70	     51.73	     47.33	-45.28	 2.921e-05	      5.68	0	Gaussian	313.393715	44.151936
741	1	  0.000642	  0.000602	     -1.00	    708.35	    767.38	      2.93	      2.25	     51.24	     39.42	-3.06	 4.368e-05	      5.68	0	Gaussian	317.121591	43.521985
742	1	  0.000658	  0.000467	     -1.00	    731.02	    587.31	      3.73	      2.69	     65.22	     47.08	-11.87	 5.506e-05	      5.68	0	Gaussian	317.000254	42.677536
743	1	  0.000637	  0.000464	     -1.00	     53.16	    465.32	      3.56	      2.92	     62.36	     51.18	-13.90	 3.206e-05	      5.68	0	Gaussian	312.633781	42.758203
744	1	  0.000646	  0.000389	     -1.00	    793.44	    562.16	      3.82	      2.93	     66.84	     51.22	0.60	 3.347e-05	      5.69	0	Gaussian	317.345075	42.496372
745	1	  0.000630	  0.000524	     -1.00	    622.20	    236.37	      3.07	      2.47	     53.70	     43.17	5.81	 4.069e-05	      5.69	0	Gaussian	315.855110	41.185263
746	1	  0.000655	  0.000474	     -1.00	    451.83	    287.52	      3.50	      2.79	     61.29	     48.82	-7.24	 8.254e-05	      5.70	0	Gaussian	314.889060	41.583694
747	1	  0.000628	  0.000407	     -1.00	    298.05	    694.76	      3.95	      2.94	     69.07	     51.51	3.93	 3.894e-05	      5.70	0	Gaussian	314.452979	43.602369
748	1	  0.000624	  0.000615	     -1.00	    167.66	    570.86	      2.83	      2.56	     49.54	     44.87	19.98	 3.455e-05	      5.70	0	Gaussian	313.477180	43.148974
749	1	  0.000717	  0.000693	     -1.00	     59.49	    307.13	      2.57	      2.45	     45.06	     42.86	1.60	 3.431e-04	      5.70	0	Gaussian	312.496505	42.019171
750	1	  0.000717	  0.000407	     -1.00	    634.10	    378.09	      4.55	      2.89	     79.70	     50.62	8.20	 1.256e-04	      5.70	0	Gaussian	316.117130	41.822101
751	1	  0.000637	  0.000437	     -1.00	    788.20	    173.69	      3.98	      2.74	     69.60	     47.97	-22.96	 5.282e-05	      5.71	0	Gaussian	316.763492	40.732387
752	1	  0.000614	  0.000385	     -1.00	      9.91	    556.57	      4.02	      3.04	     70.34	     53.22	-7.24	 1.934e-05	      5.71	0	Gaussian	312.463609	43.217310
753	1	  0.000637	  0.000387	     -1.00	    330.17	    109.16	      3.81	      3.24	     66.63	     56.65	-14.41	 2.206e-05	      5.71	0	Gaussian	313.930705	40.872962
754	1	  0.000676	  0.000532	     -1.00	     63.80	    404.36	      3.29	      2.57	     57.61	     45.01	-0.83	 1.635e-04	      5.72	0	Gaussian	312.631797	42.466647
755	1	  0.000632	  0.000566	     -1.00	    135.59	    368.59	      2.96	      2.37	     51.75	     41.50	-20.52	 5.046e-05	      5.72	0	Gaussian	313.039092	42.240663
756	1	  0.000647	  0.000451	     -1.00	    647.50	    149.19	      3.49	      3.10	     61.01	     54.23	-8.18	 5.079e-05	      5.72	0	Gaussian	315.891604	40.761359
757	1	  0.000640	  0.000288	     -1.00	    605.02	     94.70	      5.28	      2.97	     92.42	     52.00	-6.26	 4.379e-05	      5.72	0	Gaussian	315.566512	40.553084
758	1	  0.000659	  0.000527	     -1.00	    222.40	     72.21	      2.95	      2.62	     51.60	     45.79	2.36	 7.058e-05	      5.72	0	Gaussian	313.233857	40.795428
759	1	  0.000649	  0.000285	     -1.00	    728.59	    260.64	      5.33	      2.89	     93.26	     50.56	-18.28	 5.047e-05	      5.72	0	Gaussian	316.527142	41.189813
760	1	  0.000628	  0.000402	     -1.00	     44.06	    495.31	      3.90	      3.06	     68.26	     53.51	-8.70	 2.926e-05	      5.73	0	Gaussian	312.610369	42.904851
761	1	  0.000642	  0.000204	     -1.00	    726.45	    670.19	      4.66	      4.56	     81.64	     79.74	-77.11	 4.322e-05	      5.73	0	Gaussian	317.091838	43.059986
762	1	  0.000666	  0.000547	     -1.00	    564.40	    450.87	      2.93	      2.45	     51.21	     42.86	-20.26	 6.000e-05	      5.73	0	Gaussian	315.790166	42.224893
763	1	  0.000640	  0.000369	     -1.00	    739.43	    255.88	      4.47	      2.75	     78.16	     48.07	0.30	 4.421e-05	      5.73	0	Gaussian	316.585545	41.157066
764	1	  0.000647	  0.000466	     -1.00	    700.64	     80.56	      3.68	      2.54	     64.37	     44.51	-3.45	 7.341e-05	      5.74	0	Gaussian	316.117382	40.395253
765	1	  0.000659	  0.000335	     -1.00	    557.10	      8.83	      3.90	      3.39	     68.35	     59.40	2.82	 5.133e-05	      5.74	0	Gaussian	315.171089	40.204898
766	1	  0.000634	  0.000438	     -1.00	    664.05	    149.41	      3.73	      2.88	     65.37	     50.33	-13.08	 3.375e-05	      5.74	0	Gaussian	315.990793	40.746097
767	1	  0.000715	  0.000534	     -1.00	    327.53	    785.75	      2.89	      2.42	     50.56	     42.33	-7.59	 1.239e-04	      5.74	0	Gaussian	314.757147	43.993206
768	1	  0.000681	  0.000305	     -1.00	    404.47	    774.59	      5.05	      2.70	     88.46	     47.23	-7.03	 7.791e-05	      5.75	0	Gaussian	315.229400	43.867468
769	1	  0.000639	  0.000379	     -1.00	    154.93	    207.85	      3.76	      3.09	     65.76	     54.02	7.65	 1.058e-04	      5.75	0	Gaussian	312.975411	41.479919
770	1	  0.000653	  0.000352	     -1.00	    549.40	    530.70	      4.22	      2.91	     73.84	     50.99	-0.61	 9.533e-05	      5.76	0	Gaussian	315.805564	42.605625
771	1	  0.000632	  0.000342	     -1.00	    387.44	    305.48	      4.92	      2.71	     86.16	     47.41	-10.22	 2.227e-05	      5.76	0	Gaussian	314.518221	41.726218
772	1	  0.000669	  0.000371	     -1.00	    745.19	    710.36	      4.42	      2.67	     77.31	     46.74	3.26	 6.213e-05	      5.76	0	Gaussian	317.265886	43.222698
773	1	  0.000628	  0.000504	     -1.00	    350.48	    427.23	      2.99	      2.65	     52.34	     46.30	-64.73	 2.877e-05	      5.76	0	Gaussian	314.442689	42.321155
774	1	  0.000634	  0.000471	     -1.00	     57.14	    515.50	      3.42	      2.79	     59.92	     48.86	-14.48	 2.581e-05	      5.76	0	Gaussian	312.715780	42.987544
775	1	  0.000642	  0.000397	     -1.00	    575.97	    168.73	      3.74	      3.02	     65.44	     52.92	8.84	 3.136e-05	      5.77	0	Gaussian	315.488301	40.920279
776	1	  0.000643	  0.000507	     -1.00	     56.28	    589.14	      3.00	      2.49	     52.54	     43.64	-50.19	 3.834e-05	      5.77	0	Gaussian	312.794680	43.329583
777	1	  0.000627	  0.000444	     -1.00	     95.04	    592.68	      3.62	      2.83	     63.41	     49.58	-12.08	 2.724e-05	      5.77	0	Gaussian	313.044320	43.313032
778	1	  0.000670	  0.000575	     -1.00	     36.40	    454.43	      2.77	      2.51	     48.57	     43.88	27.39	 9.649e-05	      5.77	0	Gaussian	312.516201	42.721570
779	1	  0.000633	  0.000349	     -1.00	    124.84	    283.88	      4.31	      2.83	     75.48	     49.48	-18.76	 3.616e-05	      5.78	0	Gaussian	312.875807	41.857338
780	1	  0.000650	  0.000355	     -1.00	    769.66	    420.41	      4.05	      2.88	     70.82	     50.40	-10.35	 3.466e-05	      5.79	0	Gaussian	316.997163	41.876186
781	1	  0.000662	  0.000387	     -1.00	    710.16	    468.29	      3.78	      2.78	     66.24	     48.62	-12.47	 5.899e-05	      5.80	0	Gaussian	316.703974	42.156592
782	1	  0.000660	  0.000489	     -1.00	    304.43	    204.76	      2.97	      2.47	     52.06	     43.25	-20.19	 6.995e-05	      5.80	0	Gaussian	313.887895	41.336822
783	1	  0.000653	  0.000428	     -1.00	    675.77	    231.05	      3.77	      2.51	     65.95	     43.95	-5.26	 5.505e-05	      5.81	0	Gaussian	316.170048	41.107872
784	1	  0.000640	  0.000495	     -1.00	    294.42	    262.73	      3.01	      2.40	     52.63	     41.94	-6.27	 5.638e-05	      5.81	0	Gaussian	313.895999	41.613272
785	1	  0.000636	  0.000372	     -1.00	    721.10	    140.72	      3.92	      2.80	     68.62	     49.08	9.53	 5.816e-05	      5.81	0	Gaussian	316.319424	40.649790
786	1	  0.000654	  0.000455	     -1.00	    763.50	    171.70	      3.02	      2.62	     52.90	     45.81	-22.85	 7.880e-05	      5.81	0	Gaussian	316.613821	40.748473
787	1	  0.000688	  0.000387	     -1.00	    779.77	    698.23	      3.77	      2.65	     66.07	     46.43	3.12	 1.353e-04	      5.81	0	Gaussian	317.460940	43.130063
788	1	  0.000648	  0.000498	     -1.00	    168.60	     55.76	      2.94	      2.54	     51.51	     44.39	-6.88	 4.954e-05	      5.81	0	Gaussian	312.888357	40.764358
789	1	  0.000681	  0.000456	     -1.00	    624.54	    369.60	      3.00	      2.51	     52.46	     43.85	15.70	 7.663e-05	      5.82	0	Gaussian	316.047580	41.792846
790	1	  0.000656	  0.000519	     -1.00	    628.54	    110.62	      2.87	      2.48	     50.26	     43.47	3.28	 6.214e-05	      5.82	0	Gaussian	315.727659	40.603303
791	1	  0.000634	  0.000357	     -1.00	    109.86	    536.32	      4.14	      2.73	     72.52	     47.76	-20.14	 2.572e-05	      5.82	0	Gaussian	313.072125	43.039333
792	1	  0.000641	  0.000521	     -1.00	    251.80	    512.66	      2.85	      2.59	     49.91	     45.35	23.35	 3.653e-05	      5.83	0	Gaussian	313.934827	42.805187
793	1	  0.000649	  0.000514	     -1.00	    449.81	    579.62	      2.88	      2.53	     50.48	     44.33	-13.93	 7.938e-05	      5.83	0	Gaussian	315.254434	42.928044
794	1	  0.000689	  0.000462	     -1.00	    711.49	    636.51	      2.87	      2.77	     50.26	     48.46	13.51	 1.057e-04	      5.83	0	Gaussian	316.951119	42.922429
795	1	  0.000618	  0.000418	     -1.00	    551.48	    607.77	      3.89	      2.75	     68.03	     48.05	-2.95	 2.820e-05	      5.83	0	Gaussian	315.923212	42.956530
796	1	  0.000657	  0.000576	     -1.00	    267.16	    676.49	      3.03	      2.43	     53.00	     42.55	-8.50	 3.159e-04	      5.83	0	Gaussian	314.234745	43.546920
797	1	  0.000636	  0.000377	     -1.00	    120.64	    318.77	      3.77	      2.78	     66.02	     48.64	-14.47	 4.804e-05	      5.84	0	Gaussian	312.889329	42.022507
798	1	  0.000659	  0.000399	     -1.00	    782.41	    662.24	      3.11	      2.73	     54.39	     47.76	-29.91	 6.391e-05	      5.84	0	Gaussian	317.424069	42.963516
799	1	  0.000625	  0.000376	     -1.00	    361.90	    501.38	      3.82	      2.94	     66.84	     51.39	-24.40	 3.727e-05	      5.84	0	Gaussian	314.606845	42.652094
800	1	  0.000637	  0.000433	     -1.00	    288.94	    474.59	      3.61	      2.64	     63.13	     46.13	-6.91	 7.495e-05	      5.85	0	Gaussian	314.119703	42.595875
801	1	  0.000640	  0.000455	     -1.00	    320.65	    364.27	      3.04	      2.53	     53.17	     44.22	-51.98	 9.864e-05	      5.85	0	Gaussian	314.180412	42.058216
802	1	  0.000662	  0.000304	     -1.00	    682.22	    239.37	      3.66	      3.49	     64.11	     61.14	-16.72	 7.006e-05	      5.85	0	Gaussian	316.219985	41.139428
803	1	  0.000658	  0.000451	     -1.00	    719.65	    190.94	      2.98	      2.64	     52.23	     46.27	-19.81	 5.517e-05	      5.85	0	Gaussian	316.378624	40.880597
804	1	  0.000645	  0.000266	     -1.00	      7.52	    734.04	      5.08	      3.01	     89.00	     52.62	2.99	 2.346e-05	      5.85	0	Gaussian	312.650550	44.042203
805	1	  0.000694	  0.000443	     -1.00	    370.41	    784.54	      3.51	      2.35	     61.37	     41.11	-5.01	 5.719e-05	      5.85	0	Gaussian	315.027305	43.946402
806	1	  0.000627	  0.000337	     -1.00	    154.30	    548.92	      3.81	      3.20	     66.76	     56.06	-2.61	 2.765e-05	      5.86	0	Gaussian	313.366915	43.059231
807	1	  0.000634	  0.000476	     -1.00	    318.56	     76.80	      2.91	      2.69	     51.02	     47.02	-19.65	 2.873e-05	      5.86	0	Gaussian	313.822145	40.733889
808	1	  0.000664	  0.000302	     -1.00	    369.05	    664.57	      4.46	      2.82	     78.14	     49.37	1.09	 4.231e-05	      5.86	0	Gaussian	314.861173	43.396298
809	1	  0.000643	  0.000373	     -1.00	     29.08	    175.32	      3.86	      2.79	     67.58	     48.84	-12.95	 2.728e-05	      5.87	0	Gaussian	312.164576	41.431986
810	1	  0.000643	  0.000380	     -1.00	    336.13	     94.51	      3.72	      2.86	     65.04	     50.00	3.30	 2.994e-05	      5.87	0	Gaussian	313.949370	40.800119
811	1	  0.000626	  0.000423	     -1.00	    488.41	    470.13	      3.08	      2.80	     53.88	     48.99	-27.28	 3.017e-05	      5.87	0	Gaussian	315.349027	42.387844
812	1	  0.000619	  0.000387	     -1.00	    486.87	    686.54	      3.64	      2.89	     63.63	     50.53	-18.05	 2.935e-05	      5.87	0	Gaussian	315.628445	43.382144
813	1	  0.000620	  0.000315	     -1.00	    771.21	    218.85	      4.04	      3.12	     70.72	     54.60	11.78	 2.743e-05	      5.87	0	Gaussian	316.724584	40.955669
814	1	  0.000625	  0.000323	     -1.00	    451.31	    701.66	      3.96	      3.46	     69.31	     60.56	-19.90	 2.481e-05	      5.88	0	Gaussian	315.426342	43.486748
815	1	  0.000678	  0.000370	     -1.00	    788.37	    681.38	      3.67	      2.75	     64.29	     48.17	-9.32	 1.033e-04	      5.88	0	Gaussian	317.488880	43.044083
816	1	  0.000652	  0.000499	     -1.00	    607.47	     73.63	      2.86	      2.54	     49.99	     44.48	-5.04	 5.717e-05	      5.88	0	Gaussian	315.553878	40.454221
817	1	  0.000628	  0.000375	     -1.00	    297.03	    445.92	      3.62	      3.07	     63.39	     53.76	-6.29	 3.610e-05	      5.88	0	Gaussian	314.134617	42.456272
818	1	  0.000626	  0.000426	     -1.00	    119.32	    459.67	      3.13	      2.39	     54.80	     41.87	-36.82	 3.837e-05	      5.89	0	Gaussian	313.042545	42.676297
819	1	  0.000649	  0.000476	     -1.00	     38.70	     45.79	      2.94	      2.46	     51.45	     43.12	5.16	 4.703e-05	      5.89	0	Gaussian	312.085618	40.823051
820	1	  0.000620	  0.000319	     -1.00	    615.57	    275.52	      4.10	      2.98	     71.75	     52.24	-23.64	 2.570e-05	      5.89	0	Gaussian	315.867068	41.371045
821	1	  0.000653	  0.000444	     -1.00	    654.53	    534.53	      3.02	      2.41	     52.92	     42.17	9.33	 8.134e-05	      5.89	0	Gaussian	316.456969	42.516574
822	1	  0.000629	  0.000328	     -1.00	     80.05	    210.49	      4.11	      2.97	     71.93	     51.95	11.70	 2.260e-05	      5.89	0	Gaussian	312.517193	41.554125
823	1	  0.000629	  0.000376	     -1.00	    319.96	    427.99	      3.62	      2.55	     63.43	     44.67	-23.00	 4.170e-05	      5.89	0	Gaussian	314.254739	42.352712
824	1	  0.000661	  0.000351	     -1.00	    380.01	    611.70	      3.64	      3.14	     63.75	     55.03	-25.77	 5.218e-05	      5.89	0	Gaussian	314.861221	43.142697
825	1	  0.000634	  0.000370	     -1.00	    549.51	    625.38	      3.67	      2.69	     64.29	     47.07	-7.96	 5.673e-05	      5.89	0	Gaussian	315.935098	43.039134
826	1	  0.000651	  0.000338	     -1.00	    194.93	     88.18	      3.94	      2.85	     68.97	     49.92	-17.42	 5.856e-05	      5.89	0	Gaussian	313.084884	40.892441
827	1	  0.000626	  0.000333	     -1.00	    472.01	    582.36	      3.84	      3.15	     67.20	     55.06	-7.49	 2.716e-05	      5.90	0	Gaussian	315.396038	42.918996
828	1	  0.000646	  0.000271	     -1.00	    629.86	     66.46	      5.58	      2.62	     97.62	     45.92	-11.96	 4.404e-05	      5.90	0	Gaussian	315.678022	40.399824
829	1	  0.000648	  0.000339	     -1.00	    524.52	    363.02	      3.32	      2.94	     58.03	     51.54	8.85	 3.180e-05	      5.90	0	Gaussian	315.429831	41.861161
830	1	  0.000658	  0.000176	     -1.00	    687.40	    254.24	      6.94	      3.02	    121.49	     52.84	-9.15	 5.706e-05	      5.90	0	Gaussian	316.271170	41.202233
831	1	  0.000635	  0.000379	     -1.00	    758.71	    142.60	      3.77	      2.72	     66.06	     47.65	-9.58	 4.833e-05	      5.90	0	Gaussian	316.545649	40.620575
832	1	  0.000674	  0.000244	     -1.00	    369.47	    700.43	      5.24	      2.81	     91.73	     49.26	-12.07	 3.368e-05	      5.90	0	Gaussian	314.910667	43.560781
833	1	  0.000633	  0.000395	     -1.00	     69.34	    558.08	      3.12	      2.74	     54.61	     47.91	-50.07	 5.605e-05	      5.91	0	Gaussian	312.841602	43.174648
834	1	  0.000610	  0.000433	     -1.00	    174.54	    657.97	      3.13	      2.33	     54.82	     40.84	3.92	 3.612e-05	      5.91	0	Gaussian	313.625807	43.545505
835	1	  0.000642	  0.000369	     -1.00	    304.74	    131.87	      3.73	      2.75	     65.36	     48.10	-10.84	 5.132e-05	      5.91	0	Gaussian	313.803294	41.000136
836	1	  0.000667	  0.000455	     -1.00	    146.55	    348.74	      2.95	      2.37	     51.61	     41.45	16.25	 1.029e-04	      5.91	0	Gaussian	313.084428	42.139417
837	1	  0.000695	  0.000372	     -1.00	    386.60	    754.64	      3.77	      2.44	     65.94	     42.71	-11.45	 9.057e-05	      5.91	0	Gaussian	315.090050	43.793301
838	1	  0.000633	  0.000338	     -1.00	      9.83	    399.77	      3.87	      2.87	     67.79	     50.17	-11.62	 2.767e-05	      5.91	0	Gaussian	312.288697	42.489588
839	1	  0.000628	  0.000294	     -1.00	    667.20	    606.54	      4.24	      2.76	     74.26	     48.22	-25.22	 3.611e-05	      5.92	0	Gaussian	316.635948	42.832301
840	1	  0.000646	  0.000440	     -1.00	    356.43	    258.55	      3.01	      2.40	     52.65	     41.95	-48.00	 4.874e-05	      5.92	0	Gaussian	314.270579	41.538326
841	1	  0.000635	  0.000292	     -1.00	    375.60	     49.07	      4.14	      2.91	     72.41	     50.97	-0.96	 3.306e-05	      5.93	0	Gaussian	314.133540	40.555700
842	1	  0.000665	  0.000426	     -1.00	    303.22	    195.47	      3.02	      2.32	     52.94	     40.59	34.89	 6.838e-05	      5.93	0	Gaussian	313.869430	41.294994
843	1	  0.000627	  0.000436	     -1.00	    174.56	    745.45	      3.01	      2.58	     52.69	     45.17	-3.71	 7.371e-05	      5.93	0	Gaussian	313.732923	43.949519
844	1	  0.000625	  0.000330	     -1.00	    507.57	     79.51	      4.15	      2.48	     72.66	     43.35	-5.26	 2.814e-05	      5.93	0	Gaussian	314.963925	40.575619
845	1	  0.000638	  0.000294	     -1.00	     31.04	    366.75	      4.56	      2.89	     79.89	     50.59	-5.25	 2.650e-05	      5.93	0	Gaussian	312.385047	42.319052
846	1	  0.000632	  0.000316	     -1.00	    415.02	    532.70	      4.07	      2.86	     71.19	     50.13	-12.09	 2.301e-05	      5.94	0	Gaussian	314.976893	42.745981
847	1	  0.000625	  0.000363	     -1.00	    711.50	     75.12	      3.24	      2.64	     56.79	     46.14	-53.14	 5.475e-05	      5.94	0	Gaussian	316.174589	40.359688
848	1	  0.000646	  0.000385	     -1.00	    695.97	    489.72	      3.62	      2.80	     63.29	     49.07	-3.39	 6.206e-05	      5.94	0	Gaussian	316.647603	42.269130
849	1	  0.000631	  0.000470	     -1.00	    574.69	    724.69	      2.89	      2.53	     50.67	     44.34	-20.99	 9.822e-05	      5.95	0	Gaussian	316.229214	43.467861
850	1	  0.000635	  0.000380	     -1.00	    338.03	     59.17	      3.66	      2.74	     64.11	     48.00	-4.26	 2.894e-05	      5.95	0	Gaussian	313.918972	40.635481
851	1	  0.000636	  0.000294	     -1.00	    731.05	    280.37	      3.88	      3.32	     67.89	     58.17	-33.68	 2.637e-05	      5.95	0	Gaussian	316.569006	41.277381
852	1	  0.000669	  0.000451	     -1.00	    360.70	    628.61	      2.87	      2.50	     50.26	     43.74	5.04	 8.339e-05	      5.96	0	Gaussian	314.762206	43.238819
853	1	  0.000667	  0.000434	     -1.00	    300.42	    648.90	      2.92	      2.56	     51.07	     44.80	-6.14	 1.018e-04	      5.96	0	Gaussian	314.409577	43.388928
854	1	  0.000640	  0.000348	     -1.00	    787.43	    615.52	      3.84	      2.65	     67.22	     46.35	-9.59	 4.113e-05	      5.96	0	Gaussian	317.386255	42.745604
855	1	  0.000645	  0.000388	     -1.00	    696.07	    482.77	      3.62	      2.63	     63.41	     46.02	-7.33	 6.260e-05	      5.96	0	Gaussian	316.638524	42.237312
856	1	  0.000648	  0.000369	     -1.00	    462.81	    570.64	      3.88	      2.46	     67.84	     43.14	-9.00	 7.540e-05	      5.96	0	Gaussian	315.323318	42.874195
857	1	  0.000650	  0.000383	     -1.00	     34.44	    195.27	      3.13	      2.36	     54.75	     41.35	-38.30	 3.396e-05	      5.96	0	Gaussian	312.219116	41.520323
858	1	  0.000640	  0.000423	     -1.00	     85.40	    536.52	      2.99	      2.49	     52.35	     43.65	-28.19	 4.881e-05	      5.97	0	Gaussian	312.918181	43.061150
859	1	  0.000642	  0.000338	     -1.00	    483.88	    280.17	      3.80	      2.80	     66.59	     49.05	2.18	 2.964e-05	      5.97	0	Gaussian	315.074937	41.519699
860	1	  0.000661	  0.000381	     -1.00	    643.95	     81.78	      3.34	      2.82	     58.45	     49.32	-2.10	 1.499e-04	      5.97	0	Gaussian	315.781860	40.456322
861	1	  0.000664	  0.000282	     -1.00	    620.74	    459.71	      5.23	      2.28	     91.60	     39.96	3.68	 1.342e-04	      5.97	0	Gaussian	316.146866	42.208988
862	1	  0.000700	  0.000362	     -1.00	    579.59	    407.55	      3.83	      2.17	     67.00	     37.92	-24.34	 1.921e-04	      5.97	0	Gaussian	315.824941	42.011359
863	1	  0.000650	  0.000284	     -1.00	    676.36	    434.75	      3.84	      2.94	     67.16	     51.52	-1.25	 5.207e-05	      5.98	0	Gaussian	316.451615	42.038280
864	1	  0.000657	  0.000398	     -1.00	    107.64	    661.54	      3.55	      2.48	     62.06	     43.39	-5.47	 1.125e-04	      5.98	0	Gaussian	313.205380	43.620892
865	1	  0.000653	  0.000318	     -1.00	     82.57	    150.56	      3.94	      2.61	     68.88	     45.72	6.51	 9.327e-05	      5.98	0	Gaussian	312.467004	41.274098
866	1	  0.000670	  0.000297	     -1.00	    605.24	    364.45	      3.92	      2.84	     68.62	     49.79	-3.92	 5.730e-05	      5.98	0	Gaussian	315.923366	41.788495
867	1	  0.000677	  0.000425	     -1.00	    716.37	    406.86	      2.91	      2.44	     50.85	     42.76	-9.73	 8.227e-05	      5.99	0	Gaussian	316.655736	41.869823
868	1	  0.000664	  0.000442	     -1.00	    201.47	    479.88	      2.90	      2.38	     50.73	     41.64	-4.34	 1.097e-04	      5.99	0	Gaussian	313.580532	42.698608
869	1	  0.000665	  0.000370	     -1.00	    308.22	     56.05	      3.43	      2.71	     59.97	     47.39	-2.01	 1.378e-04	      6.00	0	Gaussian	313.735253	40.647145
870	1	  0.000668	  0.000275	     -1.00	    605.71	    357.08	      4.06	      2.85	     71.07	     49.85	2.03	 5.275e-05	      6.00	0	Gaussian	315.916347	41.754268
871	1	  0.000658	  0.000174	     -1.00	     37.87	    243.16	      5.22	      2.86	     91.41	     50.13	-50.47	 3.355e-05	      6.01	0	Gaussian	312.292156	41.739869
872	1	  0.000658	  0.000300	     -1.00	    326.85	    204.26	      4.00	      2.66	     69.99	     46.61	-31.39	 6.774e-05	      6.01	0	Gaussian	314.024170	41.314603
873	1	  0.000643	  0.000422	     -1.00	     75.60	    586.34	      3.03	      2.04	     53.02	     35.68	-38.06	 3.838e-05	      6.02	0	Gaussian	312.913836	43.300272
874	1	  0.000652	  0.000388	     -1.00	    382.36	    539.07	      3.00	      2.59	     52.51	     45.40	-15.96	 4.126e-05	      6.02	0	Gaussian	314.782136	42.806356
875	1	  0.000680	  0.000349	     -1.00	    744.40	    144.55	      2.97	      2.80	     52.05	     49.08	54.32	 2.132e-04	      6.03	0	Gaussian	316.463224	40.643933
876	1	  0.000658	  0.000297	     -1.00	    632.59	    157.55	      3.89	      2.73	     68.04	     47.83	-22.11	 5.193e-05	      6.03	0	Gaussian	315.813400	40.814224
877	1	  0.000642	  0.000363	     -1.00	     80.92	    332.79	      3.37	      2.81	     58.90	     49.20	-0.26	 3.991e-05	      6.03	0	Gaussian	312.658349	42.120584
878	1	  0.000686	  0.000415	     -1.00	    323.22	    196.64	      3.10	      2.56	     54.27	     44.88	-12.67	 9.700e-05	      6.03	0	Gaussian	313.992844	41.282694
879	1	  0.000649	  0.000318	     -1.00	    300.09	     51.82	      4.46	      2.35	     78.09	     41.04	0.49	 5.731e-05	      6.03	0	Gaussian	313.681150	40.634684
880	1	  0.000663	  0.000350	     -1.00	    302.56	    267.36	      3.42	      2.48	     59.93	     43.45	-9.00	 1.681e-04	      6.04	0	Gaussian	313.951485	41.627367
881	1	  0.000680	  0.000310	     -1.00	    329.70	    651.23	      3.72	      2.74	     65.17	     47.88	-13.38	 4.851e-05	      6.04	0	Gaussian	314.596703	43.372236
882	1	  0.000651	  0.000336	     -1.00	    575.14	     31.30	      3.67	      2.77	     64.15	     48.56	-5.22	 3.290e-05	      6.04	0	Gaussian	315.306961	40.290967
883	1	  0.000646	  0.000265	     -1.00	    568.81	    551.17	      4.69	      2.80	     82.14	     48.99	-3.92	 3.858e-05	      6.04	0	Gaussian	315.953009	42.679914
884	1	  0.000670	  0.000338	     -1.00	    406.57	    123.78	      3.74	      2.48	     65.39	     43.39	-7.23	 1.784e-04	      6.04	0	Gaussian	314.410668	40.872011
885	1	  0.000655	  0.000277	     -1.00	    285.79	    187.56	      4.17	      2.56	     72.93	     44.81	-20.07	 3.865e-05	      6.04	0	Gaussian	313.753704	41.273846
886	1	  0.000681	  0.000384	     -1.00	    397.88	    764.27	      3.46	      2.45	     60.50	     42.92	-4.45	 1.179e-04	      6.05	0	Gaussian	315.174040	43.826547
887	1	  0.000645	  0.000303	     -1.00	    159.03	     63.11	      3.87	      2.94	     67.67	     51.45	-11.71	 6.682e-05	      6.05	0	Gaussian	312.838292	40.806305
888	1	  0.000707	  0.000428	     -1.00	    185.91	    486.46	      3.08	      2.45	     53.86	     42.95	6.73	 6.083e-04	      6.05	0	Gaussian	313.491052	42.742722
889	1	  0.000648	  0.000281	     -1.00	    412.66	    687.40	      3.93	      2.88	     68.86	     50.43	-11.27	 2.550e-05	      6.07	0	Gaussian	315.164936	43.459146
890	1	  0.000655	  0.000401	     -1.00	    470.60	    321.63	      3.00	      2.06	     52.50	     36.10	-23.40	 3.302e-05	      6.07	0	Gaussian	315.047041	41.722790
891	1	  0.000641	  0.000387	     -1.00	     87.43	    351.84	      3.03	      2.27	     52.97	     39.66	-5.41	 3.413e-05	      6.07	0	Gaussian	312.720269	42.203489
892	1	  0.000639	  0.000310	     -1.00	     75.37	    552.08	      3.38	      3.16	     59.14	     55.24	-16.08	 6.549e-05	      6.07	0	Gaussian	312.872773	43.141738
893	1	  0.000644	  0.000386	     -1.00	     91.21	    525.65	      3.41	      2.67	     59.75	     46.80	-16.37	 5.268e-05	      6.08	0	Gaussian	312.942212	43.005828
894	1	  0.000641	  0.000351	     -1.00	    311.92	    127.67	      3.53	      2.69	     61.72	     47.01	-7.32	 5.575e-05	      6.08	0	Gaussian	313.841892	40.974432
895	1	  0.000642	  0.000307	     -1.00	    414.72	    258.76	      3.82	      2.71	     66.91	     47.38	1.80	 2.883e-05	      6.08	0	Gaussian	314.626675	41.485958
896	1	  0.000680	  0.000441	     -1.00	    155.41	    240.41	      2.81	      2.18	     49.14	     38.07	-22.20	 2.214e-04	      6.09	0	Gaussian	313.015282	41.630322
897	1	  0.000657	  0.000267	     -1.00	    764.32	    656.21	      4.53	      2.70	     79.24	     47.30	-2.07	 5.106e-05	      6.09	0	Gaussian	317.304243	42.955691
898	1	  0.000652	  0.000291	     -1.00	    132.86	    359.21	      3.99	      2.68	     69.84	     46.98	-3.64	 1.095e-04	      6.10	0	Gaussian	313.011348	42.199527
899	1	  0.000652	  0.000287	     -1.00	    644.42	    399.66	      3.92	      2.59	     68.57	     45.35	-2.29	 4.041e-05	      6.11	0	Gaussian	316.209206	41.910360
900	1	  0.000666	  0.000249	     -1.00	    594.40	    436.34	      4.74	      2.63	     82.88	     45.95	-10.57	 5.973e-05	      6.11	0	Gaussian	315.954156	42.128499
901	1	  0.000653	  0.000224	     -1.00	    671.65	    787.09	      4.37	      2.42	     76.44	     42.31	38.12	 6.785e-05	      6.12	0	Gaussian	316.922251	43.651086
902	1	  0.000663	  0.000352	     -1.00	    780.10	    653.64	      3.38	      2.64	     59.20	     46.19	-10.37	 7.992e-05	      6.12	0	Gaussian	317.397294	42.926907
903	1	  0.000662	  0.000184	     -1.00	    420.55	    327.77	      4.85	      3.84	     84.81	     67.27	-84.36	 4.239e-05	      6.13	0	Gaussian	314.748898	41.798156
904	1	  0.000696	  0.000472	     -1.00	    712.16	    311.03	      3.13	      2.15	     54.84	     37.58	-4.06	 1.377e-04	      6.13	0	Gaussian	316.497587	41.436603
905	1	  0.000681	  0.000302	     -1.00	    733.74	    724.20	      3.87	      2.86	     67.70	     50.07	-52.90	 1.549e-04	      6.14	0	Gaussian	317.215490	43.298050
906	1	  0.000640	  0.000300	     -1.00	    260.57	    631.27	      3.59	      2.67	     62.79	     46.80	71.08	 1.091e-04	      6.15	0	Gaussian	314.136466	43.344507
907	1	  0.000690	  0.000237	     -1.00	    534.77	    571.69	      5.50	      2.05	     96.22	     35.89	-9.06	 4.219e-04	      6.15	0	Gaussian	315.770660	42.808022
908	1	  0.000620	  0.000307	     -1.00	    206.47	    220.27	      3.28	      2.30	     57.43	     40.34	-77.73	 3.335e-05	      6.15	0	Gaussian	313.306282	41.493733
909	1	  0.000665	  0.000234	     -1.00	    680.11	    249.48	      5.21	      2.48	     91.15	     43.48	-79.38	 5.793e-05	      6.16	0	Gaussian	316.220950	41.187783
910	1	  0.000656	  0.000241	     -1.00	    631.35	     72.51	      3.52	      3.14	     61.61	     55.04	14.82	 5.469e-05	      6.16	0	Gaussian	315.694745	40.426079
911	1	  0.000630	  0.000310	     -1.00	    344.44	    737.68	      3.23	      2.14	     56.48	     37.48	-39.16	 3.461e-05	      6.16	0	Gaussian	314.801426	43.756042
912	1	  0.000676	  0.000491	     -1.00	    324.82	    187.03	      2.74	      2.16	     47.93	     37.88	-28.86	 8.673e-05	      6.17	0	Gaussian	313.991072	41.236903
913	1	  0.000672	  0.000394	     -1.00	     94.43	    783.20	      2.85	      2.22	     49.94	     38.84	-38.30	 1.378e-04	      6.18	0	Gaussian	313.266322	44.195074
914	1	  0.000660	  0.000371	     -1.00	    146.44	    279.78	      2.89	      2.36	     50.52	     41.27	-18.48	 1.054e-04	      6.19	0	Gaussian	313.004788	41.820189
915	1	  0.000655	  0.000253	     -1.00	    345.89	    161.20	      3.87	      2.91	     67.73	     50.88	-25.22	 9.057e-05	      6.20	0	Gaussian	314.088288	41.099008
916	1	  0.000665	  0.000288	     -1.00	    434.29	    331.28	      3.77	      2.55	     65.93	     44.62	-4.51	 9.547e-05	      6.20	0	Gaussian	314.837452	41.801430
917	1	  0.000675	  0.000225	     -1.00	    478.64	    332.48	      4.68	      2.63	     81.93	     46.09	-11.51	 8.594e-05	      6.21	0	Gaussian	315.110093	41.765040
918	1	  0.000655	  0.000287	     -1.00	    394.12	    196.07	      3.68	      2.80	     64.48	     49.06	-18.42	 3.675e-05	      6.21	0	Gaussian	314.423764	41.216239
919	1	  0.000684	  0.000325	     -1.00	    750.76	     70.62	      4.01	      2.23	     70.15	     39.09	17.30	 1.587e-04	      6.22	0	Gaussian	316.401123	40.300129
920	1	  0.000662	  0.000244	     -1.00	    627.83	    146.42	      3.87	      2.80	     67.79	     49.02	-15.81	 4.985e-05	      6.23	0	Gaussian	315.770267	40.767915
921	1	  0.000657	  0.000308	     -1.00	    705.11	    706.68	      3.19	      2.79	     55.82	     48.86	-10.59	 4.870e-05	      6.23	0	Gaussian	317.013122	43.248986
922	1	  0.000650	  0.000255	     -1.00	     45.42	    437.40	      3.97	      2.41	     69.44	     42.27	-22.09	 3.382e-05	      6.25	0	Gaussian	312.553761	42.635086
923	1	  0.000710	  0.000379	     -1.00	    638.62	    497.26	      3.35	      2.07	     58.63	     36.28	8.44	 2.668e-04	      6.25	0	Gaussian	316.307804	42.362571
924	1	  0.000664	  0.000223	     -1.00	     86.84	     18.88	      4.61	      2.52	     80.72	     44.14	-7.51	 7.209e-05	      6.25	0	Gaussian	312.350539	40.660014
925	1	  0.000662	  0.000232	     -1.00	    709.83	    382.53	      4.17	      2.41	     72.90	     42.17	8.29	 4.141e-05	      6.26	0	Gaussian	316.582290	41.765498
926	1	  0.000656	  0.000322	     -1.00	    659.60	    255.73	      3.00	      2.28	     52.42	     39.92	-65.77	 5.735e-05	      6.26	0	Gaussian	316.106066	41.236816
927	1	  0.000671	  0.000371	     -1.00	    234.57	    346.73	      2.78	      2.32	     48.71	     40.67	-29.15	 1.012e-04	      6.27	0	Gaussian	313.627630	42.054080
928	1	  0.000695	  0.000282	     -1.00	    366.78	    749.20	      4.10	      2.81	     71.69	     49.10	0.26	 4.969e-05	      6.31	0	Gaussian	314.957666	43.787501
929	1	  0.000673	  0.000243	     -1.00	    670.37	    663.60	      4.44	      2.34	     77.69	     40.94	-15.72	 1.416e-04	      6.32	0	Gaussian	316.736559	43.089391
930	1	  0.000682	  0.000336	     -1.00	    622.06	    443.40	      3.06	      2.42	     53.60	     42.44	-24.59	 8.854e-05	      6.35	0	Gaussian	316.132659	42.133021
931	1	  0.000660	  0.000304	     -1.00	    487.46	     74.47	      2.95	      2.27	     51.61	     39.66	-36.03	 2.112e-04	      6.36	0	Gaussian	314.837025	40.571096
932	1	  0.000690	  0.000307	     -1.00	    708.27	    645.47	      3.26	      2.36	     57.14	     41.29	-18.54	 1.093e-04	      6.40	0	Gaussian	316.944215	42.966687
933	1	  0.000697	  0.000192	     -1.00	    750.69	    779.01	      3.18	      2.22	     55.67	     38.82	45.88	 2.750e-04	      6.53	0	Gaussian	317.401112	43.529016
934	1	  0.000665	  0.000231	     -1.00	    623.93	     97.88	      4.18	      2.66	     73.15	     46.52	49.18	 1.000e-04	      6.54	0	Gaussian	315.683506	40.549429
935	1	  0.000684	  0.000261	     -1.00	    568.42	    459.26	      2.86	      2.27	     50.02	     39.72	-76.95	 9.887e-05	      6.55	0	Gaussian	315.826135	42.259345
936	1	  0.000691	  0.000346	     -1.00	    681.16	    315.70	      1.62	      1.35	     28.30	     23.56	31.18	 1.812e-04	      6.86	0	Gaussian	316.317161	41.489403
937	1	  0.000682	  0.000244	     -1.00	    644.05	    646.65	      2.60	      1.60	     45.52	     28.04	-63.43	 7.526e-05	      7.04	0	Gaussian	316.549899	43.039519
938	1	  0.000715	  0.000380	     -1.00	    742.76	    748.44	      3.13	      2.73	     54.84	     47.76	50.20	 2.510e-04	      7.41	0	Gaussian	317.306868	43.398630
939	1	  0.000686	  0.000150	     -1.00	    745.32	    702.53	      2.32	      1.38	     40.54	     24.16	-49.49	 9.476e-05	      7.42	0	Gaussian	317.255183	43.186944
940	1	  0.000705	  0.000211	     -1.00	    374.93	    740.00	      2.81	      2.58	     49.10	     45.15	-18.35	 4.699e-05	      8.42	0	Gaussian	314.997006	43.737395
941	1	  0.000756	  0.000377	     -1.00	    766.03	    724.12	      1.37	      1.01	     23.92	     17.70	-18.75	 4.564e-04	    999.00	0	Gaussian	317.414598	43.262721
942	1	  0.000863	  0.000251	     -1.00	    382.31	    632.44	      3.04	      2.66	     53.20	     46.48	1.38	 1.521e-03	    999.00	0	Gaussian	314.902547	43.235835
