{
 "method": "quadrant crops of DSC_7568/69/70 (CFA, matching frame-QA) as 3-frame sequences through register -2pass; regdata FWHM/roundness/bg/nstars per frame per quadrant",
 "quadrants": {
  "TL": {
   "DSC_7568": {
    "fwhm": 3.93392,
    "wfwhm": 3.93392,
    "round": 0.609183,
    "bg": 1134.46,
    "n": 864
   },
   "DSC_7569": {
    "fwhm": 4.03692,
    "wfwhm": 4.12103,
    "round": 0.59391,
    "bg": 1134.3,
    "n": 855
   },
   "DSC_7570": {
    "fwhm": 3.95339,
    "wfwhm": 3.94424,
    "round": 0.604622,
    "bg": 1133.73,
    "n": 865
   }
  },
  "TR": {
   "DSC_7568": {
    "fwhm": 3.75217,
    "wfwhm": 3.75217,
    "round": 0.594884,
    "bg": 1147.65,
    "n": 701
   },
   "DSC_7569": {
    "fwhm": 3.91478,
    "wfwhm": 4.24986,
    "round": 0.575751,
    "bg": 1146.65,
    "n": 671
   },
   "DSC_7570": {
    "fwhm": 3.78341,
    "wfwhm": 4.12883,
    "round": 0.585154,
    "bg": 1146.12,
    "n": 669
   }
  },
  "BL": {
   "DSC_7568": {
    "fwhm": 3.51836,
    "wfwhm": 3.51836,
    "round": 0.621893,
    "bg": 1137.04,
    "n": 636
   },
   "DSC_7569": {
    "fwhm": 3.61379,
    "wfwhm": 3.59106,
    "round": 0.613168,
    "bg": 1137.3,
    "n": 638
   },
   "DSC_7570": {
    "fwhm": 3.53042,
    "wfwhm": 3.60813,
    "round": 0.617674,
    "bg": 1136.98,
    "n": 629
   }
  },
  "BR": {
   "DSC_7568": {
    "fwhm": 3.38893,
    "wfwhm": 3.38893,
    "round": 0.639738,
    "bg": 1145.02,
    "n": 639
   },
   "DSC_7569": {
    "fwhm": 3.51847,
    "wfwhm": 3.57353,
    "round": 0.621466,
    "bg": 1144.43,
    "n": 634
   },
   "DSC_7570": {
    "fwhm": 3.41169,
    "wfwhm": 3.41169,
    "round": 0.637383,
    "bg": 1144.24,
    "n": 639
   }
  }
 },
 "deltas": {
  "TL": {
   "fwhm_pct": 2.36,
   "round_delta": -0.013,
   "nstars_pct": -1.1
  },
  "TR": {
   "fwhm_pct": 3.9,
   "round_delta": -0.0143,
   "nstars_pct": -2.0
  },
  "BL": {
   "fwhm_pct": 2.54,
   "round_delta": -0.0066,
   "nstars_pct": 0.9
  },
  "BR": {
   "fwhm_pct": 3.47,
   "round_delta": -0.0171,
   "nstars_pct": -0.8
  }
 }
}