# 675 stars found using the following parameters:
# sigma=0.50 roundness=0.05 radius=5 relax=1 profile=0 minbeta=1.5 max_stars=0 layer=0 minA=0.00 maxA=0.00 maxR=1.00
# star#	layer	B	A	beta	X	Y	FWHMx [px]	FWHMy [px]	FWHMx ["]	FWHMy ["]	angle	RMSE	mag	Sat	Profile	RA	Dec
1	0	296.142036	49740.370754	     -1.00	   1336.44	    156.12	      2.23	      2.21	     -1.00	     -1.00	0.56	 1.097e+02	    -13.61	1	Gaussian	9990000000.000000	9990000000.000000
2	0	299.613459	46620.644737	     -1.00	   1091.57	   1085.07	      2.23	      2.21	     -1.00	     -1.00	21.68	 9.192e+01	    -13.54	1	Gaussian	9990000000.000000	9990000000.000000
3	0	297.393504	46743.779101	     -1.00	    960.38	   1319.01	      2.23	      2.20	     -1.00	     -1.00	-6.42	 1.020e+02	    -13.54	1	Gaussian	9990000000.000000	9990000000.000000
4	0	299.235368	46741.520937	     -1.00	    100.28	   1241.18	      2.22	      2.21	     -1.00	     -1.00	-25.84	 9.180e+01	    -13.54	1	Gaussian	9990000000.000000	9990000000.000000
5	0	298.090818	46564.498517	     -1.00	   1123.56	    687.22	      2.23	      2.21	     -1.00	     -1.00	-4.34	 8.667e+01	    -13.54	1	Gaussian	9990000000.000000	9990000000.000000
6	0	298.206875	46222.012311	     -1.00	    926.27	    489.13	      2.23	      2.22	     -1.00	     -1.00	-3.09	 8.889e+01	    -13.53	1	Gaussian	9990000000.000000	9990000000.000000
7	0	754.201066	47874.754650	     -1.00	    253.46	    365.12	      2.20	      2.17	     -1.00	     -1.00	0.12	 2.589e+03	    -13.53	1	Gaussian	9990000000.000000	9990000000.000000
8	0	391.029186	46571.280891	     -1.00	   1005.50	    555.05	      2.22	      2.20	     -1.00	     -1.00	5.92	 6.305e+02	    -13.53	1	Gaussian	9990000000.000000	9990000000.000000
9	0	296.782441	45539.595597	     -1.00	   1144.71	   1138.15	      2.23	      2.22	     -1.00	     -1.00	24.19	 8.561e+01	    -13.52	1	Gaussian	9990000000.000000	9990000000.000000
10	0	298.386778	45658.577515	     -1.00	    255.70	    742.11	      2.22	      2.22	     -1.00	     -1.00	-15.03	 7.278e+01	    -13.52	1	Gaussian	9990000000.000000	9990000000.000000
11	0	298.735341	45052.176222	     -1.00	    370.60	   1102.02	      2.23	      2.21	     -1.00	     -1.00	3.73	 8.550e+01	    -13.50	0	Gaussian	9990000000.000000	9990000000.000000
12	0	297.570470	44946.424310	     -1.00	   1065.57	    332.07	      2.24	      2.21	     -1.00	     -1.00	-19.78	 8.825e+01	    -13.50	0	Gaussian	9990000000.000000	9990000000.000000
13	0	299.294891	44578.137743	     -1.00	    383.73	    784.06	      2.23	      2.21	     -1.00	     -1.00	15.71	 7.122e+01	    -13.49	0	Gaussian	9990000000.000000	9990000000.000000
14	0	297.096517	44328.541120	     -1.00	    654.55	    210.09	      2.23	      2.21	     -1.00	     -1.00	12.07	 8.246e+01	    -13.48	0	Gaussian	9990000000.000000	9990000000.000000
15	0	297.772670	43924.641358	     -1.00	   1318.39	   1129.07	      2.23	      2.22	     -1.00	     -1.00	-0.96	 9.127e+01	    -13.48	0	Gaussian	9990000000.000000	9990000000.000000
16	0	300.291102	44287.261988	     -1.00	    564.57	    488.98	      2.23	      2.20	     -1.00	     -1.00	5.46	 8.924e+01	    -13.48	0	Gaussian	9990000000.000000	9990000000.000000
17	0	297.389468	44076.960196	     -1.00	   1014.17	   1240.12	      2.22	      2.22	     -1.00	     -1.00	-3.13	 8.335e+01	    -13.47	0	Gaussian	9990000000.000000	9990000000.000000
18	0	487.789113	44752.132150	     -1.00	    742.21	    399.20	      2.20	      2.19	     -1.00	     -1.00	48.55	 8.802e+02	    -13.47	0	Gaussian	9990000000.000000	9990000000.000000
19	0	697.491078	41921.938984	     -1.00	    773.69	   1330.21	      2.37	      2.17	     -1.00	     -1.00	15.58	 2.439e+03	    -13.47	0	Gaussian	9990000000.000000	9990000000.000000
20	0	299.955651	43623.014109	     -1.00	    480.71	    841.07	      2.23	      2.22	     -1.00	     -1.00	-40.82	 6.851e+01	    -13.47	0	Gaussian	9990000000.000000	9990000000.000000
21	0	300.239606	43440.257951	     -1.00	    787.44	    918.61	      2.23	      2.20	     -1.00	     -1.00	-0.82	 8.484e+01	    -13.46	0	Gaussian	9990000000.000000	9990000000.000000
22	0	297.497367	42888.049967	     -1.00	    662.40	   1227.32	      2.23	      2.21	     -1.00	     -1.00	10.81	 8.879e+01	    -13.45	0	Gaussian	9990000000.000000	9990000000.000000
23	0	297.610716	42611.792115	     -1.00	   1192.43	    461.42	      2.24	      2.22	     -1.00	     -1.00	7.81	 8.592e+01	    -13.45	0	Gaussian	9990000000.000000	9990000000.000000
24	0	300.140487	43015.313816	     -1.00	    886.86	    254.02	      2.22	      2.21	     -1.00	     -1.00	-3.23	 5.695e+01	    -13.45	0	Gaussian	9990000000.000000	9990000000.000000
25	0	299.621076	42787.301904	     -1.00	    395.56	    943.65	      2.23	      2.21	     -1.00	     -1.00	4.85	 7.751e+01	    -13.44	0	Gaussian	9990000000.000000	9990000000.000000
26	0	300.247969	42733.883438	     -1.00	    726.87	   1234.25	      2.22	      2.21	     -1.00	     -1.00	72.71	 5.352e+01	    -13.44	0	Gaussian	9990000000.000000	9990000000.000000
27	0	427.646256	42852.638516	     -1.00	    229.32	    121.08	      2.21	      2.21	     -1.00	     -1.00	49.02	 9.925e+02	    -13.43	0	Gaussian	9990000000.000000	9990000000.000000
28	0	299.017820	42796.384769	     -1.00	    937.73	    756.23	      2.22	      2.20	     -1.00	     -1.00	-0.62	 7.127e+01	    -13.43	0	Gaussian	9990000000.000000	9990000000.000000
29	0	303.483882	42089.619706	     -1.00	    660.78	    793.14	      2.23	      2.22	     -1.00	     -1.00	-14.54	 8.083e+01	    -13.43	0	Gaussian	9990000000.000000	9990000000.000000
30	0	298.798319	42002.231679	     -1.00	    772.37	    534.21	      2.23	      2.22	     -1.00	     -1.00	-4.71	 8.995e+01	    -13.43	0	Gaussian	9990000000.000000	9990000000.000000
31	0	300.473052	42306.408733	     -1.00	    545.29	   1333.93	      2.23	      2.20	     -1.00	     -1.00	-0.20	 8.334e+01	    -13.43	0	Gaussian	9990000000.000000	9990000000.000000
32	0	550.225113	42877.916742	     -1.00	    325.35	    696.17	      2.20	      2.19	     -1.00	     -1.00	13.72	 1.796e+03	    -13.43	0	Gaussian	9990000000.000000	9990000000.000000
33	0	298.773552	41873.120779	     -1.00	    470.47	    359.92	      2.23	      2.20	     -1.00	     -1.00	5.73	 8.576e+01	    -13.42	0	Gaussian	9990000000.000000	9990000000.000000
34	0	296.977177	41744.723652	     -1.00	   1328.65	   1043.06	      2.22	      2.21	     -1.00	     -1.00	-28.72	 7.293e+01	    -13.42	0	Gaussian	9990000000.000000	9990000000.000000
35	0	300.728369	41790.247184	     -1.00	    172.79	    938.30	      2.22	      2.21	     -1.00	     -1.00	-4.90	 6.257e+01	    -13.42	0	Gaussian	9990000000.000000	9990000000.000000
36	0	298.429471	41995.011187	     -1.00	   1191.28	    236.78	      2.22	      2.20	     -1.00	     -1.00	8.33	 7.959e+01	    -13.42	0	Gaussian	9990000000.000000	9990000000.000000
37	0	297.135728	41623.442263	     -1.00	   1332.30	    284.76	      2.23	      2.21	     -1.00	     -1.00	-0.80	 7.967e+01	    -13.42	0	Gaussian	9990000000.000000	9990000000.000000
38	0	297.984465	41441.180683	     -1.00	    773.58	    735.67	      2.23	      2.21	     -1.00	     -1.00	-3.41	 7.574e+01	    -13.41	0	Gaussian	9990000000.000000	9990000000.000000
39	0	297.724350	41452.118954	     -1.00	   1215.22	    807.47	      2.23	      2.21	     -1.00	     -1.00	-8.79	 7.343e+01	    -13.41	0	Gaussian	9990000000.000000	9990000000.000000
40	0	298.652176	41474.199129	     -1.00	    502.41	    828.84	      2.23	      2.21	     -1.00	     -1.00	2.93	 8.330e+01	    -13.41	0	Gaussian	9990000000.000000	9990000000.000000
41	0	300.680891	41842.185906	     -1.00	   1103.81	   1112.98	      2.21	      2.21	     -1.00	     -1.00	-72.13	 5.667e+01	    -13.41	0	Gaussian	9990000000.000000	9990000000.000000
42	0	298.154439	41394.614773	     -1.00	    621.53	    342.97	      2.23	      2.21	     -1.00	     -1.00	5.10	 8.185e+01	    -13.41	0	Gaussian	9990000000.000000	9990000000.000000
43	0	298.183876	41187.748304	     -1.00	   1013.36	    438.66	      2.23	      2.21	     -1.00	     -1.00	2.28	 8.025e+01	    -13.41	0	Gaussian	9990000000.000000	9990000000.000000
44	0	340.527256	41568.029782	     -1.00	    898.25	    785.82	      2.22	      2.20	     -1.00	     -1.00	1.75	 3.283e+02	    -13.40	0	Gaussian	9990000000.000000	9990000000.000000
45	0	300.976986	41377.424692	     -1.00	   1031.91	    329.17	      2.22	      2.21	     -1.00	     -1.00	-5.44	 6.690e+01	    -13.40	0	Gaussian	9990000000.000000	9990000000.000000
46	0	302.543417	41023.220332	     -1.00	    792.43	    250.48	      2.23	      2.21	     -1.00	     -1.00	-14.18	 9.575e+01	    -13.40	0	Gaussian	9990000000.000000	9990000000.000000
47	0	427.694540	41709.550910	     -1.00	   1254.22	    614.01	      2.21	      2.19	     -1.00	     -1.00	-0.84	 8.163e+02	    -13.40	0	Gaussian	9990000000.000000	9990000000.000000
48	0	298.848053	41189.975470	     -1.00	    767.58	    385.65	      2.23	      2.20	     -1.00	     -1.00	-1.29	 7.678e+01	    -13.40	0	Gaussian	9990000000.000000	9990000000.000000
49	0	298.287146	40999.609631	     -1.00	    479.38	    292.38	      2.22	      2.21	     -1.00	     -1.00	-24.76	 8.658e+01	    -13.40	0	Gaussian	9990000000.000000	9990000000.000000
50	0	300.008556	40985.130214	     -1.00	     82.87	    746.95	      2.22	      2.21	     -1.00	     -1.00	15.27	 5.296e+01	    -13.40	0	Gaussian	9990000000.000000	9990000000.000000
51	0	295.849278	40709.902818	     -1.00	   1056.57	    516.43	      2.23	      2.21	     -1.00	     -1.00	7.40	 7.608e+01	    -13.39	0	Gaussian	9990000000.000000	9990000000.000000
52	0	297.172770	40579.981826	     -1.00	    325.42	     88.26	      2.23	      2.22	     -1.00	     -1.00	12.30	 8.734e+01	    -13.39	0	Gaussian	9990000000.000000	9990000000.000000
53	0	300.353527	40547.942068	     -1.00	    157.01	    729.29	      2.22	      2.22	     -1.00	     -1.00	20.30	 6.802e+01	    -13.39	0	Gaussian	9990000000.000000	9990000000.000000
54	0	301.695287	41037.096922	     -1.00	    395.08	   1013.77	      2.22	      2.20	     -1.00	     -1.00	-2.00	 5.612e+01	    -13.39	0	Gaussian	9990000000.000000	9990000000.000000
55	0	297.401195	40342.585993	     -1.00	   1271.41	   1264.14	      2.23	      2.22	     -1.00	     -1.00	7.06	 8.465e+01	    -13.39	0	Gaussian	9990000000.000000	9990000000.000000
56	0	296.424074	40605.380632	     -1.00	   1056.55	    862.48	      2.22	      2.21	     -1.00	     -1.00	18.31	 7.478e+01	    -13.39	0	Gaussian	9990000000.000000	9990000000.000000
57	0	298.558549	40600.909898	     -1.00	   1150.08	     93.23	      2.22	      2.21	     -1.00	     -1.00	38.88	 5.807e+01	    -13.39	0	Gaussian	9990000000.000000	9990000000.000000
58	0	298.869767	40470.865794	     -1.00	    390.27	   1155.80	      2.22	      2.22	     -1.00	     -1.00	-31.34	 7.339e+01	    -13.38	0	Gaussian	9990000000.000000	9990000000.000000
59	0	298.677571	40578.086011	     -1.00	    456.22	    256.27	      2.22	      2.21	     -1.00	     -1.00	83.72	 8.148e+01	    -13.38	0	Gaussian	9990000000.000000	9990000000.000000
60	0	297.808002	40336.388308	     -1.00	    297.45	    957.08	      2.23	      2.21	     -1.00	     -1.00	18.15	 8.892e+01	    -13.38	0	Gaussian	9990000000.000000	9990000000.000000
61	0	297.726704	40040.654334	     -1.00	    178.36	    167.47	      2.23	      2.21	     -1.00	     -1.00	9.70	 7.792e+01	    -13.38	0	Gaussian	9990000000.000000	9990000000.000000
62	0	301.663693	40360.845477	     -1.00	    289.27	    603.89	      2.22	      2.20	     -1.00	     -1.00	5.73	 7.628e+01	    -13.37	0	Gaussian	9990000000.000000	9990000000.000000
63	0	297.638754	39977.194008	     -1.00	   1284.63	   1180.85	      2.24	      2.20	     -1.00	     -1.00	-3.85	 7.589e+01	    -13.37	0	Gaussian	9990000000.000000	9990000000.000000
64	0	298.229233	39861.466766	     -1.00	     95.57	    930.62	      2.23	      2.20	     -1.00	     -1.00	6.87	 7.585e+01	    -13.36	0	Gaussian	9990000000.000000	9990000000.000000
65	0	299.507797	39887.838281	     -1.00	    711.72	    288.86	      2.22	      2.21	     -1.00	     -1.00	-6.63	 6.532e+01	    -13.36	0	Gaussian	9990000000.000000	9990000000.000000
66	0	298.938552	39935.438353	     -1.00	    597.99	    407.16	      2.22	      2.21	     -1.00	     -1.00	16.28	 5.204e+01	    -13.36	0	Gaussian	9990000000.000000	9990000000.000000
67	0	299.025172	39488.338211	     -1.00	   1099.30	    685.53	      2.23	      2.22	     -1.00	     -1.00	24.12	 7.608e+01	    -13.36	0	Gaussian	9990000000.000000	9990000000.000000
68	0	299.943814	39778.782885	     -1.00	    601.87	    782.07	      2.22	      2.21	     -1.00	     -1.00	0.29	 5.242e+01	    -13.36	0	Gaussian	9990000000.000000	9990000000.000000
69	0	297.484821	39438.673584	     -1.00	   1095.19	    214.40	      2.23	      2.22	     -1.00	     -1.00	10.17	 6.782e+01	    -13.36	0	Gaussian	9990000000.000000	9990000000.000000
70	0	296.404438	39604.841522	     -1.00	    392.51	    744.77	      2.23	      2.20	     -1.00	     -1.00	6.73	 8.241e+01	    -13.36	0	Gaussian	9990000000.000000	9990000000.000000
71	0	299.043396	39601.023619	     -1.00	    610.80	    283.37	      2.22	      2.21	     -1.00	     -1.00	14.78	 5.553e+01	    -13.36	0	Gaussian	9990000000.000000	9990000000.000000
72	0	297.875250	39523.756071	     -1.00	   1090.52	    314.54	      2.23	      2.21	     -1.00	     -1.00	1.59	 7.728e+01	    -13.36	0	Gaussian	9990000000.000000	9990000000.000000
73	0	298.884886	39461.959383	     -1.00	    939.18	    155.63	      2.22	      2.21	     -1.00	     -1.00	26.56	 6.358e+01	    -13.35	0	Gaussian	9990000000.000000	9990000000.000000
74	0	299.235918	39385.998610	     -1.00	    780.71	    774.93	      2.22	      2.21	     -1.00	     -1.00	28.91	 5.734e+01	    -13.35	0	Gaussian	9990000000.000000	9990000000.000000
75	0	302.284557	39272.566269	     -1.00	    293.45	    171.88	      2.23	      2.21	     -1.00	     -1.00	19.62	 8.983e+01	    -13.35	0	Gaussian	9990000000.000000	9990000000.000000
76	0	593.420807	40627.481432	     -1.00	    559.13	    760.67	      2.19	      2.17	     -1.00	     -1.00	10.07	 1.723e+03	    -13.35	0	Gaussian	9990000000.000000	9990000000.000000
77	0	299.629771	39537.477163	     -1.00	    117.84	    316.25	      2.22	      2.20	     -1.00	     -1.00	18.90	 5.381e+01	    -13.35	0	Gaussian	9990000000.000000	9990000000.000000
78	0	303.495012	39759.203422	     -1.00	    935.07	    168.93	      2.20	      2.20	     -1.00	     -1.00	-43.45	 5.884e+01	    -13.35	0	Gaussian	9990000000.000000	9990000000.000000
79	0	299.949003	39184.656234	     -1.00	    924.87	    789.04	      2.22	      2.22	     -1.00	     -1.00	-46.87	 4.783e+01	    -13.35	0	Gaussian	9990000000.000000	9990000000.000000
80	0	296.669901	38914.798263	     -1.00	    782.54	    709.51	      2.22	      2.22	     -1.00	     -1.00	6.53	 7.802e+01	    -13.34	0	Gaussian	9990000000.000000	9990000000.000000
81	0	299.459852	38754.390129	     -1.00	    407.17	   1040.28	      2.23	      2.21	     -1.00	     -1.00	20.28	 6.366e+01	    -13.34	0	Gaussian	9990000000.000000	9990000000.000000
82	0	300.586748	38758.027340	     -1.00	    229.60	    210.07	      2.22	      2.20	     -1.00	     -1.00	4.78	 7.359e+01	    -13.33	0	Gaussian	9990000000.000000	9990000000.000000
83	0	298.905679	38392.392745	     -1.00	    470.59	   1127.83	      2.23	      2.21	     -1.00	     -1.00	7.82	 7.305e+01	    -13.33	0	Gaussian	9990000000.000000	9990000000.000000
84	0	297.697342	38376.145235	     -1.00	   1128.20	    848.68	      2.23	      2.22	     -1.00	     -1.00	18.33	 6.193e+01	    -13.33	0	Gaussian	9990000000.000000	9990000000.000000
85	0	298.912815	38678.393852	     -1.00	    468.88	    555.57	      2.22	      2.21	     -1.00	     -1.00	-74.63	 4.281e+01	    -13.33	0	Gaussian	9990000000.000000	9990000000.000000
86	0	302.240239	38792.365786	     -1.00	    790.80	    864.81	      2.21	      2.20	     -1.00	     -1.00	43.90	 5.196e+01	    -13.33	0	Gaussian	9990000000.000000	9990000000.000000
87	0	299.741474	38274.475080	     -1.00	    677.34	    686.24	      2.23	      2.21	     -1.00	     -1.00	-9.07	 7.723e+01	    -13.33	0	Gaussian	9990000000.000000	9990000000.000000
88	0	1100.867681	41425.151229	     -1.00	    811.77	    943.99	      2.14	      2.13	     -1.00	     -1.00	-19.70	 3.950e+03	    -13.32	0	Gaussian	9990000000.000000	9990000000.000000
89	0	301.166413	38439.943144	     -1.00	    767.81	   1034.66	      2.22	      2.21	     -1.00	     -1.00	-6.73	 5.158e+01	    -13.32	0	Gaussian	9990000000.000000	9990000000.000000
90	0	300.269248	38454.454164	     -1.00	    281.70	    886.82	      2.22	      2.20	     -1.00	     -1.00	-1.62	 6.138e+01	    -13.32	0	Gaussian	9990000000.000000	9990000000.000000
91	0	299.160667	38206.936444	     -1.00	   1302.81	    295.28	      2.22	      2.22	     -1.00	     -1.00	-31.02	 5.158e+01	    -13.32	0	Gaussian	9990000000.000000	9990000000.000000
92	0	302.484598	38394.442700	     -1.00	    115.93	   1107.59	      2.22	      2.19	     -1.00	     -1.00	12.53	 4.287e+01	    -13.31	0	Gaussian	9990000000.000000	9990000000.000000
93	0	298.859691	37770.884782	     -1.00	     71.25	    931.62	      2.23	      2.21	     -1.00	     -1.00	-16.72	 6.892e+01	    -13.31	0	Gaussian	9990000000.000000	9990000000.000000
94	0	300.714218	37822.182328	     -1.00	   1287.70	     98.47	      2.22	      2.21	     -1.00	     -1.00	14.46	 6.405e+01	    -13.31	0	Gaussian	9990000000.000000	9990000000.000000
95	0	301.281752	38039.403007	     -1.00	    451.06	    747.72	      2.21	      2.21	     -1.00	     -1.00	-26.96	 4.898e+01	    -13.31	0	Gaussian	9990000000.000000	9990000000.000000
96	0	298.663288	37758.370572	     -1.00	    439.19	   1246.41	      2.22	      2.21	     -1.00	     -1.00	-13.02	 6.424e+01	    -13.31	0	Gaussian	9990000000.000000	9990000000.000000
97	0	298.071747	37610.983946	     -1.00	   1294.31	    815.82	      2.23	      2.21	     -1.00	     -1.00	1.48	 7.123e+01	    -13.31	0	Gaussian	9990000000.000000	9990000000.000000
98	0	949.814525	34895.795062	     -1.00	    888.16	    327.55	      2.48	      2.14	     -1.00	     -1.00	-63.91	 2.793e+03	    -13.31	0	Gaussian	9990000000.000000	9990000000.000000
99	0	300.001633	38086.745403	     -1.00	    653.95	    555.02	      2.21	      2.20	     -1.00	     -1.00	21.86	 4.830e+01	    -13.31	0	Gaussian	9990000000.000000	9990000000.000000
100	0	298.486265	37633.302098	     -1.00	    492.03	    809.23	      2.22	      2.21	     -1.00	     -1.00	80.14	 4.799e+01	    -13.30	0	Gaussian	9990000000.000000	9990000000.000000
101	0	297.111681	37433.518764	     -1.00	    186.56	   1083.33	      2.23	      2.21	     -1.00	     -1.00	3.84	 7.626e+01	    -13.30	0	Gaussian	9990000000.000000	9990000000.000000
102	0	298.700913	37276.910437	     -1.00	    208.42	    725.35	      2.23	      2.21	     -1.00	     -1.00	-8.09	 7.368e+01	    -13.30	0	Gaussian	9990000000.000000	9990000000.000000
103	0	296.909048	37300.971623	     -1.00	    414.54	   1065.58	      2.23	      2.21	     -1.00	     -1.00	-14.27	 7.097e+01	    -13.30	0	Gaussian	9990000000.000000	9990000000.000000
104	0	297.787151	37464.597492	     -1.00	   1011.74	    588.60	      2.22	      2.21	     -1.00	     -1.00	-13.07	 5.760e+01	    -13.29	0	Gaussian	9990000000.000000	9990000000.000000
105	0	299.499700	37428.990224	     -1.00	   1047.12	    972.01	      2.22	      2.21	     -1.00	     -1.00	25.09	 5.755e+01	    -13.29	0	Gaussian	9990000000.000000	9990000000.000000
106	0	298.993493	37165.192746	     -1.00	    952.54	    316.16	      2.23	      2.21	     -1.00	     -1.00	2.66	 7.166e+01	    -13.29	0	Gaussian	9990000000.000000	9990000000.000000
107	0	300.095412	37165.205491	     -1.00	    480.51	    816.18	      2.23	      2.20	     -1.00	     -1.00	-1.59	 7.530e+01	    -13.29	0	Gaussian	9990000000.000000	9990000000.000000
108	0	1472.833821	41647.295075	     -1.00	    815.85	    936.10	      2.10	      2.08	     -1.00	     -1.00	17.16	 4.316e+03	    -13.29	0	Gaussian	9990000000.000000	9990000000.000000
109	0	298.174405	36930.494918	     -1.00	   1255.27	    741.51	      2.23	      2.21	     -1.00	     -1.00	-2.14	 7.297e+01	    -13.29	0	Gaussian	9990000000.000000	9990000000.000000
110	0	300.866007	37167.284607	     -1.00	   1088.26	   1219.08	      2.22	      2.21	     -1.00	     -1.00	-16.25	 7.359e+01	    -13.29	0	Gaussian	9990000000.000000	9990000000.000000
111	0	298.068492	37112.861652	     -1.00	     92.66	    600.62	      2.22	      2.21	     -1.00	     -1.00	-7.66	 5.981e+01	    -13.29	0	Gaussian	9990000000.000000	9990000000.000000
112	0	300.663088	37016.777211	     -1.00	   1301.08	   1345.39	      2.22	      2.21	     -1.00	     -1.00	-8.72	 5.282e+01	    -13.28	0	Gaussian	9990000000.000000	9990000000.000000
113	0	301.880217	37037.348246	     -1.00	    424.74	    364.63	      2.22	      2.21	     -1.00	     -1.00	22.36	 6.140e+01	    -13.28	0	Gaussian	9990000000.000000	9990000000.000000
114	0	298.394598	36790.439448	     -1.00	    663.76	    222.35	      2.23	      2.21	     -1.00	     -1.00	-5.27	 5.831e+01	    -13.28	0	Gaussian	9990000000.000000	9990000000.000000
115	0	299.247417	36674.326039	     -1.00	    699.35	    457.15	      2.23	      2.21	     -1.00	     -1.00	-18.30	 7.699e+01	    -13.28	0	Gaussian	9990000000.000000	9990000000.000000
116	0	299.468637	36629.672251	     -1.00	    359.67	    778.46	      2.23	      2.21	     -1.00	     -1.00	5.97	 5.975e+01	    -13.28	0	Gaussian	9990000000.000000	9990000000.000000
117	0	929.581262	38927.565781	     -1.00	    109.33	    573.96	      2.16	      2.15	     -1.00	     -1.00	7.49	 2.937e+03	    -13.28	0	Gaussian	9990000000.000000	9990000000.000000
118	0	336.421893	37146.097637	     -1.00	    502.97	    220.66	      2.20	      2.20	     -1.00	     -1.00	27.46	 2.893e+02	    -13.27	0	Gaussian	9990000000.000000	9990000000.000000
119	0	297.754681	36243.638464	     -1.00	    977.34	    897.57	      2.23	      2.22	     -1.00	     -1.00	-16.60	 7.219e+01	    -13.27	0	Gaussian	9990000000.000000	9990000000.000000
120	0	300.481919	36541.766485	     -1.00	    341.68	    973.09	      2.22	      2.21	     -1.00	     -1.00	7.65	 6.279e+01	    -13.27	0	Gaussian	9990000000.000000	9990000000.000000
121	0	297.506494	36349.246179	     -1.00	    243.54	    186.43	      2.24	      2.21	     -1.00	     -1.00	-7.63	 6.940e+01	    -13.27	0	Gaussian	9990000000.000000	9990000000.000000
122	0	299.495685	36295.480967	     -1.00	    655.37	    917.74	      2.24	      2.20	     -1.00	     -1.00	-5.92	 7.285e+01	    -13.27	0	Gaussian	9990000000.000000	9990000000.000000
123	0	299.731145	36538.707961	     -1.00	   1279.87	    868.75	      2.21	      2.21	     -1.00	     -1.00	26.58	 4.356e+01	    -13.27	0	Gaussian	9990000000.000000	9990000000.000000
124	0	301.391729	36361.871624	     -1.00	    596.23	    999.79	      2.22	      2.21	     -1.00	     -1.00	-3.84	 6.502e+01	    -13.27	0	Gaussian	9990000000.000000	9990000000.000000
125	0	298.828959	36354.001218	     -1.00	   1296.88	    593.47	      2.22	      2.21	     -1.00	     -1.00	8.00	 4.587e+01	    -13.26	0	Gaussian	9990000000.000000	9990000000.000000
126	0	760.198670	37648.809170	     -1.00	    967.19	   1301.18	      2.18	      2.17	     -1.00	     -1.00	5.00	 2.143e+03	    -13.26	0	Gaussian	9990000000.000000	9990000000.000000
127	0	301.786882	36353.894317	     -1.00	    684.83	    383.18	      2.21	      2.21	     -1.00	     -1.00	15.58	 4.858e+01	    -13.26	0	Gaussian	9990000000.000000	9990000000.000000
128	0	296.132838	35921.999317	     -1.00	    899.32	    228.40	      2.23	      2.22	     -1.00	     -1.00	4.22	 7.474e+01	    -13.26	0	Gaussian	9990000000.000000	9990000000.000000
129	0	618.625847	36745.661953	     -1.00	    995.75	     99.13	      2.23	      2.16	     -1.00	     -1.00	-13.62	 1.506e+03	    -13.26	0	Gaussian	9990000000.000000	9990000000.000000
130	0	281.567973	13277.792072	     -1.00	   1325.56	   1168.29	      6.02	      2.22	     -1.00	     -1.00	-68.04	 6.345e+02	    -13.26	0	Gaussian	9990000000.000000	9990000000.000000
131	0	299.762026	36080.587882	     -1.00	    537.08	     72.89	      2.22	      2.21	     -1.00	     -1.00	-31.68	 4.704e+01	    -13.26	0	Gaussian	9990000000.000000	9990000000.000000
132	0	299.807214	35920.644332	     -1.00	    392.96	    207.04	      2.23	      2.22	     -1.00	     -1.00	-22.51	 4.455e+01	    -13.26	0	Gaussian	9990000000.000000	9990000000.000000
133	0	301.160039	36329.517383	     -1.00	    106.07	    529.93	      2.22	      2.20	     -1.00	     -1.00	-17.66	 5.255e+01	    -13.26	0	Gaussian	9990000000.000000	9990000000.000000
134	0	297.932124	35777.167856	     -1.00	    796.36	    451.86	      2.24	      2.21	     -1.00	     -1.00	18.97	 7.203e+01	    -13.25	0	Gaussian	9990000000.000000	9990000000.000000
135	0	298.787874	35676.073961	     -1.00	     76.51	    627.64	      2.23	      2.22	     -1.00	     -1.00	-11.12	 6.803e+01	    -13.25	0	Gaussian	9990000000.000000	9990000000.000000
136	0	300.287372	35908.895360	     -1.00	    327.32	    594.91	      2.23	      2.20	     -1.00	     -1.00	-4.79	 7.117e+01	    -13.25	0	Gaussian	9990000000.000000	9990000000.000000
137	0	301.468522	35893.531738	     -1.00	    274.71	   1134.03	      2.22	      2.20	     -1.00	     -1.00	25.60	 5.893e+01	    -13.25	0	Gaussian	9990000000.000000	9990000000.000000
138	0	301.435535	35830.163753	     -1.00	    879.04	    426.06	      2.22	      2.21	     -1.00	     -1.00	26.14	 5.242e+01	    -13.24	0	Gaussian	9990000000.000000	9990000000.000000
139	0	298.205641	35622.715265	     -1.00	    810.03	    261.20	      2.22	      2.21	     -1.00	     -1.00	-18.18	 4.794e+01	    -13.24	0	Gaussian	9990000000.000000	9990000000.000000
140	0	298.270568	35316.809448	     -1.00	    878.39	    603.63	      2.23	      2.22	     -1.00	     -1.00	-13.60	 7.230e+01	    -13.24	0	Gaussian	9990000000.000000	9990000000.000000
141	0	298.997709	35533.600902	     -1.00	    238.19	    356.37	      2.22	      2.21	     -1.00	     -1.00	-89.84	 6.050e+01	    -13.24	0	Gaussian	9990000000.000000	9990000000.000000
142	0	301.998728	35805.270051	     -1.00	    153.98	    932.34	      2.21	      2.21	     -1.00	     -1.00	-73.91	 4.064e+01	    -13.24	0	Gaussian	9990000000.000000	9990000000.000000
143	0	298.712650	35395.873825	     -1.00	    861.52	   1276.78	      2.23	      2.21	     -1.00	     -1.00	-20.17	 7.072e+01	    -13.24	0	Gaussian	9990000000.000000	9990000000.000000
144	0	307.632063	35664.766423	     -1.00	   1042.77	    327.97	      2.22	      2.20	     -1.00	     -1.00	17.16	 8.586e+01	    -13.24	0	Gaussian	9990000000.000000	9990000000.000000
145	0	297.149646	35356.065964	     -1.00	   1179.40	   1181.26	      2.23	      2.21	     -1.00	     -1.00	-16.93	 7.794e+01	    -13.24	0	Gaussian	9990000000.000000	9990000000.000000
146	0	300.430660	35654.184918	     -1.00	    317.80	   1206.86	      2.21	      2.21	     -1.00	     -1.00	44.78	 4.881e+01	    -13.24	0	Gaussian	9990000000.000000	9990000000.000000
147	0	298.111007	35344.403151	     -1.00	    793.56	    986.10	      2.23	      2.20	     -1.00	     -1.00	1.38	 6.734e+01	    -13.24	0	Gaussian	9990000000.000000	9990000000.000000
148	0	297.457014	35156.340253	     -1.00	    505.34	    344.06	      2.23	      2.21	     -1.00	     -1.00	7.83	 7.195e+01	    -13.23	0	Gaussian	9990000000.000000	9990000000.000000
149	0	297.837821	35121.896784	     -1.00	    767.29	   1117.49	      2.23	      2.21	     -1.00	     -1.00	11.25	 6.445e+01	    -13.23	0	Gaussian	9990000000.000000	9990000000.000000
150	0	297.061071	35014.894297	     -1.00	     58.60	    579.67	      2.24	      2.20	     -1.00	     -1.00	8.20	 6.571e+01	    -13.23	0	Gaussian	9990000000.000000	9990000000.000000
151	0	296.896245	34580.058705	     -1.00	    355.56	    149.74	      2.24	      2.23	     -1.00	     -1.00	-8.45	 6.580e+01	    -13.22	0	Gaussian	9990000000.000000	9990000000.000000
152	0	299.565986	34947.753965	     -1.00	   1239.09	    750.45	      2.23	      2.21	     -1.00	     -1.00	-34.26	 5.141e+01	    -13.22	0	Gaussian	9990000000.000000	9990000000.000000
153	0	296.742221	34789.832127	     -1.00	    101.62	    788.44	      2.23	      2.22	     -1.00	     -1.00	17.27	 6.888e+01	    -13.22	0	Gaussian	9990000000.000000	9990000000.000000
154	0	299.053081	34999.108425	     -1.00	   1165.90	    438.71	      2.22	      2.21	     -1.00	     -1.00	-15.62	 3.973e+01	    -13.22	0	Gaussian	9990000000.000000	9990000000.000000
155	0	298.321414	34735.874890	     -1.00	    966.34	    301.30	      2.24	      2.21	     -1.00	     -1.00	-12.67	 6.895e+01	    -13.22	0	Gaussian	9990000000.000000	9990000000.000000
156	0	701.020673	36518.032456	     -1.00	    953.74	    357.06	      2.17	      2.16	     -1.00	     -1.00	-15.97	 1.884e+03	    -13.22	0	Gaussian	9990000000.000000	9990000000.000000
157	0	301.976481	35116.135152	     -1.00	    183.99	    828.70	      2.21	      2.20	     -1.00	     -1.00	9.37	 4.083e+01	    -13.22	0	Gaussian	9990000000.000000	9990000000.000000
158	0	880.980598	36625.583864	     -1.00	    595.39	    668.79	      2.18	      2.14	     -1.00	     -1.00	-1.52	 2.705e+03	    -13.22	0	Gaussian	9990000000.000000	9990000000.000000
159	0	299.983188	34872.319265	     -1.00	    941.83	   1219.20	      2.22	      2.21	     -1.00	     -1.00	21.54	 4.697e+01	    -13.22	0	Gaussian	9990000000.000000	9990000000.000000
160	0	298.279814	34687.613088	     -1.00	    202.60	    743.98	      2.23	      2.21	     -1.00	     -1.00	7.93	 6.456e+01	    -13.22	0	Gaussian	9990000000.000000	9990000000.000000
161	0	299.413920	34665.204381	     -1.00	    404.29	   1343.58	      2.22	      2.21	     -1.00	     -1.00	-13.83	 6.571e+01	    -13.22	0	Gaussian	9990000000.000000	9990000000.000000
162	0	300.329406	34650.782443	     -1.00	    114.70	   1252.00	      2.22	      2.21	     -1.00	     -1.00	0.16	 6.322e+01	    -13.21	0	Gaussian	9990000000.000000	9990000000.000000
163	0	300.754170	34721.627911	     -1.00	   1312.85	    585.66	      2.22	      2.20	     -1.00	     -1.00	-7.10	 4.166e+01	    -13.21	0	Gaussian	9990000000.000000	9990000000.000000
164	0	300.442603	34746.189525	     -1.00	   1311.17	    137.14	      2.22	      2.20	     -1.00	     -1.00	38.49	 5.810e+01	    -13.21	0	Gaussian	9990000000.000000	9990000000.000000
165	0	300.159738	34154.504740	     -1.00	    715.58	   1249.96	      2.24	      2.21	     -1.00	     -1.00	10.08	 6.597e+01	    -13.21	0	Gaussian	9990000000.000000	9990000000.000000
166	0	298.928385	34292.040885	     -1.00	   1124.72	    940.30	      2.23	      2.21	     -1.00	     -1.00	-7.66	 5.806e+01	    -13.20	0	Gaussian	9990000000.000000	9990000000.000000
167	0	301.375639	34468.634716	     -1.00	    580.90	    823.18	      2.22	      2.20	     -1.00	     -1.00	-80.89	 4.533e+01	    -13.20	0	Gaussian	9990000000.000000	9990000000.000000
168	0	301.547166	33623.489880	     -1.00	    304.51	    167.23	      2.24	      2.22	     -1.00	     -1.00	9.94	 7.912e+01	    -13.20	0	Gaussian	9990000000.000000	9990000000.000000
169	0	298.322131	33973.204941	     -1.00	   1248.37	    137.33	      2.23	      2.21	     -1.00	     -1.00	20.27	 6.760e+01	    -13.20	0	Gaussian	9990000000.000000	9990000000.000000
170	0	300.516210	34125.097020	     -1.00	   1252.11	    875.54	      2.22	      2.21	     -1.00	     -1.00	-57.33	 5.287e+01	    -13.19	0	Gaussian	9990000000.000000	9990000000.000000
171	0	297.207502	33919.689704	     -1.00	    984.38	   1331.44	      2.23	      2.21	     -1.00	     -1.00	4.80	 6.692e+01	    -13.19	0	Gaussian	9990000000.000000	9990000000.000000
172	0	299.701536	34038.686847	     -1.00	    953.87	    105.47	      2.22	      2.21	     -1.00	     -1.00	57.97	 4.493e+01	    -13.19	0	Gaussian	9990000000.000000	9990000000.000000
173	0	298.943240	33906.961343	     -1.00	    430.84	    708.44	      2.22	      2.21	     -1.00	     -1.00	-52.32	 4.635e+01	    -13.19	0	Gaussian	9990000000.000000	9990000000.000000
174	0	300.129118	33810.194047	     -1.00	   1067.22	    831.57	      2.22	      2.21	     -1.00	     -1.00	-32.52	 5.831e+01	    -13.19	0	Gaussian	9990000000.000000	9990000000.000000
175	0	300.199794	33848.535906	     -1.00	    351.16	    346.13	      2.22	      2.21	     -1.00	     -1.00	-6.47	 5.645e+01	    -13.19	0	Gaussian	9990000000.000000	9990000000.000000
176	0	804.601974	35776.777891	     -1.00	    503.76	    210.52	      2.16	      2.15	     -1.00	     -1.00	-36.52	 2.364e+03	    -13.19	0	Gaussian	9990000000.000000	9990000000.000000
177	0	297.181486	33708.489011	     -1.00	    833.42	    782.98	      2.23	      2.21	     -1.00	     -1.00	-5.60	 7.270e+01	    -13.18	0	Gaussian	9990000000.000000	9990000000.000000
178	0	746.965091	35634.775683	     -1.00	    834.04	   1167.94	      2.16	      2.15	     -1.00	     -1.00	20.75	 2.078e+03	    -13.18	0	Gaussian	9990000000.000000	9990000000.000000
179	0	300.278372	33410.987829	     -1.00	    311.12	   1074.04	      2.23	      2.21	     -1.00	     -1.00	-9.66	 5.753e+01	    -13.18	0	Gaussian	9990000000.000000	9990000000.000000
180	0	300.193009	33606.920420	     -1.00	    212.82	    811.31	      2.22	      2.21	     -1.00	     -1.00	-8.03	 5.110e+01	    -13.18	0	Gaussian	9990000000.000000	9990000000.000000
181	0	872.038209	35927.958463	     -1.00	   1055.87	    551.48	      2.14	      2.14	     -1.00	     -1.00	37.57	 2.560e+03	    -13.18	0	Gaussian	9990000000.000000	9990000000.000000
182	0	432.399971	33875.249856	     -1.00	    892.46	    570.64	      2.21	      2.19	     -1.00	     -1.00	-10.50	 6.265e+02	    -13.17	0	Gaussian	9990000000.000000	9990000000.000000
183	0	299.277602	33413.944169	     -1.00	    199.67	   1295.70	      2.23	      2.20	     -1.00	     -1.00	-1.00	 5.367e+01	    -13.17	0	Gaussian	9990000000.000000	9990000000.000000
184	0	299.319925	33187.308957	     -1.00	   1231.07	   1018.46	      2.22	      2.22	     -1.00	     -1.00	43.37	 4.530e+01	    -13.17	0	Gaussian	9990000000.000000	9990000000.000000
185	0	300.341616	33360.639460	     -1.00	    993.83	    927.52	      2.22	      2.21	     -1.00	     -1.00	-2.31	 4.311e+01	    -13.17	0	Gaussian	9990000000.000000	9990000000.000000
186	0	298.564377	33091.037666	     -1.00	    543.57	   1318.17	      2.23	      2.21	     -1.00	     -1.00	-18.31	 6.443e+01	    -13.17	0	Gaussian	9990000000.000000	9990000000.000000
187	0	1009.594281	35663.175767	     -1.00	    474.49	    129.94	      2.16	      2.12	     -1.00	     -1.00	-5.44	 3.299e+03	    -13.17	0	Gaussian	9990000000.000000	9990000000.000000
188	0	297.477385	33077.716312	     -1.00	    698.63	    135.17	      2.22	      2.22	     -1.00	     -1.00	-5.54	 6.277e+01	    -13.17	0	Gaussian	9990000000.000000	9990000000.000000
189	0	426.042194	32359.704095	     -1.00	    609.82	   1221.11	      2.30	      2.19	     -1.00	     -1.00	33.06	 7.437e+02	    -13.17	0	Gaussian	9990000000.000000	9990000000.000000
190	0	300.391890	32924.668212	     -1.00	    514.33	   1093.20	      2.23	      2.21	     -1.00	     -1.00	-8.57	 6.504e+01	    -13.16	0	Gaussian	9990000000.000000	9990000000.000000
191	0	508.408707	33672.155361	     -1.00	    334.32	    697.87	      2.20	      2.19	     -1.00	     -1.00	-20.33	 1.580e+03	    -13.16	0	Gaussian	9990000000.000000	9990000000.000000
192	0	301.028811	33163.415935	     -1.00	   1334.01	    554.46	      2.21	      2.21	     -1.00	     -1.00	-27.56	 4.100e+01	    -13.16	0	Gaussian	9990000000.000000	9990000000.000000
193	0	301.239565	33135.645943	     -1.00	    507.78	    124.10	      2.21	      2.20	     -1.00	     -1.00	-10.95	 4.699e+01	    -13.16	0	Gaussian	9990000000.000000	9990000000.000000
194	0	301.731798	33023.872491	     -1.00	    514.02	   1308.84	      2.21	      2.20	     -1.00	     -1.00	-5.58	 4.611e+01	    -13.15	0	Gaussian	9990000000.000000	9990000000.000000
195	0	298.929905	32657.229287	     -1.00	   1032.40	   1066.77	      2.23	      2.21	     -1.00	     -1.00	3.53	 6.332e+01	    -13.15	0	Gaussian	9990000000.000000	9990000000.000000
196	0	299.218296	32614.732911	     -1.00	   1257.08	    907.66	      2.22	      2.21	     -1.00	     -1.00	7.28	 4.538e+01	    -13.15	0	Gaussian	9990000000.000000	9990000000.000000
197	0	297.479473	32471.876384	     -1.00	   1062.30	    908.51	      2.22	      2.21	     -1.00	     -1.00	16.18	 6.150e+01	    -13.14	0	Gaussian	9990000000.000000	9990000000.000000
198	0	300.029687	32461.746458	     -1.00	    719.77	    893.78	      2.23	      2.21	     -1.00	     -1.00	15.61	 5.245e+01	    -13.14	0	Gaussian	9990000000.000000	9990000000.000000
199	0	298.545326	32266.019112	     -1.00	   1189.39	   1164.10	      2.23	      2.21	     -1.00	     -1.00	2.28	 6.872e+01	    -13.14	0	Gaussian	9990000000.000000	9990000000.000000
200	0	301.391856	32499.705526	     -1.00	    180.92	   1332.08	      2.22	      2.20	     -1.00	     -1.00	-36.72	 4.446e+01	    -13.14	0	Gaussian	9990000000.000000	9990000000.000000
201	0	298.198062	32285.213562	     -1.00	    884.42	    298.65	      2.23	      2.21	     -1.00	     -1.00	5.27	 6.277e+01	    -13.14	0	Gaussian	9990000000.000000	9990000000.000000
202	0	634.503967	33656.438905	     -1.00	     97.60	   1321.88	      2.18	      2.16	     -1.00	     -1.00	-23.18	 1.794e+03	    -13.14	0	Gaussian	9990000000.000000	9990000000.000000
203	0	301.010387	32393.548946	     -1.00	    572.03	    664.84	      2.23	      2.20	     -1.00	     -1.00	-10.33	 4.323e+01	    -13.14	0	Gaussian	9990000000.000000	9990000000.000000
204	0	296.372764	31950.775059	     -1.00	    685.32	    864.44	      2.23	      2.22	     -1.00	     -1.00	17.02	 6.479e+01	    -13.13	0	Gaussian	9990000000.000000	9990000000.000000
205	0	299.847986	32127.553876	     -1.00	    287.68	    873.95	      2.22	      2.20	     -1.00	     -1.00	-15.38	 5.445e+01	    -13.13	0	Gaussian	9990000000.000000	9990000000.000000
206	0	299.546470	32131.226970	     -1.00	   1201.06	    870.43	      2.21	      2.21	     -1.00	     -1.00	-32.30	 4.405e+01	    -13.12	0	Gaussian	9990000000.000000	9990000000.000000
207	0	299.216804	32212.036721	     -1.00	   1025.98	    689.50	      2.21	      2.20	     -1.00	     -1.00	41.43	 3.523e+01	    -13.12	0	Gaussian	9990000000.000000	9990000000.000000
208	0	298.791562	32068.722986	     -1.00	   1055.86	   1064.50	      2.22	      2.20	     -1.00	     -1.00	33.29	 3.543e+01	    -13.12	0	Gaussian	9990000000.000000	9990000000.000000
209	0	299.716407	31760.928890	     -1.00	    622.92	    747.58	      2.23	      2.21	     -1.00	     -1.00	20.95	 3.802e+01	    -13.12	0	Gaussian	9990000000.000000	9990000000.000000
210	0	298.766601	31752.712385	     -1.00	    672.04	    288.35	      2.21	      2.21	     -1.00	     -1.00	22.99	 4.207e+01	    -13.12	0	Gaussian	9990000000.000000	9990000000.000000
211	0	298.113597	31780.391535	     -1.00	    297.48	   1250.06	      2.23	      2.20	     -1.00	     -1.00	0.24	 6.829e+01	    -13.12	0	Gaussian	9990000000.000000	9990000000.000000
212	0	296.378421	31358.458085	     -1.00	    887.64	    752.05	      2.23	      2.23	     -1.00	     -1.00	81.58	 6.212e+01	    -13.12	0	Gaussian	9990000000.000000	9990000000.000000
213	0	300.601899	31928.329698	     -1.00	   1002.15	    967.81	      2.22	      2.20	     -1.00	     -1.00	-28.17	 5.165e+01	    -13.12	0	Gaussian	9990000000.000000	9990000000.000000
214	0	297.883878	31724.472699	     -1.00	   1061.92	    503.73	      2.22	      2.20	     -1.00	     -1.00	5.71	 3.959e+01	    -13.11	0	Gaussian	9990000000.000000	9990000000.000000
215	0	300.122241	31507.591373	     -1.00	     96.32	    694.83	      2.23	      2.20	     -1.00	     -1.00	-4.04	 6.073e+01	    -13.11	0	Gaussian	9990000000.000000	9990000000.000000
216	0	300.071684	31552.055484	     -1.00	    367.01	    858.71	      2.22	      2.21	     -1.00	     -1.00	20.71	 4.119e+01	    -13.11	0	Gaussian	9990000000.000000	9990000000.000000
217	0	654.394811	32579.618379	     -1.00	    918.17	    576.10	      2.18	      2.17	     -1.00	     -1.00	-9.94	 1.654e+03	    -13.10	0	Gaussian	9990000000.000000	9990000000.000000
218	0	301.682182	31523.171334	     -1.00	     66.05	    157.57	      2.21	      2.20	     -1.00	     -1.00	-5.51	 3.869e+01	    -13.10	0	Gaussian	9990000000.000000	9990000000.000000
219	0	300.702565	31345.238724	     -1.00	    355.25	    295.96	      2.22	      2.20	     -1.00	     -1.00	-31.31	 5.989e+01	    -13.10	0	Gaussian	9990000000.000000	9990000000.000000
220	0	298.741839	30974.383521	     -1.00	    662.69	   1210.36	      2.24	      2.20	     -1.00	     -1.00	-5.61	 5.402e+01	    -13.09	0	Gaussian	9990000000.000000	9990000000.000000
221	0	299.714876	30635.150302	     -1.00	    757.36	    772.57	      2.23	      2.22	     -1.00	     -1.00	-62.54	 6.359e+01	    -13.09	0	Gaussian	9990000000.000000	9990000000.000000
222	0	302.231317	31175.877485	     -1.00	    230.99	   1070.33	      2.21	      2.20	     -1.00	     -1.00	40.68	 3.993e+01	    -13.08	0	Gaussian	9990000000.000000	9990000000.000000
223	0	301.059537	30979.137171	     -1.00	    466.95	    972.71	      2.21	      2.20	     -1.00	     -1.00	-22.09	 3.894e+01	    -13.08	0	Gaussian	9990000000.000000	9990000000.000000
224	0	299.867890	30727.660512	     -1.00	   1255.89	    282.98	      2.22	      2.21	     -1.00	     -1.00	83.47	 3.562e+01	    -13.08	0	Gaussian	9990000000.000000	9990000000.000000
225	0	298.291028	30663.909544	     -1.00	    435.41	    267.75	      2.22	      2.21	     -1.00	     -1.00	-8.41	 6.165e+01	    -13.08	0	Gaussian	9990000000.000000	9990000000.000000
226	0	300.270613	30568.816804	     -1.00	    453.08	    607.73	      2.22	      2.22	     -1.00	     -1.00	86.85	 4.042e+01	    -13.08	0	Gaussian	9990000000.000000	9990000000.000000
227	0	300.524252	30304.801699	     -1.00	    859.06	    925.48	      2.22	      2.22	     -1.00	     -1.00	22.90	 4.642e+01	    -13.07	0	Gaussian	9990000000.000000	9990000000.000000
228	0	409.780994	30866.374835	     -1.00	    969.09	    102.78	      2.20	      2.19	     -1.00	     -1.00	21.86	 8.122e+02	    -13.07	0	Gaussian	9990000000.000000	9990000000.000000
229	0	299.989641	30301.903250	     -1.00	    590.69	    970.84	      2.23	      2.21	     -1.00	     -1.00	25.18	 5.038e+01	    -13.07	0	Gaussian	9990000000.000000	9990000000.000000
230	0	298.510705	30334.547349	     -1.00	    186.64	    369.51	      2.22	      2.21	     -1.00	     -1.00	6.21	 5.379e+01	    -13.07	0	Gaussian	9990000000.000000	9990000000.000000
231	0	299.950881	30075.261231	     -1.00	    139.63	    532.52	      2.22	      2.22	     -1.00	     -1.00	73.17	 5.684e+01	    -13.06	0	Gaussian	9990000000.000000	9990000000.000000
232	0	299.285490	29947.089494	     -1.00	    955.93	    903.04	      2.22	      2.22	     -1.00	     -1.00	61.77	 4.341e+01	    -13.06	0	Gaussian	9990000000.000000	9990000000.000000
233	0	300.492720	30112.464775	     -1.00	    930.87	    457.88	      2.21	      2.20	     -1.00	     -1.00	10.28	 3.960e+01	    -13.05	0	Gaussian	9990000000.000000	9990000000.000000
234	0	299.226546	29689.138862	     -1.00	    160.19	    337.78	      2.22	      2.22	     -1.00	     -1.00	-64.97	 5.173e+01	    -13.05	0	Gaussian	9990000000.000000	9990000000.000000
235	0	299.883471	29793.335991	     -1.00	    691.46	    953.67	      2.23	      2.20	     -1.00	     -1.00	-6.94	 6.078e+01	    -13.05	0	Gaussian	9990000000.000000	9990000000.000000
236	0	297.581391	29325.917735	     -1.00	   1222.42	    578.39	      2.24	      2.21	     -1.00	     -1.00	8.84	 6.027e+01	    -13.04	0	Gaussian	9990000000.000000	9990000000.000000
237	0	301.493920	29907.278454	     -1.00	    394.82	   1133.04	      2.21	      2.20	     -1.00	     -1.00	13.10	 4.510e+01	    -13.04	0	Gaussian	9990000000.000000	9990000000.000000
238	0	298.675488	29528.142751	     -1.00	    667.40	   1171.64	      2.23	      2.21	     -1.00	     -1.00	4.13	 6.103e+01	    -13.04	0	Gaussian	9990000000.000000	9990000000.000000
239	0	298.638487	29397.850351	     -1.00	    867.68	   1121.35	      2.23	      2.21	     -1.00	     -1.00	6.44	 5.309e+01	    -13.04	0	Gaussian	9990000000.000000	9990000000.000000
240	0	299.981601	29640.734647	     -1.00	   1253.99	    156.58	      2.22	      2.20	     -1.00	     -1.00	45.44	 3.751e+01	    -13.04	0	Gaussian	9990000000.000000	9990000000.000000
241	0	300.843172	29773.072024	     -1.00	     94.93	    175.71	      2.21	      2.20	     -1.00	     -1.00	20.36	 3.608e+01	    -13.04	0	Gaussian	9990000000.000000	9990000000.000000
242	0	300.527722	29665.080528	     -1.00	    385.93	    366.45	      2.21	      2.21	     -1.00	     -1.00	21.44	 3.343e+01	    -13.04	0	Gaussian	9990000000.000000	9990000000.000000
243	0	407.662357	29714.955387	     -1.00	    194.38	    154.40	      2.21	      2.19	     -1.00	     -1.00	-13.41	 8.216e+02	    -13.03	0	Gaussian	9990000000.000000	9990000000.000000
244	0	299.572648	29329.551653	     -1.00	   1180.71	    927.96	      2.23	      2.20	     -1.00	     -1.00	37.66	 5.534e+01	    -13.03	0	Gaussian	9990000000.000000	9990000000.000000
245	0	299.653156	29109.238032	     -1.00	    509.50	    777.23	      2.23	      2.22	     -1.00	     -1.00	21.53	 6.304e+01	    -13.03	0	Gaussian	9990000000.000000	9990000000.000000
246	0	380.735508	29635.047377	     -1.00	    685.03	    902.66	      2.21	      2.20	     -1.00	     -1.00	29.77	 3.757e+02	    -13.03	0	Gaussian	9990000000.000000	9990000000.000000
247	0	398.558258	29341.646761	     -1.00	    385.46	    110.89	      2.22	      2.19	     -1.00	     -1.00	-9.58	 5.699e+02	    -13.02	0	Gaussian	9990000000.000000	9990000000.000000
248	0	298.994777	29058.719825	     -1.00	    662.46	   1044.54	      2.23	      2.21	     -1.00	     -1.00	-4.77	 6.195e+01	    -13.02	0	Gaussian	9990000000.000000	9990000000.000000
249	0	299.823574	28846.160644	     -1.00	    413.49	    363.32	      2.23	      2.22	     -1.00	     -1.00	-10.64	 6.656e+01	    -13.02	0	Gaussian	9990000000.000000	9990000000.000000
250	0	297.713634	28877.182512	     -1.00	   1237.07	    370.46	      2.22	      2.21	     -1.00	     -1.00	72.82	 4.678e+01	    -13.02	0	Gaussian	9990000000.000000	9990000000.000000
251	0	300.716891	29027.812956	     -1.00	    864.01	   1083.46	      2.22	      2.21	     -1.00	     -1.00	76.02	 3.515e+01	    -13.02	0	Gaussian	9990000000.000000	9990000000.000000
252	0	299.730416	29009.877372	     -1.00	    610.73	     83.93	      2.22	      2.21	     -1.00	     -1.00	-23.06	 4.858e+01	    -13.02	0	Gaussian	9990000000.000000	9990000000.000000
253	0	298.334804	28871.917376	     -1.00	   1131.54	     86.02	      2.22	      2.21	     -1.00	     -1.00	-29.95	 6.026e+01	    -13.01	0	Gaussian	9990000000.000000	9990000000.000000
254	0	300.842750	28850.900622	     -1.00	   1101.84	    189.27	      2.22	      2.21	     -1.00	     -1.00	33.02	 4.110e+01	    -13.01	0	Gaussian	9990000000.000000	9990000000.000000
255	0	299.836178	28827.185030	     -1.00	    653.74	    509.33	      2.22	      2.21	     -1.00	     -1.00	-19.07	 4.564e+01	    -13.01	0	Gaussian	9990000000.000000	9990000000.000000
256	0	298.625211	28628.245512	     -1.00	     71.65	    437.14	      2.23	      2.22	     -1.00	     -1.00	4.97	 5.536e+01	    -13.01	0	Gaussian	9990000000.000000	9990000000.000000
257	0	300.468066	28897.974477	     -1.00	    533.94	     88.58	      2.21	      2.19	     -1.00	     -1.00	-20.89	 3.356e+01	    -13.00	0	Gaussian	9990000000.000000	9990000000.000000
258	0	299.857067	28554.024611	     -1.00	    592.55	    582.46	      2.23	      2.21	     -1.00	     -1.00	-8.82	 5.649e+01	    -13.00	0	Gaussian	9990000000.000000	9990000000.000000
259	0	299.593933	28643.838815	     -1.00	   1224.21	    383.50	      2.21	      2.20	     -1.00	     -1.00	36.71	 5.178e+01	    -13.00	0	Gaussian	9990000000.000000	9990000000.000000
260	0	298.328353	28477.582030	     -1.00	    684.67	   1214.82	      2.22	      2.21	     -1.00	     -1.00	71.73	 4.898e+01	    -13.00	0	Gaussian	9990000000.000000	9990000000.000000
261	0	299.852377	28476.508708	     -1.00	   1073.39	    501.57	      2.23	      2.20	     -1.00	     -1.00	3.83	 5.848e+01	    -13.00	0	Gaussian	9990000000.000000	9990000000.000000
262	0	299.643568	28255.468598	     -1.00	    583.05	    786.56	      2.22	      2.22	     -1.00	     -1.00	28.29	 4.146e+01	    -12.99	0	Gaussian	9990000000.000000	9990000000.000000
263	0	297.699208	28249.846132	     -1.00	   1064.54	    606.70	      2.23	      2.21	     -1.00	     -1.00	8.12	 5.322e+01	    -12.99	0	Gaussian	9990000000.000000	9990000000.000000
264	0	299.615710	28338.811984	     -1.00	   1301.71	    199.63	      2.22	      2.21	     -1.00	     -1.00	16.71	 4.589e+01	    -12.99	0	Gaussian	9990000000.000000	9990000000.000000
265	0	653.068679	29179.615748	     -1.00	    442.73	    883.57	      2.18	      2.17	     -1.00	     -1.00	-5.20	 1.865e+03	    -12.99	0	Gaussian	9990000000.000000	9990000000.000000
266	0	319.421026	28184.619112	     -1.00	    908.31	    782.60	      2.23	      2.20	     -1.00	     -1.00	-12.48	 1.594e+02	    -12.99	0	Gaussian	9990000000.000000	9990000000.000000
267	0	298.702346	27969.852590	     -1.00	    904.01	    304.19	      2.23	      2.21	     -1.00	     -1.00	55.06	 3.961e+01	    -12.98	0	Gaussian	9990000000.000000	9990000000.000000
268	0	300.761437	28293.198163	     -1.00	   1284.05	    263.92	      2.21	      2.21	     -1.00	     -1.00	-12.92	 3.698e+01	    -12.98	0	Gaussian	9990000000.000000	9990000000.000000
269	0	300.028065	28142.630279	     -1.00	    389.12	    422.36	      2.22	      2.21	     -1.00	     -1.00	10.39	 4.422e+01	    -12.98	0	Gaussian	9990000000.000000	9990000000.000000
270	0	301.421105	28149.060499	     -1.00	    436.18	    748.89	      2.22	      2.20	     -1.00	     -1.00	-12.49	 4.879e+01	    -12.98	0	Gaussian	9990000000.000000	9990000000.000000
271	0	298.357040	27689.437540	     -1.00	    531.46	    278.58	      2.24	      2.21	     -1.00	     -1.00	17.87	 5.681e+01	    -12.98	0	Gaussian	9990000000.000000	9990000000.000000
272	0	301.375657	27763.267466	     -1.00	    577.47	    182.86	      2.22	      2.21	     -1.00	     -1.00	-9.59	 6.045e+01	    -12.97	0	Gaussian	9990000000.000000	9990000000.000000
273	0	299.215282	27665.165798	     -1.00	    597.59	    686.60	      2.22	      2.20	     -1.00	     -1.00	12.93	 5.473e+01	    -12.96	0	Gaussian	9990000000.000000	9990000000.000000
274	0	298.801740	27453.701590	     -1.00	    747.98	    904.21	      2.22	      2.21	     -1.00	     -1.00	-30.68	 3.974e+01	    -12.96	0	Gaussian	9990000000.000000	9990000000.000000
275	0	501.483516	28312.981672	     -1.00	    238.69	    121.48	      2.20	      2.16	     -1.00	     -1.00	1.15	 1.520e+03	    -12.96	0	Gaussian	9990000000.000000	9990000000.000000
276	0	300.747980	27504.164998	     -1.00	    555.03	    984.09	      2.21	      2.21	     -1.00	     -1.00	65.71	 4.108e+01	    -12.96	0	Gaussian	9990000000.000000	9990000000.000000
277	0	300.892483	27456.690289	     -1.00	    905.76	    460.89	      2.22	      2.21	     -1.00	     -1.00	8.67	 4.388e+01	    -12.96	0	Gaussian	9990000000.000000	9990000000.000000
278	0	299.183619	27320.731854	     -1.00	    968.92	    438.38	      2.22	      2.22	     -1.00	     -1.00	-12.92	 3.440e+01	    -12.96	0	Gaussian	9990000000.000000	9990000000.000000
279	0	427.249510	27673.350061	     -1.00	    776.12	    851.86	      2.20	      2.19	     -1.00	     -1.00	-4.07	 8.711e+02	    -12.95	0	Gaussian	9990000000.000000	9990000000.000000
280	0	1108.228982	29879.374769	     -1.00	    895.42	    331.10	      2.12	      2.10	     -1.00	     -1.00	0.56	 3.630e+03	    -12.95	0	Gaussian	9990000000.000000	9990000000.000000
281	0	298.750324	27011.493952	     -1.00	   1284.52	    921.00	      2.23	      2.20	     -1.00	     -1.00	3.44	 5.341e+01	    -12.94	0	Gaussian	9990000000.000000	9990000000.000000
282	0	298.756622	26860.203416	     -1.00	    130.32	    767.63	      2.23	      2.21	     -1.00	     -1.00	-11.92	 5.631e+01	    -12.94	0	Gaussian	9990000000.000000	9990000000.000000
283	0	302.388079	27032.599483	     -1.00	    393.11	    712.88	      2.21	      2.21	     -1.00	     -1.00	-45.58	 4.437e+01	    -12.94	0	Gaussian	9990000000.000000	9990000000.000000
284	0	300.708213	27053.520986	     -1.00	    250.14	    313.50	      2.21	      2.20	     -1.00	     -1.00	-35.30	 4.297e+01	    -12.94	0	Gaussian	9990000000.000000	9990000000.000000
285	0	298.328575	26868.464749	     -1.00	     78.56	   1016.02	      2.22	      2.21	     -1.00	     -1.00	6.14	 5.271e+01	    -12.94	0	Gaussian	9990000000.000000	9990000000.000000
286	0	299.204028	26646.845685	     -1.00	    454.55	    385.83	      2.23	      2.22	     -1.00	     -1.00	-18.99	 5.372e+01	    -12.94	0	Gaussian	9990000000.000000	9990000000.000000
287	0	300.944448	26772.661583	     -1.00	    449.49	   1031.87	      2.23	      2.20	     -1.00	     -1.00	-3.05	 5.424e+01	    -12.94	0	Gaussian	9990000000.000000	9990000000.000000
288	0	301.177102	26849.492923	     -1.00	    723.17	    619.00	      2.22	      2.20	     -1.00	     -1.00	0.03	 4.754e+01	    -12.93	0	Gaussian	9990000000.000000	9990000000.000000
289	0	298.375868	26594.498181	     -1.00	    348.74	    814.49	      2.22	      2.21	     -1.00	     -1.00	1.48	 4.101e+01	    -12.92	0	Gaussian	9990000000.000000	9990000000.000000
290	0	299.909670	26730.627748	     -1.00	    338.02	    186.72	      2.21	      2.20	     -1.00	     -1.00	8.35	 3.226e+01	    -12.92	0	Gaussian	9990000000.000000	9990000000.000000
291	0	300.333967	26689.103441	     -1.00	    257.00	    488.28	      2.22	      2.20	     -1.00	     -1.00	-62.18	 3.814e+01	    -12.92	0	Gaussian	9990000000.000000	9990000000.000000
292	0	298.979830	26219.671011	     -1.00	    492.24	   1028.36	      2.23	      2.22	     -1.00	     -1.00	31.40	 4.796e+01	    -12.92	0	Gaussian	9990000000.000000	9990000000.000000
293	0	298.624927	26359.644189	     -1.00	     96.37	    221.18	      2.23	      2.22	     -1.00	     -1.00	22.25	 5.696e+01	    -12.92	0	Gaussian	9990000000.000000	9990000000.000000
294	0	298.760780	26351.928667	     -1.00	    415.70	    569.05	      2.23	      2.21	     -1.00	     -1.00	-7.71	 4.666e+01	    -12.92	0	Gaussian	9990000000.000000	9990000000.000000
295	0	301.827244	26539.317300	     -1.00	    344.38	   1237.71	      2.22	      2.19	     -1.00	     -1.00	-6.98	 5.566e+01	    -12.92	0	Gaussian	9990000000.000000	9990000000.000000
296	0	299.577455	26265.961179	     -1.00	   1234.26	    903.29	      2.22	      2.21	     -1.00	     -1.00	-6.78	 5.130e+01	    -12.91	0	Gaussian	9990000000.000000	9990000000.000000
297	0	299.673591	26403.038638	     -1.00	    935.98	    112.52	      2.21	      2.21	     -1.00	     -1.00	11.55	 3.268e+01	    -12.91	0	Gaussian	9990000000.000000	9990000000.000000
298	0	944.091424	28329.864885	     -1.00	    245.72	    372.13	      2.14	      2.12	     -1.00	     -1.00	-8.98	 4.136e+03	    -12.91	0	Gaussian	9990000000.000000	9990000000.000000
299	0	300.174557	26282.217293	     -1.00	   1295.94	    307.38	      2.21	      2.21	     -1.00	     -1.00	-66.27	 3.187e+01	    -12.91	0	Gaussian	9990000000.000000	9990000000.000000
300	0	300.570973	26433.057012	     -1.00	    722.99	    680.61	      2.21	      2.19	     -1.00	     -1.00	-33.86	 3.390e+01	    -12.91	0	Gaussian	9990000000.000000	9990000000.000000
301	0	300.649955	26238.715846	     -1.00	     73.14	    310.10	      2.22	      2.20	     -1.00	     -1.00	25.60	 4.642e+01	    -12.90	0	Gaussian	9990000000.000000	9990000000.000000
302	0	297.956929	25942.379772	     -1.00	   1231.75	    836.16	      2.23	      2.21	     -1.00	     -1.00	-11.33	 4.275e+01	    -12.90	0	Gaussian	9990000000.000000	9990000000.000000
303	0	299.621803	25986.702750	     -1.00	   1216.63	    992.66	      2.23	      2.20	     -1.00	     -1.00	-8.37	 4.871e+01	    -12.90	0	Gaussian	9990000000.000000	9990000000.000000
304	0	300.714134	25962.440929	     -1.00	   1145.69	    530.38	      2.22	      2.21	     -1.00	     -1.00	-3.29	 4.267e+01	    -12.90	0	Gaussian	9990000000.000000	9990000000.000000
305	0	333.583979	26163.520005	     -1.00	    992.03	   1294.76	      2.20	      2.20	     -1.00	     -1.00	-14.97	 3.043e+02	    -12.90	0	Gaussian	9990000000.000000	9990000000.000000
306	0	300.605802	25714.481523	     -1.00	    411.39	    384.72	      2.23	      2.21	     -1.00	     -1.00	12.73	 5.269e+01	    -12.89	0	Gaussian	9990000000.000000	9990000000.000000
307	0	301.726223	25646.339274	     -1.00	    503.88	   1009.81	      2.22	      2.21	     -1.00	     -1.00	26.56	 3.272e+01	    -12.88	0	Gaussian	9990000000.000000	9990000000.000000
308	0	302.212394	25672.242890	     -1.00	    168.95	   1097.73	      2.22	      2.20	     -1.00	     -1.00	-3.20	 3.276e+01	    -12.88	0	Gaussian	9990000000.000000	9990000000.000000
309	0	318.804736	25801.793122	     -1.00	   1019.86	    369.90	      2.20	      2.20	     -1.00	     -1.00	55.64	 1.279e+02	    -12.88	0	Gaussian	9990000000.000000	9990000000.000000
310	0	300.511241	25505.637800	     -1.00	    936.07	    543.52	      2.22	      2.21	     -1.00	     -1.00	65.80	 3.760e+01	    -12.88	0	Gaussian	9990000000.000000	9990000000.000000
311	0	299.048554	25416.704494	     -1.00	    382.99	    158.12	      2.22	      2.21	     -1.00	     -1.00	-40.61	 3.355e+01	    -12.88	0	Gaussian	9990000000.000000	9990000000.000000
312	0	299.885345	25421.363665	     -1.00	    416.53	    623.46	      2.23	      2.21	     -1.00	     -1.00	20.61	 4.921e+01	    -12.88	0	Gaussian	9990000000.000000	9990000000.000000
313	0	302.026197	25629.584577	     -1.00	    723.94	    263.82	      2.21	      2.21	     -1.00	     -1.00	32.61	 3.351e+01	    -12.87	0	Gaussian	9990000000.000000	9990000000.000000
314	0	300.208739	25189.959003	     -1.00	    855.00	    346.33	      2.21	      2.21	     -1.00	     -1.00	-31.23	 2.970e+01	    -12.86	0	Gaussian	9990000000.000000	9990000000.000000
315	0	299.820417	24939.764322	     -1.00	    815.07	    465.03	      2.22	      2.22	     -1.00	     -1.00	-9.06	 3.989e+01	    -12.86	0	Gaussian	9990000000.000000	9990000000.000000
316	0	298.898029	24809.904587	     -1.00	   1260.63	    704.95	      2.23	      2.21	     -1.00	     -1.00	4.66	 4.842e+01	    -12.85	0	Gaussian	9990000000.000000	9990000000.000000
317	0	300.194358	24795.550893	     -1.00	   1070.25	   1111.43	      2.22	      2.21	     -1.00	     -1.00	8.01	 4.779e+01	    -12.85	0	Gaussian	9990000000.000000	9990000000.000000
318	0	297.037091	24885.076385	     -1.00	    608.59	    585.70	      2.23	      2.20	     -1.00	     -1.00	-2.45	 4.808e+01	    -12.85	0	Gaussian	9990000000.000000	9990000000.000000
319	0	300.513408	24813.788170	     -1.00	    211.73	    259.53	      2.22	      2.21	     -1.00	     -1.00	19.78	 3.792e+01	    -12.85	0	Gaussian	9990000000.000000	9990000000.000000
320	0	299.671543	24708.438129	     -1.00	    718.25	     76.18	      2.23	      2.21	     -1.00	     -1.00	4.32	 4.697e+01	    -12.85	0	Gaussian	9990000000.000000	9990000000.000000
321	0	300.974070	25017.462618	     -1.00	   1013.99	    134.58	      2.21	      2.20	     -1.00	     -1.00	34.66	 3.102e+01	    -12.85	0	Gaussian	9990000000.000000	9990000000.000000
322	0	338.060155	25018.820961	     -1.00	    984.90	   1304.27	      2.21	      2.20	     -1.00	     -1.00	76.53	 3.504e+02	    -12.85	0	Gaussian	9990000000.000000	9990000000.000000
323	0	298.895007	24540.052961	     -1.00	   1273.84	    633.29	      2.23	      2.22	     -1.00	     -1.00	-70.50	 3.687e+01	    -12.85	0	Gaussian	9990000000.000000	9990000000.000000
324	0	298.526135	24680.914534	     -1.00	    267.84	   1024.34	      2.22	      2.21	     -1.00	     -1.00	-1.86	 3.721e+01	    -12.84	0	Gaussian	9990000000.000000	9990000000.000000
325	0	299.762925	24648.154992	     -1.00	    511.86	    404.24	      2.22	      2.22	     -1.00	     -1.00	-50.92	 3.886e+01	    -12.84	0	Gaussian	9990000000.000000	9990000000.000000
326	0	300.639074	24779.364299	     -1.00	   1240.64	    660.83	      2.22	      2.20	     -1.00	     -1.00	-31.66	 4.574e+01	    -12.84	0	Gaussian	9990000000.000000	9990000000.000000
327	0	458.071161	25199.392907	     -1.00	    199.13	    163.72	      2.19	      2.18	     -1.00	     -1.00	-0.89	 1.152e+03	    -12.83	0	Gaussian	9990000000.000000	9990000000.000000
328	0	295.501005	24158.118411	     -1.00	    312.58	     89.76	      2.23	      2.21	     -1.00	     -1.00	-0.07	 4.930e+01	    -12.83	0	Gaussian	9990000000.000000	9990000000.000000
329	0	299.317172	24261.599477	     -1.00	   1184.49	    556.06	      2.22	      2.21	     -1.00	     -1.00	-28.99	 5.130e+01	    -12.83	0	Gaussian	9990000000.000000	9990000000.000000
330	0	300.296561	24243.651842	     -1.00	    764.76	    715.03	      2.22	      2.20	     -1.00	     -1.00	0.92	 3.782e+01	    -12.82	0	Gaussian	9990000000.000000	9990000000.000000
331	0	301.347115	24171.161442	     -1.00	    897.73	   1172.93	      2.22	      2.21	     -1.00	     -1.00	-28.26	 3.901e+01	    -12.82	0	Gaussian	9990000000.000000	9990000000.000000
332	0	301.374751	24058.556016	     -1.00	   1025.95	    947.00	      2.21	      2.20	     -1.00	     -1.00	-37.83	 3.793e+01	    -12.81	0	Gaussian	9990000000.000000	9990000000.000000
333	0	1005.346920	26471.657536	     -1.00	   1051.93	    558.45	      2.11	      2.10	     -1.00	     -1.00	63.90	 3.437e+03	    -12.81	0	Gaussian	9990000000.000000	9990000000.000000
334	0	299.192097	23712.306688	     -1.00	   1214.59	    601.81	      2.23	      2.21	     -1.00	     -1.00	-1.50	 4.406e+01	    -12.80	0	Gaussian	9990000000.000000	9990000000.000000
335	0	298.283890	23541.292006	     -1.00	    497.50	    623.54	      2.24	      2.21	     -1.00	     -1.00	21.43	 4.853e+01	    -12.80	0	Gaussian	9990000000.000000	9990000000.000000
336	0	301.103653	23646.542933	     -1.00	   1179.54	    140.40	      2.23	      2.21	     -1.00	     -1.00	5.07	 4.861e+01	    -12.80	0	Gaussian	9990000000.000000	9990000000.000000
337	0	299.457304	23399.363734	     -1.00	     66.51	    954.27	      2.24	      2.21	     -1.00	     -1.00	-23.70	 4.964e+01	    -12.79	0	Gaussian	9990000000.000000	9990000000.000000
338	0	299.421359	23589.383214	     -1.00	    506.76	   1145.04	      2.22	      2.20	     -1.00	     -1.00	-9.30	 3.937e+01	    -12.79	0	Gaussian	9990000000.000000	9990000000.000000
339	0	299.200144	23164.606637	     -1.00	    550.31	   1084.71	      2.23	      2.21	     -1.00	     -1.00	-15.74	 4.585e+01	    -12.78	0	Gaussian	9990000000.000000	9990000000.000000
340	0	299.260339	23206.091208	     -1.00	     76.13	    968.80	      2.22	      2.21	     -1.00	     -1.00	-67.63	 3.787e+01	    -12.78	0	Gaussian	9990000000.000000	9990000000.000000
341	0	299.938475	23200.400749	     -1.00	    877.49	   1049.12	      2.22	      2.21	     -1.00	     -1.00	-5.58	 5.038e+01	    -12.78	0	Gaussian	9990000000.000000	9990000000.000000
342	0	299.895371	23180.194713	     -1.00	    451.04	   1183.61	      2.21	      2.20	     -1.00	     -1.00	17.06	 2.965e+01	    -12.77	0	Gaussian	9990000000.000000	9990000000.000000
343	0	298.680460	22860.678628	     -1.00	    654.60	    453.42	      2.23	      2.21	     -1.00	     -1.00	-37.05	 4.503e+01	    -12.77	0	Gaussian	9990000000.000000	9990000000.000000
344	0	628.428928	24181.484042	     -1.00	    396.10	    329.47	      2.18	      2.14	     -1.00	     -1.00	-9.19	 1.522e+03	    -12.76	0	Gaussian	9990000000.000000	9990000000.000000
345	0	299.985961	22992.122200	     -1.00	     77.27	    290.82	      2.24	      2.19	     -1.00	     -1.00	-3.43	 4.551e+01	    -12.76	0	Gaussian	9990000000.000000	9990000000.000000
346	0	297.209898	22705.032202	     -1.00	    536.54	    295.07	      2.24	      2.21	     -1.00	     -1.00	29.68	 4.884e+01	    -12.76	0	Gaussian	9990000000.000000	9990000000.000000
347	0	377.497537	23107.990567	     -1.00	    463.43	    767.50	      2.22	      2.19	     -1.00	     -1.00	4.37	 3.666e+02	    -12.76	0	Gaussian	9990000000.000000	9990000000.000000
348	0	297.946128	22694.242680	     -1.00	    774.60	    453.11	      2.23	      2.21	     -1.00	     -1.00	-14.21	 4.867e+01	    -12.76	0	Gaussian	9990000000.000000	9990000000.000000
349	0	300.273287	22984.770666	     -1.00	    819.76	    569.02	      2.22	      2.20	     -1.00	     -1.00	10.22	 3.900e+01	    -12.76	0	Gaussian	9990000000.000000	9990000000.000000
350	0	301.311676	22918.636755	     -1.00	    451.78	   1100.80	      2.22	      2.19	     -1.00	     -1.00	14.66	 3.882e+01	    -12.75	0	Gaussian	9990000000.000000	9990000000.000000
351	0	300.875743	22795.202533	     -1.00	    238.05	   1275.50	      2.21	      2.20	     -1.00	     -1.00	-18.70	 3.363e+01	    -12.75	0	Gaussian	9990000000.000000	9990000000.000000
352	0	301.510081	22648.005696	     -1.00	    389.16	    293.06	      2.22	      2.21	     -1.00	     -1.00	41.75	 4.005e+01	    -12.75	0	Gaussian	9990000000.000000	9990000000.000000
353	0	298.595806	22774.629799	     -1.00	   1282.44	    690.80	      2.23	      2.19	     -1.00	     -1.00	6.25	 4.761e+01	    -12.75	0	Gaussian	9990000000.000000	9990000000.000000
354	0	299.277719	22505.823472	     -1.00	    269.67	    885.76	      2.23	      2.21	     -1.00	     -1.00	-0.30	 4.039e+01	    -12.75	0	Gaussian	9990000000.000000	9990000000.000000
355	0	300.993839	22785.789521	     -1.00	    247.95	    688.47	      2.20	      2.20	     -1.00	     -1.00	-70.62	 3.067e+01	    -12.74	0	Gaussian	9990000000.000000	9990000000.000000
356	0	296.980164	22297.528433	     -1.00	    907.34	    931.38	      2.24	      2.21	     -1.00	     -1.00	16.56	 5.070e+01	    -12.74	0	Gaussian	9990000000.000000	9990000000.000000
357	0	434.951346	22876.312500	     -1.00	    909.41	     97.87	      2.20	      2.17	     -1.00	     -1.00	24.94	 1.000e+03	    -12.73	0	Gaussian	9990000000.000000	9990000000.000000
358	0	299.742651	22239.111924	     -1.00	    671.77	    522.09	      2.22	      2.21	     -1.00	     -1.00	-18.37	 3.983e+01	    -12.73	0	Gaussian	9990000000.000000	9990000000.000000
359	0	298.701502	21989.610339	     -1.00	    800.67	   1283.48	      2.24	      2.22	     -1.00	     -1.00	-9.46	 4.121e+01	    -12.73	0	Gaussian	9990000000.000000	9990000000.000000
360	0	299.589999	22043.302984	     -1.00	     58.28	    176.96	      2.22	      2.22	     -1.00	     -1.00	23.04	 4.629e+01	    -12.72	0	Gaussian	9990000000.000000	9990000000.000000
361	0	299.643695	21953.088913	     -1.00	    357.25	    175.50	      2.23	      2.22	     -1.00	     -1.00	16.36	 4.219e+01	    -12.72	0	Gaussian	9990000000.000000	9990000000.000000
362	0	1000.511176	24472.850729	     -1.00	    497.21	    203.47	      2.11	      2.10	     -1.00	     -1.00	-43.26	 3.434e+03	    -12.72	0	Gaussian	9990000000.000000	9990000000.000000
363	0	300.175176	21808.400277	     -1.00	    230.38	   1177.07	      2.24	      2.21	     -1.00	     -1.00	-26.22	 4.719e+01	    -12.72	0	Gaussian	9990000000.000000	9990000000.000000
364	0	305.748084	21877.906306	     -1.00	    777.24	   1279.04	      2.23	      2.19	     -1.00	     -1.00	18.75	 5.294e+01	    -12.71	0	Gaussian	9990000000.000000	9990000000.000000
365	0	299.662461	21754.021164	     -1.00	    331.10	   1141.77	      2.22	      2.21	     -1.00	     -1.00	14.65	 3.389e+01	    -12.71	0	Gaussian	9990000000.000000	9990000000.000000
366	0	298.565863	21645.858451	     -1.00	    917.52	    165.75	      2.23	      2.21	     -1.00	     -1.00	7.91	 4.533e+01	    -12.70	0	Gaussian	9990000000.000000	9990000000.000000
367	0	299.952520	21649.735222	     -1.00	   1309.01	   1040.99	      2.22	      2.22	     -1.00	     -1.00	55.91	 3.397e+01	    -12.70	0	Gaussian	9990000000.000000	9990000000.000000
368	0	299.506214	21600.444544	     -1.00	    262.83	    203.25	      2.22	      2.22	     -1.00	     -1.00	17.43	 2.930e+01	    -12.70	0	Gaussian	9990000000.000000	9990000000.000000
369	0	299.359985	21731.010969	     -1.00	    815.39	    337.79	      2.22	      2.20	     -1.00	     -1.00	3.18	 4.925e+01	    -12.70	0	Gaussian	9990000000.000000	9990000000.000000
370	0	300.357275	21581.933056	     -1.00	    656.07	    404.72	      2.22	      2.21	     -1.00	     -1.00	-19.26	 3.326e+01	    -12.70	0	Gaussian	9990000000.000000	9990000000.000000
371	0	298.749596	21449.300176	     -1.00	    682.72	    670.29	      2.23	      2.22	     -1.00	     -1.00	25.95	 3.527e+01	    -12.70	0	Gaussian	9990000000.000000	9990000000.000000
372	0	301.007699	21579.240190	     -1.00	    139.89	    403.64	      2.21	      2.21	     -1.00	     -1.00	-86.15	 2.927e+01	    -12.69	0	Gaussian	9990000000.000000	9990000000.000000
373	0	299.071205	21413.851106	     -1.00	   1160.51	   1302.20	      2.23	      2.20	     -1.00	     -1.00	-8.96	 4.525e+01	    -12.69	0	Gaussian	9990000000.000000	9990000000.000000
374	0	300.361781	21385.159494	     -1.00	   1189.19	   1292.05	      2.22	      2.21	     -1.00	     -1.00	-33.26	 4.138e+01	    -12.69	0	Gaussian	9990000000.000000	9990000000.000000
375	0	301.869634	21473.663626	     -1.00	    440.91	    478.82	      2.21	      2.20	     -1.00	     -1.00	-19.11	 3.182e+01	    -12.68	0	Gaussian	9990000000.000000	9990000000.000000
376	0	299.227311	21042.832685	     -1.00	   1197.26	   1061.48	      2.23	      2.21	     -1.00	     -1.00	-21.10	 3.892e+01	    -12.68	0	Gaussian	9990000000.000000	9990000000.000000
377	0	298.524561	21069.963378	     -1.00	   1213.16	    671.16	      2.23	      2.21	     -1.00	     -1.00	28.89	 3.690e+01	    -12.67	0	Gaussian	9990000000.000000	9990000000.000000
378	0	420.423210	21379.646453	     -1.00	    968.80	     93.39	      2.20	      2.19	     -1.00	     -1.00	-6.38	 9.264e+02	    -12.67	0	Gaussian	9990000000.000000	9990000000.000000
379	0	302.506204	21037.418336	     -1.00	    312.96	   1317.84	      2.21	      2.21	     -1.00	     -1.00	74.68	 2.949e+01	    -12.67	0	Gaussian	9990000000.000000	9990000000.000000
380	0	300.739033	21157.355978	     -1.00	    923.19	   1166.04	      2.21	      2.20	     -1.00	     -1.00	-41.96	 3.854e+01	    -12.67	0	Gaussian	9990000000.000000	9990000000.000000
381	0	302.705391	20850.367192	     -1.00	    977.78	    114.64	      2.22	      2.20	     -1.00	     -1.00	4.70	 2.932e+01	    -12.66	0	Gaussian	9990000000.000000	9990000000.000000
382	0	301.010307	20769.132198	     -1.00	    609.97	    445.46	      2.22	      2.21	     -1.00	     -1.00	-57.96	 2.597e+01	    -12.66	0	Gaussian	9990000000.000000	9990000000.000000
383	0	299.851391	20538.631280	     -1.00	    522.41	    300.45	      2.23	      2.22	     -1.00	     -1.00	-11.85	 4.335e+01	    -12.65	0	Gaussian	9990000000.000000	9990000000.000000
384	0	300.382872	20902.825989	     -1.00	    527.14	    391.30	      2.21	      2.20	     -1.00	     -1.00	9.85	 3.469e+01	    -12.65	0	Gaussian	9990000000.000000	9990000000.000000
385	0	298.949258	20642.454173	     -1.00	   1110.73	    533.31	      2.22	      2.21	     -1.00	     -1.00	6.61	 3.654e+01	    -12.65	0	Gaussian	9990000000.000000	9990000000.000000
386	0	299.813504	20690.796261	     -1.00	   1242.94	    456.62	      2.22	      2.21	     -1.00	     -1.00	4.28	 2.869e+01	    -12.65	0	Gaussian	9990000000.000000	9990000000.000000
387	0	299.466043	20485.515430	     -1.00	   1248.28	   1236.18	      2.23	      2.21	     -1.00	     -1.00	22.50	 4.353e+01	    -12.65	0	Gaussian	9990000000.000000	9990000000.000000
388	0	300.957706	20675.244527	     -1.00	    834.11	    899.96	      2.21	      2.20	     -1.00	     -1.00	-25.17	 3.806e+01	    -12.64	0	Gaussian	9990000000.000000	9990000000.000000
389	0	301.268218	20455.057989	     -1.00	    333.48	   1181.87	      2.22	      2.21	     -1.00	     -1.00	-4.68	 4.692e+01	    -12.64	0	Gaussian	9990000000.000000	9990000000.000000
390	0	300.588742	20533.021977	     -1.00	    199.52	    537.73	      2.22	      2.20	     -1.00	     -1.00	-11.23	 4.607e+01	    -12.64	0	Gaussian	9990000000.000000	9990000000.000000
391	0	299.689391	20493.864744	     -1.00	    302.46	    970.64	      2.22	      2.19	     -1.00	     -1.00	6.40	 4.328e+01	    -12.64	0	Gaussian	9990000000.000000	9990000000.000000
392	0	298.392217	20160.231512	     -1.00	    892.39	   1297.22	      2.24	      2.22	     -1.00	     -1.00	-1.82	 4.239e+01	    -12.63	0	Gaussian	9990000000.000000	9990000000.000000
393	0	302.372156	20425.176857	     -1.00	   1061.08	   1257.70	      2.22	      2.20	     -1.00	     -1.00	-5.80	 3.027e+01	    -12.63	0	Gaussian	9990000000.000000	9990000000.000000
394	0	301.538484	20377.446588	     -1.00	     71.17	    674.42	      2.23	      2.20	     -1.00	     -1.00	-53.06	 3.725e+01	    -12.63	0	Gaussian	9990000000.000000	9990000000.000000
395	0	298.602963	20419.668192	     -1.00	    601.87	    740.34	      2.22	      2.21	     -1.00	     -1.00	-11.30	 3.168e+01	    -12.63	0	Gaussian	9990000000.000000	9990000000.000000
396	0	299.762367	20331.809268	     -1.00	    507.19	   1199.89	      2.22	      2.21	     -1.00	     -1.00	-4.78	 3.692e+01	    -12.63	0	Gaussian	9990000000.000000	9990000000.000000
397	0	300.790525	20373.162416	     -1.00	    211.11	   1068.05	      2.22	      2.20	     -1.00	     -1.00	-3.69	 3.216e+01	    -12.63	0	Gaussian	9990000000.000000	9990000000.000000
398	0	299.227355	19937.204602	     -1.00	    739.10	    928.57	      2.23	      2.21	     -1.00	     -1.00	-21.55	 3.164e+01	    -12.62	0	Gaussian	9990000000.000000	9990000000.000000
399	0	298.161559	19963.928794	     -1.00	    780.44	   1301.64	      2.22	      2.21	     -1.00	     -1.00	40.93	 4.245e+01	    -12.62	0	Gaussian	9990000000.000000	9990000000.000000
400	0	298.845931	20052.841382	     -1.00	    460.18	    996.67	      2.22	      2.20	     -1.00	     -1.00	0.09	 3.472e+01	    -12.62	0	Gaussian	9990000000.000000	9990000000.000000
401	0	299.640949	20173.872351	     -1.00	    326.08	   1007.13	      2.21	      2.20	     -1.00	     -1.00	-48.78	 3.327e+01	    -12.61	0	Gaussian	9990000000.000000	9990000000.000000
402	0	301.529972	20000.522581	     -1.00	   1085.91	    990.29	      2.22	      2.20	     -1.00	     -1.00	16.65	 2.881e+01	    -12.61	0	Gaussian	9990000000.000000	9990000000.000000
403	0	298.525832	19710.140752	     -1.00	    714.88	    710.46	      2.23	      2.21	     -1.00	     -1.00	71.84	 3.271e+01	    -12.60	0	Gaussian	9990000000.000000	9990000000.000000
404	0	300.445295	19748.126347	     -1.00	   1165.09	    301.02	      2.22	      2.22	     -1.00	     -1.00	76.59	 3.579e+01	    -12.60	0	Gaussian	9990000000.000000	9990000000.000000
405	0	299.790774	19713.101649	     -1.00	    727.30	    226.15	      2.22	      2.20	     -1.00	     -1.00	-17.38	 4.285e+01	    -12.60	0	Gaussian	9990000000.000000	9990000000.000000
406	0	301.224295	19600.822533	     -1.00	    472.80	    270.52	      2.22	      2.21	     -1.00	     -1.00	15.72	 3.085e+01	    -12.60	0	Gaussian	9990000000.000000	9990000000.000000
407	0	298.838771	19403.060794	     -1.00	    135.34	    592.10	      2.23	      2.21	     -1.00	     -1.00	-30.70	 4.623e+01	    -12.59	0	Gaussian	9990000000.000000	9990000000.000000
408	0	299.636955	19506.791081	     -1.00	     62.21	   1222.43	      2.22	      2.21	     -1.00	     -1.00	45.65	 3.685e+01	    -12.59	0	Gaussian	9990000000.000000	9990000000.000000
409	0	299.323327	19169.380866	     -1.00	   1163.21	   1250.30	      2.22	      2.22	     -1.00	     -1.00	34.56	 3.771e+01	    -12.58	0	Gaussian	9990000000.000000	9990000000.000000
410	0	298.782956	19170.601851	     -1.00	     80.51	    470.35	      2.23	      2.21	     -1.00	     -1.00	-15.27	 4.094e+01	    -12.58	0	Gaussian	9990000000.000000	9990000000.000000
411	0	298.662152	19326.210460	     -1.00	   1279.26	    355.86	      2.22	      2.21	     -1.00	     -1.00	9.37	 4.068e+01	    -12.57	0	Gaussian	9990000000.000000	9990000000.000000
412	0	302.970782	19308.314829	     -1.00	    847.95	    482.70	      2.22	      2.20	     -1.00	     -1.00	7.46	 2.649e+01	    -12.57	0	Gaussian	9990000000.000000	9990000000.000000
413	0	300.351333	19116.763240	     -1.00	    966.47	    522.31	      2.22	      2.21	     -1.00	     -1.00	28.12	 4.412e+01	    -12.57	0	Gaussian	9990000000.000000	9990000000.000000
414	0	297.671035	19161.185570	     -1.00	    445.56	    792.05	      2.22	      2.21	     -1.00	     -1.00	-15.08	 4.214e+01	    -12.57	0	Gaussian	9990000000.000000	9990000000.000000
415	0	300.517189	19236.083183	     -1.00	    914.87	   1128.89	      2.21	      2.20	     -1.00	     -1.00	-52.88	 3.267e+01	    -12.57	0	Gaussian	9990000000.000000	9990000000.000000
416	0	300.255434	18966.898466	     -1.00	     72.96	    774.14	      2.23	      2.21	     -1.00	     -1.00	-84.70	 2.933e+01	    -12.56	0	Gaussian	9990000000.000000	9990000000.000000
417	0	298.128623	18980.777512	     -1.00	    688.65	    298.66	      2.22	      2.21	     -1.00	     -1.00	69.66	 3.745e+01	    -12.56	0	Gaussian	9990000000.000000	9990000000.000000
418	0	300.375438	18743.056107	     -1.00	    124.36	    946.13	      2.22	      2.21	     -1.00	     -1.00	-19.82	 4.619e+01	    -12.55	0	Gaussian	9990000000.000000	9990000000.000000
419	0	299.552523	18838.620297	     -1.00	    613.11	    666.83	      2.22	      2.20	     -1.00	     -1.00	13.16	 3.396e+01	    -12.54	0	Gaussian	9990000000.000000	9990000000.000000
420	0	297.380089	18516.855593	     -1.00	   1173.41	    885.50	      2.24	      2.21	     -1.00	     -1.00	-39.20	 4.380e+01	    -12.54	0	Gaussian	9990000000.000000	9990000000.000000
421	0	298.095548	18506.679129	     -1.00	   1298.58	    441.90	      2.23	      2.21	     -1.00	     -1.00	20.93	 4.003e+01	    -12.54	0	Gaussian	9990000000.000000	9990000000.000000
422	0	842.805940	20243.931306	     -1.00	    563.85	    752.42	      2.12	      2.12	     -1.00	     -1.00	-53.73	 3.321e+03	    -12.53	0	Gaussian	9990000000.000000	9990000000.000000
423	0	301.160681	18517.715106	     -1.00	    307.99	    196.93	      2.22	      2.21	     -1.00	     -1.00	-82.98	 2.612e+01	    -12.53	0	Gaussian	9990000000.000000	9990000000.000000
424	0	299.439728	18548.215882	     -1.00	    141.20	    482.88	      2.21	      2.21	     -1.00	     -1.00	-61.77	 3.482e+01	    -12.53	0	Gaussian	9990000000.000000	9990000000.000000
425	0	298.608034	18467.309385	     -1.00	    191.24	    963.29	      2.22	      2.21	     -1.00	     -1.00	63.16	 3.750e+01	    -12.53	0	Gaussian	9990000000.000000	9990000000.000000
426	0	298.232549	18441.147863	     -1.00	   1041.66	   1199.53	      2.22	      2.21	     -1.00	     -1.00	-11.71	 3.351e+01	    -12.53	0	Gaussian	9990000000.000000	9990000000.000000
427	0	298.748276	18313.887193	     -1.00	    865.25	    423.33	      2.22	      2.21	     -1.00	     -1.00	-32.25	 3.646e+01	    -12.52	0	Gaussian	9990000000.000000	9990000000.000000
428	0	298.466227	18129.061321	     -1.00	    523.63	    650.25	      2.23	      2.22	     -1.00	     -1.00	-15.03	 4.294e+01	    -12.52	0	Gaussian	9990000000.000000	9990000000.000000
429	0	299.521469	18293.677382	     -1.00	    283.02	    117.97	      2.22	      2.21	     -1.00	     -1.00	14.10	 2.711e+01	    -12.52	0	Gaussian	9990000000.000000	9990000000.000000
430	0	300.519403	18210.401350	     -1.00	    940.82	    655.70	      2.23	      2.21	     -1.00	     -1.00	16.42	 2.560e+01	    -12.52	0	Gaussian	9990000000.000000	9990000000.000000
431	0	301.210275	17975.150183	     -1.00	   1057.78	    657.32	      2.21	      2.21	     -1.00	     -1.00	-10.73	 3.598e+01	    -12.50	0	Gaussian	9990000000.000000	9990000000.000000
432	0	301.281388	17872.340878	     -1.00	   1132.71	    998.64	      2.22	      2.22	     -1.00	     -1.00	49.30	 3.386e+01	    -12.50	0	Gaussian	9990000000.000000	9990000000.000000
433	0	328.311423	17884.675117	     -1.00	    784.59	    240.16	      2.23	      2.20	     -1.00	     -1.00	1.36	 3.075e+02	    -12.49	0	Gaussian	9990000000.000000	9990000000.000000
434	0	299.387170	17757.846630	     -1.00	    712.33	    998.95	      2.22	      2.20	     -1.00	     -1.00	28.09	 3.857e+01	    -12.48	0	Gaussian	9990000000.000000	9990000000.000000
435	0	302.073224	17894.370405	     -1.00	    551.93	    745.65	      2.21	      2.19	     -1.00	     -1.00	-34.46	 2.397e+01	    -12.48	0	Gaussian	9990000000.000000	9990000000.000000
436	0	298.125911	17507.539758	     -1.00	    356.53	    962.65	      2.23	      2.21	     -1.00	     -1.00	-65.09	 3.853e+01	    -12.48	0	Gaussian	9990000000.000000	9990000000.000000
437	0	300.217776	17643.213696	     -1.00	    824.35	    645.58	      2.23	      2.19	     -1.00	     -1.00	3.27	 3.565e+01	    -12.47	0	Gaussian	9990000000.000000	9990000000.000000
438	0	300.179684	17640.698833	     -1.00	   1289.18	    966.02	      2.21	      2.21	     -1.00	     -1.00	30.50	 3.444e+01	    -12.47	0	Gaussian	9990000000.000000	9990000000.000000
439	0	299.982628	17208.956903	     -1.00	    452.14	   1155.95	      2.22	      2.21	     -1.00	     -1.00	-30.71	 3.153e+01	    -12.45	0	Gaussian	9990000000.000000	9990000000.000000
440	0	301.958887	17129.480749	     -1.00	    183.17	   1260.10	      2.22	      2.20	     -1.00	     -1.00	12.78	 3.385e+01	    -12.44	0	Gaussian	9990000000.000000	9990000000.000000
441	0	300.490902	16996.098437	     -1.00	   1215.05	   1225.63	      2.23	      2.20	     -1.00	     -1.00	-57.26	 2.626e+01	    -12.44	0	Gaussian	9990000000.000000	9990000000.000000
442	0	299.122656	16899.961324	     -1.00	   1220.21	    140.49	      2.22	      2.21	     -1.00	     -1.00	-36.36	 3.366e+01	    -12.43	0	Gaussian	9990000000.000000	9990000000.000000
443	0	300.003501	16830.452210	     -1.00	    837.22	    151.56	      2.22	      2.21	     -1.00	     -1.00	7.11	 3.396e+01	    -12.43	0	Gaussian	9990000000.000000	9990000000.000000
444	0	301.296469	16873.993717	     -1.00	    758.15	   1264.57	      2.22	      2.21	     -1.00	     -1.00	36.03	 2.903e+01	    -12.43	0	Gaussian	9990000000.000000	9990000000.000000
445	0	297.404707	16511.650704	     -1.00	    694.62	    631.35	      2.24	      2.23	     -1.00	     -1.00	21.14	 3.794e+01	    -12.43	0	Gaussian	9990000000.000000	9990000000.000000
446	0	942.642449	18628.069924	     -1.00	     90.21	   1328.68	      2.10	      2.09	     -1.00	     -1.00	2.19	 3.227e+03	    -12.42	0	Gaussian	9990000000.000000	9990000000.000000
447	0	299.966636	16651.422984	     -1.00	   1226.65	    357.28	      2.23	      2.21	     -1.00	     -1.00	-19.11	 3.178e+01	    -12.42	0	Gaussian	9990000000.000000	9990000000.000000
448	0	300.388056	16615.674399	     -1.00	   1274.15	    162.37	      2.21	      2.21	     -1.00	     -1.00	41.18	 3.360e+01	    -12.41	0	Gaussian	9990000000.000000	9990000000.000000
449	0	301.241057	16164.969154	     -1.00	    931.61	   1303.90	      2.23	      2.21	     -1.00	     -1.00	9.70	 3.466e+01	    -12.39	0	Gaussian	9990000000.000000	9990000000.000000
450	0	302.884652	16317.573067	     -1.00	    599.90	    198.05	      2.22	      2.20	     -1.00	     -1.00	80.61	 2.941e+01	    -12.39	0	Gaussian	9990000000.000000	9990000000.000000
451	0	299.201990	16163.168115	     -1.00	   1259.40	    657.10	      2.22	      2.21	     -1.00	     -1.00	11.27	 3.723e+01	    -12.39	0	Gaussian	9990000000.000000	9990000000.000000
452	0	300.999415	16337.621683	     -1.00	    787.23	    418.86	      2.20	      2.20	     -1.00	     -1.00	-28.85	 3.710e+01	    -12.39	0	Gaussian	9990000000.000000	9990000000.000000
453	0	301.336541	16256.297884	     -1.00	    868.26	    460.65	      2.21	      2.20	     -1.00	     -1.00	-24.61	 3.490e+01	    -12.38	0	Gaussian	9990000000.000000	9990000000.000000
454	0	300.099331	15986.522244	     -1.00	    553.74	    260.43	      2.22	      2.22	     -1.00	     -1.00	-16.47	 2.679e+01	    -12.38	0	Gaussian	9990000000.000000	9990000000.000000
455	0	365.472455	16346.029128	     -1.00	   1165.56	    464.16	      2.20	      2.19	     -1.00	     -1.00	-41.37	 5.011e+02	    -12.38	0	Gaussian	9990000000.000000	9990000000.000000
456	0	299.265384	15755.633865	     -1.00	   1100.70	   1127.23	      2.23	      2.21	     -1.00	     -1.00	-24.08	 3.054e+01	    -12.36	0	Gaussian	9990000000.000000	9990000000.000000
457	0	298.609200	15839.855348	     -1.00	    826.59	   1333.33	      2.22	      2.21	     -1.00	     -1.00	1.50	 3.647e+01	    -12.36	0	Gaussian	9990000000.000000	9990000000.000000
458	0	297.027070	15843.577628	     -1.00	   1274.27	    224.07	      2.21	      2.21	     -1.00	     -1.00	83.11	 3.616e+01	    -12.36	0	Gaussian	9990000000.000000	9990000000.000000
459	0	299.275250	15816.390516	     -1.00	    919.58	    857.40	      2.23	      2.21	     -1.00	     -1.00	-6.90	 3.397e+01	    -12.36	0	Gaussian	9990000000.000000	9990000000.000000
460	0	299.239137	15820.811383	     -1.00	    266.63	   1039.60	      2.22	      2.20	     -1.00	     -1.00	3.31	 3.145e+01	    -12.36	0	Gaussian	9990000000.000000	9990000000.000000
461	0	298.553269	15495.772516	     -1.00	    737.49	    307.36	      2.24	      2.23	     -1.00	     -1.00	5.29	 3.757e+01	    -12.36	0	Gaussian	9990000000.000000	9990000000.000000
462	0	300.409999	15746.860870	     -1.00	    550.87	    218.15	      2.22	      2.20	     -1.00	     -1.00	-2.48	 2.621e+01	    -12.35	0	Gaussian	9990000000.000000	9990000000.000000
463	0	613.015977	16930.448250	     -1.00	   1064.97	    544.57	      2.13	      2.13	     -1.00	     -1.00	13.69	 2.232e+03	    -12.35	0	Gaussian	9990000000.000000	9990000000.000000
464	0	299.675361	15825.826566	     -1.00	    300.75	    825.66	      2.22	      2.19	     -1.00	     -1.00	-33.01	 3.208e+01	    -12.35	0	Gaussian	9990000000.000000	9990000000.000000
465	0	299.229879	15700.399203	     -1.00	    294.44	    143.90	      2.23	      2.20	     -1.00	     -1.00	-6.29	 3.796e+01	    -12.35	0	Gaussian	9990000000.000000	9990000000.000000
466	0	300.545837	15697.992505	     -1.00	    467.97	    226.97	      2.22	      2.20	     -1.00	     -1.00	11.45	 2.289e+01	    -12.35	0	Gaussian	9990000000.000000	9990000000.000000
467	0	298.263445	15428.451006	     -1.00	    140.46	    940.28	      2.23	      2.22	     -1.00	     -1.00	41.01	 3.817e+01	    -12.34	0	Gaussian	9990000000.000000	9990000000.000000
468	0	300.062452	15522.035280	     -1.00	    196.72	    880.12	      2.23	      2.20	     -1.00	     -1.00	-20.60	 3.219e+01	    -12.34	0	Gaussian	9990000000.000000	9990000000.000000
469	0	299.468657	15424.396521	     -1.00	    321.89	     76.91	      2.23	      2.20	     -1.00	     -1.00	-15.96	 2.644e+01	    -12.33	0	Gaussian	9990000000.000000	9990000000.000000
470	0	299.982233	15385.542479	     -1.00	    517.80	    325.91	      2.22	      2.20	     -1.00	     -1.00	88.00	 2.550e+01	    -12.32	0	Gaussian	9990000000.000000	9990000000.000000
471	0	299.588974	15143.756040	     -1.00	   1030.89	    717.18	      2.23	      2.21	     -1.00	     -1.00	-57.42	 2.939e+01	    -12.32	0	Gaussian	9990000000.000000	9990000000.000000
472	0	498.281337	15959.244397	     -1.00	    916.68	    106.12	      2.17	      2.15	     -1.00	     -1.00	-5.57	 1.415e+03	    -12.32	0	Gaussian	9990000000.000000	9990000000.000000
473	0	299.299929	15181.944497	     -1.00	   1150.88	    461.35	      2.21	      2.21	     -1.00	     -1.00	-26.68	 2.909e+01	    -12.31	0	Gaussian	9990000000.000000	9990000000.000000
474	0	299.459563	14984.816532	     -1.00	    729.78	    518.87	      2.23	      2.21	     -1.00	     -1.00	-6.30	 2.533e+01	    -12.31	0	Gaussian	9990000000.000000	9990000000.000000
475	0	301.471591	14859.114668	     -1.00	    784.81	     76.37	      2.22	      2.22	     -1.00	     -1.00	2.51	 2.513e+01	    -12.30	0	Gaussian	9990000000.000000	9990000000.000000
476	0	298.832464	14889.281887	     -1.00	   1105.71	    132.20	      2.22	      2.21	     -1.00	     -1.00	57.06	 3.088e+01	    -12.29	0	Gaussian	9990000000.000000	9990000000.000000
477	0	300.141104	14881.602637	     -1.00	   1228.58	    480.41	      2.22	      2.20	     -1.00	     -1.00	-34.57	 3.230e+01	    -12.29	0	Gaussian	9990000000.000000	9990000000.000000
478	0	299.719167	14771.853542	     -1.00	    395.52	    408.84	      2.23	      2.21	     -1.00	     -1.00	4.62	 3.181e+01	    -12.29	0	Gaussian	9990000000.000000	9990000000.000000
479	0	300.846001	14823.584175	     -1.00	    108.23	    248.63	      2.23	      2.19	     -1.00	     -1.00	14.00	 2.945e+01	    -12.29	0	Gaussian	9990000000.000000	9990000000.000000
480	0	299.878807	14911.854832	     -1.00	    751.36	   1202.58	      2.21	      2.20	     -1.00	     -1.00	52.46	 3.263e+01	    -12.29	0	Gaussian	9990000000.000000	9990000000.000000
481	0	299.045279	14745.830069	     -1.00	    254.12	    385.30	      2.23	      2.20	     -1.00	     -1.00	34.84	 2.673e+01	    -12.28	0	Gaussian	9990000000.000000	9990000000.000000
482	0	298.126894	14525.256530	     -1.00	    310.34	    999.58	      2.24	      2.21	     -1.00	     -1.00	-27.01	 3.440e+01	    -12.28	0	Gaussian	9990000000.000000	9990000000.000000
483	0	300.661161	14701.756698	     -1.00	    357.54	    256.73	      2.24	      2.19	     -1.00	     -1.00	-11.68	 3.263e+01	    -12.28	0	Gaussian	9990000000.000000	9990000000.000000
484	0	302.050867	14589.348325	     -1.00	   1116.64	    446.76	      2.22	      2.21	     -1.00	     -1.00	84.28	 3.145e+01	    -12.27	0	Gaussian	9990000000.000000	9990000000.000000
485	0	302.058130	14648.759559	     -1.00	    122.94	    220.20	      2.21	      2.20	     -1.00	     -1.00	-61.25	 2.473e+01	    -12.27	0	Gaussian	9990000000.000000	9990000000.000000
486	0	300.888491	14299.744212	     -1.00	   1073.32	    817.64	      2.23	      2.22	     -1.00	     -1.00	-37.49	 3.219e+01	    -12.26	0	Gaussian	9990000000.000000	9990000000.000000
487	0	300.531413	14494.744061	     -1.00	   1021.13	    830.22	      2.21	      2.21	     -1.00	     -1.00	50.47	 2.850e+01	    -12.26	0	Gaussian	9990000000.000000	9990000000.000000
488	0	300.523720	14415.503574	     -1.00	    403.27	    448.96	      2.23	      2.20	     -1.00	     -1.00	12.27	 3.134e+01	    -12.26	0	Gaussian	9990000000.000000	9990000000.000000
489	0	300.914127	14528.677386	     -1.00	   1335.89	   1288.15	      2.21	      2.19	     -1.00	     -1.00	-38.27	 2.224e+01	    -12.26	0	Gaussian	9990000000.000000	9990000000.000000
490	0	300.047223	14189.885478	     -1.00	   1058.42	    209.95	      2.24	      2.21	     -1.00	     -1.00	-18.88	 3.095e+01	    -12.25	0	Gaussian	9990000000.000000	9990000000.000000
491	0	298.491481	14288.901662	     -1.00	    379.49	   1273.59	      2.24	      2.19	     -1.00	     -1.00	-5.35	 3.124e+01	    -12.25	0	Gaussian	9990000000.000000	9990000000.000000
492	0	299.346360	14288.339590	     -1.00	    431.86	    835.58	      2.22	      2.21	     -1.00	     -1.00	39.10	 2.234e+01	    -12.25	0	Gaussian	9990000000.000000	9990000000.000000
493	0	300.551914	14093.763232	     -1.00	   1182.04	   1133.22	      2.24	      2.22	     -1.00	     -1.00	-88.28	 2.711e+01	    -12.25	0	Gaussian	9990000000.000000	9990000000.000000
494	0	300.390878	14310.246793	     -1.00	    453.10	    286.32	      2.21	      2.21	     -1.00	     -1.00	34.54	 2.685e+01	    -12.25	0	Gaussian	9990000000.000000	9990000000.000000
495	0	300.682106	14193.241141	     -1.00	    983.13	    351.47	      2.22	      2.21	     -1.00	     -1.00	61.64	 2.636e+01	    -12.24	0	Gaussian	9990000000.000000	9990000000.000000
496	0	300.744391	14076.581458	     -1.00	    739.11	    137.92	      2.23	      2.21	     -1.00	     -1.00	-26.99	 2.850e+01	    -12.24	0	Gaussian	9990000000.000000	9990000000.000000
497	0	299.194026	14039.254384	     -1.00	   1255.03	    172.25	      2.21	      2.21	     -1.00	     -1.00	81.88	 2.366e+01	    -12.23	0	Gaussian	9990000000.000000	9990000000.000000
498	0	299.980728	13905.506523	     -1.00	    116.26	    551.35	      2.24	      2.21	     -1.00	     -1.00	-7.40	 2.792e+01	    -12.23	0	Gaussian	9990000000.000000	9990000000.000000
499	0	299.259956	13994.743697	     -1.00	   1129.60	   1104.83	      2.22	      2.20	     -1.00	     -1.00	-0.69	 2.850e+01	    -12.23	0	Gaussian	9990000000.000000	9990000000.000000
500	0	299.111046	13894.295553	     -1.00	   1041.21	    631.23	      2.23	      2.21	     -1.00	     -1.00	7.81	 2.955e+01	    -12.22	0	Gaussian	9990000000.000000	9990000000.000000
501	0	297.536323	14000.376327	     -1.00	    379.20	    741.98	      2.21	      2.20	     -1.00	     -1.00	-66.83	 3.126e+01	    -12.22	0	Gaussian	9990000000.000000	9990000000.000000
502	0	300.801783	14094.121738	     -1.00	    434.18	   1169.86	      2.21	      2.19	     -1.00	     -1.00	16.30	 3.183e+01	    -12.22	0	Gaussian	9990000000.000000	9990000000.000000
503	0	297.276386	13596.773943	     -1.00	    882.22	   1089.47	      2.22	      2.21	     -1.00	     -1.00	41.63	 2.915e+01	    -12.20	0	Gaussian	9990000000.000000	9990000000.000000
504	0	300.319608	13582.713318	     -1.00	    513.49	    863.79	      2.23	      2.20	     -1.00	     -1.00	-4.60	 3.109e+01	    -12.19	0	Gaussian	9990000000.000000	9990000000.000000
505	0	298.356126	13475.389108	     -1.00	    812.48	    874.83	      2.23	      2.20	     -1.00	     -1.00	-11.54	 3.404e+01	    -12.19	0	Gaussian	9990000000.000000	9990000000.000000
506	0	298.918114	13360.120480	     -1.00	    335.88	    541.50	      2.23	      2.20	     -1.00	     -1.00	24.98	 2.053e+01	    -12.18	0	Gaussian	9990000000.000000	9990000000.000000
507	0	300.306650	13438.973707	     -1.00	    414.03	   1164.12	      2.22	      2.20	     -1.00	     -1.00	13.89	 2.362e+01	    -12.18	0	Gaussian	9990000000.000000	9990000000.000000
508	0	298.718006	13263.131194	     -1.00	    458.18	   1257.28	      2.22	      2.21	     -1.00	     -1.00	14.68	 2.607e+01	    -12.17	0	Gaussian	9990000000.000000	9990000000.000000
509	0	300.951911	13179.173788	     -1.00	    855.90	   1309.43	      2.22	      2.22	     -1.00	     -1.00	17.13	 2.286e+01	    -12.17	0	Gaussian	9990000000.000000	9990000000.000000
510	0	299.692548	13262.163879	     -1.00	    347.69	    465.75	      2.23	      2.20	     -1.00	     -1.00	-1.03	 2.714e+01	    -12.17	0	Gaussian	9990000000.000000	9990000000.000000
511	0	299.004945	13251.069223	     -1.00	     83.03	   1077.96	      2.21	      2.20	     -1.00	     -1.00	-21.45	 2.535e+01	    -12.16	0	Gaussian	9990000000.000000	9990000000.000000
512	0	298.485784	13004.877833	     -1.00	     81.12	    232.26	      2.22	      2.21	     -1.00	     -1.00	-20.58	 2.589e+01	    -12.15	0	Gaussian	9990000000.000000	9990000000.000000
513	0	299.847498	13203.347078	     -1.00	    735.92	    670.25	      2.21	      2.19	     -1.00	     -1.00	-22.76	 2.445e+01	    -12.15	0	Gaussian	9990000000.000000	9990000000.000000
514	0	299.870558	12839.287099	     -1.00	    836.34	    624.55	      2.23	      2.23	     -1.00	     -1.00	-0.82	 3.025e+01	    -12.15	0	Gaussian	9990000000.000000	9990000000.000000
515	0	299.903955	12802.097196	     -1.00	    175.86	    264.14	      2.23	      2.22	     -1.00	     -1.00	-57.04	 2.320e+01	    -12.14	0	Gaussian	9990000000.000000	9990000000.000000
516	0	300.835988	13052.532244	     -1.00	    501.84	   1344.57	      2.21	      2.20	     -1.00	     -1.00	2.71	 2.366e+01	    -12.14	0	Gaussian	9990000000.000000	9990000000.000000
517	0	442.171092	13229.727015	     -1.00	   1164.40	    455.37	      2.19	      2.18	     -1.00	     -1.00	29.95	 9.970e+02	    -12.14	0	Gaussian	9990000000.000000	9990000000.000000
518	0	299.899876	13001.349946	     -1.00	   1111.91	   1282.91	      2.21	      2.19	     -1.00	     -1.00	45.42	 2.255e+01	    -12.13	0	Gaussian	9990000000.000000	9990000000.000000
519	0	297.820966	12783.514396	     -1.00	    164.94	    302.32	      2.22	      2.21	     -1.00	     -1.00	77.57	 2.023e+01	    -12.13	0	Gaussian	9990000000.000000	9990000000.000000
520	0	419.146690	13147.420392	     -1.00	    428.48	    954.83	      2.20	      2.17	     -1.00	     -1.00	8.60	 6.108e+02	    -12.13	0	Gaussian	9990000000.000000	9990000000.000000
521	0	299.570330	12537.533460	     -1.00	   1048.16	    114.32	      2.23	      2.22	     -1.00	     -1.00	-37.22	 2.828e+01	    -12.12	0	Gaussian	9990000000.000000	9990000000.000000
522	0	300.258209	12595.031412	     -1.00	    458.48	   1300.33	      2.23	      2.21	     -1.00	     -1.00	-19.99	 3.074e+01	    -12.12	0	Gaussian	9990000000.000000	9990000000.000000
523	0	298.661933	12548.439526	     -1.00	   1123.11	    435.11	      2.23	      2.21	     -1.00	     -1.00	36.78	 2.442e+01	    -12.12	0	Gaussian	9990000000.000000	9990000000.000000
524	0	298.279704	12700.756003	     -1.00	     66.30	    758.04	      2.21	      2.20	     -1.00	     -1.00	39.57	 3.117e+01	    -12.11	0	Gaussian	9990000000.000000	9990000000.000000
525	0	300.924423	12531.872273	     -1.00	   1071.58	    637.06	      2.23	      2.21	     -1.00	     -1.00	16.74	 2.808e+01	    -12.11	0	Gaussian	9990000000.000000	9990000000.000000
526	0	300.529034	12573.322578	     -1.00	    721.26	   1015.72	      2.22	      2.20	     -1.00	     -1.00	-1.71	 2.852e+01	    -12.11	0	Gaussian	9990000000.000000	9990000000.000000
527	0	551.207748	13516.034406	     -1.00	    772.95	    860.09	      2.13	      2.12	     -1.00	     -1.00	60.12	 1.716e+03	    -12.10	0	Gaussian	9990000000.000000	9990000000.000000
528	0	300.121456	12053.909707	     -1.00	    432.09	   1279.37	      2.23	      2.22	     -1.00	     -1.00	-51.82	 2.514e+01	    -12.08	0	Gaussian	9990000000.000000	9990000000.000000
529	0	299.729738	12098.829552	     -1.00	    646.70	    928.29	      2.24	      2.20	     -1.00	     -1.00	5.17	 3.150e+01	    -12.07	0	Gaussian	9990000000.000000	9990000000.000000
530	0	301.914202	12189.426861	     -1.00	   1310.22	    487.11	      2.22	      2.20	     -1.00	     -1.00	-21.19	 3.264e+01	    -12.07	0	Gaussian	9990000000.000000	9990000000.000000
531	0	298.309111	11985.512225	     -1.00	   1313.37	    420.74	      2.23	      2.20	     -1.00	     -1.00	18.10	 3.065e+01	    -12.06	0	Gaussian	9990000000.000000	9990000000.000000
532	0	299.446989	11981.616803	     -1.00	   1170.80	    585.56	      2.22	      2.21	     -1.00	     -1.00	-10.41	 2.165e+01	    -12.06	0	Gaussian	9990000000.000000	9990000000.000000
533	0	300.159191	11770.426946	     -1.00	   1029.99	    197.03	      2.22	      2.22	     -1.00	     -1.00	33.28	 2.230e+01	    -12.05	0	Gaussian	9990000000.000000	9990000000.000000
534	0	299.218591	11788.636165	     -1.00	    554.20	    905.63	      2.22	      2.21	     -1.00	     -1.00	-33.15	 2.441e+01	    -12.04	0	Gaussian	9990000000.000000	9990000000.000000
535	0	299.797547	11673.672718	     -1.00	    397.35	    893.95	      2.23	      2.22	     -1.00	     -1.00	31.02	 2.869e+01	    -12.04	0	Gaussian	9990000000.000000	9990000000.000000
536	0	300.401234	11236.590426	     -1.00	    639.44	   1268.18	      2.24	      2.20	     -1.00	     -1.00	-16.42	 2.704e+01	    -12.00	0	Gaussian	9990000000.000000	9990000000.000000
537	0	300.043895	11057.847774	     -1.00	   1087.25	    198.43	      2.23	      2.22	     -1.00	     -1.00	-67.99	 2.364e+01	    -11.98	0	Gaussian	9990000000.000000	9990000000.000000
538	0	300.725590	11314.698761	     -1.00	    375.66	    309.74	      2.23	      2.17	     -1.00	     -1.00	-14.18	 2.734e+01	    -11.98	0	Gaussian	9990000000.000000	9990000000.000000
539	0	300.561302	11017.039685	     -1.00	    122.59	    155.36	      2.22	      2.21	     -1.00	     -1.00	14.00	 2.726e+01	    -11.97	0	Gaussian	9990000000.000000	9990000000.000000
540	0	299.129377	10918.352705	     -1.00	    825.97	    992.93	      2.23	      2.22	     -1.00	     -1.00	22.14	 2.172e+01	    -11.97	0	Gaussian	9990000000.000000	9990000000.000000
541	0	300.178892	10978.334410	     -1.00	    726.23	   1278.44	      2.23	      2.20	     -1.00	     -1.00	15.00	 2.404e+01	    -11.96	0	Gaussian	9990000000.000000	9990000000.000000
542	0	299.228890	10842.276665	     -1.00	    356.85	    137.39	      2.23	      2.22	     -1.00	     -1.00	-22.86	 2.113e+01	    -11.96	0	Gaussian	9990000000.000000	9990000000.000000
543	0	296.864641	10840.200453	     -1.00	   1108.72	   1225.67	      2.23	      2.21	     -1.00	     -1.00	11.71	 2.173e+01	    -11.96	0	Gaussian	9990000000.000000	9990000000.000000
544	0	299.374521	10989.347784	     -1.00	    549.44	    508.68	      2.22	      2.18	     -1.00	     -1.00	6.46	 2.821e+01	    -11.95	0	Gaussian	9990000000.000000	9990000000.000000
545	0	301.405376	10851.912277	     -1.00	   1203.80	    370.91	      2.22	      2.20	     -1.00	     -1.00	23.56	 2.495e+01	    -11.95	0	Gaussian	9990000000.000000	9990000000.000000
546	0	301.759207	10912.473400	     -1.00	    984.92	   1138.02	      2.21	      2.20	     -1.00	     -1.00	-61.64	 1.892e+01	    -11.95	0	Gaussian	9990000000.000000	9990000000.000000
547	0	299.041607	10772.384631	     -1.00	   1286.17	    767.82	      2.21	      2.20	     -1.00	     -1.00	35.36	 2.745e+01	    -11.93	0	Gaussian	9990000000.000000	9990000000.000000
548	0	301.816851	10633.029483	     -1.00	    837.85	    671.72	      2.22	      2.21	     -1.00	     -1.00	-11.90	 2.009e+01	    -11.93	0	Gaussian	9990000000.000000	9990000000.000000
549	0	296.839286	10373.781305	     -1.00	    529.49	    476.22	      2.23	      2.23	     -1.00	     -1.00	-19.07	 2.692e+01	    -11.92	0	Gaussian	9990000000.000000	9990000000.000000
550	0	299.581909	10522.113434	     -1.00	    699.23	    839.04	      2.22	      2.20	     -1.00	     -1.00	43.28	 2.623e+01	    -11.91	0	Gaussian	9990000000.000000	9990000000.000000
551	0	299.008743	10384.071475	     -1.00	    221.83	    725.89	      2.22	      2.21	     -1.00	     -1.00	66.49	 2.135e+01	    -11.91	0	Gaussian	9990000000.000000	9990000000.000000
552	0	299.042962	10458.843560	     -1.00	    645.04	    542.34	      2.21	      2.20	     -1.00	     -1.00	-22.53	 1.991e+01	    -11.90	0	Gaussian	9990000000.000000	9990000000.000000
553	0	300.753922	10440.199407	     -1.00	    979.33	    913.68	      2.22	      2.19	     -1.00	     -1.00	-14.18	 2.689e+01	    -11.90	0	Gaussian	9990000000.000000	9990000000.000000
554	0	396.134424	10729.043462	     -1.00	    763.45	   1147.87	      2.19	      2.16	     -1.00	     -1.00	-3.83	 4.627e+02	    -11.90	0	Gaussian	9990000000.000000	9990000000.000000
555	0	389.445394	10604.470548	     -1.00	    659.07	    783.26	      2.18	      2.18	     -1.00	     -1.00	15.99	 6.925e+02	    -11.89	0	Gaussian	9990000000.000000	9990000000.000000
556	0	299.245929	10398.121527	     -1.00	    319.12	    456.94	      2.21	      2.19	     -1.00	     -1.00	12.83	 2.220e+01	    -11.89	0	Gaussian	9990000000.000000	9990000000.000000
557	0	299.755250	10106.262589	     -1.00	    110.56	    473.88	      2.24	      2.22	     -1.00	     -1.00	25.93	 2.431e+01	    -11.89	0	Gaussian	9990000000.000000	9990000000.000000
558	0	301.483564	10256.136709	     -1.00	    394.55	   1114.23	      2.21	      2.21	     -1.00	     -1.00	8.43	 2.522e+01	    -11.88	0	Gaussian	9990000000.000000	9990000000.000000
559	0	300.871775	10119.534788	     -1.00	    334.30	    408.25	      2.23	      2.21	     -1.00	     -1.00	-87.65	 2.688e+01	    -11.88	0	Gaussian	9990000000.000000	9990000000.000000
560	0	298.706979	9943.159700	     -1.00	    826.71	   1083.79	      2.21	      2.21	     -1.00	     -1.00	58.22	 2.303e+01	    -11.86	0	Gaussian	9990000000.000000	9990000000.000000
561	0	298.869298	9918.169322	     -1.00	   1072.31	    715.18	      2.22	      2.21	     -1.00	     -1.00	68.88	 2.831e+01	    -11.85	0	Gaussian	9990000000.000000	9990000000.000000
562	0	299.676924	9617.819483	     -1.00	   1236.03	    143.07	      2.24	      2.21	     -1.00	     -1.00	-39.65	 2.447e+01	    -11.83	0	Gaussian	9990000000.000000	9990000000.000000
563	0	302.038143	9566.328243	     -1.00	    181.08	    470.13	      2.22	      2.22	     -1.00	     -1.00	10.20	 2.343e+01	    -11.82	0	Gaussian	9990000000.000000	9990000000.000000
564	0	298.824112	9573.198418	     -1.00	   1266.59	    779.70	      2.23	      2.21	     -1.00	     -1.00	-23.77	 2.606e+01	    -11.82	0	Gaussian	9990000000.000000	9990000000.000000
565	0	301.083497	9601.047174	     -1.00	    403.22	    859.60	      2.23	      2.20	     -1.00	     -1.00	-2.25	 2.146e+01	    -11.82	0	Gaussian	9990000000.000000	9990000000.000000
566	0	300.212724	9716.317458	     -1.00	    500.05	    469.49	      2.20	      2.20	     -1.00	     -1.00	52.58	 1.950e+01	    -11.81	0	Gaussian	9990000000.000000	9990000000.000000
567	0	440.341117	9926.793458	     -1.00	   1104.88	   1310.20	      2.17	      2.16	     -1.00	     -1.00	-37.11	 6.775e+02	    -11.81	0	Gaussian	9990000000.000000	9990000000.000000
568	0	298.695145	9358.896597	     -1.00	    888.21	     65.87	      2.22	      2.22	     -1.00	     -1.00	-36.72	 2.184e+01	    -11.80	0	Gaussian	9990000000.000000	9990000000.000000
569	0	300.456752	9410.116303	     -1.00	    730.24	   1199.06	      2.22	      2.21	     -1.00	     -1.00	36.52	 2.426e+01	    -11.80	0	Gaussian	9990000000.000000	9990000000.000000
570	0	302.622672	9314.107108	     -1.00	   1060.04	    455.15	      2.23	      2.22	     -1.00	     -1.00	73.86	 2.156e+01	    -11.79	0	Gaussian	9990000000.000000	9990000000.000000
571	0	299.056332	9422.087985	     -1.00	    171.98	     86.34	      2.21	      2.21	     -1.00	     -1.00	-23.53	 2.056e+01	    -11.79	0	Gaussian	9990000000.000000	9990000000.000000
572	0	300.370248	9451.900049	     -1.00	   1325.77	   1010.40	      2.22	      2.17	     -1.00	     -1.00	-10.33	 2.168e+01	    -11.78	0	Gaussian	9990000000.000000	9990000000.000000
573	0	297.163522	9262.968021	     -1.00	    567.22	   1136.11	      2.22	      2.20	     -1.00	     -1.00	12.62	 2.447e+01	    -11.78	0	Gaussian	9990000000.000000	9990000000.000000
574	0	300.407635	9382.603025	     -1.00	    766.91	    265.73	      2.20	      2.20	     -1.00	     -1.00	-24.21	 1.684e+01	    -11.78	0	Gaussian	9990000000.000000	9990000000.000000
575	0	299.441201	9240.131110	     -1.00	   1065.91	   1155.53	      2.21	      2.21	     -1.00	     -1.00	-12.65	 1.965e+01	    -11.77	0	Gaussian	9990000000.000000	9990000000.000000
576	0	299.546583	9169.158727	     -1.00	     71.63	    382.34	      2.22	      2.21	     -1.00	     -1.00	50.91	 2.323e+01	    -11.77	0	Gaussian	9990000000.000000	9990000000.000000
577	0	299.630885	9080.550159	     -1.00	   1091.88	   1099.88	      2.22	      2.21	     -1.00	     -1.00	-18.66	 1.784e+01	    -11.76	0	Gaussian	9990000000.000000	9990000000.000000
578	0	300.318202	8964.091567	     -1.00	    528.61	   1233.26	      2.23	      2.22	     -1.00	     -1.00	-42.72	 2.339e+01	    -11.75	0	Gaussian	9990000000.000000	9990000000.000000
579	0	299.908864	8948.855764	     -1.00	    530.00	   1302.33	      2.22	      2.20	     -1.00	     -1.00	-75.87	 2.040e+01	    -11.74	0	Gaussian	9990000000.000000	9990000000.000000
580	0	299.933316	8779.350168	     -1.00	   1236.66	    547.76	      2.23	      2.22	     -1.00	     -1.00	18.83	 2.352e+01	    -11.73	0	Gaussian	9990000000.000000	9990000000.000000
581	0	300.580644	8860.120415	     -1.00	   1030.63	    897.04	      2.22	      2.20	     -1.00	     -1.00	-83.03	 2.453e+01	    -11.73	0	Gaussian	9990000000.000000	9990000000.000000
582	0	301.681536	8795.264504	     -1.00	    963.05	    915.06	      2.22	      2.21	     -1.00	     -1.00	65.43	 1.929e+01	    -11.73	0	Gaussian	9990000000.000000	9990000000.000000
583	0	298.738863	8563.318460	     -1.00	    611.53	    869.25	      2.23	      2.22	     -1.00	     -1.00	-68.67	 2.580e+01	    -11.71	0	Gaussian	9990000000.000000	9990000000.000000
584	0	298.486600	8473.906813	     -1.00	    939.11	    885.15	      2.23	      2.21	     -1.00	     -1.00	81.00	 2.145e+01	    -11.69	0	Gaussian	9990000000.000000	9990000000.000000
585	0	298.144833	8488.879184	     -1.00	    566.24	   1124.70	      2.22	      2.21	     -1.00	     -1.00	-40.66	 2.335e+01	    -11.68	0	Gaussian	9990000000.000000	9990000000.000000
586	0	299.577879	8557.492688	     -1.00	    921.75	   1055.29	      2.22	      2.19	     -1.00	     -1.00	47.04	 2.018e+01	    -11.68	0	Gaussian	9990000000.000000	9990000000.000000
587	0	297.106071	8499.399685	     -1.00	    500.28	   1116.21	      2.21	      2.20	     -1.00	     -1.00	14.19	 2.200e+01	    -11.68	0	Gaussian	9990000000.000000	9990000000.000000
588	0	298.851235	8235.344438	     -1.00	    742.63	    284.54	      2.24	      2.21	     -1.00	     -1.00	-51.38	 2.392e+01	    -11.66	0	Gaussian	9990000000.000000	9990000000.000000
589	0	299.026143	8225.745686	     -1.00	    996.37	    205.89	      2.24	      2.21	     -1.00	     -1.00	11.34	 2.362e+01	    -11.66	0	Gaussian	9990000000.000000	9990000000.000000
590	0	300.586746	8333.716877	     -1.00	    493.71	    896.06	      2.21	      2.21	     -1.00	     -1.00	-69.06	 2.014e+01	    -11.66	0	Gaussian	9990000000.000000	9990000000.000000
591	0	300.849162	8278.069368	     -1.00	     73.32	    858.38	      2.22	      2.21	     -1.00	     -1.00	20.35	 2.348e+01	    -11.66	0	Gaussian	9990000000.000000	9990000000.000000
592	0	336.398596	8397.781093	     -1.00	    767.24	   1276.05	      2.20	      2.18	     -1.00	     -1.00	-78.73	 2.910e+02	    -11.65	0	Gaussian	9990000000.000000	9990000000.000000
593	0	297.534212	8228.624049	     -1.00	    964.66	   1279.48	      2.23	      2.20	     -1.00	     -1.00	-38.74	 2.438e+01	    -11.65	0	Gaussian	9990000000.000000	9990000000.000000
594	0	297.854030	8099.806978	     -1.00	    220.72	   1318.67	      2.24	      2.20	     -1.00	     -1.00	42.05	 1.972e+01	    -11.64	0	Gaussian	9990000000.000000	9990000000.000000
595	0	299.832466	8050.865999	     -1.00	    538.69	    137.82	      2.23	      2.21	     -1.00	     -1.00	55.82	 2.015e+01	    -11.63	0	Gaussian	9990000000.000000	9990000000.000000
596	0	297.647418	8053.469059	     -1.00	    727.47	    841.81	      2.23	      2.21	     -1.00	     -1.00	6.22	 2.276e+01	    -11.63	0	Gaussian	9990000000.000000	9990000000.000000
597	0	301.391402	8109.411844	     -1.00	    763.80	    953.80	      2.22	      2.20	     -1.00	     -1.00	-83.66	 1.897e+01	    -11.63	0	Gaussian	9990000000.000000	9990000000.000000
598	0	299.819723	7758.720273	     -1.00	    417.23	    754.35	      2.23	      2.21	     -1.00	     -1.00	-39.73	 2.291e+01	    -11.59	0	Gaussian	9990000000.000000	9990000000.000000
599	0	299.966138	7564.555865	     -1.00	   1282.93	   1087.63	      2.21	      2.19	     -1.00	     -1.00	-47.07	 1.813e+01	    -11.54	0	Gaussian	9990000000.000000	9990000000.000000
600	0	299.432230	7428.407742	     -1.00	   1328.16	    592.17	      2.23	      2.21	     -1.00	     -1.00	82.14	 2.112e+01	    -11.54	0	Gaussian	9990000000.000000	9990000000.000000
601	0	298.806877	7368.219216	     -1.00	   1005.35	    703.14	      2.23	      2.22	     -1.00	     -1.00	-39.57	 2.321e+01	    -11.54	0	Gaussian	9990000000.000000	9990000000.000000
602	0	300.842206	7420.389467	     -1.00	    206.60	    330.65	      2.24	      2.19	     -1.00	     -1.00	58.49	 2.265e+01	    -11.54	0	Gaussian	9990000000.000000	9990000000.000000
603	0	299.228816	7310.711701	     -1.00	    553.23	    304.49	      2.24	      2.22	     -1.00	     -1.00	63.77	 2.004e+01	    -11.54	0	Gaussian	9990000000.000000	9990000000.000000
604	0	300.204459	7470.483058	     -1.00	   1015.02	    115.73	      2.20	      2.20	     -1.00	     -1.00	-56.17	 1.954e+01	    -11.53	0	Gaussian	9990000000.000000	9990000000.000000
605	0	299.284360	7301.729754	     -1.00	    856.70	     91.47	      2.22	      2.22	     -1.00	     -1.00	59.45	 2.181e+01	    -11.53	0	Gaussian	9990000000.000000	9990000000.000000
606	0	299.031384	7175.894464	     -1.00	   1187.42	    862.95	      2.23	      2.23	     -1.00	     -1.00	-75.35	 2.099e+01	    -11.52	0	Gaussian	9990000000.000000	9990000000.000000
607	0	301.657673	7423.916964	     -1.00	    604.99	    630.41	      2.20	      2.18	     -1.00	     -1.00	-8.33	 1.727e+01	    -11.51	0	Gaussian	9990000000.000000	9990000000.000000
608	0	301.035784	7296.437687	     -1.00	    329.97	   1211.31	      2.20	      2.19	     -1.00	     -1.00	-21.93	 2.488e+01	    -11.50	0	Gaussian	9990000000.000000	9990000000.000000
609	0	299.717937	7216.278783	     -1.00	    983.75	    502.52	      2.22	      2.20	     -1.00	     -1.00	-57.65	 1.834e+01	    -11.50	0	Gaussian	9990000000.000000	9990000000.000000
610	0	301.199499	7213.574236	     -1.00	    683.89	    139.38	      2.22	      2.20	     -1.00	     -1.00	14.36	 1.962e+01	    -11.50	0	Gaussian	9990000000.000000	9990000000.000000
611	0	298.946383	7079.419705	     -1.00	    259.75	     70.58	      2.25	      2.21	     -1.00	     -1.00	-2.22	 1.802e+01	    -11.50	0	Gaussian	9990000000.000000	9990000000.000000
612	0	301.837062	7222.761994	     -1.00	   1047.18	    840.71	      2.21	      2.18	     -1.00	     -1.00	1.96	 2.117e+01	    -11.49	0	Gaussian	9990000000.000000	9990000000.000000
613	0	300.544288	7081.398120	     -1.00	    156.16	   1053.92	      2.23	      2.20	     -1.00	     -1.00	20.77	 2.006e+01	    -11.49	0	Gaussian	9990000000.000000	9990000000.000000
614	0	298.954253	7072.340342	     -1.00	    402.63	    817.65	      2.21	      2.20	     -1.00	     -1.00	-20.08	 2.082e+01	    -11.48	0	Gaussian	9990000000.000000	9990000000.000000
615	0	298.283691	6910.580088	     -1.00	   1198.19	    709.15	      2.24	      2.21	     -1.00	     -1.00	-12.30	 2.051e+01	    -11.47	0	Gaussian	9990000000.000000	9990000000.000000
616	0	301.169503	6808.150941	     -1.00	    156.17	    602.03	      2.23	      2.22	     -1.00	     -1.00	-59.95	 1.981e+01	    -11.45	0	Gaussian	9990000000.000000	9990000000.000000
617	0	417.255358	7243.731176	     -1.00	    406.18	    514.58	      2.18	      2.12	     -1.00	     -1.00	-82.54	 6.364e+02	    -11.45	0	Gaussian	9990000000.000000	9990000000.000000
618	0	301.010774	6830.285654	     -1.00	    980.01	    524.54	      2.22	      2.18	     -1.00	     -1.00	44.19	 1.816e+01	    -11.44	0	Gaussian	9990000000.000000	9990000000.000000
619	0	299.252645	6629.169741	     -1.00	    209.52	   1137.99	      2.24	      2.21	     -1.00	     -1.00	33.92	 2.118e+01	    -11.42	0	Gaussian	9990000000.000000	9990000000.000000
620	0	300.995411	6513.241921	     -1.00	    686.48	    172.52	      2.25	      2.20	     -1.00	     -1.00	-13.58	 2.282e+01	    -11.41	0	Gaussian	9990000000.000000	9990000000.000000
621	0	299.987921	6571.255480	     -1.00	    277.81	    828.42	      2.22	      2.19	     -1.00	     -1.00	11.77	 1.917e+01	    -11.40	0	Gaussian	9990000000.000000	9990000000.000000
622	0	299.415758	6418.047143	     -1.00	    159.10	    554.90	      2.22	      2.22	     -1.00	     -1.00	44.52	 2.038e+01	    -11.39	0	Gaussian	9990000000.000000	9990000000.000000
623	0	300.004211	6454.423796	     -1.00	    822.45	    186.87	      2.23	      2.20	     -1.00	     -1.00	-12.62	 2.049e+01	    -11.39	0	Gaussian	9990000000.000000	9990000000.000000
624	0	411.810563	6960.973441	     -1.00	    411.95	    522.21	      2.13	      2.13	     -1.00	     -1.00	81.77	 6.400e+02	    -11.38	0	Gaussian	9990000000.000000	9990000000.000000
625	0	485.192342	6981.815289	     -1.00	   1097.44	   1316.41	      2.14	      2.11	     -1.00	     -1.00	-12.38	 9.467e+02	    -11.38	0	Gaussian	9990000000.000000	9990000000.000000
626	0	301.780125	6382.500849	     -1.00	    333.11	   1233.33	      2.23	      2.21	     -1.00	     -1.00	-30.31	 3.603e+01	    -11.38	0	Gaussian	9990000000.000000	9990000000.000000
627	0	300.709971	6370.134515	     -1.00	    870.12	    314.24	      2.22	      2.20	     -1.00	     -1.00	38.00	 1.862e+01	    -11.37	0	Gaussian	9990000000.000000	9990000000.000000
628	0	301.367978	6163.605362	     -1.00	   1235.16	    228.78	      2.21	      2.18	     -1.00	     -1.00	19.99	 1.945e+01	    -11.32	0	Gaussian	9990000000.000000	9990000000.000000
629	0	298.626203	5952.711598	     -1.00	     95.33	    301.89	      2.24	      2.20	     -1.00	     -1.00	-28.02	 1.956e+01	    -11.30	0	Gaussian	9990000000.000000	9990000000.000000
630	0	300.119827	5939.055937	     -1.00	    588.95	    424.71	      2.21	      2.21	     -1.00	     -1.00	69.24	 1.776e+01	    -11.30	0	Gaussian	9990000000.000000	9990000000.000000
631	0	299.960725	5877.208680	     -1.00	    244.36	    622.25	      2.24	      2.19	     -1.00	     -1.00	42.38	 1.961e+01	    -11.28	0	Gaussian	9990000000.000000	9990000000.000000
632	0	301.931373	5894.762987	     -1.00	    736.91	    586.49	      2.20	      2.20	     -1.00	     -1.00	-1.12	 1.817e+01	    -11.27	0	Gaussian	9990000000.000000	9990000000.000000
633	0	301.312434	5703.925866	     -1.00	    317.77	    848.22	      2.22	      2.21	     -1.00	     -1.00	-81.40	 1.882e+01	    -11.25	0	Gaussian	9990000000.000000	9990000000.000000
634	0	298.442039	5621.788050	     -1.00	    136.50	    422.25	      2.25	      2.21	     -1.00	     -1.00	0.01	 2.076e+01	    -11.25	0	Gaussian	9990000000.000000	9990000000.000000
635	0	299.426739	5620.951565	     -1.00	    201.82	    562.41	      2.22	      2.22	     -1.00	     -1.00	-20.84	 1.871e+01	    -11.24	0	Gaussian	9990000000.000000	9990000000.000000
636	0	300.631967	5551.067939	     -1.00	    396.52	    559.33	      2.25	      2.22	     -1.00	     -1.00	35.40	 2.010e+01	    -11.24	0	Gaussian	9990000000.000000	9990000000.000000
637	0	300.417086	5652.186888	     -1.00	    710.30	    402.75	      2.22	      2.18	     -1.00	     -1.00	-21.89	 1.938e+01	    -11.23	0	Gaussian	9990000000.000000	9990000000.000000
638	0	298.760970	5551.584992	     -1.00	     78.64	    824.33	      2.21	      2.21	     -1.00	     -1.00	-66.07	 2.104e+01	    -11.21	0	Gaussian	9990000000.000000	9990000000.000000
639	0	299.750993	5257.086517	     -1.00	    880.67	    883.52	      2.25	      2.21	     -1.00	     -1.00	-34.24	 1.842e+01	    -11.18	0	Gaussian	9990000000.000000	9990000000.000000
640	0	300.342963	5348.096621	     -1.00	    706.39	    243.90	      2.22	      2.18	     -1.00	     -1.00	-11.29	 2.097e+01	    -11.17	0	Gaussian	9990000000.000000	9990000000.000000
641	0	301.068124	5323.609652	     -1.00	    275.22	     92.89	      2.22	      2.19	     -1.00	     -1.00	14.37	 1.976e+01	    -11.17	0	Gaussian	9990000000.000000	9990000000.000000
642	0	300.453735	5190.784789	     -1.00	   1254.73	    726.11	      2.24	      2.21	     -1.00	     -1.00	-46.88	 1.785e+01	    -11.16	0	Gaussian	9990000000.000000	9990000000.000000
643	0	298.985406	5209.760824	     -1.00	    572.58	    955.54	      2.23	      2.18	     -1.00	     -1.00	25.63	 1.916e+01	    -11.15	0	Gaussian	9990000000.000000	9990000000.000000
644	0	298.497298	4903.632066	     -1.00	   1265.31	    201.33	      2.23	      2.22	     -1.00	     -1.00	-28.33	 1.754e+01	    -11.09	0	Gaussian	9990000000.000000	9990000000.000000
645	0	300.055642	4963.399831	     -1.00	     69.27	    403.65	      2.23	      2.19	     -1.00	     -1.00	-9.98	 1.819e+01	    -11.09	0	Gaussian	9990000000.000000	9990000000.000000
646	0	297.828216	4970.305338	     -1.00	   1213.76	    463.92	      2.22	      2.18	     -1.00	     -1.00	-17.50	 1.625e+01	    -11.09	0	Gaussian	9990000000.000000	9990000000.000000
647	0	299.981386	4908.418751	     -1.00	    361.09	   1244.95	      2.22	      2.20	     -1.00	     -1.00	-74.06	 1.749e+01	    -11.09	0	Gaussian	9990000000.000000	9990000000.000000
648	0	300.684710	4956.439570	     -1.00	   1077.83	   1311.91	      2.22	      2.18	     -1.00	     -1.00	13.45	 1.928e+01	    -11.08	0	Gaussian	9990000000.000000	9990000000.000000
649	0	299.337107	4827.563084	     -1.00	   1172.65	    359.52	      2.22	      2.22	     -1.00	     -1.00	12.74	 1.775e+01	    -11.08	0	Gaussian	9990000000.000000	9990000000.000000
650	0	300.668950	4732.852605	     -1.00	    356.02	   1150.72	      2.23	      2.23	     -1.00	     -1.00	-37.13	 1.824e+01	    -11.07	0	Gaussian	9990000000.000000	9990000000.000000
651	0	298.327771	4798.197062	     -1.00	    963.64	    588.28	      2.24	      2.19	     -1.00	     -1.00	23.83	 1.671e+01	    -11.06	0	Gaussian	9990000000.000000	9990000000.000000
652	0	299.298673	4546.804056	     -1.00	    694.17	    249.70	      2.22	      2.20	     -1.00	     -1.00	42.18	 1.681e+01	    -11.01	0	Gaussian	9990000000.000000	9990000000.000000
653	0	300.706669	4538.778769	     -1.00	    248.11	    157.58	      2.21	      2.20	     -1.00	     -1.00	-83.87	 1.724e+01	    -11.00	0	Gaussian	9990000000.000000	9990000000.000000
654	0	389.560109	4812.104780	     -1.00	   1010.10	    369.68	      2.15	      2.13	     -1.00	     -1.00	86.09	 6.852e+02	    -10.99	0	Gaussian	9990000000.000000	9990000000.000000
655	0	299.423363	4424.510591	     -1.00	    158.63	   1107.38	      2.24	      2.20	     -1.00	     -1.00	-44.18	 1.956e+01	    -10.98	0	Gaussian	9990000000.000000	9990000000.000000
656	0	300.252801	4151.592180	     -1.00	    184.74	    558.51	      2.27	      2.23	     -1.00	     -1.00	-28.90	 1.758e+01	    -10.94	0	Gaussian	9990000000.000000	9990000000.000000
657	0	300.659494	4263.806324	     -1.00	    379.26	   1047.59	      2.22	      2.19	     -1.00	     -1.00	33.03	 1.859e+01	    -10.93	0	Gaussian	9990000000.000000	9990000000.000000
658	0	300.663807	4232.974564	     -1.00	    673.64	    946.26	      2.24	      2.18	     -1.00	     -1.00	39.82	 1.856e+01	    -10.93	0	Gaussian	9990000000.000000	9990000000.000000
659	0	322.502073	4299.625394	     -1.00	   1036.69	    148.24	      2.23	      2.14	     -1.00	     -1.00	-21.97	 1.528e+02	    -10.91	0	Gaussian	9990000000.000000	9990000000.000000
660	0	299.574769	4198.261095	     -1.00	     92.34	    959.51	      2.23	      2.17	     -1.00	     -1.00	-18.01	 1.788e+01	    -10.91	0	Gaussian	9990000000.000000	9990000000.000000
661	0	300.519059	4124.187170	     -1.00	    794.84	    652.47	      2.23	      2.21	     -1.00	     -1.00	26.70	 1.676e+01	    -10.90	0	Gaussian	9990000000.000000	9990000000.000000
662	0	298.833850	4041.415846	     -1.00	    752.56	    683.23	      2.24	      2.23	     -1.00	     -1.00	50.91	 1.769e+01	    -10.90	0	Gaussian	9990000000.000000	9990000000.000000
663	0	299.623178	4065.829588	     -1.00	    595.27	   1218.42	      2.24	      2.21	     -1.00	     -1.00	5.91	 1.710e+01	    -10.89	0	Gaussian	9990000000.000000	9990000000.000000
664	0	299.445294	4124.360263	     -1.00	    225.20	   1139.44	      2.22	      2.18	     -1.00	     -1.00	-16.00	 1.743e+01	    -10.89	0	Gaussian	9990000000.000000	9990000000.000000
665	0	301.711503	4036.559985	     -1.00	    954.94	   1039.24	      2.23	      2.19	     -1.00	     -1.00	-23.93	 1.620e+01	    -10.87	0	Gaussian	9990000000.000000	9990000000.000000
666	0	300.734151	3960.331426	     -1.00	    491.05	    363.70	      2.23	      2.18	     -1.00	     -1.00	4.09	 1.717e+01	    -10.85	0	Gaussian	9990000000.000000	9990000000.000000
667	0	301.111611	3961.627341	     -1.00	    685.04	    400.48	      2.20	      2.18	     -1.00	     -1.00	18.75	 1.656e+01	    -10.83	0	Gaussian	9990000000.000000	9990000000.000000
668	0	298.720515	3655.799508	     -1.00	    484.56	    503.47	      2.24	      2.21	     -1.00	     -1.00	-27.50	 1.714e+01	    -10.78	0	Gaussian	9990000000.000000	9990000000.000000
669	0	298.905241	3695.957098	     -1.00	    323.53	    377.65	      2.23	      2.18	     -1.00	     -1.00	54.22	 1.826e+01	    -10.77	0	Gaussian	9990000000.000000	9990000000.000000
670	0	300.066959	3537.141463	     -1.00	    132.42	    684.72	      2.25	      2.22	     -1.00	     -1.00	-26.38	 1.673e+01	    -10.75	0	Gaussian	9990000000.000000	9990000000.000000
671	0	300.139922	3518.236533	     -1.00	   1283.64	    197.56	      2.22	      2.18	     -1.00	     -1.00	14.13	 1.723e+01	    -10.71	0	Gaussian	9990000000.000000	9990000000.000000
672	0	334.934709	3540.202932	     -1.00	   1032.36	    139.49	      2.22	      2.16	     -1.00	     -1.00	5.70	 2.425e+02	    -10.71	0	Gaussian	9990000000.000000	9990000000.000000
673	0	298.281130	3389.259108	     -1.00	    670.32	   1184.58	      2.24	      2.23	     -1.00	     -1.00	-62.56	 1.822e+01	    -10.71	0	Gaussian	9990000000.000000	9990000000.000000
674	0	300.695616	3187.701567	     -1.00	    583.03	   1289.60	      2.23	      2.18	     -1.00	     -1.00	-31.88	 1.538e+01	    -10.61	0	Gaussian	9990000000.000000	9990000000.000000
675	0	299.162326	3063.499007	     -1.00	   1176.87	    482.67	      2.25	      2.21	     -1.00	     -1.00	-13.15	 1.556e+01	    -10.59	0	Gaussian	9990000000.000000	9990000000.000000
