# 674 stars found using the following parameters:
# sigma=0.50 roundness=0.05 radius=5 relax=1 profile=0 minbeta=1.5 max_stars=0 layer=0 minA=0.00 maxA=0.00 maxR=1.00
# star#	layer	B	A	beta	X	Y	FWHMx [px]	FWHMy [px]	FWHMx ["]	FWHMy ["]	angle	RMSE	mag	Sat	Profile	RA	Dec
1	0	481.005673	26541.090849	     -1.00	    775.10	   1330.60	      6.59	      2.24	     -1.00	     -1.00	14.72	 2.121e+03	    -14.12	0	Gaussian	9990000000.000000	9990000000.000000
2	0	324.604538	47833.074700	     -1.00	   1336.44	    156.10	      2.34	      2.23	     -1.00	     -1.00	0.54	 2.250e+02	    -13.63	1	Gaussian	9990000000.000000	9990000000.000000
3	0	322.816224	44876.161089	     -1.00	    960.39	   1318.99	      2.34	      2.23	     -1.00	     -1.00	-0.26	 2.117e+02	    -13.56	0	Gaussian	9990000000.000000	9990000000.000000
4	0	326.276796	44811.055172	     -1.00	   1091.55	   1085.05	      2.33	      2.23	     -1.00	     -1.00	3.19	 2.181e+02	    -13.56	0	Gaussian	9990000000.000000	9990000000.000000
5	0	325.146561	44702.042235	     -1.00	   1123.54	    687.20	      2.34	      2.22	     -1.00	     -1.00	-0.34	 2.241e+02	    -13.55	0	Gaussian	9990000000.000000	9990000000.000000
6	0	420.025509	44872.258771	     -1.00	   1005.49	    555.03	      2.32	      2.22	     -1.00	     -1.00	0.97	 6.108e+02	    -13.55	0	Gaussian	9990000000.000000	9990000000.000000
7	0	778.258917	46171.123340	     -1.00	    253.46	    365.10	      2.29	      2.19	     -1.00	     -1.00	0.32	 2.446e+03	    -13.55	1	Gaussian	9990000000.000000	9990000000.000000
8	0	318.199360	42763.376153	     -1.00	    100.30	   1241.19	      2.41	      2.23	     -1.00	     -1.00	4.21	 2.413e+02	    -13.54	0	Gaussian	9990000000.000000	9990000000.000000
9	0	315.254774	42052.828910	     -1.00	    926.28	    489.14	      2.43	      2.25	     -1.00	     -1.00	6.07	 2.338e+02	    -13.54	0	Gaussian	9990000000.000000	9990000000.000000
10	0	313.671225	41466.127683	     -1.00	   1144.68	   1138.16	      2.43	      2.25	     -1.00	     -1.00	-3.68	 2.319e+02	    -13.52	0	Gaussian	9990000000.000000	9990000000.000000
11	0	314.924447	41478.755852	     -1.00	    255.67	    742.13	      2.42	      2.25	     -1.00	     -1.00	-5.56	 2.413e+02	    -13.52	0	Gaussian	9990000000.000000	9990000000.000000
12	0	323.436752	43239.702503	     -1.00	    370.58	   1102.01	      2.34	      2.24	     -1.00	     -1.00	-0.22	 2.108e+02	    -13.52	0	Gaussian	9990000000.000000	9990000000.000000
13	0	323.293011	43200.868087	     -1.00	   1065.55	    332.05	      2.34	      2.23	     -1.00	     -1.00	-4.17	 2.080e+02	    -13.52	0	Gaussian	9990000000.000000	9990000000.000000
14	0	322.296910	42634.930189	     -1.00	    654.54	    210.08	      2.33	      2.23	     -1.00	     -1.00	1.26	 2.088e+02	    -13.50	0	Gaussian	9990000000.000000	9990000000.000000
15	0	324.723928	42575.055487	     -1.00	    564.55	    488.97	      2.33	      2.23	     -1.00	     -1.00	0.62	 2.082e+02	    -13.50	0	Gaussian	9990000000.000000	9990000000.000000
16	0	322.347517	42172.449577	     -1.00	   1318.40	   1129.05	      2.34	      2.24	     -1.00	     -1.00	0.91	 1.963e+02	    -13.50	0	Gaussian	9990000000.000000	9990000000.000000
17	0	312.039145	40170.209775	     -1.00	    383.70	    784.08	      2.44	      2.26	     -1.00	     -1.00	-4.64	 2.290e+02	    -13.50	0	Gaussian	9990000000.000000	9990000000.000000
18	0	506.615986	40787.479771	     -1.00	    742.23	    399.20	      2.40	      2.22	     -1.00	     -1.00	7.38	 8.272e+02	    -13.48	0	Gaussian	9990000000.000000	9990000000.000000
19	0	313.868103	39406.593090	     -1.00	    480.69	    841.08	      2.43	      2.27	     -1.00	     -1.00	-7.36	 2.296e+02	    -13.48	0	Gaussian	9990000000.000000	9990000000.000000
20	0	295.798481	36752.862258	     -1.00	   1014.16	   1240.10	      2.53	      2.33	     -1.00	     -1.00	-0.06	 7.693e+01	    -13.48	0	Gaussian	9990000000.000000	9990000000.000000
21	0	326.511585	40572.890226	     -1.00	    787.44	    918.58	      2.39	      2.19	     -1.00	     -1.00	-0.62	 2.395e+02	    -13.45	0	Gaussian	9990000000.000000	9990000000.000000
22	0	469.703915	40949.252104	     -1.00	    229.34	    121.07	      2.33	      2.22	     -1.00	     -1.00	-0.12	 1.049e+03	    -13.45	0	Gaussian	9990000000.000000	9990000000.000000
23	0	321.174273	40280.179342	     -1.00	    545.31	   1333.92	      2.29	      2.29	     -1.00	     -1.00	-85.11	 2.210e+02	    -13.45	0	Gaussian	9990000000.000000	9990000000.000000
24	0	298.166194	35842.212247	     -1.00	    886.85	    254.00	      2.53	      2.33	     -1.00	     -1.00	-0.20	 6.063e+01	    -13.45	0	Gaussian	9990000000.000000	9990000000.000000
25	0	321.841989	39990.728605	     -1.00	    662.40	   1227.32	      2.40	      2.20	     -1.00	     -1.00	2.56	 2.289e+02	    -13.45	0	Gaussian	9990000000.000000	9990000000.000000
26	0	321.879904	40194.742257	     -1.00	    772.38	    534.18	      2.35	      2.23	     -1.00	     -1.00	-0.70	 1.926e+02	    -13.45	0	Gaussian	9990000000.000000	9990000000.000000
27	0	323.914622	39933.944575	     -1.00	   1192.43	    461.41	      2.40	      2.20	     -1.00	     -1.00	1.25	 2.307e+02	    -13.44	0	Gaussian	9990000000.000000	9990000000.000000
28	0	297.575028	35578.648657	     -1.00	    726.86	   1234.23	      2.53	      2.33	     -1.00	     -1.00	0.30	 5.893e+01	    -13.44	0	Gaussian	9990000000.000000	9990000000.000000
29	0	318.006185	39869.199097	     -1.00	   1191.30	    236.78	      2.35	      2.24	     -1.00	     -1.00	5.31	 1.917e+02	    -13.44	0	Gaussian	9990000000.000000	9990000000.000000
30	0	324.819751	39867.450757	     -1.00	    395.54	    943.61	      2.39	      2.20	     -1.00	     -1.00	0.61	 2.453e+02	    -13.44	0	Gaussian	9990000000.000000	9990000000.000000
31	0	589.768855	41069.315281	     -1.00	    325.36	    696.15	      2.31	      2.21	     -1.00	     -1.00	1.06	 1.729e+03	    -13.44	0	Gaussian	9990000000.000000	9990000000.000000
32	0	317.342350	39242.605831	     -1.00	    937.70	    756.24	      2.41	      2.21	     -1.00	     -1.00	-4.02	 2.340e+02	    -13.44	0	Gaussian	9990000000.000000	9990000000.000000
33	0	322.141571	40328.421729	     -1.00	    470.47	    359.91	      2.33	      2.23	     -1.00	     -1.00	1.90	 1.930e+02	    -13.44	0	Gaussian	9990000000.000000	9990000000.000000
34	0	317.032774	39605.629774	     -1.00	   1332.32	    284.76	      2.35	      2.25	     -1.00	     -1.00	4.42	 1.890e+02	    -13.44	0	Gaussian	9990000000.000000	9990000000.000000
35	0	304.927005	35180.010141	     -1.00	    660.77	    793.12	      2.54	      2.34	     -1.00	     -1.00	-0.76	 8.667e+01	    -13.44	0	Gaussian	9990000000.000000	9990000000.000000
36	0	321.393854	39843.276097	     -1.00	    502.42	    828.83	      2.33	      2.24	     -1.00	     -1.00	2.67	 1.873e+02	    -13.43	0	Gaussian	9990000000.000000	9990000000.000000
37	0	320.580017	39671.293574	     -1.00	    773.56	    735.68	      2.34	      2.24	     -1.00	     -1.00	-2.51	 2.027e+02	    -13.43	0	Gaussian	9990000000.000000	9990000000.000000
38	0	321.588103	39855.509871	     -1.00	    621.52	    342.96	      2.33	      2.23	     -1.00	     -1.00	0.54	 1.921e+02	    -13.43	0	Gaussian	9990000000.000000	9990000000.000000
39	0	311.167324	37845.147581	     -1.00	   1328.63	   1043.08	      2.42	      2.26	     -1.00	     -1.00	-6.17	 2.286e+02	    -13.43	0	Gaussian	9990000000.000000	9990000000.000000
40	0	377.524499	39365.543050	     -1.00	    898.28	    785.82	      2.36	      2.23	     -1.00	     -1.00	4.49	 4.805e+02	    -13.43	0	Gaussian	9990000000.000000	9990000000.000000
41	0	299.176378	34867.587578	     -1.00	    172.78	    938.28	      2.54	      2.33	     -1.00	     -1.00	-0.20	 6.349e+01	    -13.42	0	Gaussian	9990000000.000000	9990000000.000000
42	0	298.515528	34819.989130	     -1.00	   1103.80	   1112.96	      2.53	      2.32	     -1.00	     -1.00	-0.34	 6.446e+01	    -13.41	0	Gaussian	9990000000.000000	9990000000.000000
43	0	318.150220	38280.650131	     -1.00	   1215.24	    807.46	      2.42	      2.21	     -1.00	     -1.00	0.14	 2.236e+02	    -13.41	0	Gaussian	9990000000.000000	9990000000.000000
44	0	444.005225	37170.432111	     -1.00	   1254.23	    614.03	      2.34	      2.34	     -1.00	     -1.00	-63.37	 8.395e+02	    -13.41	0	Gaussian	9990000000.000000	9990000000.000000
45	0	321.008976	38903.009018	     -1.00	    325.43	     88.24	      2.34	      2.23	     -1.00	     -1.00	0.27	 1.893e+02	    -13.41	0	Gaussian	9990000000.000000	9990000000.000000
46	0	299.125568	34503.622633	     -1.00	   1031.90	    329.15	      2.54	      2.32	     -1.00	     -1.00	-0.10	 6.640e+01	    -13.41	0	Gaussian	9990000000.000000	9990000000.000000
47	0	317.632789	38412.254679	     -1.00	    390.30	   1155.79	      2.35	      2.25	     -1.00	     -1.00	4.19	 1.862e+02	    -13.41	0	Gaussian	9990000000.000000	9990000000.000000
48	0	320.710848	38751.373696	     -1.00	   1271.42	   1264.12	      2.34	      2.24	     -1.00	     -1.00	0.82	 1.816e+02	    -13.40	0	Gaussian	9990000000.000000	9990000000.000000
49	0	321.139080	38220.261991	     -1.00	   1013.37	    438.63	      2.41	      2.20	     -1.00	     -1.00	-1.13	 2.266e+02	    -13.40	0	Gaussian	9990000000.000000	9990000000.000000
50	0	298.196679	34162.367358	     -1.00	     82.86	    746.93	      2.53	      2.33	     -1.00	     -1.00	0.41	 5.864e+01	    -13.40	0	Gaussian	9990000000.000000	9990000000.000000
51	0	319.794197	38327.065436	     -1.00	    289.30	    603.88	      2.36	      2.24	     -1.00	     -1.00	3.96	 1.844e+02	    -13.40	0	Gaussian	9990000000.000000	9990000000.000000
52	0	320.955304	38832.339733	     -1.00	    297.45	    957.06	      2.33	      2.23	     -1.00	     -1.00	3.41	 1.868e+02	    -13.40	0	Gaussian	9990000000.000000	9990000000.000000
53	0	330.965433	38476.605982	     -1.00	    792.43	    250.46	      2.39	      2.19	     -1.00	     -1.00	-0.60	 2.351e+02	    -13.40	0	Gaussian	9990000000.000000	9990000000.000000
54	0	322.282824	38290.718440	     -1.00	    479.39	    292.37	      2.39	      2.20	     -1.00	     -1.00	0.49	 2.198e+02	    -13.39	0	Gaussian	9990000000.000000	9990000000.000000
55	0	318.236971	38235.921845	     -1.00	   1284.60	   1180.85	      2.35	      2.24	     -1.00	     -1.00	-2.70	 1.890e+02	    -13.39	0	Gaussian	9990000000.000000	9990000000.000000
56	0	322.555388	38362.987399	     -1.00	    767.56	    385.61	      2.39	      2.19	     -1.00	     -1.00	0.50	 2.399e+02	    -13.39	0	Gaussian	9990000000.000000	9990000000.000000
57	0	298.915026	33839.161436	     -1.00	    157.00	    729.28	      2.54	      2.34	     -1.00	     -1.00	-0.36	 6.390e+01	    -13.39	0	Gaussian	9990000000.000000	9990000000.000000
58	0	299.145803	34165.766244	     -1.00	    395.08	   1013.75	      2.53	      2.32	     -1.00	     -1.00	-0.33	 5.679e+01	    -13.39	0	Gaussian	9990000000.000000	9990000000.000000
59	0	320.771210	38140.917650	     -1.00	   1056.55	    516.42	      2.39	      2.20	     -1.00	     -1.00	0.23	 2.244e+02	    -13.39	0	Gaussian	9990000000.000000	9990000000.000000
60	0	297.487033	33847.944185	     -1.00	   1150.07	     93.21	      2.53	      2.33	     -1.00	     -1.00	1.19	 5.419e+01	    -13.39	0	Gaussian	9990000000.000000	9990000000.000000
61	0	315.540465	37151.745631	     -1.00	    456.24	    256.27	      2.41	      2.23	     -1.00	     -1.00	5.22	 2.035e+02	    -13.39	0	Gaussian	9990000000.000000	9990000000.000000
62	0	321.959249	38082.889609	     -1.00	   1056.54	    862.46	      2.38	      2.19	     -1.00	     -1.00	1.01	 2.272e+02	    -13.38	0	Gaussian	9990000000.000000	9990000000.000000
63	0	303.541919	35084.273066	     -1.00	    711.69	    288.89	      2.45	      2.31	     -1.00	     -1.00	-8.39	 1.848e+02	    -13.38	0	Gaussian	9990000000.000000	9990000000.000000
64	0	318.601225	38063.137700	     -1.00	    392.50	    744.77	      2.33	      2.23	     -1.00	     -1.00	1.31	 1.831e+02	    -13.38	0	Gaussian	9990000000.000000	9990000000.000000
65	0	321.498704	37426.662426	     -1.00	    178.37	    167.46	      2.40	      2.20	     -1.00	     -1.00	1.10	 2.201e+02	    -13.37	0	Gaussian	9990000000.000000	9990000000.000000
66	0	325.213311	37808.516572	     -1.00	    293.45	    171.87	      2.33	      2.24	     -1.00	     -1.00	3.31	 1.813e+02	    -13.37	0	Gaussian	9990000000.000000	9990000000.000000
67	0	306.565251	35000.129068	     -1.00	    780.69	    774.95	      2.44	      2.30	     -1.00	     -1.00	-6.03	 2.044e+02	    -13.37	0	Gaussian	9990000000.000000	9990000000.000000
68	0	297.743487	33210.049092	     -1.00	    597.98	    407.15	      2.43	      2.43	     -1.00	     -1.00	68.48	 1.473e+02	    -13.37	0	Gaussian	9990000000.000000	9990000000.000000
69	0	298.128105	33143.395063	     -1.00	    601.87	    782.05	      2.53	      2.33	     -1.00	     -1.00	0.03	 5.611e+01	    -13.36	0	Gaussian	9990000000.000000	9990000000.000000
70	0	296.521473	32945.223067	     -1.00	   1095.19	    214.38	      2.54	      2.33	     -1.00	     -1.00	0.41	 5.980e+01	    -13.36	0	Gaussian	9990000000.000000	9990000000.000000
71	0	320.796533	36704.800644	     -1.00	   1099.31	    685.51	      2.41	      2.21	     -1.00	     -1.00	0.73	 2.115e+02	    -13.36	0	Gaussian	9990000000.000000	9990000000.000000
72	0	322.243356	37217.199254	     -1.00	     95.56	    930.58	      2.39	      2.19	     -1.00	     -1.00	1.21	 2.307e+02	    -13.36	0	Gaussian	9990000000.000000	9990000000.000000
73	0	297.399522	33037.384988	     -1.00	    610.79	    283.35	      2.53	      2.33	     -1.00	     -1.00	0.63	 5.580e+01	    -13.36	0	Gaussian	9990000000.000000	9990000000.000000
74	0	297.137108	32908.609710	     -1.00	    939.17	    155.60	      2.53	      2.33	     -1.00	     -1.00	1.39	 6.164e+01	    -13.36	0	Gaussian	9990000000.000000	9990000000.000000
75	0	319.789776	36814.988667	     -1.00	    470.57	   1127.82	      2.34	      2.24	     -1.00	     -1.00	-0.84	 1.780e+02	    -13.35	0	Gaussian	9990000000.000000	9990000000.000000
76	0	300.905156	33043.761753	     -1.00	    935.06	    168.91	      2.53	      2.32	     -1.00	     -1.00	0.96	 5.886e+01	    -13.35	0	Gaussian	9990000000.000000	9990000000.000000
77	0	321.682386	37183.474859	     -1.00	    229.58	    210.05	      2.33	      2.23	     -1.00	     -1.00	0.18	 1.837e+02	    -13.35	0	Gaussian	9990000000.000000	9990000000.000000
78	0	322.687380	37067.699478	     -1.00	   1090.51	    314.51	      2.38	      2.19	     -1.00	     -1.00	-0.15	 2.240e+02	    -13.35	0	Gaussian	9990000000.000000	9990000000.000000
79	0	297.334936	32921.188229	     -1.00	    117.83	    316.23	      2.53	      2.32	     -1.00	     -1.00	0.93	 5.286e+01	    -13.35	0	Gaussian	9990000000.000000	9990000000.000000
80	0	297.862031	32649.970184	     -1.00	    924.86	    789.02	      2.53	      2.33	     -1.00	     -1.00	-0.19	 4.948e+01	    -13.35	0	Gaussian	9990000000.000000	9990000000.000000
81	0	949.217904	28260.240007	     -1.00	    888.13	    327.59	      2.86	      2.38	     -1.00	     -1.00	-57.22	 2.721e+03	    -13.35	0	Gaussian	9990000000.000000	9990000000.000000
82	0	589.926363	33853.707260	     -1.00	    559.13	    760.65	      2.49	      2.28	     -1.00	     -1.00	0.66	 1.548e+03	    -13.34	0	Gaussian	9990000000.000000	9990000000.000000
83	0	302.925121	33653.354321	     -1.00	    281.68	    886.84	      2.46	      2.31	     -1.00	     -1.00	-7.73	 1.718e+02	    -13.34	0	Gaussian	9990000000.000000	9990000000.000000
84	0	297.974097	32344.025177	     -1.00	    407.16	   1040.26	      2.54	      2.33	     -1.00	     -1.00	0.98	 5.587e+01	    -13.34	0	Gaussian	9990000000.000000	9990000000.000000
85	0	320.723366	36462.344623	     -1.00	    782.53	    709.49	      2.39	      2.20	     -1.00	     -1.00	0.21	 2.123e+02	    -13.34	0	Gaussian	9990000000.000000	9990000000.000000
86	0	296.993120	32233.165456	     -1.00	    468.87	    555.55	      2.53	      2.34	     -1.00	     -1.00	-0.67	 4.784e+01	    -13.34	0	Gaussian	9990000000.000000	9990000000.000000
87	0	296.615248	32070.511832	     -1.00	   1128.19	    848.65	      2.54	      2.33	     -1.00	     -1.00	1.05	 5.844e+01	    -13.33	0	Gaussian	9990000000.000000	9990000000.000000
88	0	300.222774	32289.877499	     -1.00	    790.79	    864.79	      2.53	      2.33	     -1.00	     -1.00	1.22	 5.924e+01	    -13.33	0	Gaussian	9990000000.000000	9990000000.000000
89	0	318.423158	35388.969714	     -1.00	    677.35	    686.24	      2.41	      2.22	     -1.00	     -1.00	2.30	 2.047e+02	    -13.33	0	Gaussian	9990000000.000000	9990000000.000000
90	0	316.562988	35874.251730	     -1.00	   1294.34	    815.81	      2.35	      2.24	     -1.00	     -1.00	3.78	 1.715e+02	    -13.33	0	Gaussian	9990000000.000000	9990000000.000000
91	0	299.964279	32060.614088	     -1.00	    767.80	   1034.64	      2.54	      2.32	     -1.00	     -1.00	-0.19	 6.084e+01	    -13.33	0	Gaussian	9990000000.000000	9990000000.000000
92	0	298.459426	31869.971469	     -1.00	   1302.80	    295.26	      2.53	      2.33	     -1.00	     -1.00	-0.40	 4.749e+01	    -13.32	0	Gaussian	9990000000.000000	9990000000.000000
93	0	299.960808	31970.065297	     -1.00	    115.92	   1107.57	      2.54	      2.31	     -1.00	     -1.00	1.27	 5.059e+01	    -13.32	0	Gaussian	9990000000.000000	9990000000.000000
94	0	317.801940	34831.436542	     -1.00	     71.27	    931.59	      2.42	      2.21	     -1.00	     -1.00	-2.52	 1.996e+02	    -13.31	0	Gaussian	9990000000.000000	9990000000.000000
95	0	299.998777	31658.173857	     -1.00	    451.05	    747.70	      2.53	      2.33	     -1.00	     -1.00	-0.85	 5.511e+01	    -13.31	0	Gaussian	9990000000.000000	9990000000.000000
96	0	1111.423995	34505.631606	     -1.00	    811.76	    943.97	      2.42	      2.23	     -1.00	     -1.00	-0.75	 3.586e+03	    -13.31	0	Gaussian	9990000000.000000	9990000000.000000
97	0	298.138304	31616.788597	     -1.00	    653.94	    555.00	      2.42	      2.42	     -1.00	     -1.00	49.26	 1.401e+02	    -13.31	0	Gaussian	9990000000.000000	9990000000.000000
98	0	321.497157	35116.668191	     -1.00	   1287.67	     98.45	      2.40	      2.20	     -1.00	     -1.00	-0.19	 2.100e+02	    -13.31	0	Gaussian	9990000000.000000	9990000000.000000
99	0	297.403268	31520.743555	     -1.00	    439.19	   1246.39	      2.53	      2.33	     -1.00	     -1.00	-0.36	 6.060e+01	    -13.31	0	Gaussian	9990000000.000000	9990000000.000000
100	0	300.146401	31360.176239	     -1.00	    492.02	    809.21	      2.53	      2.34	     -1.00	     -1.00	0.38	 6.183e+01	    -13.31	0	Gaussian	9990000000.000000	9990000000.000000
101	0	320.584036	35726.387324	     -1.00	    952.53	    316.14	      2.33	      2.23	     -1.00	     -1.00	0.41	 1.744e+02	    -13.31	0	Gaussian	9990000000.000000	9990000000.000000
102	0	321.580815	35747.446847	     -1.00	    480.50	    816.16	      2.33	      2.22	     -1.00	     -1.00	-0.39	 1.749e+02	    -13.30	0	Gaussian	9990000000.000000	9990000000.000000
103	0	319.071858	34945.275395	     -1.00	    186.54	   1083.33	      2.39	      2.21	     -1.00	     -1.00	-0.34	 2.010e+02	    -13.30	0	Gaussian	9990000000.000000	9990000000.000000
104	0	320.806054	34867.352574	     -1.00	    208.42	    725.35	      2.40	      2.20	     -1.00	     -1.00	0.45	 2.046e+02	    -13.30	0	Gaussian	9990000000.000000	9990000000.000000
105	0	319.357312	35103.038032	     -1.00	    699.37	    457.13	      2.34	      2.23	     -1.00	     -1.00	-1.38	 1.641e+02	    -13.30	0	Gaussian	9990000000.000000	9990000000.000000
106	0	312.616110	33599.424707	     -1.00	   1088.28	   1219.10	      2.43	      2.25	     -1.00	     -1.00	6.19	 1.863e+02	    -13.30	0	Gaussian	9990000000.000000	9990000000.000000
107	0	296.900393	31254.114462	     -1.00	   1011.73	    588.58	      2.53	      2.32	     -1.00	     -1.00	-0.43	 5.821e+01	    -13.30	0	Gaussian	9990000000.000000	9990000000.000000
108	0	297.444634	31164.713965	     -1.00	   1047.11	    971.99	      2.53	      2.33	     -1.00	     -1.00	0.71	 6.061e+01	    -13.29	0	Gaussian	9990000000.000000	9990000000.000000
109	0	320.310624	34913.121654	     -1.00	    414.53	   1065.55	      2.39	      2.19	     -1.00	     -1.00	-1.34	 2.129e+02	    -13.29	0	Gaussian	9990000000.000000	9990000000.000000
110	0	972.004764	37322.461022	     -1.00	    109.35	    573.95	      2.27	      2.16	     -1.00	     -1.00	1.64	 2.837e+03	    -13.29	0	Gaussian	9990000000.000000	9990000000.000000
111	0	318.289308	34707.339469	     -1.00	    655.38	    917.74	      2.35	      2.24	     -1.00	     -1.00	1.54	 1.657e+02	    -13.29	0	Gaussian	9990000000.000000	9990000000.000000
112	0	299.027591	30870.203569	     -1.00	   1301.07	   1345.37	      2.54	      2.33	     -1.00	     -1.00	-0.11	 5.174e+01	    -13.29	0	Gaussian	9990000000.000000	9990000000.000000
113	0	317.499241	34241.435815	     -1.00	   1255.29	    741.49	      2.41	      2.20	     -1.00	     -1.00	0.20	 1.956e+02	    -13.29	0	Gaussian	9990000000.000000	9990000000.000000
114	0	301.596923	30903.749420	     -1.00	    424.73	    364.60	      2.53	      2.33	     -1.00	     -1.00	1.47	 6.595e+01	    -13.29	0	Gaussian	9990000000.000000	9990000000.000000
115	0	302.789085	31668.179206	     -1.00	    596.24	    999.81	      2.47	      2.32	     -1.00	     -1.00	9.65	 1.542e+02	    -13.29	0	Gaussian	9990000000.000000	9990000000.000000
116	0	318.679582	34457.864131	     -1.00	     92.63	    600.59	      2.40	      2.20	     -1.00	     -1.00	0.88	 2.151e+02	    -13.28	0	Gaussian	9990000000.000000	9990000000.000000
117	0	297.260279	30738.995380	     -1.00	    663.75	    222.33	      2.54	      2.33	     -1.00	     -1.00	-0.35	 5.018e+01	    -13.28	0	Gaussian	9990000000.000000	9990000000.000000
118	0	313.211408	33147.328331	     -1.00	    341.66	    973.10	      2.42	      2.25	     -1.00	     -1.00	-4.59	 1.947e+02	    -13.28	0	Gaussian	9990000000.000000	9990000000.000000
119	0	619.112297	30139.899998	     -1.00	    995.72	     99.11	      2.63	      2.28	     -1.00	     -1.00	-5.53	 1.477e+03	    -13.28	0	Gaussian	9990000000.000000	9990000000.000000
120	0	320.130632	34101.150930	     -1.00	    359.65	    778.45	      2.40	      2.20	     -1.00	     -1.00	-0.27	 2.072e+02	    -13.28	0	Gaussian	9990000000.000000	9990000000.000000
121	0	316.211537	34264.957876	     -1.00	    796.37	    451.86	      2.35	      2.24	     -1.00	     -1.00	6.24	 1.640e+02	    -13.27	0	Gaussian	9990000000.000000	9990000000.000000
122	0	663.031296	31324.506360	     -1.00	    967.18	   1301.16	      2.50	      2.30	     -1.00	     -1.00	-2.93	 1.755e+03	    -13.27	0	Gaussian	9990000000.000000	9990000000.000000
123	0	297.821629	30447.619730	     -1.00	   1279.86	    868.73	      2.53	      2.33	     -1.00	     -1.00	-1.54	 5.345e+01	    -13.27	0	Gaussian	9990000000.000000	9990000000.000000
124	0	281.900282	12014.279731	     -1.00	   1325.59	   1168.22	      6.06	      2.46	     -1.00	     -1.00	-67.15	 5.623e+02	    -13.27	0	Gaussian	9990000000.000000	9990000000.000000
125	0	1485.729455	34551.003798	     -1.00	    815.84	    936.08	      2.39	      2.17	     -1.00	     -1.00	1.74	 3.942e+03	    -13.27	0	Gaussian	9990000000.000000	9990000000.000000
126	0	317.944567	34295.902427	     -1.00	    327.34	    594.90	      2.34	      2.23	     -1.00	     -1.00	1.61	 1.654e+02	    -13.27	0	Gaussian	9990000000.000000	9990000000.000000
127	0	318.793652	33756.800018	     -1.00	    977.35	    897.54	      2.40	      2.21	     -1.00	     -1.00	-1.11	 1.948e+02	    -13.27	0	Gaussian	9990000000.000000	9990000000.000000
128	0	298.274288	30329.785504	     -1.00	   1296.87	    593.45	      2.54	      2.33	     -1.00	     -1.00	0.43	 4.510e+01	    -13.27	0	Gaussian	9990000000.000000	9990000000.000000
129	0	320.070381	34103.825933	     -1.00	    243.52	    186.42	      2.39	      2.19	     -1.00	     -1.00	-1.19	 2.029e+02	    -13.27	0	Gaussian	9990000000.000000	9990000000.000000
130	0	299.789814	30279.807667	     -1.00	    684.82	    383.16	      2.53	      2.32	     -1.00	     -1.00	0.46	 4.910e+01	    -13.26	0	Gaussian	9990000000.000000	9990000000.000000
131	0	297.773820	30057.534103	     -1.00	    537.08	     72.87	      2.53	      2.33	     -1.00	     -1.00	-0.53	 4.415e+01	    -13.26	0	Gaussian	9990000000.000000	9990000000.000000
132	0	318.670531	34042.516032	     -1.00	    861.51	   1276.78	      2.33	      2.24	     -1.00	     -1.00	-2.16	 1.645e+02	    -13.26	0	Gaussian	9990000000.000000	9990000000.000000
133	0	299.552362	30235.764389	     -1.00	    106.06	    529.90	      2.53	      2.32	     -1.00	     -1.00	-1.30	 5.190e+01	    -13.26	0	Gaussian	9990000000.000000	9990000000.000000
134	0	298.766805	29919.049600	     -1.00	    392.95	    207.02	      2.44	      2.44	     -1.00	     -1.00	70.49	 1.298e+02	    -13.26	0	Gaussian	9990000000.000000	9990000000.000000
135	0	311.238777	32245.454379	     -1.00	    274.68	   1134.05	      2.43	      2.27	     -1.00	     -1.00	-4.72	 1.828e+02	    -13.26	0	Gaussian	9990000000.000000	9990000000.000000
136	0	316.415401	33429.421786	     -1.00	    899.33	    228.39	      2.40	      2.21	     -1.00	     -1.00	1.94	 1.858e+02	    -13.26	0	Gaussian	9990000000.000000	9990000000.000000
137	0	475.699171	30891.943563	     -1.00	    502.96	    220.64	      2.50	      2.30	     -1.00	     -1.00	0.46	 1.304e+03	    -13.26	0	Gaussian	9990000000.000000	9990000000.000000
138	0	318.452805	33979.444144	     -1.00	    793.54	    986.08	      2.34	      2.23	     -1.00	     -1.00	0.13	 1.665e+02	    -13.25	0	Gaussian	9990000000.000000	9990000000.000000
139	0	316.205552	33648.401345	     -1.00	    505.36	    344.04	      2.34	      2.24	     -1.00	     -1.00	1.92	 1.598e+02	    -13.25	0	Gaussian	9990000000.000000	9990000000.000000
140	0	320.120097	33270.996738	     -1.00	     76.50	    627.61	      2.40	      2.21	     -1.00	     -1.00	-0.71	 1.981e+02	    -13.25	0	Gaussian	9990000000.000000	9990000000.000000
141	0	300.046611	29815.943731	     -1.00	    879.04	    426.04	      2.53	      2.33	     -1.00	     -1.00	0.97	 5.242e+01	    -13.25	0	Gaussian	9990000000.000000	9990000000.000000
142	0	788.686393	35200.362273	     -1.00	    595.40	    668.79	      2.28	      2.18	     -1.00	     -1.00	0.67	 2.339e+03	    -13.25	0	Gaussian	9990000000.000000	9990000000.000000
143	0	315.680178	33456.250575	     -1.00	     58.58	    579.68	      2.35	      2.23	     -1.00	     -1.00	-0.78	 1.694e+02	    -13.25	0	Gaussian	9990000000.000000	9990000000.000000
144	0	296.908491	29705.324307	     -1.00	    810.02	    261.18	      2.54	      2.33	     -1.00	     -1.00	-0.91	 4.685e+01	    -13.25	0	Gaussian	9990000000.000000	9990000000.000000
145	0	300.239882	29791.119006	     -1.00	    153.97	    932.32	      2.53	      2.33	     -1.00	     -1.00	-0.39	 4.445e+01	    -13.24	0	Gaussian	9990000000.000000	9990000000.000000
146	0	297.811988	29640.610887	     -1.00	    238.18	    356.35	      2.53	      2.34	     -1.00	     -1.00	-0.14	 5.065e+01	    -13.24	0	Gaussian	9990000000.000000	9990000000.000000
147	0	316.040290	33172.234533	     -1.00	    355.54	    149.74	      2.34	      2.25	     -1.00	     -1.00	-2.09	 1.619e+02	    -13.24	0	Gaussian	9990000000.000000	9990000000.000000
148	0	315.186766	29734.120588	     -1.00	   1042.76	    327.95	      2.53	      2.32	     -1.00	     -1.00	1.48	 1.491e+02	    -13.24	0	Gaussian	9990000000.000000	9990000000.000000
149	0	298.642266	29666.962775	     -1.00	    317.79	   1206.84	      2.53	      2.33	     -1.00	     -1.00	0.85	 5.467e+01	    -13.24	0	Gaussian	9990000000.000000	9990000000.000000
150	0	318.924083	32899.386300	     -1.00	    878.39	    603.59	      2.40	      2.21	     -1.00	     -1.00	-1.49	 1.934e+02	    -13.24	0	Gaussian	9990000000.000000	9990000000.000000
151	0	316.252386	32848.905237	     -1.00	   1179.40	   1181.27	      2.40	      2.21	     -1.00	     -1.00	0.20	 1.886e+02	    -13.24	0	Gaussian	9990000000.000000	9990000000.000000
152	0	317.047364	33301.278643	     -1.00	    202.58	    743.97	      2.34	      2.24	     -1.00	     -1.00	0.47	 1.659e+02	    -13.24	0	Gaussian	9990000000.000000	9990000000.000000
153	0	317.326766	32712.438230	     -1.00	    767.31	   1117.47	      2.41	      2.19	     -1.00	     -1.00	1.59	 1.987e+02	    -13.23	0	Gaussian	9990000000.000000	9990000000.000000
154	0	298.593595	29169.146818	     -1.00	   1239.09	    750.43	      2.54	      2.33	     -1.00	     -1.00	-2.54	 4.638e+01	    -13.23	0	Gaussian	9990000000.000000	9990000000.000000
155	0	318.915110	32806.176930	     -1.00	    715.56	   1249.95	      2.34	      2.24	     -1.00	     -1.00	1.02	 1.576e+02	    -13.23	0	Gaussian	9990000000.000000	9990000000.000000
156	0	297.928146	29172.775862	     -1.00	   1165.89	    438.69	      2.53	      2.33	     -1.00	     -1.00	-0.21	 4.384e+01	    -13.22	0	Gaussian	9990000000.000000	9990000000.000000
157	0	308.934006	31056.610927	     -1.00	    114.67	   1252.02	      2.43	      2.28	     -1.00	     -1.00	-6.53	 1.741e+02	    -13.22	0	Gaussian	9990000000.000000	9990000000.000000
158	0	300.143756	29222.351818	     -1.00	    183.98	    828.68	      2.53	      2.32	     -1.00	     -1.00	0.43	 5.033e+01	    -13.22	0	Gaussian	9990000000.000000	9990000000.000000
159	0	316.732131	32247.290715	     -1.00	    966.35	    301.30	      2.41	      2.21	     -1.00	     -1.00	1.24	 1.829e+02	    -13.22	0	Gaussian	9990000000.000000	9990000000.000000
160	0	298.309868	29064.017311	     -1.00	    941.83	   1219.18	      2.53	      2.33	     -1.00	     -1.00	0.62	 5.268e+01	    -13.22	0	Gaussian	9990000000.000000	9990000000.000000
161	0	317.419329	32471.694708	     -1.00	    101.60	    788.42	      2.39	      2.20	     -1.00	     -1.00	0.17	 1.854e+02	    -13.22	0	Gaussian	9990000000.000000	9990000000.000000
162	0	702.449747	30433.831772	     -1.00	    953.73	    357.04	      2.47	      2.27	     -1.00	     -1.00	-0.72	 1.714e+03	    -13.21	0	Gaussian	9990000000.000000	9990000000.000000
163	0	318.052335	32141.873493	     -1.00	    404.31	   1343.56	      2.41	      2.20	     -1.00	     -1.00	-1.48	 1.834e+02	    -13.21	0	Gaussian	9990000000.000000	9990000000.000000
164	0	299.035266	28934.178516	     -1.00	   1312.84	    585.64	      2.53	      2.32	     -1.00	     -1.00	-0.51	 5.435e+01	    -13.21	0	Gaussian	9990000000.000000	9990000000.000000
165	0	299.269194	28940.413780	     -1.00	   1311.16	    137.12	      2.53	      2.33	     -1.00	     -1.00	1.22	 4.841e+01	    -13.21	0	Gaussian	9990000000.000000	9990000000.000000
166	0	322.341624	32285.539499	     -1.00	    304.50	    167.20	      2.35	      2.24	     -1.00	     -1.00	1.21	 1.614e+02	    -13.21	0	Gaussian	9990000000.000000	9990000000.000000
167	0	315.484821	31641.932557	     -1.00	   1124.69	    940.30	      2.41	      2.21	     -1.00	     -1.00	-3.54	 1.876e+02	    -13.21	0	Gaussian	9990000000.000000	9990000000.000000
168	0	298.994527	28678.488266	     -1.00	    580.89	    823.16	      2.53	      2.33	     -1.00	     -1.00	-0.35	 5.098e+01	    -13.21	0	Gaussian	9990000000.000000	9990000000.000000
169	0	315.919618	32416.520197	     -1.00	    833.42	    782.97	      2.33	      2.23	     -1.00	     -1.00	0.11	 1.508e+02	    -13.20	0	Gaussian	9990000000.000000	9990000000.000000
170	0	410.493961	26509.548278	     -1.00	    609.83	   1221.11	      2.70	      2.35	     -1.00	     -1.00	19.73	 6.664e+02	    -13.20	0	Gaussian	9990000000.000000	9990000000.000000
171	0	299.083782	28449.652574	     -1.00	   1252.11	    875.52	      2.53	      2.33	     -1.00	     -1.00	-0.55	 5.180e+01	    -13.20	0	Gaussian	9990000000.000000	9990000000.000000
172	0	298.183117	28358.743098	     -1.00	    953.86	    105.45	      2.53	      2.33	     -1.00	     -1.00	1.89	 4.891e+01	    -13.19	0	Gaussian	9990000000.000000	9990000000.000000
173	0	317.766869	31680.107796	     -1.00	   1248.38	    137.33	      2.40	      2.20	     -1.00	     -1.00	3.20	 1.873e+02	    -13.19	0	Gaussian	9990000000.000000	9990000000.000000
174	0	297.514929	28278.967196	     -1.00	    430.83	    708.41	      2.53	      2.33	     -1.00	     -1.00	-0.56	 4.731e+01	    -13.19	0	Gaussian	9990000000.000000	9990000000.000000
175	0	315.730146	31776.602417	     -1.00	    199.64	   1295.70	      2.35	      2.23	     -1.00	     -1.00	-4.03	 1.663e+02	    -13.19	0	Gaussian	9990000000.000000	9990000000.000000
176	0	299.095605	28235.546985	     -1.00	    351.15	    346.11	      2.53	      2.33	     -1.00	     -1.00	-0.03	 4.791e+01	    -13.19	0	Gaussian	9990000000.000000	9990000000.000000
177	0	317.819495	31729.069891	     -1.00	    984.38	   1331.43	      2.39	      2.20	     -1.00	     -1.00	1.32	 1.842e+02	    -13.19	0	Gaussian	9990000000.000000	9990000000.000000
178	0	316.285052	31134.411610	     -1.00	   1067.24	    831.54	      2.42	      2.21	     -1.00	     -1.00	-1.77	 1.778e+02	    -13.19	0	Gaussian	9990000000.000000	9990000000.000000
179	0	317.711084	31757.290771	     -1.00	    543.55	   1318.15	      2.34	      2.23	     -1.00	     -1.00	-3.15	 1.570e+02	    -13.18	0	Gaussian	9990000000.000000	9990000000.000000
180	0	317.657070	31433.860442	     -1.00	    514.35	   1093.17	      2.36	      2.23	     -1.00	     -1.00	-1.50	 1.536e+02	    -13.18	0	Gaussian	9990000000.000000	9990000000.000000
181	0	298.646350	28011.287111	     -1.00	    212.82	    811.29	      2.53	      2.33	     -1.00	     -1.00	-0.38	 5.252e+01	    -13.18	0	Gaussian	9990000000.000000	9990000000.000000
182	0	299.295785	27878.704484	     -1.00	    311.11	   1074.02	      2.54	      2.33	     -1.00	     -1.00	-0.57	 4.954e+01	    -13.18	0	Gaussian	9990000000.000000	9990000000.000000
183	0	1035.546586	34482.683877	     -1.00	    474.48	    129.93	      2.24	      2.14	     -1.00	     -1.00	-1.92	 3.004e+03	    -13.18	0	Gaussian	9990000000.000000	9990000000.000000
184	0	552.492674	32218.727512	     -1.00	    334.34	    697.86	      2.31	      2.22	     -1.00	     -1.00	3.55	 1.607e+03	    -13.18	0	Gaussian	9990000000.000000	9990000000.000000
185	0	808.875348	29827.046253	     -1.00	    503.75	    210.49	      2.45	      2.25	     -1.00	     -1.00	-1.26	 2.152e+03	    -13.18	0	Gaussian	9990000000.000000	9990000000.000000
186	0	298.646229	27696.585198	     -1.00	   1231.06	   1018.44	      2.54	      2.34	     -1.00	     -1.00	-0.24	 4.133e+01	    -13.17	0	Gaussian	9990000000.000000	9990000000.000000
187	0	762.732693	29655.586331	     -1.00	    834.03	   1167.92	      2.46	      2.25	     -1.00	     -1.00	0.73	 2.006e+03	    -13.17	0	Gaussian	9990000000.000000	9990000000.000000
188	0	316.383570	31328.329149	     -1.00	   1032.41	   1066.77	      2.34	      2.24	     -1.00	     -1.00	3.13	 1.517e+02	    -13.17	0	Gaussian	9990000000.000000	9990000000.000000
189	0	299.152257	27809.869773	     -1.00	    993.83	    927.50	      2.53	      2.32	     -1.00	     -1.00	0.19	 4.817e+01	    -13.17	0	Gaussian	9990000000.000000	9990000000.000000
190	0	312.298062	30391.509384	     -1.00	    698.61	    135.18	      2.40	      2.24	     -1.00	     -1.00	-3.49	 1.818e+02	    -13.17	0	Gaussian	9990000000.000000	9990000000.000000
191	0	452.282603	31644.849265	     -1.00	    892.46	    570.61	      2.37	      2.17	     -1.00	     -1.00	-1.24	 5.957e+02	    -13.17	0	Gaussian	9990000000.000000	9990000000.000000
192	0	299.264924	27622.368076	     -1.00	   1334.00	    554.44	      2.53	      2.33	     -1.00	     -1.00	-0.29	 4.330e+01	    -13.16	0	Gaussian	9990000000.000000	9990000000.000000
193	0	883.483254	29896.289349	     -1.00	   1055.86	    551.46	      2.44	      2.24	     -1.00	     -1.00	1.44	 2.339e+03	    -13.16	0	Gaussian	9990000000.000000	9990000000.000000
194	0	299.906183	27592.803339	     -1.00	    507.77	    124.08	      2.53	      2.32	     -1.00	     -1.00	-0.56	 4.798e+01	    -13.16	0	Gaussian	9990000000.000000	9990000000.000000
195	0	316.636389	30984.277610	     -1.00	   1189.40	   1164.08	      2.34	      2.23	     -1.00	     -1.00	0.70	 1.488e+02	    -13.16	0	Gaussian	9990000000.000000	9990000000.000000
196	0	300.159986	27470.759049	     -1.00	    514.01	   1308.82	      2.53	      2.32	     -1.00	     -1.00	-0.22	 4.627e+01	    -13.16	0	Gaussian	9990000000.000000	9990000000.000000
197	0	646.057896	32352.645201	     -1.00	     97.58	   1321.87	      2.28	      2.19	     -1.00	     -1.00	-5.82	 1.662e+03	    -13.16	0	Gaussian	9990000000.000000	9990000000.000000
198	0	298.170516	27208.421966	     -1.00	   1257.07	    907.64	      2.54	      2.33	     -1.00	     -1.00	0.37	 4.445e+01	    -13.15	0	Gaussian	9990000000.000000	9990000000.000000
199	0	298.981497	27077.913657	     -1.00	    719.76	    893.76	      2.54	      2.33	     -1.00	     -1.00	0.96	 5.529e+01	    -13.15	0	Gaussian	9990000000.000000	9990000000.000000
200	0	315.855194	30205.357819	     -1.00	   1062.31	    908.49	      2.40	      2.20	     -1.00	     -1.00	0.70	 1.780e+02	    -13.14	0	Gaussian	9990000000.000000	9990000000.000000
201	0	299.618576	27048.346914	     -1.00	    180.91	   1332.06	      2.53	      2.33	     -1.00	     -1.00	-2.05	 4.648e+01	    -13.14	0	Gaussian	9990000000.000000	9990000000.000000
202	0	306.503910	28617.625934	     -1.00	    287.66	    873.97	      2.44	      2.29	     -1.00	     -1.00	-7.36	 1.583e+02	    -13.14	0	Gaussian	9990000000.000000	9990000000.000000
203	0	299.262837	27009.426469	     -1.00	    572.02	    664.81	      2.54	      2.32	     -1.00	     -1.00	-0.88	 4.001e+01	    -13.14	0	Gaussian	9990000000.000000	9990000000.000000
204	0	317.251691	30099.327254	     -1.00	    884.42	    298.61	      2.40	      2.20	     -1.00	     -1.00	-0.10	 1.827e+02	    -13.14	0	Gaussian	9990000000.000000	9990000000.000000
205	0	316.611606	30604.717521	     -1.00	    297.48	   1250.05	      2.33	      2.22	     -1.00	     -1.00	0.08	 1.442e+02	    -13.14	0	Gaussian	9990000000.000000	9990000000.000000
206	0	315.735812	30072.541505	     -1.00	     96.34	    694.82	      2.35	      2.24	     -1.00	     -1.00	2.42	 1.462e+02	    -13.13	0	Gaussian	9990000000.000000	9990000000.000000
207	0	314.628491	29763.259311	     -1.00	    685.33	    864.43	      2.40	      2.21	     -1.00	     -1.00	1.59	 1.686e+02	    -13.13	0	Gaussian	9990000000.000000	9990000000.000000
208	0	298.016065	26767.587736	     -1.00	   1201.05	    870.41	      2.53	      2.32	     -1.00	     -1.00	-0.48	 3.999e+01	    -13.13	0	Gaussian	9990000000.000000	9990000000.000000
209	0	298.769644	26810.013709	     -1.00	   1025.98	    689.48	      2.53	      2.32	     -1.00	     -1.00	0.76	 4.086e+01	    -13.13	0	Gaussian	9990000000.000000	9990000000.000000
210	0	306.957437	28398.713576	     -1.00	    887.62	    752.07	      2.43	      2.27	     -1.00	     -1.00	-3.05	 1.564e+02	    -13.13	0	Gaussian	9990000000.000000	9990000000.000000
211	0	297.403088	26707.902314	     -1.00	   1055.85	   1064.48	      2.53	      2.32	     -1.00	     -1.00	1.53	 4.647e+01	    -13.13	0	Gaussian	9990000000.000000	9990000000.000000
212	0	298.332192	26500.005594	     -1.00	    622.92	    747.56	      2.54	      2.33	     -1.00	     -1.00	1.04	 3.784e+01	    -13.12	0	Gaussian	9990000000.000000	9990000000.000000
213	0	297.406691	26456.280324	     -1.00	    672.03	    288.33	      2.53	      2.34	     -1.00	     -1.00	-1.92	 3.753e+01	    -13.12	0	Gaussian	9990000000.000000	9990000000.000000
214	0	299.224560	26580.665504	     -1.00	   1002.15	    967.78	      2.53	      2.32	     -1.00	     -1.00	-1.45	 4.909e+01	    -13.12	0	Gaussian	9990000000.000000	9990000000.000000
215	0	297.208472	26449.904873	     -1.00	   1061.91	    503.71	      2.54	      2.32	     -1.00	     -1.00	0.62	 4.829e+01	    -13.12	0	Gaussian	9990000000.000000	9990000000.000000
216	0	306.233028	27839.558006	     -1.00	    355.26	    295.98	      2.44	      2.28	     -1.00	     -1.00	6.90	 1.477e+02	    -13.11	0	Gaussian	9990000000.000000	9990000000.000000
217	0	298.863879	26296.605610	     -1.00	    367.01	    858.69	      2.53	      2.33	     -1.00	     -1.00	0.31	 4.078e+01	    -13.11	0	Gaussian	9990000000.000000	9990000000.000000
218	0	593.575202	27121.450117	     -1.00	    918.17	    576.08	      2.49	      2.29	     -1.00	     -1.00	-1.17	 1.461e+03	    -13.11	0	Gaussian	9990000000.000000	9990000000.000000
219	0	299.997820	26236.683754	     -1.00	     66.04	    157.55	      2.53	      2.32	     -1.00	     -1.00	-0.12	 4.249e+01	    -13.10	0	Gaussian	9990000000.000000	9990000000.000000
220	0	315.235278	29440.082171	     -1.00	    435.42	    267.75	      2.33	      2.23	     -1.00	     -1.00	1.51	 1.429e+02	    -13.10	0	Gaussian	9990000000.000000	9990000000.000000
221	0	315.278136	28748.133706	     -1.00	    662.66	   1210.35	      2.41	      2.20	     -1.00	     -1.00	-2.45	 1.704e+02	    -13.09	0	Gaussian	9990000000.000000	9990000000.000000
222	0	300.057810	25916.464323	     -1.00	    230.98	   1070.31	      2.52	      2.32	     -1.00	     -1.00	0.84	 4.237e+01	    -13.09	0	Gaussian	9990000000.000000	9990000000.000000
223	0	317.612438	28553.132158	     -1.00	    757.37	    772.54	      2.40	      2.21	     -1.00	     -1.00	-1.04	 1.646e+02	    -13.09	0	Gaussian	9990000000.000000	9990000000.000000
224	0	298.952036	25782.306350	     -1.00	    466.94	    972.69	      2.53	      2.32	     -1.00	     -1.00	-1.18	 4.436e+01	    -13.09	0	Gaussian	9990000000.000000	9990000000.000000
225	0	302.778164	26627.283634	     -1.00	    590.67	    970.86	      2.45	      2.32	     -1.00	     -1.00	-5.10	 1.456e+02	    -13.09	0	Gaussian	9990000000.000000	9990000000.000000
226	0	298.118725	25570.458212	     -1.00	   1255.88	    282.96	      2.53	      2.34	     -1.00	     -1.00	0.28	 4.383e+01	    -13.08	0	Gaussian	9990000000.000000	9990000000.000000
227	0	299.019079	25481.757525	     -1.00	    453.08	    607.71	      2.53	      2.34	     -1.00	     -1.00	0.01	 4.042e+01	    -13.08	0	Gaussian	9990000000.000000	9990000000.000000
228	0	300.157041	25290.975316	     -1.00	    859.06	    925.46	      2.53	      2.33	     -1.00	     -1.00	0.52	 4.208e+01	    -13.07	0	Gaussian	9990000000.000000	9990000000.000000
229	0	316.294882	28319.082691	     -1.00	    186.61	    369.49	      2.39	      2.19	     -1.00	     -1.00	0.05	 1.719e+02	    -13.06	0	Gaussian	9990000000.000000	9990000000.000000
230	0	300.728354	24974.318377	     -1.00	    955.92	    903.02	      2.54	      2.33	     -1.00	     -1.00	-0.67	 4.619e+01	    -13.06	0	Gaussian	9990000000.000000	9990000000.000000
231	0	318.023226	28059.505342	     -1.00	    139.61	    532.50	      2.39	      2.20	     -1.00	     -1.00	0.34	 1.659e+02	    -13.06	0	Gaussian	9990000000.000000	9990000000.000000
232	0	298.817122	25065.776551	     -1.00	    930.86	    457.86	      2.53	      2.32	     -1.00	     -1.00	0.42	 4.472e+01	    -13.06	0	Gaussian	9990000000.000000	9990000000.000000
233	0	298.132616	24778.427915	     -1.00	    160.19	    337.76	      2.53	      2.34	     -1.00	     -1.00	0.35	 4.540e+01	    -13.05	0	Gaussian	9990000000.000000	9990000000.000000
234	0	532.275591	25700.990663	     -1.00	    969.08	    102.76	      2.49	      2.29	     -1.00	     -1.00	0.74	 1.439e+03	    -13.05	0	Gaussian	9990000000.000000	9990000000.000000
235	0	304.979895	26084.502013	     -1.00	   1180.69	    927.98	      2.44	      2.29	     -1.00	     -1.00	-3.59	 1.421e+02	    -13.05	0	Gaussian	9990000000.000000	9990000000.000000
236	0	317.034112	27970.150170	     -1.00	    509.49	    777.21	      2.34	      2.23	     -1.00	     -1.00	0.99	 1.385e+02	    -13.05	0	Gaussian	9990000000.000000	9990000000.000000
237	0	299.783962	24875.639155	     -1.00	    394.81	   1133.02	      2.53	      2.32	     -1.00	     -1.00	0.72	 4.494e+01	    -13.05	0	Gaussian	9990000000.000000	9990000000.000000
238	0	317.208998	27744.345511	     -1.00	    691.46	    953.63	      2.40	      2.19	     -1.00	     -1.00	-1.33	 1.702e+02	    -13.04	0	Gaussian	9990000000.000000	9990000000.000000
239	0	418.084311	28263.230846	     -1.00	    385.46	    110.89	      2.32	      2.22	     -1.00	     -1.00	-1.10	 5.704e+02	    -13.04	0	Gaussian	9990000000.000000	9990000000.000000
240	0	299.504624	24758.531388	     -1.00	     94.92	    175.69	      2.53	      2.32	     -1.00	     -1.00	1.17	 4.071e+01	    -13.04	0	Gaussian	9990000000.000000	9990000000.000000
241	0	298.469948	24688.658895	     -1.00	   1253.98	    156.56	      2.53	      2.33	     -1.00	     -1.00	1.19	 4.031e+01	    -13.04	0	Gaussian	9990000000.000000	9990000000.000000
242	0	298.770827	24686.590081	     -1.00	    385.92	    366.43	      2.53	      2.32	     -1.00	     -1.00	0.16	 3.619e+01	    -13.04	0	Gaussian	9990000000.000000	9990000000.000000
243	0	315.359719	27471.291006	     -1.00	   1222.42	    578.38	      2.40	      2.20	     -1.00	     -1.00	1.73	 1.618e+02	    -13.04	0	Gaussian	9990000000.000000	9990000000.000000
244	0	314.536478	27275.206729	     -1.00	    867.65	   1121.34	      2.40	      2.21	     -1.00	     -1.00	-1.90	 1.601e+02	    -13.04	0	Gaussian	9990000000.000000	9990000000.000000
245	0	315.726457	27500.799299	     -1.00	    667.40	   1171.60	      2.40	      2.20	     -1.00	     -1.00	-0.53	 1.644e+02	    -13.04	0	Gaussian	9990000000.000000	9990000000.000000
246	0	365.665332	24673.325368	     -1.00	    685.02	    902.63	      2.53	      2.32	     -1.00	     -1.00	1.81	 3.338e+02	    -13.04	0	Gaussian	9990000000.000000	9990000000.000000
247	0	317.167977	27622.921509	     -1.00	    413.48	    363.29	      2.35	      2.23	     -1.00	     -1.00	-1.34	 1.370e+02	    -13.03	0	Gaussian	9990000000.000000	9990000000.000000
248	0	314.691615	27808.337781	     -1.00	   1131.52	     86.01	      2.32	      2.24	     -1.00	     -1.00	-3.26	 1.344e+02	    -13.03	0	Gaussian	9990000000.000000	9990000000.000000
249	0	304.842840	25687.543000	     -1.00	    610.70	     83.95	      2.37	      2.37	     -1.00	     -1.00	63.53	 1.646e+02	    -13.03	0	Gaussian	9990000000.000000	9990000000.000000
250	0	435.561701	27814.321060	     -1.00	    194.39	    154.39	      2.37	      2.18	     -1.00	     -1.00	0.14	 8.283e+02	    -13.03	0	Gaussian	9990000000.000000	9990000000.000000
251	0	299.614531	24178.106557	     -1.00	    864.00	   1083.44	      2.53	      2.33	     -1.00	     -1.00	0.70	 3.859e+01	    -13.02	0	Gaussian	9990000000.000000	9990000000.000000
252	0	296.880513	24089.850119	     -1.00	   1237.06	    370.44	      2.53	      2.34	     -1.00	     -1.00	0.68	 4.331e+01	    -13.02	0	Gaussian	9990000000.000000	9990000000.000000
253	0	312.410764	27160.751861	     -1.00	    684.63	   1214.82	      2.33	      2.25	     -1.00	     -1.00	-3.20	 1.397e+02	    -13.02	0	Gaussian	9990000000.000000	9990000000.000000
254	0	317.100161	27242.830908	     -1.00	    662.45	   1044.52	      2.39	      2.19	     -1.00	     -1.00	-0.29	 1.617e+02	    -13.02	0	Gaussian	9990000000.000000	9990000000.000000
255	0	310.126473	26157.118218	     -1.00	     71.63	    437.16	      2.42	      2.25	     -1.00	     -1.00	-3.82	 1.471e+02	    -13.02	0	Gaussian	9990000000.000000	9990000000.000000
256	0	299.380105	24046.287670	     -1.00	   1101.83	    189.25	      2.53	      2.33	     -1.00	     -1.00	0.50	 4.463e+01	    -13.01	0	Gaussian	9990000000.000000	9990000000.000000
257	0	298.832522	24038.152800	     -1.00	    653.74	    509.31	      2.53	      2.33	     -1.00	     -1.00	-0.89	 3.886e+01	    -13.01	0	Gaussian	9990000000.000000	9990000000.000000
258	0	313.223411	27097.147526	     -1.00	   1064.53	    606.70	      2.33	      2.24	     -1.00	     -1.00	0.15	 1.354e+02	    -13.01	0	Gaussian	9990000000.000000	9990000000.000000
259	0	298.917186	24047.357175	     -1.00	    533.93	     88.56	      2.53	      2.31	     -1.00	     -1.00	-1.34	 3.902e+01	    -13.01	0	Gaussian	9990000000.000000	9990000000.000000
260	0	298.689064	23871.232374	     -1.00	   1224.20	    383.48	      2.53	      2.32	     -1.00	     -1.00	1.23	 4.552e+01	    -13.00	0	Gaussian	9990000000.000000	9990000000.000000
261	0	317.878964	26794.744320	     -1.00	    592.54	    582.44	      2.38	      2.19	     -1.00	     -1.00	-0.79	 1.622e+02	    -13.00	0	Gaussian	9990000000.000000	9990000000.000000
262	0	299.532481	23573.240451	     -1.00	    583.05	    786.54	      2.54	      2.33	     -1.00	     -1.00	0.31	 4.024e+01	    -13.00	0	Gaussian	9990000000.000000	9990000000.000000
263	0	316.530428	26625.151170	     -1.00	   1073.39	    501.54	      2.39	      2.19	     -1.00	     -1.00	-0.01	 1.590e+02	    -12.99	0	Gaussian	9990000000.000000	9990000000.000000
264	0	314.391848	26191.056705	     -1.00	   1301.68	    199.60	      2.41	      2.20	     -1.00	     -1.00	2.34	 1.637e+02	    -12.99	0	Gaussian	9990000000.000000	9990000000.000000
265	0	316.723836	26729.922187	     -1.00	    577.47	    182.85	      2.32	      2.23	     -1.00	     -1.00	-0.39	 1.256e+02	    -12.99	0	Gaussian	9990000000.000000	9990000000.000000
266	0	299.138850	23505.478863	     -1.00	   1284.04	    263.90	      2.43	      2.43	     -1.00	     -1.00	66.70	 9.891e+01	    -12.99	0	Gaussian	9990000000.000000	9990000000.000000
267	0	297.680505	23317.832641	     -1.00	    904.00	    304.17	      2.54	      2.34	     -1.00	     -1.00	1.46	 3.844e+01	    -12.99	0	Gaussian	9990000000.000000	9990000000.000000
268	0	299.263217	23459.440303	     -1.00	    389.11	    422.34	      2.53	      2.32	     -1.00	     -1.00	0.57	 3.755e+01	    -12.99	0	Gaussian	9990000000.000000	9990000000.000000
269	0	300.142633	23448.400877	     -1.00	    436.17	    748.87	      2.54	      2.32	     -1.00	     -1.00	-1.14	 4.664e+01	    -12.98	0	Gaussian	9990000000.000000	9990000000.000000
270	0	352.496065	26172.482866	     -1.00	    908.32	    782.57	      2.40	      2.19	     -1.00	     -1.00	-2.05	 3.282e+02	    -12.98	0	Gaussian	9990000000.000000	9990000000.000000
271	0	671.063571	24305.010835	     -1.00	    442.72	    883.55	      2.48	      2.29	     -1.00	     -1.00	-2.79	 1.839e+03	    -12.98	0	Gaussian	9990000000.000000	9990000000.000000
272	0	315.424539	25910.118642	     -1.00	    531.46	    278.55	      2.40	      2.20	     -1.00	     -1.00	1.45	 1.525e+02	    -12.98	0	Gaussian	9990000000.000000	9990000000.000000
273	0	297.797253	22875.280381	     -1.00	    747.97	    904.19	      2.53	      2.33	     -1.00	     -1.00	-0.66	 3.943e+01	    -12.96	0	Gaussian	9990000000.000000	9990000000.000000
274	0	299.790989	22892.835437	     -1.00	    555.02	    984.07	      2.53	      2.33	     -1.00	     -1.00	0.23	 4.197e+01	    -12.96	0	Gaussian	9990000000.000000	9990000000.000000
275	0	316.103331	25841.696543	     -1.00	    597.57	    686.57	      2.38	      2.19	     -1.00	     -1.00	1.18	 1.596e+02	    -12.96	0	Gaussian	9990000000.000000	9990000000.000000
276	0	314.067948	26019.534496	     -1.00	   1284.51	    920.99	      2.33	      2.23	     -1.00	     -1.00	0.77	 1.246e+02	    -12.96	0	Gaussian	9990000000.000000	9990000000.000000
277	0	299.622201	22882.184947	     -1.00	    905.75	    460.87	      2.53	      2.33	     -1.00	     -1.00	0.53	 4.034e+01	    -12.96	0	Gaussian	9990000000.000000	9990000000.000000
278	0	298.404775	22773.014500	     -1.00	    968.91	    438.36	      2.53	      2.33	     -1.00	     -1.00	0.26	 3.562e+01	    -12.96	0	Gaussian	9990000000.000000	9990000000.000000
279	0	1108.880048	28904.295636	     -1.00	    895.43	    331.08	      2.20	      2.11	     -1.00	     -1.00	1.86	 3.289e+03	    -12.96	0	Gaussian	9990000000.000000	9990000000.000000
280	0	313.491926	25844.233514	     -1.00	     78.54	   1016.01	      2.33	      2.23	     -1.00	     -1.00	0.05	 1.252e+02	    -12.96	0	Gaussian	9990000000.000000	9990000000.000000
281	0	316.063840	25775.504820	     -1.00	    449.48	   1031.87	      2.33	      2.23	     -1.00	     -1.00	-0.12	 1.235e+02	    -12.96	0	Gaussian	9990000000.000000	9990000000.000000
282	0	314.152021	25625.055897	     -1.00	    454.53	    385.83	      2.33	      2.25	     -1.00	     -1.00	-1.94	 1.227e+02	    -12.95	0	Gaussian	9990000000.000000	9990000000.000000
283	0	545.185176	26410.760037	     -1.00	    238.66	    121.46	      2.36	      2.14	     -1.00	     -1.00	-0.37	 1.561e+03	    -12.95	0	Gaussian	9990000000.000000	9990000000.000000
284	0	300.851348	22509.861687	     -1.00	    393.10	    712.86	      2.53	      2.33	     -1.00	     -1.00	1.31	 4.240e+01	    -12.94	0	Gaussian	9990000000.000000	9990000000.000000
285	0	299.681801	22539.586147	     -1.00	    250.13	    313.48	      2.53	      2.32	     -1.00	     -1.00	-1.03	 4.095e+01	    -12.94	0	Gaussian	9990000000.000000	9990000000.000000
286	0	313.265628	25244.871687	     -1.00	     96.38	    221.16	      2.34	      2.24	     -1.00	     -1.00	2.16	 1.203e+02	    -12.94	0	Gaussian	9990000000.000000	9990000000.000000
287	0	313.230879	24903.471597	     -1.00	    130.33	    767.60	      2.41	      2.20	     -1.00	     -1.00	-2.19	 1.476e+02	    -12.94	0	Gaussian	9990000000.000000	9990000000.000000
288	0	483.412219	23073.077848	     -1.00	    776.11	    851.84	      2.50	      2.29	     -1.00	     -1.00	-0.35	 1.024e+03	    -12.94	0	Gaussian	9990000000.000000	9990000000.000000
289	0	316.016457	25421.531861	     -1.00	    344.39	   1237.72	      2.33	      2.22	     -1.00	     -1.00	1.96	 1.249e+02	    -12.94	0	Gaussian	9990000000.000000	9990000000.000000
290	0	299.820697	22360.402914	     -1.00	    723.16	    618.98	      2.53	      2.32	     -1.00	     -1.00	-0.23	 4.539e+01	    -12.93	0	Gaussian	9990000000.000000	9990000000.000000
291	0	306.755842	23801.219402	     -1.00	    415.68	    569.07	      2.44	      2.26	     -1.00	     -1.00	-6.18	 1.419e+02	    -12.93	0	Gaussian	9990000000.000000	9990000000.000000
292	0	298.586552	22248.292591	     -1.00	    338.01	    186.70	      2.53	      2.32	     -1.00	     -1.00	0.11	 3.543e+01	    -12.93	0	Gaussian	9990000000.000000	9990000000.000000
293	0	297.607104	22198.333408	     -1.00	    348.73	    814.47	      2.54	      2.32	     -1.00	     -1.00	0.21	 3.734e+01	    -12.93	0	Gaussian	9990000000.000000	9990000000.000000
294	0	298.667360	22216.345525	     -1.00	    256.99	    488.26	      2.53	      2.33	     -1.00	     -1.00	-1.20	 3.603e+01	    -12.93	0	Gaussian	9990000000.000000	9990000000.000000
295	0	311.668581	24199.849990	     -1.00	    492.26	   1028.35	      2.42	      2.22	     -1.00	     -1.00	3.70	 1.388e+02	    -12.92	0	Gaussian	9990000000.000000	9990000000.000000
296	0	312.046995	24226.415532	     -1.00	   1234.27	    903.29	      2.41	      2.21	     -1.00	     -1.00	3.22	 1.405e+02	    -12.92	0	Gaussian	9990000000.000000	9990000000.000000
297	0	314.577222	24642.329416	     -1.00	    411.40	    384.72	      2.34	      2.24	     -1.00	     -1.00	5.02	 1.202e+02	    -12.91	0	Gaussian	9990000000.000000	9990000000.000000
298	0	298.654111	21958.398788	     -1.00	    935.98	    112.50	      2.52	      2.33	     -1.00	     -1.00	-0.09	 3.379e+01	    -12.91	0	Gaussian	9990000000.000000	9990000000.000000
299	0	300.477380	21888.103679	     -1.00	   1295.93	    307.36	      2.53	      2.33	     -1.00	     -1.00	-0.19	 3.548e+01	    -12.91	0	Gaussian	9990000000.000000	9990000000.000000
300	0	298.932278	21991.741887	     -1.00	    722.98	    680.59	      2.53	      2.32	     -1.00	     -1.00	-1.97	 3.908e+01	    -12.91	0	Gaussian	9990000000.000000	9990000000.000000
301	0	299.411124	21855.197017	     -1.00	     73.13	    310.08	      2.53	      2.32	     -1.00	     -1.00	2.09	 4.346e+01	    -12.91	0	Gaussian	9990000000.000000	9990000000.000000
302	0	297.199026	21652.697628	     -1.00	   1231.74	    836.14	      2.54	      2.33	     -1.00	     -1.00	-0.71	 3.761e+01	    -12.90	0	Gaussian	9990000000.000000	9990000000.000000
303	0	314.492598	24111.455683	     -1.00	   1145.66	    530.37	      2.40	      2.20	     -1.00	     -1.00	-1.61	 1.461e+02	    -12.90	0	Gaussian	9990000000.000000	9990000000.000000
304	0	313.866126	24098.563133	     -1.00	   1216.61	    992.63	      2.41	      2.20	     -1.00	     -1.00	-0.17	 1.481e+02	    -12.90	0	Gaussian	9990000000.000000	9990000000.000000
305	0	976.627465	25885.946654	     -1.00	    245.69	    372.15	      2.30	      2.13	     -1.00	     -1.00	-6.79	 4.095e+03	    -12.90	0	Gaussian	9990000000.000000	9990000000.000000
306	0	300.672934	21369.876404	     -1.00	    503.87	   1009.79	      2.53	      2.33	     -1.00	     -1.00	0.90	 3.628e+01	    -12.89	0	Gaussian	9990000000.000000	9990000000.000000
307	0	309.130754	21396.443316	     -1.00	    168.94	   1097.71	      2.54	      2.32	     -1.00	     -1.00	-0.17	 1.098e+02	    -12.89	0	Gaussian	9990000000.000000	9990000000.000000
308	0	320.910570	21441.387226	     -1.00	   1019.85	    369.88	      2.52	      2.32	     -1.00	     -1.00	-0.12	 1.419e+02	    -12.88	0	Gaussian	9990000000.000000	9990000000.000000
309	0	298.981808	21244.114851	     -1.00	    936.07	    543.50	      2.53	      2.33	     -1.00	     -1.00	0.72	 3.589e+01	    -12.88	0	Gaussian	9990000000.000000	9990000000.000000
310	0	298.776852	21157.708766	     -1.00	    382.98	    158.10	      2.43	      2.43	     -1.00	     -1.00	85.82	 8.968e+01	    -12.88	0	Gaussian	9990000000.000000	9990000000.000000
311	0	300.195369	21321.762604	     -1.00	    723.93	    263.79	      2.53	      2.32	     -1.00	     -1.00	-1.73	 3.785e+01	    -12.88	0	Gaussian	9990000000.000000	9990000000.000000
312	0	456.892671	21773.655623	     -1.00	    992.02	   1294.74	      2.49	      2.29	     -1.00	     -1.00	0.42	 1.172e+03	    -12.87	0	Gaussian	9990000000.000000	9990000000.000000
313	0	311.861167	23747.972391	     -1.00	   1260.60	    704.94	      2.34	      2.24	     -1.00	     -1.00	-1.08	 1.166e+02	    -12.87	0	Gaussian	9990000000.000000	9990000000.000000
314	0	315.746275	23858.292756	     -1.00	    416.52	    623.45	      2.38	      2.19	     -1.00	     -1.00	1.20	 1.453e+02	    -12.87	0	Gaussian	9990000000.000000	9990000000.000000
315	0	310.371571	23808.784238	     -1.00	    608.57	    585.70	      2.34	      2.23	     -1.00	     -1.00	-2.55	 1.186e+02	    -12.87	0	Gaussian	9990000000.000000	9990000000.000000
316	0	298.365334	20971.756527	     -1.00	    855.00	    346.31	      2.53	      2.33	     -1.00	     -1.00	-0.38	 3.173e+01	    -12.86	0	Gaussian	9990000000.000000	9990000000.000000
317	0	300.055337	20778.514990	     -1.00	    815.06	    465.01	      2.43	      2.43	     -1.00	     -1.00	-64.02	 9.145e+01	    -12.86	0	Gaussian	9990000000.000000	9990000000.000000
318	0	313.359989	23708.497761	     -1.00	   1240.61	    660.83	      2.33	      2.23	     -1.00	     -1.00	-6.64	 1.233e+02	    -12.86	0	Gaussian	9990000000.000000	9990000000.000000
319	0	308.936858	22552.476342	     -1.00	    718.27	     76.19	      2.43	      2.24	     -1.00	     -1.00	5.96	 1.264e+02	    -12.86	0	Gaussian	9990000000.000000	9990000000.000000
320	0	313.001895	22953.676818	     -1.00	   1070.27	   1111.42	      2.41	      2.21	     -1.00	     -1.00	2.02	 1.329e+02	    -12.85	0	Gaussian	9990000000.000000	9990000000.000000
321	0	299.550308	20696.949690	     -1.00	    211.72	    259.51	      2.53	      2.33	     -1.00	     -1.00	0.86	 3.818e+01	    -12.85	0	Gaussian	9990000000.000000	9990000000.000000
322	0	299.228853	20804.468800	     -1.00	   1013.98	    134.55	      2.53	      2.32	     -1.00	     -1.00	1.94	 3.514e+01	    -12.85	0	Gaussian	9990000000.000000	9990000000.000000
323	0	297.521234	20472.327302	     -1.00	   1273.83	    633.27	      2.54	      2.34	     -1.00	     -1.00	-0.70	 3.729e+01	    -12.85	0	Gaussian	9990000000.000000	9990000000.000000
324	0	298.662434	20555.389442	     -1.00	    511.85	    404.22	      2.53	      2.33	     -1.00	     -1.00	-0.49	 4.054e+01	    -12.85	0	Gaussian	9990000000.000000	9990000000.000000
325	0	297.544617	20591.506386	     -1.00	    267.84	   1024.31	      2.54	      2.32	     -1.00	     -1.00	-0.12	 3.921e+01	    -12.85	0	Gaussian	9990000000.000000	9990000000.000000
326	0	341.964075	20826.596153	     -1.00	    984.89	   1304.25	      2.52	      2.32	     -1.00	     -1.00	0.47	 3.649e+02	    -12.85	0	Gaussian	9990000000.000000	9990000000.000000
327	0	309.800786	23168.918014	     -1.00	    312.56	     89.76	      2.34	      2.24	     -1.00	     -1.00	-1.46	 1.152e+02	    -12.85	0	Gaussian	9990000000.000000	9990000000.000000
328	0	313.397116	23380.410247	     -1.00	   1184.49	    556.04	      2.32	      2.23	     -1.00	     -1.00	-3.92	 1.133e+02	    -12.84	0	Gaussian	9990000000.000000	9990000000.000000
329	0	305.678789	21402.859854	     -1.00	    897.70	   1172.95	      2.37	      2.37	     -1.00	     -1.00	78.00	 1.381e+02	    -12.84	0	Gaussian	9990000000.000000	9990000000.000000
330	0	463.774503	20983.663729	     -1.00	    199.13	    163.70	      2.49	      2.29	     -1.00	     -1.00	0.26	 1.067e+03	    -12.83	0	Gaussian	9990000000.000000	9990000000.000000
331	0	299.458653	20208.629953	     -1.00	    764.75	    715.01	      2.54	      2.32	     -1.00	     -1.00	0.07	 3.834e+01	    -12.83	0	Gaussian	9990000000.000000	9990000000.000000
332	0	311.891939	22753.075072	     -1.00	   1214.57	    601.81	      2.33	      2.24	     -1.00	     -1.00	-2.09	 1.130e+02	    -12.82	0	Gaussian	9990000000.000000	9990000000.000000
333	0	300.029940	20015.814119	     -1.00	   1025.94	    946.98	      2.53	      2.33	     -1.00	     -1.00	-0.91	 3.756e+01	    -12.81	0	Gaussian	9990000000.000000	9990000000.000000
334	0	886.601354	22043.680538	     -1.00	   1051.92	    558.43	      2.41	      2.21	     -1.00	     -1.00	0.94	 2.818e+03	    -12.81	0	Gaussian	9990000000.000000	9990000000.000000
335	0	310.520746	22047.889685	     -1.00	    550.33	   1084.71	      2.35	      2.24	     -1.00	     -1.00	1.93	 1.125e+02	    -12.80	0	Gaussian	9990000000.000000	9990000000.000000
336	0	315.926898	22168.178261	     -1.00	   1179.53	    140.39	      2.39	      2.19	     -1.00	     -1.00	0.25	 1.307e+02	    -12.80	0	Gaussian	9990000000.000000	9990000000.000000
337	0	313.155233	22070.628798	     -1.00	    497.49	    623.51	      2.39	      2.19	     -1.00	     -1.00	2.52	 1.312e+02	    -12.80	0	Gaussian	9990000000.000000	9990000000.000000
338	0	313.566119	22334.590897	     -1.00	    877.48	   1049.10	      2.33	      2.23	     -1.00	     -1.00	-0.83	 1.061e+02	    -12.79	0	Gaussian	9990000000.000000	9990000000.000000
339	0	298.753422	19648.397723	     -1.00	    506.76	   1145.02	      2.53	      2.32	     -1.00	     -1.00	-0.65	 3.867e+01	    -12.79	0	Gaussian	9990000000.000000	9990000000.000000
340	0	312.511185	21784.337321	     -1.00	     66.50	    954.27	      2.40	      2.21	     -1.00	     -1.00	-2.86	 1.265e+02	    -12.79	0	Gaussian	9990000000.000000	9990000000.000000
341	0	310.114455	21811.913723	     -1.00	     77.29	    290.82	      2.37	      2.23	     -1.00	     -1.00	2.35	 1.082e+02	    -12.79	0	Gaussian	9990000000.000000	9990000000.000000
342	0	298.266305	19340.047004	     -1.00	     76.13	    968.78	      2.53	      2.34	     -1.00	     -1.00	-0.23	 3.399e+01	    -12.78	0	Gaussian	9990000000.000000	9990000000.000000
343	0	310.361729	21848.009447	     -1.00	    536.53	    295.05	      2.34	      2.24	     -1.00	     -1.00	6.30	 1.056e+02	    -12.78	0	Gaussian	9990000000.000000	9990000000.000000
344	0	310.467064	21768.468703	     -1.00	    774.58	    453.09	      2.34	      2.24	     -1.00	     -1.00	-2.64	 1.074e+02	    -12.78	0	Gaussian	9990000000.000000	9990000000.000000
345	0	299.135101	19293.653733	     -1.00	    451.03	   1183.59	      2.53	      2.32	     -1.00	     -1.00	0.52	 2.912e+01	    -12.77	0	Gaussian	9990000000.000000	9990000000.000000
346	0	626.322922	19979.172261	     -1.00	    396.09	    329.45	      2.52	      2.24	     -1.00	     -1.00	-0.48	 1.386e+03	    -12.77	0	Gaussian	9990000000.000000	9990000000.000000
347	0	311.047879	21895.055313	     -1.00	   1282.44	    690.80	      2.33	      2.22	     -1.00	     -1.00	2.75	 1.035e+02	    -12.77	0	Gaussian	9990000000.000000	9990000000.000000
348	0	311.493944	21434.624038	     -1.00	    269.64	    885.76	      2.35	      2.24	     -1.00	     -1.00	-3.53	 1.118e+02	    -12.77	0	Gaussian	9990000000.000000	9990000000.000000
349	0	299.213556	19137.072524	     -1.00	    819.75	    569.00	      2.53	      2.32	     -1.00	     -1.00	0.60	 3.810e+01	    -12.76	0	Gaussian	9990000000.000000	9990000000.000000
350	0	312.669214	21382.101356	     -1.00	    654.58	    453.41	      2.39	      2.20	     -1.00	     -1.00	-2.24	 1.266e+02	    -12.76	0	Gaussian	9990000000.000000	9990000000.000000
351	0	299.847851	19063.882471	     -1.00	    451.77	   1100.78	      2.53	      2.32	     -1.00	     -1.00	1.30	 4.111e+01	    -12.76	0	Gaussian	9990000000.000000	9990000000.000000
352	0	396.309796	21698.491712	     -1.00	    463.43	    767.48	      2.37	      2.17	     -1.00	     -1.00	0.90	 3.781e+02	    -12.75	0	Gaussian	9990000000.000000	9990000000.000000
353	0	299.251472	18970.090165	     -1.00	    238.05	   1275.48	      2.53	      2.32	     -1.00	     -1.00	-0.67	 3.207e+01	    -12.75	0	Gaussian	9990000000.000000	9990000000.000000
354	0	447.105716	22023.219717	     -1.00	    909.41	     97.86	      2.29	      2.20	     -1.00	     -1.00	6.74	 9.299e+02	    -12.75	0	Gaussian	9990000000.000000	9990000000.000000
355	0	300.522498	18858.259858	     -1.00	    389.15	    293.03	      2.53	      2.33	     -1.00	     -1.00	1.13	 3.488e+01	    -12.75	0	Gaussian	9990000000.000000	9990000000.000000
356	0	299.839591	18931.912713	     -1.00	    247.94	    688.45	      2.52	      2.32	     -1.00	     -1.00	-0.66	 3.101e+01	    -12.75	0	Gaussian	9990000000.000000	9990000000.000000
357	0	309.732945	20778.577638	     -1.00	    907.35	    931.37	      2.41	      2.20	     -1.00	     -1.00	3.04	 1.208e+02	    -12.74	0	Gaussian	9990000000.000000	9990000000.000000
358	0	304.139021	19666.468334	     -1.00	     58.29	    176.98	      2.44	      2.29	     -1.00	     -1.00	8.70	 1.083e+02	    -12.74	0	Gaussian	9990000000.000000	9990000000.000000
359	0	312.218280	20931.951722	     -1.00	    230.39	   1177.05	      2.34	      2.24	     -1.00	     -1.00	-4.32	 9.955e+01	    -12.74	0	Gaussian	9990000000.000000	9990000000.000000
360	0	299.283391	18520.581804	     -1.00	    671.76	    522.07	      2.43	      2.43	     -1.00	     -1.00	-62.06	 9.132e+01	    -12.74	0	Gaussian	9990000000.000000	9990000000.000000
361	0	310.933239	20458.765095	     -1.00	    800.64	   1283.46	      2.42	      2.21	     -1.00	     -1.00	-1.18	 1.198e+02	    -12.73	0	Gaussian	9990000000.000000	9990000000.000000
362	0	310.453901	20805.248725	     -1.00	    917.51	    165.75	      2.33	      2.24	     -1.00	     -1.00	0.79	 1.045e+02	    -12.72	0	Gaussian	9990000000.000000	9990000000.000000
363	0	310.978102	20316.674617	     -1.00	    357.27	    175.48	      2.42	      2.21	     -1.00	     -1.00	0.79	 1.171e+02	    -12.72	0	Gaussian	9990000000.000000	9990000000.000000
364	0	311.110710	20846.142462	     -1.00	    815.40	    337.79	      2.33	      2.23	     -1.00	     -1.00	2.62	 1.010e+02	    -12.72	0	Gaussian	9990000000.000000	9990000000.000000
365	0	315.062858	19668.681273	     -1.00	    777.26	   1279.06	      2.44	      2.25	     -1.00	     -1.00	9.65	 1.212e+02	    -12.72	0	Gaussian	9990000000.000000	9990000000.000000
366	0	298.931275	18134.475947	     -1.00	    331.09	   1141.75	      2.53	      2.33	     -1.00	     -1.00	0.54	 3.203e+01	    -12.71	0	Gaussian	9990000000.000000	9990000000.000000
367	0	298.921590	18045.295007	     -1.00	   1309.00	   1040.97	      2.54	      2.33	     -1.00	     -1.00	-0.60	 3.288e+01	    -12.71	0	Gaussian	9990000000.000000	9990000000.000000
368	0	298.761904	18023.658799	     -1.00	    262.83	    203.23	      2.54	      2.33	     -1.00	     -1.00	0.29	 3.049e+01	    -12.71	0	Gaussian	9990000000.000000	9990000000.000000
369	0	299.760184	17992.108477	     -1.00	    656.06	    404.70	      2.54	      2.33	     -1.00	     -1.00	-0.56	 3.237e+01	    -12.70	0	Gaussian	9990000000.000000	9990000000.000000
370	0	311.553761	20590.313295	     -1.00	   1160.50	   1302.18	      2.33	      2.22	     -1.00	     -1.00	-1.48	 1.010e+02	    -12.70	0	Gaussian	9990000000.000000	9990000000.000000
371	0	995.922507	20376.509098	     -1.00	    497.20	    203.45	      2.38	      2.19	     -1.00	     -1.00	-1.54	 3.120e+03	    -12.70	0	Gaussian	9990000000.000000	9990000000.000000
372	0	309.178460	19786.125030	     -1.00	    682.69	    670.29	      2.41	      2.22	     -1.00	     -1.00	-2.32	 1.215e+02	    -12.70	0	Gaussian	9990000000.000000	9990000000.000000
373	0	299.920081	17965.312061	     -1.00	    139.88	    403.62	      2.53	      2.33	     -1.00	     -1.00	0.03	 3.774e+01	    -12.70	0	Gaussian	9990000000.000000	9990000000.000000
374	0	299.681756	17860.585366	     -1.00	    440.91	    478.80	      2.53	      2.32	     -1.00	     -1.00	-0.55	 3.382e+01	    -12.69	0	Gaussian	9990000000.000000	9990000000.000000
375	0	299.519401	17814.585891	     -1.00	   1189.19	   1292.03	      2.53	      2.33	     -1.00	     -1.00	-0.53	 3.371e+01	    -12.69	0	Gaussian	9990000000.000000	9990000000.000000
376	0	310.344254	19502.269194	     -1.00	   1197.28	   1061.46	      2.42	      2.21	     -1.00	     -1.00	-0.27	 1.132e+02	    -12.68	0	Gaussian	9990000000.000000	9990000000.000000
377	0	298.062369	17576.426484	     -1.00	   1213.15	    671.14	      2.54	      2.33	     -1.00	     -1.00	1.76	 3.368e+01	    -12.68	0	Gaussian	9990000000.000000	9990000000.000000
378	0	301.103695	17517.694092	     -1.00	    312.95	   1317.81	      2.53	      2.33	     -1.00	     -1.00	-2.07	 2.984e+01	    -12.67	0	Gaussian	9990000000.000000	9990000000.000000
379	0	300.155295	17603.402840	     -1.00	    923.19	   1166.02	      2.52	      2.32	     -1.00	     -1.00	-0.55	 3.093e+01	    -12.67	0	Gaussian	9990000000.000000	9990000000.000000
380	0	432.497623	17842.013561	     -1.00	    968.79	     93.36	      2.50	      2.29	     -1.00	     -1.00	-0.10	 9.283e+02	    -12.66	0	Gaussian	9990000000.000000	9990000000.000000
381	0	301.282348	17384.529874	     -1.00	    977.77	    114.62	      2.54	      2.32	     -1.00	     -1.00	0.28	 3.034e+01	    -12.66	0	Gaussian	9990000000.000000	9990000000.000000
382	0	312.777267	19692.910281	     -1.00	    333.47	   1181.86	      2.32	      2.23	     -1.00	     -1.00	0.60	 9.480e+01	    -12.66	0	Gaussian	9990000000.000000	9990000000.000000
383	0	300.182720	17298.499650	     -1.00	    609.96	    445.44	      2.53	      2.33	     -1.00	     -1.00	-1.04	 2.923e+01	    -12.66	0	Gaussian	9990000000.000000	9990000000.000000
384	0	311.972354	19729.485879	     -1.00	    199.51	    537.73	      2.32	      2.23	     -1.00	     -1.00	-2.07	 9.983e+01	    -12.66	0	Gaussian	9990000000.000000	9990000000.000000
385	0	299.374558	17400.705787	     -1.00	    527.13	    391.27	      2.53	      2.32	     -1.00	     -1.00	0.52	 3.052e+01	    -12.66	0	Gaussian	9990000000.000000	9990000000.000000
386	0	308.961208	19036.830883	     -1.00	   1110.70	    533.31	      2.41	      2.22	     -1.00	     -1.00	-2.63	 1.144e+02	    -12.65	0	Gaussian	9990000000.000000	9990000000.000000
387	0	299.401655	17247.702089	     -1.00	   1242.93	    456.60	      2.53	      2.33	     -1.00	     -1.00	0.02	 2.960e+01	    -12.65	0	Gaussian	9990000000.000000	9990000000.000000
388	0	307.819756	18753.548323	     -1.00	   1248.29	   1236.19	      2.42	      2.24	     -1.00	     -1.00	6.16	 1.074e+02	    -12.65	0	Gaussian	9990000000.000000	9990000000.000000
389	0	309.836314	19310.072245	     -1.00	    892.40	   1297.20	      2.35	      2.23	     -1.00	     -1.00	-0.12	 9.368e+01	    -12.65	0	Gaussian	9990000000.000000	9990000000.000000
390	0	312.686089	19238.940784	     -1.00	    522.41	    300.44	      2.39	      2.20	     -1.00	     -1.00	0.02	 1.099e+02	    -12.65	0	Gaussian	9990000000.000000	9990000000.000000
391	0	299.935310	17202.228254	     -1.00	    834.11	    899.94	      2.53	      2.32	     -1.00	     -1.00	-0.78	 3.681e+01	    -12.65	0	Gaussian	9990000000.000000	9990000000.000000
392	0	300.942137	17013.740922	     -1.00	   1061.07	   1257.68	      2.54	      2.32	     -1.00	     -1.00	-0.45	 3.132e+01	    -12.64	0	Gaussian	9990000000.000000	9990000000.000000
393	0	297.606781	17022.550175	     -1.00	    601.86	    740.32	      2.53	      2.32	     -1.00	     -1.00	-0.85	 3.158e+01	    -12.64	0	Gaussian	9990000000.000000	9990000000.000000
394	0	300.934871	16990.057273	     -1.00	     71.16	    674.40	      2.52	      2.33	     -1.00	     -1.00	-2.42	 3.362e+01	    -12.64	0	Gaussian	9990000000.000000	9990000000.000000
395	0	299.237906	16948.197285	     -1.00	    507.19	   1199.86	      2.53	      2.33	     -1.00	     -1.00	0.60	 3.346e+01	    -12.64	0	Gaussian	9990000000.000000	9990000000.000000
396	0	300.770043	16962.077668	     -1.00	    211.10	   1068.03	      2.54	      2.32	     -1.00	     -1.00	-0.49	 2.881e+01	    -12.63	0	Gaussian	9990000000.000000	9990000000.000000
397	0	311.893116	19135.958740	     -1.00	    302.45	    970.60	      2.39	      2.18	     -1.00	     -1.00	0.36	 1.179e+02	    -12.63	0	Gaussian	9990000000.000000	9990000000.000000
398	0	299.730425	16646.388543	     -1.00	    739.09	    928.55	      2.54	      2.33	     -1.00	     -1.00	-0.93	 2.760e+01	    -12.62	0	Gaussian	9990000000.000000	9990000000.000000
399	0	298.230024	16724.854802	     -1.00	    460.17	    996.65	      2.54	      2.32	     -1.00	     -1.00	0.08	 3.219e+01	    -12.62	0	Gaussian	9990000000.000000	9990000000.000000
400	0	298.946121	16781.854243	     -1.00	    326.07	   1007.11	      2.52	      2.32	     -1.00	     -1.00	-1.85	 3.381e+01	    -12.62	0	Gaussian	9990000000.000000	9990000000.000000
401	0	300.729292	16664.322212	     -1.00	   1085.90	    990.27	      2.53	      2.32	     -1.00	     -1.00	0.80	 2.626e+01	    -12.61	0	Gaussian	9990000000.000000	9990000000.000000
402	0	310.119813	18620.162115	     -1.00	    780.44	   1301.61	      2.39	      2.20	     -1.00	     -1.00	0.68	 1.104e+02	    -12.61	0	Gaussian	9990000000.000000	9990000000.000000
403	0	299.911845	16461.983551	     -1.00	   1165.08	    301.00	      2.53	      2.34	     -1.00	     -1.00	-0.42	 2.996e+01	    -12.61	0	Gaussian	9990000000.000000	9990000000.000000
404	0	297.997322	16442.021588	     -1.00	    714.87	    710.44	      2.53	      2.34	     -1.00	     -1.00	2.03	 2.921e+01	    -12.61	0	Gaussian	9990000000.000000	9990000000.000000
405	0	309.097254	18564.808403	     -1.00	    135.36	    592.08	      2.34	      2.24	     -1.00	     -1.00	-2.20	 8.678e+01	    -12.61	0	Gaussian	9990000000.000000	9990000000.000000
406	0	307.853590	18029.427728	     -1.00	    727.31	    226.16	      2.41	      2.23	     -1.00	     -1.00	3.33	 1.057e+02	    -12.60	0	Gaussian	9990000000.000000	9990000000.000000
407	0	307.441085	18343.915754	     -1.00	   1279.29	    355.85	      2.35	      2.24	     -1.00	     -1.00	4.73	 9.183e+01	    -12.60	0	Gaussian	9990000000.000000	9990000000.000000
408	0	300.345407	16346.836871	     -1.00	    472.80	    270.50	      2.54	      2.33	     -1.00	     -1.00	0.44	 2.897e+01	    -12.60	0	Gaussian	9990000000.000000	9990000000.000000
409	0	299.157491	16261.758526	     -1.00	     62.20	   1222.41	      2.53	      2.33	     -1.00	     -1.00	1.39	 3.129e+01	    -12.59	0	Gaussian	9990000000.000000	9990000000.000000
410	0	308.837366	18434.161389	     -1.00	    445.54	    792.04	      2.32	      2.23	     -1.00	     -1.00	-2.04	 8.832e+01	    -12.59	0	Gaussian	9990000000.000000	9990000000.000000
411	0	312.016191	18330.617141	     -1.00	    966.47	    522.28	      2.33	      2.22	     -1.00	     -1.00	1.63	 9.308e+01	    -12.58	0	Gaussian	9990000000.000000	9990000000.000000
412	0	298.617872	16004.114545	     -1.00	   1163.20	   1250.28	      2.53	      2.34	     -1.00	     -1.00	-1.06	 2.884e+01	    -12.58	0	Gaussian	9990000000.000000	9990000000.000000
413	0	301.445708	16082.305408	     -1.00	    847.94	    482.67	      2.53	      2.32	     -1.00	     -1.00	0.73	 2.840e+01	    -12.57	0	Gaussian	9990000000.000000	9990000000.000000
414	0	310.239648	17941.490376	     -1.00	     80.50	    470.35	      2.39	      2.20	     -1.00	     -1.00	-1.35	 1.048e+02	    -12.57	0	Gaussian	9990000000.000000	9990000000.000000
415	0	299.646690	16006.963938	     -1.00	    914.86	   1128.87	      2.52	      2.33	     -1.00	     -1.00	-0.92	 3.487e+01	    -12.57	0	Gaussian	9990000000.000000	9990000000.000000
416	0	298.367434	15785.192529	     -1.00	     72.95	    774.12	      2.53	      2.35	     -1.00	     -1.00	-0.50	 2.731e+01	    -12.57	0	Gaussian	9990000000.000000	9990000000.000000
417	0	310.453025	17964.040434	     -1.00	    124.38	    946.11	      2.34	      2.23	     -1.00	     -1.00	-1.52	 8.622e+01	    -12.57	0	Gaussian	9990000000.000000	9990000000.000000
418	0	308.657593	17582.875514	     -1.00	    688.63	    298.62	      2.39	      2.21	     -1.00	     -1.00	1.85	 1.087e+02	    -12.56	0	Gaussian	9990000000.000000	9990000000.000000
419	0	308.203180	17781.397933	     -1.00	   1298.56	    441.89	      2.33	      2.24	     -1.00	     -1.00	2.42	 8.912e+01	    -12.56	0	Gaussian	9990000000.000000	9990000000.000000
420	0	301.309226	16299.209640	     -1.00	    141.22	    482.90	      2.46	      2.31	     -1.00	     -1.00	11.66	 8.642e+01	    -12.55	0	Gaussian	9990000000.000000	9990000000.000000
421	0	299.005633	15686.320960	     -1.00	    613.10	    666.81	      2.53	      2.32	     -1.00	     -1.00	0.82	 3.284e+01	    -12.55	0	Gaussian	9990000000.000000	9990000000.000000
422	0	300.086947	15405.000885	     -1.00	    307.98	    196.91	      2.43	      2.43	     -1.00	     -1.00	80.42	 6.468e+01	    -12.54	0	Gaussian	9990000000.000000	9990000000.000000
423	0	309.046682	17335.911199	     -1.00	   1173.41	    885.48	      2.39	      2.20	     -1.00	     -1.00	-3.15	 9.949e+01	    -12.53	0	Gaussian	9990000000.000000	9990000000.000000
424	0	307.039896	16985.761534	     -1.00	    191.26	    963.29	      2.41	      2.22	     -1.00	     -1.00	5.12	 9.848e+01	    -12.53	0	Gaussian	9990000000.000000	9990000000.000000
425	0	308.873972	17177.152961	     -1.00	   1041.64	   1199.51	      2.39	      2.19	     -1.00	     -1.00	-0.62	 1.059e+02	    -12.52	0	Gaussian	9990000000.000000	9990000000.000000
426	0	307.800948	16895.602772	     -1.00	    865.27	    423.32	      2.41	      2.21	     -1.00	     -1.00	2.52	 9.582e+01	    -12.52	0	Gaussian	9990000000.000000	9990000000.000000
427	0	298.257600	15239.227558	     -1.00	    283.02	    117.95	      2.54	      2.33	     -1.00	     -1.00	0.55	 2.501e+01	    -12.52	0	Gaussian	9990000000.000000	9990000000.000000
428	0	308.027240	16770.935288	     -1.00	    523.61	    650.26	      2.40	      2.23	     -1.00	     -1.00	-2.76	 9.688e+01	    -12.52	0	Gaussian	9990000000.000000	9990000000.000000
429	0	299.498212	15188.316288	     -1.00	    940.81	    655.68	      2.54	      2.33	     -1.00	     -1.00	1.19	 2.881e+01	    -12.52	0	Gaussian	9990000000.000000	9990000000.000000
430	0	846.802447	16864.720850	     -1.00	    563.84	    752.40	      2.40	      2.21	     -1.00	     -1.00	-0.02	 3.034e+03	    -12.51	0	Gaussian	9990000000.000000	9990000000.000000
431	0	343.912859	17157.521721	     -1.00	    784.57	    240.14	      2.34	      2.22	     -1.00	     -1.00	0.22	 3.410e+02	    -12.51	0	Gaussian	9990000000.000000	9990000000.000000
432	0	308.410038	16984.810434	     -1.00	    712.35	    998.94	      2.34	      2.23	     -1.00	     -1.00	6.06	 8.079e+01	    -12.50	0	Gaussian	9990000000.000000	9990000000.000000
433	0	300.437098	14971.557631	     -1.00	   1057.77	    657.30	      2.52	      2.34	     -1.00	     -1.00	0.99	 3.049e+01	    -12.50	0	Gaussian	9990000000.000000	9990000000.000000
434	0	301.063096	14924.606074	     -1.00	   1132.70	    998.62	      2.53	      2.33	     -1.00	     -1.00	1.26	 2.800e+01	    -12.50	0	Gaussian	9990000000.000000	9990000000.000000
435	0	302.358365	14865.859763	     -1.00	    551.92	    745.63	      2.52	      2.31	     -1.00	     -1.00	-2.48	 2.485e+01	    -12.48	0	Gaussian	9990000000.000000	9990000000.000000
436	0	299.215102	14681.024144	     -1.00	   1289.18	    966.00	      2.53	      2.33	     -1.00	     -1.00	0.27	 2.846e+01	    -12.48	0	Gaussian	9990000000.000000	9990000000.000000
437	0	310.548571	16469.894643	     -1.00	    824.36	    645.55	      2.40	      2.18	     -1.00	     -1.00	-0.20	 1.021e+02	    -12.47	0	Gaussian	9990000000.000000	9990000000.000000
438	0	308.645737	16305.180239	     -1.00	    356.52	    962.62	      2.39	      2.21	     -1.00	     -1.00	-1.22	 9.644e+01	    -12.47	0	Gaussian	9990000000.000000	9990000000.000000
439	0	299.312113	14339.122744	     -1.00	    452.14	   1155.93	      2.53	      2.33	     -1.00	     -1.00	-1.02	 3.036e+01	    -12.45	0	Gaussian	9990000000.000000	9990000000.000000
440	0	301.474045	14275.622973	     -1.00	    183.16	   1260.08	      2.54	      2.32	     -1.00	     -1.00	0.89	 2.926e+01	    -12.45	0	Gaussian	9990000000.000000	9990000000.000000
441	0	300.550512	14156.607812	     -1.00	   1215.05	   1225.61	      2.52	      2.33	     -1.00	     -1.00	-3.15	 2.380e+01	    -12.44	0	Gaussian	9990000000.000000	9990000000.000000
442	0	298.934500	14100.002220	     -1.00	   1220.20	    140.47	      2.53	      2.33	     -1.00	     -1.00	-1.39	 2.821e+01	    -12.44	0	Gaussian	9990000000.000000	9990000000.000000
443	0	300.551266	14063.915854	     -1.00	    758.14	   1264.55	      2.53	      2.33	     -1.00	     -1.00	2.03	 2.575e+01	    -12.43	0	Gaussian	9990000000.000000	9990000000.000000
444	0	299.618894	14047.889280	     -1.00	    837.21	    151.54	      2.54	      2.33	     -1.00	     -1.00	0.43	 2.985e+01	    -12.43	0	Gaussian	9990000000.000000	9990000000.000000
445	0	306.944122	15369.308862	     -1.00	    694.60	    631.35	      2.41	      2.23	     -1.00	     -1.00	-0.60	 8.575e+01	    -12.43	0	Gaussian	9990000000.000000	9990000000.000000
446	0	308.710368	15452.982727	     -1.00	   1226.63	    357.28	      2.40	      2.21	     -1.00	     -1.00	-4.18	 9.885e+01	    -12.42	0	Gaussian	9990000000.000000	9990000000.000000
447	0	960.551826	16082.211502	     -1.00	     90.22	   1328.70	      2.31	      2.19	     -1.00	     -1.00	14.05	 3.176e+03	    -12.41	0	Gaussian	9990000000.000000	9990000000.000000
448	0	300.099430	13850.621509	     -1.00	   1274.14	    162.35	      2.52	      2.33	     -1.00	     -1.00	-1.84	 2.753e+01	    -12.41	0	Gaussian	9990000000.000000	9990000000.000000
449	0	309.713914	15499.216572	     -1.00	    931.59	   1303.90	      2.34	      2.24	     -1.00	     -1.00	0.04	 7.795e+01	    -12.41	0	Gaussian	9990000000.000000	9990000000.000000
450	0	302.489104	14314.099682	     -1.00	    787.24	    418.88	      2.45	      2.31	     -1.00	     -1.00	11.09	 7.330e+01	    -12.41	0	Gaussian	9990000000.000000	9990000000.000000
451	0	308.437516	15537.414762	     -1.00	   1259.41	    657.09	      2.33	      2.23	     -1.00	     -1.00	1.35	 7.492e+01	    -12.40	0	Gaussian	9990000000.000000	9990000000.000000
452	0	302.127933	13565.046210	     -1.00	    599.89	    198.03	      2.52	      2.34	     -1.00	     -1.00	0.75	 2.989e+01	    -12.39	0	Gaussian	9990000000.000000	9990000000.000000
453	0	377.697435	15724.955186	     -1.00	   1165.54	    464.14	      2.30	      2.21	     -1.00	     -1.00	-5.11	 4.696e+02	    -12.39	0	Gaussian	9990000000.000000	9990000000.000000
454	0	309.217695	14980.406822	     -1.00	    868.28	    460.62	      2.41	      2.20	     -1.00	     -1.00	-2.61	 9.165e+01	    -12.38	0	Gaussian	9990000000.000000	9990000000.000000
455	0	299.611058	13351.168273	     -1.00	    553.74	    260.41	      2.54	      2.34	     -1.00	     -1.00	-0.43	 2.503e+01	    -12.38	0	Gaussian	9990000000.000000	9990000000.000000
456	0	301.846129	14311.897669	     -1.00	   1274.28	    224.09	      2.43	      2.26	     -1.00	     -1.00	5.09	 7.966e+01	    -12.37	0	Gaussian	9990000000.000000	9990000000.000000
457	0	307.970242	15105.126804	     -1.00	    294.44	    143.89	      2.33	      2.23	     -1.00	     -1.00	-0.31	 7.133e+01	    -12.37	0	Gaussian	9990000000.000000	9990000000.000000
458	0	306.288316	14493.087243	     -1.00	   1100.67	   1127.24	      2.42	      2.23	     -1.00	     -1.00	-5.67	 8.548e+01	    -12.37	0	Gaussian	9990000000.000000	9990000000.000000
459	0	307.999551	14770.423237	     -1.00	    826.57	   1333.33	      2.39	      2.20	     -1.00	     -1.00	-0.87	 8.639e+01	    -12.36	0	Gaussian	9990000000.000000	9990000000.000000
460	0	308.995451	14801.039508	     -1.00	    919.56	    857.39	      2.39	      2.19	     -1.00	     -1.00	-1.34	 8.773e+01	    -12.36	0	Gaussian	9990000000.000000	9990000000.000000
461	0	299.336226	13128.672922	     -1.00	    550.86	    218.13	      2.54	      2.32	     -1.00	     -1.00	-0.34	 2.180e+01	    -12.36	0	Gaussian	9990000000.000000	9990000000.000000
462	0	308.310138	14721.925406	     -1.00	    266.61	   1039.57	      2.39	      2.19	     -1.00	     -1.00	0.68	 9.027e+01	    -12.36	0	Gaussian	9990000000.000000	9990000000.000000
463	0	307.554032	14799.175501	     -1.00	    140.46	    940.25	      2.34	      2.23	     -1.00	     -1.00	1.28	 7.300e+01	    -12.35	0	Gaussian	9990000000.000000	9990000000.000000
464	0	298.939572	13176.958874	     -1.00	    300.74	    825.63	      2.53	      2.32	     -1.00	     -1.00	-3.36	 2.553e+01	    -12.35	0	Gaussian	9990000000.000000	9990000000.000000
465	0	307.899041	14498.821489	     -1.00	    737.48	    307.36	      2.40	      2.22	     -1.00	     -1.00	0.11	 8.325e+01	    -12.35	0	Gaussian	9990000000.000000	9990000000.000000
466	0	299.671402	13067.279087	     -1.00	    467.96	    226.95	      2.54	      2.32	     -1.00	     -1.00	0.37	 2.358e+01	    -12.35	0	Gaussian	9990000000.000000	9990000000.000000
467	0	305.630738	14097.828404	     -1.00	    196.70	    880.14	      2.43	      2.24	     -1.00	     -1.00	-7.48	 8.275e+01	    -12.35	0	Gaussian	9990000000.000000	9990000000.000000
468	0	616.292001	14081.486289	     -1.00	   1064.96	    544.55	      2.41	      2.23	     -1.00	     -1.00	-1.31	 2.046e+03	    -12.34	0	Gaussian	9990000000.000000	9990000000.000000
469	0	304.827456	12859.643905	     -1.00	    321.88	     76.89	      2.54	      2.32	     -1.00	     -1.00	-1.44	 5.038e+01	    -12.34	0	Gaussian	9990000000.000000	9990000000.000000
470	0	299.100518	12795.921761	     -1.00	    517.79	    325.89	      2.52	      2.33	     -1.00	     -1.00	0.40	 2.519e+01	    -12.33	0	Gaussian	9990000000.000000	9990000000.000000
471	0	298.899084	12619.465573	     -1.00	   1030.88	    717.16	      2.53	      2.34	     -1.00	     -1.00	-1.93	 2.935e+01	    -12.32	0	Gaussian	9990000000.000000	9990000000.000000
472	0	510.334438	14569.035374	     -1.00	    916.65	    106.14	      2.35	      2.17	     -1.00	     -1.00	-5.51	 1.391e+03	    -12.31	0	Gaussian	9990000000.000000	9990000000.000000
473	0	298.503857	12633.325077	     -1.00	   1150.87	    461.33	      2.52	      2.33	     -1.00	     -1.00	1.59	 2.733e+01	    -12.31	0	Gaussian	9990000000.000000	9990000000.000000
474	0	299.009310	12504.646591	     -1.00	    729.77	    518.84	      2.54	      2.33	     -1.00	     -1.00	-0.16	 2.515e+01	    -12.31	0	Gaussian	9990000000.000000	9990000000.000000
475	0	308.035476	14215.251990	     -1.00	    395.51	    408.84	      2.33	      2.23	     -1.00	     -1.00	0.82	 6.811e+01	    -12.31	0	Gaussian	9990000000.000000	9990000000.000000
476	0	304.928926	13611.109052	     -1.00	   1105.68	    132.21	      2.41	      2.24	     -1.00	     -1.00	-3.62	 7.725e+01	    -12.30	0	Gaussian	9990000000.000000	9990000000.000000
477	0	300.855150	12388.476398	     -1.00	    784.80	     76.35	      2.53	      2.34	     -1.00	     -1.00	1.76	 2.334e+01	    -12.30	0	Gaussian	9990000000.000000	9990000000.000000
478	0	308.705836	14108.306504	     -1.00	    357.53	    256.73	      2.34	      2.22	     -1.00	     -1.00	-3.96	 7.218e+01	    -12.30	0	Gaussian	9990000000.000000	9990000000.000000
479	0	309.537996	13951.579784	     -1.00	   1116.61	    446.76	      2.33	      2.25	     -1.00	     -1.00	-2.92	 7.200e+01	    -12.29	0	Gaussian	9990000000.000000	9990000000.000000
480	0	309.505892	13935.594063	     -1.00	   1228.56	    480.40	      2.38	      2.19	     -1.00	     -1.00	-2.99	 8.480e+01	    -12.29	0	Gaussian	9990000000.000000	9990000000.000000
481	0	307.807807	13635.335068	     -1.00	    108.25	    248.60	      2.42	      2.20	     -1.00	     -1.00	-0.13	 8.241e+01	    -12.29	0	Gaussian	9990000000.000000	9990000000.000000
482	0	299.362678	12296.390987	     -1.00	    254.11	    385.28	      2.54	      2.33	     -1.00	     -1.00	2.46	 2.282e+01	    -12.29	0	Gaussian	9990000000.000000	9990000000.000000
483	0	308.604725	13914.770362	     -1.00	    751.37	   1202.55	      2.37	      2.19	     -1.00	     -1.00	0.39	 8.781e+01	    -12.28	0	Gaussian	9990000000.000000	9990000000.000000
484	0	307.184567	13683.990200	     -1.00	    403.29	    448.95	      2.36	      2.24	     -1.00	     -1.00	4.32	 6.557e+01	    -12.28	0	Gaussian	9990000000.000000	9990000000.000000
485	0	306.583614	13514.861453	     -1.00	    310.35	    999.55	      2.41	      2.21	     -1.00	     -1.00	-3.20	 7.541e+01	    -12.28	0	Gaussian	9990000000.000000	9990000000.000000
486	0	300.302362	12180.871150	     -1.00	    122.93	    220.17	      2.53	      2.33	     -1.00	     -1.00	-1.06	 2.333e+01	    -12.28	0	Gaussian	9990000000.000000	9990000000.000000
487	0	307.926794	13647.685752	     -1.00	   1058.42	    209.94	      2.34	      2.24	     -1.00	     -1.00	-1.77	 6.531e+01	    -12.27	0	Gaussian	9990000000.000000	9990000000.000000
488	0	299.933321	12065.384598	     -1.00	   1021.13	    830.20	      2.53	      2.33	     -1.00	     -1.00	-0.36	 2.381e+01	    -12.26	0	Gaussian	9990000000.000000	9990000000.000000
489	0	300.100384	12077.724552	     -1.00	   1335.89	   1288.13	      2.53	      2.32	     -1.00	     -1.00	-2.49	 2.026e+01	    -12.26	0	Gaussian	9990000000.000000	9990000000.000000
490	0	308.583999	13247.564458	     -1.00	   1073.33	    817.60	      2.41	      2.22	     -1.00	     -1.00	-3.03	 7.716e+01	    -12.26	0	Gaussian	9990000000.000000	9990000000.000000
491	0	298.824344	11910.782265	     -1.00	    431.85	    835.56	      2.53	      2.33	     -1.00	     -1.00	0.80	 2.216e+01	    -12.25	0	Gaussian	9990000000.000000	9990000000.000000
492	0	299.817096	11755.443498	     -1.00	   1182.03	   1133.20	      2.44	      2.44	     -1.00	     -1.00	-46.62	 4.992e+01	    -12.25	0	Gaussian	9990000000.000000	9990000000.000000
493	0	299.430849	11905.019319	     -1.00	    453.10	    286.30	      2.52	      2.33	     -1.00	     -1.00	-1.58	 2.384e+01	    -12.25	0	Gaussian	9990000000.000000	9990000000.000000
494	0	307.519845	13380.718881	     -1.00	    379.48	   1273.56	      2.39	      2.18	     -1.00	     -1.00	-0.89	 8.297e+01	    -12.25	0	Gaussian	9990000000.000000	9990000000.000000
495	0	306.881080	13425.449491	     -1.00	   1129.57	   1104.83	      2.33	      2.23	     -1.00	     -1.00	-1.89	 6.849e+01	    -12.25	0	Gaussian	9990000000.000000	9990000000.000000
496	0	300.117753	11829.016721	     -1.00	    983.13	    351.45	      2.53	      2.33	     -1.00	     -1.00	1.14	 2.277e+01	    -12.25	0	Gaussian	9990000000.000000	9990000000.000000
497	0	300.010016	11741.360709	     -1.00	    739.11	    137.90	      2.54	      2.33	     -1.00	     -1.00	-0.86	 1.912e+01	    -12.24	0	Gaussian	9990000000.000000	9990000000.000000
498	0	298.421897	11692.063332	     -1.00	   1255.02	    172.23	      2.53	      2.33	     -1.00	     -1.00	0.25	 2.145e+01	    -12.23	0	Gaussian	9990000000.000000	9990000000.000000
499	0	304.848158	12719.266181	     -1.00	   1041.23	    631.24	      2.43	      2.22	     -1.00	     -1.00	5.63	 7.391e+01	    -12.23	0	Gaussian	9990000000.000000	9990000000.000000
500	0	306.941341	12874.651108	     -1.00	    116.28	    551.34	      2.42	      2.20	     -1.00	     -1.00	1.73	 7.854e+01	    -12.23	0	Gaussian	9990000000.000000	9990000000.000000
501	0	299.881976	11713.651028	     -1.00	    434.18	   1169.84	      2.53	      2.31	     -1.00	     -1.00	1.18	 2.767e+01	    -12.22	0	Gaussian	9990000000.000000	9990000000.000000
502	0	298.176671	11649.304759	     -1.00	    379.20	    741.96	      2.52	      2.33	     -1.00	     -1.00	-1.80	 2.399e+01	    -12.22	0	Gaussian	9990000000.000000	9990000000.000000
503	0	307.993196	13072.987070	     -1.00	    513.48	    863.79	      2.33	      2.23	     -1.00	     -1.00	-0.19	 6.464e+01	    -12.21	0	Gaussian	9990000000.000000	9990000000.000000
504	0	306.016817	12963.987633	     -1.00	    812.47	    874.82	      2.33	      2.23	     -1.00	     -1.00	-2.58	 6.146e+01	    -12.21	0	Gaussian	9990000000.000000	9990000000.000000
505	0	303.611341	12539.955938	     -1.00	    882.25	   1089.46	      2.42	      2.21	     -1.00	     -1.00	2.01	 7.051e+01	    -12.20	0	Gaussian	9990000000.000000	9990000000.000000
506	0	306.293065	12590.048411	     -1.00	    347.66	    465.75	      2.35	      2.24	     -1.00	     -1.00	-3.87	 6.589e+01	    -12.19	0	Gaussian	9990000000.000000	9990000000.000000
507	0	298.865556	11143.422728	     -1.00	    335.87	    541.48	      2.54	      2.32	     -1.00	     -1.00	1.95	 1.921e+01	    -12.18	0	Gaussian	9990000000.000000	9990000000.000000
508	0	299.432769	11186.882903	     -1.00	    414.02	   1164.10	      2.53	      2.32	     -1.00	     -1.00	1.28	 2.159e+01	    -12.18	0	Gaussian	9990000000.000000	9990000000.000000
509	0	298.283417	11067.988059	     -1.00	    458.17	   1257.26	      2.54	      2.33	     -1.00	     -1.00	0.50	 2.148e+01	    -12.17	0	Gaussian	9990000000.000000	9990000000.000000
510	0	300.463479	10998.901067	     -1.00	    855.89	   1309.41	      2.54	      2.34	     -1.00	     -1.00	0.60	 2.058e+01	    -12.17	0	Gaussian	9990000000.000000	9990000000.000000
511	0	298.583163	11016.878994	     -1.00	     83.02	   1077.94	      2.53	      2.32	     -1.00	     -1.00	-1.07	 2.069e+01	    -12.16	0	Gaussian	9990000000.000000	9990000000.000000
512	0	297.922413	10848.108028	     -1.00	     81.11	    232.24	      2.54	      2.33	     -1.00	     -1.00	-0.78	 2.180e+01	    -12.15	0	Gaussian	9990000000.000000	9990000000.000000
513	0	299.568587	10976.157024	     -1.00	    735.92	    670.23	      2.53	      2.31	     -1.00	     -1.00	-1.09	 2.310e+01	    -12.15	0	Gaussian	9990000000.000000	9990000000.000000
514	0	299.617038	10689.230584	     -1.00	    175.85	    264.12	      2.54	      2.34	     -1.00	     -1.00	-0.50	 2.179e+01	    -12.14	0	Gaussian	9990000000.000000	9990000000.000000
515	0	428.259255	12678.238466	     -1.00	    428.48	    954.83	      2.29	      2.19	     -1.00	     -1.00	3.12	 5.765e+02	    -12.14	0	Gaussian	9990000000.000000	9990000000.000000
516	0	300.183655	10862.656916	     -1.00	    501.83	   1344.55	      2.53	      2.32	     -1.00	     -1.00	0.41	 2.245e+01	    -12.14	0	Gaussian	9990000000.000000	9990000000.000000
517	0	307.248762	11966.031177	     -1.00	    836.35	    624.52	      2.40	      2.21	     -1.00	     -1.00	-0.70	 7.024e+01	    -12.14	0	Gaussian	9990000000.000000	9990000000.000000
518	0	299.192013	10801.410423	     -1.00	   1111.90	   1282.89	      2.52	      2.32	     -1.00	     -1.00	1.75	 2.443e+01	    -12.14	0	Gaussian	9990000000.000000	9990000000.000000
519	0	304.832821	12122.115865	     -1.00	     66.33	    758.03	      2.33	      2.23	     -1.00	     -1.00	1.69	 6.261e+01	    -12.13	0	Gaussian	9990000000.000000	9990000000.000000
520	0	298.017263	10650.888837	     -1.00	    164.93	    302.30	      2.53	      2.33	     -1.00	     -1.00	0.53	 1.853e+01	    -12.13	0	Gaussian	9990000000.000000	9990000000.000000
521	0	306.203504	11898.619102	     -1.00	    721.29	   1015.72	      2.36	      2.24	     -1.00	     -1.00	5.69	 6.075e+01	    -12.13	0	Gaussian	9990000000.000000	9990000000.000000
522	0	308.086799	12039.087184	     -1.00	   1071.56	    637.05	      2.33	      2.23	     -1.00	     -1.00	2.02	 5.933e+01	    -12.13	0	Gaussian	9990000000.000000	9990000000.000000
523	0	461.568996	12405.941703	     -1.00	   1164.40	    455.36	      2.34	      2.16	     -1.00	     -1.00	3.17	 1.003e+03	    -12.13	0	Gaussian	9990000000.000000	9990000000.000000
524	0	299.085047	10475.726576	     -1.00	   1048.15	    114.30	      2.54	      2.34	     -1.00	     -1.00	-0.87	 2.181e+01	    -12.12	0	Gaussian	9990000000.000000	9990000000.000000
525	0	298.633717	10475.071286	     -1.00	   1123.11	    435.09	      2.54	      2.34	     -1.00	     -1.00	2.13	 2.285e+01	    -12.12	0	Gaussian	9990000000.000000	9990000000.000000
526	0	307.762698	11771.782894	     -1.00	    458.47	   1300.33	      2.39	      2.20	     -1.00	     -1.00	-1.75	 6.858e+01	    -12.12	0	Gaussian	9990000000.000000	9990000000.000000
527	0	305.074829	10987.621184	     -1.00	   1310.23	    487.12	      2.44	      2.24	     -1.00	     -1.00	4.87	 5.735e+01	    -12.08	0	Gaussian	9990000000.000000	9990000000.000000
528	0	304.891448	11467.717322	     -1.00	   1313.39	    420.74	      2.34	      2.23	     -1.00	     -1.00	7.64	 5.545e+01	    -12.08	0	Gaussian	9990000000.000000	9990000000.000000
529	0	299.353041	10073.516105	     -1.00	    432.08	   1279.35	      2.54	      2.34	     -1.00	     -1.00	-1.23	 1.977e+01	    -12.08	0	Gaussian	9990000000.000000	9990000000.000000
530	0	307.046458	11172.982749	     -1.00	    646.67	    928.29	      2.42	      2.21	     -1.00	     -1.00	-1.80	 7.508e+01	    -12.07	0	Gaussian	9990000000.000000	9990000000.000000
531	0	306.252177	11186.803059	     -1.00	    397.37	    893.94	      2.34	      2.25	     -1.00	     -1.00	4.16	 5.429e+01	    -12.06	0	Gaussian	9990000000.000000	9990000000.000000
532	0	298.973059	9993.132676	     -1.00	   1170.79	    585.54	      2.53	      2.32	     -1.00	     -1.00	-0.36	 1.847e+01	    -12.06	0	Gaussian	9990000000.000000	9990000000.000000
533	0	299.862132	9811.494572	     -1.00	   1029.98	    197.01	      2.54	      2.34	     -1.00	     -1.00	0.16	 1.946e+01	    -12.05	0	Gaussian	9990000000.000000	9990000000.000000
534	0	672.929582	11212.276803	     -1.00	    772.94	    860.07	      2.37	      2.18	     -1.00	     -1.00	1.42	 2.088e+03	    -12.04	0	Gaussian	9990000000.000000	9990000000.000000
535	0	298.764314	9821.962068	     -1.00	    554.19	    905.61	      2.53	      2.33	     -1.00	     -1.00	-1.45	 2.095e+01	    -12.04	0	Gaussian	9990000000.000000	9990000000.000000
536	0	306.916497	10801.639345	     -1.00	    639.44	   1268.16	      2.35	      2.22	     -1.00	     -1.00	-3.60	 5.443e+01	    -12.01	0	Gaussian	9990000000.000000	9990000000.000000
537	0	306.313878	10776.487491	     -1.00	    375.63	    309.74	      2.34	      2.21	     -1.00	     -1.00	-7.19	 5.803e+01	    -12.00	0	Gaussian	9990000000.000000	9990000000.000000
538	0	305.808971	10241.450575	     -1.00	   1087.27	    198.42	      2.41	      2.22	     -1.00	     -1.00	0.48	 6.147e+01	    -11.98	0	Gaussian	9990000000.000000	9990000000.000000
539	0	299.342395	9112.154218	     -1.00	    825.96	    992.90	      2.54	      2.34	     -1.00	     -1.00	0.61	 2.006e+01	    -11.97	0	Gaussian	9990000000.000000	9990000000.000000
540	0	307.069290	10291.787970	     -1.00	    122.58	    155.36	      2.39	      2.20	     -1.00	     -1.00	-0.66	 6.337e+01	    -11.97	0	Gaussian	9990000000.000000	9990000000.000000
541	0	305.447716	10142.590346	     -1.00	    726.25	   1278.42	      2.42	      2.20	     -1.00	     -1.00	2.52	 6.114e+01	    -11.97	0	Gaussian	9990000000.000000	9990000000.000000
542	0	300.774150	9059.741075	     -1.00	    356.84	    137.37	      2.54	      2.34	     -1.00	     -1.00	-0.45	 1.913e+01	    -11.96	0	Gaussian	9990000000.000000	9990000000.000000
543	0	296.693899	9057.263734	     -1.00	   1108.71	   1225.65	      2.54	      2.33	     -1.00	     -1.00	0.99	 1.802e+01	    -11.96	0	Gaussian	9990000000.000000	9990000000.000000
544	0	300.792805	9060.380897	     -1.00	    984.91	   1137.99	      2.53	      2.33	     -1.00	     -1.00	-0.42	 1.611e+01	    -11.95	0	Gaussian	9990000000.000000	9990000000.000000
545	0	300.606719	9031.244412	     -1.00	   1203.79	    370.89	      2.53	      2.33	     -1.00	     -1.00	1.81	 2.390e+01	    -11.95	0	Gaussian	9990000000.000000	9990000000.000000
546	0	305.692350	10238.677507	     -1.00	    549.44	    508.64	      2.38	      2.18	     -1.00	     -1.00	0.09	 6.779e+01	    -11.95	0	Gaussian	9990000000.000000	9990000000.000000
547	0	298.617188	8959.982483	     -1.00	   1286.16	    767.80	      2.52	      2.32	     -1.00	     -1.00	1.62	 2.383e+01	    -11.94	0	Gaussian	9990000000.000000	9990000000.000000
548	0	302.994680	9968.071941	     -1.00	    529.49	    476.20	      2.34	      2.25	     -1.00	     -1.00	-0.61	 5.036e+01	    -11.94	0	Gaussian	9990000000.000000	9990000000.000000
549	0	301.349135	8858.866703	     -1.00	    837.85	    671.70	      2.53	      2.32	     -1.00	     -1.00	-0.83	 1.870e+01	    -11.93	0	Gaussian	9990000000.000000	9990000000.000000
550	0	302.232599	9431.377049	     -1.00	    699.25	    839.06	      2.43	      2.27	     -1.00	     -1.00	9.68	 5.053e+01	    -11.93	0	Gaussian	9990000000.000000	9990000000.000000
551	0	403.688975	10345.861396	     -1.00	    763.45	   1147.86	      2.28	      2.18	     -1.00	     -1.00	0.05	 4.458e+02	    -11.91	0	Gaussian	9990000000.000000	9990000000.000000
552	0	299.127033	8650.347596	     -1.00	    221.82	    725.87	      2.53	      2.34	     -1.00	     -1.00	1.04	 2.095e+01	    -11.91	0	Gaussian	9990000000.000000	9990000000.000000
553	0	299.968585	8710.698168	     -1.00	    645.03	    542.32	      2.53	      2.32	     -1.00	     -1.00	-0.79	 1.692e+01	    -11.91	0	Gaussian	9990000000.000000	9990000000.000000
554	0	305.618689	9711.542849	     -1.00	    110.54	    473.88	      2.34	      2.25	     -1.00	     -1.00	4.01	 4.665e+01	    -11.90	0	Gaussian	9990000000.000000	9990000000.000000
555	0	306.306155	9658.819467	     -1.00	    979.34	    913.64	      2.40	      2.19	     -1.00	     -1.00	-3.33	 5.902e+01	    -11.90	0	Gaussian	9990000000.000000	9990000000.000000
556	0	307.476252	9848.333933	     -1.00	    394.53	   1114.20	      2.32	      2.22	     -1.00	     -1.00	0.61	 4.921e+01	    -11.90	0	Gaussian	9990000000.000000	9990000000.000000
557	0	299.147035	8640.294748	     -1.00	    319.11	    456.92	      2.53	      2.31	     -1.00	     -1.00	1.26	 1.929e+01	    -11.89	0	Gaussian	9990000000.000000	9990000000.000000
558	0	305.759195	9321.721784	     -1.00	    334.31	    408.26	      2.40	      2.23	     -1.00	     -1.00	4.00	 5.286e+01	    -11.88	0	Gaussian	9990000000.000000	9990000000.000000
559	0	299.483771	8680.415925	     -1.00	    826.69	   1083.82	      2.45	      2.33	     -1.00	     -1.00	-9.72	 4.687e+01	    -11.87	0	Gaussian	9990000000.000000	9990000000.000000
560	0	303.100942	9083.166331	     -1.00	   1072.32	    715.20	      2.40	      2.24	     -1.00	     -1.00	6.75	 4.953e+01	    -11.86	0	Gaussian	9990000000.000000	9990000000.000000
561	0	304.177384	9165.762851	     -1.00	   1266.57	    779.70	      2.34	      2.24	     -1.00	     -1.00	-5.53	 4.669e+01	    -11.84	0	Gaussian	9990000000.000000	9990000000.000000
562	0	304.045285	8026.997253	     -1.00	   1236.03	    143.06	      2.54	      2.34	     -1.00	     -1.00	-2.49	 4.718e+01	    -11.83	0	Gaussian	9990000000.000000	9990000000.000000
563	0	301.518001	7980.753541	     -1.00	    181.07	    470.12	      2.54	      2.34	     -1.00	     -1.00	0.39	 1.971e+01	    -11.82	0	Gaussian	9990000000.000000	9990000000.000000
564	0	305.658020	8838.467686	     -1.00	    403.24	    859.57	      2.43	      2.20	     -1.00	     -1.00	-1.04	 5.212e+01	    -11.82	0	Gaussian	9990000000.000000	9990000000.000000
565	0	299.771841	8072.569911	     -1.00	    500.04	    469.47	      2.52	      2.31	     -1.00	     -1.00	0.17	 2.039e+01	    -11.82	0	Gaussian	9990000000.000000	9990000000.000000
566	0	299.674535	8233.377068	     -1.00	    888.22	     65.90	      2.39	      2.39	     -1.00	     -1.00	72.58	 5.425e+01	    -11.82	0	Gaussian	9990000000.000000	9990000000.000000
567	0	303.390934	8475.091311	     -1.00	    730.25	   1199.08	      2.44	      2.26	     -1.00	     -1.00	9.85	 4.977e+01	    -11.81	0	Gaussian	9990000000.000000	9990000000.000000
568	0	301.841097	7769.755962	     -1.00	   1060.03	    455.13	      2.54	      2.34	     -1.00	     -1.00	0.02	 1.795e+01	    -11.80	0	Gaussian	9990000000.000000	9990000000.000000
569	0	442.411778	8286.474398	     -1.00	   1104.87	   1310.18	      2.46	      2.26	     -1.00	     -1.00	0.97	 6.519e+02	    -11.79	0	Gaussian	9990000000.000000	9990000000.000000
570	0	299.169739	7845.235091	     -1.00	    171.97	     86.32	      2.52	      2.32	     -1.00	     -1.00	1.56	 1.686e+01	    -11.79	0	Gaussian	9990000000.000000	9990000000.000000
571	0	300.006290	7873.399692	     -1.00	   1325.76	   1010.38	      2.53	      2.29	     -1.00	     -1.00	-1.86	 1.864e+01	    -11.79	0	Gaussian	9990000000.000000	9990000000.000000
572	0	300.166944	8373.652356	     -1.00	    567.24	   1136.13	      2.44	      2.24	     -1.00	     -1.00	7.45	 4.788e+01	    -11.79	0	Gaussian	9990000000.000000	9990000000.000000
573	0	299.539489	7787.469343	     -1.00	    766.91	    265.71	      2.52	      2.32	     -1.00	     -1.00	-0.10	 1.730e+01	    -11.78	0	Gaussian	9990000000.000000	9990000000.000000
574	0	614.311516	8789.264664	     -1.00	    659.07	    783.24	      2.37	      2.18	     -1.00	     -1.00	-3.25	 2.209e+03	    -11.78	0	Gaussian	9990000000.000000	9990000000.000000
575	0	299.452282	7693.604927	     -1.00	   1065.91	   1155.51	      2.53	      2.33	     -1.00	     -1.00	-0.13	 1.528e+01	    -11.78	0	Gaussian	9990000000.000000	9990000000.000000
576	0	304.704431	8538.361482	     -1.00	     71.61	    382.34	      2.39	      2.21	     -1.00	     -1.00	-0.00	 5.181e+01	    -11.77	0	Gaussian	9990000000.000000	9990000000.000000
577	0	299.278285	7568.219989	     -1.00	   1091.87	   1099.86	      2.54	      2.33	     -1.00	     -1.00	-1.40	 1.530e+01	    -11.76	0	Gaussian	9990000000.000000	9990000000.000000
578	0	305.003417	8307.539140	     -1.00	    528.59	   1233.27	      2.40	      2.23	     -1.00	     -1.00	-3.19	 4.853e+01	    -11.75	0	Gaussian	9990000000.000000	9990000000.000000
579	0	304.541136	8370.782057	     -1.00	   1236.63	    547.76	      2.35	      2.25	     -1.00	     -1.00	-1.73	 4.538e+01	    -11.75	0	Gaussian	9990000000.000000	9990000000.000000
580	0	299.939033	7445.235005	     -1.00	    530.00	   1302.31	      2.52	      2.33	     -1.00	     -1.00	-0.86	 1.588e+01	    -11.74	0	Gaussian	9990000000.000000	9990000000.000000
581	0	303.325475	8001.846205	     -1.00	   1030.61	    897.06	      2.40	      2.27	     -1.00	     -1.00	-5.01	 4.606e+01	    -11.74	0	Gaussian	9990000000.000000	9990000000.000000
582	0	302.246214	7321.452591	     -1.00	    963.04	    915.04	      2.43	      2.43	     -1.00	     -1.00	75.45	 3.318e+01	    -11.73	0	Gaussian	9990000000.000000	9990000000.000000
583	0	303.862181	8215.901233	     -1.00	    611.52	    869.23	      2.34	      2.24	     -1.00	     -1.00	-0.71	 4.248e+01	    -11.72	0	Gaussian	9990000000.000000	9990000000.000000
584	0	301.926783	8005.541478	     -1.00	    566.27	   1124.71	      2.36	      2.25	     -1.00	     -1.00	5.03	 4.116e+01	    -11.71	0	Gaussian	9990000000.000000	9990000000.000000
585	0	298.230332	7070.415683	     -1.00	    939.10	    885.13	      2.53	      2.34	     -1.00	     -1.00	0.26	 1.796e+01	    -11.69	0	Gaussian	9990000000.000000	9990000000.000000
586	0	299.114150	7117.549976	     -1.00	    921.74	   1055.27	      2.52	      2.32	     -1.00	     -1.00	3.87	 1.754e+01	    -11.68	0	Gaussian	9990000000.000000	9990000000.000000
587	0	301.132634	7809.740961	     -1.00	    500.29	   1116.22	      2.40	      2.21	     -1.00	     -1.00	5.57	 4.800e+01	    -11.68	0	Gaussian	9990000000.000000	9990000000.000000
588	0	303.338811	7881.675478	     -1.00	    996.38	    205.88	      2.35	      2.24	     -1.00	     -1.00	4.11	 3.866e+01	    -11.68	0	Gaussian	9990000000.000000	9990000000.000000
589	0	302.974192	7524.575394	     -1.00	    493.68	    896.08	      2.42	      2.26	     -1.00	     -1.00	-6.20	 4.795e+01	    -11.67	0	Gaussian	9990000000.000000	9990000000.000000
590	0	305.533063	7717.734809	     -1.00	     73.33	    858.38	      2.39	      2.20	     -1.00	     -1.00	2.56	 5.017e+01	    -11.66	0	Gaussian	9990000000.000000	9990000000.000000
591	0	303.849950	7668.673277	     -1.00	    742.61	    284.51	      2.39	      2.21	     -1.00	     -1.00	-3.61	 4.508e+01	    -11.65	0	Gaussian	9990000000.000000	9990000000.000000
592	0	302.276318	7752.187555	     -1.00	    727.47	    841.81	      2.33	      2.24	     -1.00	     -1.00	0.74	 3.888e+01	    -11.65	0	Gaussian	9990000000.000000	9990000000.000000
593	0	353.714894	7555.232519	     -1.00	    767.26	   1276.06	      2.39	      2.24	     -1.00	     -1.00	8.23	 3.852e+02	    -11.65	0	Gaussian	9990000000.000000	9990000000.000000
594	0	300.272572	7056.688777	     -1.00	    538.67	    137.85	      2.45	      2.33	     -1.00	     -1.00	-5.02	 3.903e+01	    -11.65	0	Gaussian	9990000000.000000	9990000000.000000
595	0	302.577360	7667.849532	     -1.00	    964.63	   1279.46	      2.39	      2.19	     -1.00	     -1.00	-3.17	 4.651e+01	    -11.65	0	Gaussian	9990000000.000000	9990000000.000000
596	0	297.884816	6764.160823	     -1.00	    220.71	   1318.65	      2.53	      2.33	     -1.00	     -1.00	6.00	 1.693e+01	    -11.64	0	Gaussian	9990000000.000000	9990000000.000000
597	0	300.828733	6744.318067	     -1.00	    763.79	    953.78	      2.52	      2.33	     -1.00	     -1.00	0.16	 1.670e+01	    -11.63	0	Gaussian	9990000000.000000	9990000000.000000
598	0	303.342686	7146.019169	     -1.00	    417.25	    754.34	      2.42	      2.22	     -1.00	     -1.00	0.89	 4.024e+01	    -11.59	0	Gaussian	9990000000.000000	9990000000.000000
599	0	302.504716	7049.858748	     -1.00	   1005.36	    703.12	      2.34	      2.25	     -1.00	     -1.00	0.47	 3.637e+01	    -11.56	0	Gaussian	9990000000.000000	9990000000.000000
600	0	299.627642	6282.343773	     -1.00	   1282.92	   1087.61	      2.52	      2.32	     -1.00	     -1.00	-1.44	 1.497e+01	    -11.55	0	Gaussian	9990000000.000000	9990000000.000000
601	0	299.102817	6190.533361	     -1.00	   1328.16	    592.15	      2.52	      2.35	     -1.00	     -1.00	0.41	 1.712e+01	    -11.55	0	Gaussian	9990000000.000000	9990000000.000000
602	0	303.038616	6760.233454	     -1.00	    553.25	    304.47	      2.42	      2.23	     -1.00	     -1.00	2.58	 4.209e+01	    -11.54	0	Gaussian	9990000000.000000	9990000000.000000
603	0	299.900644	6205.959605	     -1.00	   1015.01	    115.71	      2.52	      2.33	     -1.00	     -1.00	1.98	 1.511e+01	    -11.54	0	Gaussian	9990000000.000000	9990000000.000000
604	0	303.174581	6901.220256	     -1.00	   1187.42	    862.94	      2.33	      2.26	     -1.00	     -1.00	0.63	 3.375e+01	    -11.54	0	Gaussian	9990000000.000000	9990000000.000000
605	0	305.232437	6906.400122	     -1.00	    206.58	    330.62	      2.38	      2.21	     -1.00	     -1.00	7.91	 4.582e+01	    -11.53	0	Gaussian	9990000000.000000	9990000000.000000
606	0	303.545564	6784.003033	     -1.00	    856.67	     91.46	      2.40	      2.21	     -1.00	     -1.00	-1.45	 4.219e+01	    -11.53	0	Gaussian	9990000000.000000	9990000000.000000
607	0	301.254051	6163.598159	     -1.00	    604.98	    630.39	      2.52	      2.30	     -1.00	     -1.00	-0.17	 1.539e+01	    -11.52	0	Gaussian	9990000000.000000	9990000000.000000
608	0	299.876644	6063.314879	     -1.00	    329.96	   1211.29	      2.52	      2.32	     -1.00	     -1.00	-0.55	 1.555e+01	    -11.51	0	Gaussian	9990000000.000000	9990000000.000000
609	0	299.666843	6013.422793	     -1.00	    983.74	    502.50	      2.52	      2.33	     -1.00	     -1.00	-2.40	 1.518e+01	    -11.50	0	Gaussian	9990000000.000000	9990000000.000000
610	0	300.694186	6010.706782	     -1.00	    683.88	    139.36	      2.53	      2.32	     -1.00	     -1.00	1.22	 1.557e+01	    -11.50	0	Gaussian	9990000000.000000	9990000000.000000
611	0	298.821929	5919.769673	     -1.00	    259.74	     70.56	      2.55	      2.33	     -1.00	     -1.00	-0.03	 1.616e+01	    -11.50	0	Gaussian	9990000000.000000	9990000000.000000
612	0	301.493794	6004.764397	     -1.00	   1047.17	    840.68	      2.52	      2.30	     -1.00	     -1.00	0.18	 1.696e+01	    -11.49	0	Gaussian	9990000000.000000	9990000000.000000
613	0	300.406863	5902.965372	     -1.00	    156.15	   1053.90	      2.55	      2.32	     -1.00	     -1.00	2.26	 1.504e+01	    -11.49	0	Gaussian	9990000000.000000	9990000000.000000
614	0	300.766731	6271.625632	     -1.00	   1198.21	    709.16	      2.44	      2.25	     -1.00	     -1.00	5.59	 3.882e+01	    -11.48	0	Gaussian	9990000000.000000	9990000000.000000
615	0	302.898633	6556.261032	     -1.00	    402.61	    817.61	      2.39	      2.20	     -1.00	     -1.00	-0.03	 4.096e+01	    -11.48	0	Gaussian	9990000000.000000	9990000000.000000
616	0	301.202285	5682.066500	     -1.00	    156.16	    602.01	      2.54	      2.34	     -1.00	     -1.00	-0.87	 1.649e+01	    -11.46	0	Gaussian	9990000000.000000	9990000000.000000
617	0	302.999899	6388.704097	     -1.00	    209.51	   1137.98	      2.33	      2.24	     -1.00	     -1.00	7.96	 3.384e+01	    -11.44	0	Gaussian	9990000000.000000	9990000000.000000
618	0	300.843536	5680.191635	     -1.00	    980.00	    524.52	      2.52	      2.32	     -1.00	     -1.00	4.09	 1.535e+01	    -11.44	0	Gaussian	9990000000.000000	9990000000.000000
619	0	417.646281	6031.099089	     -1.00	    406.17	    514.56	      2.42	      2.27	     -1.00	     -1.00	-3.04	 5.767e+02	    -11.44	0	Gaussian	9990000000.000000	9990000000.000000
620	0	303.550383	6208.037982	     -1.00	    822.45	    186.87	      2.33	      2.23	     -1.00	     -1.00	-0.51	 3.036e+01	    -11.41	0	Gaussian	9990000000.000000	9990000000.000000
621	0	305.303935	6110.390178	     -1.00	    686.47	    172.50	      2.40	      2.19	     -1.00	     -1.00	-1.80	 3.763e+01	    -11.40	0	Gaussian	9990000000.000000	9990000000.000000
622	0	299.849585	5481.764109	     -1.00	    277.80	    828.39	      2.53	      2.31	     -1.00	     -1.00	2.20	 1.652e+01	    -11.40	0	Gaussian	9990000000.000000	9990000000.000000
623	0	299.788432	5370.023955	     -1.00	    159.09	    554.88	      2.55	      2.32	     -1.00	     -1.00	-1.24	 1.591e+01	    -11.39	0	Gaussian	9990000000.000000	9990000000.000000
624	0	303.126237	5328.337098	     -1.00	    333.10	   1233.31	      2.54	      2.33	     -1.00	     -1.00	-2.22	 4.004e+01	    -11.38	0	Gaussian	9990000000.000000	9990000000.000000
625	0	410.620440	5772.162100	     -1.00	    411.94	    522.18	      2.43	      2.23	     -1.00	     -1.00	3.75	 5.751e+02	    -11.38	0	Gaussian	9990000000.000000	9990000000.000000
626	0	300.530465	5308.520522	     -1.00	    870.12	    314.22	      2.53	      2.32	     -1.00	     -1.00	2.05	 1.321e+01	    -11.37	0	Gaussian	9990000000.000000	9990000000.000000
627	0	484.219249	6590.037433	     -1.00	   1097.43	   1316.40	      2.27	      2.08	     -1.00	     -1.00	-0.85	 8.528e+02	    -11.37	0	Gaussian	9990000000.000000	9990000000.000000
628	0	301.773211	5689.799623	     -1.00	     95.35	    301.89	      2.35	      2.24	     -1.00	     -1.00	-3.92	 2.923e+01	    -11.33	0	Gaussian	9990000000.000000	9990000000.000000
629	0	301.011908	5116.654598	     -1.00	   1235.15	    228.76	      2.52	      2.31	     -1.00	     -1.00	2.53	 1.682e+01	    -11.32	0	Gaussian	9990000000.000000	9990000000.000000
630	0	300.098620	4945.251430	     -1.00	    588.94	    424.70	      2.54	      2.33	     -1.00	     -1.00	-2.55	 1.453e+01	    -11.30	0	Gaussian	9990000000.000000	9990000000.000000
631	0	303.330569	5614.000774	     -1.00	    244.37	    622.22	      2.34	      2.22	     -1.00	     -1.00	8.72	 2.964e+01	    -11.30	0	Gaussian	9990000000.000000	9990000000.000000
632	0	301.632461	4888.403535	     -1.00	    736.91	    586.47	      2.52	      2.32	     -1.00	     -1.00	0.03	 1.392e+01	    -11.28	0	Gaussian	9990000000.000000	9990000000.000000
633	0	301.913762	5394.026551	     -1.00	    136.50	    422.22	      2.36	      2.23	     -1.00	     -1.00	-1.13	 2.942e+01	    -11.26	0	Gaussian	9990000000.000000	9990000000.000000
634	0	301.281356	4754.949758	     -1.00	    317.76	    848.20	      2.53	      2.33	     -1.00	     -1.00	0.10	 1.506e+01	    -11.25	0	Gaussian	9990000000.000000	9990000000.000000
635	0	303.002205	5384.368458	     -1.00	    710.32	    402.75	      2.34	      2.22	     -1.00	     -1.00	-0.20	 3.030e+01	    -11.25	0	Gaussian	9990000000.000000	9990000000.000000
636	0	299.344463	4688.219074	     -1.00	    201.81	    562.39	      2.53	      2.34	     -1.00	     -1.00	1.40	 1.378e+01	    -11.24	0	Gaussian	9990000000.000000	9990000000.000000
637	0	303.876513	5188.105943	     -1.00	    396.51	    559.33	      2.40	      2.22	     -1.00	     -1.00	2.88	 3.262e+01	    -11.24	0	Gaussian	9990000000.000000	9990000000.000000
638	0	301.878090	5171.035588	     -1.00	     78.61	    824.33	      2.37	      2.20	     -1.00	     -1.00	1.03	 3.505e+01	    -11.21	0	Gaussian	9990000000.000000	9990000000.000000
639	0	303.212156	5133.384989	     -1.00	    706.40	    243.89	      2.33	      2.22	     -1.00	     -1.00	-0.28	 2.812e+01	    -11.19	0	Gaussian	9990000000.000000	9990000000.000000
640	0	301.863855	4678.372413	     -1.00	    275.24	     92.91	      2.37	      2.37	     -1.00	     -1.00	78.79	 3.177e+01	    -11.19	0	Gaussian	9990000000.000000	9990000000.000000
641	0	302.704695	4892.563130	     -1.00	    880.64	    883.50	      2.41	      2.21	     -1.00	     -1.00	-3.57	 3.226e+01	    -11.18	0	Gaussian	9990000000.000000	9990000000.000000
642	0	302.313516	4708.653012	     -1.00	   1254.70	    726.12	      2.43	      2.26	     -1.00	     -1.00	-10.92	 2.894e+01	    -11.17	0	Gaussian	9990000000.000000	9990000000.000000
643	0	302.384422	4876.846558	     -1.00	    572.56	    955.52	      2.38	      2.17	     -1.00	     -1.00	3.65	 3.265e+01	    -11.14	0	Gaussian	9990000000.000000	9990000000.000000
644	0	300.999420	4553.779550	     -1.00	   1265.33	    201.33	      2.40	      2.21	     -1.00	     -1.00	1.65	 2.933e+01	    -11.10	0	Gaussian	9990000000.000000	9990000000.000000
645	0	302.332814	4582.204129	     -1.00	     69.28	    403.61	      2.41	      2.19	     -1.00	     -1.00	-2.71	 2.970e+01	    -11.10	0	Gaussian	9990000000.000000	9990000000.000000
646	0	297.654614	4135.307933	     -1.00	   1213.75	    463.90	      2.53	      2.30	     -1.00	     -1.00	-1.52	 1.363e+01	    -11.09	0	Gaussian	9990000000.000000	9990000000.000000
647	0	299.671652	4083.140451	     -1.00	    361.08	   1244.93	      2.52	      2.34	     -1.00	     -1.00	-1.31	 1.459e+01	    -11.09	0	Gaussian	9990000000.000000	9990000000.000000
648	0	300.549656	4120.033576	     -1.00	   1077.83	   1311.89	      2.53	      2.30	     -1.00	     -1.00	2.57	 1.617e+01	    -11.09	0	Gaussian	9990000000.000000	9990000000.000000
649	0	302.398288	4492.445726	     -1.00	   1172.63	    359.50	      2.38	      2.22	     -1.00	     -1.00	-3.25	 2.838e+01	    -11.07	0	Gaussian	9990000000.000000	9990000000.000000
650	0	300.395219	3955.722541	     -1.00	    356.01	   1150.70	      2.55	      2.35	     -1.00	     -1.00	-0.62	 1.528e+01	    -11.07	0	Gaussian	9990000000.000000	9990000000.000000
651	0	300.904605	4455.783260	     -1.00	    963.61	    588.29	      2.40	      2.20	     -1.00	     -1.00	1.93	 2.979e+01	    -11.06	0	Gaussian	9990000000.000000	9990000000.000000
652	0	299.362873	3791.928619	     -1.00	    694.16	    249.67	      2.53	      2.33	     -1.00	     -1.00	2.55	 1.280e+01	    -11.01	0	Gaussian	9990000000.000000	9990000000.000000
653	0	300.597565	3777.710727	     -1.00	    248.11	    157.56	      2.52	      2.33	     -1.00	     -1.00	-0.87	 1.360e+01	    -11.00	0	Gaussian	9990000000.000000	9990000000.000000
654	0	302.581227	4118.650121	     -1.00	    158.61	   1107.38	      2.39	      2.20	     -1.00	     -1.00	-6.21	 2.982e+01	    -10.98	0	Gaussian	9990000000.000000	9990000000.000000
655	0	302.154895	3840.968522	     -1.00	    184.70	    558.49	      2.45	      2.23	     -1.00	     -1.00	-4.21	 2.500e+01	    -10.94	0	Gaussian	9990000000.000000	9990000000.000000
656	0	302.608761	3913.575577	     -1.00	    673.61	    946.27	      2.39	      2.21	     -1.00	     -1.00	4.27	 2.508e+01	    -10.93	0	Gaussian	9990000000.000000	9990000000.000000
657	0	303.022619	3941.987023	     -1.00	    379.28	   1047.56	      2.40	      2.19	     -1.00	     -1.00	2.05	 2.557e+01	    -10.93	0	Gaussian	9990000000.000000	9990000000.000000
658	0	325.218535	3977.571616	     -1.00	   1036.66	    148.25	      2.39	      2.16	     -1.00	     -1.00	-9.02	 1.428e+02	    -10.91	0	Gaussian	9990000000.000000	9990000000.000000
659	0	301.467565	3874.459575	     -1.00	    752.54	    683.20	      2.34	      2.25	     -1.00	     -1.00	3.13	 2.170e+01	    -10.91	0	Gaussian	9990000000.000000	9990000000.000000
660	0	300.227845	3438.786134	     -1.00	    794.83	    652.45	      2.54	      2.33	     -1.00	     -1.00	1.83	 1.268e+01	    -10.91	0	Gaussian	9990000000.000000	9990000000.000000
661	0	302.176766	3926.783312	     -1.00	     92.35	    959.49	      2.39	      2.16	     -1.00	     -1.00	-3.67	 2.620e+01	    -10.90	0	Gaussian	9990000000.000000	9990000000.000000
662	0	301.924610	3769.873372	     -1.00	    595.29	   1218.41	      2.42	      2.20	     -1.00	     -1.00	2.45	 2.389e+01	    -10.89	0	Gaussian	9990000000.000000	9990000000.000000
663	0	299.278433	3432.682568	     -1.00	    225.19	   1139.42	      2.54	      2.30	     -1.00	     -1.00	-2.71	 1.339e+01	    -10.89	0	Gaussian	9990000000.000000	9990000000.000000
664	0	300.776969	3362.640446	     -1.00	    954.94	   1039.22	      2.55	      2.31	     -1.00	     -1.00	-2.69	 1.202e+01	    -10.88	0	Gaussian	9990000000.000000	9990000000.000000
665	0	300.443905	3298.968628	     -1.00	    491.04	    363.68	      2.54	      2.31	     -1.00	     -1.00	1.69	 1.362e+01	    -10.85	0	Gaussian	9990000000.000000	9990000000.000000
666	0	300.891409	3285.489382	     -1.00	    685.03	    400.46	      2.53	      2.30	     -1.00	     -1.00	1.81	 1.289e+01	    -10.84	0	Gaussian	9990000000.000000	9990000000.000000
667	0	301.146327	3427.400682	     -1.00	    484.55	    503.46	      2.40	      2.20	     -1.00	     -1.00	-2.74	 2.375e+01	    -10.78	0	Gaussian	9990000000.000000	9990000000.000000
668	0	302.062750	3392.048854	     -1.00	    132.42	    684.72	      2.35	      2.26	     -1.00	     -1.00	-1.52	 2.086e+01	    -10.77	0	Gaussian	9990000000.000000	9990000000.000000
669	0	301.237058	3442.500709	     -1.00	    323.51	    377.61	      2.37	      2.20	     -1.00	     -1.00	6.06	 2.284e+01	    -10.77	0	Gaussian	9990000000.000000	9990000000.000000
670	0	302.231711	3278.359641	     -1.00	   1283.62	    197.53	      2.38	      2.17	     -1.00	     -1.00	3.28	 2.302e+01	    -10.71	0	Gaussian	9990000000.000000	9990000000.000000
671	0	300.259837	3141.355542	     -1.00	    670.33	   1184.55	      2.41	      2.23	     -1.00	     -1.00	-3.37	 2.041e+01	    -10.70	0	Gaussian	9990000000.000000	9990000000.000000
672	0	338.412612	3322.487350	     -1.00	   1032.37	    139.47	      2.37	      2.13	     -1.00	     -1.00	1.45	 2.298e+02	    -10.70	0	Gaussian	9990000000.000000	9990000000.000000
673	0	299.728166	2653.945556	     -1.00	    583.02	   1289.58	      2.54	      2.31	     -1.00	     -1.00	-6.39	 1.262e+01	    -10.62	0	Gaussian	9990000000.000000	9990000000.000000
674	0	299.271854	2566.265549	     -1.00	   1176.86	    482.64	      2.55	      2.33	     -1.00	     -1.00	-2.17	 1.174e+01	    -10.59	0	Gaussian	9990000000.000000	9990000000.000000
