{
 "target_frame": "stack_set-01+03_cov25.fit (3472x3456, its own WCS)",
 "sky_corners_radec": [
  [
   303.1340383964342,
   53.619172328535186
  ],
  [
   330.72115377452053,
   54.3130135392792
  ],
  [
   307.6635606363758,
   37.775096930305565
  ],
  [
   328.1049359827953,
   38.477838754059064
  ]
 ],
 "new_canvas": [
  8493,
  6428
 ],
 "mapped_corner_spread_px": {
  "x": [
   3472.088624554138,
   6944.347857967065
  ],
  "y": [
   1535.9076515900585,
   4990.947043809224
  ]
 },
 "bbox_numpy_xywh": [
  3472,
  1535,
  3473,
  3456
 ],
 "siril_crop_args": [
  3472,
  1437,
  3473,
  3456
 ],
 "note": "bounding box of the four mapped corners \u2014 contains the exact cov25 sky frame; canvas-rotation difference makes it slightly larger than 3472x3456. Verify by Siril stat on the SPCC stack crop: Min must be > 0 (never-covered union pixels are exact 0)."
}