{
 "input": "/home/neural/Desktop/astrophotography/results/july14/stack_set-01+03_min_spcc.fit",
 "domain": "linear (run this on the pre-stretch surface; cross-arm comparisons use the _spcc stack)",
 "box_px": 400,
 "corner_margin_px": 200,
 "image_wh": [
  3130,
  1758
 ],
 "channels": 3,
 "regions": {
  "center": {
   "ch0": {
    "mean": 95.314781,
    "median": 92.0,
    "sigma": 33.361435
   },
   "ch1": {
    "mean": 95.008162,
    "median": 92.0,
    "sigma": 29.813235
   },
   "ch2": {
    "mean": 94.9654,
    "median": 92.0,
    "sigma": 29.256506
   }
  },
  "TL": {
   "ch0": {
    "mean": 96.476356,
    "median": 93.0,
    "sigma": 29.174912
   },
   "ch1": {
    "mean": 96.163306,
    "median": 93.0,
    "sigma": 27.998377
   },
   "ch2": {
    "mean": 96.0306,
    "median": 93.0,
    "sigma": 28.102551
   }
  },
  "TR": {
   "ch0": {
    "mean": 96.2963,
    "median": 93.0,
    "sigma": 32.242446
   },
   "ch1": {
    "mean": 96.1816,
    "median": 93.0,
    "sigma": 32.066218
   },
   "ch2": {
    "mean": 96.311219,
    "median": 93.0,
    "sigma": 36.040856
   }
  },
  "BL": {
   "ch0": {
    "mean": 96.097469,
    "median": 93.0,
    "sigma": 40.137434
   },
   "ch1": {
    "mean": 95.882275,
    "median": 93.0,
    "sigma": 40.160288
   },
   "ch2": {
    "mean": 95.690813,
    "median": 93.0,
    "sigma": 43.787115
   }
  },
  "BR": {
   "ch0": {
    "mean": 93.758244,
    "median": 92.0,
    "sigma": 14.832355
   },
   "ch1": {
    "mean": 93.339656,
    "median": 92.0,
    "sigma": 14.626457
   },
   "ch2": {
    "mean": 93.348562,
    "median": 92.0,
    "sigma": 15.908943
   }
  }
 }
}