# 2720 stars found using the following parameters:
# sigma=1.00 roundness=0.05 radius=5 relax=1 profile=0 minbeta=1.5 max_stars=0 layer=1 minA=0.00 maxA=0.00 maxR=1.00
# star#	layer	B	A	beta	X	Y	FWHMx [px]	FWHMy [px]	FWHMx ["]	FWHMy ["]	angle	RMSE	mag	Sat	Profile	RA	Dec
1	1	1093.280712	24757.608618	     -1.00	   4226.03	    416.51	      3.61	      2.87	     63.25	     50.29	40.75	 4.079e+02	    -13.66	1	Gaussian	9990000000.000000	9990000000.000000
2	1	1153.856218	33321.778815	     -1.00	   3666.86	   2653.50	      2.92	      2.92	     51.09	     51.09	37.48	 3.510e+02	    -13.61	1	Gaussian	9990000000.000000	9990000000.000000
3	1	1111.778991	53479.501003	     -1.00	   1682.53	   2495.63	      2.47	      2.22	     43.30	     38.89	6.94	 2.658e+02	    -13.35	1	Gaussian	9990000000.000000	9990000000.000000
4	1	1080.840518	22524.383812	     -1.00	   3092.93	   1576.92	      3.29	      2.58	     57.61	     45.18	33.35	 5.296e+02	    -13.34	1	Gaussian	9990000000.000000	9990000000.000000
5	1	1110.907860	20568.690662	     -1.00	   5237.16	   1467.04	      2.87	      1.96	     50.31	     34.26	13.42	 2.738e+02	    -12.79	0	Gaussian	9990000000.000000	9990000000.000000
6	1	1078.844349	17419.983628	     -1.00	   2115.27	    458.50	      2.82	      2.33	     49.42	     40.72	42.49	 3.251e+02	    -12.78	0	Gaussian	9990000000.000000	9990000000.000000
7	1	1074.153064	22543.368414	     -1.00	   4556.43	   2550.29	      2.41	      2.04	     42.19	     35.79	15.34	 2.630e+02	    -12.75	1	Gaussian	9990000000.000000	9990000000.000000
8	1	1110.280699	18278.291204	     -1.00	   1172.90	   3912.53	      2.56	      2.30	     44.76	     40.27	-79.73	 3.026e+02	    -12.71	0	Gaussian	9990000000.000000	9990000000.000000
9	1	1077.377697	21560.234322	     -1.00	   4382.48	   1944.24	      2.40	      1.93	     41.97	     33.74	19.89	 2.863e+02	    -12.63	1	Gaussian	9990000000.000000	9990000000.000000
10	1	1109.087587	19698.967884	     -1.00	   2679.14	   2836.91	      2.32	      2.01	     40.63	     35.15	-1.11	 3.401e+02	    -12.54	0	Gaussian	9990000000.000000	9990000000.000000
11	1	1120.100512	17131.432673	     -1.00	   5563.30	   3191.95	      2.18	      2.18	     38.10	     38.10	-67.91	 3.901e+02	    -12.41	0	Gaussian	9990000000.000000	9990000000.000000
12	1	1098.390096	16033.977828	     -1.00	   5269.78	   1763.17	      2.67	      1.85	     46.74	     32.31	5.77	 2.165e+02	    -12.38	0	Gaussian	9990000000.000000	9990000000.000000
13	1	1076.271156	19591.702055	     -1.00	   2726.97	   3036.93	      2.16	      1.80	     37.75	     31.53	-20.12	 2.071e+02	    -12.34	0	Gaussian	9990000000.000000	9990000000.000000
14	1	1071.191757	13197.166960	     -1.00	   4225.70	   3224.23	      2.49	      2.04	     43.54	     35.66	39.54	 1.599e+02	    -12.20	0	Gaussian	9990000000.000000	9990000000.000000
15	1	1123.580515	15141.888372	     -1.00	    340.54	   1333.97	      2.28	      1.89	     39.89	     33.04	-19.24	 2.948e+02	    -12.17	0	Gaussian	9990000000.000000	9990000000.000000
16	1	1090.032987	14445.112907	     -1.00	   1396.12	   3563.19	      2.30	      1.88	     40.19	     32.97	38.58	 1.801e+02	    -12.13	0	Gaussian	9990000000.000000	9990000000.000000
17	1	1074.457381	10649.504298	     -1.00	   4179.68	    944.66	      2.56	      2.26	     44.72	     39.61	-42.27	 1.406e+02	    -12.11	0	Gaussian	9990000000.000000	9990000000.000000
18	1	1100.754015	13315.392117	     -1.00	   5566.38	    843.22	      2.41	      1.92	     42.16	     33.59	23.45	 1.963e+02	    -12.11	0	Gaussian	9990000000.000000	9990000000.000000
19	1	1084.119055	17107.569809	     -1.00	   4454.16	   3307.14	      2.25	      1.54	     39.32	     26.92	43.67	 1.564e+02	    -12.06	0	Gaussian	9990000000.000000	9990000000.000000
20	1	1078.834722	12803.425845	     -1.00	   3667.66	    617.08	      2.10	      2.10	     36.67	     36.67	-45.73	 2.522e+02	    -12.01	0	Gaussian	9990000000.000000	9990000000.000000
21	1	1111.220402	11605.521884	     -1.00	    428.63	   1111.16	      2.25	      2.09	     39.36	     36.54	-30.35	 2.113e+02	    -11.98	0	Gaussian	9990000000.000000	9990000000.000000
22	1	1077.692746	12205.907972	     -1.00	   2645.12	    851.68	      2.21	      2.02	     38.67	     35.30	44.07	 1.980e+02	    -11.97	0	Gaussian	9990000000.000000	9990000000.000000
23	1	1084.341299	18595.846610	     -1.00	   2666.88	   2851.03	      1.97	      1.47	     34.52	     25.79	-33.46	 2.010e+02	    -11.97	0	Gaussian	9990000000.000000	9990000000.000000
24	1	1079.330129	20002.597977	     -1.00	   4113.88	   2550.99	      1.96	      1.37	     34.29	     23.90	45.63	 1.696e+02	    -11.96	0	Gaussian	9990000000.000000	9990000000.000000
25	1	1087.593174	17887.955605	     -1.00	   2960.93	   1117.98	      2.03	      1.47	     35.45	     25.67	44.04	 2.018e+02	    -11.95	0	Gaussian	9990000000.000000	9990000000.000000
26	1	1090.020339	11327.402629	     -1.00	   1036.93	    299.12	      2.52	      1.76	     44.10	     30.82	-37.80	 1.601e+02	    -11.89	0	Gaussian	9990000000.000000	9990000000.000000
27	1	1061.364302	8374.478103	     -1.00	   1619.69	    919.44	      2.49	      2.36	     43.61	     41.32	37.77	 1.124e+02	    -11.87	0	Gaussian	9990000000.000000	9990000000.000000
28	1	1064.057476	8700.694083	     -1.00	   2093.47	   1160.53	      2.63	      2.15	     45.98	     37.55	37.68	 8.675e+01	    -11.86	0	Gaussian	9990000000.000000	9990000000.000000
29	1	1064.148347	7984.609606	     -1.00	   2850.63	    859.52	      2.58	      2.20	     45.21	     38.44	39.58	 9.863e+01	    -11.78	0	Gaussian	9990000000.000000	9990000000.000000
30	1	1059.561543	9323.478125	     -1.00	   1532.60	   2580.84	      2.34	      2.03	     40.95	     35.47	-8.24	 1.272e+02	    -11.75	0	Gaussian	9990000000.000000	9990000000.000000
31	1	1068.371929	9760.373788	     -1.00	   2025.28	   4005.90	      2.32	      1.94	     40.57	     34.03	56.58	 1.693e+02	    -11.74	0	Gaussian	9990000000.000000	9990000000.000000
32	1	1066.021686	5916.145165	     -1.00	   4878.87	   1545.17	      3.18	      2.32	     55.65	     40.67	-43.91	 1.077e+02	    -11.74	0	Gaussian	9990000000.000000	9990000000.000000
33	1	1069.813839	7279.249448	     -1.00	   1684.12	    151.64	      2.50	      2.36	     43.75	     41.38	-0.69	 9.176e+01	    -11.72	0	Gaussian	9990000000.000000	9990000000.000000
34	1	1070.973817	7654.105771	     -1.00	   4250.77	    506.26	      2.42	      2.30	     42.44	     40.32	-62.18	 1.140e+02	    -11.71	0	Gaussian	9990000000.000000	9990000000.000000
35	1	1080.211725	15474.375236	     -1.00	   3901.71	   2864.15	      1.86	      1.48	     32.62	     25.93	-33.90	 1.754e+02	    -11.71	0	Gaussian	9990000000.000000	9990000000.000000
36	1	1064.291578	11174.090844	     -1.00	   3186.52	   3335.03	      2.03	      1.82	     35.61	     31.88	-1.24	 1.545e+02	    -11.68	0	Gaussian	9990000000.000000	9990000000.000000
37	1	1081.353646	18320.226299	     -1.00	   4012.13	   2465.13	      1.79	      1.22	     31.40	     21.40	45.59	 1.231e+02	    -11.65	0	Gaussian	9990000000.000000	9990000000.000000
38	1	1064.602389	8472.927900	     -1.00	   1371.98	   2419.00	      2.30	      1.94	     40.25	     33.98	13.18	 1.080e+02	    -11.58	0	Gaussian	9990000000.000000	9990000000.000000
39	1	1074.170445	10496.788432	     -1.00	   2229.99	   3507.97	      2.17	      1.63	     38.01	     28.53	-44.86	 1.366e+02	    -11.56	0	Gaussian	9990000000.000000	9990000000.000000
40	1	1071.069057	8735.865174	     -1.00	   3046.11	    497.64	      2.20	      1.90	     38.58	     33.28	76.79	 1.382e+02	    -11.54	0	Gaussian	9990000000.000000	9990000000.000000
41	1	1063.608494	6930.489084	     -1.00	   1277.70	   1959.21	      2.46	      2.08	     43.09	     36.42	3.22	 9.341e+01	    -11.51	0	Gaussian	9990000000.000000	9990000000.000000
42	1	1075.717455	7302.872079	     -1.00	    822.66	    706.02	      2.32	      2.09	     40.64	     36.53	-29.31	 1.380e+02	    -11.51	0	Gaussian	9990000000.000000	9990000000.000000
43	1	1063.879054	6619.379809	     -1.00	   1882.22	   1203.53	      2.42	      2.12	     42.41	     37.11	35.86	 6.649e+01	    -11.46	0	Gaussian	9990000000.000000	9990000000.000000
44	1	1057.523069	6662.408791	     -1.00	   4327.38	   2961.50	      2.34	      2.14	     40.93	     37.48	15.89	 7.655e+01	    -11.44	0	Gaussian	9990000000.000000	9990000000.000000
45	1	1054.108742	3777.127038	     -1.00	   1579.81	   3612.67	      4.09	      2.11	     71.56	     36.94	-44.43	 1.253e+02	    -11.42	0	Gaussian	9990000000.000000	9990000000.000000
46	1	1068.552005	7478.112671	     -1.00	   1465.20	   2034.85	      2.19	      1.98	     38.31	     34.68	-29.71	 9.682e+01	    -11.41	0	Gaussian	9990000000.000000	9990000000.000000
47	1	1070.442901	6916.352552	     -1.00	   2142.54	   1541.24	      2.39	      1.92	     41.83	     33.60	26.06	 7.158e+01	    -11.39	0	Gaussian	9990000000.000000	9990000000.000000
48	1	1063.009369	5313.078312	     -1.00	   2260.11	    872.58	      2.93	      2.02	     51.27	     35.31	22.75	 1.507e+02	    -11.38	0	Gaussian	9990000000.000000	9990000000.000000
49	1	1072.355613	10449.749348	     -1.00	   2891.02	   1580.90	      2.00	      1.50	     35.06	     26.21	-33.35	 1.142e+02	    -11.38	0	Gaussian	9990000000.000000	9990000000.000000
50	1	1065.592008	7790.094721	     -1.00	   3544.36	   3679.87	      2.04	      1.93	     35.79	     33.82	24.67	 1.081e+02	    -11.36	0	Gaussian	9990000000.000000	9990000000.000000
51	1	1064.619260	5696.127539	     -1.00	   2528.68	    664.96	      2.42	      2.17	     42.35	     37.91	31.31	 6.603e+01	    -11.32	0	Gaussian	9990000000.000000	9990000000.000000
52	1	1062.899942	6920.652138	     -1.00	   3005.01	    911.62	      2.10	      1.99	     36.83	     34.84	52.88	 1.147e+02	    -11.29	0	Gaussian	9990000000.000000	9990000000.000000
53	1	1059.514268	5013.185371	     -1.00	   5107.58	   3763.82	      2.50	      2.22	     43.73	     38.94	9.94	 7.868e+01	    -11.25	0	Gaussian	9990000000.000000	9990000000.000000
54	1	1079.088976	6515.641175	     -1.00	   6034.85	   2186.06	      2.39	      1.76	     41.76	     30.78	30.17	 1.240e+02	    -11.23	0	Gaussian	9990000000.000000	9990000000.000000
55	1	1059.836592	4725.093482	     -1.00	   5332.60	   3326.35	      2.65	      2.16	     46.43	     37.84	14.53	 7.463e+01	    -11.22	0	Gaussian	9990000000.000000	9990000000.000000
56	1	1072.520552	5806.836996	     -1.00	   5843.37	   1399.92	      2.41	      1.90	     42.22	     33.28	19.08	 9.610e+01	    -11.20	0	Gaussian	9990000000.000000	9990000000.000000
57	1	1066.240739	7923.937834	     -1.00	   1931.28	   2874.78	      2.08	      1.58	     36.48	     27.73	-44.77	 8.635e+01	    -11.18	0	Gaussian	9990000000.000000	9990000000.000000
58	1	1063.087674	8185.150179	     -1.00	   3221.13	   3395.06	      2.04	      1.56	     35.79	     27.24	-34.20	 1.037e+02	    -11.17	0	Gaussian	9990000000.000000	9990000000.000000
59	1	1060.472566	5029.761262	     -1.00	   4067.67	   3815.94	      2.30	      2.24	     40.29	     39.28	71.03	 8.661e+01	    -11.17	0	Gaussian	9990000000.000000	9990000000.000000
60	1	1068.223153	6478.526766	     -1.00	   1887.03	   1583.11	      2.15	      1.85	     37.65	     32.38	-27.75	 1.034e+02	    -11.16	0	Gaussian	9990000000.000000	9990000000.000000
61	1	1061.715830	4245.710039	     -1.00	     37.61	   3042.40	      2.80	      2.08	     49.06	     36.35	-44.27	 9.601e+01	    -11.12	0	Gaussian	9990000000.000000	9990000000.000000
62	1	1061.243362	6631.880981	     -1.00	   3334.47	   1235.96	      2.05	      1.78	     35.81	     31.24	20.25	 9.883e+01	    -11.10	0	Gaussian	9990000000.000000	9990000000.000000
63	1	1065.113817	8377.673820	     -1.00	   2984.87	   2670.99	      1.98	      1.46	     34.65	     25.53	-35.23	 9.879e+01	    -11.09	0	Gaussian	9990000000.000000	9990000000.000000
64	1	1057.785029	4305.968141	     -1.00	   4579.53	    349.94	      2.57	      2.18	     44.95	     38.16	-10.40	 5.778e+01	    -11.09	0	Gaussian	9990000000.000000	9990000000.000000
65	1	1076.958628	7843.838971	     -1.00	   2930.06	   1657.14	      2.04	      1.45	     35.68	     25.35	38.53	 7.138e+01	    -11.05	0	Gaussian	9990000000.000000	9990000000.000000
66	1	1064.474702	5417.035404	     -1.00	   4092.95	   3172.61	      2.11	      2.02	     36.90	     35.33	71.93	 8.254e+01	    -11.04	0	Gaussian	9990000000.000000	9990000000.000000
67	1	1057.960011	4282.764386	     -1.00	   1756.28	   1137.50	      2.57	      2.09	     44.90	     36.52	34.13	 4.676e+01	    -11.04	0	Gaussian	9990000000.000000	9990000000.000000
68	1	1059.223256	3965.012972	     -1.00	   4064.47	     30.86	      2.40	      2.40	     41.95	     41.95	46.56	 5.892e+01	    -11.03	0	Gaussian	9990000000.000000	9990000000.000000
69	1	1066.544419	7376.548988	     -1.00	   4293.21	   2604.88	      1.95	      1.57	     34.16	     27.45	-40.61	 8.922e+01	    -11.02	0	Gaussian	9990000000.000000	9990000000.000000
70	1	1060.852152	6529.886268	     -1.00	   2778.12	   2610.11	      2.10	      1.60	     36.68	     27.95	-27.37	 8.948e+01	    -10.98	0	Gaussian	9990000000.000000	9990000000.000000
71	1	1055.269333	5029.043798	     -1.00	   2194.52	   2622.11	      2.33	      1.86	     40.77	     32.59	-12.49	 7.539e+01	    -10.98	0	Gaussian	9990000000.000000	9990000000.000000
72	1	1058.186398	4209.933771	     -1.00	   2930.15	    222.52	      2.47	      2.08	     43.29	     36.41	83.26	 6.176e+01	    -10.97	0	Gaussian	9990000000.000000	9990000000.000000
73	1	1062.811616	7482.501724	     -1.00	   3078.18	   3411.77	      1.91	      1.51	     33.46	     26.50	-43.17	 8.306e+01	    -10.97	0	Gaussian	9990000000.000000	9990000000.000000
74	1	1066.345915	5344.395386	     -1.00	   4087.15	   2708.48	      2.11	      1.90	     36.99	     33.22	64.79	 7.728e+01	    -10.96	0	Gaussian	9990000000.000000	9990000000.000000
75	1	1062.374003	7048.328770	     -1.00	   3806.98	   3200.91	      2.06	      1.47	     35.99	     25.65	-42.41	 7.775e+01	    -10.95	0	Gaussian	9990000000.000000	9990000000.000000
76	1	1064.017101	4289.515036	     -1.00	   2052.09	    854.48	      2.33	      2.11	     40.82	     36.94	52.98	 6.979e+01	    -10.95	0	Gaussian	9990000000.000000	9990000000.000000
77	1	1064.362724	5980.023165	     -1.00	   3204.97	   1027.15	      2.06	      1.69	     36.12	     29.66	-37.78	 7.623e+01	    -10.94	0	Gaussian	9990000000.000000	9990000000.000000
78	1	1061.605556	5599.444350	     -1.00	   1219.76	   3598.09	      2.09	      1.77	     36.62	     31.03	-46.03	 9.806e+01	    -10.93	0	Gaussian	9990000000.000000	9990000000.000000
79	1	1066.501900	5124.637004	     -1.00	   5168.98	   3311.74	      2.43	      1.65	     42.52	     28.90	34.59	 7.795e+01	    -10.92	0	Gaussian	9990000000.000000	9990000000.000000
80	1	1056.473297	3015.650894	     -1.00	   1668.94	    656.49	      2.68	      2.54	     46.95	     44.46	29.66	 4.176e+01	    -10.92	0	Gaussian	9990000000.000000	9990000000.000000
81	1	1069.407639	3983.999522	     -1.00	   5968.60	   2807.64	      2.78	      1.84	     48.66	     32.13	42.29	 8.464e+01	    -10.91	0	Gaussian	9990000000.000000	9990000000.000000
82	1	1065.342836	5928.153066	     -1.00	   1933.11	   3059.10	      2.15	      1.59	     37.55	     27.90	-35.72	 9.715e+01	    -10.90	0	Gaussian	9990000000.000000	9990000000.000000
83	1	1062.377776	5154.791105	     -1.00	   3450.60	    843.16	      2.08	      1.84	     36.41	     32.12	-16.45	 6.143e+01	    -10.87	0	Gaussian	9990000000.000000	9990000000.000000
84	1	1061.599590	5249.736908	     -1.00	   3990.23	   3855.35	      2.23	      1.68	     39.02	     29.33	43.72	 6.322e+01	    -10.87	0	Gaussian	9990000000.000000	9990000000.000000
85	1	1057.545547	4414.580033	     -1.00	   1624.71	   1819.98	      2.24	      1.94	     39.16	     33.91	17.37	 5.947e+01	    -10.84	0	Gaussian	9990000000.000000	9990000000.000000
86	1	1060.521726	3438.492682	     -1.00	   2132.14	    703.32	      2.57	      2.12	     44.92	     37.16	39.99	 5.493e+01	    -10.82	0	Gaussian	9990000000.000000	9990000000.000000
87	1	1061.186646	4038.686289	     -1.00	   4812.51	   3817.23	      2.45	      1.88	     42.92	     32.93	39.97	 7.703e+01	    -10.81	0	Gaussian	9990000000.000000	9990000000.000000
88	1	1061.957345	4924.237903	     -1.00	   3791.81	   1954.58	      2.11	      1.77	     37.00	     30.90	66.65	 4.649e+01	    -10.80	0	Gaussian	9990000000.000000	9990000000.000000
89	1	1054.108853	3027.717888	     -1.00	   4906.66	   3820.69	      2.56	      2.34	     44.74	     40.96	3.08	 4.360e+01	    -10.78	0	Gaussian	9990000000.000000	9990000000.000000
90	1	1056.604872	3041.917689	     -1.00	   1257.62	    833.44	      2.48	      2.38	     43.37	     41.67	-46.30	 4.350e+01	    -10.77	0	Gaussian	9990000000.000000	9990000000.000000
91	1	1058.629337	3443.827926	     -1.00	   5420.02	   1548.33	      2.68	      1.90	     46.87	     33.24	9.37	 5.119e+01	    -10.74	0	Gaussian	9990000000.000000	9990000000.000000
92	1	1063.592184	4645.821535	     -1.00	   1327.83	   3786.93	      2.31	      1.61	     40.42	     28.12	42.16	 7.862e+01	    -10.73	0	Gaussian	9990000000.000000	9990000000.000000
93	1	1059.069267	3698.492099	     -1.00	    867.22	   2184.26	      2.32	      1.98	     40.58	     34.69	27.20	 6.097e+01	    -10.71	0	Gaussian	9990000000.000000	9990000000.000000
94	1	1057.547165	3035.857659	     -1.00	   2597.33	    345.59	      2.54	      2.19	     44.39	     38.28	77.55	 5.153e+01	    -10.70	0	Gaussian	9990000000.000000	9990000000.000000
95	1	1060.708317	4444.214080	     -1.00	   4212.78	   2681.27	      1.99	      1.90	     34.79	     33.34	23.20	 5.226e+01	    -10.70	0	Gaussian	9990000000.000000	9990000000.000000
96	1	1065.253700	4181.382048	     -1.00	   3369.73	   2896.31	      2.12	      1.89	     37.12	     33.08	-42.58	 4.226e+01	    -10.70	0	Gaussian	9990000000.000000	9990000000.000000
97	1	1071.307631	6209.280867	     -1.00	   3097.90	   1730.82	      1.96	      1.36	     34.29	     23.78	38.61	 7.154e+01	    -10.68	0	Gaussian	9990000000.000000	9990000000.000000
98	1	1059.317701	5318.103381	     -1.00	   4047.15	   3538.10	      2.11	      1.46	     36.98	     25.49	42.12	 5.222e+01	    -10.67	0	Gaussian	9990000000.000000	9990000000.000000
99	1	1062.181375	5133.884474	     -1.00	   2351.21	   3123.01	      2.11	      1.50	     36.98	     26.26	-22.92	 6.696e+01	    -10.66	0	Gaussian	9990000000.000000	9990000000.000000
100	1	1064.664945	6037.815958	     -1.00	   4401.81	   2106.81	      2.03	      1.32	     35.60	     23.14	47.01	 4.207e+01	    -10.66	0	Gaussian	9990000000.000000	9990000000.000000
101	1	1057.764091	2902.075293	     -1.00	   1545.72	   1513.65	      2.58	      2.15	     45.21	     37.60	11.85	 3.681e+01	    -10.65	0	Gaussian	9990000000.000000	9990000000.000000
102	1	1052.962822	2463.737104	     -1.00	   1389.52	    199.51	      2.77	      2.32	     48.45	     40.53	-24.58	 4.249e+01	    -10.63	0	Gaussian	9990000000.000000	9990000000.000000
103	1	1054.251885	2707.070626	     -1.00	   1574.56	    243.71	      2.61	      2.23	     45.75	     39.03	34.41	 4.206e+01	    -10.63	0	Gaussian	9990000000.000000	9990000000.000000
104	1	1076.761141	2264.464520	     -1.00	   2514.09	    627.15	      3.38	      2.06	     59.10	     36.06	62.53	 7.985e+01	    -10.63	0	Gaussian	9990000000.000000	9990000000.000000
105	1	1056.114345	3223.733779	     -1.00	   1837.73	   1200.21	      2.39	      2.04	     41.84	     35.70	26.96	 4.088e+01	    -10.63	0	Gaussian	9990000000.000000	9990000000.000000
106	1	1056.512871	2996.533669	     -1.00	   5087.29	   2418.93	      2.78	      1.87	     48.71	     32.66	17.04	 4.511e+01	    -10.62	0	Gaussian	9990000000.000000	9990000000.000000
107	1	1055.654514	2365.210966	     -1.00	   1669.20	    428.75	      2.55	      2.55	     44.60	     44.60	-68.79	 5.556e+01	    -10.60	0	Gaussian	9990000000.000000	9990000000.000000
108	1	1072.389509	5219.666564	     -1.00	   3736.83	   1717.30	      1.89	      1.55	     33.09	     27.18	-39.19	 7.014e+01	    -10.60	0	Gaussian	9990000000.000000	9990000000.000000
109	1	1065.814846	4137.477009	     -1.00	   2880.18	   1286.04	      2.09	      1.76	     36.56	     30.80	-24.87	 6.269e+01	    -10.59	0	Gaussian	9990000000.000000	9990000000.000000
110	1	1060.976038	2731.865427	     -1.00	   4771.63	    942.13	      2.67	      2.05	     46.75	     35.91	-18.07	 5.366e+01	    -10.57	0	Gaussian	9990000000.000000	9990000000.000000
111	1	1071.022194	4083.678445	     -1.00	   3033.27	   1400.33	      2.12	      1.73	     37.13	     30.22	50.08	 4.502e+01	    -10.57	0	Gaussian	9990000000.000000	9990000000.000000
112	1	1056.581576	3365.301800	     -1.00	   2144.24	   3921.59	      2.19	      2.02	     38.33	     35.44	-53.60	 4.507e+01	    -10.57	0	Gaussian	9990000000.000000	9990000000.000000
113	1	1059.041756	3168.396255	     -1.00	   2202.25	   1086.92	      2.43	      1.93	     42.50	     33.80	30.83	 5.440e+01	    -10.57	0	Gaussian	9990000000.000000	9990000000.000000
114	1	1065.123044	5227.383441	     -1.00	   2729.12	   2168.20	      1.97	      1.44	     34.50	     25.19	36.42	 5.839e+01	    -10.56	0	Gaussian	9990000000.000000	9990000000.000000
115	1	1061.656997	3798.494981	     -1.00	   2461.25	   1174.26	      2.22	      1.75	     38.88	     30.63	39.51	 3.975e+01	    -10.56	0	Gaussian	9990000000.000000	9990000000.000000
116	1	1066.362953	5989.372426	     -1.00	   3671.18	   2286.75	      1.81	      1.34	     31.74	     23.52	-47.15	 5.720e+01	    -10.55	0	Gaussian	9990000000.000000	9990000000.000000
117	1	1055.380801	2453.599939	     -1.00	   1947.51	    734.57	      2.68	      2.19	     46.96	     38.27	35.83	 2.970e+01	    -10.53	0	Gaussian	9990000000.000000	9990000000.000000
118	1	1056.678567	3615.966249	     -1.00	   3267.97	   3960.34	      1.99	      1.99	     34.83	     34.83	8.92	 6.595e+01	    -10.53	0	Gaussian	9990000000.000000	9990000000.000000
119	1	1074.636357	4206.199136	     -1.00	   3066.97	   2117.71	      2.04	      1.66	     35.75	     29.01	33.39	 1.101e+02	    -10.52	0	Gaussian	9990000000.000000	9990000000.000000
120	1	1057.447821	2709.989943	     -1.00	   5803.74	   1290.17	      2.62	      1.99	     45.81	     34.82	16.46	 5.295e+01	    -10.51	0	Gaussian	9990000000.000000	9990000000.000000
121	1	1060.493129	3302.682828	     -1.00	   4723.33	   1490.19	      2.25	      1.90	     39.34	     33.25	17.81	 4.405e+01	    -10.51	0	Gaussian	9990000000.000000	9990000000.000000
122	1	1055.429993	3427.683618	     -1.00	   2573.63	   3806.11	      2.12	      1.94	     37.05	     33.96	-24.54	 5.576e+01	    -10.51	0	Gaussian	9990000000.000000	9990000000.000000
123	1	1055.259075	3644.165232	     -1.00	   1771.96	   3058.00	      1.96	      1.96	     34.37	     34.37	69.04	 6.456e+01	    -10.50	0	Gaussian	9990000000.000000	9990000000.000000
124	1	1058.534555	2878.358476	     -1.00	   2314.04	    886.23	      2.26	      2.15	     39.62	     37.57	-10.97	 4.335e+01	    -10.50	0	Gaussian	9990000000.000000	9990000000.000000
125	1	1054.109027	3435.049406	     -1.00	   2695.08	   3553.72	      2.13	      1.89	     37.31	     33.03	45.66	 5.670e+01	    -10.49	0	Gaussian	9990000000.000000	9990000000.000000
126	1	1058.224132	2568.541120	     -1.00	   1488.43	   2670.66	      2.47	      2.11	     43.27	     36.99	-1.83	 5.168e+01	    -10.45	0	Gaussian	9990000000.000000	9990000000.000000
127	1	1054.470999	3433.335813	     -1.00	   1296.04	   3368.07	      1.97	      1.97	     34.48	     34.48	77.97	 6.924e+01	    -10.45	0	Gaussian	9990000000.000000	9990000000.000000
128	1	1053.781247	2264.309306	     -1.00	   5260.72	   1165.77	      2.78	      2.11	     48.73	     36.85	6.87	 3.579e+01	    -10.44	0	Gaussian	9990000000.000000	9990000000.000000
129	1	1057.613943	3446.962619	     -1.00	   1514.31	   2085.78	      2.08	      1.83	     36.44	     32.11	-38.87	 4.503e+01	    -10.43	0	Gaussian	9990000000.000000	9990000000.000000
130	1	1055.025491	3549.038727	     -1.00	   2333.04	   3877.05	      1.92	      1.92	     33.64	     33.64	19.79	 6.545e+01	    -10.43	0	Gaussian	9990000000.000000	9990000000.000000
131	1	1041.287223	2575.244232	     -1.00	     83.43	   3836.58	      2.74	      1.86	     47.93	     32.51	-51.80	 5.314e+01	    -10.43	0	Gaussian	9990000000.000000	9990000000.000000
132	1	1062.071442	2773.449774	     -1.00	   2924.12	    916.44	      2.27	      2.07	     39.78	     36.28	72.77	 4.740e+01	    -10.43	0	Gaussian	9990000000.000000	9990000000.000000
133	1	1063.822917	4765.184312	     -1.00	   3719.85	   1258.97	      2.00	      1.37	     35.09	     23.93	43.57	 5.987e+01	    -10.43	0	Gaussian	9990000000.000000	9990000000.000000
134	1	1057.032550	2620.427892	     -1.00	   5237.93	   2107.39	      2.75	      1.81	     48.05	     31.70	14.40	 3.940e+01	    -10.42	0	Gaussian	9990000000.000000	9990000000.000000
135	1	1057.290472	3331.652137	     -1.00	   4387.24	   3123.98	      2.27	      1.72	     39.65	     30.14	35.60	 4.901e+01	    -10.42	0	Gaussian	9990000000.000000	9990000000.000000
136	1	1062.178886	3578.973722	     -1.00	   3504.81	    948.05	      2.18	      1.67	     38.11	     29.17	45.91	 6.028e+01	    -10.42	0	Gaussian	9990000000.000000	9990000000.000000
137	1	1065.107302	3140.729184	     -1.00	   4618.39	   2087.05	      2.18	      1.87	     38.11	     32.71	12.24	 5.465e+01	    -10.40	0	Gaussian	9990000000.000000	9990000000.000000
138	1	1062.002699	4396.037078	     -1.00	   3809.02	   2932.85	      1.98	      1.47	     34.68	     25.66	-49.95	 5.976e+01	    -10.40	0	Gaussian	9990000000.000000	9990000000.000000
139	1	1061.489427	3532.964489	     -1.00	   2162.06	   1920.10	      2.13	      1.69	     37.24	     29.62	-26.70	 5.044e+01	    -10.40	0	Gaussian	9990000000.000000	9990000000.000000
140	1	1061.540867	3578.395605	     -1.00	    652.32	   2961.79	      2.15	      1.64	     37.67	     28.64	-50.22	 6.996e+01	    -10.39	0	Gaussian	9990000000.000000	9990000000.000000
141	1	1051.834008	2289.346900	     -1.00	   1027.07	    683.65	      2.36	      2.33	     41.26	     40.87	0.49	 5.083e+01	    -10.39	0	Gaussian	9990000000.000000	9990000000.000000
142	1	1064.893009	4018.228142	     -1.00	   2863.26	   2766.05	      1.77	      1.77	     30.99	     30.99	-76.14	 7.681e+01	    -10.39	0	Gaussian	9990000000.000000	9990000000.000000
143	1	1055.693195	2313.702934	     -1.00	   1907.49	   2946.27	      2.47	      2.20	     43.24	     38.53	-17.59	 2.682e+01	    -10.39	0	Gaussian	9990000000.000000	9990000000.000000
144	1	1058.237223	3436.260454	     -1.00	   4419.83	   2189.15	      2.21	      1.65	     38.61	     28.86	32.84	 5.799e+01	    -10.38	0	Gaussian	9990000000.000000	9990000000.000000
145	1	1061.724038	3740.554424	     -1.00	   3070.01	   1749.21	      2.08	      1.59	     36.42	     27.87	43.43	 5.621e+01	    -10.37	0	Gaussian	9990000000.000000	9990000000.000000
146	1	1056.299061	2191.892696	     -1.00	   1889.01	   1020.62	      2.53	      2.24	     44.21	     39.12	30.80	 2.986e+01	    -10.37	0	Gaussian	9990000000.000000	9990000000.000000
147	1	1052.867935	1944.255868	     -1.00	   4523.27	    211.51	      2.68	      2.35	     46.94	     41.18	-1.95	 2.600e+01	    -10.36	0	Gaussian	9990000000.000000	9990000000.000000
148	1	1055.880595	2390.579054	     -1.00	   1964.81	   3033.46	      2.40	      2.13	     41.94	     37.32	-29.10	 2.765e+01	    -10.35	0	Gaussian	9990000000.000000	9990000000.000000
149	1	1054.317545	2541.114491	     -1.00	   3420.35	   2198.56	      2.30	      2.09	     40.17	     36.65	14.54	 4.359e+01	    -10.35	0	Gaussian	9990000000.000000	9990000000.000000
150	1	1062.364535	3875.142479	     -1.00	   3916.81	   2979.65	      2.06	      1.53	     36.07	     26.74	44.84	 3.719e+01	    -10.35	0	Gaussian	9990000000.000000	9990000000.000000
151	1	1054.263391	2717.759084	     -1.00	    521.73	   3598.35	      2.36	      1.88	     41.24	     32.96	-51.58	 5.236e+01	    -10.34	0	Gaussian	9990000000.000000	9990000000.000000
152	1	1057.082006	2557.184603	     -1.00	   3411.01	    394.58	      2.38	      1.97	     41.57	     34.49	82.52	 4.207e+01	    -10.33	0	Gaussian	9990000000.000000	9990000000.000000
153	1	1063.227612	2945.478451	     -1.00	   2835.21	    816.83	      2.07	      1.95	     36.26	     34.10	-71.74	 5.945e+01	    -10.32	0	Gaussian	9990000000.000000	9990000000.000000
154	1	1068.238891	2373.064371	     -1.00	   4397.56	   2913.71	      2.34	      2.14	     40.90	     37.47	22.14	 7.901e+01	    -10.32	0	Gaussian	9990000000.000000	9990000000.000000
155	1	1060.740453	3879.534782	     -1.00	   2891.93	   2872.19	      1.75	      1.75	     30.55	     30.55	75.47	 8.093e+01	    -10.32	0	Gaussian	9990000000.000000	9990000000.000000
156	1	1063.727436	3119.412004	     -1.00	   2875.05	   2048.60	      2.05	      1.83	     35.96	     32.01	-20.06	 5.282e+01	    -10.31	0	Gaussian	9990000000.000000	9990000000.000000
157	1	1059.265435	2369.208471	     -1.00	   2990.45	   1316.50	      2.35	      2.10	     41.08	     36.73	17.07	 4.123e+01	    -10.30	0	Gaussian	9990000000.000000	9990000000.000000
158	1	1053.083949	2162.348991	     -1.00	   1324.30	   1133.10	      2.52	      2.13	     44.16	     37.36	33.62	 3.583e+01	    -10.30	0	Gaussian	9990000000.000000	9990000000.000000
159	1	1053.257780	2040.048619	     -1.00	    921.13	   1049.38	      2.49	      2.30	     43.51	     40.18	-30.85	 4.692e+01	    -10.30	0	Gaussian	9990000000.000000	9990000000.000000
160	1	1060.106857	2403.723740	     -1.00	   1583.77	   1190.64	      2.41	      2.00	     42.21	     34.98	37.20	 3.343e+01	    -10.30	0	Gaussian	9990000000.000000	9990000000.000000
161	1	1058.242539	2712.655258	     -1.00	   2419.08	   3538.58	      2.16	      1.96	     37.81	     34.22	-61.01	 4.207e+01	    -10.28	0	Gaussian	9990000000.000000	9990000000.000000
162	1	1061.867772	3896.931944	     -1.00	   4427.17	   2700.17	      2.08	      1.42	     36.32	     24.79	43.70	 3.458e+01	    -10.28	0	Gaussian	9990000000.000000	9990000000.000000
163	1	1052.107972	1826.587782	     -1.00	   1788.72	     92.69	      2.53	      2.46	     44.28	     42.99	0.52	 2.812e+01	    -10.27	0	Gaussian	9990000000.000000	9990000000.000000
164	1	1055.078635	1997.308913	     -1.00	   1257.54	   1861.29	      2.61	      2.17	     45.70	     37.93	3.35	 3.125e+01	    -10.27	0	Gaussian	9990000000.000000	9990000000.000000
165	1	1055.520497	2511.668656	     -1.00	   1661.05	   1606.26	      2.32	      1.93	     40.59	     33.77	42.19	 3.237e+01	    -10.26	0	Gaussian	9990000000.000000	9990000000.000000
166	1	1064.003492	3647.514198	     -1.00	   2921.93	   1429.05	      2.08	      1.48	     36.36	     25.94	35.13	 4.221e+01	    -10.26	0	Gaussian	9990000000.000000	9990000000.000000
167	1	1064.287873	1857.112603	     -1.00	   4588.38	   3352.15	      2.55	      2.36	     44.69	     41.32	33.14	 7.909e+01	    -10.26	0	Gaussian	9990000000.000000	9990000000.000000
168	1	1056.464423	2352.445413	     -1.00	   5075.41	   2324.13	      2.42	      1.95	     42.43	     34.11	35.64	 3.730e+01	    -10.25	0	Gaussian	9990000000.000000	9990000000.000000
169	1	1049.117629	1821.000747	     -1.00	   1611.12	    298.88	      2.58	      2.35	     45.24	     41.18	-21.94	 2.436e+01	    -10.25	0	Gaussian	9990000000.000000	9990000000.000000
170	1	1065.778539	3271.676053	     -1.00	   2770.21	   1917.89	      1.83	      1.83	     32.07	     32.07	78.24	 5.573e+01	    -10.24	0	Gaussian	9990000000.000000	9990000000.000000
171	1	1055.939099	2059.636650	     -1.00	   4654.74	   1654.71	      2.65	      2.00	     46.44	     34.94	2.00	 4.859e+01	    -10.23	0	Gaussian	9990000000.000000	9990000000.000000
172	1	1064.666074	4086.303447	     -1.00	   3254.35	   2727.11	      1.84	      1.45	     32.19	     25.39	25.75	 5.688e+01	    -10.23	0	Gaussian	9990000000.000000	9990000000.000000
173	1	1054.124007	2277.728912	     -1.00	   5363.60	   1989.43	      2.74	      1.74	     47.93	     30.53	10.87	 3.701e+01	    -10.23	0	Gaussian	9990000000.000000	9990000000.000000
174	1	1052.960939	1818.147728	     -1.00	   4753.68	   3460.04	      2.44	      2.44	     42.71	     42.71	77.37	 3.312e+01	    -10.22	0	Gaussian	9990000000.000000	9990000000.000000
175	1	1050.281366	1765.650421	     -1.00	   1190.13	   1213.84	      2.72	      2.24	     47.66	     39.22	11.77	 2.263e+01	    -10.22	0	Gaussian	9990000000.000000	9990000000.000000
176	1	1053.075300	1768.874015	     -1.00	   3597.75	    414.78	      2.47	      2.47	     43.17	     43.17	17.06	 2.801e+01	    -10.22	0	Gaussian	9990000000.000000	9990000000.000000
177	1	1066.331897	2709.071420	     -1.00	   3055.67	    943.01	      2.20	      1.80	     38.54	     31.55	42.06	 6.143e+01	    -10.21	0	Gaussian	9990000000.000000	9990000000.000000
178	1	1058.234013	2276.681472	     -1.00	   2410.88	    669.71	      2.31	      2.04	     40.49	     35.66	48.05	 4.601e+01	    -10.21	0	Gaussian	9990000000.000000	9990000000.000000
179	1	1058.418700	2566.218317	     -1.00	    529.25	    958.18	      2.16	      1.92	     37.89	     33.55	42.26	 5.016e+01	    -10.20	0	Gaussian	9990000000.000000	9990000000.000000
180	1	1052.495196	2047.930582	     -1.00	   1294.20	   2270.76	      2.59	      2.00	     45.33	     35.02	3.80	 5.029e+01	    -10.20	0	Gaussian	9990000000.000000	9990000000.000000
181	1	1057.699487	2458.454026	     -1.00	   4963.96	   2716.83	      2.51	      1.72	     43.90	     30.12	37.67	 3.566e+01	    -10.20	0	Gaussian	9990000000.000000	9990000000.000000
182	1	1050.971049	2363.810997	     -1.00	    554.42	    931.96	      2.34	      1.89	     41.01	     33.16	-37.99	 4.714e+01	    -10.19	0	Gaussian	9990000000.000000	9990000000.000000
183	1	1053.741134	2254.367766	     -1.00	   4096.48	   2926.81	      2.17	      2.15	     37.91	     37.59	25.03	 4.271e+01	    -10.19	0	Gaussian	9990000000.000000	9990000000.000000
184	1	1056.867853	2648.245728	     -1.00	   2072.85	   3675.40	      2.18	      1.81	     38.24	     31.63	-48.93	 4.176e+01	    -10.18	0	Gaussian	9990000000.000000	9990000000.000000
185	1	1054.763089	1547.273836	     -1.00	   5177.10	   1076.49	      2.82	      2.40	     49.30	     41.97	-7.69	 2.629e+01	    -10.18	0	Gaussian	9990000000.000000	9990000000.000000
186	1	1059.116065	3540.956601	     -1.00	   3542.03	   1953.97	      1.71	      1.71	     30.00	     30.00	42.57	 6.885e+01	    -10.18	0	Gaussian	9990000000.000000	9990000000.000000
187	1	1056.139899	2064.941212	     -1.00	   3689.18	    499.14	      2.36	      2.09	     41.35	     36.63	-68.32	 3.839e+01	    -10.16	0	Gaussian	9990000000.000000	9990000000.000000
188	1	1058.487252	4089.336908	     -1.00	   4193.81	   2162.82	      1.98	      1.26	     34.59	     22.09	48.17	 2.651e+01	    -10.16	0	Gaussian	9990000000.000000	9990000000.000000
189	1	1056.059043	2348.486465	     -1.00	   1444.66	   3361.05	      2.19	      1.97	     38.37	     34.44	-27.94	 4.007e+01	    -10.15	0	Gaussian	9990000000.000000	9990000000.000000
190	1	1057.403485	3707.998273	     -1.00	   3864.15	   2747.85	      1.64	      1.64	     28.76	     28.76	50.86	 6.818e+01	    -10.14	0	Gaussian	9990000000.000000	9990000000.000000
191	1	1052.825539	1678.732828	     -1.00	   1794.59	    495.44	      2.78	      2.15	     48.58	     37.61	45.10	 2.690e+01	    -10.14	0	Gaussian	9990000000.000000	9990000000.000000
192	1	1049.470425	1787.348831	     -1.00	   4233.88	   3834.10	      2.36	      2.36	     41.34	     41.34	-29.12	 3.255e+01	    -10.13	0	Gaussian	9990000000.000000	9990000000.000000
193	1	1051.260705	1773.071465	     -1.00	   3970.59	   3926.66	      2.49	      2.26	     43.51	     39.57	49.21	 3.366e+01	    -10.13	0	Gaussian	9990000000.000000	9990000000.000000
194	1	1056.114609	2148.762301	     -1.00	    272.91	   1613.72	      2.22	      2.09	     38.77	     36.58	12.76	 5.623e+01	    -10.13	0	Gaussian	9990000000.000000	9990000000.000000
195	1	1056.189880	2005.573706	     -1.00	   3715.42	   3073.54	      2.27	      2.17	     39.65	     37.95	-57.24	 3.535e+01	    -10.12	0	Gaussian	9990000000.000000	9990000000.000000
196	1	1056.471005	2044.887727	     -1.00	   1587.42	   1608.04	      2.43	      1.97	     42.51	     34.51	27.00	 3.422e+01	    -10.11	0	Gaussian	9990000000.000000	9990000000.000000
197	1	1059.028357	2054.472331	     -1.00	   4010.10	    703.45	      2.22	      2.14	     38.86	     37.37	-72.67	 3.612e+01	    -10.11	0	Gaussian	9990000000.000000	9990000000.000000
198	1	1061.155178	2424.358792	     -1.00	   2157.90	   1156.85	      2.23	      1.80	     39.03	     31.52	41.21	 3.932e+01	    -10.11	0	Gaussian	9990000000.000000	9990000000.000000
199	1	1053.782045	1913.404976	     -1.00	   5759.00	   3057.59	      2.62	      1.93	     45.80	     33.84	33.15	 4.269e+01	    -10.10	0	Gaussian	9990000000.000000	9990000000.000000
200	1	1061.892478	1949.405234	     -1.00	   3140.33	   1371.75	      2.75	      1.80	     48.19	     31.49	22.80	 2.893e+01	    -10.10	0	Gaussian	9990000000.000000	9990000000.000000
201	1	1056.489810	1941.179702	     -1.00	   2856.23	    848.75	      2.46	      2.01	     43.11	     35.21	25.46	 4.028e+01	    -10.09	0	Gaussian	9990000000.000000	9990000000.000000
202	1	1052.401696	1867.849517	     -1.00	   1360.98	   2218.79	      2.27	      2.27	     39.69	     39.69	-81.51	 2.950e+01	    -10.09	0	Gaussian	9990000000.000000	9990000000.000000
203	1	1055.023738	2652.160881	     -1.00	   3260.29	   3529.96	      2.09	      1.72	     36.57	     30.15	-26.22	 4.061e+01	    -10.09	0	Gaussian	9990000000.000000	9990000000.000000
204	1	1062.491930	3385.946389	     -1.00	   3207.10	   3392.01	      2.00	      1.41	     34.99	     24.66	40.08	 4.312e+01	    -10.08	0	Gaussian	9990000000.000000	9990000000.000000
205	1	1056.519712	2112.171730	     -1.00	   2083.12	   1500.64	      2.22	      2.03	     38.80	     35.50	8.00	 3.085e+01	    -10.08	0	Gaussian	9990000000.000000	9990000000.000000
206	1	1051.752702	2182.693887	     -1.00	   1378.50	   3567.92	      2.15	      2.02	     37.57	     35.36	20.01	 4.287e+01	    -10.08	0	Gaussian	9990000000.000000	9990000000.000000
207	1	1064.418791	3481.206940	     -1.00	   3234.27	   1619.84	      1.83	      1.48	     32.02	     25.87	-32.58	 4.468e+01	    -10.07	0	Gaussian	9990000000.000000	9990000000.000000
208	1	1055.889798	1537.533113	     -1.00	   4394.61	    608.63	      2.59	      2.36	     45.41	     41.22	-8.67	 2.882e+01	    -10.07	0	Gaussian	9990000000.000000	9990000000.000000
209	1	1064.059344	2014.038194	     -1.00	   2295.74	    780.63	      2.40	      1.94	     42.04	     33.96	48.03	 3.802e+01	    -10.07	0	Gaussian	9990000000.000000	9990000000.000000
210	1	1056.502541	2489.223626	     -1.00	   2554.99	   3131.79	      1.94	      1.94	     33.97	     33.97	88.49	 4.872e+01	    -10.07	0	Gaussian	9990000000.000000	9990000000.000000
211	1	1054.252113	1705.216749	     -1.00	   5314.97	   1849.97	      2.34	      2.34	     40.93	     40.93	-62.40	 3.608e+01	    -10.06	0	Gaussian	9990000000.000000	9990000000.000000
212	1	1058.045298	2614.166663	     -1.00	   3790.81	   3681.62	      2.17	      1.64	     37.97	     28.71	46.69	 3.494e+01	    -10.06	0	Gaussian	9990000000.000000	9990000000.000000
213	1	1061.345154	3977.840867	     -1.00	   3584.77	   2719.18	      1.83	      1.28	     31.98	     22.34	-37.50	 3.594e+01	    -10.05	0	Gaussian	9990000000.000000	9990000000.000000
214	1	1057.400706	3086.286732	     -1.00	   3176.07	   3506.02	      2.03	      1.48	     35.59	     25.84	-37.41	 4.018e+01	    -10.05	0	Gaussian	9990000000.000000	9990000000.000000
215	1	1050.107659	1692.192097	     -1.00	   1312.01	    424.69	      2.34	      2.34	     40.91	     40.91	81.08	 3.540e+01	    -10.05	0	Gaussian	9990000000.000000	9990000000.000000
216	1	1057.006708	1962.444148	     -1.00	   3216.48	    936.16	      2.22	      2.12	     38.87	     37.03	-88.83	 4.530e+01	    -10.05	0	Gaussian	9990000000.000000	9990000000.000000
217	1	1055.418381	1737.285284	     -1.00	   5520.71	   3236.14	      2.48	      2.13	     43.46	     37.20	21.53	 3.539e+01	    -10.04	0	Gaussian	9990000000.000000	9990000000.000000
218	1	1042.870281	1863.522622	     -1.00	    580.45	     89.98	      2.39	      2.04	     41.87	     35.78	-19.31	 3.413e+01	    -10.03	0	Gaussian	9990000000.000000	9990000000.000000
219	1	1053.044794	2063.196782	     -1.00	    733.25	    737.05	      2.46	      1.76	     43.06	     30.82	-41.06	 4.116e+01	    -10.01	0	Gaussian	9990000000.000000	9990000000.000000
220	1	1055.544094	2272.477782	     -1.00	    535.30	    464.75	      2.26	      1.74	     39.49	     30.48	-39.50	 4.162e+01	    -10.01	0	Gaussian	9990000000.000000	9990000000.000000
221	1	1050.013294	2537.082787	     -1.00	    645.81	   3624.16	      2.19	      1.61	     38.31	     28.12	-50.25	 4.367e+01	    -10.01	0	Gaussian	9990000000.000000	9990000000.000000
222	1	1057.413321	1748.726375	     -1.00	   3837.39	   1428.70	      2.53	      2.00	     44.33	     35.09	50.14	 2.350e+01	    -10.01	0	Gaussian	9990000000.000000	9990000000.000000
223	1	1057.746048	2677.835902	     -1.00	   3480.65	   3193.93	      2.05	      1.61	     35.83	     28.13	24.54	 4.049e+01	    -10.00	0	Gaussian	9990000000.000000	9990000000.000000
224	1	1056.129186	1419.698423	     -1.00	   4708.07	   2953.65	      2.78	      2.23	     48.64	     39.03	27.08	 2.486e+01	    -10.00	0	Gaussian	9990000000.000000	9990000000.000000
225	1	1055.328938	1510.457272	     -1.00	   1532.31	   1466.69	      2.61	      2.23	     45.61	     39.08	25.38	 3.517e+01	    -10.00	0	Gaussian	9990000000.000000	9990000000.000000
226	1	1057.289119	1541.571207	     -1.00	   4288.91	    765.57	      2.56	      2.22	     44.88	     38.86	-26.18	 2.929e+01	     -9.99	0	Gaussian	9990000000.000000	9990000000.000000
227	1	1050.167968	1736.228892	     -1.00	   5541.36	   1663.02	      2.74	      1.84	     47.94	     32.21	12.05	 2.542e+01	     -9.99	0	Gaussian	9990000000.000000	9990000000.000000
228	1	1052.310020	1941.074755	     -1.00	   2037.02	   2978.69	      2.28	      1.97	     39.96	     34.44	-45.29	 2.639e+01	     -9.99	0	Gaussian	9990000000.000000	9990000000.000000
229	1	1049.218213	1629.155058	     -1.00	   1145.48	   2731.58	      2.59	      2.06	     45.38	     36.07	0.77	 3.117e+01	     -9.99	0	Gaussian	9990000000.000000	9990000000.000000
230	1	1049.751235	1623.752634	     -1.00	    971.61	    697.07	      2.41	      2.22	     42.21	     38.79	-43.83	 3.105e+01	     -9.98	0	Gaussian	9990000000.000000	9990000000.000000
231	1	1052.692923	1542.562807	     -1.00	   1330.66	    475.67	      2.55	      2.20	     44.70	     38.49	44.77	 2.628e+01	     -9.98	0	Gaussian	9990000000.000000	9990000000.000000
232	1	1051.400672	1459.039546	     -1.00	   5326.24	   3751.83	      2.59	      2.29	     45.33	     40.10	47.03	 2.608e+01	     -9.98	0	Gaussian	9990000000.000000	9990000000.000000
233	1	1062.693360	2725.408666	     -1.00	   2963.05	   2281.08	      2.10	      1.51	     36.68	     26.45	-33.44	 3.544e+01	     -9.98	0	Gaussian	9990000000.000000	9990000000.000000
234	1	1055.310062	2289.937938	     -1.00	    759.99	   3496.96	      2.30	      1.64	     40.29	     28.63	34.87	 3.779e+01	     -9.97	0	Gaussian	9990000000.000000	9990000000.000000
235	1	1047.097292	1509.160586	     -1.00	   1323.95	   3135.47	      2.50	      2.25	     43.76	     39.43	-18.55	 2.395e+01	     -9.96	0	Gaussian	9990000000.000000	9990000000.000000
236	1	1055.997477	1769.955318	     -1.00	   4231.23	   2365.37	      2.20	      2.18	     38.46	     38.22	79.02	 3.091e+01	     -9.96	0	Gaussian	9990000000.000000	9990000000.000000
237	1	1055.776239	2305.860566	     -1.00	   2067.20	   2886.88	      1.91	      1.91	     33.51	     33.51	55.10	 4.070e+01	     -9.95	0	Gaussian	9990000000.000000	9990000000.000000
238	1	1058.144627	2063.591181	     -1.00	   2002.95	   1736.11	      2.27	      1.79	     39.76	     31.35	34.69	 3.129e+01	     -9.95	0	Gaussian	9990000000.000000	9990000000.000000
239	1	1048.126610	1430.490634	     -1.00	    940.67	   3623.77	      2.50	      2.34	     43.75	     40.92	19.02	 2.833e+01	     -9.94	0	Gaussian	9990000000.000000	9990000000.000000
240	1	1059.874880	1657.463666	     -1.00	   2371.22	   1034.59	      2.40	      2.10	     42.08	     36.71	46.53	 2.178e+01	     -9.94	0	Gaussian	9990000000.000000	9990000000.000000
241	1	1059.327425	3383.375449	     -1.00	   4331.24	   2528.20	      1.89	      1.30	     33.15	     22.82	42.78	 3.080e+01	     -9.94	0	Gaussian	9990000000.000000	9990000000.000000
242	1	1061.254971	2208.926159	     -1.00	   3398.96	   2593.45	      2.01	      1.88	     35.13	     32.83	-52.44	 3.823e+01	     -9.94	0	Gaussian	9990000000.000000	9990000000.000000
243	1	1064.872049	2057.808095	     -1.00	   2647.21	   1739.14	      2.01	      2.01	     35.15	     35.15	87.85	 4.721e+01	     -9.93	0	Gaussian	9990000000.000000	9990000000.000000
244	1	1056.370001	1859.038746	     -1.00	   2750.78	   2640.73	      2.33	      1.91	     40.77	     33.48	-15.25	 3.117e+01	     -9.93	0	Gaussian	9990000000.000000	9990000000.000000
245	1	1058.327741	2622.592008	     -1.00	   4256.74	   2381.96	      2.11	      1.49	     36.88	     26.14	38.69	 4.030e+01	     -9.93	0	Gaussian	9990000000.000000	9990000000.000000
246	1	1053.249926	1707.467613	     -1.00	   4636.18	    766.10	      2.37	      2.04	     41.51	     35.66	-25.10	 2.729e+01	     -9.93	0	Gaussian	9990000000.000000	9990000000.000000
247	1	1056.085615	1391.443411	     -1.00	   4669.59	   2907.49	      2.43	      2.43	     42.60	     42.60	-64.39	 3.324e+01	     -9.93	0	Gaussian	9990000000.000000	9990000000.000000
248	1	1059.919297	2047.877687	     -1.00	   2361.46	   1770.02	      2.17	      1.85	     38.01	     32.39	13.16	 3.444e+01	     -9.92	0	Gaussian	9990000000.000000	9990000000.000000
249	1	1052.676549	1359.368880	     -1.00	   5046.79	   2269.50	      2.46	      2.46	     43.02	     43.02	81.67	 2.972e+01	     -9.92	0	Gaussian	9990000000.000000	9990000000.000000
250	1	1051.715939	1224.223895	     -1.00	   3783.61	     41.67	      2.67	      2.51	     46.79	     43.89	-68.37	 2.234e+01	     -9.92	0	Gaussian	9990000000.000000	9990000000.000000
251	1	1057.124800	1919.613946	     -1.00	   3206.23	    513.78	      2.14	      2.00	     37.44	     34.92	-66.84	 4.104e+01	     -9.92	0	Gaussian	9990000000.000000	9990000000.000000
252	1	1053.502497	2325.701078	     -1.00	   3136.50	   3321.99	      2.11	      1.66	     36.94	     29.09	-4.60	 3.554e+01	     -9.91	0	Gaussian	9990000000.000000	9990000000.000000
253	1	1056.169255	2134.197948	     -1.00	   3750.68	   3929.70	      2.31	      1.65	     40.35	     28.96	39.57	 2.680e+01	     -9.91	0	Gaussian	9990000000.000000	9990000000.000000
254	1	1057.485987	2387.870739	     -1.00	   5012.25	   3841.24	      2.30	      1.48	     40.25	     25.89	44.05	 3.446e+01	     -9.91	0	Gaussian	9990000000.000000	9990000000.000000
255	1	1051.787902	1561.053540	     -1.00	   5646.58	   1418.59	      2.76	      1.88	     48.25	     32.89	10.18	 2.768e+01	     -9.91	0	Gaussian	9990000000.000000	9990000000.000000
256	1	1056.400121	1722.815857	     -1.00	   2941.80	   1157.42	      2.27	      2.07	     39.71	     36.17	36.23	 3.116e+01	     -9.90	0	Gaussian	9990000000.000000	9990000000.000000
257	1	1056.004050	2409.221348	     -1.00	   4212.61	   2567.86	      2.00	      1.67	     35.07	     29.16	34.07	 3.602e+01	     -9.90	0	Gaussian	9990000000.000000	9990000000.000000
258	1	1059.379024	2281.269574	     -1.00	   4293.83	   1832.67	      2.10	      1.67	     36.76	     29.25	52.02	 3.432e+01	     -9.89	0	Gaussian	9990000000.000000	9990000000.000000
259	1	1058.328830	1715.892973	     -1.00	   2697.76	   1559.81	      2.36	      1.97	     41.39	     34.46	-7.24	 2.629e+01	     -9.89	0	Gaussian	9990000000.000000	9990000000.000000
260	1	1046.377933	1692.813987	     -1.00	    953.00	    138.27	      2.35	      2.00	     41.17	     35.07	18.61	 2.788e+01	     -9.89	0	Gaussian	9990000000.000000	9990000000.000000
261	1	1052.991468	1674.920392	     -1.00	   5021.85	   3269.07	      2.54	      1.88	     44.39	     32.85	42.61	 2.836e+01	     -9.89	0	Gaussian	9990000000.000000	9990000000.000000
262	1	1063.611267	2605.209685	     -1.00	   4327.20	   2720.32	      2.10	      1.46	     36.69	     25.51	44.93	 3.204e+01	     -9.89	0	Gaussian	9990000000.000000	9990000000.000000
263	1	1052.748615	1858.428814	     -1.00	   1144.89	   2897.02	      2.25	      1.90	     39.39	     33.27	-40.01	 3.200e+01	     -9.89	0	Gaussian	9990000000.000000	9990000000.000000
264	1	1055.349102	1672.517764	     -1.00	   4526.45	   1785.23	      2.37	      2.01	     41.43	     35.13	29.09	 2.334e+01	     -9.89	0	Gaussian	9990000000.000000	9990000000.000000
265	1	1060.167014	2490.251638	     -1.00	   3537.10	   1794.61	      1.78	      1.78	     31.15	     31.15	15.03	 4.424e+01	     -9.88	0	Gaussian	9990000000.000000	9990000000.000000
266	1	1053.639048	1558.348285	     -1.00	   1588.41	   1461.06	      2.51	      2.01	     44.00	     35.23	28.45	 2.598e+01	     -9.88	0	Gaussian	9990000000.000000	9990000000.000000
267	1	1046.452725	1452.643977	     -1.00	    481.81	   3065.10	      2.48	      2.18	     43.46	     38.15	3.95	 2.657e+01	     -9.87	0	Gaussian	9990000000.000000	9990000000.000000
268	1	1053.952487	1541.516500	     -1.00	   2921.86	     36.69	      2.48	      2.06	     43.35	     36.00	88.13	 2.605e+01	     -9.87	0	Gaussian	9990000000.000000	9990000000.000000
269	1	1063.580368	3172.716996	     -1.00	   3165.12	   2052.09	      1.90	      1.29	     33.31	     22.64	39.91	 2.948e+01	     -9.87	0	Gaussian	9990000000.000000	9990000000.000000
270	1	1050.579771	1177.015713	     -1.00	   2008.03	    348.27	      2.78	      2.38	     48.72	     41.65	49.95	 1.978e+01	     -9.87	0	Gaussian	9990000000.000000	9990000000.000000
271	1	1049.668219	1505.801211	     -1.00	    697.21	    980.64	      2.38	      2.17	     41.70	     37.91	-41.20	 2.719e+01	     -9.86	0	Gaussian	9990000000.000000	9990000000.000000
272	1	1051.636925	1356.722257	     -1.00	   2221.84	    550.45	      2.56	      2.22	     44.82	     38.87	49.66	 2.113e+01	     -9.85	0	Gaussian	9990000000.000000	9990000000.000000
273	1	1062.028699	2268.390746	     -1.00	   3770.11	   2889.55	      1.97	      1.72	     34.54	     30.12	-75.13	 4.056e+01	     -9.85	0	Gaussian	9990000000.000000	9990000000.000000
274	1	1037.086984	1319.023013	     -1.00	    620.53	     22.89	      2.68	      2.17	     46.98	     38.05	-5.49	 2.581e+01	     -9.85	0	Gaussian	9990000000.000000	9990000000.000000
275	1	1061.679508	2814.384709	     -1.00	   2611.98	   3034.10	      2.03	      1.35	     35.51	     23.60	-38.89	 3.793e+01	     -9.85	0	Gaussian	9990000000.000000	9990000000.000000
276	1	1055.361332	1892.020237	     -1.00	   1738.83	   3495.91	      2.30	      1.75	     40.21	     30.72	35.56	 3.751e+01	     -9.84	0	Gaussian	9990000000.000000	9990000000.000000
277	1	1058.194936	1989.503935	     -1.00	   3490.19	   1923.51	      2.16	      1.77	     37.80	     31.05	60.67	 2.485e+01	     -9.84	0	Gaussian	9990000000.000000	9990000000.000000
278	1	1056.830533	1363.868224	     -1.00	   2273.73	    743.27	      2.41	      2.31	     42.23	     40.46	51.41	 2.923e+01	     -9.84	0	Gaussian	9990000000.000000	9990000000.000000
279	1	1057.051656	547.569872	     -1.00	   1562.33	    987.09	      5.62	      2.47	     98.32	     43.28	-31.69	 5.077e+01	     -9.84	0	Gaussian	9990000000.000000	9990000000.000000
280	1	1053.536174	1727.842549	     -1.00	    969.06	   2494.70	      2.31	      1.91	     40.36	     33.41	-11.88	 2.821e+01	     -9.84	0	Gaussian	9990000000.000000	9990000000.000000
281	1	1068.120277	2333.772069	     -1.00	   3179.74	   1915.01	      2.04	      1.60	     35.67	     27.98	27.34	 5.226e+01	     -9.84	0	Gaussian	9990000000.000000	9990000000.000000
282	1	1050.550048	1403.690053	     -1.00	   5345.41	   3305.07	      2.61	      2.07	     45.69	     36.26	9.89	 2.337e+01	     -9.84	0	Gaussian	9990000000.000000	9990000000.000000
283	1	1061.831475	2777.464539	     -1.00	   2914.30	   2577.87	      1.90	      1.44	     33.23	     25.12	-26.50	 3.604e+01	     -9.83	0	Gaussian	9990000000.000000	9990000000.000000
284	1	1065.038840	2891.218330	     -1.00	   3192.28	   1565.85	      1.83	      1.42	     32.10	     24.90	-34.98	 3.713e+01	     -9.83	0	Gaussian	9990000000.000000	9990000000.000000
285	1	1043.024784	2007.535869	     -1.00	   5889.92	    378.82	      2.40	      1.56	     41.94	     27.34	27.71	 3.712e+01	     -9.83	0	Gaussian	9990000000.000000	9990000000.000000
286	1	1054.942165	1947.711076	     -1.00	   4430.34	   2575.42	      2.43	      1.58	     42.56	     27.68	45.36	 1.925e+01	     -9.82	0	Gaussian	9990000000.000000	9990000000.000000
287	1	1060.786896	2766.303896	     -1.00	   3688.08	   2045.79	      1.93	      1.40	     33.72	     24.53	-49.68	 3.674e+01	     -9.82	0	Gaussian	9990000000.000000	9990000000.000000
288	1	1047.958660	1224.594312	     -1.00	   2022.93	    176.89	      2.47	      2.47	     43.19	     43.19	54.03	 1.926e+01	     -9.82	0	Gaussian	9990000000.000000	9990000000.000000
289	1	1050.525319	1383.205504	     -1.00	   1246.17	    465.38	      2.40	      2.25	     41.96	     39.30	37.57	 2.644e+01	     -9.82	0	Gaussian	9990000000.000000	9990000000.000000
290	1	1057.958033	1974.500426	     -1.00	   2794.26	   1332.03	      2.09	      1.80	     36.60	     31.52	-19.28	 3.529e+01	     -9.81	0	Gaussian	9990000000.000000	9990000000.000000
291	1	1050.550349	1025.682954	     -1.00	   5668.92	   1411.41	      3.02	      2.39	     52.89	     41.90	31.23	 2.208e+01	     -9.81	0	Gaussian	9990000000.000000	9990000000.000000
292	1	1057.269254	1486.630570	     -1.00	   4580.78	   1497.68	      2.40	      2.07	     42.09	     36.26	15.15	 2.382e+01	     -9.81	0	Gaussian	9990000000.000000	9990000000.000000
293	1	1044.477109	1633.121089	     -1.00	     76.86	   1843.78	      2.25	      2.01	     39.43	     35.16	5.54	 4.001e+01	     -9.81	0	Gaussian	9990000000.000000	9990000000.000000
294	1	1066.308346	2458.908492	     -1.00	   3761.07	   1326.85	      2.06	      1.44	     36.08	     25.24	-39.62	 5.231e+01	     -9.80	0	Gaussian	9990000000.000000	9990000000.000000
295	1	1055.669660	1487.840351	     -1.00	   5285.63	    988.07	      2.52	      1.95	     44.03	     34.16	-0.03	 2.384e+01	     -9.79	0	Gaussian	9990000000.000000	9990000000.000000
296	1	1050.504660	1422.727541	     -1.00	   1001.09	   1464.12	      2.45	      2.10	     42.83	     36.72	25.92	 2.377e+01	     -9.79	0	Gaussian	9990000000.000000	9990000000.000000
297	1	1065.294451	2067.411074	     -1.00	   2984.06	   1742.99	      2.13	      1.65	     37.37	     28.90	28.52	 3.756e+01	     -9.79	0	Gaussian	9990000000.000000	9990000000.000000
298	1	1082.454848	1857.883602	     -1.00	   3123.52	   1680.04	      2.07	      1.90	     36.19	     33.19	7.23	 9.776e+01	     -9.79	0	Gaussian	9990000000.000000	9990000000.000000
299	1	1044.568412	1138.933243	     -1.00	   5875.10	   3340.54	      2.50	      2.50	     43.83	     43.83	-81.66	 3.428e+01	     -9.77	0	Gaussian	9990000000.000000	9990000000.000000
300	1	1056.717942	1665.497128	     -1.00	   5658.27	   3175.43	      2.55	      1.67	     44.69	     29.23	42.51	 3.391e+01	     -9.76	0	Gaussian	9990000000.000000	9990000000.000000
301	1	1058.129901	2155.810402	     -1.00	   2534.06	   1959.03	      2.12	      1.55	     37.18	     27.13	25.18	 2.554e+01	     -9.76	0	Gaussian	9990000000.000000	9990000000.000000
302	1	1055.851334	1930.669395	     -1.00	   4286.58	   2253.77	      2.21	      1.66	     38.67	     28.99	41.87	 2.418e+01	     -9.76	0	Gaussian	9990000000.000000	9990000000.000000
303	1	1046.683121	1369.076933	     -1.00	    805.66	    905.09	      2.31	      2.23	     40.42	     39.08	-44.55	 2.911e+01	     -9.76	0	Gaussian	9990000000.000000	9990000000.000000
304	1	1058.937255	1681.341221	     -1.00	   2898.10	   1626.66	      2.34	      1.79	     40.95	     31.31	15.63	 4.319e+01	     -9.75	0	Gaussian	9990000000.000000	9990000000.000000
305	1	1062.876446	1755.213636	     -1.00	   2551.87	    843.03	      2.29	      1.74	     40.09	     30.53	42.86	 3.798e+01	     -9.75	0	Gaussian	9990000000.000000	9990000000.000000
306	1	1058.272264	1542.198989	     -1.00	   4048.05	    736.24	      2.13	      2.13	     37.24	     37.24	46.39	 3.727e+01	     -9.75	0	Gaussian	9990000000.000000	9990000000.000000
307	1	1052.913467	1593.144591	     -1.00	   1812.03	   1444.77	      2.34	      1.87	     41.01	     32.69	34.03	 3.855e+01	     -9.74	0	Gaussian	9990000000.000000	9990000000.000000
308	1	1052.110577	1514.340469	     -1.00	   1470.84	   2362.02	      2.28	      2.02	     39.95	     35.27	15.30	 2.783e+01	     -9.74	0	Gaussian	9990000000.000000	9990000000.000000
309	1	1051.522952	1270.205113	     -1.00	   4312.43	     87.28	      2.74	      2.00	     47.88	     34.99	-40.57	 2.717e+01	     -9.74	0	Gaussian	9990000000.000000	9990000000.000000
310	1	1061.922071	2485.889363	     -1.00	   3282.17	   3195.70	      1.89	      1.48	     33.01	     25.89	-51.04	 3.689e+01	     -9.74	0	Gaussian	9990000000.000000	9990000000.000000
311	1	1057.924287	2583.790576	     -1.00	   4258.96	   2196.04	      2.00	      1.34	     35.07	     23.40	40.67	 3.010e+01	     -9.74	0	Gaussian	9990000000.000000	9990000000.000000
312	1	1050.882981	1189.990138	     -1.00	   5273.33	   3311.41	      2.72	      2.14	     47.57	     37.44	10.96	 2.433e+01	     -9.74	0	Gaussian	9990000000.000000	9990000000.000000
313	1	1063.560840	1866.186262	     -1.00	   2637.10	   1316.88	      2.16	      1.71	     37.82	     29.98	-21.19	 3.383e+01	     -9.73	0	Gaussian	9990000000.000000	9990000000.000000
314	1	1052.450622	1153.214721	     -1.00	   1865.50	    662.63	      2.79	      2.14	     48.90	     37.42	46.92	 2.034e+01	     -9.73	0	Gaussian	9990000000.000000	9990000000.000000
315	1	1059.092702	2145.343945	     -1.00	   4243.78	   2962.72	      1.79	      1.79	     31.34	     31.34	-62.23	 4.178e+01	     -9.73	0	Gaussian	9990000000.000000	9990000000.000000
316	1	1062.373037	1469.526355	     -1.00	   3582.75	   2449.50	      2.21	      2.11	     38.67	     37.01	76.70	 2.305e+01	     -9.73	0	Gaussian	9990000000.000000	9990000000.000000
317	1	1050.136570	1312.932361	     -1.00	    822.76	   2102.14	      2.49	      2.10	     43.50	     36.75	8.95	 2.769e+01	     -9.73	0	Gaussian	9990000000.000000	9990000000.000000
318	1	1054.829653	1227.873789	     -1.00	   2573.42	    615.59	      2.51	      2.22	     43.92	     38.91	54.79	 2.277e+01	     -9.72	0	Gaussian	9990000000.000000	9990000000.000000
319	1	1053.743192	1523.333963	     -1.00	   4553.21	   3252.39	      2.11	      2.11	     36.99	     36.99	-24.43	 3.371e+01	     -9.72	0	Gaussian	9990000000.000000	9990000000.000000
320	1	1051.136084	1258.507479	     -1.00	   3794.31	   3961.61	      2.61	      2.06	     45.73	     36.08	44.73	 1.944e+01	     -9.71	0	Gaussian	9990000000.000000	9990000000.000000
321	1	1049.639915	1243.919127	     -1.00	   3885.26	    241.34	      2.63	      2.07	     45.98	     36.22	-80.79	 2.473e+01	     -9.71	0	Gaussian	9990000000.000000	9990000000.000000
322	1	1057.178266	1103.329012	     -1.00	   2956.40	    591.70	      2.73	      2.24	     47.75	     39.16	53.81	 2.370e+01	     -9.71	0	Gaussian	9990000000.000000	9990000000.000000
323	1	1053.427572	1620.492590	     -1.00	   3911.27	    676.70	      2.16	      1.92	     37.83	     33.59	-49.22	 2.572e+01	     -9.70	0	Gaussian	9990000000.000000	9990000000.000000
324	1	1060.779521	2664.251233	     -1.00	   3847.90	   2064.82	      1.92	      1.31	     33.58	     22.98	50.20	 3.129e+01	     -9.70	0	Gaussian	9990000000.000000	9990000000.000000
325	1	1055.802422	1757.629274	     -1.00	   1716.14	   2769.09	      2.24	      1.70	     39.26	     29.78	18.66	 2.406e+01	     -9.70	0	Gaussian	9990000000.000000	9990000000.000000
326	1	1060.203229	1548.541632	     -1.00	   2590.16	   1446.81	      2.33	      1.86	     40.77	     32.53	24.76	 3.445e+01	     -9.70	0	Gaussian	9990000000.000000	9990000000.000000
327	1	1053.225064	1986.398131	     -1.00	   2898.20	   3635.09	      2.10	      1.60	     36.75	     28.07	49.02	 3.110e+01	     -9.70	0	Gaussian	9990000000.000000	9990000000.000000
328	1	1052.274328	1427.290870	     -1.00	   3905.64	   3261.73	      2.21	      2.13	     38.59	     37.20	-27.34	 2.828e+01	     -9.70	0	Gaussian	9990000000.000000	9990000000.000000
329	1	1054.574144	1264.916656	     -1.00	   3950.23	   3588.44	      2.40	      2.20	     42.06	     38.51	78.22	 2.191e+01	     -9.70	0	Gaussian	9990000000.000000	9990000000.000000
330	1	1057.504672	1383.855998	     -1.00	   2504.83	   1301.48	      2.32	      2.08	     40.61	     36.45	43.08	 1.751e+01	     -9.70	0	Gaussian	9990000000.000000	9990000000.000000
331	1	1050.588068	1258.061562	     -1.00	   1252.70	   1759.93	      2.56	      2.08	     44.77	     36.34	0.79	 1.815e+01	     -9.70	0	Gaussian	9990000000.000000	9990000000.000000
332	1	1055.500544	1192.242672	     -1.00	   2402.85	   1140.62	      2.40	      2.33	     41.99	     40.81	-26.09	 2.019e+01	     -9.70	0	Gaussian	9990000000.000000	9990000000.000000
333	1	1052.846267	1414.612871	     -1.00	   1341.35	   1176.38	      2.51	      1.88	     43.98	     32.83	54.06	 2.311e+01	     -9.70	0	Gaussian	9990000000.000000	9990000000.000000
334	1	1055.631120	1509.844206	     -1.00	   4918.05	   3847.22	      2.10	      2.10	     36.73	     36.73	-27.79	 3.863e+01	     -9.69	0	Gaussian	9990000000.000000	9990000000.000000
335	1	1047.310282	1599.789416	     -1.00	    992.92	     81.13	      2.55	      1.63	     44.59	     28.50	-41.10	 2.513e+01	     -9.69	0	Gaussian	9990000000.000000	9990000000.000000
336	1	1056.282787	1596.098050	     -1.00	   3256.74	   1948.20	      2.23	      1.86	     39.02	     32.61	29.03	 3.028e+01	     -9.69	0	Gaussian	9990000000.000000	9990000000.000000
337	1	1049.885109	694.182667	     -1.00	   2728.46	    186.53	      3.94	      2.41	     69.04	     42.18	-11.58	 2.099e+01	     -9.68	0	Gaussian	9990000000.000000	9990000000.000000
338	1	1050.497875	1084.440054	     -1.00	   3460.76	    305.87	      2.65	      2.29	     46.45	     40.04	-76.53	 2.084e+01	     -9.68	0	Gaussian	9990000000.000000	9990000000.000000
339	1	1055.782641	1663.205403	     -1.00	   5469.27	   3002.25	      2.48	      1.59	     43.46	     27.83	44.34	 2.730e+01	     -9.68	0	Gaussian	9990000000.000000	9990000000.000000
340	1	1047.558472	1296.610613	     -1.00	   1087.97	     22.68	      2.37	      2.13	     41.40	     37.34	-25.84	 3.380e+01	     -9.68	0	Gaussian	9990000000.000000	9990000000.000000
341	1	1050.915865	1223.204119	     -1.00	   1196.88	   3003.50	      2.47	      2.15	     43.23	     37.69	-36.64	 2.364e+01	     -9.67	0	Gaussian	9990000000.000000	9990000000.000000
342	1	1049.689673	1463.528096	     -1.00	    654.86	   1479.05	      2.27	      1.95	     39.69	     34.14	-41.96	 2.960e+01	     -9.66	0	Gaussian	9990000000.000000	9990000000.000000
343	1	1048.074128	1295.363644	     -1.00	    973.13	   2511.34	      2.53	      1.97	     44.36	     34.48	-13.22	 3.468e+01	     -9.66	0	Gaussian	9990000000.000000	9990000000.000000
344	1	1050.316668	1206.115429	     -1.00	   5731.13	   2826.44	      2.79	      1.92	     48.79	     33.62	37.69	 2.780e+01	     -9.66	0	Gaussian	9990000000.000000	9990000000.000000
345	1	1055.136926	1273.799679	     -1.00	   1606.00	   1118.97	      2.45	      2.06	     42.83	     36.13	30.98	 2.518e+01	     -9.66	0	Gaussian	9990000000.000000	9990000000.000000
346	1	1051.635692	1354.159587	     -1.00	   5123.53	   3988.12	      2.31	      2.06	     40.35	     36.00	25.78	 3.089e+01	     -9.65	0	Gaussian	9990000000.000000	9990000000.000000
347	1	1058.824871	1871.779119	     -1.00	   2291.23	   2294.01	      2.14	      1.60	     37.44	     28.06	20.71	 2.781e+01	     -9.65	0	Gaussian	9990000000.000000	9990000000.000000
348	1	1051.217916	1184.138173	     -1.00	   1395.18	   3203.47	      2.43	      2.23	     42.45	     38.95	2.23	 3.227e+01	     -9.65	0	Gaussian	9990000000.000000	9990000000.000000
349	1	1052.373351	1311.717843	     -1.00	   4299.95	   3349.71	      2.26	      2.15	     39.63	     37.62	-44.70	 2.318e+01	     -9.65	0	Gaussian	9990000000.000000	9990000000.000000
350	1	1053.249557	1917.345489	     -1.00	    499.25	   1318.21	      2.11	      1.58	     36.95	     27.60	36.61	 3.540e+01	     -9.65	0	Gaussian	9990000000.000000	9990000000.000000
351	1	1055.352414	1949.973333	     -1.00	   4348.90	   1759.94	      1.81	      1.81	     31.63	     31.63	-87.98	 3.738e+01	     -9.65	0	Gaussian	9990000000.000000	9990000000.000000
352	1	1052.012271	1032.387059	     -1.00	   4610.73	    426.27	      2.63	      2.35	     45.95	     41.05	-2.08	 1.598e+01	     -9.64	0	Gaussian	9990000000.000000	9990000000.000000
353	1	1049.693227	966.578389	     -1.00	   5415.97	   3121.80	      2.56	      2.56	     44.88	     44.88	-88.16	 2.409e+01	     -9.64	0	Gaussian	9990000000.000000	9990000000.000000
354	1	1046.671723	1270.783155	     -1.00	    601.41	   1573.97	      2.37	      2.09	     41.44	     36.57	15.59	 2.760e+01	     -9.63	0	Gaussian	9990000000.000000	9990000000.000000
355	1	1047.682891	1243.155325	     -1.00	   1168.83	    155.55	      2.49	      2.03	     43.52	     35.48	-46.03	 2.482e+01	     -9.63	0	Gaussian	9990000000.000000	9990000000.000000
356	1	1058.184397	1408.152880	     -1.00	   2531.75	    718.27	      2.15	      2.05	     37.72	     35.95	37.32	 2.612e+01	     -9.62	0	Gaussian	9990000000.000000	9990000000.000000
357	1	1076.017920	2337.022705	     -1.00	   3278.81	   1443.14	      1.93	      1.38	     33.70	     24.13	-33.42	 9.501e+01	     -9.62	0	Gaussian	9990000000.000000	9990000000.000000
358	1	1055.608688	1405.393308	     -1.00	   2737.39	   1183.95	      2.28	      1.93	     39.91	     33.71	23.91	 2.294e+01	     -9.61	0	Gaussian	9990000000.000000	9990000000.000000
359	1	1062.698374	1777.076960	     -1.00	   2248.77	   1913.88	      2.09	      1.65	     36.52	     28.95	25.87	 3.493e+01	     -9.60	0	Gaussian	9990000000.000000	9990000000.000000
360	1	1052.778022	1532.034745	     -1.00	   1177.11	   2766.97	      2.25	      1.77	     39.44	     30.97	-32.23	 2.404e+01	     -9.60	0	Gaussian	9990000000.000000	9990000000.000000
361	1	1057.226738	2375.940204	     -1.00	   4108.91	   2953.90	      2.02	      1.27	     35.35	     22.28	45.32	 2.140e+01	     -9.60	0	Gaussian	9990000000.000000	9990000000.000000
362	1	1058.354792	2363.535531	     -1.00	   3588.13	   2181.05	      1.95	      1.33	     34.10	     23.20	46.37	 2.609e+01	     -9.60	0	Gaussian	9990000000.000000	9990000000.000000
363	1	1045.246830	1016.958731	     -1.00	   1199.44	   3233.70	      2.59	      2.31	     45.29	     40.50	5.13	 2.221e+01	     -9.60	0	Gaussian	9990000000.000000	9990000000.000000
364	1	1040.151781	1527.928743	     -1.00	    260.94	   3661.10	      2.00	      2.00	     34.93	     34.93	39.53	 3.495e+01	     -9.60	0	Gaussian	9990000000.000000	9990000000.000000
365	1	1065.293730	1101.543283	     -1.00	   2917.37	   1035.32	      2.52	      2.19	     44.07	     38.39	14.35	 2.285e+01	     -9.60	0	Gaussian	9990000000.000000	9990000000.000000
366	1	1062.179453	1381.471207	     -1.00	   2841.79	    970.65	      2.29	      1.92	     40.06	     33.55	54.56	 2.158e+01	     -9.59	0	Gaussian	9990000000.000000	9990000000.000000
367	1	1058.071261	2245.164227	     -1.00	   3768.20	   1847.27	      1.97	      1.37	     34.40	     24.02	47.73	 2.269e+01	     -9.59	0	Gaussian	9990000000.000000	9990000000.000000
368	1	1056.339248	810.504021	     -1.00	   2588.99	   1111.91	      4.24	      1.76	     74.13	     30.81	45.74	 2.217e+01	     -9.59	0	Gaussian	9990000000.000000	9990000000.000000
369	1	1054.616916	1162.786311	     -1.00	   5288.35	   1727.83	      2.73	      1.89	     47.87	     33.13	7.40	 1.798e+01	     -9.58	0	Gaussian	9990000000.000000	9990000000.000000
370	1	1052.119917	1020.663398	     -1.00	   2778.76	    370.21	      2.68	      2.20	     46.98	     38.42	69.89	 2.950e+01	     -9.58	0	Gaussian	9990000000.000000	9990000000.000000
371	1	1058.918418	2138.362552	     -1.00	   3312.00	   2409.91	      2.01	      1.40	     35.16	     24.50	-46.82	 2.797e+01	     -9.58	0	Gaussian	9990000000.000000	9990000000.000000
372	1	1054.886524	1807.121944	     -1.00	   3870.14	   3597.07	      2.14	      1.54	     37.50	     27.02	42.97	 2.543e+01	     -9.58	0	Gaussian	9990000000.000000	9990000000.000000
373	1	1046.663074	1083.811491	     -1.00	   5367.19	   3734.70	      2.47	      2.23	     43.24	     39.02	29.08	 1.999e+01	     -9.58	0	Gaussian	9990000000.000000	9990000000.000000
374	1	1055.112389	1588.470380	     -1.00	   4015.62	   2241.02	      2.08	      1.81	     36.33	     31.64	51.99	 3.548e+01	     -9.57	0	Gaussian	9990000000.000000	9990000000.000000
375	1	1056.118208	1267.228705	     -1.00	   4895.77	   3259.05	      2.45	      1.92	     42.92	     33.56	28.69	 2.555e+01	     -9.57	0	Gaussian	9990000000.000000	9990000000.000000
376	1	1051.978661	1288.068063	     -1.00	   2939.09	    757.45	      2.17	      2.12	     38.07	     37.08	71.10	 2.378e+01	     -9.57	0	Gaussian	9990000000.000000	9990000000.000000
377	1	1060.270066	1276.941376	     -1.00	   2818.52	    607.98	      2.28	      2.03	     39.98	     35.57	49.42	 3.656e+01	     -9.57	0	Gaussian	9990000000.000000	9990000000.000000
378	1	1055.976138	1611.787213	     -1.00	   1880.58	   2197.11	      2.02	      1.82	     35.37	     31.79	0.02	 2.521e+01	     -9.57	0	Gaussian	9990000000.000000	9990000000.000000
379	1	1053.969254	1139.875998	     -1.00	   4107.35	   3109.32	      2.35	      2.20	     41.21	     38.45	-20.37	 1.923e+01	     -9.56	0	Gaussian	9990000000.000000	9990000000.000000
380	1	1059.498588	1525.230590	     -1.00	   3466.33	   2238.05	      2.09	      1.84	     36.66	     32.22	-55.21	 3.402e+01	     -9.56	0	Gaussian	9990000000.000000	9990000000.000000
381	1	1055.795188	1308.098349	     -1.00	   4453.93	   1109.85	      2.34	      1.92	     40.95	     33.62	-26.26	 2.475e+01	     -9.56	0	Gaussian	9990000000.000000	9990000000.000000
382	1	1052.718090	1449.242750	     -1.00	   3140.71	   3394.09	      2.01	      2.01	     35.21	     35.21	-81.66	 3.120e+01	     -9.56	0	Gaussian	9990000000.000000	9990000000.000000
383	1	1053.735744	1533.215640	     -1.00	   3646.97	   3770.15	      2.22	      1.72	     38.90	     30.09	40.17	 2.414e+01	     -9.56	0	Gaussian	9990000000.000000	9990000000.000000
384	1	1056.969181	1260.171121	     -1.00	   2513.90	    602.40	      2.16	      2.16	     37.72	     37.72	-56.84	 2.219e+01	     -9.55	0	Gaussian	9990000000.000000	9990000000.000000
385	1	1058.890993	1283.456606	     -1.00	   2596.61	   2272.85	      2.38	      1.91	     41.63	     33.49	1.10	 2.362e+01	     -9.55	0	Gaussian	9990000000.000000	9990000000.000000
386	1	1059.165592	1775.971001	     -1.00	   3614.11	   2155.47	      1.96	      1.67	     34.32	     29.31	77.05	 2.743e+01	     -9.55	0	Gaussian	9990000000.000000	9990000000.000000
387	1	1047.414247	1143.517377	     -1.00	   1374.63	   2643.96	      2.43	      2.10	     42.45	     36.79	-11.77	 1.824e+01	     -9.55	0	Gaussian	9990000000.000000	9990000000.000000
388	1	1063.092657	2030.305897	     -1.00	   4101.21	   1510.20	      2.05	      1.40	     35.86	     24.52	42.21	 2.035e+01	     -9.55	0	Gaussian	9990000000.000000	9990000000.000000
389	1	1051.152859	1049.086391	     -1.00	   5384.05	   1663.29	      2.67	      2.08	     46.72	     36.43	6.31	 1.952e+01	     -9.55	0	Gaussian	9990000000.000000	9990000000.000000
390	1	1050.991063	975.658635	     -1.00	   3960.56	    608.98	      2.63	      2.27	     45.95	     39.72	-46.11	 1.801e+01	     -9.55	0	Gaussian	9990000000.000000	9990000000.000000
391	1	1051.800697	1349.703550	     -1.00	   5414.84	   2995.75	      2.64	      1.63	     46.14	     28.54	38.56	 2.107e+01	     -9.54	0	Gaussian	9990000000.000000	9990000000.000000
392	1	1050.857139	1186.223206	     -1.00	   2311.62	   3758.77	      2.35	      2.07	     41.13	     36.30	-18.06	 1.971e+01	     -9.54	0	Gaussian	9990000000.000000	9990000000.000000
393	1	1053.541625	1372.699941	     -1.00	   4569.41	   1867.95	      2.32	      1.82	     40.54	     31.79	16.68	 2.002e+01	     -9.54	0	Gaussian	9990000000.000000	9990000000.000000
394	1	1058.053824	1270.636638	     -1.00	   2275.80	   1312.67	      2.36	      1.92	     41.35	     33.63	32.92	 2.087e+01	     -9.54	0	Gaussian	9990000000.000000	9990000000.000000
395	1	1045.003236	903.424966	     -1.00	   1203.76	    351.39	      2.62	      2.44	     45.87	     42.63	-15.10	 1.789e+01	     -9.54	0	Gaussian	9990000000.000000	9990000000.000000
396	1	1034.116918	1113.039770	     -1.00	    405.53	     60.93	      2.40	      2.16	     42.01	     37.72	-17.77	 2.324e+01	     -9.54	0	Gaussian	9990000000.000000	9990000000.000000
397	1	1052.105215	1171.424884	     -1.00	   5721.90	   2512.09	      2.58	      1.90	     45.18	     33.32	5.94	 2.420e+01	     -9.54	0	Gaussian	9990000000.000000	9990000000.000000
398	1	1049.996929	1118.722123	     -1.00	   4896.33	    186.90	      2.60	      1.98	     45.55	     34.60	20.47	 2.290e+01	     -9.54	0	Gaussian	9990000000.000000	9990000000.000000
399	1	1060.050393	1833.579415	     -1.00	   1828.80	   2341.25	      2.05	      1.53	     35.90	     26.73	-38.64	 2.789e+01	     -9.53	0	Gaussian	9990000000.000000	9990000000.000000
400	1	1054.637080	1429.831553	     -1.00	   4190.07	   3461.21	      2.30	      1.74	     40.27	     30.46	49.55	 2.054e+01	     -9.53	0	Gaussian	9990000000.000000	9990000000.000000
401	1	1059.547774	1599.766829	     -1.00	   3347.56	   1416.85	      2.07	      1.72	     36.28	     30.10	28.73	 2.400e+01	     -9.53	0	Gaussian	9990000000.000000	9990000000.000000
402	1	1050.302241	882.278941	     -1.00	   3885.62	     19.33	      2.54	      2.54	     44.43	     44.43	28.22	 2.250e+01	     -9.52	0	Gaussian	9990000000.000000	9990000000.000000
403	1	1056.037740	1064.372536	     -1.00	   1743.82	   2336.41	      2.37	      2.25	     41.49	     39.41	14.52	 1.563e+01	     -9.52	0	Gaussian	9990000000.000000	9990000000.000000
404	1	1061.716733	961.509686	     -1.00	   4109.05	    378.12	      2.43	      2.43	     42.50	     42.50	20.09	 5.726e+01	     -9.52	0	Gaussian	9990000000.000000	9990000000.000000
405	1	1047.526508	1052.625908	     -1.00	   5401.95	   2126.06	      2.83	      1.90	     49.51	     33.30	6.44	 1.837e+01	     -9.52	0	Gaussian	9990000000.000000	9990000000.000000
406	1	1059.426839	1137.897919	     -1.00	   4497.97	   3239.28	      2.47	      2.01	     43.25	     35.20	35.18	 3.576e+01	     -9.52	0	Gaussian	9990000000.000000	9990000000.000000
407	1	1048.870992	949.557834	     -1.00	   3718.26	    122.29	      2.69	      2.20	     47.16	     38.55	-72.25	 1.756e+01	     -9.51	0	Gaussian	9990000000.000000	9990000000.000000
408	1	1062.553917	2119.388400	     -1.00	   3468.89	   1861.17	      1.91	      1.38	     33.49	     24.24	-46.00	 2.532e+01	     -9.51	0	Gaussian	9990000000.000000	9990000000.000000
409	1	1044.415040	965.310105	     -1.00	   5875.77	   3037.83	      2.71	      2.15	     47.41	     37.58	8.46	 2.275e+01	     -9.51	0	Gaussian	9990000000.000000	9990000000.000000
410	1	1058.886396	1691.814323	     -1.00	   2998.81	   1171.22	      1.99	      1.66	     34.87	     29.12	-35.73	 2.300e+01	     -9.51	0	Gaussian	9990000000.000000	9990000000.000000
411	1	1052.873537	1098.645226	     -1.00	   4549.97	   2913.78	      2.50	      2.04	     43.73	     35.75	-1.33	 1.841e+01	     -9.51	0	Gaussian	9990000000.000000	9990000000.000000
412	1	1054.543191	1120.128636	     -1.00	   1613.33	   1409.10	      2.44	      2.05	     42.64	     35.90	-2.02	 2.516e+01	     -9.51	0	Gaussian	9990000000.000000	9990000000.000000
413	1	1048.273907	820.674957	     -1.00	   2107.86	     27.68	      2.72	      2.50	     47.62	     43.81	45.63	 1.653e+01	     -9.50	0	Gaussian	9990000000.000000	9990000000.000000
414	1	1064.571705	1590.428031	     -1.00	   2316.83	   1645.26	      1.99	      1.76	     34.78	     30.82	-36.65	 3.274e+01	     -9.50	0	Gaussian	9990000000.000000	9990000000.000000
415	1	1051.137713	950.860087	     -1.00	   5089.48	   3385.35	      2.65	      2.21	     46.34	     38.62	10.71	 1.725e+01	     -9.50	0	Gaussian	9990000000.000000	9990000000.000000
416	1	1064.554445	1339.794122	     -1.00	   2778.30	   1251.76	      2.12	      1.96	     37.02	     34.24	-5.00	 3.112e+01	     -9.50	0	Gaussian	9990000000.000000	9990000000.000000
417	1	1056.344297	942.737813	     -1.00	   2085.35	   1544.64	      2.59	      2.25	     45.30	     39.30	31.50	 2.280e+01	     -9.48	0	Gaussian	9990000000.000000	9990000000.000000
418	1	1047.680523	924.177144	     -1.00	   1987.97	    211.76	      2.47	      2.40	     43.21	     41.94	-12.31	 1.638e+01	     -9.48	0	Gaussian	9990000000.000000	9990000000.000000
419	1	1053.577989	1232.456110	     -1.00	   4423.60	   1991.24	      2.34	      1.89	     40.98	     33.13	12.61	 2.429e+01	     -9.48	0	Gaussian	9990000000.000000	9990000000.000000
420	1	1051.850904	1535.240893	     -1.00	   2163.88	   3942.04	      2.19	      1.62	     38.30	     28.32	-51.38	 2.340e+01	     -9.47	0	Gaussian	9990000000.000000	9990000000.000000
421	1	1057.328423	1789.967716	     -1.00	   4298.03	   3043.07	      2.15	      1.41	     37.55	     24.72	45.21	 2.044e+01	     -9.47	0	Gaussian	9990000000.000000	9990000000.000000
422	1	1060.713712	1636.830449	     -1.00	   2306.29	   1835.80	      2.05	      1.62	     35.85	     28.30	-23.85	 1.936e+01	     -9.47	0	Gaussian	9990000000.000000	9990000000.000000
423	1	1063.354556	2286.546509	     -1.00	   3451.84	   1944.73	      1.86	      1.28	     32.48	     22.35	49.86	 2.506e+01	     -9.47	0	Gaussian	9990000000.000000	9990000000.000000
424	1	1051.847690	1076.907368	     -1.00	   1726.26	   1362.03	      2.39	      2.10	     41.85	     36.77	6.94	 2.073e+01	     -9.47	0	Gaussian	9990000000.000000	9990000000.000000
425	1	1046.025123	1042.134235	     -1.00	    461.35	   1583.76	      2.47	      2.10	     43.15	     36.83	11.28	 2.592e+01	     -9.47	0	Gaussian	9990000000.000000	9990000000.000000
426	1	1057.936182	1164.341315	     -1.00	   2279.23	   2079.25	      2.15	      2.15	     37.71	     37.71	-62.27	 2.503e+01	     -9.47	0	Gaussian	9990000000.000000	9990000000.000000
427	1	1052.878290	1051.989774	     -1.00	   4929.88	   2063.88	      2.89	      1.77	     50.65	     30.98	9.01	 1.798e+01	     -9.46	0	Gaussian	9990000000.000000	9990000000.000000
428	1	1053.986091	1497.807926	     -1.00	   1672.96	   2455.08	      2.13	      1.69	     37.34	     29.51	-41.01	 2.480e+01	     -9.46	0	Gaussian	9990000000.000000	9990000000.000000
429	1	1050.774254	1155.778871	     -1.00	   1608.31	   2920.89	      2.30	      2.02	     40.29	     35.43	29.05	 2.372e+01	     -9.46	0	Gaussian	9990000000.000000	9990000000.000000
430	1	1050.322946	368.149758	     -1.00	   1264.35	    565.63	      5.67	      2.57	     99.29	     45.05	50.07	 2.686e+01	     -9.46	0	Gaussian	9990000000.000000	9990000000.000000
431	1	1050.924065	898.191261	     -1.00	   2213.21	     77.45	      2.59	      2.29	     45.42	     40.15	75.73	 1.812e+01	     -9.46	0	Gaussian	9990000000.000000	9990000000.000000
432	1	1052.745086	1154.954435	     -1.00	   2387.72	   3193.21	      2.35	      1.97	     41.07	     34.53	0.07	 1.958e+01	     -9.46	0	Gaussian	9990000000.000000	9990000000.000000
433	1	1056.096612	1889.415271	     -1.00	   3715.73	   2872.76	      2.00	      1.42	     34.93	     24.78	43.95	 1.885e+01	     -9.45	0	Gaussian	9990000000.000000	9990000000.000000
434	1	1058.191535	2076.867020	     -1.00	   3725.87	   1212.92	      1.95	      1.32	     34.09	     23.08	38.61	 2.210e+01	     -9.45	0	Gaussian	9990000000.000000	9990000000.000000
435	1	1055.311823	955.659180	     -1.00	   2153.91	    449.23	      2.57	      2.17	     44.96	     37.98	58.28	 2.055e+01	     -9.45	0	Gaussian	9990000000.000000	9990000000.000000
436	1	1051.569034	927.556114	     -1.00	   3626.79	    153.53	      2.59	      2.21	     45.42	     38.73	-60.90	 1.734e+01	     -9.45	0	Gaussian	9990000000.000000	9990000000.000000
437	1	1057.471920	1979.703161	     -1.00	   4479.16	   1920.32	      2.05	      1.31	     35.83	     22.99	44.12	 3.069e+01	     -9.45	0	Gaussian	9990000000.000000	9990000000.000000
438	1	1034.953128	1029.946625	     -1.00	    180.72	    697.03	      2.52	      2.04	     44.16	     35.79	-12.68	 1.916e+01	     -9.45	0	Gaussian	9990000000.000000	9990000000.000000
439	1	1059.439306	1125.939284	     -1.00	   2727.20	   1549.32	      2.33	      2.02	     40.78	     35.34	-13.46	 2.595e+01	     -9.45	0	Gaussian	9990000000.000000	9990000000.000000
440	1	1056.160740	1346.087510	     -1.00	   4246.08	   2477.53	      1.98	      1.98	     34.72	     34.72	1.12	 2.550e+01	     -9.45	0	Gaussian	9990000000.000000	9990000000.000000
441	1	1058.745372	1954.383763	     -1.00	   2707.10	   2980.03	      1.98	      1.37	     34.61	     23.90	31.20	 2.593e+01	     -9.44	0	Gaussian	9990000000.000000	9990000000.000000
442	1	1051.004106	1002.267778	     -1.00	   5216.69	   2847.50	      2.29	      2.29	     40.13	     40.13	-26.52	 2.994e+01	     -9.44	0	Gaussian	9990000000.000000	9990000000.000000
443	1	1052.629464	856.695585	     -1.00	   2354.44	    522.50	      2.47	      2.47	     43.23	     43.23	-2.68	 1.987e+01	     -9.43	0	Gaussian	9990000000.000000	9990000000.000000
444	1	1048.784613	982.156409	     -1.00	    790.67	   1401.06	      2.34	      2.27	     40.99	     39.71	-19.40	 2.326e+01	     -9.43	0	Gaussian	9990000000.000000	9990000000.000000
445	1	1063.678614	2232.046852	     -1.00	   4299.84	   2282.82	      1.90	      1.23	     33.19	     21.51	45.76	 2.338e+01	     -9.43	0	Gaussian	9990000000.000000	9990000000.000000
446	1	1058.008958	1754.631218	     -1.00	   4311.78	   2674.66	      2.14	      1.38	     37.41	     24.20	43.83	 2.401e+01	     -9.42	0	Gaussian	9990000000.000000	9990000000.000000
447	1	1058.698168	1433.964752	     -1.00	   2171.41	   1654.13	      2.06	      1.75	     36.09	     30.66	21.33	 2.324e+01	     -9.42	0	Gaussian	9990000000.000000	9990000000.000000
448	1	1048.542906	1048.031044	     -1.00	   2151.87	   3624.57	      2.26	      2.19	     39.56	     38.27	32.98	 1.878e+01	     -9.42	0	Gaussian	9990000000.000000	9990000000.000000
449	1	1051.326003	871.693374	     -1.00	   1700.97	   1438.63	      2.68	      2.21	     46.95	     38.70	18.90	 1.636e+01	     -9.42	0	Gaussian	9990000000.000000	9990000000.000000
450	1	1054.324821	1114.496628	     -1.00	   1705.88	   2461.06	      2.33	      1.99	     40.86	     34.75	10.37	 2.023e+01	     -9.42	0	Gaussian	9990000000.000000	9990000000.000000
451	1	1056.476085	1024.583482	     -1.00	   2651.44	    572.06	      2.43	      2.07	     42.59	     36.16	28.17	 2.239e+01	     -9.42	0	Gaussian	9990000000.000000	9990000000.000000
452	1	1035.216623	979.426459	     -1.00	   5876.27	    338.45	      2.87	      1.83	     50.19	     32.09	10.68	 2.314e+01	     -9.41	0	Gaussian	9990000000.000000	9990000000.000000
453	1	1058.667639	2312.808071	     -1.00	   3474.13	   2449.21	      1.81	      1.23	     31.64	     21.56	47.70	 2.672e+01	     -9.41	0	Gaussian	9990000000.000000	9990000000.000000
454	1	1061.075361	1273.993887	     -1.00	   3233.29	   2149.13	      2.18	      1.84	     38.16	     32.29	-18.98	 2.534e+01	     -9.41	0	Gaussian	9990000000.000000	9990000000.000000
455	1	1053.269640	920.686387	     -1.00	   4446.30	    595.69	      2.36	      2.36	     41.28	     41.28	47.09	 2.213e+01	     -9.41	0	Gaussian	9990000000.000000	9990000000.000000
456	1	1056.671242	1115.236821	     -1.00	   2052.28	   1840.75	      2.39	      1.92	     41.77	     33.64	15.77	 2.423e+01	     -9.41	0	Gaussian	9990000000.000000	9990000000.000000
457	1	1057.853191	1446.419338	     -1.00	   4288.25	   1273.33	      2.08	      1.70	     36.46	     29.67	40.85	 2.119e+01	     -9.41	0	Gaussian	9990000000.000000	9990000000.000000
458	1	1058.145338	1527.149172	     -1.00	   3218.10	   2679.99	      1.83	      1.83	     32.00	     32.00	30.79	 3.300e+01	     -9.41	0	Gaussian	9990000000.000000	9990000000.000000
459	1	1058.093418	987.939684	     -1.00	   2859.75	   1041.63	      2.34	      2.20	     41.04	     38.53	50.96	 1.916e+01	     -9.40	0	Gaussian	9990000000.000000	9990000000.000000
460	1	1063.517055	1701.410519	     -1.00	   2780.17	   2323.04	      2.06	      1.45	     36.10	     25.41	35.24	 2.352e+01	     -9.40	0	Gaussian	9990000000.000000	9990000000.000000
461	1	1048.437274	875.968587	     -1.00	   4680.91	    198.51	      2.59	      2.25	     45.33	     39.30	10.70	 1.924e+01	     -9.40	0	Gaussian	9990000000.000000	9990000000.000000
462	1	1038.264576	1105.960037	     -1.00	    113.06	   1056.11	      2.43	      1.89	     42.46	     33.07	15.50	 2.099e+01	     -9.40	0	Gaussian	9990000000.000000	9990000000.000000
463	1	1049.394684	1110.928807	     -1.00	   1151.73	   2082.81	      2.26	      2.01	     39.53	     35.24	20.08	 2.033e+01	     -9.39	0	Gaussian	9990000000.000000	9990000000.000000
464	1	1051.873555	1036.062270	     -1.00	   3030.24	    308.08	      2.48	      1.97	     43.36	     34.41	86.98	 2.246e+01	     -9.39	0	Gaussian	9990000000.000000	9990000000.000000
465	1	1052.339541	838.911481	     -1.00	   4471.82	   3330.18	      2.67	      2.25	     46.76	     39.41	31.40	 1.833e+01	     -9.39	0	Gaussian	9990000000.000000	9990000000.000000
466	1	1054.822778	1212.882367	     -1.00	   3383.24	   3562.36	      2.15	      1.93	     37.65	     33.85	49.70	 1.673e+01	     -9.39	0	Gaussian	9990000000.000000	9990000000.000000
467	1	1048.659574	1119.211454	     -1.00	    545.24	   1768.05	      2.27	      1.98	     39.69	     34.73	26.88	 2.488e+01	     -9.39	0	Gaussian	9990000000.000000	9990000000.000000
468	1	1054.936170	1856.695019	     -1.00	   3605.97	   3418.97	      1.99	      1.36	     34.87	     23.80	47.00	 1.839e+01	     -9.39	0	Gaussian	9990000000.000000	9990000000.000000
469	1	1051.557515	862.030414	     -1.00	   5048.27	   2083.73	      2.82	      2.07	     49.39	     36.14	22.43	 1.695e+01	     -9.39	0	Gaussian	9990000000.000000	9990000000.000000
470	1	1054.038872	855.505747	     -1.00	   2060.18	    417.58	      2.58	      2.27	     45.14	     39.80	37.20	 2.379e+01	     -9.39	0	Gaussian	9990000000.000000	9990000000.000000
471	1	1060.308256	925.545853	     -1.00	   2442.59	   1641.72	      2.49	      2.17	     43.67	     37.93	0.75	 1.411e+01	     -9.38	0	Gaussian	9990000000.000000	9990000000.000000
472	1	1055.207636	1370.212808	     -1.00	   1522.10	   2431.75	      2.11	      1.73	     36.97	     30.22	-40.61	 2.294e+01	     -9.38	0	Gaussian	9990000000.000000	9990000000.000000
473	1	1050.893806	799.751730	     -1.00	   2183.65	    721.50	      2.57	      2.43	     44.93	     42.61	55.21	 1.856e+01	     -9.38	0	Gaussian	9990000000.000000	9990000000.000000
474	1	1057.069448	956.418084	     -1.00	   2626.14	    707.97	      2.29	      2.29	     39.99	     39.99	-82.57	 3.267e+01	     -9.38	0	Gaussian	9990000000.000000	9990000000.000000
475	1	1055.277864	1036.553603	     -1.00	   2613.61	    815.09	      2.33	      2.07	     40.79	     36.16	25.70	 2.460e+01	     -9.38	0	Gaussian	9990000000.000000	9990000000.000000
476	1	1089.448191	1148.862296	     -1.00	   3115.79	   1687.63	      2.35	      1.85	     41.14	     32.30	-0.66	 1.507e+02	     -9.38	0	Gaussian	9990000000.000000	9990000000.000000
477	1	1031.980819	912.845912	     -1.00	     40.87	    586.08	      2.49	      2.19	     43.58	     38.36	-6.32	 1.751e+01	     -9.38	0	Gaussian	9990000000.000000	9990000000.000000
478	1	1047.358292	958.787345	     -1.00	   4760.18	   3925.54	      2.52	      2.06	     44.13	     35.99	41.95	 1.998e+01	     -9.38	0	Gaussian	9990000000.000000	9990000000.000000
479	1	1048.626256	1142.945252	     -1.00	   5296.86	   3773.69	      2.17	      2.00	     37.91	     34.97	-21.98	 2.523e+01	     -9.37	0	Gaussian	9990000000.000000	9990000000.000000
480	1	1061.240092	1109.412506	     -1.00	   2366.07	   1510.18	      2.35	      1.90	     41.09	     33.22	-18.21	 2.414e+01	     -9.37	0	Gaussian	9990000000.000000	9990000000.000000
481	1	1055.425370	1313.917204	     -1.00	   2489.07	   2507.88	      2.17	      1.73	     38.02	     30.29	29.79	 2.292e+01	     -9.37	0	Gaussian	9990000000.000000	9990000000.000000
482	1	1053.153100	890.436459	     -1.00	   5153.64	   1704.09	      2.72	      2.04	     47.54	     35.64	6.91	 1.619e+01	     -9.37	0	Gaussian	9990000000.000000	9990000000.000000
483	1	1049.003183	1151.073526	     -1.00	   1315.82	   2784.92	      2.33	      1.83	     40.81	     32.10	1.98	 2.012e+01	     -9.37	0	Gaussian	9990000000.000000	9990000000.000000
484	1	1045.668029	805.008910	     -1.00	   1914.54	   3974.49	      2.49	      2.45	     43.56	     42.88	-78.78	 1.819e+01	     -9.36	0	Gaussian	9990000000.000000	9990000000.000000
485	1	1047.856965	1079.646367	     -1.00	    738.10	   2049.32	      2.27	      2.00	     39.76	     34.92	20.80	 2.442e+01	     -9.36	0	Gaussian	9990000000.000000	9990000000.000000
486	1	1053.605248	964.480023	     -1.00	   2038.83	   1758.43	      2.48	      2.05	     43.35	     35.85	12.10	 1.962e+01	     -9.36	0	Gaussian	9990000000.000000	9990000000.000000
487	1	1058.128829	1460.427687	     -1.00	   2993.00	   1370.92	      2.09	      1.60	     36.63	     28.00	-34.49	 2.269e+01	     -9.36	0	Gaussian	9990000000.000000	9990000000.000000
488	1	1057.436961	1446.642809	     -1.00	    896.29	   2501.78	      2.06	      1.64	     36.04	     28.69	-38.54	 3.863e+01	     -9.36	0	Gaussian	9990000000.000000	9990000000.000000
489	1	1049.355830	866.899590	     -1.00	   1699.47	   1573.55	      2.47	      2.27	     43.31	     39.80	31.42	 1.938e+01	     -9.36	0	Gaussian	9990000000.000000	9990000000.000000
490	1	1055.928851	1231.739602	     -1.00	   3332.17	   3401.40	      2.08	      1.90	     36.42	     33.30	60.85	 2.070e+01	     -9.36	0	Gaussian	9990000000.000000	9990000000.000000
491	1	1055.952775	1453.255168	     -1.00	   4136.89	   2555.56	      2.00	      1.68	     35.04	     29.32	55.32	 2.537e+01	     -9.36	0	Gaussian	9990000000.000000	9990000000.000000
492	1	1052.195712	870.170082	     -1.00	   5222.43	   1406.25	      2.76	      2.02	     48.34	     35.43	4.67	 1.672e+01	     -9.35	0	Gaussian	9990000000.000000	9990000000.000000
493	1	1046.755886	937.160831	     -1.00	   5037.98	    175.37	      2.66	      1.95	     46.64	     34.09	20.91	 2.425e+01	     -9.35	0	Gaussian	9990000000.000000	9990000000.000000
494	1	1047.767763	683.318464	     -1.00	   1512.56	    682.73	      2.74	      2.59	     47.99	     45.33	18.47	 1.570e+01	     -9.35	0	Gaussian	9990000000.000000	9990000000.000000
495	1	1057.938607	1067.235795	     -1.00	   3760.52	    906.17	      2.17	      2.09	     38.00	     36.65	-2.50	 3.243e+01	     -9.35	0	Gaussian	9990000000.000000	9990000000.000000
496	1	1060.110679	1451.577981	     -1.00	   2988.35	   2475.04	      2.03	      1.64	     35.48	     28.78	16.76	 2.515e+01	     -9.35	0	Gaussian	9990000000.000000	9990000000.000000
497	1	1047.504221	1104.458281	     -1.00	    283.20	   1952.05	      2.29	      1.91	     40.01	     33.49	23.01	 2.416e+01	     -9.35	0	Gaussian	9990000000.000000	9990000000.000000
498	1	1059.371889	1384.486925	     -1.00	   2173.83	   1088.81	      2.07	      1.69	     36.16	     29.51	36.42	 2.407e+01	     -9.34	0	Gaussian	9990000000.000000	9990000000.000000
499	1	1060.265675	1584.894113	     -1.00	   4117.73	   2700.09	      1.97	      1.54	     34.54	     26.92	-32.90	 2.541e+01	     -9.34	0	Gaussian	9990000000.000000	9990000000.000000
500	1	1048.756581	879.454324	     -1.00	   1341.68	   1851.12	      2.58	      2.11	     45.13	     36.98	4.54	 1.473e+01	     -9.34	0	Gaussian	9990000000.000000	9990000000.000000
501	1	1049.900659	716.580999	     -1.00	   1508.77	   1146.88	      2.87	      2.33	     50.17	     40.74	21.83	 1.810e+01	     -9.33	0	Gaussian	9990000000.000000	9990000000.000000
502	1	1048.325300	926.742177	     -1.00	   5489.54	   1951.11	      2.66	      1.93	     46.60	     33.81	5.94	 1.625e+01	     -9.33	0	Gaussian	9990000000.000000	9990000000.000000
503	1	1058.104183	1175.115139	     -1.00	   2567.77	    790.79	      2.28	      1.76	     39.97	     30.74	43.96	 2.390e+01	     -9.32	0	Gaussian	9990000000.000000	9990000000.000000
504	1	1052.719069	1010.137062	     -1.00	   3980.46	   3326.87	      2.28	      2.04	     39.95	     35.65	42.13	 2.311e+01	     -9.32	0	Gaussian	9990000000.000000	9990000000.000000
505	1	1053.492897	1017.644129	     -1.00	   4342.85	   2198.60	      2.27	      2.03	     39.72	     35.59	26.36	 2.587e+01	     -9.31	0	Gaussian	9990000000.000000	9990000000.000000
506	1	1049.500897	744.477153	     -1.00	   4961.42	    847.17	      2.77	      2.27	     48.56	     39.79	-2.15	 1.607e+01	     -9.31	0	Gaussian	9990000000.000000	9990000000.000000
507	1	1055.199443	903.959812	     -1.00	   2695.38	    896.57	      2.46	      2.11	     42.98	     37.00	46.71	 1.500e+01	     -9.31	0	Gaussian	9990000000.000000	9990000000.000000
508	1	1061.326075	986.892783	     -1.00	   2780.31	   2295.41	      2.27	      2.09	     39.78	     36.55	14.32	 1.653e+01	     -9.31	0	Gaussian	9990000000.000000	9990000000.000000
509	1	1058.026310	981.459729	     -1.00	   3962.40	   2121.59	      2.56	      1.86	     44.82	     32.57	41.11	 1.769e+01	     -9.31	0	Gaussian	9990000000.000000	9990000000.000000
510	1	1052.368885	760.633607	     -1.00	   5112.25	   1550.73	      2.90	      2.11	     50.84	     37.01	7.48	 1.823e+01	     -9.31	0	Gaussian	9990000000.000000	9990000000.000000
511	1	1048.447579	875.945751	     -1.00	   2683.04	    193.63	      2.47	      2.15	     43.31	     37.57	79.82	 1.544e+01	     -9.30	0	Gaussian	9990000000.000000	9990000000.000000
512	1	1055.110845	1323.761530	     -1.00	   2282.33	   2565.03	      2.16	      1.62	     37.73	     28.41	21.53	 2.356e+01	     -9.30	0	Gaussian	9990000000.000000	9990000000.000000
513	1	1059.321077	1230.292495	     -1.00	   3329.96	   2241.73	      2.17	      1.74	     37.93	     30.39	-34.25	 2.677e+01	     -9.30	0	Gaussian	9990000000.000000	9990000000.000000
514	1	1048.734027	922.550748	     -1.00	   1886.59	   3425.82	      2.37	      2.12	     41.42	     37.09	2.47	 1.707e+01	     -9.30	0	Gaussian	9990000000.000000	9990000000.000000
515	1	1038.911432	534.151788	     -1.00	     66.49	   2375.40	      3.26	      2.66	     57.01	     46.49	-15.75	 1.458e+01	     -9.30	0	Gaussian	9990000000.000000	9990000000.000000
516	1	1044.657223	840.333608	     -1.00	    674.63	   3478.17	      2.48	      2.22	     43.34	     38.85	2.03	 1.903e+01	     -9.30	0	Gaussian	9990000000.000000	9990000000.000000
517	1	1057.305879	1260.164414	     -1.00	   2937.48	   2207.95	      2.12	      1.73	     37.13	     30.22	7.80	 2.493e+01	     -9.30	0	Gaussian	9990000000.000000	9990000000.000000
518	1	1054.849075	1308.089846	     -1.00	   4168.26	   3231.28	      2.15	      1.64	     37.66	     28.63	41.35	 1.990e+01	     -9.29	0	Gaussian	9990000000.000000	9990000000.000000
519	1	1058.170749	1660.002082	     -1.00	   3224.75	   1497.19	      1.96	      1.41	     34.32	     24.68	-34.27	 2.189e+01	     -9.29	0	Gaussian	9990000000.000000	9990000000.000000
520	1	1044.246681	849.348439	     -1.00	    488.78	   1299.27	      2.42	      2.23	     42.37	     38.96	-64.87	 2.150e+01	     -9.29	0	Gaussian	9990000000.000000	9990000000.000000
521	1	1053.875796	926.809853	     -1.00	   4122.77	   1616.60	      2.42	      2.04	     42.37	     35.68	5.70	 2.590e+01	     -9.29	0	Gaussian	9990000000.000000	9990000000.000000
522	1	1050.254256	633.498403	     -1.00	   2108.80	    118.73	      2.76	      2.62	     48.27	     45.78	26.12	 1.616e+01	     -9.29	0	Gaussian	9990000000.000000	9990000000.000000
523	1	1053.741947	1107.040178	     -1.00	   4370.50	   2049.10	      2.11	      1.96	     36.86	     34.27	15.67	 1.768e+01	     -9.28	0	Gaussian	9990000000.000000	9990000000.000000
524	1	1055.892479	1050.043206	     -1.00	   4608.07	   2718.02	      2.57	      1.69	     44.92	     29.64	-2.33	 2.148e+01	     -9.28	0	Gaussian	9990000000.000000	9990000000.000000
525	1	1047.139587	807.394598	     -1.00	   1224.25	     82.37	      2.60	      2.17	     45.59	     37.97	-11.43	 2.574e+01	     -9.28	0	Gaussian	9990000000.000000	9990000000.000000
526	1	1054.952134	1139.623950	     -1.00	   4443.09	   2665.76	      2.27	      1.76	     39.65	     30.87	36.93	 2.083e+01	     -9.28	0	Gaussian	9990000000.000000	9990000000.000000
527	1	1049.484346	956.351975	     -1.00	   5652.22	   2580.57	      2.71	      1.76	     47.39	     30.76	19.59	 2.138e+01	     -9.28	0	Gaussian	9990000000.000000	9990000000.000000
528	1	1049.100057	673.803987	     -1.00	   1918.95	    234.64	      2.72	      2.48	     47.67	     43.32	-27.41	 1.407e+01	     -9.28	0	Gaussian	9990000000.000000	9990000000.000000
529	1	1058.651738	1584.567517	     -1.00	   3413.04	   1731.06	      2.04	      1.41	     35.62	     24.62	-42.69	 2.175e+01	     -9.28	0	Gaussian	9990000000.000000	9990000000.000000
530	1	1047.166060	1000.776160	     -1.00	    736.41	   2537.89	      2.18	      2.07	     38.22	     36.25	-40.05	 2.173e+01	     -9.28	0	Gaussian	9990000000.000000	9990000000.000000
531	1	1063.292076	998.156172	     -1.00	   3073.32	   1329.35	      2.27	      1.99	     39.76	     34.91	0.03	 2.558e+01	     -9.27	0	Gaussian	9990000000.000000	9990000000.000000
532	1	1055.463924	992.099912	     -1.00	   4645.55	   1601.02	      2.35	      1.94	     41.16	     33.92	23.49	 1.863e+01	     -9.27	0	Gaussian	9990000000.000000	9990000000.000000
533	1	1052.940954	1115.859427	     -1.00	   1730.93	   2616.92	      2.24	      1.81	     39.15	     31.69	-41.83	 1.817e+01	     -9.27	0	Gaussian	9990000000.000000	9990000000.000000
534	1	1057.233909	1049.009968	     -1.00	   3455.92	    714.49	      2.13	      2.02	     37.23	     35.37	-40.42	 2.396e+01	     -9.27	0	Gaussian	9990000000.000000	9990000000.000000
535	1	1051.497970	1173.173966	     -1.00	   2463.99	   3615.11	      2.23	      1.73	     38.97	     30.21	49.11	 1.842e+01	     -9.27	0	Gaussian	9990000000.000000	9990000000.000000
536	1	1052.644242	730.461089	     -1.00	   4337.89	     35.52	      2.54	      2.43	     44.48	     42.49	-9.11	 2.453e+01	     -9.27	0	Gaussian	9990000000.000000	9990000000.000000
537	1	1060.206489	1112.122541	     -1.00	   2734.22	   1165.78	      2.11	      1.92	     36.88	     33.60	-23.62	 2.304e+01	     -9.27	0	Gaussian	9990000000.000000	9990000000.000000
538	1	1055.675763	538.452002	     -1.00	   2817.38	    759.03	      2.89	      2.89	     50.54	     50.54	-52.77	 2.601e+01	     -9.27	0	Gaussian	9990000000.000000	9990000000.000000
539	1	1048.369755	799.027125	     -1.00	   5419.74	   1130.05	      2.58	      2.18	     45.17	     38.07	15.46	 1.793e+01	     -9.27	0	Gaussian	9990000000.000000	9990000000.000000
540	1	1053.842632	901.591152	     -1.00	   4901.58	   2852.45	      2.83	      1.76	     49.48	     30.73	41.60	 1.703e+01	     -9.26	0	Gaussian	9990000000.000000	9990000000.000000
541	1	1048.691620	915.120273	     -1.00	   2288.74	   3551.67	      2.29	      2.13	     40.08	     37.36	-45.25	 1.528e+01	     -9.26	0	Gaussian	9990000000.000000	9990000000.000000
542	1	1052.605396	904.943222	     -1.00	   4417.48	   3330.99	      2.41	      2.04	     42.17	     35.73	37.72	 1.619e+01	     -9.26	0	Gaussian	9990000000.000000	9990000000.000000
543	1	1068.440223	1520.761986	     -1.00	   3224.65	   1813.90	      1.90	      1.54	     33.22	     26.99	28.54	 3.446e+01	     -9.26	0	Gaussian	9990000000.000000	9990000000.000000
544	1	1049.862704	1172.842535	     -1.00	   2617.17	   3760.91	      2.25	      1.69	     39.30	     29.58	-56.11	 1.758e+01	     -9.26	0	Gaussian	9990000000.000000	9990000000.000000
545	1	1059.550693	945.954803	     -1.00	   3034.79	    863.37	      2.23	      2.11	     39.06	     36.85	-19.81	 2.205e+01	     -9.25	0	Gaussian	9990000000.000000	9990000000.000000
546	1	1051.730831	827.608264	     -1.00	   3049.17	    117.23	      2.62	      2.05	     45.83	     35.85	85.97	 1.743e+01	     -9.25	0	Gaussian	9990000000.000000	9990000000.000000
547	1	1068.998294	1378.070206	     -1.00	   3035.00	   1187.11	      2.06	      1.56	     36.06	     27.31	-38.49	 4.221e+01	     -9.25	0	Gaussian	9990000000.000000	9990000000.000000
548	1	1055.501306	859.394132	     -1.00	   1837.52	   1780.13	      2.45	      2.10	     42.93	     36.71	21.27	 1.663e+01	     -9.25	0	Gaussian	9990000000.000000	9990000000.000000
549	1	1056.527621	1575.632251	     -1.00	   4041.76	   2004.12	      1.92	      1.46	     33.58	     25.59	-42.52	 2.384e+01	     -9.25	0	Gaussian	9990000000.000000	9990000000.000000
550	1	1054.145066	842.861726	     -1.00	   1980.24	   1216.18	      2.31	      2.26	     40.51	     39.61	26.51	 1.927e+01	     -9.25	0	Gaussian	9990000000.000000	9990000000.000000
551	1	1053.202988	759.067103	     -1.00	   2798.63	    518.67	      2.49	      2.34	     43.57	     40.89	39.94	 1.499e+01	     -9.25	0	Gaussian	9990000000.000000	9990000000.000000
552	1	1048.327933	777.576598	     -1.00	    922.00	   1471.91	      2.38	      2.38	     41.69	     41.69	74.64	 1.689e+01	     -9.25	0	Gaussian	9990000000.000000	9990000000.000000
553	1	1039.042318	1098.219723	     -1.00	   5890.63	   3599.60	      2.64	      1.52	     46.22	     26.57	43.50	 2.185e+01	     -9.24	0	Gaussian	9990000000.000000	9990000000.000000
554	1	1060.882094	717.961041	     -1.00	   1143.20	    638.62	      2.70	      2.27	     47.29	     39.71	23.31	 7.159e+01	     -9.24	0	Gaussian	9990000000.000000	9990000000.000000
555	1	1047.076023	868.640781	     -1.00	   5573.02	    737.36	      2.43	      2.08	     42.50	     36.44	4.66	 2.330e+01	     -9.24	0	Gaussian	9990000000.000000	9990000000.000000
556	1	1044.149149	714.187075	     -1.00	   1184.68	    244.71	      2.78	      2.21	     48.64	     38.71	-13.75	 1.564e+01	     -9.24	0	Gaussian	9990000000.000000	9990000000.000000
557	1	1042.763814	957.323519	     -1.00	    433.75	   3303.95	      2.32	      1.97	     40.59	     34.55	-30.28	 2.140e+01	     -9.24	0	Gaussian	9990000000.000000	9990000000.000000
558	1	1050.553355	797.460175	     -1.00	   1561.26	   2947.47	      2.56	      2.14	     44.78	     37.54	-1.60	 2.276e+01	     -9.24	0	Gaussian	9990000000.000000	9990000000.000000
559	1	1056.742823	1073.301073	     -1.00	   4726.77	   2647.79	      2.36	      1.73	     41.30	     30.22	47.37	 1.794e+01	     -9.24	0	Gaussian	9990000000.000000	9990000000.000000
560	1	1049.345345	930.883615	     -1.00	   5518.28	   1813.12	      2.60	      1.80	     45.57	     31.57	5.58	 1.531e+01	     -9.24	0	Gaussian	9990000000.000000	9990000000.000000
561	1	1049.906979	852.566611	     -1.00	   4951.73	   3562.90	      2.26	      2.26	     39.61	     39.61	-89.05	 2.250e+01	     -9.24	0	Gaussian	9990000000.000000	9990000000.000000
562	1	1059.484779	1495.748580	     -1.00	   4258.26	   1579.88	      1.90	      1.53	     33.23	     26.86	-31.62	 2.632e+01	     -9.23	0	Gaussian	9990000000.000000	9990000000.000000
563	1	1040.521937	875.448209	     -1.00	    137.74	   2805.05	      2.43	      2.05	     42.53	     35.84	0.95	 1.974e+01	     -9.23	0	Gaussian	9990000000.000000	9990000000.000000
564	1	1038.873726	900.075566	     -1.00	    259.36	    747.10	      2.44	      1.99	     42.62	     34.78	-19.08	 2.147e+01	     -9.23	0	Gaussian	9990000000.000000	9990000000.000000
565	1	1054.802942	817.838419	     -1.00	   4614.89	   2780.42	      2.56	      2.08	     44.78	     36.38	16.27	 2.041e+01	     -9.23	0	Gaussian	9990000000.000000	9990000000.000000
566	1	1054.871787	1499.414860	     -1.00	   3303.88	   3522.07	      2.02	      1.43	     35.32	     25.05	-39.27	 2.129e+01	     -9.23	0	Gaussian	9990000000.000000	9990000000.000000
567	1	1053.196752	1056.142902	     -1.00	   2489.13	   3267.91	      2.25	      1.82	     39.43	     31.82	30.69	 2.065e+01	     -9.23	0	Gaussian	9990000000.000000	9990000000.000000
568	1	1040.292398	751.870262	     -1.00	    111.56	   1762.94	      2.55	      2.25	     44.66	     39.41	-20.03	 1.869e+01	     -9.22	0	Gaussian	9990000000.000000	9990000000.000000
569	1	1056.153448	655.995539	     -1.00	   1336.46	   1671.57	      2.75	      2.39	     48.22	     41.80	44.13	 3.277e+01	     -9.22	0	Gaussian	9990000000.000000	9990000000.000000
570	1	1059.676774	1170.971814	     -1.00	   4091.89	   2138.41	      1.92	      1.92	     33.57	     33.57	26.86	 2.473e+01	     -9.22	0	Gaussian	9990000000.000000	9990000000.000000
571	1	1055.958206	1131.598572	     -1.00	   1766.26	   1961.26	      2.19	      1.73	     38.42	     30.33	26.18	 1.650e+01	     -9.22	0	Gaussian	9990000000.000000	9990000000.000000
572	1	1056.455616	1032.980440	     -1.00	   3978.87	    718.12	      2.24	      1.86	     39.27	     32.49	54.24	 2.182e+01	     -9.22	0	Gaussian	9990000000.000000	9990000000.000000
573	1	1048.814992	759.746926	     -1.00	   2667.01	     86.03	      2.55	      2.22	     44.57	     38.81	52.39	 1.660e+01	     -9.22	0	Gaussian	9990000000.000000	9990000000.000000
574	1	1049.489108	900.928459	     -1.00	    987.14	   1936.97	      2.32	      2.06	     40.52	     35.98	-16.57	 1.775e+01	     -9.22	0	Gaussian	9990000000.000000	9990000000.000000
575	1	1058.764582	889.128245	     -1.00	   4460.68	   1649.31	      2.33	      2.07	     40.73	     36.23	24.51	 1.627e+01	     -9.21	0	Gaussian	9990000000.000000	9990000000.000000
576	1	1049.062510	1028.037682	     -1.00	   1458.42	   3775.25	      2.20	      1.89	     38.51	     33.09	33.03	 1.787e+01	     -9.21	0	Gaussian	9990000000.000000	9990000000.000000
577	1	1053.020145	736.827546	     -1.00	   2312.75	   1066.82	      2.73	      2.12	     47.86	     37.13	11.57	 1.456e+01	     -9.21	0	Gaussian	9990000000.000000	9990000000.000000
578	1	1052.976619	865.555036	     -1.00	   1613.41	   1054.19	      2.46	      2.00	     43.03	     35.02	37.36	 1.900e+01	     -9.21	0	Gaussian	9990000000.000000	9990000000.000000
579	1	1053.385551	671.768474	     -1.00	   5015.13	   1613.86	      2.83	      2.23	     49.61	     39.07	6.07	 1.626e+01	     -9.21	0	Gaussian	9990000000.000000	9990000000.000000
580	1	1052.528265	1049.779875	     -1.00	   4414.21	   3381.31	      2.38	      1.70	     41.59	     29.67	45.09	 1.594e+01	     -9.20	0	Gaussian	9990000000.000000	9990000000.000000
581	1	1057.436563	957.028739	     -1.00	   3425.63	   1182.60	      2.53	      1.75	     44.22	     30.60	51.74	 1.471e+01	     -9.20	0	Gaussian	9990000000.000000	9990000000.000000
582	1	1051.173123	711.273517	     -1.00	   2119.14	    607.00	      2.58	      2.30	     45.15	     40.25	6.83	 1.313e+01	     -9.20	0	Gaussian	9990000000.000000	9990000000.000000
583	1	1024.805320	656.983441	     -1.00	     41.76	   3909.36	      2.76	      2.32	     48.32	     40.69	-9.79	 1.798e+01	     -9.20	0	Gaussian	9990000000.000000	9990000000.000000
584	1	1054.841950	831.928950	     -1.00	   4965.64	   1554.12	      2.55	      1.99	     44.62	     34.80	-1.09	 1.518e+01	     -9.20	0	Gaussian	9990000000.000000	9990000000.000000
585	1	1056.107008	907.585541	     -1.00	   2587.00	   1078.29	      2.26	      2.05	     39.53	     35.97	32.61	 1.771e+01	     -9.20	0	Gaussian	9990000000.000000	9990000000.000000
586	1	1057.510321	1364.025710	     -1.00	   3984.71	   3007.85	      2.12	      1.46	     37.10	     25.49	34.07	 1.963e+01	     -9.20	0	Gaussian	9990000000.000000	9990000000.000000
587	1	1060.947127	887.531059	     -1.00	   2934.96	   1044.63	      2.20	      2.16	     38.49	     37.73	-88.80	 1.965e+01	     -9.20	0	Gaussian	9990000000.000000	9990000000.000000
588	1	1059.323544	1537.471563	     -1.00	   2856.80	   2809.90	      1.96	      1.40	     34.22	     24.49	33.38	 2.156e+01	     -9.20	0	Gaussian	9990000000.000000	9990000000.000000
589	1	1046.740765	647.041189	     -1.00	   1381.40	    999.69	      2.61	      2.49	     45.62	     43.55	27.59	 1.357e+01	     -9.19	0	Gaussian	9990000000.000000	9990000000.000000
590	1	1051.328560	1006.029039	     -1.00	   5455.28	   3304.15	      2.43	      1.71	     42.61	     29.97	42.84	 2.064e+01	     -9.19	0	Gaussian	9990000000.000000	9990000000.000000
591	1	1040.238817	419.272108	     -1.00	   6049.79	   2485.72	      3.78	      2.65	     66.10	     46.31	56.61	 1.275e+01	     -9.19	0	Gaussian	9990000000.000000	9990000000.000000
592	1	1049.329337	966.544083	     -1.00	    695.11	   3158.60	      2.27	      1.91	     39.69	     33.41	-37.22	 2.319e+01	     -9.19	0	Gaussian	9990000000.000000	9990000000.000000
593	1	1061.696529	1497.853589	     -1.00	   3218.98	   2165.92	      2.00	      1.39	     35.02	     24.42	30.03	 1.864e+01	     -9.19	0	Gaussian	9990000000.000000	9990000000.000000
594	1	1056.518491	855.629416	     -1.00	   3175.57	   1441.57	      2.42	      2.01	     42.34	     35.23	8.09	 1.835e+01	     -9.19	0	Gaussian	9990000000.000000	9990000000.000000
595	1	1052.070765	883.150716	     -1.00	   3766.55	   3817.69	      2.17	      2.17	     37.98	     37.98	-28.97	 1.819e+01	     -9.18	0	Gaussian	9990000000.000000	9990000000.000000
596	1	1057.475508	1264.273300	     -1.00	   3074.96	   1173.22	      2.02	      1.63	     35.28	     28.49	-44.23	 2.409e+01	     -9.18	0	Gaussian	9990000000.000000	9990000000.000000
597	1	1056.140075	919.361407	     -1.00	   2858.35	    561.27	      2.24	      2.00	     39.29	     35.09	43.59	 1.822e+01	     -9.18	0	Gaussian	9990000000.000000	9990000000.000000
598	1	1054.212354	1074.452110	     -1.00	   4212.83	   3029.26	      2.00	      1.92	     35.09	     33.62	-55.43	 2.167e+01	     -9.18	0	Gaussian	9990000000.000000	9990000000.000000
599	1	1060.259502	1072.802482	     -1.00	   3011.82	   1148.33	      2.02	      1.91	     35.28	     33.47	-44.92	 2.143e+01	     -9.18	0	Gaussian	9990000000.000000	9990000000.000000
600	1	1051.290082	999.555172	     -1.00	   1253.11	   2701.13	      2.28	      1.81	     39.83	     31.74	-27.60	 2.031e+01	     -9.17	0	Gaussian	9990000000.000000	9990000000.000000
601	1	1055.725269	879.476446	     -1.00	   2903.50	   2547.33	      2.41	      1.94	     42.18	     34.03	-5.03	 1.790e+01	     -9.17	0	Gaussian	9990000000.000000	9990000000.000000
602	1	1045.195857	342.464995	     -1.00	   3918.40	     33.88	      4.72	      2.54	     82.64	     44.52	51.49	 1.510e+01	     -9.17	0	Gaussian	9990000000.000000	9990000000.000000
603	1	1058.291277	1273.527298	     -1.00	   3533.31	   1918.19	      2.00	      1.61	     35.00	     28.18	47.74	 1.950e+01	     -9.17	0	Gaussian	9990000000.000000	9990000000.000000
604	1	1058.089857	996.253444	     -1.00	   4799.66	   2964.67	      2.65	      1.55	     46.30	     27.19	42.60	 2.110e+01	     -9.17	0	Gaussian	9990000000.000000	9990000000.000000
605	1	1055.090484	712.286814	     -1.00	   2727.32	    234.13	      2.69	      2.14	     47.08	     37.39	52.08	 2.271e+01	     -9.17	0	Gaussian	9990000000.000000	9990000000.000000
606	1	1055.167637	778.269661	     -1.00	   1935.91	    929.26	      2.43	      2.16	     42.59	     37.80	39.26	 1.599e+01	     -9.16	0	Gaussian	9990000000.000000	9990000000.000000
607	1	1045.900531	964.828419	     -1.00	   5431.00	    546.07	      2.51	      1.69	     44.00	     29.50	32.76	 1.632e+01	     -9.16	0	Gaussian	9990000000.000000	9990000000.000000
608	1	1056.226335	1323.105913	     -1.00	   3615.14	   1148.31	      2.07	      1.49	     36.23	     26.08	52.47	 1.921e+01	     -9.16	0	Gaussian	9990000000.000000	9990000000.000000
609	1	1051.319194	848.422931	     -1.00	   2682.97	   3927.46	      2.33	      2.06	     40.75	     36.11	78.50	 1.607e+01	     -9.16	0	Gaussian	9990000000.000000	9990000000.000000
610	1	1056.950724	1241.571353	     -1.00	   4264.92	   2663.95	      1.81	      1.81	     31.71	     31.71	-62.88	 2.580e+01	     -9.16	0	Gaussian	9990000000.000000	9990000000.000000
611	1	1063.743784	844.429675	     -1.00	   3331.27	    697.24	      2.20	      2.20	     38.43	     38.43	48.28	 4.228e+01	     -9.16	0	Gaussian	9990000000.000000	9990000000.000000
612	1	1048.377150	684.794231	     -1.00	   4385.91	   3751.47	      2.57	      2.31	     44.95	     40.49	51.53	 1.450e+01	     -9.16	0	Gaussian	9990000000.000000	9990000000.000000
613	1	1053.884856	1097.850341	     -1.00	   2011.91	   1711.06	      2.20	      1.68	     38.46	     29.49	20.59	 1.720e+01	     -9.16	0	Gaussian	9990000000.000000	9990000000.000000
614	1	1052.304168	777.462733	     -1.00	   2446.65	   3118.51	      2.44	      2.13	     42.72	     37.34	-10.00	 1.596e+01	     -9.15	0	Gaussian	9990000000.000000	9990000000.000000
615	1	1056.176228	990.634957	     -1.00	   3767.04	   2113.52	      2.10	      1.95	     36.72	     34.09	26.46	 2.433e+01	     -9.15	0	Gaussian	9990000000.000000	9990000000.000000
616	1	1055.236434	751.268973	     -1.00	   2325.58	   1219.42	      2.43	      2.21	     42.60	     38.73	15.46	 1.772e+01	     -9.15	0	Gaussian	9990000000.000000	9990000000.000000
617	1	1050.205284	992.578296	     -1.00	   5012.70	   3727.84	      2.40	      1.69	     42.08	     29.65	41.85	 1.767e+01	     -9.15	0	Gaussian	9990000000.000000	9990000000.000000
618	1	1058.928306	1401.457243	     -1.00	   3298.99	   1492.06	      2.06	      1.40	     36.13	     24.45	44.29	 1.880e+01	     -9.15	0	Gaussian	9990000000.000000	9990000000.000000
619	1	1056.372897	1117.208934	     -1.00	   4155.88	   1432.39	      2.03	      1.78	     35.45	     31.17	-64.12	 2.252e+01	     -9.15	0	Gaussian	9990000000.000000	9990000000.000000
620	1	1062.931925	1334.082948	     -1.00	   3682.34	   2765.88	      1.91	      1.58	     33.48	     27.61	-40.46	 2.935e+01	     -9.15	0	Gaussian	9990000000.000000	9990000000.000000
621	1	1055.214766	1376.928389	     -1.00	   4253.74	   1896.20	      1.95	      1.50	     34.08	     26.27	-43.59	 2.121e+01	     -9.15	0	Gaussian	9990000000.000000	9990000000.000000
622	1	1048.120508	775.525191	     -1.00	   5662.41	   2322.19	      2.72	      1.90	     47.55	     33.26	6.81	 1.834e+01	     -9.14	0	Gaussian	9990000000.000000	9990000000.000000
623	1	1054.643597	1032.214685	     -1.00	   3194.49	   3271.88	      2.14	      1.81	     37.50	     31.59	6.18	 1.734e+01	     -9.14	0	Gaussian	9990000000.000000	9990000000.000000
624	1	1059.734627	1021.245411	     -1.00	   2456.34	   1735.24	      2.21	      1.77	     38.68	     30.93	25.54	 1.621e+01	     -9.14	0	Gaussian	9990000000.000000	9990000000.000000
625	1	1054.624338	1201.541435	     -1.00	   3148.15	   3311.65	      1.98	      1.67	     34.72	     29.17	-45.23	 1.943e+01	     -9.13	0	Gaussian	9990000000.000000	9990000000.000000
626	1	1044.190072	815.147238	     -1.00	    811.51	    678.06	      2.29	      2.13	     40.11	     37.21	-19.40	 1.789e+01	     -9.13	0	Gaussian	9990000000.000000	9990000000.000000
627	1	1047.827000	1007.623124	     -1.00	    335.23	   2485.00	      2.26	      1.75	     39.48	     30.57	-36.61	 2.379e+01	     -9.13	0	Gaussian	9990000000.000000	9990000000.000000
628	1	1051.134170	628.936769	     -1.00	   3065.81	     11.75	      2.87	      2.20	     50.23	     38.47	83.64	 1.493e+01	     -9.13	0	Gaussian	9990000000.000000	9990000000.000000
629	1	1050.389651	1181.792825	     -1.00	   4742.95	   3635.96	      2.36	      1.42	     41.24	     24.93	42.75	 1.667e+01	     -9.13	0	Gaussian	9990000000.000000	9990000000.000000
630	1	1051.391056	697.258179	     -1.00	   4895.48	   1393.78	      2.77	      2.05	     48.50	     35.89	-2.40	 1.544e+01	     -9.13	0	Gaussian	9990000000.000000	9990000000.000000
631	1	1059.855819	1173.910258	     -1.00	   2896.85	   1447.87	      1.84	      1.84	     32.12	     32.12	-63.74	 2.586e+01	     -9.13	0	Gaussian	9990000000.000000	9990000000.000000
632	1	1050.968509	1067.410702	     -1.00	   1651.22	   3452.69	      2.22	      1.66	     38.89	     29.13	-50.86	 1.608e+01	     -9.13	0	Gaussian	9990000000.000000	9990000000.000000
633	1	1055.043149	925.415902	     -1.00	   3960.23	    792.09	      2.19	      1.94	     38.40	     34.02	-38.09	 2.117e+01	     -9.13	0	Gaussian	9990000000.000000	9990000000.000000
634	1	1059.731854	1218.037130	     -1.00	   2708.96	   1269.88	      2.08	      1.56	     36.40	     27.25	38.98	 2.323e+01	     -9.13	0	Gaussian	9990000000.000000	9990000000.000000
635	1	1050.713386	924.842841	     -1.00	   2770.01	   3929.38	      2.21	      1.93	     38.71	     33.74	84.17	 1.550e+01	     -9.12	0	Gaussian	9990000000.000000	9990000000.000000
636	1	1045.807735	590.468080	     -1.00	   5257.28	   3715.40	      2.59	      2.58	     45.34	     45.10	-28.19	 1.470e+01	     -9.12	0	Gaussian	9990000000.000000	9990000000.000000
637	1	1050.910982	886.034210	     -1.00	   4644.09	   2950.92	      2.11	      2.11	     36.90	     36.90	-77.65	 2.208e+01	     -9.12	0	Gaussian	9990000000.000000	9990000000.000000
638	1	1049.493764	619.055015	     -1.00	   2035.70	     36.52	      2.68	      2.37	     46.94	     41.50	22.40	 1.404e+01	     -9.12	0	Gaussian	9990000000.000000	9990000000.000000
639	1	1057.573022	841.207596	     -1.00	   5441.89	    684.00	      2.16	      2.16	     37.83	     37.83	-49.28	 4.593e+01	     -9.12	0	Gaussian	9990000000.000000	9990000000.000000
640	1	1054.733566	958.423870	     -1.00	   4817.66	   2875.26	      2.73	      1.50	     47.86	     26.23	9.95	 2.044e+01	     -9.12	0	Gaussian	9990000000.000000	9990000000.000000
641	1	1057.549686	820.663372	     -1.00	   2224.97	   1244.76	      2.33	      2.04	     40.79	     35.73	4.63	 1.978e+01	     -9.11	0	Gaussian	9990000000.000000	9990000000.000000
642	1	1053.351817	794.951958	     -1.00	   4429.51	   2479.19	      2.42	      2.03	     42.31	     35.47	23.91	 1.752e+01	     -9.11	0	Gaussian	9990000000.000000	9990000000.000000
643	1	1044.910040	675.965203	     -1.00	    590.77	   3338.13	      2.62	      2.20	     45.83	     38.48	8.45	 1.576e+01	     -9.11	0	Gaussian	9990000000.000000	9990000000.000000
644	1	1052.235433	683.487412	     -1.00	   1783.47	    998.03	      2.54	      2.24	     44.51	     39.17	4.69	 1.364e+01	     -9.11	0	Gaussian	9990000000.000000	9990000000.000000
645	1	1047.964705	640.457693	     -1.00	   3906.07	    240.35	      2.58	      2.36	     45.08	     41.26	-39.27	 1.389e+01	     -9.11	0	Gaussian	9990000000.000000	9990000000.000000
646	1	1048.387749	839.427019	     -1.00	   1534.04	   2755.80	      2.38	      1.94	     41.68	     34.00	-38.03	 1.664e+01	     -9.11	0	Gaussian	9990000000.000000	9990000000.000000
647	1	1058.065809	802.268014	     -1.00	   2667.93	    881.50	      2.30	      2.10	     40.31	     36.73	59.44	 2.012e+01	     -9.11	0	Gaussian	9990000000.000000	9990000000.000000
648	1	1054.090366	1011.777275	     -1.00	   4435.14	   3417.99	      2.39	      1.60	     41.90	     28.01	41.80	 1.953e+01	     -9.11	0	Gaussian	9990000000.000000	9990000000.000000
649	1	1059.909049	1177.483552	     -1.00	   3133.35	   1146.21	      2.03	      1.62	     35.59	     28.31	36.84	 1.731e+01	     -9.11	0	Gaussian	9990000000.000000	9990000000.000000
650	1	1056.034085	869.863912	     -1.00	   3935.59	   3200.26	      2.28	      1.95	     39.85	     34.18	27.92	 1.571e+01	     -9.10	0	Gaussian	9990000000.000000	9990000000.000000
651	1	1060.616350	1197.015990	     -1.00	   2856.08	   1697.23	      2.11	      1.53	     36.88	     26.81	37.87	 1.958e+01	     -9.10	0	Gaussian	9990000000.000000	9990000000.000000
652	1	1041.486952	533.713791	     -1.00	    277.32	   1512.60	      2.75	      2.63	     48.08	     46.07	12.06	 1.429e+01	     -9.10	0	Gaussian	9990000000.000000	9990000000.000000
653	1	1041.063910	1281.585325	     -1.00	    399.23	   3732.72	      2.22	      1.36	     38.82	     23.76	-48.04	 2.285e+01	     -9.10	0	Gaussian	9990000000.000000	9990000000.000000
654	1	1058.789057	978.825733	     -1.00	   2305.46	   1532.93	      2.13	      1.85	     37.34	     32.32	1.58	 1.917e+01	     -9.10	0	Gaussian	9990000000.000000	9990000000.000000
655	1	1054.635832	971.960718	     -1.00	   2044.94	   2800.89	      2.30	      1.72	     40.33	     30.10	-39.57	 1.809e+01	     -9.10	0	Gaussian	9990000000.000000	9990000000.000000
656	1	1055.331582	937.444668	     -1.00	   3228.43	   3463.19	      2.18	      1.88	     38.17	     32.95	24.70	 1.625e+01	     -9.10	0	Gaussian	9990000000.000000	9990000000.000000
657	1	1041.035199	701.321007	     -1.00	    544.36	    810.25	      2.51	      2.18	     43.90	     38.23	-27.77	 2.013e+01	     -9.10	0	Gaussian	9990000000.000000	9990000000.000000
658	1	1040.905874	632.586507	     -1.00	     63.68	   2009.48	      2.58	      2.35	     45.14	     41.13	-6.80	 1.784e+01	     -9.09	0	Gaussian	9990000000.000000	9990000000.000000
659	1	1055.244224	1300.106604	     -1.00	   3740.97	   1180.11	      2.12	      1.39	     37.07	     24.34	52.08	 1.960e+01	     -9.09	0	Gaussian	9990000000.000000	9990000000.000000
660	1	1045.552961	704.954160	     -1.00	   5817.28	   2047.37	      2.72	      2.00	     47.59	     34.95	15.16	 1.614e+01	     -9.09	0	Gaussian	9990000000.000000	9990000000.000000
661	1	1048.926527	548.818818	     -1.00	   5111.77	    588.58	      2.88	      2.42	     50.45	     42.30	2.69	 1.406e+01	     -9.09	0	Gaussian	9990000000.000000	9990000000.000000
662	1	1048.294849	598.350530	     -1.00	   1174.58	   1400.44	      2.61	      2.45	     45.74	     42.80	5.47	 1.810e+01	     -9.09	0	Gaussian	9990000000.000000	9990000000.000000
663	1	1044.208474	720.052040	     -1.00	    895.66	    750.14	      2.42	      2.20	     42.29	     38.46	-36.17	 1.694e+01	     -9.09	0	Gaussian	9990000000.000000	9990000000.000000
664	1	1054.683346	825.452559	     -1.00	   3167.50	   1967.59	      2.41	      1.92	     42.14	     33.64	0.00	 1.851e+01	     -9.09	0	Gaussian	9990000000.000000	9990000000.000000
665	1	1048.799501	767.929401	     -1.00	   1351.23	   2982.13	      2.39	      2.08	     41.79	     36.39	-11.18	 1.458e+01	     -9.09	0	Gaussian	9990000000.000000	9990000000.000000
666	1	1061.747230	1049.287709	     -1.00	   2809.94	   1760.64	      2.08	      1.75	     36.32	     30.57	29.38	 2.944e+01	     -9.09	0	Gaussian	9990000000.000000	9990000000.000000
667	1	1058.407317	757.204973	     -1.00	   2797.74	   1566.56	      2.39	      2.10	     41.92	     36.69	26.42	 1.196e+01	     -9.09	0	Gaussian	9990000000.000000	9990000000.000000
668	1	1059.314058	1720.304999	     -1.00	   3992.78	   2057.77	      1.90	      1.16	     33.19	     20.37	47.84	 1.835e+01	     -9.08	0	Gaussian	9990000000.000000	9990000000.000000
669	1	1053.692292	647.645480	     -1.00	   4122.00	    423.35	      2.50	      2.33	     43.84	     40.87	-48.09	 1.542e+01	     -9.08	0	Gaussian	9990000000.000000	9990000000.000000
670	1	1051.181629	662.441271	     -1.00	   2464.12	    150.78	      2.50	      2.29	     43.72	     40.00	31.16	 1.779e+01	     -9.08	0	Gaussian	9990000000.000000	9990000000.000000
671	1	1045.974539	1158.638194	     -1.00	    335.88	   1780.17	      2.09	      1.56	     36.54	     27.28	-51.82	 2.449e+01	     -9.08	0	Gaussian	9990000000.000000	9990000000.000000
672	1	1055.448735	962.640420	     -1.00	   1934.64	   1733.92	      2.21	      1.77	     38.63	     31.06	16.71	 1.583e+01	     -9.08	0	Gaussian	9990000000.000000	9990000000.000000
673	1	1052.277121	716.644589	     -1.00	   1435.99	   1591.13	      2.45	      2.15	     42.82	     37.59	19.15	 1.417e+01	     -9.08	0	Gaussian	9990000000.000000	9990000000.000000
674	1	1052.702069	713.046165	     -1.00	   5428.90	   1648.86	      2.80	      1.89	     48.96	     33.04	8.65	 2.053e+01	     -9.07	0	Gaussian	9990000000.000000	9990000000.000000
675	1	1052.425950	1051.392882	     -1.00	   1628.97	   2927.17	      2.21	      1.62	     38.70	     28.32	-44.64	 2.308e+01	     -9.07	0	Gaussian	9990000000.000000	9990000000.000000
676	1	1056.941484	812.880807	     -1.00	   3329.26	   2583.61	      2.18	      2.12	     38.13	     37.12	32.60	 2.011e+01	     -9.07	0	Gaussian	9990000000.000000	9990000000.000000
677	1	1057.352435	1084.904672	     -1.00	   3075.34	   2460.79	      1.98	      1.75	     34.62	     30.60	-18.75	 1.683e+01	     -9.07	0	Gaussian	9990000000.000000	9990000000.000000
678	1	1056.057133	881.950107	     -1.00	   2164.90	   1145.42	      2.06	      2.06	     36.08	     36.08	20.13	 1.736e+01	     -9.07	0	Gaussian	9990000000.000000	9990000000.000000
679	1	1059.352438	863.926579	     -1.00	   3420.70	   1056.99	      2.25	      1.92	     39.42	     33.65	-16.28	 2.403e+01	     -9.07	0	Gaussian	9990000000.000000	9990000000.000000
680	1	1060.432190	1044.716596	     -1.00	   2277.55	   1872.92	      2.11	      1.69	     36.99	     29.64	-9.50	 2.004e+01	     -9.07	0	Gaussian	9990000000.000000	9990000000.000000
681	1	1049.568690	681.285205	     -1.00	   2830.78	    465.58	      2.52	      2.17	     44.15	     38.05	64.44	 1.438e+01	     -9.07	0	Gaussian	9990000000.000000	9990000000.000000
682	1	1060.003187	1217.531400	     -1.00	   2630.84	   2105.93	      2.07	      1.48	     36.17	     25.98	29.16	 1.777e+01	     -9.07	0	Gaussian	9990000000.000000	9990000000.000000
683	1	1056.020477	1148.446387	     -1.00	   4348.05	   2565.90	      2.13	      1.52	     37.31	     26.69	-45.44	 2.046e+01	     -9.07	0	Gaussian	9990000000.000000	9990000000.000000
684	1	1049.841802	762.805697	     -1.00	   1060.34	   3581.30	      2.23	      2.19	     39.09	     38.32	-19.86	 3.101e+01	     -9.06	0	Gaussian	9990000000.000000	9990000000.000000
685	1	1051.011540	666.032829	     -1.00	   5257.95	   1835.70	      2.37	      2.37	     41.41	     41.41	-66.03	 2.056e+01	     -9.06	0	Gaussian	9990000000.000000	9990000000.000000
686	1	1060.742641	941.715751	     -1.00	   2995.15	   2231.19	      2.21	      1.78	     38.76	     31.18	-23.32	 2.181e+01	     -9.06	0	Gaussian	9990000000.000000	9990000000.000000
687	1	1061.462578	802.687509	     -1.00	   3397.81	   2931.48	      2.21	      2.09	     38.76	     36.58	-49.22	 4.437e+01	     -9.06	0	Gaussian	9990000000.000000	9990000000.000000
688	1	1049.517670	643.007008	     -1.00	   1086.41	   1141.20	      2.58	      2.24	     45.11	     39.15	32.64	 1.688e+01	     -9.06	0	Gaussian	9990000000.000000	9990000000.000000
689	1	1058.341337	676.220150	     -1.00	   2503.21	    588.34	      2.50	      2.19	     43.83	     38.30	56.34	 3.030e+01	     -9.06	0	Gaussian	9990000000.000000	9990000000.000000
690	1	1054.268749	632.000338	     -1.00	   4630.08	   3036.05	      2.78	      2.11	     48.69	     36.87	2.65	 1.324e+01	     -9.06	0	Gaussian	9990000000.000000	9990000000.000000
691	1	1045.677207	830.932228	     -1.00	   1209.00	   3575.25	      2.31	      1.92	     40.50	     33.64	-45.88	 1.904e+01	     -9.05	0	Gaussian	9990000000.000000	9990000000.000000
692	1	1045.455134	627.840818	     -1.00	   5858.70	   2134.59	      2.87	      2.05	     50.26	     35.83	11.46	 2.307e+01	     -9.05	0	Gaussian	9990000000.000000	9990000000.000000
693	1	1050.774132	665.188358	     -1.00	   1461.55	   2241.59	      2.74	      2.02	     47.98	     35.34	1.81	 1.504e+01	     -9.05	0	Gaussian	9990000000.000000	9990000000.000000
694	1	1052.726725	892.923085	     -1.00	   1777.05	   1928.12	      2.03	      2.03	     35.49	     35.49	-87.57	 2.017e+01	     -9.05	0	Gaussian	9990000000.000000	9990000000.000000
695	1	1041.313171	399.266704	     -1.00	    325.94	   1312.28	      4.26	      2.16	     74.56	     37.75	20.27	 1.546e+01	     -9.05	0	Gaussian	9990000000.000000	9990000000.000000
696	1	1046.455590	570.893464	     -1.00	    919.40	   2812.30	      2.62	      2.45	     45.83	     42.90	-70.66	 1.255e+01	     -9.05	0	Gaussian	9990000000.000000	9990000000.000000
697	1	1054.723894	856.945222	     -1.00	   3508.89	    837.00	      2.22	      1.93	     38.83	     33.70	-37.26	 1.783e+01	     -9.04	0	Gaussian	9990000000.000000	9990000000.000000
698	1	1056.949018	898.044486	     -1.00	   4203.96	   1032.01	      2.21	      1.84	     38.69	     32.27	-34.23	 1.601e+01	     -9.04	0	Gaussian	9990000000.000000	9990000000.000000
699	1	1052.380132	735.614182	     -1.00	   2287.43	   3584.27	      2.25	      2.21	     39.41	     38.67	-12.82	 1.508e+01	     -9.04	0	Gaussian	9990000000.000000	9990000000.000000
700	1	1056.242592	724.886067	     -1.00	   4804.71	   2950.13	      2.50	      2.02	     43.77	     35.33	18.87	 1.662e+01	     -9.04	0	Gaussian	9990000000.000000	9990000000.000000
701	1	1049.236980	687.883252	     -1.00	   2830.69	   4028.51	      2.37	      2.24	     41.49	     39.25	54.70	 1.458e+01	     -9.04	0	Gaussian	9990000000.000000	9990000000.000000
702	1	1052.634351	917.672357	     -1.00	   4448.26	   1773.02	      2.26	      1.76	     39.50	     30.87	32.94	 1.731e+01	     -9.04	0	Gaussian	9990000000.000000	9990000000.000000
703	1	1056.810322	1055.952527	     -1.00	   2520.00	   2517.99	      2.22	      1.56	     38.78	     27.29	-24.95	 1.681e+01	     -9.04	0	Gaussian	9990000000.000000	9990000000.000000
704	1	1054.096380	1222.647254	     -1.00	   4280.34	   2009.18	      2.00	      1.49	     35.04	     26.09	37.61	 1.890e+01	     -9.04	0	Gaussian	9990000000.000000	9990000000.000000
705	1	1058.778378	920.032708	     -1.00	   2958.93	   1558.87	      1.99	      1.99	     34.82	     34.82	32.54	 2.024e+01	     -9.04	0	Gaussian	9990000000.000000	9990000000.000000
706	1	1053.638171	1166.575360	     -1.00	   3328.34	   3663.15	      1.98	      1.57	     34.66	     27.53	39.50	 2.300e+01	     -9.04	0	Gaussian	9990000000.000000	9990000000.000000
707	1	1048.761186	845.456059	     -1.00	   5024.05	   3673.02	      2.07	      2.07	     36.27	     36.27	-40.03	 2.426e+01	     -9.04	0	Gaussian	9990000000.000000	9990000000.000000
708	1	1048.500991	613.277300	     -1.00	   5571.00	   2128.58	      2.94	      2.01	     51.40	     35.25	23.43	 1.719e+01	     -9.03	0	Gaussian	9990000000.000000	9990000000.000000
709	1	1059.328025	1073.195955	     -1.00	   2597.76	   2406.25	      1.98	      1.70	     34.60	     29.82	-14.79	 1.710e+01	     -9.03	0	Gaussian	9990000000.000000	9990000000.000000
710	1	1042.365662	908.987371	     -1.00	    270.04	   1398.02	      1.99	      1.99	     34.90	     34.90	48.55	 2.241e+01	     -9.03	0	Gaussian	9990000000.000000	9990000000.000000
711	1	1048.614478	859.806429	     -1.00	   5187.84	   3558.91	      2.05	      2.05	     35.87	     35.87	-37.51	 2.421e+01	     -9.03	0	Gaussian	9990000000.000000	9990000000.000000
712	1	1055.097130	768.429306	     -1.00	   4189.74	    902.03	      2.38	      1.97	     41.72	     34.47	-18.08	 1.665e+01	     -9.03	0	Gaussian	9990000000.000000	9990000000.000000
713	1	1055.308168	760.608005	     -1.00	   2962.89	    693.63	      2.34	      2.02	     40.91	     35.39	66.07	 1.767e+01	     -9.02	0	Gaussian	9990000000.000000	9990000000.000000
714	1	1053.497564	572.161755	     -1.00	   4553.74	    979.70	      2.65	      2.37	     46.33	     41.48	6.60	 1.661e+01	     -9.02	0	Gaussian	9990000000.000000	9990000000.000000
715	1	1050.373658	658.805444	     -1.00	   2197.48	    322.50	      2.78	      1.96	     48.71	     34.24	52.13	 1.500e+01	     -9.02	0	Gaussian	9990000000.000000	9990000000.000000
716	1	1059.586175	812.146590	     -1.00	   2927.04	    996.61	      2.26	      1.95	     39.64	     34.12	78.58	 1.726e+01	     -9.02	0	Gaussian	9990000000.000000	9990000000.000000
717	1	1060.372803	1110.595727	     -1.00	   2581.38	   2484.94	      2.00	      1.62	     34.93	     28.28	-25.58	 2.302e+01	     -9.02	0	Gaussian	9990000000.000000	9990000000.000000
718	1	1062.300782	1208.284475	     -1.00	   2711.76	   2252.93	      2.01	      1.48	     35.12	     25.85	26.78	 2.009e+01	     -9.02	0	Gaussian	9990000000.000000	9990000000.000000
719	1	1042.855390	886.753426	     -1.00	    181.11	   2239.10	      2.32	      1.74	     40.53	     30.51	-39.70	 2.217e+01	     -9.02	0	Gaussian	9990000000.000000	9990000000.000000
720	1	1046.658942	1106.620301	     -1.00	    838.86	   3653.10	      2.17	      1.49	     37.93	     26.10	-47.53	 2.286e+01	     -9.02	0	Gaussian	9990000000.000000	9990000000.000000
721	1	1041.248350	709.506679	     -1.00	   5376.39	    195.91	      2.56	      1.97	     44.75	     34.51	18.61	 1.905e+01	     -9.02	0	Gaussian	9990000000.000000	9990000000.000000
722	1	1057.441808	1279.022187	     -1.00	   4309.78	   2596.67	      2.10	      1.33	     36.82	     23.25	46.91	 1.614e+01	     -9.02	0	Gaussian	9990000000.000000	9990000000.000000
723	1	1056.058728	839.629754	     -1.00	   3798.59	   3050.04	      2.23	      1.91	     39.00	     33.39	23.06	 1.758e+01	     -9.02	0	Gaussian	9990000000.000000	9990000000.000000
724	1	1045.097778	427.407775	     -1.00	    627.62	   1552.33	      3.09	      2.70	     54.05	     47.32	40.21	 1.356e+01	     -9.02	0	Gaussian	9990000000.000000	9990000000.000000
725	1	1042.877168	676.076835	     -1.00	   6032.94	   2335.18	      2.64	      2.00	     46.21	     34.92	15.86	 1.581e+01	     -9.01	0	Gaussian	9990000000.000000	9990000000.000000
726	1	1055.289595	1280.192515	     -1.00	   3447.69	   1550.82	      2.00	      1.39	     35.00	     24.34	38.90	 1.985e+01	     -9.01	0	Gaussian	9990000000.000000	9990000000.000000
727	1	1059.929144	854.094031	     -1.00	   2964.85	   1791.57	      2.17	      1.92	     37.94	     33.66	41.77	 1.427e+01	     -9.01	0	Gaussian	9990000000.000000	9990000000.000000
728	1	1059.084560	797.154613	     -1.00	   2822.36	   1694.12	      2.22	      2.01	     38.86	     35.19	-4.46	 2.018e+01	     -9.01	0	Gaussian	9990000000.000000	9990000000.000000
729	1	1045.476904	655.581998	     -1.00	   1308.87	    179.35	      2.71	      2.00	     47.37	     35.08	-40.34	 1.631e+01	     -9.01	0	Gaussian	9990000000.000000	9990000000.000000
730	1	1040.993931	682.808575	     -1.00	    831.40	     58.05	      2.48	      2.09	     43.45	     36.50	5.75	 1.596e+01	     -9.01	0	Gaussian	9990000000.000000	9990000000.000000
731	1	1060.561423	855.798868	     -1.00	   2680.38	   1770.08	      2.27	      1.82	     39.78	     31.78	0.14	 1.874e+01	     -9.01	0	Gaussian	9990000000.000000	9990000000.000000
732	1	1050.603714	538.604637	     -1.00	   1784.26	    881.50	      2.88	      2.27	     50.48	     39.76	37.42	 1.337e+01	     -9.00	0	Gaussian	9990000000.000000	9990000000.000000
733	1	1052.979433	638.657130	     -1.00	   2764.28	    262.49	      2.63	      2.10	     46.03	     36.77	82.48	 1.762e+01	     -9.00	0	Gaussian	9990000000.000000	9990000000.000000
734	1	1056.098020	877.146616	     -1.00	   3384.67	   1109.29	      2.07	      1.94	     36.28	     33.93	-38.64	 1.790e+01	     -9.00	0	Gaussian	9990000000.000000	9990000000.000000
735	1	1052.137938	896.768602	     -1.00	   2167.68	   2942.83	      2.16	      1.82	     37.72	     31.88	6.06	 1.650e+01	     -9.00	0	Gaussian	9990000000.000000	9990000000.000000
736	1	1051.069886	586.066094	     -1.00	   2785.44	    449.50	      2.59	      2.32	     45.33	     40.58	-87.33	 1.398e+01	     -9.00	0	Gaussian	9990000000.000000	9990000000.000000
737	1	1057.398932	904.406508	     -1.00	   3316.79	   1728.90	      2.24	      1.74	     39.17	     30.42	-16.00	 1.747e+01	     -9.00	0	Gaussian	9990000000.000000	9990000000.000000
738	1	1052.685957	654.181025	     -1.00	   5434.36	   2631.93	      2.75	      1.95	     48.10	     34.21	14.83	 1.724e+01	     -9.00	0	Gaussian	9990000000.000000	9990000000.000000
739	1	1033.429599	607.091753	     -1.00	     54.57	   3281.81	      2.71	      2.14	     47.36	     37.41	-24.29	 1.561e+01	     -9.00	0	Gaussian	9990000000.000000	9990000000.000000
740	1	1054.029504	685.777026	     -1.00	   4319.46	   3140.46	      2.26	      2.26	     39.56	     39.56	-22.21	 1.895e+01	     -9.00	0	Gaussian	9990000000.000000	9990000000.000000
741	1	1055.802117	983.778758	     -1.00	   4124.91	   3213.66	      2.15	      1.66	     37.58	     29.02	43.45	 2.006e+01	     -9.00	0	Gaussian	9990000000.000000	9990000000.000000
742	1	1049.403517	534.374534	     -1.00	   5542.19	   1679.52	      2.91	      2.25	     50.97	     39.35	36.03	 1.459e+01	     -9.00	0	Gaussian	9990000000.000000	9990000000.000000
743	1	1057.713719	887.751775	     -1.00	   2399.18	   1608.33	      2.21	      1.78	     38.66	     31.22	48.01	 1.487e+01	     -8.99	0	Gaussian	9990000000.000000	9990000000.000000
744	1	1045.483671	636.543344	     -1.00	    917.93	   2055.65	      2.46	      2.23	     43.07	     39.04	15.11	 1.277e+01	     -8.99	0	Gaussian	9990000000.000000	9990000000.000000
745	1	1053.507791	588.260146	     -1.00	   4933.65	   1505.20	      2.76	      2.15	     48.31	     37.64	11.00	 1.513e+01	     -8.99	0	Gaussian	9990000000.000000	9990000000.000000
746	1	1059.186399	735.717966	     -1.00	   2736.40	   1640.30	      2.19	      2.16	     38.42	     37.84	34.51	 1.801e+01	     -8.99	0	Gaussian	9990000000.000000	9990000000.000000
747	1	1053.860742	1031.563295	     -1.00	   1973.83	   1680.75	      2.03	      1.67	     35.47	     29.18	39.06	 1.988e+01	     -8.99	0	Gaussian	9990000000.000000	9990000000.000000
748	1	1040.536739	263.997851	     -1.00	    715.71	   3564.54	      3.86	      3.41	     67.50	     59.72	-56.23	 1.668e+01	     -8.99	0	Gaussian	9990000000.000000	9990000000.000000
749	1	1054.222539	738.665647	     -1.00	   4806.93	   2737.79	      2.60	      1.81	     45.49	     31.65	34.43	 1.294e+01	     -8.99	0	Gaussian	9990000000.000000	9990000000.000000
750	1	1054.313878	624.659583	     -1.00	   4737.61	   2967.71	      2.60	      2.14	     45.42	     37.46	11.32	 1.584e+01	     -8.99	0	Gaussian	9990000000.000000	9990000000.000000
751	1	1052.816503	960.445000	     -1.00	   1730.00	   2380.21	      2.22	      1.63	     38.87	     28.47	-34.80	 2.258e+01	     -8.99	0	Gaussian	9990000000.000000	9990000000.000000
752	1	1045.120933	845.872647	     -1.00	   1026.72	   3121.89	      2.27	      1.80	     39.78	     31.54	34.86	 1.939e+01	     -8.98	0	Gaussian	9990000000.000000	9990000000.000000
753	1	1058.187760	643.218868	     -1.00	   2658.78	    624.41	      2.60	      2.07	     45.52	     36.16	65.91	 1.779e+01	     -8.98	0	Gaussian	9990000000.000000	9990000000.000000
754	1	1054.877655	814.120320	     -1.00	   4448.83	   3160.12	      2.25	      1.88	     39.37	     32.87	41.03	 2.135e+01	     -8.98	0	Gaussian	9990000000.000000	9990000000.000000
755	1	1049.495842	844.537762	     -1.00	   5206.04	   3178.90	      2.02	      2.02	     35.30	     35.30	-31.61	 1.978e+01	     -8.98	0	Gaussian	9990000000.000000	9990000000.000000
756	1	1046.699345	670.542213	     -1.00	    798.40	   1321.22	      2.39	      2.14	     41.80	     37.52	27.26	 1.578e+01	     -8.97	0	Gaussian	9990000000.000000	9990000000.000000
757	1	1050.877432	656.792733	     -1.00	   5455.46	   2880.01	      2.60	      2.01	     45.47	     35.16	12.71	 1.440e+01	     -8.97	0	Gaussian	9990000000.000000	9990000000.000000
758	1	1050.451414	310.123889	     -1.00	   1928.66	    777.59	      5.22	      2.11	     91.34	     37.01	46.68	 1.701e+01	     -8.97	0	Gaussian	9990000000.000000	9990000000.000000
759	1	1059.874619	1233.958229	     -1.00	   3420.82	   1645.72	      1.95	      1.42	     34.16	     24.87	43.63	 1.828e+01	     -8.97	0	Gaussian	9990000000.000000	9990000000.000000
760	1	1055.032645	701.003495	     -1.00	   2300.80	   1008.16	      2.42	      2.02	     42.33	     35.29	22.91	 1.868e+01	     -8.97	0	Gaussian	9990000000.000000	9990000000.000000
761	1	1049.073284	689.832692	     -1.00	   5127.50	   1174.12	      2.65	      1.87	     46.39	     32.69	-3.59	 1.555e+01	     -8.97	0	Gaussian	9990000000.000000	9990000000.000000
762	1	1062.091597	1417.782674	     -1.00	   3289.89	   1946.92	      1.95	      1.23	     34.21	     21.57	41.97	 1.487e+01	     -8.97	0	Gaussian	9990000000.000000	9990000000.000000
763	1	1050.647450	819.263546	     -1.00	   3366.67	   4009.07	      2.15	      1.94	     37.58	     33.94	-40.65	 2.050e+01	     -8.97	0	Gaussian	9990000000.000000	9990000000.000000
764	1	1052.479177	683.547477	     -1.00	   4501.32	   1618.81	      2.47	      2.01	     43.32	     35.22	27.16	 1.434e+01	     -8.97	0	Gaussian	9990000000.000000	9990000000.000000
765	1	1047.999803	605.483483	     -1.00	   4725.95	    653.65	      2.57	      2.19	     44.98	     38.28	-37.56	 1.841e+01	     -8.97	0	Gaussian	9990000000.000000	9990000000.000000
766	1	1047.927997	899.628600	     -1.00	   5390.26	   2745.33	      2.44	      1.55	     42.71	     27.11	44.59	 1.873e+01	     -8.96	0	Gaussian	9990000000.000000	9990000000.000000
767	1	1031.976810	539.732655	     -1.00	    222.43	    332.11	      2.84	      2.21	     49.71	     38.73	-1.03	 1.250e+01	     -8.96	0	Gaussian	9990000000.000000	9990000000.000000
768	1	1048.118179	794.413502	     -1.00	   1559.72	   3584.01	      2.13	      2.00	     37.31	     35.03	-40.08	 1.900e+01	     -8.96	0	Gaussian	9990000000.000000	9990000000.000000
769	1	1056.994855	859.608270	     -1.00	   2149.97	   2343.19	      2.30	      1.72	     40.22	     30.02	24.06	 1.511e+01	     -8.96	0	Gaussian	9990000000.000000	9990000000.000000
770	1	1051.886798	728.712934	     -1.00	   3826.55	   3288.10	      2.27	      2.05	     39.72	     35.85	34.60	 1.663e+01	     -8.96	0	Gaussian	9990000000.000000	9990000000.000000
771	1	1062.194047	883.695677	     -1.00	   2869.92	   1869.12	      2.28	      1.68	     39.94	     29.39	40.01	 1.798e+01	     -8.96	0	Gaussian	9990000000.000000	9990000000.000000
772	1	1056.336185	953.664646	     -1.00	   3511.78	   1971.00	      1.88	      1.88	     32.96	     32.96	80.45	 2.362e+01	     -8.96	0	Gaussian	9990000000.000000	9990000000.000000
773	1	1053.722949	1040.034639	     -1.00	   3266.09	   3589.35	      1.99	      1.63	     34.79	     28.60	57.33	 1.937e+01	     -8.96	0	Gaussian	9990000000.000000	9990000000.000000
774	1	1048.079115	887.601193	     -1.00	    919.07	   3155.01	      2.21	      1.72	     38.61	     30.18	-55.27	 1.641e+01	     -8.96	0	Gaussian	9990000000.000000	9990000000.000000
775	1	1051.145628	722.682718	     -1.00	   5394.95	   2523.86	      2.16	      2.16	     37.78	     37.78	-30.64	 1.821e+01	     -8.95	0	Gaussian	9990000000.000000	9990000000.000000
776	1	1039.455123	417.810024	     -1.00	   5566.62	   4002.78	      3.22	      2.50	     56.33	     43.81	14.23	 1.475e+01	     -8.95	0	Gaussian	9990000000.000000	9990000000.000000
777	1	1058.370226	1272.449534	     -1.00	   4140.09	   2709.89	      1.98	      1.33	     34.68	     23.35	-45.60	 1.823e+01	     -8.95	0	Gaussian	9990000000.000000	9990000000.000000
778	1	1045.528484	1086.012447	     -1.00	   1032.26	   3737.77	      2.11	      1.46	     37.02	     25.61	-50.53	 1.685e+01	     -8.95	0	Gaussian	9990000000.000000	9990000000.000000
779	1	1046.478449	563.823427	     -1.00	   1375.46	    409.78	      2.55	      2.34	     44.62	     40.91	11.90	 1.443e+01	     -8.95	0	Gaussian	9990000000.000000	9990000000.000000
780	1	1062.335853	1374.408317	     -1.00	   3646.71	   2005.14	      1.84	      1.33	     32.16	     23.28	-39.93	 2.494e+01	     -8.95	0	Gaussian	9990000000.000000	9990000000.000000
781	1	1055.112503	880.436427	     -1.00	   4087.94	   1839.78	      2.09	      1.82	     36.53	     31.89	-47.40	 1.949e+01	     -8.95	0	Gaussian	9990000000.000000	9990000000.000000
782	1	1060.975062	1099.073263	     -1.00	   3173.40	   3058.14	      1.95	      1.56	     34.08	     27.37	19.31	 3.307e+01	     -8.95	0	Gaussian	9990000000.000000	9990000000.000000
783	1	1049.231710	664.039647	     -1.00	   2989.20	    315.12	      2.68	      1.87	     46.96	     32.80	85.27	 1.400e+01	     -8.94	0	Gaussian	9990000000.000000	9990000000.000000
784	1	1063.752419	1059.035622	     -1.00	   3072.88	   3119.64	      1.77	      1.77	     31.06	     31.06	-50.97	 3.476e+01	     -8.94	0	Gaussian	9990000000.000000	9990000000.000000
785	1	1064.233796	1148.859230	     -1.00	   2596.83	    813.86	      2.06	      1.40	     36.09	     24.57	48.58	 2.166e+01	     -8.94	0	Gaussian	9990000000.000000	9990000000.000000
786	1	1048.876102	760.383969	     -1.00	   2013.99	   3658.56	      2.19	      2.00	     38.28	     34.99	63.56	 1.757e+01	     -8.94	0	Gaussian	9990000000.000000	9990000000.000000
787	1	1051.380245	771.406790	     -1.00	   3128.44	   3643.12	      2.21	      1.95	     38.68	     34.11	14.23	 1.750e+01	     -8.94	0	Gaussian	9990000000.000000	9990000000.000000
788	1	1051.957543	716.528405	     -1.00	   2684.35	   3950.18	      2.15	      2.15	     37.67	     37.67	84.34	 2.369e+01	     -8.94	0	Gaussian	9990000000.000000	9990000000.000000
789	1	1057.210734	1262.501902	     -1.00	   3513.25	   3120.20	      1.87	      1.41	     32.70	     24.63	40.62	 1.826e+01	     -8.94	0	Gaussian	9990000000.000000	9990000000.000000
790	1	1053.907409	614.123974	     -1.00	   2508.23	    736.56	      2.35	      2.30	     41.10	     40.28	40.71	 1.551e+01	     -8.94	0	Gaussian	9990000000.000000	9990000000.000000
791	1	1055.396036	707.550706	     -1.00	   2504.76	   2586.36	      2.39	      1.96	     41.78	     34.34	8.44	 1.722e+01	     -8.94	0	Gaussian	9990000000.000000	9990000000.000000
792	1	1057.951561	1028.147341	     -1.00	   3269.38	   2632.16	      2.00	      1.61	     34.99	     28.20	15.32	 1.666e+01	     -8.94	0	Gaussian	9990000000.000000	9990000000.000000
793	1	1049.423909	645.118474	     -1.00	   1207.81	   1412.92	      2.43	      2.11	     42.56	     36.93	7.24	 1.415e+01	     -8.94	0	Gaussian	9990000000.000000	9990000000.000000
794	1	1053.847074	587.128255	     -1.00	   3994.45	   3365.52	      2.37	      2.37	     41.53	     41.53	-75.31	 1.658e+01	     -8.93	0	Gaussian	9990000000.000000	9990000000.000000
795	1	1048.162485	566.658006	     -1.00	   5319.04	    926.93	      2.75	      2.12	     48.14	     37.10	4.79	 1.493e+01	     -8.93	0	Gaussian	9990000000.000000	9990000000.000000
796	1	1043.772223	329.575326	     -1.00	   1062.70	    785.19	      4.48	      2.24	     78.37	     39.15	18.83	 1.591e+01	     -8.93	0	Gaussian	9990000000.000000	9990000000.000000
797	1	1062.142287	637.362471	     -1.00	   1568.53	   1467.24	      2.46	      2.10	     43.07	     36.80	27.46	 4.249e+01	     -8.93	0	Gaussian	9990000000.000000	9990000000.000000
798	1	1046.230972	639.633212	     -1.00	   5414.91	    786.16	      2.65	      1.94	     46.41	     34.03	21.33	 1.673e+01	     -8.93	0	Gaussian	9990000000.000000	9990000000.000000
799	1	1056.259318	701.367603	     -1.00	   2716.52	    673.87	      2.37	      1.98	     41.49	     34.68	49.13	 1.782e+01	     -8.93	0	Gaussian	9990000000.000000	9990000000.000000
800	1	1059.142422	898.891274	     -1.00	   3201.83	   1328.37	      2.18	      1.68	     38.22	     29.37	-72.17	 2.641e+01	     -8.93	0	Gaussian	9990000000.000000	9990000000.000000
801	1	1043.900198	585.681858	     -1.00	   5424.46	    441.79	      2.79	      2.02	     48.82	     35.27	25.21	 1.410e+01	     -8.93	0	Gaussian	9990000000.000000	9990000000.000000
802	1	1051.453509	610.034875	     -1.00	   4741.20	   1282.32	      2.64	      2.05	     46.16	     35.81	-3.48	 1.317e+01	     -8.93	0	Gaussian	9990000000.000000	9990000000.000000
803	1	1055.229510	862.455239	     -1.00	   1760.09	   1662.00	      2.16	      1.77	     37.76	     30.92	-29.99	 1.730e+01	     -8.93	0	Gaussian	9990000000.000000	9990000000.000000
804	1	1059.715272	632.648225	     -1.00	   2851.43	   1225.63	      2.47	      2.10	     43.21	     36.82	16.92	 1.538e+01	     -8.93	0	Gaussian	9990000000.000000	9990000000.000000
805	1	1052.669937	538.205085	     -1.00	   4537.20	   3245.36	      2.78	      2.19	     48.73	     38.38	5.40	 1.220e+01	     -8.93	0	Gaussian	9990000000.000000	9990000000.000000
806	1	1054.447348	1152.729471	     -1.00	   4416.74	   2313.72	      2.11	      1.35	     36.91	     23.65	45.81	 1.459e+01	     -8.93	0	Gaussian	9990000000.000000	9990000000.000000
807	1	1056.201849	596.932466	     -1.00	   2688.83	    136.00	      2.55	      2.16	     44.64	     37.76	74.14	 2.507e+01	     -8.93	0	Gaussian	9990000000.000000	9990000000.000000
808	1	1052.436966	725.937078	     -1.00	   2282.93	    524.07	      2.44	      1.85	     42.74	     32.41	37.72	 1.840e+01	     -8.93	0	Gaussian	9990000000.000000	9990000000.000000
809	1	1059.970729	890.827706	     -1.00	   3047.80	   1681.09	      2.18	      1.69	     38.15	     29.58	41.70	 1.946e+01	     -8.93	0	Gaussian	9990000000.000000	9990000000.000000
810	1	1055.961957	798.666633	     -1.00	   3373.21	   2550.54	      2.03	      2.03	     35.47	     35.47	-4.24	 1.549e+01	     -8.93	0	Gaussian	9990000000.000000	9990000000.000000
811	1	1057.288533	977.718355	     -1.00	   4415.84	   3018.83	      2.20	      1.53	     38.44	     26.72	44.87	 1.385e+01	     -8.92	0	Gaussian	9990000000.000000	9990000000.000000
812	1	1054.611437	858.255232	     -1.00	   3012.40	   3261.80	      2.11	      1.80	     36.96	     31.59	-12.35	 1.478e+01	     -8.92	0	Gaussian	9990000000.000000	9990000000.000000
813	1	1056.865743	584.155905	     -1.00	   4715.26	   2908.91	      2.77	      2.02	     48.53	     35.31	15.95	 1.558e+01	     -8.92	0	Gaussian	9990000000.000000	9990000000.000000
814	1	1047.884299	640.646505	     -1.00	   5619.49	   1358.99	      2.49	      2.05	     43.52	     35.88	10.78	 1.580e+01	     -8.92	0	Gaussian	9990000000.000000	9990000000.000000
815	1	1059.836087	628.407154	     -1.00	   3078.99	    132.42	      2.57	      2.02	     44.90	     35.44	83.06	 4.817e+01	     -8.92	0	Gaussian	9990000000.000000	9990000000.000000
816	1	1057.959823	801.196935	     -1.00	   4209.09	   2447.76	      2.02	      2.02	     35.32	     35.32	-47.09	 1.937e+01	     -8.92	0	Gaussian	9990000000.000000	9990000000.000000
817	1	1040.775616	488.390581	     -1.00	    832.57	    458.70	      2.77	      2.41	     48.49	     42.17	-16.30	 1.498e+01	     -8.92	0	Gaussian	9990000000.000000	9990000000.000000
818	1	1048.119738	859.071858	     -1.00	   5185.34	   3700.20	      2.32	      1.63	     40.60	     28.60	43.48	 1.851e+01	     -8.92	0	Gaussian	9990000000.000000	9990000000.000000
819	1	1050.087383	625.470158	     -1.00	   4578.95	   1738.51	      2.55	      2.04	     44.64	     35.72	19.56	 1.736e+01	     -8.92	0	Gaussian	9990000000.000000	9990000000.000000
820	1	1050.563962	684.518410	     -1.00	   4655.01	    198.78	      2.34	      2.03	     40.89	     35.60	-26.51	 1.675e+01	     -8.92	0	Gaussian	9990000000.000000	9990000000.000000
821	1	1046.825236	522.155705	     -1.00	   1644.43	    122.95	      2.54	      2.45	     44.42	     42.94	-15.22	 1.312e+01	     -8.92	0	Gaussian	9990000000.000000	9990000000.000000
822	1	1054.630720	895.936487	     -1.00	   4158.66	   3137.73	      2.22	      1.63	     38.85	     28.50	40.98	 1.501e+01	     -8.91	0	Gaussian	9990000000.000000	9990000000.000000
823	1	1055.155406	1018.058442	     -1.00	   2701.34	   3034.21	      2.00	      1.59	     34.97	     27.81	26.04	 1.594e+01	     -8.91	0	Gaussian	9990000000.000000	9990000000.000000
824	1	1049.779963	557.752913	     -1.00	   4438.47	   3562.29	      2.55	      2.27	     44.64	     39.76	12.40	 1.351e+01	     -8.91	0	Gaussian	9990000000.000000	9990000000.000000
825	1	1058.862580	932.303959	     -1.00	   2535.39	   2002.92	      2.09	      1.66	     36.51	     29.07	-13.69	 1.768e+01	     -8.91	0	Gaussian	9990000000.000000	9990000000.000000
826	1	1055.882877	688.186192	     -1.00	   5417.81	   2079.37	      2.75	      1.71	     48.10	     29.88	11.00	 2.473e+01	     -8.91	0	Gaussian	9990000000.000000	9990000000.000000
827	1	1049.216452	677.986705	     -1.00	   4589.79	   3708.66	      2.53	      1.88	     44.29	     32.91	43.14	 1.412e+01	     -8.91	0	Gaussian	9990000000.000000	9990000000.000000
828	1	1056.992089	588.558426	     -1.00	   2125.96	    717.40	      2.49	      2.20	     43.55	     38.50	49.65	 1.469e+01	     -8.91	0	Gaussian	9990000000.000000	9990000000.000000
829	1	1052.215025	525.163753	     -1.00	   5316.15	   1311.77	      3.02	      2.03	     52.78	     35.48	16.36	 1.602e+01	     -8.90	0	Gaussian	9990000000.000000	9990000000.000000
830	1	1046.992015	409.262818	     -1.00	   1330.01	    182.45	      3.13	      2.51	     54.75	     43.87	3.80	 1.351e+01	     -8.90	0	Gaussian	9990000000.000000	9990000000.000000
831	1	1047.875055	1036.198427	     -1.00	    294.15	   2073.95	      2.15	      1.44	     37.63	     25.20	-41.77	 1.929e+01	     -8.90	0	Gaussian	9990000000.000000	9990000000.000000
832	1	1060.284961	1002.339373	     -1.00	   3378.63	   2841.18	      2.03	      1.58	     35.55	     27.58	-28.58	 1.700e+01	     -8.90	0	Gaussian	9990000000.000000	9990000000.000000
833	1	1052.441319	540.390196	     -1.00	   2545.36	    491.49	      2.54	      2.33	     44.51	     40.80	67.29	 1.526e+01	     -8.90	0	Gaussian	9990000000.000000	9990000000.000000
834	1	1055.594320	590.728415	     -1.00	   2266.99	    510.29	      2.58	      2.10	     45.19	     36.71	64.73	 2.411e+01	     -8.90	0	Gaussian	9990000000.000000	9990000000.000000
835	1	1064.307364	742.395147	     -1.00	   4103.95	    369.49	      2.49	      1.73	     43.57	     30.21	-88.06	 7.369e+01	     -8.90	0	Gaussian	9990000000.000000	9990000000.000000
836	1	1058.446162	1278.429699	     -1.00	   3607.89	   1792.95	      1.95	      1.28	     34.16	     22.38	41.81	 1.577e+01	     -8.89	0	Gaussian	9990000000.000000	9990000000.000000
837	1	1057.078344	833.001720	     -1.00	   3017.49	   1264.11	      2.12	      1.80	     37.15	     31.57	9.92	 1.506e+01	     -8.89	0	Gaussian	9990000000.000000	9990000000.000000
838	1	1055.272439	999.975243	     -1.00	   2283.22	   2116.10	      2.09	      1.52	     36.61	     26.67	24.32	 1.742e+01	     -8.89	0	Gaussian	9990000000.000000	9990000000.000000
839	1	1042.237753	572.390869	     -1.00	    228.47	   2372.30	      2.51	      2.21	     43.97	     38.70	3.86	 1.481e+01	     -8.89	0	Gaussian	9990000000.000000	9990000000.000000
840	1	1058.548324	1018.676089	     -1.00	   2271.81	   2322.22	      2.02	      1.55	     35.33	     27.05	-37.64	 1.814e+01	     -8.89	0	Gaussian	9990000000.000000	9990000000.000000
841	1	1056.265754	671.445690	     -1.00	   1215.04	   2170.13	      2.35	      2.02	     41.09	     35.28	6.75	 2.974e+01	     -8.89	0	Gaussian	9990000000.000000	9990000000.000000
842	1	1052.888955	604.688757	     -1.00	   3077.16	    767.82	      2.45	      2.15	     42.87	     37.55	36.36	 1.695e+01	     -8.89	0	Gaussian	9990000000.000000	9990000000.000000
843	1	1054.389719	732.873070	     -1.00	   1998.75	   2559.80	      2.20	      1.97	     38.50	     34.48	-0.20	 1.542e+01	     -8.89	0	Gaussian	9990000000.000000	9990000000.000000
844	1	1055.474771	601.094255	     -1.00	   4802.00	   2295.76	      2.63	      2.01	     46.03	     35.13	4.63	 2.214e+01	     -8.89	0	Gaussian	9990000000.000000	9990000000.000000
845	1	1048.748511	516.753607	     -1.00	   5267.08	   3277.37	      2.72	      2.25	     47.67	     39.37	7.82	 1.503e+01	     -8.89	0	Gaussian	9990000000.000000	9990000000.000000
846	1	1056.055958	930.096168	     -1.00	   2702.07	   1256.98	      2.15	      1.58	     37.67	     27.65	36.49	 1.683e+01	     -8.89	0	Gaussian	9990000000.000000	9990000000.000000
847	1	1052.850678	905.318721	     -1.00	   2739.79	   3750.69	      2.01	      1.74	     35.17	     30.41	50.78	 1.617e+01	     -8.89	0	Gaussian	9990000000.000000	9990000000.000000
848	1	1050.092100	669.241329	     -1.00	   4032.24	    333.74	      2.48	      1.90	     43.40	     33.32	-60.26	 1.561e+01	     -8.88	0	Gaussian	9990000000.000000	9990000000.000000
849	1	1059.671774	1258.834512	     -1.00	   3633.76	   1866.78	      1.90	      1.32	     33.20	     23.14	46.30	 1.470e+01	     -8.88	0	Gaussian	9990000000.000000	9990000000.000000
850	1	1046.267514	787.918709	     -1.00	    565.19	   2620.66	      2.30	      1.74	     40.23	     30.50	-45.65	 1.914e+01	     -8.88	0	Gaussian	9990000000.000000	9990000000.000000
851	1	1048.701402	619.621581	     -1.00	   1119.35	   2433.32	      2.58	      1.97	     45.23	     34.46	-6.02	 1.808e+01	     -8.88	0	Gaussian	9990000000.000000	9990000000.000000
852	1	1045.859467	541.586683	     -1.00	    846.62	    616.95	      2.59	      2.25	     45.28	     39.37	4.17	 1.401e+01	     -8.88	0	Gaussian	9990000000.000000	9990000000.000000
853	1	1055.518234	608.788723	     -1.00	   2446.06	    313.05	      2.42	      2.13	     42.43	     37.32	38.65	 1.543e+01	     -8.88	0	Gaussian	9990000000.000000	9990000000.000000
854	1	1053.703559	888.238167	     -1.00	   2528.21	   3457.89	      2.23	      1.59	     38.96	     27.84	-35.17	 1.489e+01	     -8.88	0	Gaussian	9990000000.000000	9990000000.000000
855	1	1054.611209	657.848013	     -1.00	   3123.59	    560.92	      2.33	      2.05	     40.75	     35.85	40.75	 2.059e+01	     -8.88	0	Gaussian	9990000000.000000	9990000000.000000
856	1	1052.161503	554.599742	     -1.00	   4259.36	    432.96	      2.38	      2.38	     41.62	     41.62	43.10	 1.418e+01	     -8.88	0	Gaussian	9990000000.000000	9990000000.000000
857	1	1058.120744	1118.566736	     -1.00	   2744.81	   2497.80	      1.93	      1.45	     33.86	     25.37	37.21	 1.645e+01	     -8.88	0	Gaussian	9990000000.000000	9990000000.000000
858	1	1055.335915	697.873672	     -1.00	   4418.66	   3191.62	      2.12	      2.12	     37.05	     37.05	-75.93	 1.961e+01	     -8.87	0	Gaussian	9990000000.000000	9990000000.000000
859	1	1053.479901	657.530189	     -1.00	   4864.70	   2613.69	      2.18	      2.18	     38.12	     38.12	-11.14	 1.806e+01	     -8.87	0	Gaussian	9990000000.000000	9990000000.000000
860	1	1058.838794	1121.272159	     -1.00	   2602.28	   2867.83	      1.95	      1.42	     34.20	     24.91	-35.26	 1.628e+01	     -8.87	0	Gaussian	9990000000.000000	9990000000.000000
861	1	1052.187498	656.810117	     -1.00	   1584.77	   2274.06	      2.35	      2.02	     41.19	     35.30	4.17	 1.716e+01	     -8.87	0	Gaussian	9990000000.000000	9990000000.000000
862	1	1053.262060	728.909585	     -1.00	   2626.72	   3332.01	      2.31	      1.85	     40.43	     32.32	9.50	 1.478e+01	     -8.87	0	Gaussian	9990000000.000000	9990000000.000000
863	1	1052.876104	785.162490	     -1.00	   4831.26	   3758.29	      2.40	      1.65	     41.99	     28.88	42.40	 1.430e+01	     -8.87	0	Gaussian	9990000000.000000	9990000000.000000
864	1	1050.130372	462.143290	     -1.00	   2817.63	    163.52	      2.78	      2.41	     48.71	     42.27	85.90	 1.252e+01	     -8.87	0	Gaussian	9990000000.000000	9990000000.000000
865	1	1049.429181	653.877156	     -1.00	   2264.75	   4035.05	      2.47	      1.92	     43.30	     33.57	-53.22	 2.269e+01	     -8.86	0	Gaussian	9990000000.000000	9990000000.000000
866	1	1057.560202	763.957768	     -1.00	   3260.47	   1611.76	      2.31	      1.76	     40.37	     30.80	31.32	 1.393e+01	     -8.86	0	Gaussian	9990000000.000000	9990000000.000000
867	1	1067.971155	1146.332903	     -1.00	   2811.95	   1972.05	      2.03	      1.33	     35.45	     23.36	-48.76	 3.639e+01	     -8.86	0	Gaussian	9990000000.000000	9990000000.000000
868	1	1056.756948	885.977225	     -1.00	   3549.93	   3055.87	      1.87	      1.87	     32.73	     32.73	79.90	 2.737e+01	     -8.86	0	Gaussian	9990000000.000000	9990000000.000000
869	1	1055.318834	439.267806	     -1.00	   2232.67	    558.93	      2.96	      2.38	     51.79	     41.68	62.90	 2.823e+01	     -8.86	0	Gaussian	9990000000.000000	9990000000.000000
870	1	1059.494396	1183.458892	     -1.00	   2894.96	   2479.08	      1.98	      1.32	     34.63	     23.12	-38.68	 1.549e+01	     -8.86	0	Gaussian	9990000000.000000	9990000000.000000
871	1	1047.532800	519.170132	     -1.00	   5364.46	   3246.18	      2.76	      2.16	     48.36	     37.72	4.84	 1.267e+01	     -8.86	0	Gaussian	9990000000.000000	9990000000.000000
872	1	1059.631333	947.208493	     -1.00	   4177.60	   2072.11	      1.93	      1.69	     33.71	     29.66	-16.01	 1.843e+01	     -8.86	0	Gaussian	9990000000.000000	9990000000.000000
873	1	1054.661812	709.001045	     -1.00	   2984.75	    943.09	      2.17	      2.01	     37.90	     35.20	-42.55	 1.605e+01	     -8.86	0	Gaussian	9990000000.000000	9990000000.000000
874	1	1062.033278	821.521634	     -1.00	   3220.20	   1557.68	      1.94	      1.94	     33.90	     33.90	-4.01	 2.821e+01	     -8.86	0	Gaussian	9990000000.000000	9990000000.000000
875	1	1055.574288	676.271775	     -1.00	   4447.53	   2824.82	      2.41	      1.89	     42.12	     33.10	48.92	 1.465e+01	     -8.86	0	Gaussian	9990000000.000000	9990000000.000000
876	1	1044.835179	611.137292	     -1.00	   5205.50	    440.00	      2.56	      1.96	     44.87	     34.36	9.92	 1.330e+01	     -8.86	0	Gaussian	9990000000.000000	9990000000.000000
877	1	1051.853035	786.386904	     -1.00	   2967.18	   3800.58	      2.05	      1.91	     35.89	     33.36	-73.89	 1.761e+01	     -8.85	0	Gaussian	9990000000.000000	9990000000.000000
878	1	1058.968192	884.927340	     -1.00	   3111.08	   3114.58	      2.01	      1.73	     35.22	     30.20	-45.19	 2.024e+01	     -8.85	0	Gaussian	9990000000.000000	9990000000.000000
879	1	1052.646671	677.992458	     -1.00	   4876.38	   3011.29	      2.13	      2.13	     37.24	     37.24	-52.88	 2.078e+01	     -8.85	0	Gaussian	9990000000.000000	9990000000.000000
880	1	1048.995857	579.773477	     -1.00	   4289.23	   3235.18	      2.37	      2.24	     41.44	     39.12	-88.77	 1.258e+01	     -8.85	0	Gaussian	9990000000.000000	9990000000.000000
881	1	1052.565972	529.167672	     -1.00	   1288.55	   1472.13	      2.55	      2.28	     44.58	     39.83	26.02	 1.858e+01	     -8.85	0	Gaussian	9990000000.000000	9990000000.000000
882	1	1053.590366	511.417813	     -1.00	   1980.66	    932.32	      2.65	      2.27	     46.30	     39.68	57.91	 1.677e+01	     -8.85	0	Gaussian	9990000000.000000	9990000000.000000
883	1	1047.038696	509.382831	     -1.00	   1253.92	   2185.41	      2.79	      2.15	     48.81	     37.68	5.77	 1.346e+01	     -8.85	0	Gaussian	9990000000.000000	9990000000.000000
884	1	1057.443663	493.813943	     -1.00	   2852.32	    829.82	      2.70	      2.29	     47.31	     40.08	36.05	 1.373e+01	     -8.85	0	Gaussian	9990000000.000000	9990000000.000000
885	1	1053.129540	817.954826	     -1.00	   4601.74	   1810.82	      1.93	      1.93	     33.82	     33.82	-42.75	 1.839e+01	     -8.85	0	Gaussian	9990000000.000000	9990000000.000000
886	1	1046.613057	548.411719	     -1.00	   5796.16	   2558.77	      2.63	      2.12	     45.96	     37.03	25.48	 1.523e+01	     -8.85	0	Gaussian	9990000000.000000	9990000000.000000
887	1	1059.591841	1057.721802	     -1.00	   2710.72	   2059.16	      1.92	      1.50	     33.61	     26.21	-32.91	 1.831e+01	     -8.84	0	Gaussian	9990000000.000000	9990000000.000000
888	1	1054.762519	627.049305	     -1.00	   4453.51	   1861.71	      2.50	      1.94	     43.77	     33.94	6.84	 1.521e+01	     -8.84	0	Gaussian	9990000000.000000	9990000000.000000
889	1	1048.903158	514.495436	     -1.00	   1964.46	    261.66	      2.91	      2.03	     50.95	     35.51	46.79	 1.390e+01	     -8.84	0	Gaussian	9990000000.000000	9990000000.000000
890	1	1052.849946	737.671373	     -1.00	   3748.89	   3644.90	      2.18	      1.89	     38.13	     33.05	-49.50	 1.768e+01	     -8.84	0	Gaussian	9990000000.000000	9990000000.000000
891	1	1055.535254	837.418980	     -1.00	   3225.15	   1049.09	      2.16	      1.68	     37.73	     29.41	-41.21	 1.864e+01	     -8.84	0	Gaussian	9990000000.000000	9990000000.000000
892	1	1054.203146	845.119439	     -1.00	   2113.29	   2320.28	      2.04	      1.76	     35.77	     30.73	38.94	 1.472e+01	     -8.84	0	Gaussian	9990000000.000000	9990000000.000000
893	1	1061.185919	725.504622	     -1.00	   3103.64	   1669.14	      2.23	      1.87	     39.09	     32.71	22.37	 1.895e+01	     -8.84	0	Gaussian	9990000000.000000	9990000000.000000
894	1	1052.744338	484.770733	     -1.00	   4711.76	   3225.81	      2.50	      2.50	     43.73	     43.73	-73.58	 1.575e+01	     -8.84	0	Gaussian	9990000000.000000	9990000000.000000
895	1	1050.863667	543.201131	     -1.00	   3283.59	    681.31	      2.41	      2.31	     42.26	     40.38	41.58	 1.492e+01	     -8.84	0	Gaussian	9990000000.000000	9990000000.000000
896	1	1043.898886	348.635742	     -1.00	   5307.49	   3707.46	      3.30	      2.63	     57.71	     46.06	-63.25	 1.405e+01	     -8.84	0	Gaussian	9990000000.000000	9990000000.000000
897	1	1051.824957	723.323209	     -1.00	   2803.28	   3408.63	      2.10	      1.99	     36.72	     34.84	-69.89	 1.503e+01	     -8.84	0	Gaussian	9990000000.000000	9990000000.000000
898	1	1047.839114	538.643988	     -1.00	   1539.78	    298.94	      2.46	      2.28	     43.12	     39.84	-88.29	 1.315e+01	     -8.84	0	Gaussian	9990000000.000000	9990000000.000000
899	1	1050.979379	497.032831	     -1.00	   2351.62	     39.51	      2.66	      2.28	     46.58	     39.96	76.71	 1.509e+01	     -8.84	0	Gaussian	9990000000.000000	9990000000.000000
900	1	1043.886197	590.313904	     -1.00	   5374.67	    409.09	      2.48	      2.06	     43.39	     36.09	13.94	 1.378e+01	     -8.83	0	Gaussian	9990000000.000000	9990000000.000000
901	1	1061.088549	738.260429	     -1.00	   2826.37	   2219.74	      2.15	      1.90	     37.57	     33.23	-6.57	 1.504e+01	     -8.83	0	Gaussian	9990000000.000000	9990000000.000000
902	1	1056.223047	694.770072	     -1.00	   4047.86	    971.90	      2.25	      1.92	     39.41	     33.62	-30.65	 2.069e+01	     -8.83	0	Gaussian	9990000000.000000	9990000000.000000
903	1	1053.277615	620.270286	     -1.00	   3585.56	   3459.92	      2.25	      2.15	     39.41	     37.64	-70.44	 1.634e+01	     -8.83	0	Gaussian	9990000000.000000	9990000000.000000
904	1	1052.241338	672.182108	     -1.00	   2014.62	   3054.88	      2.18	      2.05	     38.13	     35.90	-12.74	 1.580e+01	     -8.83	0	Gaussian	9990000000.000000	9990000000.000000
905	1	1055.477734	658.547860	     -1.00	   2549.81	    754.63	      2.28	      2.00	     39.99	     34.93	48.56	 1.425e+01	     -8.83	0	Gaussian	9990000000.000000	9990000000.000000
906	1	1051.756612	610.374644	     -1.00	   4972.39	   1987.18	      2.70	      1.82	     47.20	     31.87	13.06	 1.346e+01	     -8.83	0	Gaussian	9990000000.000000	9990000000.000000
907	1	1049.016227	520.577331	     -1.00	   1546.06	    582.87	      2.55	      2.25	     44.69	     39.39	18.66	 1.247e+01	     -8.83	0	Gaussian	9990000000.000000	9990000000.000000
908	1	1045.677301	673.432828	     -1.00	   1338.94	     59.24	      2.48	      1.79	     43.40	     31.35	-46.33	 1.453e+01	     -8.83	0	Gaussian	9990000000.000000	9990000000.000000
909	1	1041.542054	607.074848	     -1.00	    563.37	   3262.70	      2.44	      2.02	     42.75	     35.29	-49.25	 1.311e+01	     -8.82	0	Gaussian	9990000000.000000	9990000000.000000
910	1	1049.284764	644.827348	     -1.00	   1880.19	   3563.53	      2.24	      2.07	     39.20	     36.18	-46.63	 1.195e+01	     -8.82	0	Gaussian	9990000000.000000	9990000000.000000
911	1	1048.826774	513.579023	     -1.00	   5377.77	   1925.88	      2.83	      2.05	     49.60	     35.88	9.84	 1.370e+01	     -8.82	0	Gaussian	9990000000.000000	9990000000.000000
912	1	1050.678625	709.587665	     -1.00	   2280.18	   3854.21	      2.19	      1.91	     38.42	     33.36	-39.42	 1.956e+01	     -8.82	0	Gaussian	9990000000.000000	9990000000.000000
913	1	1037.682806	651.922842	     -1.00	    304.63	   3431.28	      2.47	      1.84	     43.31	     32.21	-45.22	 1.609e+01	     -8.82	0	Gaussian	9990000000.000000	9990000000.000000
914	1	1046.933593	815.510680	     -1.00	   1069.12	   3026.92	      2.19	      1.66	     38.33	     29.09	-41.67	 1.724e+01	     -8.82	0	Gaussian	9990000000.000000	9990000000.000000
915	1	1053.398515	671.517325	     -1.00	   4535.92	   2476.04	      2.26	      1.95	     39.63	     34.16	-15.63	 1.475e+01	     -8.82	0	Gaussian	9990000000.000000	9990000000.000000
916	1	1055.567093	277.043998	     -1.00	   2571.09	    587.19	      4.51	      2.38	     78.86	     41.59	57.01	 1.710e+01	     -8.82	0	Gaussian	9990000000.000000	9990000000.000000
917	1	1046.964397	669.366078	     -1.00	   1220.67	    145.28	      2.33	      1.90	     40.80	     33.25	-34.94	 1.447e+01	     -8.82	0	Gaussian	9990000000.000000	9990000000.000000
918	1	1055.120376	808.084346	     -1.00	   1899.95	   2330.02	      2.21	      1.66	     38.66	     29.06	-29.79	 1.589e+01	     -8.81	0	Gaussian	9990000000.000000	9990000000.000000
919	1	1053.060924	464.733664	     -1.00	   2416.77	    753.08	      2.65	      2.40	     46.34	     42.01	51.09	 1.461e+01	     -8.81	0	Gaussian	9990000000.000000	9990000000.000000
920	1	1050.321584	464.731027	     -1.00	   5016.65	   1865.67	      2.84	      2.24	     49.70	     39.14	10.43	 1.178e+01	     -8.81	0	Gaussian	9990000000.000000	9990000000.000000
921	1	1047.797411	641.282178	     -1.00	   1992.11	   3328.35	      2.27	      2.03	     39.67	     35.47	-31.51	 1.930e+01	     -8.81	0	Gaussian	9990000000.000000	9990000000.000000
922	1	1043.236585	678.686048	     -1.00	    468.02	    996.38	      2.08	      2.08	     36.44	     36.44	22.88	 2.045e+01	     -8.81	0	Gaussian	9990000000.000000	9990000000.000000
923	1	1055.896934	578.363148	     -1.00	   3906.39	   2729.44	      2.47	      2.05	     43.31	     35.92	40.54	 1.287e+01	     -8.81	0	Gaussian	9990000000.000000	9990000000.000000
924	1	1052.732146	588.567573	     -1.00	   4904.33	   1453.98	      2.54	      1.96	     44.44	     34.37	14.84	 1.408e+01	     -8.80	0	Gaussian	9990000000.000000	9990000000.000000
925	1	1053.881657	660.294037	     -1.00	   2865.91	    484.53	      2.21	      2.01	     38.75	     35.13	41.83	 1.473e+01	     -8.80	0	Gaussian	9990000000.000000	9990000000.000000
926	1	1046.096158	846.466338	     -1.00	    662.78	   3249.33	      2.21	      1.57	     38.61	     27.48	-46.66	 1.835e+01	     -8.80	0	Gaussian	9990000000.000000	9990000000.000000
927	1	1050.506873	615.819083	     -1.00	   1530.25	   1896.10	      2.30	      2.07	     40.27	     36.21	-16.08	 1.645e+01	     -8.80	0	Gaussian	9990000000.000000	9990000000.000000
928	1	1048.653390	515.156891	     -1.00	   4743.65	   3002.51	      2.38	      2.38	     41.74	     41.74	-11.46	 1.827e+01	     -8.80	0	Gaussian	9990000000.000000	9990000000.000000
929	1	1056.038410	508.233479	     -1.00	   4452.32	    910.66	      2.59	      2.22	     45.33	     38.94	-9.05	 2.421e+01	     -8.80	0	Gaussian	9990000000.000000	9990000000.000000
930	1	1045.942051	587.262672	     -1.00	    647.09	   1761.42	      2.40	      2.07	     42.03	     36.29	-20.67	 1.955e+01	     -8.80	0	Gaussian	9990000000.000000	9990000000.000000
931	1	1058.379296	512.782259	     -1.00	   3580.65	   2548.28	      2.87	      1.98	     50.31	     34.72	13.47	 2.257e+01	     -8.80	0	Gaussian	9990000000.000000	9990000000.000000
932	1	1053.049066	707.805525	     -1.00	   4688.86	   2543.84	      2.03	      2.03	     35.57	     35.57	-80.74	 1.849e+01	     -8.80	0	Gaussian	9990000000.000000	9990000000.000000
933	1	1050.081562	607.598571	     -1.00	   1017.25	   2047.93	      2.46	      1.95	     43.07	     34.21	5.64	 1.488e+01	     -8.80	0	Gaussian	9990000000.000000	9990000000.000000
934	1	1049.020154	445.783855	     -1.00	   4933.54	    471.34	      2.73	      2.40	     47.75	     42.00	19.68	 1.906e+01	     -8.80	0	Gaussian	9990000000.000000	9990000000.000000
935	1	1057.808154	877.678490	     -1.00	   2795.23	   3314.03	      2.10	      1.58	     36.83	     27.64	30.03	 1.930e+01	     -8.80	0	Gaussian	9990000000.000000	9990000000.000000
936	1	1049.478408	642.308830	     -1.00	   2497.24	   4000.42	      2.13	      2.13	     37.28	     37.28	-43.03	 1.497e+01	     -8.80	0	Gaussian	9990000000.000000	9990000000.000000
937	1	1038.579105	808.716360	     -1.00	    351.95	   3546.21	      2.27	      1.59	     39.77	     27.75	-40.80	 2.137e+01	     -8.80	0	Gaussian	9990000000.000000	9990000000.000000
938	1	1049.323550	456.503234	     -1.00	   5003.50	    833.49	      2.63	      2.42	     46.06	     42.28	1.85	 1.301e+01	     -8.79	0	Gaussian	9990000000.000000	9990000000.000000
939	1	1054.139077	560.526141	     -1.00	   4242.50	   3001.38	      2.28	      2.28	     39.82	     39.82	-46.49	 1.486e+01	     -8.79	0	Gaussian	9990000000.000000	9990000000.000000
940	1	1054.149629	770.492712	     -1.00	   2438.11	   2476.07	      2.19	      1.72	     38.29	     30.05	-19.92	 1.453e+01	     -8.79	0	Gaussian	9990000000.000000	9990000000.000000
941	1	1049.213581	597.470651	     -1.00	   4990.33	   3305.40	      2.69	      1.80	     47.04	     31.55	46.57	 1.282e+01	     -8.79	0	Gaussian	9990000000.000000	9990000000.000000
942	1	1059.740638	901.633509	     -1.00	   2865.20	   3086.67	      2.01	      1.60	     35.11	     27.97	-43.41	 3.085e+01	     -8.79	0	Gaussian	9990000000.000000	9990000000.000000
943	1	1050.326230	487.567439	     -1.00	   1713.25	    302.58	      2.53	      2.34	     44.28	     40.97	61.73	 1.463e+01	     -8.79	0	Gaussian	9990000000.000000	9990000000.000000
944	1	1048.985008	646.389114	     -1.00	   5304.11	   3753.09	      2.77	      1.61	     48.40	     28.23	32.19	 2.271e+01	     -8.79	0	Gaussian	9990000000.000000	9990000000.000000
945	1	1053.520720	768.074289	     -1.00	   2234.43	   3125.90	      2.15	      1.74	     37.64	     30.52	-21.13	 1.612e+01	     -8.78	0	Gaussian	9990000000.000000	9990000000.000000
946	1	1048.865250	469.721060	     -1.00	   2180.66	    284.00	      2.67	      2.29	     46.79	     40.03	49.76	 1.364e+01	     -8.78	0	Gaussian	9990000000.000000	9990000000.000000
947	1	1048.565548	489.774665	     -1.00	   2601.54	   3814.38	      2.52	      2.33	     44.04	     40.79	-48.91	 1.450e+01	     -8.78	0	Gaussian	9990000000.000000	9990000000.000000
948	1	1051.923906	557.017005	     -1.00	   5159.64	   1525.96	      2.73	      1.88	     47.82	     32.96	4.59	 1.347e+01	     -8.78	0	Gaussian	9990000000.000000	9990000000.000000
949	1	1059.673096	666.911205	     -1.00	   2684.94	    717.82	      2.07	      2.07	     36.28	     36.28	1.22	 2.618e+01	     -8.78	0	Gaussian	9990000000.000000	9990000000.000000
950	1	1051.004932	506.704870	     -1.00	   4630.96	    486.82	      2.72	      2.08	     47.63	     36.35	-54.48	 1.349e+01	     -8.78	0	Gaussian	9990000000.000000	9990000000.000000
951	1	1049.264297	416.261017	     -1.00	   4484.56	    621.82	      2.97	      2.32	     51.94	     40.55	-35.58	 1.433e+01	     -8.78	0	Gaussian	9990000000.000000	9990000000.000000
952	1	1046.686714	420.842311	     -1.00	   4873.89	   3641.72	      2.71	      2.51	     47.47	     43.86	17.35	 1.166e+01	     -8.78	0	Gaussian	9990000000.000000	9990000000.000000
953	1	1058.611416	1019.098312	     -1.00	   3569.22	   1292.10	      2.00	      1.40	     35.09	     24.48	42.80	 1.657e+01	     -8.78	0	Gaussian	9990000000.000000	9990000000.000000
954	1	1051.521167	503.966781	     -1.00	   2076.03	    130.67	      2.48	      2.28	     43.39	     39.99	61.83	 1.420e+01	     -8.77	0	Gaussian	9990000000.000000	9990000000.000000
955	1	1054.173870	621.749233	     -1.00	   4304.29	   1444.83	      2.50	      1.84	     43.72	     32.13	15.91	 1.570e+01	     -8.77	0	Gaussian	9990000000.000000	9990000000.000000
956	1	1047.362429	550.109135	     -1.00	   1128.26	   2094.40	      2.57	      2.01	     45.02	     35.25	3.11	 1.944e+01	     -8.77	0	Gaussian	9990000000.000000	9990000000.000000
957	1	1054.257269	733.594473	     -1.00	   3439.91	    558.95	      1.97	      1.97	     34.49	     34.49	-71.47	 2.063e+01	     -8.77	0	Gaussian	9990000000.000000	9990000000.000000
958	1	1052.756457	447.024405	     -1.00	   4685.66	   1126.53	      2.85	      2.24	     49.83	     39.16	-15.61	 1.108e+01	     -8.77	0	Gaussian	9990000000.000000	9990000000.000000
959	1	1045.046219	796.945237	     -1.00	   1309.95	   3982.94	      2.52	      1.42	     44.18	     24.78	43.63	 1.361e+01	     -8.77	0	Gaussian	9990000000.000000	9990000000.000000
960	1	1049.023347	527.564979	     -1.00	   4731.26	     71.92	      2.67	      2.02	     46.74	     35.37	21.24	 1.313e+01	     -8.77	0	Gaussian	9990000000.000000	9990000000.000000
961	1	1047.853005	486.111073	     -1.00	   1734.21	    278.65	      2.45	      2.39	     42.82	     41.89	17.84	 1.357e+01	     -8.77	0	Gaussian	9990000000.000000	9990000000.000000
962	1	1039.265829	623.380985	     -1.00	    379.26	    933.19	      2.41	      1.90	     42.14	     33.19	-23.53	 1.633e+01	     -8.77	0	Gaussian	9990000000.000000	9990000000.000000
963	1	1058.610312	801.040343	     -1.00	   2015.43	   2668.02	      2.12	      1.67	     37.15	     29.27	10.98	 3.466e+01	     -8.77	0	Gaussian	9990000000.000000	9990000000.000000
964	1	1056.706350	655.200824	     -1.00	   2013.45	   1284.14	      2.31	      1.88	     40.49	     32.82	37.99	 1.418e+01	     -8.77	0	Gaussian	9990000000.000000	9990000000.000000
965	1	1057.908567	798.965739	     -1.00	   3716.29	   1506.01	      2.14	      1.66	     37.38	     29.13	-20.16	 1.620e+01	     -8.77	0	Gaussian	9990000000.000000	9990000000.000000
966	1	1059.158490	894.001841	     -1.00	   2982.07	   1835.10	      1.78	      1.78	     31.19	     31.19	-76.72	 2.076e+01	     -8.77	0	Gaussian	9990000000.000000	9990000000.000000
967	1	1053.548767	876.650075	     -1.00	   3903.16	   1018.11	      2.15	      1.51	     37.60	     26.37	41.36	 1.516e+01	     -8.77	0	Gaussian	9990000000.000000	9990000000.000000
968	1	1057.818304	934.922937	     -1.00	   3390.61	   1689.82	      2.03	      1.50	     35.48	     26.20	30.38	 1.638e+01	     -8.77	0	Gaussian	9990000000.000000	9990000000.000000
969	1	1049.684854	436.634494	     -1.00	   1924.95	    562.46	      2.71	      2.39	     47.48	     41.84	60.35	 1.444e+01	     -8.77	0	Gaussian	9990000000.000000	9990000000.000000
970	1	1054.480363	776.143457	     -1.00	   4228.83	   3675.79	      2.37	      1.54	     41.55	     26.88	43.07	 1.566e+01	     -8.76	0	Gaussian	9990000000.000000	9990000000.000000
971	1	1048.600500	369.586189	     -1.00	   1551.31	    521.56	      2.79	      2.74	     48.83	     48.00	-53.63	 1.391e+01	     -8.76	0	Gaussian	9990000000.000000	9990000000.000000
972	1	1049.153633	581.636679	     -1.00	   1540.07	   3193.23	      2.41	      2.02	     42.12	     35.36	5.97	 1.527e+01	     -8.76	0	Gaussian	9990000000.000000	9990000000.000000
973	1	1050.256694	508.208972	     -1.00	   3167.36	    512.34	      2.52	      2.20	     44.06	     38.56	45.14	 1.364e+01	     -8.76	0	Gaussian	9990000000.000000	9990000000.000000
974	1	1057.544485	925.315766	     -1.00	   2505.23	   2522.76	      2.01	      1.51	     35.16	     26.50	-37.39	 1.547e+01	     -8.76	0	Gaussian	9990000000.000000	9990000000.000000
975	1	1054.727715	777.770358	     -1.00	   3456.19	    951.82	      2.02	      1.79	     35.39	     31.27	-41.47	 1.647e+01	     -8.76	0	Gaussian	9990000000.000000	9990000000.000000
976	1	1042.367235	431.099503	     -1.00	    524.43	    988.64	      2.76	      2.36	     48.24	     41.38	-24.68	 1.493e+01	     -8.76	0	Gaussian	9990000000.000000	9990000000.000000
977	1	1061.405352	517.617496	     -1.00	   2249.50	   1376.37	      2.56	      2.12	     44.74	     37.15	23.49	 1.490e+01	     -8.76	0	Gaussian	9990000000.000000	9990000000.000000
978	1	1051.655826	536.534038	     -1.00	   5084.41	   2106.21	      2.81	      1.86	     49.20	     32.58	8.36	 1.486e+01	     -8.76	0	Gaussian	9990000000.000000	9990000000.000000
979	1	1054.112968	489.819652	     -1.00	   2428.60	    908.94	      2.39	      2.39	     41.90	     41.90	-18.82	 1.404e+01	     -8.76	0	Gaussian	9990000000.000000	9990000000.000000
980	1	1048.902241	484.001900	     -1.00	   2665.70	    243.35	      2.72	      2.13	     47.68	     37.26	79.82	 1.559e+01	     -8.76	0	Gaussian	9990000000.000000	9990000000.000000
981	1	1057.846597	521.627823	     -1.00	   2597.16	   1993.60	      2.76	      1.95	     48.34	     34.06	4.01	 1.631e+01	     -8.75	0	Gaussian	9990000000.000000	9990000000.000000
982	1	1057.531554	876.178937	     -1.00	   3271.14	   1314.35	      2.10	      1.52	     36.73	     26.67	47.44	 1.579e+01	     -8.75	0	Gaussian	9990000000.000000	9990000000.000000
983	1	1048.756503	432.282805	     -1.00	   2435.80	     68.42	      2.84	      2.28	     49.70	     39.92	48.41	 1.395e+01	     -8.75	0	Gaussian	9990000000.000000	9990000000.000000
984	1	1048.585905	770.240453	     -1.00	   2326.13	   3821.06	      1.90	      1.90	     33.34	     33.34	-74.27	 1.973e+01	     -8.75	0	Gaussian	9990000000.000000	9990000000.000000
985	1	1046.838809	824.350212	     -1.00	    764.26	   3639.69	      2.27	      1.49	     39.76	     26.12	-49.37	 1.820e+01	     -8.75	0	Gaussian	9990000000.000000	9990000000.000000
986	1	1051.308565	535.908491	     -1.00	   4408.66	    820.11	      2.36	      2.21	     41.33	     38.64	-4.24	 1.502e+01	     -8.75	0	Gaussian	9990000000.000000	9990000000.000000
987	1	1052.590029	439.952842	     -1.00	   4675.56	   1011.63	      2.79	      2.27	     48.88	     39.77	-19.70	 1.291e+01	     -8.75	0	Gaussian	9990000000.000000	9990000000.000000
988	1	1050.492992	565.119730	     -1.00	   3744.73	   3750.03	      2.43	      2.03	     42.62	     35.50	35.25	 1.581e+01	     -8.75	0	Gaussian	9990000000.000000	9990000000.000000
989	1	1067.764701	473.377417	     -1.00	   1339.34	   1662.65	      2.66	      2.22	     46.49	     38.83	13.65	 6.476e+01	     -8.75	0	Gaussian	9990000000.000000	9990000000.000000
990	1	1057.349623	683.103311	     -1.00	   2554.05	   1210.04	      2.11	      1.93	     37.00	     33.80	-31.88	 1.784e+01	     -8.75	0	Gaussian	9990000000.000000	9990000000.000000
991	1	1056.581451	697.362392	     -1.00	   2706.76	   1173.19	      2.07	      1.93	     36.28	     33.74	-1.82	 1.509e+01	     -8.75	0	Gaussian	9990000000.000000	9990000000.000000
992	1	1048.181051	600.423770	     -1.00	   3927.98	   3795.53	      2.38	      1.95	     41.66	     34.09	65.16	 1.361e+01	     -8.75	0	Gaussian	9990000000.000000	9990000000.000000
993	1	1048.649636	448.347131	     -1.00	   1678.57	    522.04	      2.75	      2.26	     48.08	     39.54	13.99	 1.281e+01	     -8.75	0	Gaussian	9990000000.000000	9990000000.000000
994	1	1057.143118	650.671579	     -1.00	   2751.86	    726.75	      2.07	      2.07	     36.19	     36.19	-32.38	 1.861e+01	     -8.75	0	Gaussian	9990000000.000000	9990000000.000000
995	1	1056.382993	679.951645	     -1.00	   3183.16	   3225.24	      2.22	      1.84	     38.83	     32.27	-31.95	 1.843e+01	     -8.75	0	Gaussian	9990000000.000000	9990000000.000000
996	1	1049.020019	700.029873	     -1.00	   4498.31	   3919.26	      2.33	      1.71	     40.75	     29.85	48.64	 1.554e+01	     -8.75	0	Gaussian	9990000000.000000	9990000000.000000
997	1	1047.998944	640.290236	     -1.00	   1240.29	   2757.90	      2.29	      1.90	     40.06	     33.17	-44.15	 1.565e+01	     -8.74	0	Gaussian	9990000000.000000	9990000000.000000
998	1	1052.430406	468.802371	     -1.00	   1352.71	   1508.68	      2.70	      2.19	     47.22	     38.34	13.84	 1.335e+01	     -8.74	0	Gaussian	9990000000.000000	9990000000.000000
999	1	1061.944565	1338.361864	     -1.00	   3731.18	   2292.80	      1.78	      1.16	     31.22	     20.29	-46.89	 1.493e+01	     -8.74	0	Gaussian	9990000000.000000	9990000000.000000
1000	1	1057.682110	534.840557	     -1.00	   3500.42	   1662.34	      2.47	      2.10	     43.15	     36.72	-34.07	 1.679e+01	     -8.74	0	Gaussian	9990000000.000000	9990000000.000000
1001	1	1062.344585	1068.789186	     -1.00	   2859.76	   2514.80	      1.86	      1.39	     32.53	     24.36	44.03	 2.711e+01	     -8.74	0	Gaussian	9990000000.000000	9990000000.000000
1002	1	1052.553018	573.803261	     -1.00	   2353.66	    586.74	      2.47	      1.95	     43.16	     34.19	44.55	 1.299e+01	     -8.74	0	Gaussian	9990000000.000000	9990000000.000000
1003	1	1050.445396	570.069848	     -1.00	   4836.46	   2647.63	      2.58	      1.88	     45.20	     32.86	41.24	 1.252e+01	     -8.74	0	Gaussian	9990000000.000000	9990000000.000000
1004	1	1053.375425	478.443462	     -1.00	   4785.72	   1184.38	      2.40	      2.40	     42.05	     42.05	52.61	 1.591e+01	     -8.74	0	Gaussian	9990000000.000000	9990000000.000000
1005	1	1052.991630	560.068519	     -1.00	   1993.15	    687.20	      2.59	      1.90	     45.35	     33.31	-64.91	 1.633e+01	     -8.74	0	Gaussian	9990000000.000000	9990000000.000000
1006	1	1054.185335	551.329500	     -1.00	   4394.61	   2336.23	      2.43	      2.06	     42.47	     36.10	27.29	 1.600e+01	     -8.74	0	Gaussian	9990000000.000000	9990000000.000000
1007	1	1056.068770	1013.314971	     -1.00	   1408.86	   3557.16	      2.02	      1.35	     35.42	     23.55	-49.18	 2.191e+01	     -8.74	0	Gaussian	9990000000.000000	9990000000.000000
1008	1	1060.774236	1155.546022	     -1.00	   3230.83	   2553.22	      1.88	      1.27	     32.85	     22.24	-42.72	 1.636e+01	     -8.74	0	Gaussian	9990000000.000000	9990000000.000000
1009	1	1052.118985	899.206889	     -1.00	   4146.73	   1517.91	      2.11	      1.45	     36.88	     25.45	37.11	 1.755e+01	     -8.74	0	Gaussian	9990000000.000000	9990000000.000000
1010	1	1056.618437	712.294252	     -1.00	   2854.13	   2579.63	      2.11	      1.83	     36.98	     31.97	-27.53	 1.519e+01	     -8.73	0	Gaussian	9990000000.000000	9990000000.000000
1011	1	1050.664639	700.405765	     -1.00	   5294.66	   2207.77	      2.46	      1.59	     43.06	     27.92	26.53	 1.432e+01	     -8.73	0	Gaussian	9990000000.000000	9990000000.000000
1012	1	1048.209428	643.520673	     -1.00	   1080.71	   2919.27	      2.22	      1.92	     38.84	     33.68	-38.77	 1.439e+01	     -8.73	0	Gaussian	9990000000.000000	9990000000.000000
1013	1	1048.052695	552.461963	     -1.00	    911.49	   1610.15	      2.45	      2.03	     42.80	     35.59	35.57	 1.427e+01	     -8.73	0	Gaussian	9990000000.000000	9990000000.000000
1014	1	1054.088537	655.602615	     -1.00	   4414.32	   1483.80	      2.13	      1.96	     37.33	     34.34	0.14	 1.315e+01	     -8.73	0	Gaussian	9990000000.000000	9990000000.000000
1015	1	1051.694792	860.584767	     -1.00	   3352.86	   3765.67	      2.04	      1.56	     35.79	     27.27	54.20	 1.733e+01	     -8.73	0	Gaussian	9990000000.000000	9990000000.000000
1016	1	1034.251683	559.212468	     -1.00	   5805.36	    261.88	      2.67	      1.83	     46.78	     32.09	12.90	 1.392e+01	     -8.73	0	Gaussian	9990000000.000000	9990000000.000000
1017	1	1046.711374	456.698161	     -1.00	   1076.33	    462.30	      2.66	      2.25	     46.61	     39.34	-41.10	 1.661e+01	     -8.73	0	Gaussian	9990000000.000000	9990000000.000000
1018	1	1054.136917	631.311385	     -1.00	   3826.23	    625.61	      2.21	      1.96	     38.63	     34.33	-67.59	 1.459e+01	     -8.73	0	Gaussian	9990000000.000000	9990000000.000000
1019	1	1056.686307	936.982647	     -1.00	   3628.17	   1681.94	      2.02	      1.44	     35.41	     25.20	-46.74	 1.799e+01	     -8.73	0	Gaussian	9990000000.000000	9990000000.000000
1020	1	1051.807470	590.802528	     -1.00	   3551.72	   3853.92	      2.31	      2.00	     40.38	     35.03	-5.56	 1.491e+01	     -8.73	0	Gaussian	9990000000.000000	9990000000.000000
1021	1	1063.678830	573.059402	     -1.00	   3133.50	   2609.52	      2.35	      2.03	     41.08	     35.49	-8.91	 3.571e+01	     -8.72	0	Gaussian	9990000000.000000	9990000000.000000
1022	1	1049.533880	506.611454	     -1.00	   2981.10	    274.05	      2.76	      1.95	     48.27	     34.13	82.44	 1.392e+01	     -8.72	0	Gaussian	9990000000.000000	9990000000.000000
1023	1	1042.205795	429.404530	     -1.00	    712.85	   1383.48	      2.62	      2.42	     45.84	     42.40	48.48	 1.234e+01	     -8.72	0	Gaussian	9990000000.000000	9990000000.000000
1024	1	1052.776590	694.352907	     -1.00	   2569.34	   3047.17	      2.33	      1.68	     40.78	     29.46	-8.81	 1.675e+01	     -8.72	0	Gaussian	9990000000.000000	9990000000.000000
1025	1	1051.051912	528.631574	     -1.00	   1525.52	   2378.80	      2.41	      2.14	     42.18	     37.40	-21.92	 1.501e+01	     -8.72	0	Gaussian	9990000000.000000	9990000000.000000
1026	1	1047.839045	446.552314	     -1.00	   5638.03	   2432.47	      2.84	      2.15	     49.68	     37.59	29.62	 1.399e+01	     -8.72	0	Gaussian	9990000000.000000	9990000000.000000
1027	1	1048.957364	619.477523	     -1.00	   4252.72	   3934.00	      2.46	      1.79	     42.99	     31.31	41.84	 1.467e+01	     -8.72	0	Gaussian	9990000000.000000	9990000000.000000
1028	1	1055.968129	316.987915	     -1.00	   3840.54	   2585.25	      4.82	      1.78	     84.35	     31.10	15.63	 1.791e+01	     -8.72	0	Gaussian	9990000000.000000	9990000000.000000
1029	1	1056.704016	867.089841	     -1.00	   3992.73	   2307.07	      1.96	      1.60	     34.25	     27.98	-32.03	 1.632e+01	     -8.72	0	Gaussian	9990000000.000000	9990000000.000000
1030	1	1053.044900	440.109971	     -1.00	   2551.22	    469.52	      2.48	      2.48	     43.45	     43.45	-53.18	 1.410e+01	     -8.72	0	Gaussian	9990000000.000000	9990000000.000000
1031	1	1035.798089	501.901504	     -1.00	     61.06	   1307.75	      2.61	      2.07	     45.67	     36.21	5.18	 1.457e+01	     -8.72	0	Gaussian	9990000000.000000	9990000000.000000
1032	1	1038.107541	596.254635	     -1.00	    295.47	   3020.93	      2.30	      1.97	     40.26	     34.57	-16.36	 1.374e+01	     -8.72	0	Gaussian	9990000000.000000	9990000000.000000
1033	1	1061.486604	606.945562	     -1.00	   3035.31	   1965.75	      2.34	      1.91	     40.89	     33.42	13.19	 1.638e+01	     -8.72	0	Gaussian	9990000000.000000	9990000000.000000
1034	1	1054.934281	432.941124	     -1.00	   2244.77	    634.76	      2.64	      2.36	     46.25	     41.37	54.25	 1.849e+01	     -8.72	0	Gaussian	9990000000.000000	9990000000.000000
1035	1	1046.945002	567.031843	     -1.00	   4751.49	   3948.44	      2.57	      1.86	     44.96	     32.50	47.15	 1.401e+01	     -8.72	0	Gaussian	9990000000.000000	9990000000.000000
1036	1	1051.515974	608.349871	     -1.00	   3990.47	   3468.92	      2.16	      2.05	     37.88	     35.95	61.18	 1.676e+01	     -8.72	0	Gaussian	9990000000.000000	9990000000.000000
1037	1	1055.785496	473.388432	     -1.00	   2649.04	    780.31	      2.86	      2.00	     50.07	     34.95	78.22	 1.333e+01	     -8.72	0	Gaussian	9990000000.000000	9990000000.000000
1038	1	1053.949209	486.200924	     -1.00	   2128.56	    974.66	      2.58	      2.16	     45.12	     37.75	19.67	 1.455e+01	     -8.72	0	Gaussian	9990000000.000000	9990000000.000000
1039	1	1050.853119	471.299100	     -1.00	   4695.86	   1213.31	      2.62	      2.19	     45.88	     38.29	4.10	 1.347e+01	     -8.72	0	Gaussian	9990000000.000000	9990000000.000000
1040	1	1056.333267	515.873856	     -1.00	   3934.59	   1519.38	      2.30	      2.27	     40.20	     39.76	-43.23	 1.196e+01	     -8.71	0	Gaussian	9990000000.000000	9990000000.000000
1041	1	1053.871891	519.463442	     -1.00	   3017.35	    759.60	      2.86	      1.81	     50.01	     31.71	80.73	 2.060e+01	     -8.71	0	Gaussian	9990000000.000000	9990000000.000000
1042	1	1051.104463	507.474832	     -1.00	   3967.46	    755.43	      2.33	      2.27	     40.82	     39.73	87.31	 1.487e+01	     -8.71	0	Gaussian	9990000000.000000	9990000000.000000
1043	1	1049.722444	425.288598	     -1.00	   5162.86	   1150.71	      2.80	      2.25	     49.09	     39.40	-4.49	 1.069e+01	     -8.71	0	Gaussian	9990000000.000000	9990000000.000000
1044	1	1052.802988	449.566006	     -1.00	   2355.57	   3582.45	      2.85	      2.10	     49.87	     36.68	-50.19	 1.279e+01	     -8.71	0	Gaussian	9990000000.000000	9990000000.000000
1045	1	1053.045043	724.943352	     -1.00	   2320.95	   2872.21	      2.24	      1.65	     39.26	     28.88	23.19	 1.553e+01	     -8.71	0	Gaussian	9990000000.000000	9990000000.000000
1046	1	1049.909578	660.386622	     -1.00	   4822.78	   3143.89	      2.51	      1.62	     43.93	     28.31	41.74	 1.396e+01	     -8.71	0	Gaussian	9990000000.000000	9990000000.000000
1047	1	1048.310186	441.596142	     -1.00	   1876.79	    421.67	      2.60	      2.33	     45.58	     40.79	31.91	 1.306e+01	     -8.71	0	Gaussian	9990000000.000000	9990000000.000000
1048	1	1057.203289	613.444199	     -1.00	   3040.02	   1286.58	      2.18	      2.01	     38.08	     35.15	33.74	 1.837e+01	     -8.71	0	Gaussian	9990000000.000000	9990000000.000000
1049	1	1049.288046	526.477248	     -1.00	   2473.75	   3846.28	      2.35	      2.17	     41.12	     37.91	-38.56	 1.444e+01	     -8.71	0	Gaussian	9990000000.000000	9990000000.000000
1050	1	1055.913205	623.426813	     -1.00	   2840.82	    750.13	      2.38	      1.81	     41.63	     31.62	47.84	 1.745e+01	     -8.71	0	Gaussian	9990000000.000000	9990000000.000000
1051	1	1045.183403	500.110023	     -1.00	    769.18	    894.12	      2.31	      2.31	     40.49	     40.49	66.15	 1.457e+01	     -8.70	0	Gaussian	9990000000.000000	9990000000.000000
1052	1	1049.582154	434.028108	     -1.00	   2506.46	    443.47	      2.54	      2.42	     44.54	     42.40	58.16	 1.265e+01	     -8.70	0	Gaussian	9990000000.000000	9990000000.000000
1053	1	1047.178619	570.738472	     -1.00	    897.99	   2973.14	      2.40	      1.95	     42.07	     34.13	20.86	 1.617e+01	     -8.70	0	Gaussian	9990000000.000000	9990000000.000000
1054	1	1054.345114	490.640864	     -1.00	   4698.64	   2563.17	      2.55	      2.13	     44.63	     37.33	31.90	 1.269e+01	     -8.70	0	Gaussian	9990000000.000000	9990000000.000000
1055	1	1050.757630	496.444948	     -1.00	   2497.07	    457.61	      2.37	      2.27	     41.41	     39.75	51.43	 1.254e+01	     -8.70	0	Gaussian	9990000000.000000	9990000000.000000
1056	1	1053.200331	494.240753	     -1.00	   2853.52	    733.06	      2.45	      2.20	     42.88	     38.53	43.61	 1.609e+01	     -8.70	0	Gaussian	9990000000.000000	9990000000.000000
1057	1	1050.222430	425.400918	     -1.00	   2666.28	    187.02	      2.50	      2.50	     43.76	     43.76	-51.88	 1.241e+01	     -8.70	0	Gaussian	9990000000.000000	9990000000.000000
1058	1	1051.351644	439.982593	     -1.00	   4658.00	   1808.45	      2.71	      2.23	     47.49	     38.95	20.73	 1.249e+01	     -8.70	0	Gaussian	9990000000.000000	9990000000.000000
1059	1	1061.912987	1084.037276	     -1.00	   3306.11	   1669.20	      1.93	      1.27	     33.74	     22.24	43.73	 1.974e+01	     -8.70	0	Gaussian	9990000000.000000	9990000000.000000
1060	1	1052.850087	550.811572	     -1.00	   1967.14	   1225.25	      2.32	      2.08	     40.53	     36.35	-46.20	 1.517e+01	     -8.69	0	Gaussian	9990000000.000000	9990000000.000000
1061	1	1047.833139	452.418237	     -1.00	   3542.48	   3826.47	      2.54	      2.31	     44.41	     40.37	-13.48	 1.261e+01	     -8.69	0	Gaussian	9990000000.000000	9990000000.000000
1062	1	1047.411771	610.161031	     -1.00	   1570.98	   3438.89	      2.40	      1.81	     42.05	     31.60	-46.25	 1.441e+01	     -8.69	0	Gaussian	9990000000.000000	9990000000.000000
1063	1	1054.522726	599.287350	     -1.00	   1974.95	   1195.08	      2.31	      1.91	     40.37	     33.43	-11.55	 1.548e+01	     -8.69	0	Gaussian	9990000000.000000	9990000000.000000
1064	1	1057.263118	572.857169	     -1.00	   2932.27	   1496.31	      2.41	      1.91	     42.13	     33.49	-7.23	 1.978e+01	     -8.69	0	Gaussian	9990000000.000000	9990000000.000000
1065	1	1044.018320	658.710402	     -1.00	   5534.99	   3839.81	      2.39	      1.68	     41.77	     29.36	36.35	 1.804e+01	     -8.69	0	Gaussian	9990000000.000000	9990000000.000000
1066	1	1043.217018	448.695367	     -1.00	    435.87	   1533.43	      2.54	      2.31	     44.43	     40.50	10.50	 1.290e+01	     -8.69	0	Gaussian	9990000000.000000	9990000000.000000
1067	1	1046.610009	400.901653	     -1.00	   4992.27	   3653.88	      2.56	      2.56	     44.87	     44.87	-51.45	 1.261e+01	     -8.69	0	Gaussian	9990000000.000000	9990000000.000000
1068	1	1056.048639	518.055506	     -1.00	   2399.05	   2436.54	      2.46	      2.07	     42.98	     36.21	27.19	 1.337e+01	     -8.69	0	Gaussian	9990000000.000000	9990000000.000000
1069	1	1056.629673	869.407272	     -1.00	   3890.98	   1264.08	      2.23	      1.36	     39.00	     23.76	44.60	 1.487e+01	     -8.69	0	Gaussian	9990000000.000000	9990000000.000000
1070	1	1038.378325	532.928022	     -1.00	     88.98	   1354.84	      2.22	      2.22	     38.87	     38.87	20.94	 1.563e+01	     -8.69	0	Gaussian	9990000000.000000	9990000000.000000
1071	1	1047.902748	400.300438	     -1.00	   4490.48	    416.84	      2.65	      2.47	     46.43	     43.30	1.78	 1.222e+01	     -8.68	0	Gaussian	9990000000.000000	9990000000.000000
1072	1	1051.085921	484.112783	     -1.00	   5255.53	    948.71	      2.50	      2.17	     43.75	     37.96	8.03	 1.502e+01	     -8.68	0	Gaussian	9990000000.000000	9990000000.000000
1073	1	1049.565547	573.857563	     -1.00	   5069.62	   3498.63	      2.65	      1.73	     46.35	     30.20	41.70	 1.281e+01	     -8.68	0	Gaussian	9990000000.000000	9990000000.000000
1074	1	1050.199793	592.942541	     -1.00	   3198.93	    618.39	      2.39	      1.85	     41.79	     32.41	77.03	 1.468e+01	     -8.68	0	Gaussian	9990000000.000000	9990000000.000000
1075	1	1049.727780	819.049820	     -1.00	   4281.06	   3300.05	      2.19	      1.46	     38.38	     25.50	46.07	 1.309e+01	     -8.68	0	Gaussian	9990000000.000000	9990000000.000000
1076	1	1045.957248	600.510938	     -1.00	   1088.15	     85.00	      2.28	      1.91	     39.97	     33.36	23.98	 1.499e+01	     -8.68	0	Gaussian	9990000000.000000	9990000000.000000
1077	1	1057.909874	648.337500	     -1.00	   4722.88	   3193.81	      2.61	      1.54	     45.71	     26.98	46.62	 3.487e+01	     -8.68	0	Gaussian	9990000000.000000	9990000000.000000
1078	1	1045.008989	467.938183	     -1.00	    794.13	   1448.76	      2.56	      2.18	     44.80	     38.13	23.80	 1.444e+01	     -8.68	0	Gaussian	9990000000.000000	9990000000.000000
1079	1	1059.612764	553.792868	     -1.00	   2724.41	   2614.81	      2.28	      2.06	     39.90	     36.12	5.59	 1.498e+01	     -8.68	0	Gaussian	9990000000.000000	9990000000.000000
1080	1	1053.416249	559.498726	     -1.00	   2600.94	    489.49	      2.30	      2.02	     40.33	     35.37	54.18	 1.585e+01	     -8.68	0	Gaussian	9990000000.000000	9990000000.000000
1081	1	1051.699213	432.549545	     -1.00	   4909.96	   1843.88	      2.45	      2.45	     42.95	     42.95	-59.61	 1.571e+01	     -8.68	0	Gaussian	9990000000.000000	9990000000.000000
1082	1	1046.533894	525.320524	     -1.00	   1000.03	    441.08	      2.38	      2.08	     41.71	     36.42	39.69	 1.324e+01	     -8.68	0	Gaussian	9990000000.000000	9990000000.000000
1083	1	1054.726216	745.026445	     -1.00	   2475.92	   2988.35	      1.87	      1.87	     32.68	     32.68	14.31	 1.939e+01	     -8.67	0	Gaussian	9990000000.000000	9990000000.000000
1084	1	1058.857516	548.178938	     -1.00	   2403.52	   1915.76	      2.49	      1.90	     43.51	     33.31	0.85	 1.428e+01	     -8.67	0	Gaussian	9990000000.000000	9990000000.000000
1085	1	1048.324416	474.361927	     -1.00	   1380.65	   2126.29	      2.53	      2.16	     44.28	     37.79	8.75	 1.314e+01	     -8.67	0	Gaussian	9990000000.000000	9990000000.000000
1086	1	1051.936724	619.229154	     -1.00	   1558.45	   2219.86	      2.20	      1.90	     38.58	     33.21	-22.91	 1.489e+01	     -8.67	0	Gaussian	9990000000.000000	9990000000.000000
1087	1	1051.592618	515.326031	     -1.00	   1241.99	   1949.93	      2.24	      2.24	     39.23	     39.23	-70.20	 1.361e+01	     -8.67	0	Gaussian	9990000000.000000	9990000000.000000
1088	1	1055.548396	1007.289124	     -1.00	   4091.15	   2418.13	      1.99	      1.29	     34.88	     22.56	45.53	 1.520e+01	     -8.67	0	Gaussian	9990000000.000000	9990000000.000000
1089	1	1043.872071	494.947950	     -1.00	    950.88	    889.34	      2.41	      2.16	     42.23	     37.88	9.25	 1.313e+01	     -8.67	0	Gaussian	9990000000.000000	9990000000.000000
1090	1	1062.065830	794.423040	     -1.00	   2940.00	   2109.02	      1.80	      1.80	     31.56	     31.56	-52.24	 1.913e+01	     -8.67	0	Gaussian	9990000000.000000	9990000000.000000
1091	1	1052.339906	615.759581	     -1.00	   2918.99	    567.86	      2.24	      1.88	     39.12	     32.85	48.14	 1.581e+01	     -8.67	0	Gaussian	9990000000.000000	9990000000.000000
1092	1	1045.070162	422.793667	     -1.00	   1420.76	    452.72	      2.50	      2.44	     43.75	     42.71	25.07	 1.300e+01	     -8.66	0	Gaussian	9990000000.000000	9990000000.000000
1093	1	1056.828509	605.943206	     -1.00	   2124.13	   1875.42	      2.27	      1.87	     39.73	     32.81	21.07	 1.139e+01	     -8.66	0	Gaussian	9990000000.000000	9990000000.000000
1094	1	1041.222807	502.724772	     -1.00	    354.62	   1083.96	      2.35	      2.18	     41.19	     38.13	-12.40	 1.462e+01	     -8.66	0	Gaussian	9990000000.000000	9990000000.000000
1095	1	1062.064639	692.732780	     -1.00	   4344.23	    849.82	      2.08	      1.78	     36.48	     31.24	-36.63	 2.441e+01	     -8.66	0	Gaussian	9990000000.000000	9990000000.000000
1096	1	1047.294574	357.013231	     -1.00	    812.58	   1649.46	      2.90	      2.48	     50.81	     43.48	28.31	 1.233e+01	     -8.66	0	Gaussian	9990000000.000000	9990000000.000000
1097	1	1050.128816	526.034939	     -1.00	   5002.55	   1033.09	      2.53	      1.94	     44.20	     33.89	-18.80	 1.438e+01	     -8.66	0	Gaussian	9990000000.000000	9990000000.000000
1098	1	1042.813639	433.899816	     -1.00	    921.35	   4033.09	      2.61	      2.27	     45.75	     39.67	-10.62	 1.908e+01	     -8.66	0	Gaussian	9990000000.000000	9990000000.000000
1099	1	1055.283064	616.564236	     -1.00	   4038.23	    767.36	      2.11	      1.97	     36.94	     34.56	-38.11	 1.598e+01	     -8.66	0	Gaussian	9990000000.000000	9990000000.000000
1100	1	1052.579187	560.988578	     -1.00	   3715.24	    546.33	      2.19	      2.09	     38.39	     36.54	60.49	 1.427e+01	     -8.66	0	Gaussian	9990000000.000000	9990000000.000000
1101	1	1048.077232	439.972426	     -1.00	    935.91	   1960.25	      2.42	      2.42	     42.28	     42.28	79.92	 1.323e+01	     -8.66	0	Gaussian	9990000000.000000	9990000000.000000
1102	1	1038.438779	428.249203	     -1.00	   5716.67	   3691.14	      2.67	      2.25	     46.65	     39.37	19.98	 1.575e+01	     -8.66	0	Gaussian	9990000000.000000	9990000000.000000
1103	1	1050.817062	197.805845	     -1.00	   5120.50	   2880.71	      4.32	      3.00	     75.63	     52.55	-29.84	 1.351e+01	     -8.66	0	Gaussian	9990000000.000000	9990000000.000000
1104	1	1060.046505	543.041291	     -1.00	   2837.51	   2236.79	      2.36	      2.00	     41.31	     35.01	-5.58	 1.217e+01	     -8.66	0	Gaussian	9990000000.000000	9990000000.000000
1105	1	1057.642300	663.068994	     -1.00	   2758.28	   1175.01	      2.23	      1.73	     39.08	     30.30	22.60	 1.523e+01	     -8.66	0	Gaussian	9990000000.000000	9990000000.000000
1106	1	1047.413476	492.653289	     -1.00	    909.03	   1728.90	      2.28	      2.28	     39.91	     39.91	-60.85	 1.404e+01	     -8.66	0	Gaussian	9990000000.000000	9990000000.000000
1107	1	1057.435136	664.114518	     -1.00	   3465.67	    991.01	      2.18	      1.77	     38.13	     30.96	49.98	 1.692e+01	     -8.66	0	Gaussian	9990000000.000000	9990000000.000000
1108	1	1057.110924	1067.274506	     -1.00	   3506.77	   2955.19	      1.89	      1.27	     33.07	     22.20	-39.02	 1.592e+01	     -8.66	0	Gaussian	9990000000.000000	9990000000.000000
1109	1	1052.020239	431.824120	     -1.00	   1863.76	   2496.46	      2.73	      2.17	     47.73	     38.01	-46.49	 1.198e+01	     -8.66	0	Gaussian	9990000000.000000	9990000000.000000
1110	1	1060.727419	676.752915	     -1.00	   3227.62	   2120.83	      2.07	      1.82	     36.29	     31.89	8.57	 1.319e+01	     -8.65	0	Gaussian	9990000000.000000	9990000000.000000
1111	1	1055.369074	1022.473855	     -1.00	   2376.84	   2745.21	      1.95	      1.28	     34.11	     22.45	-45.27	 1.668e+01	     -8.65	0	Gaussian	9990000000.000000	9990000000.000000
1112	1	1045.335136	460.919805	     -1.00	   4580.57	   3635.47	      2.35	      2.35	     41.21	     41.21	-69.52	 1.595e+01	     -8.65	0	Gaussian	9990000000.000000	9990000000.000000
1113	1	1046.885629	458.464656	     -1.00	   5298.54	   3722.04	      2.46	      2.26	     43.11	     39.60	4.69	 1.400e+01	     -8.65	0	Gaussian	9990000000.000000	9990000000.000000
1114	1	1056.692717	512.625381	     -1.00	   3417.72	   2584.55	      2.28	      2.18	     39.94	     38.20	-72.01	 1.270e+01	     -8.65	0	Gaussian	9990000000.000000	9990000000.000000
1115	1	1037.595079	381.466632	     -1.00	    523.84	    401.25	      2.85	      2.35	     49.83	     41.12	-11.19	 1.243e+01	     -8.65	0	Gaussian	9990000000.000000	9990000000.000000
1116	1	1059.167920	659.733151	     -1.00	   2480.74	   1493.92	      2.25	      1.72	     39.37	     30.08	34.56	 1.495e+01	     -8.65	0	Gaussian	9990000000.000000	9990000000.000000
1117	1	1044.792401	579.750607	     -1.00	    705.82	   2233.03	      2.30	      1.91	     40.29	     33.46	18.84	 1.304e+01	     -8.65	0	Gaussian	9990000000.000000	9990000000.000000
1118	1	1050.238888	709.407551	     -1.00	   2685.97	   4013.97	      2.16	      1.67	     37.74	     29.16	-49.53	 1.578e+01	     -8.65	0	Gaussian	9990000000.000000	9990000000.000000
1119	1	1058.418736	826.043999	     -1.00	   2608.00	   2174.88	      2.06	      1.50	     36.00	     26.25	28.32	 1.598e+01	     -8.65	0	Gaussian	9990000000.000000	9990000000.000000
1120	1	1056.668205	548.598477	     -1.00	   2774.47	   3064.33	      2.44	      1.90	     42.62	     33.25	-5.66	 1.528e+01	     -8.65	0	Gaussian	9990000000.000000	9990000000.000000
1121	1	1048.733982	463.975636	     -1.00	   4300.05	    184.12	      2.59	      2.11	     45.27	     36.99	-46.70	 1.287e+01	     -8.65	0	Gaussian	9990000000.000000	9990000000.000000
1122	1	1058.290041	656.784926	     -1.00	   2782.89	   2075.49	      1.96	      1.96	     34.39	     34.39	24.94	 1.561e+01	     -8.65	0	Gaussian	9990000000.000000	9990000000.000000
1123	1	1055.658601	549.101380	     -1.00	   4198.32	   1375.29	      2.19	      2.11	     38.36	     36.87	29.09	 1.290e+01	     -8.65	0	Gaussian	9990000000.000000	9990000000.000000
1124	1	1053.531041	505.523362	     -1.00	   4484.18	   1327.73	      2.34	      2.14	     40.93	     37.53	8.16	 1.420e+01	     -8.65	0	Gaussian	9990000000.000000	9990000000.000000
1125	1	1053.476317	533.609004	     -1.00	   3218.22	    661.55	      2.38	      1.99	     41.68	     34.84	66.32	 1.182e+01	     -8.64	0	Gaussian	9990000000.000000	9990000000.000000
1126	1	1056.334590	696.485681	     -1.00	   3858.60	   1519.96	      2.13	      1.70	     37.36	     29.78	49.42	 1.907e+01	     -8.64	0	Gaussian	9990000000.000000	9990000000.000000
1127	1	1054.417792	750.315819	     -1.00	   3875.00	   1089.18	      2.10	      1.60	     36.76	     28.08	-44.53	 1.511e+01	     -8.64	0	Gaussian	9990000000.000000	9990000000.000000
1128	1	1052.759066	675.239160	     -1.00	   2546.16	   3851.36	      2.08	      1.80	     36.38	     31.44	45.96	 1.563e+01	     -8.64	0	Gaussian	9990000000.000000	9990000000.000000
1129	1	1047.525441	423.567241	     -1.00	   3767.21	    267.60	      2.63	      2.25	     46.07	     39.45	-75.54	 1.319e+01	     -8.64	0	Gaussian	9990000000.000000	9990000000.000000
1130	1	1044.762275	384.610927	     -1.00	   4849.56	   3793.53	      2.83	      2.31	     49.54	     40.38	57.86	 1.214e+01	     -8.64	0	Gaussian	9990000000.000000	9990000000.000000
1131	1	1060.240010	1025.984632	     -1.00	   2490.84	   2677.20	      1.91	      1.28	     33.36	     22.47	-41.14	 1.795e+01	     -8.64	0	Gaussian	9990000000.000000	9990000000.000000
1132	1	1055.759634	695.701450	     -1.00	   3513.36	   1424.34	      2.31	      1.56	     40.44	     27.33	44.05	 1.322e+01	     -8.63	0	Gaussian	9990000000.000000	9990000000.000000
1133	1	1060.403620	641.870364	     -1.00	   2470.74	   2095.72	      2.17	      1.80	     37.92	     31.54	26.10	 1.438e+01	     -8.63	0	Gaussian	9990000000.000000	9990000000.000000
1134	1	1049.754299	509.205190	     -1.00	   2465.27	   3975.41	      2.32	      2.12	     40.56	     37.14	-63.80	 1.443e+01	     -8.63	0	Gaussian	9990000000.000000	9990000000.000000
1135	1	1060.123742	622.342048	     -1.00	   2795.24	   2226.68	      2.08	      1.93	     36.44	     33.79	-7.22	 1.426e+01	     -8.63	0	Gaussian	9990000000.000000	9990000000.000000
1136	1	1046.169356	436.492415	     -1.00	   1526.66	   3286.14	      2.57	      2.23	     44.91	     39.07	34.86	 1.197e+01	     -8.63	0	Gaussian	9990000000.000000	9990000000.000000
1137	1	1054.405946	438.477995	     -1.00	   4486.47	    724.31	      2.63	      2.17	     46.04	     37.93	-20.12	 1.397e+01	     -8.63	0	Gaussian	9990000000.000000	9990000000.000000
1138	1	1051.298266	488.043918	     -1.00	   2815.88	    446.98	      2.52	      2.03	     44.10	     35.56	48.90	 1.382e+01	     -8.63	0	Gaussian	9990000000.000000	9990000000.000000
1139	1	1040.596135	599.613649	     -1.00	   6023.17	   1760.14	      2.42	      1.72	     42.31	     30.14	33.48	 1.417e+01	     -8.63	0	Gaussian	9990000000.000000	9990000000.000000
1140	1	1057.134610	632.635746	     -1.00	   2507.08	   1199.05	      2.23	      1.76	     39.10	     30.87	-19.26	 1.536e+01	     -8.63	0	Gaussian	9990000000.000000	9990000000.000000
1141	1	1057.718041	449.511199	     -1.00	   2939.64	    992.49	      2.54	      2.18	     44.39	     38.20	35.84	 1.393e+01	     -8.63	0	Gaussian	9990000000.000000	9990000000.000000
1142	1	1058.353142	709.263788	     -1.00	   2349.42	   1730.88	      2.06	      1.70	     36.01	     29.80	-2.04	 1.783e+01	     -8.62	0	Gaussian	9990000000.000000	9990000000.000000
1143	1	1060.027580	551.460898	     -1.00	   2919.67	   1611.31	      2.35	      1.91	     41.21	     33.47	11.37	 2.705e+01	     -8.62	0	Gaussian	9990000000.000000	9990000000.000000
1144	1	1051.100658	517.690744	     -1.00	   5326.33	   2853.05	      2.55	      1.88	     44.70	     32.85	32.57	 1.388e+01	     -8.62	0	Gaussian	9990000000.000000	9990000000.000000
1145	1	1053.478049	428.556378	     -1.00	   1824.65	   2460.43	      2.79	      2.07	     48.92	     36.18	-7.46	 1.371e+01	     -8.62	0	Gaussian	9990000000.000000	9990000000.000000
1146	1	1059.549720	677.545296	     -1.00	   2579.27	   1930.75	      2.06	      1.78	     35.98	     31.09	-17.51	 1.363e+01	     -8.62	0	Gaussian	9990000000.000000	9990000000.000000
1147	1	1062.298726	845.213754	     -1.00	   4232.29	   1553.22	      2.05	      1.43	     35.88	     24.99	41.81	 3.650e+01	     -8.62	0	Gaussian	9990000000.000000	9990000000.000000
1148	1	1051.561003	507.644783	     -1.00	   3706.45	   3802.02	      2.25	      2.17	     39.30	     37.94	42.54	 1.420e+01	     -8.62	0	Gaussian	9990000000.000000	9990000000.000000
1149	1	1053.388717	409.532231	     -1.00	   2525.59	    543.45	      2.60	      2.32	     45.44	     40.67	72.62	 1.568e+01	     -8.62	0	Gaussian	9990000000.000000	9990000000.000000
1150	1	1046.076522	335.216441	     -1.00	   1546.28	    602.22	      2.85	      2.59	     49.81	     45.33	-80.37	 1.165e+01	     -8.62	0	Gaussian	9990000000.000000	9990000000.000000
1151	1	1047.337009	446.521441	     -1.00	   1102.57	   1578.18	      2.41	      2.29	     42.23	     40.03	18.25	 1.310e+01	     -8.61	0	Gaussian	9990000000.000000	9990000000.000000
1152	1	1052.481470	461.410057	     -1.00	   3336.76	    776.57	      2.38	      2.24	     41.69	     39.15	17.59	 1.466e+01	     -8.61	0	Gaussian	9990000000.000000	9990000000.000000
1153	1	1059.012820	946.386143	     -1.00	   3946.97	   1580.04	      1.99	      1.31	     34.75	     22.89	48.83	 1.434e+01	     -8.61	0	Gaussian	9990000000.000000	9990000000.000000
1154	1	1047.865269	460.393150	     -1.00	   1224.59	   2042.23	      2.60	      2.05	     45.48	     35.95	5.32	 1.421e+01	     -8.61	0	Gaussian	9990000000.000000	9990000000.000000
1155	1	1050.897104	676.293541	     -1.00	   4920.02	   3298.94	      2.41	      1.51	     42.14	     26.40	42.01	 1.440e+01	     -8.61	0	Gaussian	9990000000.000000	9990000000.000000
1156	1	1051.981022	611.387548	     -1.00	   3421.04	    692.11	      2.24	      1.80	     39.14	     31.44	48.61	 1.598e+01	     -8.61	0	Gaussian	9990000000.000000	9990000000.000000
1157	1	1056.043525	709.530802	     -1.00	   2587.08	   2907.92	      1.86	      1.86	     32.53	     32.53	-18.19	 1.869e+01	     -8.61	0	Gaussian	9990000000.000000	9990000000.000000
1158	1	1050.768146	494.340828	     -1.00	   4299.99	   3261.55	      2.37	      2.09	     41.41	     36.66	-58.44	 1.209e+01	     -8.61	0	Gaussian	9990000000.000000	9990000000.000000
1159	1	1053.652158	745.191747	     -1.00	   2055.97	   3318.08	      2.20	      1.49	     38.49	     26.11	-40.57	 2.173e+01	     -8.61	0	Gaussian	9990000000.000000	9990000000.000000
1160	1	1051.017371	514.926768	     -1.00	   4070.69	    701.93	      2.33	      2.03	     40.80	     35.53	34.93	 1.388e+01	     -8.60	0	Gaussian	9990000000.000000	9990000000.000000
1161	1	1049.735539	434.651709	     -1.00	   1475.15	   1793.57	      2.65	      2.12	     46.38	     37.03	6.92	 1.357e+01	     -8.60	0	Gaussian	9990000000.000000	9990000000.000000
1162	1	1063.267120	645.488868	     -1.00	   4749.66	   2610.88	      2.30	      1.64	     40.25	     28.72	43.73	 3.806e+01	     -8.60	0	Gaussian	9990000000.000000	9990000000.000000
1163	1	1050.457913	485.660318	     -1.00	   5195.90	    850.20	      2.61	      1.92	     45.64	     33.62	-8.18	 1.215e+01	     -8.60	0	Gaussian	9990000000.000000	9990000000.000000
1164	1	1053.508105	401.631185	     -1.00	   1681.96	    940.41	      2.85	      2.12	     49.88	     37.17	26.80	 1.939e+01	     -8.60	0	Gaussian	9990000000.000000	9990000000.000000
1165	1	1054.156735	484.813201	     -1.00	   2846.60	   3400.26	      2.41	      2.08	     42.15	     36.42	15.71	 1.339e+01	     -8.60	0	Gaussian	9990000000.000000	9990000000.000000
1166	1	1046.820065	337.688998	     -1.00	   5474.01	   1019.43	      3.01	      2.39	     52.68	     41.75	23.51	 1.148e+01	     -8.60	0	Gaussian	9990000000.000000	9990000000.000000
1167	1	1051.703287	463.106657	     -1.00	   4296.34	   3607.74	      2.42	      2.16	     42.33	     37.87	60.38	 1.260e+01	     -8.60	0	Gaussian	9990000000.000000	9990000000.000000
1168	1	1059.794395	624.769101	     -1.00	   2932.11	   2622.09	      1.97	      1.97	     34.46	     34.46	88.93	 1.600e+01	     -8.60	0	Gaussian	9990000000.000000	9990000000.000000
1169	1	1046.677742	600.777685	     -1.00	   1655.13	   3688.78	      2.40	      1.68	     42.00	     29.41	-50.22	 1.665e+01	     -8.60	0	Gaussian	9990000000.000000	9990000000.000000
1170	1	1045.506422	369.615892	     -1.00	   1420.21	    860.44	      2.72	      2.41	     47.62	     42.12	23.18	 1.141e+01	     -8.60	0	Gaussian	9990000000.000000	9990000000.000000
1171	1	1052.562306	594.644878	     -1.00	   2811.27	   3435.77	      2.82	      1.44	     49.43	     25.22	-3.39	 1.397e+01	     -8.60	0	Gaussian	9990000000.000000	9990000000.000000
1172	1	1058.309671	584.618245	     -1.00	   5274.51	   2317.82	      2.63	      1.57	     46.08	     27.49	21.77	 2.171e+01	     -8.59	0	Gaussian	9990000000.000000	9990000000.000000
1173	1	1046.531205	542.161268	     -1.00	    878.04	   2785.41	      2.27	      1.96	     39.82	     34.25	20.44	 1.714e+01	     -8.59	0	Gaussian	9990000000.000000	9990000000.000000
1174	1	1050.405065	327.320494	     -1.00	   2830.64	    111.64	      2.89	      2.55	     50.60	     44.58	19.12	 1.218e+01	     -8.59	0	Gaussian	9990000000.000000	9990000000.000000
1175	1	1056.374875	476.129716	     -1.00	   4562.22	   2731.86	      2.51	      2.01	     43.99	     35.25	10.30	 1.636e+01	     -8.59	0	Gaussian	9990000000.000000	9990000000.000000
1176	1	1051.828023	404.424129	     -1.00	   5112.92	   1634.67	      2.83	      2.10	     49.50	     36.82	7.27	 1.427e+01	     -8.59	0	Gaussian	9990000000.000000	9990000000.000000
1177	1	1049.125686	524.294036	     -1.00	   2593.99	   3888.37	      2.16	      2.13	     37.73	     37.21	-74.32	 1.454e+01	     -8.59	0	Gaussian	9990000000.000000	9990000000.000000
1178	1	1050.203928	404.412365	     -1.00	   2589.20	    411.71	      2.64	      2.25	     46.28	     39.33	59.05	 1.421e+01	     -8.59	0	Gaussian	9990000000.000000	9990000000.000000
1179	1	1048.160952	468.120453	     -1.00	   1291.63	   1606.94	      2.42	      2.12	     42.37	     37.10	-20.20	 1.164e+01	     -8.59	0	Gaussian	9990000000.000000	9990000000.000000
1180	1	1055.248117	802.141058	     -1.00	   3366.78	   3437.93	      1.97	      1.52	     34.49	     26.58	36.12	 1.622e+01	     -8.59	0	Gaussian	9990000000.000000	9990000000.000000
1181	1	1046.565282	413.587529	     -1.00	   5069.47	   3851.29	      2.46	      2.35	     43.14	     41.12	31.20	 1.285e+01	     -8.58	0	Gaussian	9990000000.000000	9990000000.000000
1182	1	1052.249777	552.321084	     -1.00	   3743.54	   3514.78	      2.22	      1.95	     38.80	     34.20	44.64	 1.217e+01	     -8.58	0	Gaussian	9990000000.000000	9990000000.000000
1183	1	1058.657300	655.112434	     -1.00	   2603.27	   2603.02	      2.21	      1.65	     38.66	     28.92	-18.70	 1.538e+01	     -8.58	0	Gaussian	9990000000.000000	9990000000.000000
1184	1	1045.785975	397.608033	     -1.00	    903.92	   2208.93	      2.70	      2.22	     47.25	     38.94	1.78	 1.353e+01	     -8.58	0	Gaussian	9990000000.000000	9990000000.000000
1185	1	1051.992759	492.519361	     -1.00	   3138.45	   3184.16	      2.34	      2.08	     40.87	     36.33	12.45	 1.391e+01	     -8.58	0	Gaussian	9990000000.000000	9990000000.000000
1186	1	1047.524060	378.843147	     -1.00	   4896.93	    750.67	      2.64	      2.38	     46.29	     41.70	-29.75	 1.335e+01	     -8.58	0	Gaussian	9990000000.000000	9990000000.000000
1187	1	1055.016075	762.535272	     -1.00	   2962.19	   3281.28	      1.97	      1.58	     34.56	     27.72	41.07	 1.500e+01	     -8.58	0	Gaussian	9990000000.000000	9990000000.000000
1188	1	1048.906376	499.954980	     -1.00	   5082.08	    441.30	      2.45	      1.94	     42.93	     33.98	12.53	 1.345e+01	     -8.58	0	Gaussian	9990000000.000000	9990000000.000000
1189	1	1049.531690	534.791924	     -1.00	   5383.44	   3200.39	      2.62	      1.70	     45.92	     29.69	44.17	 1.386e+01	     -8.58	0	Gaussian	9990000000.000000	9990000000.000000
1190	1	1045.710142	476.123642	     -1.00	   1016.84	   2677.87	      2.51	      1.99	     43.85	     34.87	10.53	 1.332e+01	     -8.58	0	Gaussian	9990000000.000000	9990000000.000000
1191	1	1053.564223	539.857158	     -1.00	   2318.40	   2668.10	      2.40	      1.83	     41.93	     32.10	-16.76	 1.485e+01	     -8.57	0	Gaussian	9990000000.000000	9990000000.000000
1192	1	1052.955579	396.386452	     -1.00	   2018.96	    740.74	      2.62	      2.29	     45.82	     40.00	-6.84	 1.347e+01	     -8.57	0	Gaussian	9990000000.000000	9990000000.000000
1193	1	1055.620987	587.025324	     -1.00	   3439.32	   3031.11	      2.20	      1.84	     38.46	     32.16	-21.58	 1.473e+01	     -8.57	0	Gaussian	9990000000.000000	9990000000.000000
1194	1	1042.504904	468.048506	     -1.00	    390.71	   2336.13	      2.52	      2.01	     44.13	     35.14	10.12	 1.172e+01	     -8.57	0	Gaussian	9990000000.000000	9990000000.000000
1195	1	1052.412826	544.905706	     -1.00	   1697.12	   2315.19	      2.22	      1.96	     38.89	     34.25	-43.95	 1.431e+01	     -8.57	0	Gaussian	9990000000.000000	9990000000.000000
1196	1	1056.830773	512.584941	     -1.00	   2822.01	    791.48	      2.28	      2.03	     39.84	     35.52	24.90	 1.469e+01	     -8.57	0	Gaussian	9990000000.000000	9990000000.000000
1197	1	1047.857231	609.451569	     -1.00	   5841.07	   2221.89	      2.31	      1.68	     40.48	     29.39	34.26	 1.434e+01	     -8.57	0	Gaussian	9990000000.000000	9990000000.000000
1198	1	1058.262269	713.582309	     -1.00	   1984.09	   1991.99	      2.14	      1.55	     37.42	     27.15	-38.59	 1.517e+01	     -8.57	0	Gaussian	9990000000.000000	9990000000.000000
1199	1	1046.709734	482.782709	     -1.00	    765.94	   1091.23	      2.21	      2.21	     38.75	     38.75	-47.38	 1.556e+01	     -8.57	0	Gaussian	9990000000.000000	9990000000.000000
1200	1	1047.405486	760.666807	     -1.00	    628.98	   2879.05	      2.07	      1.50	     36.28	     26.25	-45.58	 1.615e+01	     -8.57	0	Gaussian	9990000000.000000	9990000000.000000
1201	1	1053.645391	594.646159	     -1.00	   3169.12	   1015.21	      2.15	      1.85	     37.56	     32.42	-37.72	 1.578e+01	     -8.57	0	Gaussian	9990000000.000000	9990000000.000000
1202	1	1032.671492	407.138459	     -1.00	    200.74	   3608.14	      2.54	      2.28	     44.44	     39.96	4.30	 1.229e+01	     -8.57	0	Gaussian	9990000000.000000	9990000000.000000
1203	1	1057.025574	637.727934	     -1.00	   4448.07	   2967.21	      2.29	      1.62	     40.01	     28.31	31.42	 1.568e+01	     -8.57	0	Gaussian	9990000000.000000	9990000000.000000
1204	1	1051.662079	589.862242	     -1.00	   4609.37	   2254.01	      2.12	      1.88	     37.17	     32.91	41.03	 1.491e+01	     -8.57	0	Gaussian	9990000000.000000	9990000000.000000
1205	1	1053.384520	659.622642	     -1.00	   4287.73	   3450.63	      2.36	      1.51	     41.36	     26.41	47.17	 1.365e+01	     -8.56	0	Gaussian	9990000000.000000	9990000000.000000
1206	1	1050.898472	681.140746	     -1.00	   3659.34	   4016.23	      2.08	      1.66	     36.44	     29.02	34.96	 1.398e+01	     -8.56	0	Gaussian	9990000000.000000	9990000000.000000
1207	1	1051.414697	311.292769	     -1.00	   4755.68	   1390.41	      2.75	      2.75	     48.10	     48.10	81.29	 1.276e+01	     -8.56	0	Gaussian	9990000000.000000	9990000000.000000
1208	1	1057.658384	743.481626	     -1.00	   2645.99	   1586.06	      2.09	      1.51	     36.55	     26.49	-31.86	 1.392e+01	     -8.56	0	Gaussian	9990000000.000000	9990000000.000000
1209	1	1053.493348	530.358384	     -1.00	   1726.95	   2256.03	      2.49	      1.78	     43.55	     31.17	36.89	 1.223e+01	     -8.56	0	Gaussian	9990000000.000000	9990000000.000000
1210	1	1047.032771	471.792356	     -1.00	   4720.78	     87.19	      2.35	      2.12	     41.06	     37.16	-4.23	 1.258e+01	     -8.56	0	Gaussian	9990000000.000000	9990000000.000000
1211	1	1046.280370	692.728880	     -1.00	   1165.05	   3432.97	      2.11	      1.60	     36.98	     28.08	-57.82	 1.436e+01	     -8.56	0	Gaussian	9990000000.000000	9990000000.000000
1212	1	1055.657610	841.805151	     -1.00	   3534.95	   1041.96	      2.12	      1.31	     37.11	     23.01	43.00	 1.425e+01	     -8.56	0	Gaussian	9990000000.000000	9990000000.000000
1213	1	1034.998482	568.812965	     -1.00	     77.39	   3112.85	      2.24	      1.84	     39.20	     32.21	-51.20	 1.540e+01	     -8.56	0	Gaussian	9990000000.000000	9990000000.000000
1214	1	1037.874743	554.006893	     -1.00	   5539.11	   3893.94	      2.48	      1.70	     43.44	     29.79	37.74	 1.311e+01	     -8.56	0	Gaussian	9990000000.000000	9990000000.000000
1215	1	1042.354538	521.832130	     -1.00	    829.78	    388.97	      2.26	      1.98	     39.56	     34.72	29.78	 1.321e+01	     -8.56	0	Gaussian	9990000000.000000	9990000000.000000
1216	1	1051.641999	515.877107	     -1.00	   3355.75	    673.05	      2.35	      1.93	     41.12	     33.77	48.15	 1.371e+01	     -8.56	0	Gaussian	9990000000.000000	9990000000.000000
1217	1	1049.715852	612.658770	     -1.00	   1721.16	   3850.64	      2.17	      1.76	     37.95	     30.77	-59.82	 1.435e+01	     -8.56	0	Gaussian	9990000000.000000	9990000000.000000
1218	1	1057.171057	754.663389	     -1.00	   3641.01	   2546.75	      2.01	      1.54	     35.22	     26.90	-64.60	 1.603e+01	     -8.56	0	Gaussian	9990000000.000000	9990000000.000000
1219	1	1055.002711	562.121441	     -1.00	   1924.22	   1369.15	      2.04	      2.04	     35.66	     35.66	-9.45	 1.451e+01	     -8.56	0	Gaussian	9990000000.000000	9990000000.000000
1220	1	1050.692674	583.030278	     -1.00	   5509.42	   3510.28	      2.00	      2.00	     35.00	     35.00	-49.10	 1.890e+01	     -8.55	0	Gaussian	9990000000.000000	9990000000.000000
1221	1	1052.315237	405.950800	     -1.00	   3296.26	    360.53	      2.73	      2.10	     47.80	     36.79	87.22	 1.327e+01	     -8.55	0	Gaussian	9990000000.000000	9990000000.000000
1222	1	1049.410880	360.406368	     -1.00	   4288.48	   3828.23	      2.61	      2.48	     45.70	     43.32	-25.72	 1.170e+01	     -8.55	0	Gaussian	9990000000.000000	9990000000.000000
1223	1	1050.064282	405.468713	     -1.00	   4977.35	   1177.96	      2.66	      2.15	     46.63	     37.68	-2.98	 1.144e+01	     -8.55	0	Gaussian	9990000000.000000	9990000000.000000
1224	1	1046.222143	407.066592	     -1.00	   5164.01	   3260.42	      2.71	      2.11	     47.43	     36.88	14.65	 1.259e+01	     -8.55	0	Gaussian	9990000000.000000	9990000000.000000
1225	1	1056.243518	553.292923	     -1.00	   2695.37	   2712.26	      2.18	      1.93	     38.18	     33.71	3.14	 1.303e+01	     -8.55	0	Gaussian	9990000000.000000	9990000000.000000
1226	1	1053.171531	481.065412	     -1.00	   1995.75	   2313.83	      2.39	      2.02	     41.85	     35.34	6.93	 1.442e+01	     -8.55	0	Gaussian	9990000000.000000	9990000000.000000
1227	1	1068.304065	641.265596	     -1.00	   3318.20	   2011.32	      2.03	      1.79	     35.47	     31.28	44.72	 3.025e+01	     -8.55	0	Gaussian	9990000000.000000	9990000000.000000
1228	1	1050.111618	473.998854	     -1.00	   1904.68	   1367.09	      2.39	      2.05	     41.91	     35.81	34.84	 1.153e+01	     -8.55	0	Gaussian	9990000000.000000	9990000000.000000
1229	1	1044.929022	463.874891	     -1.00	    410.84	   1165.72	      2.27	      2.21	     39.64	     38.68	-77.00	 1.361e+01	     -8.55	0	Gaussian	9990000000.000000	9990000000.000000
1230	1	1055.181476	429.151908	     -1.00	   1850.54	   2046.47	      2.54	      2.13	     44.40	     37.32	3.63	 1.470e+01	     -8.55	0	Gaussian	9990000000.000000	9990000000.000000
1231	1	1050.440393	396.554857	     -1.00	   4993.15	    476.83	      2.74	      2.14	     47.90	     37.41	-33.89	 1.310e+01	     -8.55	0	Gaussian	9990000000.000000	9990000000.000000
1232	1	1057.756004	576.138003	     -1.00	   4018.07	   2100.58	      2.13	      1.89	     37.26	     33.09	58.78	 1.822e+01	     -8.55	0	Gaussian	9990000000.000000	9990000000.000000
1233	1	1057.473624	596.792456	     -1.00	   3457.03	   2621.40	      1.97	      1.97	     34.50	     34.49	-6.41	 1.758e+01	     -8.55	0	Gaussian	9990000000.000000	9990000000.000000
1234	1	1051.255669	544.649311	     -1.00	   4932.97	   2076.29	      2.48	      1.71	     43.45	     30.00	24.93	 1.281e+01	     -8.55	0	Gaussian	9990000000.000000	9990000000.000000
1235	1	1051.107953	407.904591	     -1.00	   4772.36	    770.11	      2.65	      2.15	     46.32	     37.56	1.89	 1.254e+01	     -8.55	0	Gaussian	9990000000.000000	9990000000.000000
1236	1	1039.579781	340.828900	     -1.00	   5732.19	   3382.47	      2.95	      2.30	     51.63	     40.25	22.11	 1.026e+01	     -8.55	0	Gaussian	9990000000.000000	9990000000.000000
1237	1	1049.440888	461.940124	     -1.00	   5492.43	   2181.10	      2.62	      1.91	     45.94	     33.38	25.97	 1.156e+01	     -8.55	0	Gaussian	9990000000.000000	9990000000.000000
1238	1	1053.998018	467.531194	     -1.00	   2301.12	    887.83	      2.34	      2.11	     40.92	     37.01	35.96	 1.200e+01	     -8.55	0	Gaussian	9990000000.000000	9990000000.000000
1239	1	1051.680491	473.364697	     -1.00	   3537.92	    387.51	      2.55	      1.90	     44.60	     33.32	80.43	 1.178e+01	     -8.54	0	Gaussian	9990000000.000000	9990000000.000000
1240	1	1047.093587	327.316996	     -1.00	   1016.58	   1462.59	      2.93	      2.40	     51.20	     41.95	17.59	 1.200e+01	     -8.54	0	Gaussian	9990000000.000000	9990000000.000000
1241	1	1048.845908	468.419162	     -1.00	   5551.89	   3278.49	      2.53	      1.94	     44.26	     33.88	52.25	 1.296e+01	     -8.54	0	Gaussian	9990000000.000000	9990000000.000000
1242	1	1051.049006	345.298109	     -1.00	   2310.37	     11.77	      2.72	      2.44	     47.54	     42.78	65.87	 1.331e+01	     -8.54	0	Gaussian	9990000000.000000	9990000000.000000
1243	1	1053.011125	457.751255	     -1.00	   2429.50	    429.41	      2.58	      1.94	     45.11	     34.00	84.26	 1.602e+01	     -8.54	0	Gaussian	9990000000.000000	9990000000.000000
1244	1	1054.163630	425.778407	     -1.00	   4033.34	    517.99	      2.33	      2.31	     40.76	     40.43	-22.17	 1.290e+01	     -8.54	0	Gaussian	9990000000.000000	9990000000.000000
1245	1	1052.374886	695.128063	     -1.00	   2248.34	   3601.77	      2.09	      1.58	     36.53	     27.57	-39.01	 1.332e+01	     -8.53	0	Gaussian	9990000000.000000	9990000000.000000
1246	1	1051.378758	465.936125	     -1.00	   4331.17	   3571.73	      2.36	      2.08	     41.34	     36.35	46.02	 1.269e+01	     -8.53	0	Gaussian	9990000000.000000	9990000000.000000
1247	1	1050.649491	467.485218	     -1.00	   1743.64	   1322.22	      2.46	      1.98	     43.07	     34.70	10.72	 1.133e+01	     -8.53	0	Gaussian	9990000000.000000	9990000000.000000
1248	1	1055.480793	511.311928	     -1.00	   2678.86	    737.64	      2.30	      1.94	     40.19	     33.99	63.63	 1.240e+01	     -8.53	0	Gaussian	9990000000.000000	9990000000.000000
1249	1	1056.363318	526.117002	     -1.00	   3074.05	   1720.54	      2.24	      1.93	     39.26	     33.79	22.12	 1.562e+01	     -8.53	0	Gaussian	9990000000.000000	9990000000.000000
1250	1	1050.539720	381.706047	     -1.00	   1381.01	   1569.32	      2.46	      2.43	     42.98	     42.52	-23.28	 1.317e+01	     -8.53	0	Gaussian	9990000000.000000	9990000000.000000
1251	1	1052.950733	651.560410	     -1.00	   3712.10	   3275.21	      2.10	      1.67	     36.69	     29.17	55.59	 1.444e+01	     -8.53	0	Gaussian	9990000000.000000	9990000000.000000
1252	1	1055.774487	478.837747	     -1.00	   1739.54	   2218.87	      2.22	      2.14	     38.80	     37.54	-50.98	 2.347e+01	     -8.53	0	Gaussian	9990000000.000000	9990000000.000000
1253	1	1045.337510	383.057565	     -1.00	   1212.22	    570.78	      2.63	      2.26	     46.00	     39.58	16.64	 1.189e+01	     -8.53	0	Gaussian	9990000000.000000	9990000000.000000
1254	1	1032.073058	349.924717	     -1.00	    395.95	    188.49	      2.77	      2.35	     48.48	     41.08	-51.88	 9.982e+00	     -8.53	0	Gaussian	9990000000.000000	9990000000.000000
1255	1	1053.544327	328.892268	     -1.00	   2000.85	    614.67	      2.88	      2.40	     50.42	     42.02	7.50	 1.467e+01	     -8.53	0	Gaussian	9990000000.000000	9990000000.000000
1256	1	1057.816022	615.365258	     -1.00	   2964.03	   2418.24	      2.16	      1.71	     37.75	     29.95	-39.17	 1.900e+01	     -8.53	0	Gaussian	9990000000.000000	9990000000.000000
1257	1	1045.009534	256.903274	     -1.00	    873.37	   1234.43	      3.15	      2.81	     55.06	     49.17	53.01	 1.119e+01	     -8.53	0	Gaussian	9990000000.000000	9990000000.000000
1258	1	1057.237739	661.333769	     -1.00	   3024.45	   2821.91	      2.01	      1.71	     35.15	     29.92	-6.59	 1.529e+01	     -8.53	0	Gaussian	9990000000.000000	9990000000.000000
1259	1	1051.023712	429.369400	     -1.00	   1321.93	   1948.18	      2.30	      2.30	     40.25	     40.25	-59.10	 1.260e+01	     -8.53	0	Gaussian	9990000000.000000	9990000000.000000
1260	1	1062.998843	764.907245	     -1.00	   2501.86	   2280.05	      2.00	      1.48	     35.02	     25.96	-33.26	 1.557e+01	     -8.53	0	Gaussian	9990000000.000000	9990000000.000000
1261	1	1050.002584	451.371678	     -1.00	   1213.45	   1741.06	      2.49	      2.02	     43.61	     35.30	-12.29	 1.455e+01	     -8.52	0	Gaussian	9990000000.000000	9990000000.000000
1262	1	1059.217628	707.553926	     -1.00	   2647.39	   1914.15	      2.03	      1.58	     35.46	     27.69	20.95	 1.466e+01	     -8.52	0	Gaussian	9990000000.000000	9990000000.000000
1263	1	1050.546783	452.782285	     -1.00	   5015.68	    721.94	      2.50	      2.00	     43.72	     35.09	-22.92	 1.302e+01	     -8.52	0	Gaussian	9990000000.000000	9990000000.000000
1264	1	1047.067619	318.992364	     -1.00	   1225.05	   2465.57	      2.82	      2.52	     49.39	     44.06	39.97	 1.093e+01	     -8.52	0	Gaussian	9990000000.000000	9990000000.000000
1265	1	1047.077284	366.592213	     -1.00	   5003.93	   3853.87	      2.70	      2.29	     47.34	     39.99	-8.15	 1.359e+01	     -8.52	0	Gaussian	9990000000.000000	9990000000.000000
1266	1	1046.074101	322.816229	     -1.00	   4157.43	    217.76	      2.70	      2.60	     47.23	     45.50	-22.51	 1.168e+01	     -8.52	0	Gaussian	9990000000.000000	9990000000.000000
1267	1	1053.680565	579.299457	     -1.00	   2131.06	   1782.24	      2.26	      1.73	     39.50	     30.27	55.44	 1.280e+01	     -8.52	0	Gaussian	9990000000.000000	9990000000.000000
1268	1	1056.122456	554.903852	     -1.00	   2548.02	   1025.08	      2.28	      1.78	     39.96	     31.19	46.52	 1.275e+01	     -8.52	0	Gaussian	9990000000.000000	9990000000.000000
1269	1	1034.840725	281.895549	     -1.00	     85.40	   1214.44	      2.96	      2.71	     51.79	     47.35	12.28	 1.075e+01	     -8.52	0	Gaussian	9990000000.000000	9990000000.000000
1270	1	1055.052908	801.207948	     -1.00	   3804.87	   1357.99	      2.07	      1.36	     36.29	     23.75	36.65	 1.602e+01	     -8.52	0	Gaussian	9990000000.000000	9990000000.000000
1271	1	1060.388919	689.050150	     -1.00	   2510.72	   2265.06	      2.06	      1.59	     36.01	     27.81	-22.10	 1.643e+01	     -8.52	0	Gaussian	9990000000.000000	9990000000.000000
1272	1	1058.369936	459.100906	     -1.00	   2786.18	   1194.56	      2.36	      2.08	     41.23	     36.45	8.55	 1.759e+01	     -8.52	0	Gaussian	9990000000.000000	9990000000.000000
1273	1	1047.082133	360.151092	     -1.00	   4573.21	    383.11	      2.69	      2.32	     47.13	     40.56	-45.10	 1.076e+01	     -8.51	0	Gaussian	9990000000.000000	9990000000.000000
1274	1	1046.300249	409.877068	     -1.00	   5144.85	    395.94	      2.34	      2.34	     40.97	     40.97	-39.39	 1.483e+01	     -8.51	0	Gaussian	9990000000.000000	9990000000.000000
1275	1	1055.793306	882.454082	     -1.00	   3283.15	   2440.82	      1.98	      1.28	     34.69	     22.43	-43.55	 1.361e+01	     -8.51	0	Gaussian	9990000000.000000	9990000000.000000
1276	1	1052.243525	475.043322	     -1.00	   2445.12	    834.84	      2.27	      2.07	     39.82	     36.27	-10.38	 1.472e+01	     -8.51	0	Gaussian	9990000000.000000	9990000000.000000
1277	1	1055.405967	537.584992	     -1.00	   3739.15	    608.59	      2.34	      1.78	     40.99	     31.13	82.79	 1.326e+01	     -8.51	0	Gaussian	9990000000.000000	9990000000.000000
1278	1	1047.808961	390.469425	     -1.00	   5720.76	   1342.63	      2.55	      2.24	     44.71	     39.29	26.88	 1.400e+01	     -8.51	0	Gaussian	9990000000.000000	9990000000.000000
1279	1	1050.937626	498.824487	     -1.00	   5232.57	   2555.90	      2.59	      1.73	     45.30	     30.36	20.20	 1.360e+01	     -8.51	0	Gaussian	9990000000.000000	9990000000.000000
1280	1	1047.833220	547.843245	     -1.00	   1487.22	   3744.59	      2.09	      1.96	     36.52	     34.23	-47.07	 1.472e+01	     -8.51	0	Gaussian	9990000000.000000	9990000000.000000
1281	1	1061.772836	476.045091	     -1.00	   2862.40	    979.47	      2.53	      1.86	     44.24	     32.51	40.35	 2.438e+01	     -8.51	0	Gaussian	9990000000.000000	9990000000.000000
1282	1	1056.790076	463.805850	     -1.00	   2639.41	   2133.35	      2.46	      1.96	     43.07	     34.26	-2.46	 1.346e+01	     -8.51	0	Gaussian	9990000000.000000	9990000000.000000
1283	1	1059.601141	676.590370	     -1.00	   3229.17	   2684.67	      1.99	      1.65	     34.91	     28.95	-40.11	 1.535e+01	     -8.51	0	Gaussian	9990000000.000000	9990000000.000000
1284	1	1052.455286	435.832978	     -1.00	   5010.40	   1664.47	      2.85	      1.80	     49.90	     31.42	9.54	 1.190e+01	     -8.51	0	Gaussian	9990000000.000000	9990000000.000000
1285	1	1058.952352	598.377188	     -1.00	   2945.85	   1589.93	      2.14	      1.74	     37.51	     30.44	-33.59	 1.352e+01	     -8.51	0	Gaussian	9990000000.000000	9990000000.000000
1286	1	1049.908141	371.549144	     -1.00	   2566.40	    141.59	      2.75	      2.18	     48.12	     38.20	68.85	 1.296e+01	     -8.51	0	Gaussian	9990000000.000000	9990000000.000000
1287	1	1039.569433	416.002090	     -1.00	    744.86	   3889.50	      2.46	      2.18	     43.07	     38.09	-54.49	 1.370e+01	     -8.51	0	Gaussian	9990000000.000000	9990000000.000000
1288	1	1056.864868	665.766957	     -1.00	   4506.77	   1739.90	      2.15	      1.56	     37.55	     27.30	31.47	 1.565e+01	     -8.51	0	Gaussian	9990000000.000000	9990000000.000000
1289	1	1043.094031	363.446697	     -1.00	   1139.52	    569.20	      2.75	      2.23	     48.07	     39.00	-10.87	 1.237e+01	     -8.50	0	Gaussian	9990000000.000000	9990000000.000000
1290	1	1053.540583	296.341596	     -1.00	   4803.44	   1646.36	      2.89	      2.59	     50.65	     45.39	-6.59	 1.133e+01	     -8.50	0	Gaussian	9990000000.000000	9990000000.000000
1291	1	1049.730033	301.415639	     -1.00	   1692.22	   1360.08	      2.79	      2.64	     48.91	     46.15	-49.12	 1.001e+01	     -8.50	0	Gaussian	9990000000.000000	9990000000.000000
1292	1	1053.132536	487.218002	     -1.00	   4681.13	   1271.17	      2.43	      1.88	     42.46	     32.84	-11.91	 1.284e+01	     -8.50	0	Gaussian	9990000000.000000	9990000000.000000
1293	1	1047.650618	314.932226	     -1.00	   3632.24	     30.06	      2.95	      2.39	     51.62	     41.80	-77.56	 1.047e+01	     -8.50	0	Gaussian	9990000000.000000	9990000000.000000
1294	1	1052.942470	470.028695	     -1.00	   3620.31	    542.29	      2.36	      2.00	     41.31	     34.99	-84.68	 1.681e+01	     -8.50	0	Gaussian	9990000000.000000	9990000000.000000
1295	1	1058.319110	483.318632	     -1.00	   1342.54	   2775.05	      2.43	      1.88	     42.60	     32.97	-12.68	 2.748e+01	     -8.50	0	Gaussian	9990000000.000000	9990000000.000000
1296	1	1046.731790	374.502853	     -1.00	   4626.29	   3557.53	      2.84	      2.08	     49.77	     36.41	52.12	 1.238e+01	     -8.50	0	Gaussian	9990000000.000000	9990000000.000000
1297	1	1050.145032	485.833894	     -1.00	   2100.71	   3759.38	      2.34	      1.95	     40.92	     34.12	-52.10	 1.267e+01	     -8.50	0	Gaussian	9990000000.000000	9990000000.000000
1298	1	1047.165455	450.805829	     -1.00	   5722.20	   2390.86	      2.54	      1.93	     44.41	     33.86	13.67	 1.381e+01	     -8.50	0	Gaussian	9990000000.000000	9990000000.000000
1299	1	1054.294191	360.082469	     -1.00	   2860.69	   3398.68	      2.74	      2.24	     48.01	     39.21	-2.03	 1.563e+01	     -8.50	0	Gaussian	9990000000.000000	9990000000.000000
1300	1	1047.481160	626.353594	     -1.00	   1642.84	   3725.31	      1.88	      1.88	     32.89	     32.89	68.09	 1.628e+01	     -8.50	0	Gaussian	9990000000.000000	9990000000.000000
1301	1	1055.046282	662.986573	     -1.00	   3683.94	   2469.91	      1.83	      1.83	     31.97	     31.97	-85.70	 1.845e+01	     -8.50	0	Gaussian	9990000000.000000	9990000000.000000
1302	1	1043.045604	457.586526	     -1.00	    293.42	   1898.69	      2.20	      2.20	     38.47	     38.47	62.82	 1.528e+01	     -8.50	0	Gaussian	9990000000.000000	9990000000.000000
1303	1	1056.706741	585.031907	     -1.00	   3517.14	   2556.47	      2.07	      1.83	     36.22	     31.96	77.17	 1.281e+01	     -8.50	0	Gaussian	9990000000.000000	9990000000.000000
1304	1	1053.272633	531.311430	     -1.00	   1665.86	   1870.32	      2.17	      1.92	     37.95	     33.56	-15.00	 1.596e+01	     -8.50	0	Gaussian	9990000000.000000	9990000000.000000
1305	1	1055.031419	385.644843	     -1.00	   4448.82	   3072.37	      2.55	      2.25	     44.58	     39.33	-3.68	 1.599e+01	     -8.50	0	Gaussian	9990000000.000000	9990000000.000000
1306	1	1046.419145	512.040592	     -1.00	   1915.10	   3912.41	      2.15	      2.00	     37.65	     35.06	71.41	 1.232e+01	     -8.49	0	Gaussian	9990000000.000000	9990000000.000000
1307	1	1054.983110	470.321665	     -1.00	   2731.23	   3187.71	      2.25	      2.09	     39.30	     36.56	30.55	 1.834e+01	     -8.49	0	Gaussian	9990000000.000000	9990000000.000000
1308	1	1054.927845	478.955800	     -1.00	   2370.24	   2839.36	      2.19	      2.10	     38.33	     36.80	28.56	 1.204e+01	     -8.49	0	Gaussian	9990000000.000000	9990000000.000000
1309	1	1055.384694	505.202396	     -1.00	   1785.59	   1814.98	      2.24	      1.95	     39.13	     34.17	-2.62	 1.517e+01	     -8.49	0	Gaussian	9990000000.000000	9990000000.000000
1310	1	1050.638219	382.427853	     -1.00	   2139.54	    554.89	      2.55	      2.26	     44.65	     39.55	40.56	 1.205e+01	     -8.49	0	Gaussian	9990000000.000000	9990000000.000000
1311	1	1050.149415	413.613783	     -1.00	   5242.29	   1692.88	      2.82	      1.89	     49.43	     33.02	1.43	 1.356e+01	     -8.49	0	Gaussian	9990000000.000000	9990000000.000000
1312	1	1046.217656	424.131394	     -1.00	   2911.09	     68.82	      2.54	      2.05	     44.39	     35.83	-89.36	 1.201e+01	     -8.49	0	Gaussian	9990000000.000000	9990000000.000000
1313	1	1043.686261	503.283127	     -1.00	   5229.90	    494.80	      2.40	      1.82	     42.09	     31.84	21.25	 1.027e+01	     -8.49	0	Gaussian	9990000000.000000	9990000000.000000
1314	1	1061.084241	697.034783	     -1.00	   3194.57	   2349.14	      2.01	      1.57	     35.13	     27.54	-13.87	 1.512e+01	     -8.49	0	Gaussian	9990000000.000000	9990000000.000000
1315	1	1056.724817	739.337709	     -1.00	   3211.65	   1540.87	      1.96	      1.52	     34.36	     26.55	24.55	 1.589e+01	     -8.49	0	Gaussian	9990000000.000000	9990000000.000000
1316	1	1039.788415	342.330807	     -1.00	   5679.85	   3597.53	      2.75	      2.34	     48.13	     40.92	-11.12	 1.084e+01	     -8.49	0	Gaussian	9990000000.000000	9990000000.000000
1317	1	1048.706918	372.756726	     -1.00	   2290.81	    336.18	      2.80	      2.11	     48.94	     36.94	64.63	 9.758e+00	     -8.49	0	Gaussian	9990000000.000000	9990000000.000000
1318	1	1044.319188	342.344730	     -1.00	    870.52	    790.34	      2.64	      2.43	     46.20	     42.59	-33.70	 1.205e+01	     -8.49	0	Gaussian	9990000000.000000	9990000000.000000
1319	1	1049.137309	353.786683	     -1.00	   1694.68	    435.31	      2.88	      2.16	     50.37	     37.73	53.38	 1.207e+01	     -8.49	0	Gaussian	9990000000.000000	9990000000.000000
1320	1	1055.266074	372.392481	     -1.00	   3697.03	    224.65	      2.43	      2.43	     42.48	     42.48	13.42	 2.531e+01	     -8.49	0	Gaussian	9990000000.000000	9990000000.000000
1321	1	1051.430416	431.787283	     -1.00	   4770.73	   1086.17	      2.62	      1.94	     45.88	     33.92	-0.50	 1.156e+01	     -8.49	0	Gaussian	9990000000.000000	9990000000.000000
1322	1	1056.561731	436.030911	     -1.00	   3741.83	   2595.83	      3.06	      1.64	     53.56	     28.76	-22.54	 1.537e+01	     -8.49	0	Gaussian	9990000000.000000	9990000000.000000
1323	1	1042.916504	381.731922	     -1.00	   1078.75	   3388.87	      2.49	      2.30	     43.62	     40.30	78.66	 1.298e+01	     -8.49	0	Gaussian	9990000000.000000	9990000000.000000
1324	1	1047.041086	387.394497	     -1.00	   4711.10	   3694.32	      2.38	      2.38	     41.61	     41.61	-21.07	 1.234e+01	     -8.49	0	Gaussian	9990000000.000000	9990000000.000000
1325	1	1052.559563	405.801873	     -1.00	   2033.78	   1156.73	      2.41	      2.24	     42.23	     39.13	57.31	 1.277e+01	     -8.49	0	Gaussian	9990000000.000000	9990000000.000000
1326	1	1055.301037	440.979153	     -1.00	   2215.07	   1012.24	      2.46	      2.02	     43.06	     35.30	30.16	 1.257e+01	     -8.49	0	Gaussian	9990000000.000000	9990000000.000000
1327	1	1051.921196	365.042935	     -1.00	   1593.70	   1997.34	      2.84	      2.11	     49.79	     36.85	13.19	 1.286e+01	     -8.49	0	Gaussian	9990000000.000000	9990000000.000000
1328	1	1053.504275	505.713296	     -1.00	   3781.47	   3340.97	      2.21	      1.96	     38.69	     34.23	17.67	 1.484e+01	     -8.48	0	Gaussian	9990000000.000000	9990000000.000000
1329	1	1051.505828	530.209148	     -1.00	   1903.45	   3650.93	      2.17	      1.89	     38.04	     33.15	-18.35	 1.382e+01	     -8.48	0	Gaussian	9990000000.000000	9990000000.000000
1330	1	1052.511291	347.595569	     -1.00	   3048.38	    525.02	      2.76	      2.28	     48.24	     39.82	66.68	 1.171e+01	     -8.48	0	Gaussian	9990000000.000000	9990000000.000000
1331	1	1055.868607	469.270811	     -1.00	   3896.35	   1703.75	      2.39	      1.94	     41.85	     33.99	49.57	 1.181e+01	     -8.48	0	Gaussian	9990000000.000000	9990000000.000000
1332	1	1052.411661	462.101039	     -1.00	   4809.51	   3494.25	      2.61	      1.80	     45.72	     31.57	39.19	 1.640e+01	     -8.48	0	Gaussian	9990000000.000000	9990000000.000000
1333	1	1055.733787	550.198599	     -1.00	   4756.58	   2673.65	      2.57	      1.54	     44.95	     26.96	49.72	 1.476e+01	     -8.48	0	Gaussian	9990000000.000000	9990000000.000000
1334	1	1048.986762	427.800815	     -1.00	   1122.58	   2121.19	      2.47	      2.06	     43.17	     36.08	1.92	 1.255e+01	     -8.48	0	Gaussian	9990000000.000000	9990000000.000000
1335	1	1054.330276	268.090525	     -1.00	   5095.04	   1318.68	      3.64	      2.23	     63.73	     39.01	35.19	 1.292e+01	     -8.48	0	Gaussian	9990000000.000000	9990000000.000000
1336	1	1057.465321	373.063263	     -1.00	   2780.64	    822.65	      2.46	      2.37	     43.03	     41.45	48.81	 1.242e+01	     -8.48	0	Gaussian	9990000000.000000	9990000000.000000
1337	1	1049.878357	465.287639	     -1.00	   5790.35	   1476.73	      2.68	      1.74	     46.94	     30.43	15.57	 1.875e+01	     -8.48	0	Gaussian	9990000000.000000	9990000000.000000
1338	1	1057.133495	780.227285	     -1.00	   3513.26	   1544.26	      2.02	      1.37	     35.41	     24.04	43.51	 1.323e+01	     -8.48	0	Gaussian	9990000000.000000	9990000000.000000
1339	1	1044.769761	409.506458	     -1.00	   1353.98	    300.38	      2.54	      2.08	     44.54	     36.35	-32.13	 1.315e+01	     -8.47	0	Gaussian	9990000000.000000	9990000000.000000
1340	1	1054.241100	396.559732	     -1.00	   3088.32	    332.87	      2.33	      2.33	     40.85	     40.85	15.16	 1.480e+01	     -8.47	0	Gaussian	9990000000.000000	9990000000.000000
1341	1	1062.556496	562.315920	     -1.00	   4209.56	   2762.86	      2.12	      1.81	     37.14	     31.65	25.40	 2.264e+01	     -8.47	0	Gaussian	9990000000.000000	9990000000.000000
1342	1	1052.401508	363.012992	     -1.00	   1987.64	   1355.40	      2.73	      2.18	     47.81	     38.07	16.26	 1.287e+01	     -8.47	0	Gaussian	9990000000.000000	9990000000.000000
1343	1	1051.564913	428.172714	     -1.00	   3324.86	    329.02	      2.63	      1.91	     46.01	     33.49	-81.36	 1.198e+01	     -8.47	0	Gaussian	9990000000.000000	9990000000.000000
1344	1	1051.322590	369.199467	     -1.00	   1303.33	   1330.11	      2.74	      2.13	     47.88	     37.27	31.72	 1.305e+01	     -8.47	0	Gaussian	9990000000.000000	9990000000.000000
1345	1	1054.455350	458.115106	     -1.00	   2825.76	    312.73	      2.42	      1.94	     42.28	     33.99	73.61	 2.190e+01	     -8.47	0	Gaussian	9990000000.000000	9990000000.000000
1346	1	1045.006086	356.808360	     -1.00	   1041.53	   3438.54	      2.62	      2.30	     45.82	     40.18	-32.24	 1.294e+01	     -8.46	0	Gaussian	9990000000.000000	9990000000.000000
1347	1	1058.423313	430.645467	     -1.00	   3045.76	   1759.34	      2.53	      1.97	     44.20	     34.51	10.56	 1.368e+01	     -8.46	0	Gaussian	9990000000.000000	9990000000.000000
1348	1	1054.514621	355.777045	     -1.00	   4294.44	   1363.75	      2.78	      2.17	     48.60	     37.98	36.75	 1.182e+01	     -8.46	0	Gaussian	9990000000.000000	9990000000.000000
1349	1	1041.791696	494.863754	     -1.00	    209.72	   1264.25	      2.25	      1.93	     39.37	     33.71	-51.98	 1.516e+01	     -8.46	0	Gaussian	9990000000.000000	9990000000.000000
1350	1	1050.077184	333.044171	     -1.00	   2816.41	    372.43	      2.62	      2.46	     45.77	     43.06	-54.33	 1.221e+01	     -8.46	0	Gaussian	9990000000.000000	9990000000.000000
1351	1	1050.727581	346.331452	     -1.00	   3647.33	    431.23	      2.67	      2.31	     46.78	     40.51	5.31	 1.124e+01	     -8.46	0	Gaussian	9990000000.000000	9990000000.000000
1352	1	1045.351082	410.568377	     -1.00	    769.42	    638.20	      2.29	      2.28	     40.14	     39.82	50.68	 1.116e+01	     -8.46	0	Gaussian	9990000000.000000	9990000000.000000
1353	1	1051.149212	373.356784	     -1.00	   4290.00	    927.47	      2.46	      2.33	     43.06	     40.79	36.95	 1.300e+01	     -8.46	0	Gaussian	9990000000.000000	9990000000.000000
1354	1	1055.428136	410.834822	     -1.00	   4886.66	   1736.26	      2.70	      1.93	     47.25	     33.78	6.19	 1.266e+01	     -8.46	0	Gaussian	9990000000.000000	9990000000.000000
1355	1	1052.863886	435.678677	     -1.00	   4723.89	   3222.69	      2.22	      2.22	     38.79	     38.79	-51.55	 1.606e+01	     -8.46	0	Gaussian	9990000000.000000	9990000000.000000
1356	1	1047.561006	354.370872	     -1.00	   1153.24	   1558.73	      2.77	      2.18	     48.46	     38.14	5.07	 1.170e+01	     -8.46	0	Gaussian	9990000000.000000	9990000000.000000
1357	1	1047.710949	338.467280	     -1.00	   5010.81	   3330.93	      2.96	      2.14	     51.76	     37.38	21.71	 1.123e+01	     -8.46	0	Gaussian	9990000000.000000	9990000000.000000
1358	1	1055.777662	377.225736	     -1.00	   2296.51	   1380.46	      2.53	      2.24	     44.30	     39.18	26.16	 1.176e+01	     -8.46	0	Gaussian	9990000000.000000	9990000000.000000
1359	1	1043.018061	402.803613	     -1.00	   5527.43	    607.17	      2.62	      2.02	     45.87	     35.41	18.24	 1.288e+01	     -8.46	0	Gaussian	9990000000.000000	9990000000.000000
1360	1	1054.498166	565.397028	     -1.00	   3104.26	    909.29	      1.94	      1.94	     34.00	     34.00	-57.89	 1.668e+01	     -8.46	0	Gaussian	9990000000.000000	9990000000.000000
1361	1	1061.527781	709.266281	     -1.00	   2654.10	   1760.94	      2.13	      1.41	     37.34	     24.67	53.78	 1.550e+01	     -8.46	0	Gaussian	9990000000.000000	9990000000.000000
1362	1	1046.965372	380.850638	     -1.00	   1101.17	   1061.20	      2.54	      2.20	     44.44	     38.59	-2.32	 1.115e+01	     -8.46	0	Gaussian	9990000000.000000	9990000000.000000
1363	1	1048.502207	253.118541	     -1.00	   2811.84	   3827.30	      4.30	      1.96	     75.26	     34.25	-89.49	 1.327e+01	     -8.46	0	Gaussian	9990000000.000000	9990000000.000000
1364	1	1046.078659	468.856620	     -1.00	   1973.19	   3730.58	      2.25	      2.01	     39.46	     35.20	-59.41	 1.228e+01	     -8.45	0	Gaussian	9990000000.000000	9990000000.000000
1365	1	1054.912888	506.779976	     -1.00	   4211.89	   2905.28	      2.26	      1.85	     39.56	     32.46	56.51	 1.497e+01	     -8.45	0	Gaussian	9990000000.000000	9990000000.000000
1366	1	1047.038776	450.199657	     -1.00	   5710.99	   2658.14	      2.62	      1.80	     45.88	     31.50	45.60	 1.429e+01	     -8.45	0	Gaussian	9990000000.000000	9990000000.000000
1367	1	1049.936774	368.924730	     -1.00	   1795.94	   3158.54	      2.52	      2.28	     44.14	     39.91	-2.77	 1.380e+01	     -8.45	0	Gaussian	9990000000.000000	9990000000.000000
1368	1	1058.806594	497.139796	     -1.00	   2586.65	   2577.22	      2.26	      1.89	     39.47	     33.11	-7.28	 1.244e+01	     -8.45	0	Gaussian	9990000000.000000	9990000000.000000
1369	1	1059.534642	614.398340	     -1.00	   3399.70	   1658.91	      2.24	      1.54	     39.28	     26.91	57.61	 1.949e+01	     -8.45	0	Gaussian	9990000000.000000	9990000000.000000
1370	1	1045.728243	267.315681	     -1.00	   1629.71	    249.75	      2.91	      2.72	     51.00	     47.60	-11.57	 1.064e+01	     -8.45	0	Gaussian	9990000000.000000	9990000000.000000
1371	1	1054.159119	451.258031	     -1.00	   2732.35	   3565.65	      2.17	      2.17	     37.90	     37.90	55.62	 1.505e+01	     -8.45	0	Gaussian	9990000000.000000	9990000000.000000
1372	1	1049.000384	389.052639	     -1.00	   3993.94	    454.37	      2.48	      2.19	     43.49	     38.31	-7.02	 1.202e+01	     -8.45	0	Gaussian	9990000000.000000	9990000000.000000
1373	1	1057.381397	421.844337	     -1.00	   3007.23	   1083.40	      2.35	      2.13	     41.10	     37.34	-11.98	 1.496e+01	     -8.45	0	Gaussian	9990000000.000000	9990000000.000000
1374	1	1054.893265	479.759562	     -1.00	   3241.73	    774.30	      2.10	      2.10	     36.73	     36.73	-29.97	 1.351e+01	     -8.45	0	Gaussian	9990000000.000000	9990000000.000000
1375	1	1054.109253	388.756155	     -1.00	   2137.36	   1451.55	      2.62	      2.08	     45.82	     36.33	14.59	 1.429e+01	     -8.45	0	Gaussian	9990000000.000000	9990000000.000000
1376	1	1053.688796	472.635274	     -1.00	   3703.67	    876.30	      2.38	      1.87	     41.74	     32.73	-19.24	 1.199e+01	     -8.45	0	Gaussian	9990000000.000000	9990000000.000000
1377	1	1050.443584	470.925747	     -1.00	   4191.79	   3243.20	      2.36	      1.89	     41.38	     33.13	53.32	 1.317e+01	     -8.44	0	Gaussian	9990000000.000000	9990000000.000000
1378	1	1054.998838	488.289955	     -1.00	   1917.88	   1610.70	      2.20	      1.96	     38.54	     34.24	19.25	 1.500e+01	     -8.44	0	Gaussian	9990000000.000000	9990000000.000000
1379	1	1055.332913	315.526403	     -1.00	   1945.95	    677.73	      2.75	      2.42	     48.13	     42.43	60.73	 1.717e+01	     -8.44	0	Gaussian	9990000000.000000	9990000000.000000
1380	1	1053.033462	420.748747	     -1.00	   2126.61	   2318.56	      2.76	      1.81	     48.36	     31.62	4.42	 1.187e+01	     -8.44	0	Gaussian	9990000000.000000	9990000000.000000
1381	1	1058.244971	601.464019	     -1.00	   2903.90	   1288.18	      2.03	      1.72	     35.47	     30.13	-35.49	 1.432e+01	     -8.44	0	Gaussian	9990000000.000000	9990000000.000000
1382	1	1062.479476	697.841240	     -1.00	   3357.81	   1224.76	      1.98	      1.52	     34.64	     26.58	59.10	 2.268e+01	     -8.44	0	Gaussian	9990000000.000000	9990000000.000000
1383	1	1052.185855	387.395828	     -1.00	   4621.35	   3083.64	      2.70	      2.00	     47.35	     35.01	19.71	 1.170e+01	     -8.44	0	Gaussian	9990000000.000000	9990000000.000000
1384	1	1049.826670	302.328037	     -1.00	   3144.43	    260.10	      2.63	      2.63	     46.07	     46.07	17.91	 1.249e+01	     -8.44	0	Gaussian	9990000000.000000	9990000000.000000
1385	1	1050.850673	433.975734	     -1.00	   5142.01	   2335.04	      2.47	      1.95	     43.28	     34.15	36.05	 1.417e+01	     -8.44	0	Gaussian	9990000000.000000	9990000000.000000
1386	1	1047.307641	410.355643	     -1.00	   5324.75	    895.30	      2.57	      1.99	     44.92	     34.75	-4.01	 1.143e+01	     -8.44	0	Gaussian	9990000000.000000	9990000000.000000
1387	1	1059.487001	421.802493	     -1.00	   3069.68	   2065.56	      2.30	      2.16	     40.21	     37.75	-20.44	 1.390e+01	     -8.44	0	Gaussian	9990000000.000000	9990000000.000000
1388	1	1043.452543	495.304572	     -1.00	    899.61	    334.15	      2.31	      1.82	     40.48	     31.93	-21.23	 1.250e+01	     -8.44	0	Gaussian	9990000000.000000	9990000000.000000
1389	1	1045.884731	509.169198	     -1.00	   1427.57	   4010.07	      2.14	      1.92	     37.47	     33.55	-10.56	 1.299e+01	     -8.44	0	Gaussian	9990000000.000000	9990000000.000000
1390	1	1057.453168	646.066635	     -1.00	   3155.62	   1736.08	      1.97	      1.64	     34.56	     28.65	-15.87	 1.590e+01	     -8.44	0	Gaussian	9990000000.000000	9990000000.000000
1391	1	1050.682320	281.088745	     -1.00	   3046.89	    101.49	      2.91	      2.55	     51.00	     44.58	22.53	 1.626e+01	     -8.43	0	Gaussian	9990000000.000000	9990000000.000000
1392	1	1050.469577	378.445101	     -1.00	   4909.45	   3094.00	      2.72	      2.02	     47.68	     35.40	28.29	 1.268e+01	     -8.43	0	Gaussian	9990000000.000000	9990000000.000000
1393	1	1047.857108	417.812886	     -1.00	   4937.99	   3828.30	      2.23	      2.23	     39.06	     39.06	27.26	 1.527e+01	     -8.43	0	Gaussian	9990000000.000000	9990000000.000000
1394	1	1056.067856	396.177573	     -1.00	   4475.16	   2787.19	      2.29	      2.29	     40.10	     40.10	64.36	 1.247e+01	     -8.43	0	Gaussian	9990000000.000000	9990000000.000000
1395	1	1051.875890	571.475777	     -1.00	   2906.36	   3853.80	      2.00	      1.82	     35.04	     31.77	-51.91	 1.271e+01	     -8.43	0	Gaussian	9990000000.000000	9990000000.000000
1396	1	1046.191707	439.725780	     -1.00	   5298.15	    313.33	      2.61	      1.81	     45.62	     31.71	32.94	 1.351e+01	     -8.43	0	Gaussian	9990000000.000000	9990000000.000000
1397	1	1054.485196	413.851150	     -1.00	   3541.78	   3101.42	      2.52	      1.99	     44.04	     34.87	11.87	 1.581e+01	     -8.43	0	Gaussian	9990000000.000000	9990000000.000000
1398	1	1049.301067	334.330954	     -1.00	   4749.55	    345.06	      2.74	      2.26	     48.04	     39.55	-6.37	 1.276e+01	     -8.43	0	Gaussian	9990000000.000000	9990000000.000000
1399	1	1059.885276	794.070194	     -1.00	   3182.00	   2069.97	      2.02	      1.29	     35.31	     22.66	-43.68	 1.324e+01	     -8.43	0	Gaussian	9990000000.000000	9990000000.000000
1400	1	1048.865171	388.426646	     -1.00	   4267.15	   3868.70	      2.52	      2.11	     44.18	     36.98	48.60	 1.134e+01	     -8.43	0	Gaussian	9990000000.000000	9990000000.000000
1401	1	1053.978923	486.170984	     -1.00	   3056.25	    999.78	      2.10	      2.02	     36.81	     35.40	-32.28	 1.451e+01	     -8.42	0	Gaussian	9990000000.000000	9990000000.000000
1402	1	1048.498006	382.765581	     -1.00	    947.69	   3227.82	      2.50	      2.16	     43.76	     37.80	-6.55	 1.655e+01	     -8.42	0	Gaussian	9990000000.000000	9990000000.000000
1403	1	1059.420755	417.017399	     -1.00	   3881.53	   3606.59	      2.65	      1.87	     46.39	     32.71	39.52	 4.735e+01	     -8.42	0	Gaussian	9990000000.000000	9990000000.000000
1404	1	1050.909277	177.213333	     -1.00	   1709.11	   1104.66	      4.02	      2.90	     70.45	     50.70	-19.56	 9.686e+00	     -8.42	0	Gaussian	9990000000.000000	9990000000.000000
1405	1	1064.800999	492.735283	     -1.00	   3116.91	   1702.48	      2.25	      1.87	     39.30	     32.67	22.61	 1.951e+01	     -8.42	0	Gaussian	9990000000.000000	9990000000.000000
1406	1	1059.780347	375.565751	     -1.00	   3112.49	   1356.50	      2.59	      2.12	     45.33	     37.14	13.48	 1.485e+01	     -8.42	0	Gaussian	9990000000.000000	9990000000.000000
1407	1	1049.294166	432.862584	     -1.00	   2588.43	   3552.16	      2.55	      1.86	     44.69	     32.64	-6.30	 1.190e+01	     -8.42	0	Gaussian	9990000000.000000	9990000000.000000
1408	1	1054.029962	553.039040	     -1.00	   1679.78	   2670.94	      2.20	      1.69	     38.55	     29.58	19.94	 2.040e+01	     -8.42	0	Gaussian	9990000000.000000	9990000000.000000
1409	1	1053.943141	325.570928	     -1.00	   2064.51	    686.74	      2.69	      2.34	     47.15	     40.96	-3.32	 1.214e+01	     -8.42	0	Gaussian	9990000000.000000	9990000000.000000
1410	1	1054.030328	475.122789	     -1.00	   3339.17	    858.64	      2.08	      2.08	     36.37	     36.37	26.46	 1.489e+01	     -8.42	0	Gaussian	9990000000.000000	9990000000.000000
1411	1	1048.733264	342.993262	     -1.00	   2206.09	    342.05	      2.44	      2.44	     42.72	     42.72	31.33	 1.123e+01	     -8.41	0	Gaussian	9990000000.000000	9990000000.000000
1412	1	1056.251465	578.559909	     -1.00	   2982.29	    791.23	      2.07	      1.71	     36.18	     29.90	39.42	 1.399e+01	     -8.41	0	Gaussian	9990000000.000000	9990000000.000000
1413	1	1047.486826	432.374128	     -1.00	    641.78	   1752.00	      2.40	      1.97	     41.98	     34.47	0.73	 1.411e+01	     -8.41	0	Gaussian	9990000000.000000	9990000000.000000
1414	1	1056.356648	408.161097	     -1.00	   2865.91	    571.52	      2.24	      2.24	     39.15	     39.15	28.41	 1.504e+01	     -8.41	0	Gaussian	9990000000.000000	9990000000.000000
1415	1	1050.396053	460.682345	     -1.00	   4777.23	   3098.20	      2.11	      2.11	     36.85	     36.85	-28.61	 1.437e+01	     -8.41	0	Gaussian	9990000000.000000	9990000000.000000
1416	1	1045.568673	300.860537	     -1.00	   5243.52	   3359.43	      2.85	      2.38	     49.85	     41.69	6.91	 1.150e+01	     -8.41	0	Gaussian	9990000000.000000	9990000000.000000
1417	1	1049.133258	510.185667	     -1.00	   5595.47	   1108.22	      2.35	      1.70	     41.20	     29.72	11.99	 1.379e+01	     -8.41	0	Gaussian	9990000000.000000	9990000000.000000
1418	1	1062.310412	667.878385	     -1.00	   2632.12	   2750.03	      2.05	      1.48	     35.97	     25.97	-27.93	 2.167e+01	     -8.41	0	Gaussian	9990000000.000000	9990000000.000000
1419	1	1058.504702	437.521476	     -1.00	   3228.29	   1540.77	      2.37	      1.96	     41.41	     34.38	13.15	 1.706e+01	     -8.41	0	Gaussian	9990000000.000000	9990000000.000000
1420	1	1051.303106	374.509695	     -1.00	   2461.27	    457.08	      2.50	      2.17	     43.76	     37.98	-88.63	 1.392e+01	     -8.41	0	Gaussian	9990000000.000000	9990000000.000000
1421	1	1050.711009	296.063129	     -1.00	   4281.16	    578.03	      2.70	      2.54	     47.29	     44.44	43.55	 1.637e+01	     -8.40	0	Gaussian	9990000000.000000	9990000000.000000
1422	1	1056.401119	555.633618	     -1.00	   2374.31	   3145.24	      2.11	      1.73	     36.90	     30.34	28.19	 1.539e+01	     -8.40	0	Gaussian	9990000000.000000	9990000000.000000
1423	1	1056.713195	609.416458	     -1.00	   3748.85	   3281.21	      2.02	      1.65	     35.39	     28.82	-34.00	 1.464e+01	     -8.40	0	Gaussian	9990000000.000000	9990000000.000000
1424	1	1050.693905	440.598082	     -1.00	   4123.53	   3462.67	      2.50	      1.84	     43.80	     32.21	46.28	 1.191e+01	     -8.40	0	Gaussian	9990000000.000000	9990000000.000000
1425	1	1055.023088	456.725103	     -1.00	   3674.41	    949.86	      2.18	      2.03	     38.18	     35.49	37.85	 1.239e+01	     -8.40	0	Gaussian	9990000000.000000	9990000000.000000
1426	1	1048.594864	337.940640	     -1.00	   5146.34	    962.60	      2.71	      2.21	     47.44	     38.61	2.16	 1.188e+01	     -8.40	0	Gaussian	9990000000.000000	9990000000.000000
1427	1	1049.207072	466.772196	     -1.00	   5120.56	   3419.71	      2.08	      2.08	     36.41	     36.41	-26.29	 1.583e+01	     -8.40	0	Gaussian	9990000000.000000	9990000000.000000
1428	1	1043.406837	324.166199	     -1.00	   1387.43	   3965.53	      2.50	      2.50	     43.69	     43.69	-14.59	 1.043e+01	     -8.40	0	Gaussian	9990000000.000000	9990000000.000000
1429	1	1059.090426	547.921098	     -1.00	   2923.93	   2054.23	      1.92	      1.92	     33.61	     33.61	46.33	 1.590e+01	     -8.40	0	Gaussian	9990000000.000000	9990000000.000000
1430	1	1053.319520	472.831733	     -1.00	   4355.97	   3378.92	      2.07	      2.07	     36.17	     36.17	-40.92	 1.456e+01	     -8.40	0	Gaussian	9990000000.000000	9990000000.000000
1431	1	1048.895830	456.794637	     -1.00	   1408.17	   2525.74	      2.34	      1.88	     41.04	     32.98	-36.18	 1.182e+01	     -8.40	0	Gaussian	9990000000.000000	9990000000.000000
1432	1	1051.929048	292.298021	     -1.00	   1968.92	   1709.53	      3.19	      2.17	     55.75	     37.94	-22.82	 1.254e+01	     -8.40	0	Gaussian	9990000000.000000	9990000000.000000
1433	1	1058.905134	534.018970	     -1.00	   2334.86	   1205.73	      2.12	      1.79	     37.05	     31.25	37.35	 1.344e+01	     -8.40	0	Gaussian	9990000000.000000	9990000000.000000
1434	1	1048.915527	372.805798	     -1.00	   1148.35	   2258.30	      2.70	      2.00	     47.27	     35.05	1.62	 1.164e+01	     -8.40	0	Gaussian	9990000000.000000	9990000000.000000
1435	1	1055.749697	524.198323	     -1.00	   4065.51	   2762.80	      2.17	      1.77	     37.99	     31.02	41.85	 1.469e+01	     -8.40	0	Gaussian	9990000000.000000	9990000000.000000
1436	1	1058.733127	524.031783	     -1.00	   2627.84	   2575.08	      2.17	      1.77	     37.96	     31.02	25.72	 1.659e+01	     -8.40	0	Gaussian	9990000000.000000	9990000000.000000
1437	1	1053.379430	543.376918	     -1.00	   3744.12	   1307.03	      1.92	      1.92	     33.69	     33.69	-60.19	 1.537e+01	     -8.40	0	Gaussian	9990000000.000000	9990000000.000000
1438	1	1049.280275	246.435190	     -1.00	   4505.12	    623.62	      3.00	      2.73	     52.45	     47.71	-24.93	 1.217e+01	     -8.40	0	Gaussian	9990000000.000000	9990000000.000000
1439	1	1049.831370	348.787644	     -1.00	   4819.55	   1104.22	      2.88	      2.00	     50.42	     35.03	-7.00	 1.213e+01	     -8.39	0	Gaussian	9990000000.000000	9990000000.000000
1440	1	1049.647220	362.256699	     -1.00	   2142.03	    633.12	      2.54	      2.19	     44.38	     38.32	38.21	 1.243e+01	     -8.39	0	Gaussian	9990000000.000000	9990000000.000000
1441	1	1051.119706	453.838911	     -1.00	   3260.89	    389.92	      2.42	      1.83	     42.44	     31.95	65.98	 1.301e+01	     -8.39	0	Gaussian	9990000000.000000	9990000000.000000
1442	1	1057.123376	491.282485	     -1.00	   2780.71	   2882.15	      2.23	      1.83	     39.02	     32.06	15.98	 1.354e+01	     -8.39	0	Gaussian	9990000000.000000	9990000000.000000
1443	1	1055.113397	430.908605	     -1.00	   1812.99	   2086.67	      2.27	      2.05	     39.67	     35.88	-5.32	 2.111e+01	     -8.39	0	Gaussian	9990000000.000000	9990000000.000000
1444	1	1046.537349	396.537522	     -1.00	   5501.54	    771.16	      2.51	      2.01	     43.88	     35.22	21.33	 1.322e+01	     -8.39	0	Gaussian	9990000000.000000	9990000000.000000
1445	1	1057.542982	457.626683	     -1.00	   2687.75	   1833.32	      2.46	      1.78	     42.98	     31.09	5.37	 1.672e+01	     -8.39	0	Gaussian	9990000000.000000	9990000000.000000
1446	1	1048.996732	249.448838	     -1.00	   5119.87	   2437.50	      3.11	      2.57	     54.50	     44.95	-32.84	 1.160e+01	     -8.39	0	Gaussian	9990000000.000000	9990000000.000000
1447	1	1052.366994	304.357400	     -1.00	   4387.52	   3337.28	      2.73	      2.40	     47.70	     41.99	-7.21	 1.249e+01	     -8.38	0	Gaussian	9990000000.000000	9990000000.000000
1448	1	1044.808056	377.100470	     -1.00	   5617.04	    858.18	      2.72	      1.94	     47.65	     33.90	31.81	 1.161e+01	     -8.38	0	Gaussian	9990000000.000000	9990000000.000000
1449	1	1044.524483	404.646587	     -1.00	   1777.06	   3896.98	      2.45	      2.01	     42.83	     35.14	2.77	 1.115e+01	     -8.38	0	Gaussian	9990000000.000000	9990000000.000000
1450	1	1041.008365	371.734374	     -1.00	    346.83	   1906.44	      2.72	      1.96	     47.64	     34.38	3.46	 1.195e+01	     -8.38	0	Gaussian	9990000000.000000	9990000000.000000
1451	1	1053.160144	574.215318	     -1.00	   1824.15	   2441.01	      2.24	      1.54	     39.27	     26.97	36.65	 1.250e+01	     -8.38	0	Gaussian	9990000000.000000	9990000000.000000
1452	1	1052.672623	410.873991	     -1.00	   1433.81	   2658.32	      2.39	      2.02	     41.89	     35.31	-35.54	 1.321e+01	     -8.38	0	Gaussian	9990000000.000000	9990000000.000000
1453	1	1052.430460	364.718427	     -1.00	   4232.23	    532.25	      2.49	      2.18	     43.64	     38.18	-28.47	 2.653e+01	     -8.38	0	Gaussian	9990000000.000000	9990000000.000000
1454	1	1059.816179	473.350027	     -1.00	   2278.65	   2159.03	      2.05	      2.05	     35.83	     35.83	85.04	 1.911e+01	     -8.38	0	Gaussian	9990000000.000000	9990000000.000000
1455	1	1052.399361	398.602037	     -1.00	   2968.15	    713.64	      2.33	      2.13	     40.86	     37.25	-84.12	 1.330e+01	     -8.38	0	Gaussian	9990000000.000000	9990000000.000000
1456	1	1047.993084	478.924161	     -1.00	   5316.27	   3573.23	      2.57	      1.61	     44.97	     28.16	50.75	 1.330e+01	     -8.38	0	Gaussian	9990000000.000000	9990000000.000000
1457	1	1059.866865	438.844052	     -1.00	   3945.02	    938.23	      2.33	      1.94	     40.74	     33.92	58.68	 1.777e+01	     -8.38	0	Gaussian	9990000000.000000	9990000000.000000
1458	1	1044.929461	372.368590	     -1.00	   1405.18	    853.95	      2.78	      1.91	     48.71	     33.38	22.34	 1.252e+01	     -8.38	0	Gaussian	9990000000.000000	9990000000.000000
1459	1	1046.741201	375.873970	     -1.00	   1142.77	    259.68	      2.43	      2.16	     42.60	     37.78	-49.97	 1.463e+01	     -8.37	0	Gaussian	9990000000.000000	9990000000.000000
1460	1	1055.384846	586.402059	     -1.00	   2218.20	   2375.80	      1.83	      1.83	     32.11	     32.11	86.01	 1.555e+01	     -8.37	0	Gaussian	9990000000.000000	9990000000.000000
1461	1	1043.929942	526.106390	     -1.00	    235.76	   2386.20	      2.19	      1.71	     38.39	     29.92	-39.12	 1.522e+01	     -8.37	0	Gaussian	9990000000.000000	9990000000.000000
1462	1	1051.338502	440.810703	     -1.00	   1503.32	   1682.21	      2.48	      1.80	     43.42	     31.56	31.31	 1.419e+01	     -8.37	0	Gaussian	9990000000.000000	9990000000.000000
1463	1	1050.242438	321.971651	     -1.00	   1709.54	    610.03	      2.67	      2.30	     46.69	     40.17	52.38	 1.202e+01	     -8.37	0	Gaussian	9990000000.000000	9990000000.000000
1464	1	1053.884696	278.841225	     -1.00	   1856.45	    294.09	      2.77	      2.55	     48.41	     44.69	10.60	 2.691e+01	     -8.37	0	Gaussian	9990000000.000000	9990000000.000000
1465	1	1037.891547	300.200600	     -1.00	    438.93	   3573.57	      2.63	      2.49	     46.05	     43.62	-79.12	 1.239e+01	     -8.37	0	Gaussian	9990000000.000000	9990000000.000000
1466	1	1053.928818	362.434141	     -1.00	   3212.89	   1171.71	      2.52	      2.15	     44.13	     37.69	-89.39	 1.457e+01	     -8.37	0	Gaussian	9990000000.000000	9990000000.000000
1467	1	1050.251566	377.375992	     -1.00	   1530.38	   2124.25	      2.64	      1.98	     46.16	     34.58	-11.15	 1.330e+01	     -8.37	0	Gaussian	9990000000.000000	9990000000.000000
1468	1	1056.060707	383.453848	     -1.00	   2592.48	   1526.72	      2.53	      2.02	     44.35	     35.37	2.51	 1.306e+01	     -8.37	0	Gaussian	9990000000.000000	9990000000.000000
1469	1	1050.874579	422.266269	     -1.00	   4759.35	   1141.12	      2.38	      1.95	     41.62	     34.21	-2.27	 1.184e+01	     -8.37	0	Gaussian	9990000000.000000	9990000000.000000
1470	1	1041.735313	362.088869	     -1.00	   5347.99	   4009.24	      2.48	      2.19	     43.37	     38.27	40.77	 1.198e+01	     -8.37	0	Gaussian	9990000000.000000	9990000000.000000
1471	1	1051.889599	419.131170	     -1.00	   3532.79	    622.02	      2.33	      2.01	     40.70	     35.19	52.12	 1.334e+01	     -8.37	0	Gaussian	9990000000.000000	9990000000.000000
1472	1	1042.277914	404.311625	     -1.00	    465.84	   1269.26	      2.57	      1.89	     44.96	     33.01	10.21	 1.188e+01	     -8.37	0	Gaussian	9990000000.000000	9990000000.000000
1473	1	1050.093103	337.776499	     -1.00	   5226.67	   1260.45	      2.81	      2.07	     49.12	     36.17	3.37	 1.280e+01	     -8.37	0	Gaussian	9990000000.000000	9990000000.000000
1474	1	1045.494010	395.487224	     -1.00	    811.31	   1226.84	      2.30	      2.16	     40.19	     37.74	-75.78	 1.262e+01	     -8.37	0	Gaussian	9990000000.000000	9990000000.000000
1475	1	1057.010947	437.157753	     -1.00	   2389.26	   1092.23	      2.54	      1.76	     44.48	     30.84	53.91	 1.666e+01	     -8.36	0	Gaussian	9990000000.000000	9990000000.000000
1476	1	1059.867278	388.398162	     -1.00	   2559.16	   1010.55	      2.31	      2.17	     40.49	     37.94	33.59	 2.317e+01	     -8.36	0	Gaussian	9990000000.000000	9990000000.000000
1477	1	1044.432015	407.070728	     -1.00	    625.09	   2843.94	      2.52	      1.90	     44.14	     33.19	16.37	 1.236e+01	     -8.36	0	Gaussian	9990000000.000000	9990000000.000000
1478	1	1048.494857	460.048046	     -1.00	   4288.72	     53.30	      2.06	      2.06	     36.00	     36.00	65.68	 1.389e+01	     -8.36	0	Gaussian	9990000000.000000	9990000000.000000
1479	1	1051.853730	552.180754	     -1.00	   2144.35	   2803.16	      2.06	      1.71	     36.00	     29.98	26.44	 1.473e+01	     -8.36	0	Gaussian	9990000000.000000	9990000000.000000
1480	1	1055.555268	361.214728	     -1.00	   2177.09	   1201.06	      2.55	      2.11	     44.71	     36.89	-34.22	 1.263e+01	     -8.36	0	Gaussian	9990000000.000000	9990000000.000000
1481	1	1051.422523	336.473172	     -1.00	   1705.08	    983.07	      2.40	      2.40	     42.08	     42.08	40.64	 1.252e+01	     -8.36	0	Gaussian	9990000000.000000	9990000000.000000
1482	1	1052.947660	339.466107	     -1.00	   3989.64	    642.31	      2.56	      2.24	     44.75	     39.21	-24.99	 1.222e+01	     -8.36	0	Gaussian	9990000000.000000	9990000000.000000
1483	1	1053.717640	454.981830	     -1.00	   5268.00	   3426.87	      2.44	      1.75	     42.71	     30.61	43.77	 2.312e+01	     -8.36	0	Gaussian	9990000000.000000	9990000000.000000
1484	1	1053.574495	414.214934	     -1.00	   4109.15	   3360.86	      2.19	      2.14	     38.25	     37.51	-81.66	 1.159e+01	     -8.36	0	Gaussian	9990000000.000000	9990000000.000000
1485	1	1051.761800	378.334658	     -1.00	   3086.69	   3528.67	      2.43	      2.11	     42.60	     36.85	-47.58	 1.398e+01	     -8.35	0	Gaussian	9990000000.000000	9990000000.000000
1486	1	1044.723631	328.094030	     -1.00	   1036.33	   3311.35	      2.49	      2.37	     43.67	     41.44	-27.10	 1.095e+01	     -8.35	0	Gaussian	9990000000.000000	9990000000.000000
1487	1	1050.335554	277.547364	     -1.00	   1536.28	   1592.77	      2.81	      2.48	     49.12	     43.41	-1.72	 1.239e+01	     -8.35	0	Gaussian	9990000000.000000	9990000000.000000
1488	1	1049.772616	379.108862	     -1.00	   3176.94	    341.76	      2.51	      2.03	     43.92	     35.52	82.53	 1.273e+01	     -8.35	0	Gaussian	9990000000.000000	9990000000.000000
1489	1	1050.968911	430.700550	     -1.00	   3675.02	    357.37	      2.37	      1.89	     41.45	     33.13	-73.02	 1.337e+01	     -8.35	0	Gaussian	9990000000.000000	9990000000.000000
1490	1	1055.225562	443.328090	     -1.00	   2497.38	   3779.92	      2.24	      1.95	     39.13	     34.09	76.97	 2.392e+01	     -8.35	0	Gaussian	9990000000.000000	9990000000.000000
1491	1	1045.227460	536.889184	     -1.00	   5892.02	   2482.99	      2.40	      1.50	     41.93	     26.24	44.60	 1.252e+01	     -8.35	0	Gaussian	9990000000.000000	9990000000.000000
1492	1	1050.763918	556.260337	     -1.00	   2848.12	   3993.24	      2.18	      1.59	     38.16	     27.82	48.79	 1.378e+01	     -8.35	0	Gaussian	9990000000.000000	9990000000.000000
1493	1	1054.511901	344.834551	     -1.00	   2104.22	    726.01	      2.39	      2.34	     41.78	     40.97	-82.81	 1.336e+01	     -8.35	0	Gaussian	9990000000.000000	9990000000.000000
1494	1	1054.295629	423.141698	     -1.00	   4821.42	   2121.95	      2.40	      1.89	     42.09	     33.11	8.79	 1.202e+01	     -8.35	0	Gaussian	9990000000.000000	9990000000.000000
1495	1	1053.654970	467.116124	     -1.00	   2017.73	   2434.76	      2.27	      1.81	     39.73	     31.77	18.36	 1.393e+01	     -8.35	0	Gaussian	9990000000.000000	9990000000.000000
1496	1	1057.334066	422.421692	     -1.00	   2571.03	   2135.63	      2.29	      1.98	     40.13	     34.74	-1.58	 1.285e+01	     -8.35	0	Gaussian	9990000000.000000	9990000000.000000
1497	1	1024.957570	322.044160	     -1.00	    100.91	    292.37	      2.80	      2.13	     49.04	     37.23	-2.16	 1.001e+01	     -8.34	0	Gaussian	9990000000.000000	9990000000.000000
1498	1	1060.849780	424.529293	     -1.00	   2949.27	   1489.72	      2.43	      1.86	     42.46	     32.58	13.20	 1.502e+01	     -8.34	0	Gaussian	9990000000.000000	9990000000.000000
1499	1	1058.040133	592.448263	     -1.00	   2824.71	   2785.78	      2.02	      1.60	     35.44	     27.97	31.53	 1.352e+01	     -8.34	0	Gaussian	9990000000.000000	9990000000.000000
1500	1	1052.698173	442.471695	     -1.00	   2748.66	   3903.88	      2.26	      1.92	     39.57	     33.54	64.91	 1.370e+01	     -8.34	0	Gaussian	9990000000.000000	9990000000.000000
1501	1	1052.711848	313.346405	     -1.00	   4283.64	   1081.40	      2.62	      2.33	     45.81	     40.82	17.06	 1.277e+01	     -8.34	0	Gaussian	9990000000.000000	9990000000.000000
1502	1	1048.555313	592.753372	     -1.00	   1756.94	   3573.22	      2.24	      1.44	     39.22	     25.18	-44.30	 1.429e+01	     -8.34	0	Gaussian	9990000000.000000	9990000000.000000
1503	1	1056.406732	449.744481	     -1.00	   4041.18	   1405.81	      2.42	      1.76	     42.36	     30.72	18.49	 1.495e+01	     -8.34	0	Gaussian	9990000000.000000	9990000000.000000
1504	1	1027.654640	400.607541	     -1.00	    196.18	    253.01	      2.41	      1.98	     42.12	     34.67	43.20	 1.059e+01	     -8.34	0	Gaussian	9990000000.000000	9990000000.000000
1505	1	1055.863774	388.715426	     -1.00	   4275.80	   2325.45	      2.27	      2.16	     39.75	     37.82	68.74	 1.360e+01	     -8.34	0	Gaussian	9990000000.000000	9990000000.000000
1506	1	1058.532473	398.556061	     -1.00	   3085.46	   1615.75	      2.32	      2.06	     40.56	     36.10	16.22	 1.330e+01	     -8.34	0	Gaussian	9990000000.000000	9990000000.000000
1507	1	1047.474100	327.600634	     -1.00	   4489.97	   3552.77	      2.41	      2.41	     42.20	     42.20	-61.36	 1.373e+01	     -8.34	0	Gaussian	9990000000.000000	9990000000.000000
1508	1	1064.999886	465.539331	     -1.00	   2941.18	    945.07	      2.29	      1.79	     40.07	     31.26	-13.42	 4.412e+01	     -8.33	0	Gaussian	9990000000.000000	9990000000.000000
1509	1	1046.900595	287.985883	     -1.00	   1452.19	    591.53	      2.93	      2.25	     51.35	     39.44	23.61	 1.132e+01	     -8.33	0	Gaussian	9990000000.000000	9990000000.000000
1510	1	1043.590922	380.469965	     -1.00	    790.53	   3414.01	      2.28	      2.19	     39.99	     38.27	4.65	 1.172e+01	     -8.33	0	Gaussian	9990000000.000000	9990000000.000000
1511	1	1042.856471	322.200416	     -1.00	    943.35	    488.75	      2.85	      2.07	     49.90	     36.15	-47.73	 1.181e+01	     -8.33	0	Gaussian	9990000000.000000	9990000000.000000
1512	1	1047.377011	368.265476	     -1.00	   1370.03	    471.27	      2.39	      2.15	     41.81	     37.71	60.63	 1.109e+01	     -8.33	0	Gaussian	9990000000.000000	9990000000.000000
1513	1	1052.418262	359.752347	     -1.00	   3964.34	    678.95	      2.29	      2.29	     40.15	     40.15	-63.88	 1.242e+01	     -8.33	0	Gaussian	9990000000.000000	9990000000.000000
1514	1	1047.242966	316.840630	     -1.00	   1418.95	    555.54	      2.44	      2.44	     42.79	     42.77	62.68	 1.135e+01	     -8.33	0	Gaussian	9990000000.000000	9990000000.000000
1515	1	1055.756530	399.258892	     -1.00	   4559.31	   3077.81	      2.41	      1.96	     42.22	     34.38	24.63	 1.663e+01	     -8.33	0	Gaussian	9990000000.000000	9990000000.000000
1516	1	1047.856091	556.703978	     -1.00	   2873.03	   3944.12	      2.18	      1.56	     38.08	     27.32	54.51	 1.229e+01	     -8.33	0	Gaussian	9990000000.000000	9990000000.000000
1517	1	1052.871461	342.605026	     -1.00	   1765.75	    836.14	      2.67	      2.06	     46.74	     36.14	8.91	 1.230e+01	     -8.33	0	Gaussian	9990000000.000000	9990000000.000000
1518	1	1055.627130	438.549977	     -1.00	   2986.25	   2780.88	      2.25	      1.92	     39.32	     33.55	12.81	 1.383e+01	     -8.33	0	Gaussian	9990000000.000000	9990000000.000000
1519	1	1049.624607	394.198718	     -1.00	   1335.47	   2572.17	      2.45	      1.96	     42.84	     34.22	15.97	 1.175e+01	     -8.32	0	Gaussian	9990000000.000000	9990000000.000000
1520	1	1058.146985	445.971214	     -1.00	   2306.02	   2359.64	      2.19	      1.93	     38.39	     33.74	-16.07	 1.585e+01	     -8.32	0	Gaussian	9990000000.000000	9990000000.000000
1521	1	1055.262976	323.844533	     -1.00	   1754.65	    830.28	      2.55	      2.28	     44.71	     39.89	53.00	 2.052e+01	     -8.32	0	Gaussian	9990000000.000000	9990000000.000000
1522	1	1051.158990	320.250955	     -1.00	   5009.69	   2607.15	      2.81	      2.09	     49.25	     36.59	16.29	 1.347e+01	     -8.32	0	Gaussian	9990000000.000000	9990000000.000000
1523	1	1061.688628	663.813414	     -1.00	   3874.34	   3607.19	      1.95	      1.46	     34.05	     25.52	36.16	 4.343e+01	     -8.32	0	Gaussian	9990000000.000000	9990000000.000000
1524	1	1049.607569	296.893846	     -1.00	   1539.85	    960.48	      2.86	      2.22	     50.05	     38.82	34.21	 1.220e+01	     -8.32	0	Gaussian	9990000000.000000	9990000000.000000
1525	1	1056.059328	325.876305	     -1.00	   2801.73	   1035.68	      2.49	      2.32	     43.65	     40.54	18.10	 1.287e+01	     -8.32	0	Gaussian	9990000000.000000	9990000000.000000
1526	1	1045.326462	324.743710	     -1.00	   1094.33	   3074.58	      2.54	      2.28	     44.52	     39.88	87.03	 1.268e+01	     -8.32	0	Gaussian	9990000000.000000	9990000000.000000
1527	1	1057.794294	486.790560	     -1.00	   2961.86	   1276.28	      2.07	      1.87	     36.19	     32.71	-30.03	 1.670e+01	     -8.32	0	Gaussian	9990000000.000000	9990000000.000000
1528	1	1055.005114	625.349717	     -1.00	   2618.02	   2627.02	      2.10	      1.43	     36.74	     25.08	35.42	 1.320e+01	     -8.32	0	Gaussian	9990000000.000000	9990000000.000000
1529	1	1045.292612	535.032528	     -1.00	   1243.77	   3568.82	      2.33	      1.51	     40.79	     26.39	43.09	 1.345e+01	     -8.32	0	Gaussian	9990000000.000000	9990000000.000000
1530	1	1045.246975	677.130458	     -1.00	    542.88	   2589.23	      1.97	      1.41	     34.47	     24.67	-47.19	 1.794e+01	     -8.32	0	Gaussian	9990000000.000000	9990000000.000000
1531	1	1050.157880	509.455031	     -1.00	   4567.84	   1354.82	      2.23	      1.65	     39.00	     28.95	19.85	 1.243e+01	     -8.32	0	Gaussian	9990000000.000000	9990000000.000000
1532	1	1050.787981	371.666003	     -1.00	   4375.06	   1063.24	      2.38	      2.12	     41.62	     37.16	-6.07	 1.238e+01	     -8.32	0	Gaussian	9990000000.000000	9990000000.000000
1533	1	1057.521674	479.454434	     -1.00	   2684.28	   2112.99	      2.29	      1.71	     40.06	     29.89	19.49	 1.358e+01	     -8.32	0	Gaussian	9990000000.000000	9990000000.000000
1534	1	1058.658015	442.238266	     -1.00	   2056.06	   1345.12	      2.30	      1.84	     40.24	     32.20	48.33	 1.645e+01	     -8.32	0	Gaussian	9990000000.000000	9990000000.000000
1535	1	1048.048166	416.821976	     -1.00	   1981.04	   3401.99	      2.45	      1.83	     42.87	     32.02	30.08	 1.274e+01	     -8.31	0	Gaussian	9990000000.000000	9990000000.000000
1536	1	1046.728646	287.430495	     -1.00	   1387.11	    512.71	      3.00	      2.17	     52.44	     37.96	-39.18	 1.170e+01	     -8.31	0	Gaussian	9990000000.000000	9990000000.000000
1537	1	1058.602540	400.611170	     -1.00	   3017.83	   1069.42	      2.23	      2.09	     39.09	     36.52	-84.39	 1.687e+01	     -8.31	0	Gaussian	9990000000.000000	9990000000.000000
1538	1	1062.110818	645.632981	     -1.00	   2841.29	   2222.18	      2.04	      1.42	     35.72	     24.78	34.87	 1.469e+01	     -8.31	0	Gaussian	9990000000.000000	9990000000.000000
1539	1	1050.465831	321.170644	     -1.00	   4672.82	   3034.74	      2.67	      2.17	     46.82	     38.01	0.71	 1.164e+01	     -8.31	0	Gaussian	9990000000.000000	9990000000.000000
1540	1	1047.715878	280.249215	     -1.00	   4320.61	    119.05	      2.79	      2.38	     48.83	     41.66	-13.46	 1.219e+01	     -8.31	0	Gaussian	9990000000.000000	9990000000.000000
1541	1	1052.438680	405.821383	     -1.00	   4307.43	   3004.32	      2.54	      1.80	     44.47	     31.57	46.63	 1.200e+01	     -8.31	0	Gaussian	9990000000.000000	9990000000.000000
1542	1	1051.554863	298.513719	     -1.00	   3326.74	    532.95	      2.74	      2.27	     48.00	     39.75	-9.74	 1.013e+01	     -8.31	0	Gaussian	9990000000.000000	9990000000.000000
1543	1	1057.245872	511.985581	     -1.00	   2563.22	   1174.37	      2.14	      1.70	     37.42	     29.70	47.10	 1.477e+01	     -8.31	0	Gaussian	9990000000.000000	9990000000.000000
1544	1	1048.222564	354.779696	     -1.00	   5641.50	   2469.96	      2.61	      2.00	     45.68	     35.08	2.10	 1.272e+01	     -8.31	0	Gaussian	9990000000.000000	9990000000.000000
1545	1	1035.430543	446.282398	     -1.00	    285.02	    688.97	      2.45	      1.70	     42.81	     29.75	-32.37	 1.126e+01	     -8.31	0	Gaussian	9990000000.000000	9990000000.000000
1546	1	1056.624109	444.107799	     -1.00	   2614.38	    930.99	      2.29	      1.83	     40.04	     31.96	13.34	 1.358e+01	     -8.31	0	Gaussian	9990000000.000000	9990000000.000000
1547	1	1058.154340	510.909430	     -1.00	   2965.02	   1435.18	      2.16	      1.68	     37.81	     29.42	-41.75	 1.341e+01	     -8.31	0	Gaussian	9990000000.000000	9990000000.000000
1548	1	1055.218204	347.553632	     -1.00	   2715.16	    447.50	      2.55	      2.09	     44.59	     36.65	81.73	 1.696e+01	     -8.31	0	Gaussian	9990000000.000000	9990000000.000000
1549	1	1048.846951	213.890813	     -1.00	   4998.31	   1837.61	      3.41	      2.54	     59.67	     44.45	14.41	 1.137e+01	     -8.30	0	Gaussian	9990000000.000000	9990000000.000000
1550	1	1058.811146	392.186506	     -1.00	   3491.56	   1765.40	      2.43	      1.94	     42.48	     34.02	1.10	 1.440e+01	     -8.30	0	Gaussian	9990000000.000000	9990000000.000000
1551	1	1047.559465	353.461152	     -1.00	   1374.39	   2182.28	      2.62	      2.00	     45.86	     34.97	-7.19	 1.129e+01	     -8.30	0	Gaussian	9990000000.000000	9990000000.000000
1552	1	1049.435344	389.758755	     -1.00	   1641.30	   3274.18	      2.55	      1.86	     44.70	     32.52	-6.50	 1.160e+01	     -8.30	0	Gaussian	9990000000.000000	9990000000.000000
1553	1	1050.729797	370.346267	     -1.00	   2209.50	   3059.33	      2.46	      2.03	     42.97	     35.53	4.71	 1.249e+01	     -8.30	0	Gaussian	9990000000.000000	9990000000.000000
1554	1	1060.802077	477.843451	     -1.00	   2662.59	   1679.98	      2.16	      1.79	     37.74	     31.32	7.64	 1.432e+01	     -8.30	0	Gaussian	9990000000.000000	9990000000.000000
1555	1	1048.029132	345.206999	     -1.00	   1224.39	   2954.59	      2.57	      2.07	     45.07	     36.30	1.33	 1.081e+01	     -8.30	0	Gaussian	9990000000.000000	9990000000.000000
1556	1	1056.146173	364.940804	     -1.00	   3205.01	   1198.68	      2.87	      1.75	     50.32	     30.72	81.75	 1.174e+01	     -8.30	0	Gaussian	9990000000.000000	9990000000.000000
1557	1	1048.392857	308.383828	     -1.00	   1825.61	     59.11	      2.63	      2.27	     46.07	     39.68	16.40	 1.142e+01	     -8.30	0	Gaussian	9990000000.000000	9990000000.000000
1558	1	1051.583916	244.341887	     -1.00	   2338.41	    363.81	      3.07	      2.46	     53.67	     42.97	47.71	 1.127e+01	     -8.30	0	Gaussian	9990000000.000000	9990000000.000000
1559	1	1064.888107	474.171771	     -1.00	   2935.99	    938.02	      2.16	      1.79	     37.86	     31.38	-30.58	 4.487e+01	     -8.30	0	Gaussian	9990000000.000000	9990000000.000000
1560	1	1051.971405	411.011370	     -1.00	   1907.29	    720.91	      2.21	      2.03	     38.61	     35.49	-12.09	 1.421e+01	     -8.30	0	Gaussian	9990000000.000000	9990000000.000000
1561	1	1049.331346	424.010586	     -1.00	   5335.44	   2962.47	      2.78	      1.56	     48.61	     27.32	43.20	 1.250e+01	     -8.30	0	Gaussian	9990000000.000000	9990000000.000000
1562	1	1043.599409	483.023444	     -1.00	   1036.88	   3377.07	      1.95	      1.95	     34.14	     34.14	73.32	 1.530e+01	     -8.30	0	Gaussian	9990000000.000000	9990000000.000000
1563	1	1053.724003	454.053904	     -1.00	   4426.34	   1897.93	      2.13	      1.90	     37.19	     33.33	12.43	 1.357e+01	     -8.30	0	Gaussian	9990000000.000000	9990000000.000000
1564	1	1050.448282	361.345557	     -1.00	   4683.31	   3458.38	      3.00	      1.69	     52.57	     29.61	45.83	 1.229e+01	     -8.30	0	Gaussian	9990000000.000000	9990000000.000000
1565	1	1049.263497	326.927012	     -1.00	   5130.28	   1102.56	      2.88	      1.95	     50.42	     34.11	-9.65	 1.174e+01	     -8.30	0	Gaussian	9990000000.000000	9990000000.000000
1566	1	1051.334764	386.818788	     -1.00	   3137.96	    693.61	      2.18	      2.18	     38.12	     38.12	21.01	 1.242e+01	     -8.29	0	Gaussian	9990000000.000000	9990000000.000000
1567	1	1049.830834	578.728631	     -1.00	   2198.92	   3623.30	      2.07	      1.53	     36.24	     26.79	-52.26	 1.586e+01	     -8.29	0	Gaussian	9990000000.000000	9990000000.000000
1568	1	1056.816137	422.605942	     -1.00	   3056.90	   1085.42	      2.10	      2.07	     36.71	     36.21	41.42	 1.402e+01	     -8.29	0	Gaussian	9990000000.000000	9990000000.000000
1569	1	1052.390516	370.614198	     -1.00	   1369.19	   1584.94	      2.22	      2.22	     38.91	     38.91	69.00	 1.493e+01	     -8.29	0	Gaussian	9990000000.000000	9990000000.000000
1570	1	1053.435568	474.689617	     -1.00	   4447.28	   1740.37	      1.96	      1.96	     34.38	     34.38	-62.77	 1.415e+01	     -8.29	0	Gaussian	9990000000.000000	9990000000.000000
1571	1	1048.866077	405.003184	     -1.00	   3569.66	   3983.04	      2.33	      1.94	     40.79	     33.94	11.04	 1.332e+01	     -8.29	0	Gaussian	9990000000.000000	9990000000.000000
1572	1	1050.307009	346.312131	     -1.00	   2607.59	   3538.35	      2.50	      2.11	     43.79	     36.96	-44.27	 1.105e+01	     -8.29	0	Gaussian	9990000000.000000	9990000000.000000
1573	1	1064.163527	797.257808	     -1.00	   3639.95	   2024.12	      1.84	      1.25	     32.22	     21.83	-47.13	 3.449e+01	     -8.29	0	Gaussian	9990000000.000000	9990000000.000000
1574	1	1043.704649	240.427463	     -1.00	    873.77	   2087.74	      2.84	      2.68	     49.74	     46.86	7.64	 9.870e+00	     -8.29	0	Gaussian	9990000000.000000	9990000000.000000
1575	1	1054.757342	530.453338	     -1.00	   4544.73	   1803.93	      2.14	      1.61	     37.50	     28.16	35.19	 1.314e+01	     -8.29	0	Gaussian	9990000000.000000	9990000000.000000
1576	1	1028.962194	368.445393	     -1.00	     54.51	    570.63	      2.79	      1.78	     48.90	     31.09	3.69	 1.036e+01	     -8.29	0	Gaussian	9990000000.000000	9990000000.000000
1577	1	1051.678675	315.151856	     -1.00	   2316.45	     25.52	      2.57	      2.25	     45.00	     39.39	58.71	 1.181e+01	     -8.29	0	Gaussian	9990000000.000000	9990000000.000000
1578	1	1050.560022	450.452731	     -1.00	   1798.99	   2502.93	      2.01	      2.01	     35.19	     35.19	-89.95	 1.313e+01	     -8.29	0	Gaussian	9990000000.000000	9990000000.000000
1579	1	1058.771228	400.921865	     -1.00	   2391.33	   1124.14	      2.41	      1.88	     42.22	     32.95	47.58	 1.531e+01	     -8.29	0	Gaussian	9990000000.000000	9990000000.000000
1580	1	1054.061166	268.231236	     -1.00	   4716.00	    648.58	      2.98	      2.28	     52.14	     39.86	-0.74	 4.169e+01	     -8.29	0	Gaussian	9990000000.000000	9990000000.000000
1581	1	1049.692288	410.445804	     -1.00	   3335.02	   3818.10	      2.11	      2.11	     36.85	     36.85	-49.63	 1.405e+01	     -8.29	0	Gaussian	9990000000.000000	9990000000.000000
1582	1	1043.306421	441.853740	     -1.00	   1052.32	   3764.95	      2.27	      1.81	     39.81	     31.67	17.13	 1.309e+01	     -8.28	0	Gaussian	9990000000.000000	9990000000.000000
1583	1	1061.936472	396.330040	     -1.00	   2933.37	   1011.20	      2.20	      2.08	     38.52	     36.49	-14.73	 3.062e+01	     -8.28	0	Gaussian	9990000000.000000	9990000000.000000
1584	1	1046.839879	233.860978	     -1.00	   5343.07	   1220.68	      2.97	      2.62	     51.95	     45.84	33.16	 1.148e+01	     -8.28	0	Gaussian	9990000000.000000	9990000000.000000
1585	1	1042.237298	203.980964	     -1.00	    716.98	   2402.49	      3.28	      2.72	     57.39	     47.56	-67.43	 1.112e+01	     -8.28	0	Gaussian	9990000000.000000	9990000000.000000
1586	1	1054.573210	507.261237	     -1.00	   3656.85	   1426.95	      2.21	      1.62	     38.74	     28.32	-24.58	 1.437e+01	     -8.28	0	Gaussian	9990000000.000000	9990000000.000000
1587	1	1047.988983	512.978708	     -1.00	   4747.75	   3890.70	      2.40	      1.47	     42.05	     25.80	44.03	 1.087e+01	     -8.28	0	Gaussian	9990000000.000000	9990000000.000000
1588	1	1051.016999	342.750596	     -1.00	   3991.34	    894.72	      2.37	      2.23	     41.52	     39.10	-3.52	 1.267e+01	     -8.28	0	Gaussian	9990000000.000000	9990000000.000000
1589	1	1042.721912	336.979732	     -1.00	   5381.40	   3840.13	      2.47	      2.18	     43.28	     38.13	34.59	 1.266e+01	     -8.28	0	Gaussian	9990000000.000000	9990000000.000000
1590	1	1045.331940	299.850524	     -1.00	   1210.38	    554.34	      2.48	      2.44	     43.38	     42.74	80.07	 1.262e+01	     -8.28	0	Gaussian	9990000000.000000	9990000000.000000
1591	1	1047.016731	307.835335	     -1.00	   1410.69	   2114.37	      2.78	      2.12	     48.67	     37.10	14.19	 1.223e+01	     -8.28	0	Gaussian	9990000000.000000	9990000000.000000
1592	1	1056.912355	396.641595	     -1.00	   3041.55	   1061.84	      2.32	      1.97	     40.65	     34.45	8.76	 1.429e+01	     -8.28	0	Gaussian	9990000000.000000	9990000000.000000
1593	1	1047.653775	292.729178	     -1.00	   5302.27	   2906.42	      2.78	      2.23	     48.58	     39.05	20.12	 1.080e+01	     -8.28	0	Gaussian	9990000000.000000	9990000000.000000
1594	1	1047.004932	301.047252	     -1.00	   1169.99	   2280.46	      2.62	      2.29	     45.93	     40.15	-66.20	 1.283e+01	     -8.28	0	Gaussian	9990000000.000000	9990000000.000000
1595	1	1051.938324	327.393755	     -1.00	   1877.47	   1789.69	      2.54	      2.18	     44.40	     38.18	-11.75	 1.472e+01	     -8.28	0	Gaussian	9990000000.000000	9990000000.000000
1596	1	1058.394780	549.431801	     -1.00	   3167.07	   2632.94	      2.19	      1.50	     38.34	     26.34	-35.19	 1.312e+01	     -8.28	0	Gaussian	9990000000.000000	9990000000.000000
1597	1	1052.116738	249.731956	     -1.00	   2878.39	    209.48	      2.91	      2.49	     51.00	     43.54	67.91	 1.290e+01	     -8.28	0	Gaussian	9990000000.000000	9990000000.000000
1598	1	1049.914261	536.053952	     -1.00	   4212.00	   3927.13	      2.23	      1.51	     39.00	     26.51	41.52	 1.500e+01	     -8.28	0	Gaussian	9990000000.000000	9990000000.000000
1599	1	1044.510796	319.487496	     -1.00	    916.68	   1508.25	      2.70	      2.10	     47.19	     36.75	7.54	 1.051e+01	     -8.28	0	Gaussian	9990000000.000000	9990000000.000000
1600	1	1048.925465	332.167873	     -1.00	   4408.84	    554.46	      2.44	      2.24	     42.62	     39.14	-64.22	 1.194e+01	     -8.28	0	Gaussian	9990000000.000000	9990000000.000000
1601	1	1049.641012	380.546757	     -1.00	   2176.24	   3604.86	      2.37	      2.01	     41.41	     35.15	64.41	 1.329e+01	     -8.28	0	Gaussian	9990000000.000000	9990000000.000000
1602	1	1048.950530	341.862953	     -1.00	   1529.68	    556.52	      2.59	      2.04	     45.40	     35.67	34.38	 1.177e+01	     -8.28	0	Gaussian	9990000000.000000	9990000000.000000
1603	1	1048.050207	504.739911	     -1.00	   1025.22	    302.80	      2.13	      1.68	     37.31	     29.38	-32.51	 1.859e+01	     -8.28	0	Gaussian	9990000000.000000	9990000000.000000
1604	1	1048.535177	227.710414	     -1.00	   2729.78	    133.63	      3.22	      2.46	     56.36	     43.08	41.03	 1.129e+01	     -8.28	0	Gaussian	9990000000.000000	9990000000.000000
1605	1	1055.676916	256.159258	     -1.00	   2050.66	    842.12	      2.80	      2.51	     49.03	     43.93	50.20	 1.389e+01	     -8.27	0	Gaussian	9990000000.000000	9990000000.000000
1606	1	1056.820281	335.630736	     -1.00	   2666.46	    412.23	      2.37	      2.26	     41.53	     39.57	-86.16	 1.653e+01	     -8.27	0	Gaussian	9990000000.000000	9990000000.000000
1607	1	1043.159582	299.723781	     -1.00	   1229.74	   3233.77	      2.47	      2.43	     43.21	     42.58	46.66	 1.056e+01	     -8.27	0	Gaussian	9990000000.000000	9990000000.000000
1608	1	1048.043366	356.888606	     -1.00	   1066.19	   2433.84	      2.40	      2.10	     42.00	     36.79	-18.19	 1.373e+01	     -8.27	0	Gaussian	9990000000.000000	9990000000.000000
1609	1	1053.299425	358.896623	     -1.00	   2037.35	   1029.13	      2.42	      2.08	     42.28	     36.34	-1.91	 1.192e+01	     -8.27	0	Gaussian	9990000000.000000	9990000000.000000
1610	1	1059.904229	526.341691	     -1.00	   3351.15	   1878.69	      1.98	      1.73	     34.67	     30.19	-39.40	 1.422e+01	     -8.27	0	Gaussian	9990000000.000000	9990000000.000000
1611	1	1048.249560	235.082560	     -1.00	   1283.66	    767.72	      2.99	      2.55	     52.42	     44.69	-8.13	 1.374e+01	     -8.27	0	Gaussian	9990000000.000000	9990000000.000000
1612	1	1058.512733	462.921961	     -1.00	   2952.20	   1426.97	      2.23	      1.74	     39.11	     30.42	36.40	 1.353e+01	     -8.27	0	Gaussian	9990000000.000000	9990000000.000000
1613	1	1049.228069	250.728347	     -1.00	   3508.97	    113.39	      2.76	      2.60	     48.27	     45.50	-66.94	 1.120e+01	     -8.27	0	Gaussian	9990000000.000000	9990000000.000000
1614	1	1046.567196	350.310508	     -1.00	   5040.81	    375.85	      2.61	      1.96	     45.74	     34.36	27.91	 1.151e+01	     -8.27	0	Gaussian	9990000000.000000	9990000000.000000
1615	1	1058.147483	527.917787	     -1.00	   2736.23	   2479.87	      2.17	      1.56	     38.05	     27.38	-30.77	 1.212e+01	     -8.27	0	Gaussian	9990000000.000000	9990000000.000000
1616	1	1057.445209	332.177232	     -1.00	   2361.69	   1730.71	      2.55	      2.12	     44.57	     37.13	-20.13	 1.304e+01	     -8.27	0	Gaussian	9990000000.000000	9990000000.000000
1617	1	1057.006828	604.768926	     -1.00	   2870.26	   2139.81	      1.98	      1.50	     34.62	     26.25	-34.74	 1.299e+01	     -8.27	0	Gaussian	9990000000.000000	9990000000.000000
1618	1	1054.335058	330.598250	     -1.00	   3285.40	   3109.75	      2.41	      2.25	     42.27	     39.30	-10.75	 1.432e+01	     -8.27	0	Gaussian	9990000000.000000	9990000000.000000
1619	1	1045.897538	273.032081	     -1.00	   2122.84	     38.44	      2.66	      2.47	     46.48	     43.23	-24.86	 1.052e+01	     -8.27	0	Gaussian	9990000000.000000	9990000000.000000
1620	1	1045.673531	305.186668	     -1.00	   1610.41	    108.41	      2.79	      2.10	     48.77	     36.76	-9.59	 1.094e+01	     -8.27	0	Gaussian	9990000000.000000	9990000000.000000
1621	1	1058.979831	434.385742	     -1.00	   2850.53	   2076.09	      2.21	      1.86	     38.69	     32.56	5.78	 1.338e+01	     -8.27	0	Gaussian	9990000000.000000	9990000000.000000
1622	1	1055.539260	222.276918	     -1.00	   2797.41	    838.94	      3.00	      2.68	     52.56	     46.82	34.03	 1.408e+01	     -8.27	0	Gaussian	9990000000.000000	9990000000.000000
1623	1	1060.322439	657.728872	     -1.00	   3716.23	   2369.77	      1.90	      1.43	     33.18	     25.07	-46.62	 1.450e+01	     -8.26	0	Gaussian	9990000000.000000	9990000000.000000
1624	1	1048.131847	296.945238	     -1.00	   5294.65	    906.71	      2.72	      2.21	     47.59	     38.67	19.57	 1.200e+01	     -8.26	0	Gaussian	9990000000.000000	9990000000.000000
1625	1	1047.185861	263.264501	     -1.00	   2041.45	    132.50	      2.84	      2.38	     49.75	     41.72	51.62	 1.047e+01	     -8.26	0	Gaussian	9990000000.000000	9990000000.000000
1626	1	1051.449060	321.051146	     -1.00	   3844.08	    133.79	      2.61	      2.13	     45.71	     37.23	-46.11	 1.235e+01	     -8.26	0	Gaussian	9990000000.000000	9990000000.000000
1627	1	1055.001264	409.189344	     -1.00	   2616.65	   1574.09	      2.26	      1.93	     39.47	     33.83	54.92	 1.542e+01	     -8.26	0	Gaussian	9990000000.000000	9990000000.000000
1628	1	1063.008574	390.832106	     -1.00	   2943.68	   1536.59	      2.42	      1.89	     42.32	     33.00	47.79	 2.911e+01	     -8.26	0	Gaussian	9990000000.000000	9990000000.000000
1629	1	1062.038172	645.563784	     -1.00	   2974.02	   1692.00	      1.95	      1.41	     34.22	     24.69	-38.41	 1.542e+01	     -8.26	0	Gaussian	9990000000.000000	9990000000.000000
1630	1	1044.732280	267.347816	     -1.00	   5280.58	   3472.50	      2.60	      2.56	     45.53	     44.79	-25.50	 1.143e+01	     -8.26	0	Gaussian	9990000000.000000	9990000000.000000
1631	1	1053.561145	396.513925	     -1.00	   2153.15	   2489.80	      2.31	      1.94	     40.45	     33.99	19.49	 1.260e+01	     -8.26	0	Gaussian	9990000000.000000	9990000000.000000
1632	1	1049.384317	229.808759	     -1.00	   1297.92	   1829.09	      2.98	      2.59	     52.19	     45.39	22.55	 1.350e+01	     -8.26	0	Gaussian	9990000000.000000	9990000000.000000
1633	1	1044.436915	299.415054	     -1.00	   5311.48	   3774.64	      2.74	      2.16	     48.00	     37.85	55.18	 1.110e+01	     -8.26	0	Gaussian	9990000000.000000	9990000000.000000
1634	1	1056.247863	303.697886	     -1.00	   2762.89	   1142.41	      2.66	      2.20	     46.53	     38.48	61.92	 1.223e+01	     -8.26	0	Gaussian	9990000000.000000	9990000000.000000
1635	1	1057.644592	481.132356	     -1.00	   3289.40	    968.10	      2.12	      1.74	     37.02	     30.51	26.01	 1.479e+01	     -8.26	0	Gaussian	9990000000.000000	9990000000.000000
1636	1	1058.004286	382.279478	     -1.00	   2728.91	   1442.26	      2.48	      1.87	     43.33	     32.79	35.09	 1.314e+01	     -8.26	0	Gaussian	9990000000.000000	9990000000.000000
1637	1	1053.677150	372.110281	     -1.00	   4652.29	   3061.12	      2.56	      1.86	     44.82	     32.56	46.11	 1.287e+01	     -8.26	0	Gaussian	9990000000.000000	9990000000.000000
1638	1	1049.084943	166.485671	     -1.00	   2201.60	    487.84	      3.26	      3.26	     57.06	     57.06	-9.43	 1.269e+01	     -8.26	0	Gaussian	9990000000.000000	9990000000.000000
1639	1	1053.803481	395.272378	     -1.00	   2953.49	   3072.01	      2.31	      1.93	     40.51	     33.84	-29.31	 1.405e+01	     -8.25	0	Gaussian	9990000000.000000	9990000000.000000
1640	1	1052.614477	324.575021	     -1.00	   1934.78	   1686.20	      2.49	      2.19	     43.58	     38.29	11.31	 1.226e+01	     -8.25	0	Gaussian	9990000000.000000	9990000000.000000
1641	1	1052.347472	369.209935	     -1.00	   4795.11	   1852.46	      2.50	      1.92	     43.67	     33.56	25.71	 1.418e+01	     -8.25	0	Gaussian	9990000000.000000	9990000000.000000
1642	1	1044.517137	333.134132	     -1.00	    862.57	   2288.96	      2.59	      2.04	     45.40	     35.78	8.97	 1.137e+01	     -8.25	0	Gaussian	9990000000.000000	9990000000.000000
1643	1	1058.358318	546.668974	     -1.00	   3068.13	   1445.06	      2.11	      1.53	     37.01	     26.73	31.22	 1.539e+01	     -8.25	0	Gaussian	9990000000.000000	9990000000.000000
1644	1	1057.301782	417.962864	     -1.00	   2337.15	   1743.91	      2.22	      1.90	     38.80	     33.34	23.25	 1.441e+01	     -8.25	0	Gaussian	9990000000.000000	9990000000.000000
1645	1	1046.790135	398.641897	     -1.00	   1580.42	   3499.90	      2.33	      1.90	     40.70	     33.29	-40.44	 1.289e+01	     -8.25	0	Gaussian	9990000000.000000	9990000000.000000
1646	1	1045.355646	484.835069	     -1.00	    656.21	   2999.78	      1.90	      1.90	     33.34	     33.34	34.13	 1.520e+01	     -8.25	0	Gaussian	9990000000.000000	9990000000.000000
1647	1	1036.157386	324.851439	     -1.00	    490.18	    373.39	      2.37	      2.28	     41.53	     39.93	33.41	 1.074e+01	     -8.25	0	Gaussian	9990000000.000000	9990000000.000000
1648	1	1051.161593	402.868582	     -1.00	   4796.36	   2117.51	      2.09	      2.09	     36.56	     36.56	-82.03	 1.258e+01	     -8.25	0	Gaussian	9990000000.000000	9990000000.000000
1649	1	1051.236048	369.427402	     -1.00	   4847.01	   1691.18	      2.94	      1.62	     51.46	     28.30	-0.51	 1.102e+01	     -8.25	0	Gaussian	9990000000.000000	9990000000.000000
1650	1	1050.197854	187.567671	     -1.00	   3597.49	   3837.68	      3.06	      3.06	     53.54	     53.54	28.34	 1.169e+01	     -8.25	0	Gaussian	9990000000.000000	9990000000.000000
1651	1	1040.228127	417.032067	     -1.00	    304.17	   1412.02	      2.41	      1.74	     42.22	     30.52	-52.30	 1.265e+01	     -8.25	0	Gaussian	9990000000.000000	9990000000.000000
1652	1	1054.666933	355.868258	     -1.00	   1964.65	   2263.73	      2.58	      1.91	     45.07	     33.46	-10.94	 1.114e+01	     -8.24	0	Gaussian	9990000000.000000	9990000000.000000
1653	1	1054.097424	360.892369	     -1.00	   1969.82	   1613.88	      2.35	      2.06	     41.17	     36.12	-24.12	 1.432e+01	     -8.24	0	Gaussian	9990000000.000000	9990000000.000000
1654	1	1048.095302	280.349141	     -1.00	   2158.32	    354.16	      2.57	      2.43	     44.94	     42.59	-39.17	 1.232e+01	     -8.24	0	Gaussian	9990000000.000000	9990000000.000000
1655	1	1052.006137	430.914964	     -1.00	   4471.52	   1825.14	      2.32	      1.75	     40.55	     30.70	6.87	 1.342e+01	     -8.24	0	Gaussian	9990000000.000000	9990000000.000000
1656	1	1057.867775	313.727352	     -1.00	   1340.67	   1653.88	      2.59	      2.15	     45.35	     37.70	0.91	 4.212e+01	     -8.24	0	Gaussian	9990000000.000000	9990000000.000000
1657	1	1047.302499	281.229120	     -1.00	   1285.14	    862.05	      2.92	      2.13	     51.08	     37.32	40.67	 1.147e+01	     -8.24	0	Gaussian	9990000000.000000	9990000000.000000
1658	1	1050.953884	399.417608	     -1.00	   3832.88	    717.95	      2.31	      1.90	     40.45	     33.17	67.10	 1.288e+01	     -8.24	0	Gaussian	9990000000.000000	9990000000.000000
1659	1	1043.359981	323.424525	     -1.00	   1171.28	    102.53	      2.50	      2.16	     43.84	     37.80	-36.78	 1.085e+01	     -8.24	0	Gaussian	9990000000.000000	9990000000.000000
1660	1	1051.538285	339.023891	     -1.00	   4662.24	   2848.68	      2.54	      2.03	     44.50	     35.51	30.74	 1.296e+01	     -8.24	0	Gaussian	9990000000.000000	9990000000.000000
1661	1	1042.331071	514.669238	     -1.00	   1013.23	   3570.84	      2.16	      1.57	     37.82	     27.52	-45.17	 1.116e+01	     -8.24	0	Gaussian	9990000000.000000	9990000000.000000
1662	1	1056.089378	438.332796	     -1.00	   2201.26	   2321.06	      2.29	      1.74	     40.02	     30.52	-33.15	 1.332e+01	     -8.24	0	Gaussian	9990000000.000000	9990000000.000000
1663	1	1056.522849	448.486436	     -1.00	   3735.51	   2666.03	      2.05	      1.90	     35.86	     33.28	-43.77	 1.401e+01	     -8.24	0	Gaussian	9990000000.000000	9990000000.000000
1664	1	1051.721213	361.203928	     -1.00	   3164.62	    768.39	      2.30	      2.11	     40.17	     36.87	5.57	 1.385e+01	     -8.24	0	Gaussian	9990000000.000000	9990000000.000000
1665	1	1057.410866	719.130260	     -1.00	   3857.27	   1990.15	      1.86	      1.30	     32.62	     22.80	38.80	 1.396e+01	     -8.24	0	Gaussian	9990000000.000000	9990000000.000000
1666	1	1058.752181	333.079697	     -1.00	   3242.85	   1466.29	      2.29	      2.29	     40.03	     40.03	-41.05	 1.094e+01	     -8.24	0	Gaussian	9990000000.000000	9990000000.000000
1667	1	1043.413456	294.588113	     -1.00	    685.47	   1687.26	      2.67	      2.21	     46.76	     38.72	-7.10	 1.088e+01	     -8.24	0	Gaussian	9990000000.000000	9990000000.000000
1668	1	1044.292482	501.617072	     -1.00	    650.25	   3429.22	      2.13	      1.63	     37.36	     28.46	47.27	 1.315e+01	     -8.24	0	Gaussian	9990000000.000000	9990000000.000000
1669	1	1049.484354	363.357783	     -1.00	   1688.94	    903.75	      2.64	      1.81	     46.20	     31.76	35.63	 1.126e+01	     -8.24	0	Gaussian	9990000000.000000	9990000000.000000
1670	1	1053.286143	329.667763	     -1.00	   3538.23	    790.34	      2.43	      2.17	     42.62	     37.94	14.28	 1.189e+01	     -8.24	0	Gaussian	9990000000.000000	9990000000.000000
1671	1	1049.115380	360.634902	     -1.00	   5144.38	   3511.41	      2.20	      2.20	     38.43	     38.43	-69.10	 1.482e+01	     -8.24	0	Gaussian	9990000000.000000	9990000000.000000
1672	1	1054.700410	427.637806	     -1.00	   2710.86	   3388.84	      2.28	      1.78	     39.93	     31.19	-63.42	 1.399e+01	     -8.24	0	Gaussian	9990000000.000000	9990000000.000000
1673	1	1052.202481	370.061110	     -1.00	   4250.78	   3082.31	      2.28	      2.06	     39.94	     35.99	30.07	 1.392e+01	     -8.23	0	Gaussian	9990000000.000000	9990000000.000000
1674	1	1051.521622	355.471035	     -1.00	   4799.93	   3266.62	      2.63	      1.86	     45.98	     32.53	27.30	 1.630e+01	     -8.23	0	Gaussian	9990000000.000000	9990000000.000000
1675	1	1055.264536	313.903969	     -1.00	   4028.97	    770.71	      2.51	      2.20	     43.96	     38.53	-43.15	 1.387e+01	     -8.23	0	Gaussian	9990000000.000000	9990000000.000000
1676	1	1052.194949	281.869707	     -1.00	   5070.44	   1403.11	      2.83	      2.17	     49.55	     38.03	-7.77	 1.076e+01	     -8.23	0	Gaussian	9990000000.000000	9990000000.000000
1677	1	1054.654996	307.811606	     -1.00	   4467.48	    653.26	      2.56	      2.20	     44.88	     38.43	-26.67	 1.864e+01	     -8.23	0	Gaussian	9990000000.000000	9990000000.000000
1678	1	1052.909602	356.248121	     -1.00	   2966.86	    249.80	      2.40	      2.03	     41.99	     35.49	64.18	 1.427e+01	     -8.23	0	Gaussian	9990000000.000000	9990000000.000000
1679	1	1050.656262	311.647259	     -1.00	   1849.91	    572.63	      2.78	      2.00	     48.68	     34.98	47.70	 1.217e+01	     -8.23	0	Gaussian	9990000000.000000	9990000000.000000
1680	1	1057.015486	477.803687	     -1.00	   3799.42	   1672.98	      1.99	      1.82	     34.81	     31.89	13.33	 1.280e+01	     -8.23	0	Gaussian	9990000000.000000	9990000000.000000
1681	1	1059.661837	367.311924	     -1.00	   3366.42	   1573.70	      2.51	      1.88	     43.94	     32.83	31.38	 1.083e+01	     -8.23	0	Gaussian	9990000000.000000	9990000000.000000
1682	1	1059.739843	599.230813	     -1.00	   3164.14	   1319.18	      2.00	      1.45	     34.94	     25.30	41.26	 1.707e+01	     -8.23	0	Gaussian	9990000000.000000	9990000000.000000
1683	1	1044.489762	300.105435	     -1.00	   5810.15	   2765.50	      2.84	      2.03	     49.62	     35.53	47.64	 1.200e+01	     -8.23	0	Gaussian	9990000000.000000	9990000000.000000
1684	1	1055.333784	303.211861	     -1.00	   2550.97	    445.58	      2.61	      2.18	     45.76	     38.12	14.95	 1.199e+01	     -8.23	0	Gaussian	9990000000.000000	9990000000.000000
1685	1	1057.996652	375.968656	     -1.00	   3111.32	   1828.69	      2.24	      2.04	     39.25	     35.79	15.78	 1.508e+01	     -8.23	0	Gaussian	9990000000.000000	9990000000.000000
1686	1	1049.559812	196.682203	     -1.00	   2018.13	    321.79	      2.96	      2.96	     51.76	     51.76	23.48	 1.523e+01	     -8.22	0	Gaussian	9990000000.000000	9990000000.000000
1687	1	1037.065278	237.823677	     -1.00	    317.62	    868.52	      2.69	      2.69	     47.06	     47.06	77.15	 1.086e+01	     -8.22	0	Gaussian	9990000000.000000	9990000000.000000
1688	1	1049.689501	327.348892	     -1.00	   1426.19	    474.56	      2.38	      2.20	     41.70	     38.58	-80.03	 1.285e+01	     -8.22	0	Gaussian	9990000000.000000	9990000000.000000
1689	1	1051.824967	320.982219	     -1.00	   2250.51	    339.83	      2.60	      2.06	     45.47	     36.06	49.31	 1.131e+01	     -8.22	0	Gaussian	9990000000.000000	9990000000.000000
1690	1	1053.089450	376.725901	     -1.00	   4408.47	   2441.66	      2.47	      1.84	     43.30	     32.24	36.06	 1.205e+01	     -8.22	0	Gaussian	9990000000.000000	9990000000.000000
1691	1	1041.999696	490.437684	     -1.00	    280.28	   1525.78	      2.16	      1.62	     37.83	     28.33	-32.06	 1.093e+01	     -8.22	0	Gaussian	9990000000.000000	9990000000.000000
1692	1	1053.097674	465.774471	     -1.00	   4087.77	   2750.27	      2.05	      1.80	     35.85	     31.47	-39.67	 1.151e+01	     -8.22	0	Gaussian	9990000000.000000	9990000000.000000
1693	1	1049.046385	324.097750	     -1.00	   1611.91	   3173.31	      2.34	      2.26	     40.94	     39.60	60.35	 1.082e+01	     -8.22	0	Gaussian	9990000000.000000	9990000000.000000
1694	1	1053.304767	467.920438	     -1.00	   3280.71	    781.30	      2.07	      1.77	     36.17	     31.04	-49.12	 1.303e+01	     -8.22	0	Gaussian	9990000000.000000	9990000000.000000
1695	1	1048.526796	234.983216	     -1.00	   1568.76	    686.84	      2.81	      2.60	     49.13	     45.50	45.38	 1.188e+01	     -8.22	0	Gaussian	9990000000.000000	9990000000.000000
1696	1	1049.146971	305.917072	     -1.00	   5409.85	   3151.23	      2.78	      2.01	     48.69	     35.25	21.50	 1.074e+01	     -8.22	0	Gaussian	9990000000.000000	9990000000.000000
1697	1	1050.552897	231.951252	     -1.00	   5253.12	   1560.46	      3.08	      2.40	     53.90	     41.99	0.80	 1.064e+01	     -8.22	0	Gaussian	9990000000.000000	9990000000.000000
1698	1	1051.488361	437.629398	     -1.00	   1674.06	   2281.06	      2.28	      1.72	     39.88	     30.07	32.93	 1.404e+01	     -8.22	0	Gaussian	9990000000.000000	9990000000.000000
1699	1	1053.793724	401.780405	     -1.00	   1848.75	   1241.56	      2.37	      1.80	     41.50	     31.45	43.29	 1.399e+01	     -8.22	0	Gaussian	9990000000.000000	9990000000.000000
1700	1	1045.032549	312.724633	     -1.00	   1088.52	    373.77	      2.46	      2.23	     43.05	     38.95	-19.40	 1.108e+01	     -8.22	0	Gaussian	9990000000.000000	9990000000.000000
1701	1	1032.066351	234.604054	     -1.00	    199.47	    553.38	      2.85	      2.55	     49.95	     44.72	4.43	 1.083e+01	     -8.22	0	Gaussian	9990000000.000000	9990000000.000000
1702	1	1059.637770	375.627418	     -1.00	   2186.91	   1946.41	      2.23	      2.04	     39.00	     35.76	24.37	 1.339e+01	     -8.22	0	Gaussian	9990000000.000000	9990000000.000000
1703	1	1054.207945	292.670414	     -1.00	   2327.89	    223.92	      2.68	      2.18	     46.86	     38.17	74.68	 1.303e+01	     -8.22	0	Gaussian	9990000000.000000	9990000000.000000
1704	1	1054.651136	397.713307	     -1.00	   2167.88	   1799.15	      2.40	      1.79	     41.95	     31.37	11.48	 1.199e+01	     -8.22	0	Gaussian	9990000000.000000	9990000000.000000
1705	1	1046.772574	294.513599	     -1.00	   4949.53	    122.34	      2.84	      2.04	     49.68	     35.76	29.64	 1.067e+01	     -8.22	0	Gaussian	9990000000.000000	9990000000.000000
1706	1	1048.300863	312.204792	     -1.00	   4272.88	   3558.49	      2.34	      2.34	     40.92	     40.92	-71.63	 1.144e+01	     -8.22	0	Gaussian	9990000000.000000	9990000000.000000
1707	1	1043.345964	364.843557	     -1.00	   5691.19	   2083.23	      2.62	      1.79	     45.82	     31.26	10.51	 1.113e+01	     -8.22	0	Gaussian	9990000000.000000	9990000000.000000
1708	1	1046.718936	242.877442	     -1.00	   1269.07	   1472.02	      2.75	      2.55	     48.22	     44.62	20.23	 1.115e+01	     -8.22	0	Gaussian	9990000000.000000	9990000000.000000
1709	1	1049.570129	227.694036	     -1.00	   5165.00	    799.44	      2.89	      2.59	     50.60	     45.32	1.52	 1.167e+01	     -8.21	0	Gaussian	9990000000.000000	9990000000.000000
1710	1	1062.402548	423.055653	     -1.00	   2465.99	   1350.53	      2.06	      1.96	     36.02	     34.24	45.17	 1.731e+01	     -8.21	0	Gaussian	9990000000.000000	9990000000.000000
1711	1	1061.350854	375.012187	     -1.00	   2838.88	   1443.53	      2.32	      1.96	     40.63	     34.24	49.03	 1.822e+01	     -8.21	0	Gaussian	9990000000.000000	9990000000.000000
1712	1	1057.518095	329.324019	     -1.00	   2539.41	   2292.28	      2.47	      2.09	     43.20	     36.63	28.86	 1.207e+01	     -8.21	0	Gaussian	9990000000.000000	9990000000.000000
1713	1	1035.103476	256.987653	     -1.00	    550.82	    264.40	      2.87	      2.30	     50.23	     40.33	-7.30	 8.836e+00	     -8.21	0	Gaussian	9990000000.000000	9990000000.000000
1714	1	1041.607689	401.949802	     -1.00	    346.04	   1297.23	      2.18	      1.94	     38.18	     33.92	59.72	 1.365e+01	     -8.21	0	Gaussian	9990000000.000000	9990000000.000000
1715	1	1047.265843	248.013141	     -1.00	   4573.27	   3673.39	      2.67	      2.56	     46.76	     44.84	16.40	 1.099e+01	     -8.21	0	Gaussian	9990000000.000000	9990000000.000000
1716	1	1050.214335	247.106818	     -1.00	   3902.90	   3780.52	      2.87	      2.39	     50.24	     41.85	-3.34	 1.106e+01	     -8.21	0	Gaussian	9990000000.000000	9990000000.000000
1717	1	1041.253823	258.654411	     -1.00	    517.25	   1234.72	      2.82	      2.32	     49.31	     40.69	-28.75	 1.074e+01	     -8.21	0	Gaussian	9990000000.000000	9990000000.000000
1718	1	1060.728081	467.537592	     -1.00	   2669.38	   2518.96	      1.90	      1.90	     33.31	     33.31	78.06	 1.344e+01	     -8.21	0	Gaussian	9990000000.000000	9990000000.000000
1719	1	1048.330981	378.351959	     -1.00	   2818.76	   3916.37	      2.40	      1.86	     41.99	     32.63	77.67	 1.320e+01	     -8.21	0	Gaussian	9990000000.000000	9990000000.000000
1720	1	1051.231895	273.554014	     -1.00	   2333.07	    480.62	      2.66	      2.33	     46.49	     40.76	41.76	 1.387e+01	     -8.21	0	Gaussian	9990000000.000000	9990000000.000000
1721	1	1057.805919	350.236041	     -1.00	   2389.37	   1285.86	      2.53	      1.91	     44.34	     33.38	11.21	 1.478e+01	     -8.21	0	Gaussian	9990000000.000000	9990000000.000000
1722	1	1041.164260	339.430060	     -1.00	   5280.17	    158.33	      2.62	      1.90	     45.82	     33.30	4.72	 1.198e+01	     -8.21	0	Gaussian	9990000000.000000	9990000000.000000
1723	1	1051.344939	245.719767	     -1.00	   2085.59	    685.82	      2.74	      2.51	     47.93	     43.97	17.09	 1.226e+01	     -8.21	0	Gaussian	9990000000.000000	9990000000.000000
1724	1	1053.687848	330.766414	     -1.00	   2090.37	   1184.21	      2.33	      2.19	     40.86	     38.31	-14.79	 1.377e+01	     -8.21	0	Gaussian	9990000000.000000	9990000000.000000
1725	1	1053.771939	361.549215	     -1.00	   4730.32	   3235.52	      2.65	      1.76	     46.36	     30.89	44.40	 1.258e+01	     -8.21	0	Gaussian	9990000000.000000	9990000000.000000
1726	1	1061.005111	431.935431	     -1.00	   2597.03	   1709.34	      2.28	      1.71	     39.92	     30.02	-11.46	 1.633e+01	     -8.21	0	Gaussian	9990000000.000000	9990000000.000000
1727	1	1053.577086	355.001657	     -1.00	   4587.31	   2009.90	      2.40	      1.98	     42.08	     34.63	28.53	 1.149e+01	     -8.20	0	Gaussian	9990000000.000000	9990000000.000000
1728	1	1054.575421	674.881247	     -1.00	   4190.82	   2221.76	      1.94	      1.29	     33.91	     22.60	44.93	 1.153e+01	     -8.20	0	Gaussian	9990000000.000000	9990000000.000000
1729	1	1054.465648	307.529699	     -1.00	   4286.21	   3334.86	      2.72	      2.02	     47.62	     35.29	40.42	 1.488e+01	     -8.20	0	Gaussian	9990000000.000000	9990000000.000000
1730	1	1057.951389	417.052725	     -1.00	   2220.27	   2189.27	      2.25	      1.80	     39.39	     31.45	13.72	 1.374e+01	     -8.20	0	Gaussian	9990000000.000000	9990000000.000000
1731	1	1047.370023	291.926890	     -1.00	   1171.82	   1703.20	      2.57	      2.25	     44.93	     39.36	1.86	 1.135e+01	     -8.20	0	Gaussian	9990000000.000000	9990000000.000000
1732	1	1052.098545	411.792391	     -1.00	   5238.45	   2686.72	      2.74	      1.49	     47.95	     26.13	4.78	 1.586e+01	     -8.20	0	Gaussian	9990000000.000000	9990000000.000000
1733	1	1055.536779	308.848099	     -1.00	   2448.38	   1094.66	      2.53	      2.15	     44.35	     37.62	-3.27	 1.096e+01	     -8.20	0	Gaussian	9990000000.000000	9990000000.000000
1734	1	1045.230270	270.621187	     -1.00	    651.35	   1239.66	      2.55	      2.44	     44.62	     42.64	-53.58	 1.207e+01	     -8.20	0	Gaussian	9990000000.000000	9990000000.000000
1735	1	1050.409899	435.548616	     -1.00	   2933.15	   3691.86	      2.20	      1.76	     38.42	     30.74	31.73	 1.154e+01	     -8.20	0	Gaussian	9990000000.000000	9990000000.000000
1736	1	1053.397861	322.223914	     -1.00	   2383.48	   2469.75	      2.36	      2.20	     41.38	     38.57	5.07	 1.167e+01	     -8.20	0	Gaussian	9990000000.000000	9990000000.000000
1737	1	1046.752525	271.634598	     -1.00	   1350.46	   1402.05	      2.68	      2.31	     46.82	     40.42	7.06	 1.088e+01	     -8.20	0	Gaussian	9990000000.000000	9990000000.000000
1738	1	1042.940497	307.898414	     -1.00	    910.89	    724.18	      2.61	      2.08	     45.75	     36.46	34.74	 1.142e+01	     -8.20	0	Gaussian	9990000000.000000	9990000000.000000
1739	1	1048.939003	271.214292	     -1.00	   4282.45	    284.72	      2.64	      2.34	     46.13	     41.02	86.71	 1.156e+01	     -8.20	0	Gaussian	9990000000.000000	9990000000.000000
1740	1	1045.677952	363.026468	     -1.00	   1911.74	   3596.27	      2.42	      1.91	     42.32	     33.38	-20.20	 1.203e+01	     -8.20	0	Gaussian	9990000000.000000	9990000000.000000
1741	1	1046.969819	366.664213	     -1.00	   5365.15	   3498.33	      2.66	      1.71	     46.64	     29.99	43.14	 1.242e+01	     -8.20	0	Gaussian	9990000000.000000	9990000000.000000
1742	1	1050.248415	207.441488	     -1.00	   2212.74	     12.72	      2.99	      2.70	     52.32	     47.24	53.02	 1.119e+01	     -8.19	0	Gaussian	9990000000.000000	9990000000.000000
1743	1	1038.166871	311.734880	     -1.00	    209.75	   1348.99	      2.33	      2.30	     40.79	     40.30	-83.37	 1.230e+01	     -8.19	0	Gaussian	9990000000.000000	9990000000.000000
1744	1	1056.752723	346.085953	     -1.00	   2506.30	   2753.33	      2.39	      2.02	     41.81	     35.40	34.65	 1.135e+01	     -8.19	0	Gaussian	9990000000.000000	9990000000.000000
1745	1	1057.355173	336.627578	     -1.00	   2298.04	   1215.18	      2.39	      2.07	     41.87	     36.29	20.37	 1.414e+01	     -8.19	0	Gaussian	9990000000.000000	9990000000.000000
1746	1	1060.827931	584.646266	     -1.00	   3229.24	   1552.22	      1.98	      1.44	     34.71	     25.16	46.10	 2.080e+01	     -8.19	0	Gaussian	9990000000.000000	9990000000.000000
1747	1	1050.777075	171.004530	     -1.00	   3386.46	    406.17	      3.12	      3.12	     54.61	     54.61	6.80	 1.144e+01	     -8.19	0	Gaussian	9990000000.000000	9990000000.000000
1748	1	1043.964885	350.472672	     -1.00	    908.64	   2533.18	      2.32	      2.05	     40.54	     35.87	-48.04	 1.041e+01	     -8.19	0	Gaussian	9990000000.000000	9990000000.000000
1749	1	1045.084589	231.988279	     -1.00	   5066.86	    752.10	      3.03	      2.37	     53.01	     41.43	-6.82	 1.117e+01	     -8.19	0	Gaussian	9990000000.000000	9990000000.000000
1750	1	1048.397967	417.152389	     -1.00	   5155.22	   3784.26	      2.45	      1.63	     42.83	     28.51	41.82	 1.315e+01	     -8.19	0	Gaussian	9990000000.000000	9990000000.000000
1751	1	1050.548465	374.413697	     -1.00	   1802.00	   3331.96	      2.43	      1.83	     42.55	     31.95	-42.63	 1.340e+01	     -8.19	0	Gaussian	9990000000.000000	9990000000.000000
1752	1	1054.145344	344.554656	     -1.00	   4167.56	   3006.90	      2.28	      2.11	     39.95	     36.97	17.12	 1.174e+01	     -8.19	0	Gaussian	9990000000.000000	9990000000.000000
1753	1	1046.281598	545.943128	     -1.00	   1077.96	   3160.08	      2.05	      1.48	     35.94	     25.93	-52.20	 1.391e+01	     -8.19	0	Gaussian	9990000000.000000	9990000000.000000
1754	1	1047.858960	283.394351	     -1.00	   1133.71	   2595.76	      2.61	      2.25	     45.65	     39.31	-21.62	 1.073e+01	     -8.19	0	Gaussian	9990000000.000000	9990000000.000000
1755	1	1049.896604	256.461500	     -1.00	   4834.30	   1244.96	      2.96	      2.19	     51.77	     38.29	-3.21	 1.150e+01	     -8.19	0	Gaussian	9990000000.000000	9990000000.000000
1756	1	1057.226615	385.749815	     -1.00	   3951.28	   2254.40	      2.32	      1.86	     40.54	     32.50	70.05	 1.235e+01	     -8.19	0	Gaussian	9990000000.000000	9990000000.000000
1757	1	1049.921054	296.217412	     -1.00	   3903.36	   3632.95	      2.44	      2.29	     42.77	     40.11	-71.50	 1.086e+01	     -8.19	0	Gaussian	9990000000.000000	9990000000.000000
1758	1	1049.188647	265.473306	     -1.00	   1510.85	   1214.42	      2.82	      2.21	     49.41	     38.73	32.40	 1.092e+01	     -8.18	0	Gaussian	9990000000.000000	9990000000.000000
1759	1	1034.892325	241.365292	     -1.00	    117.40	   1297.12	      2.82	      2.43	     49.41	     42.53	-12.48	 1.062e+01	     -8.18	0	Gaussian	9990000000.000000	9990000000.000000
1760	1	1055.381366	332.102741	     -1.00	   2403.12	    954.09	      2.23	      2.23	     39.08	     39.08	-70.86	 1.337e+01	     -8.18	0	Gaussian	9990000000.000000	9990000000.000000
1761	1	1043.522422	227.048923	     -1.00	    650.65	   2837.58	      2.76	      2.64	     48.24	     46.29	17.18	 1.209e+01	     -8.18	0	Gaussian	9990000000.000000	9990000000.000000
1762	1	1056.945140	452.753261	     -1.00	   2165.77	   2548.23	      2.21	      1.66	     38.62	     28.99	-25.91	 1.439e+01	     -8.18	0	Gaussian	9990000000.000000	9990000000.000000
1763	1	1040.892085	243.186125	     -1.00	   5694.62	   3392.78	      2.74	      2.48	     47.96	     43.44	33.18	 1.032e+01	     -8.18	0	Gaussian	9990000000.000000	9990000000.000000
1764	1	1052.543950	368.229269	     -1.00	   3980.40	    761.17	      2.21	      2.03	     38.65	     35.48	-30.79	 1.193e+01	     -8.18	0	Gaussian	9990000000.000000	9990000000.000000
1765	1	1049.558343	257.610732	     -1.00	   2093.54	   3412.49	      2.64	      2.42	     46.27	     42.36	19.22	 1.153e+01	     -8.18	0	Gaussian	9990000000.000000	9990000000.000000
1766	1	1044.541268	484.625847	     -1.00	   1131.88	   3910.09	      2.34	      1.45	     41.00	     25.37	-50.34	 1.220e+01	     -8.18	0	Gaussian	9990000000.000000	9990000000.000000
1767	1	1053.415258	403.311305	     -1.00	   3834.32	   2866.94	      2.17	      1.88	     38.03	     32.84	33.78	 1.432e+01	     -8.18	0	Gaussian	9990000000.000000	9990000000.000000
1768	1	1043.892335	266.012515	     -1.00	    835.26	   1551.54	      2.84	      2.18	     49.70	     38.08	12.26	 1.206e+01	     -8.17	0	Gaussian	9990000000.000000	9990000000.000000
1769	1	1051.300454	262.650166	     -1.00	   1768.68	   1240.99	      2.97	      2.11	     51.96	     36.88	20.44	 1.176e+01	     -8.17	0	Gaussian	9990000000.000000	9990000000.000000
1770	1	1049.429771	285.999403	     -1.00	   2052.35	    439.47	      2.67	      2.15	     46.70	     37.67	41.72	 1.094e+01	     -8.17	0	Gaussian	9990000000.000000	9990000000.000000
1771	1	1055.292019	359.334799	     -1.00	   4166.03	   2960.46	      2.19	      2.08	     38.39	     36.43	20.87	 1.700e+01	     -8.17	0	Gaussian	9990000000.000000	9990000000.000000
1772	1	1039.052400	215.446989	     -1.00	    525.30	   3349.46	      2.83	      2.69	     49.59	     47.00	33.19	 1.006e+01	     -8.17	0	Gaussian	9990000000.000000	9990000000.000000
1773	1	1054.183009	359.716665	     -1.00	   3196.61	   1129.27	      2.55	      1.79	     44.59	     31.30	13.09	 1.110e+01	     -8.17	0	Gaussian	9990000000.000000	9990000000.000000
1774	1	1042.610296	360.602660	     -1.00	   5899.45	   1779.68	      2.46	      1.85	     43.07	     32.32	5.62	 1.148e+01	     -8.17	0	Gaussian	9990000000.000000	9990000000.000000
1775	1	1059.907466	682.231535	     -1.00	   3362.23	   2375.26	      1.89	      1.27	     33.04	     22.26	41.12	 1.544e+01	     -8.17	0	Gaussian	9990000000.000000	9990000000.000000
1776	1	1051.058514	261.547968	     -1.00	   3374.64	    539.01	      2.74	      2.29	     47.90	     40.03	-74.96	 1.179e+01	     -8.17	0	Gaussian	9990000000.000000	9990000000.000000
1777	1	1047.656374	281.075947	     -1.00	   1147.39	   1328.11	      2.60	      2.24	     45.44	     39.23	44.76	 1.266e+01	     -8.17	0	Gaussian	9990000000.000000	9990000000.000000
1778	1	1054.163365	392.194093	     -1.00	   4349.50	   1261.13	      2.23	      1.87	     39.01	     32.74	10.83	 1.670e+01	     -8.17	0	Gaussian	9990000000.000000	9990000000.000000
1779	1	1062.637796	373.461118	     -1.00	   2023.75	   2667.03	      2.25	      1.95	     39.34	     34.10	-0.03	 6.098e+01	     -8.17	0	Gaussian	9990000000.000000	9990000000.000000
1780	1	1055.621808	391.947042	     -1.00	   3876.30	   2316.93	      2.32	      1.80	     40.54	     31.50	57.22	 1.321e+01	     -8.17	0	Gaussian	9990000000.000000	9990000000.000000
1781	1	1035.502875	317.071688	     -1.00	    190.25	    795.75	      2.48	      2.07	     43.49	     36.26	-61.30	 1.148e+01	     -8.17	0	Gaussian	9990000000.000000	9990000000.000000
1782	1	1057.939642	391.928146	     -1.00	   2833.91	   1603.92	      2.04	      2.04	     35.72	     35.72	-74.67	 1.468e+01	     -8.17	0	Gaussian	9990000000.000000	9990000000.000000
1783	1	1050.175849	344.545258	     -1.00	   4751.80	   2990.87	      2.60	      1.82	     45.49	     31.87	48.15	 1.314e+01	     -8.17	0	Gaussian	9990000000.000000	9990000000.000000
1784	1	1054.970358	384.282782	     -1.00	   2564.80	   1435.73	      2.44	      1.74	     42.70	     30.39	15.09	 1.284e+01	     -8.16	0	Gaussian	9990000000.000000	9990000000.000000
1785	1	1053.714870	345.751667	     -1.00	   4264.67	   1750.48	      2.38	      1.98	     41.67	     34.61	-15.16	 1.271e+01	     -8.16	0	Gaussian	9990000000.000000	9990000000.000000
1786	1	1052.757950	559.333707	     -1.00	   3905.74	   2810.07	      1.98	      1.46	     34.68	     25.62	-29.44	 1.336e+01	     -8.16	0	Gaussian	9990000000.000000	9990000000.000000
1787	1	1055.190717	349.269614	     -1.00	   3740.91	    786.38	      2.25	      2.06	     39.45	     36.05	27.75	 1.625e+01	     -8.16	0	Gaussian	9990000000.000000	9990000000.000000
1788	1	1050.804319	288.309865	     -1.00	   4870.44	   1304.34	      2.75	      2.05	     48.10	     35.81	-9.33	 1.175e+01	     -8.16	0	Gaussian	9990000000.000000	9990000000.000000
1789	1	1048.726947	268.611245	     -1.00	   2360.18	    341.68	      2.74	      2.20	     47.92	     38.58	56.79	 1.026e+01	     -8.16	0	Gaussian	9990000000.000000	9990000000.000000
1790	1	1054.395576	374.327148	     -1.00	   3468.36	   1058.10	      2.26	      1.91	     39.57	     33.50	5.48	 1.173e+01	     -8.16	0	Gaussian	9990000000.000000	9990000000.000000
1791	1	1054.488489	413.934228	     -1.00	   4261.08	   2713.77	      2.27	      1.73	     39.69	     30.20	39.51	 1.309e+01	     -8.16	0	Gaussian	9990000000.000000	9990000000.000000
1792	1	1056.507929	457.095736	     -1.00	   2399.12	   2808.72	      2.21	      1.60	     38.62	     28.09	-41.72	 1.457e+01	     -8.16	0	Gaussian	9990000000.000000	9990000000.000000
1793	1	1057.059527	379.292075	     -1.00	   4219.97	   1604.55	      2.07	      2.07	     36.16	     36.15	-9.65	 1.216e+01	     -8.16	0	Gaussian	9990000000.000000	9990000000.000000
1794	1	1059.759580	348.296724	     -1.00	   2148.53	   1399.12	      2.29	      2.03	     40.02	     35.56	24.35	 1.498e+01	     -8.16	0	Gaussian	9990000000.000000	9990000000.000000
1795	1	1052.953624	405.966684	     -1.00	   2795.05	   3697.63	      2.09	      1.91	     36.53	     33.38	53.53	 1.293e+01	     -8.16	0	Gaussian	9990000000.000000	9990000000.000000
1796	1	1049.251282	244.135882	     -1.00	   5187.08	   1319.49	      3.23	      2.05	     56.51	     35.87	2.42	 1.138e+01	     -8.16	0	Gaussian	9990000000.000000	9990000000.000000
1797	1	1049.755529	305.632916	     -1.00	   3949.78	    381.96	      2.39	      2.21	     41.84	     38.69	-41.17	 1.190e+01	     -8.16	0	Gaussian	9990000000.000000	9990000000.000000
1798	1	1058.414495	328.689491	     -1.00	   3319.29	    803.18	      2.28	      2.15	     39.96	     37.63	-85.11	 3.100e+01	     -8.16	0	Gaussian	9990000000.000000	9990000000.000000
1799	1	1049.553651	374.533867	     -1.00	   5201.26	   3370.24	      2.56	      1.68	     44.85	     29.42	38.26	 1.219e+01	     -8.15	0	Gaussian	9990000000.000000	9990000000.000000
1800	1	1050.256244	165.194892	     -1.00	   1475.07	   1639.37	      3.97	      2.46	     69.40	     43.08	23.02	 1.161e+01	     -8.15	0	Gaussian	9990000000.000000	9990000000.000000
1801	1	1052.275516	260.916066	     -1.00	   2101.21	    613.58	      2.65	      2.33	     46.39	     40.80	-86.99	 1.302e+01	     -8.15	0	Gaussian	9990000000.000000	9990000000.000000
1802	1	1058.690205	400.682380	     -1.00	   2451.03	   1519.69	      2.25	      1.79	     39.38	     31.29	31.09	 1.616e+01	     -8.15	0	Gaussian	9990000000.000000	9990000000.000000
1803	1	1049.860337	318.084688	     -1.00	   1394.78	   2148.82	      2.39	      2.12	     41.88	     37.05	-29.77	 1.187e+01	     -8.15	0	Gaussian	9990000000.000000	9990000000.000000
1804	1	1058.493556	289.693119	     -1.00	   1947.23	   1069.30	      2.48	      2.24	     43.49	     39.17	58.21	 2.038e+01	     -8.15	0	Gaussian	9990000000.000000	9990000000.000000
1805	1	1060.624197	398.958307	     -1.00	   2941.50	   1298.20	      2.19	      1.84	     38.35	     32.25	4.89	 1.654e+01	     -8.15	0	Gaussian	9990000000.000000	9990000000.000000
1806	1	1050.206647	252.307196	     -1.00	   4578.46	    550.59	      2.67	      2.39	     46.75	     41.82	-10.14	 1.301e+01	     -8.15	0	Gaussian	9990000000.000000	9990000000.000000
1807	1	1050.931821	237.399629	     -1.00	    938.77	   3217.59	      2.60	      2.60	     45.58	     45.58	7.79	 3.369e+01	     -8.15	0	Gaussian	9990000000.000000	9990000000.000000
1808	1	1049.781798	321.108393	     -1.00	   3881.69	   3808.75	      2.32	      2.16	     40.54	     37.88	41.97	 1.177e+01	     -8.15	0	Gaussian	9990000000.000000	9990000000.000000
1809	1	1052.667206	345.739794	     -1.00	   4004.76	    646.86	      2.29	      2.04	     40.02	     35.63	-37.39	 1.294e+01	     -8.15	0	Gaussian	9990000000.000000	9990000000.000000
1810	1	1058.537528	612.985608	     -1.00	   2534.11	   2231.16	      1.99	      1.32	     34.82	     23.08	38.46	 1.249e+01	     -8.15	0	Gaussian	9990000000.000000	9990000000.000000
1811	1	1058.645482	454.878996	     -1.00	   2623.20	   1788.10	      2.15	      1.64	     37.63	     28.75	36.41	 1.269e+01	     -8.15	0	Gaussian	9990000000.000000	9990000000.000000
1812	1	1050.614325	254.467267	     -1.00	   1440.19	   1185.52	      2.81	      2.25	     49.14	     39.36	40.41	 1.126e+01	     -8.15	0	Gaussian	9990000000.000000	9990000000.000000
1813	1	1050.299764	415.987631	     -1.00	   3333.81	   3726.68	      2.17	      1.78	     37.92	     31.18	38.52	 1.198e+01	     -8.15	0	Gaussian	9990000000.000000	9990000000.000000
1814	1	1058.376417	501.011832	     -1.00	   3636.82	   2750.99	      2.05	      1.56	     35.85	     27.39	-44.08	 1.555e+01	     -8.15	0	Gaussian	9990000000.000000	9990000000.000000
1815	1	1058.177939	623.589454	     -1.00	   3782.25	   2247.21	      1.93	      1.33	     33.72	     23.36	47.32	 1.257e+01	     -8.15	0	Gaussian	9990000000.000000	9990000000.000000
1816	1	1057.327509	569.632853	     -1.00	   3298.15	   2137.15	      2.06	      1.37	     35.98	     23.96	42.87	 1.274e+01	     -8.15	0	Gaussian	9990000000.000000	9990000000.000000
1817	1	1057.812445	427.686813	     -1.00	   2075.96	   2070.57	      2.08	      1.80	     36.41	     31.53	38.97	 1.484e+01	     -8.15	0	Gaussian	9990000000.000000	9990000000.000000
1818	1	1049.100041	245.241071	     -1.00	   1073.43	   2216.78	      2.87	      2.28	     50.15	     39.88	-31.00	 1.083e+01	     -8.15	0	Gaussian	9990000000.000000	9990000000.000000
1819	1	1050.875023	337.214524	     -1.00	   5044.80	   2188.20	      2.66	      1.78	     46.51	     31.22	8.27	 1.324e+01	     -8.14	0	Gaussian	9990000000.000000	9990000000.000000
1820	1	1047.697256	379.288488	     -1.00	   4877.75	    690.15	      2.44	      1.73	     42.71	     30.20	-26.28	 1.056e+01	     -8.14	0	Gaussian	9990000000.000000	9990000000.000000
1821	1	1043.127428	203.212398	     -1.00	    475.62	   1322.53	      2.80	      2.80	     49.05	     49.05	-33.97	 1.302e+01	     -8.14	0	Gaussian	9990000000.000000	9990000000.000000
1822	1	1048.245363	247.315580	     -1.00	   1899.52	    213.05	      2.62	      2.46	     45.86	     43.08	7.25	 1.055e+01	     -8.14	0	Gaussian	9990000000.000000	9990000000.000000
1823	1	1065.491722	475.227647	     -1.00	   3348.27	   1548.00	      2.05	      1.64	     35.81	     28.69	-29.84	 4.191e+01	     -8.14	0	Gaussian	9990000000.000000	9990000000.000000
1824	1	1036.066612	386.110646	     -1.00	   5662.11	    205.23	      2.55	      1.62	     44.66	     28.30	33.43	 1.195e+01	     -8.14	0	Gaussian	9990000000.000000	9990000000.000000
1825	1	1059.820448	420.100980	     -1.00	   3076.14	   1235.30	      2.22	      1.71	     38.79	     29.95	50.16	 1.716e+01	     -8.14	0	Gaussian	9990000000.000000	9990000000.000000
1826	1	1053.317633	272.806017	     -1.00	   2862.44	    616.14	      2.49	      2.34	     43.53	     41.04	15.09	 1.078e+01	     -8.14	0	Gaussian	9990000000.000000	9990000000.000000
1827	1	1042.730553	262.428913	     -1.00	   5228.07	   3997.26	      2.85	      2.12	     49.94	     37.16	35.85	 1.008e+01	     -8.14	0	Gaussian	9990000000.000000	9990000000.000000
1828	1	1044.446283	204.333498	     -1.00	   1183.06	    770.35	      2.88	      2.70	     50.39	     47.29	55.49	 1.086e+01	     -8.14	0	Gaussian	9990000000.000000	9990000000.000000
1829	1	1048.849304	279.251041	     -1.00	   1342.13	    599.43	      2.61	      2.18	     45.76	     38.10	57.80	 1.161e+01	     -8.14	0	Gaussian	9990000000.000000	9990000000.000000
1830	1	1049.130241	299.825031	     -1.00	   1375.84	   1213.18	      2.55	      2.08	     44.56	     36.42	13.98	 1.188e+01	     -8.14	0	Gaussian	9990000000.000000	9990000000.000000
1831	1	1053.475843	460.172765	     -1.00	   2259.77	   2964.31	      2.14	      1.61	     37.47	     28.22	-38.73	 1.036e+01	     -8.14	0	Gaussian	9990000000.000000	9990000000.000000
1832	1	1050.717423	240.455112	     -1.00	   5025.59	   1675.91	      3.17	      2.08	     55.46	     36.47	2.48	 1.197e+01	     -8.14	0	Gaussian	9990000000.000000	9990000000.000000
1833	1	1050.488617	320.540772	     -1.00	   1636.23	   1316.73	      2.36	      2.10	     41.33	     36.69	57.27	 1.202e+01	     -8.14	0	Gaussian	9990000000.000000	9990000000.000000
1834	1	1049.312569	318.201387	     -1.00	   5602.45	   1766.49	      2.76	      1.80	     48.35	     31.59	9.10	 1.175e+01	     -8.14	0	Gaussian	9990000000.000000	9990000000.000000
1835	1	1057.249199	154.468429	     -1.00	   4270.51	   2739.23	      4.49	      2.29	     78.60	     40.00	-40.27	 1.327e+01	     -8.14	0	Gaussian	9990000000.000000	9990000000.000000
1836	1	1051.097200	340.887968	     -1.00	   1878.00	    609.05	      2.43	      1.91	     42.61	     33.43	46.88	 1.641e+01	     -8.14	0	Gaussian	9990000000.000000	9990000000.000000
1837	1	1059.620509	317.465659	     -1.00	   3756.62	   2655.53	      2.44	      2.05	     42.69	     35.80	39.18	 1.435e+01	     -8.13	0	Gaussian	9990000000.000000	9990000000.000000
1838	1	1044.059009	251.104987	     -1.00	    796.03	    879.94	      2.73	      2.31	     47.84	     40.35	85.96	 1.222e+01	     -8.13	0	Gaussian	9990000000.000000	9990000000.000000
1839	1	1054.270397	293.762293	     -1.00	   2160.47	   1334.64	      2.47	      2.18	     43.27	     38.13	10.82	 1.159e+01	     -8.13	0	Gaussian	9990000000.000000	9990000000.000000
1840	1	1049.715680	269.258411	     -1.00	   5108.95	    852.87	      2.42	      2.42	     42.43	     42.43	40.33	 1.462e+01	     -8.13	0	Gaussian	9990000000.000000	9990000000.000000
1841	1	1055.402789	348.674866	     -1.00	   2868.76	    954.76	      2.36	      1.93	     41.23	     33.71	-1.23	 1.241e+01	     -8.13	0	Gaussian	9990000000.000000	9990000000.000000
1842	1	1053.474069	411.197533	     -1.00	   1772.61	   2643.96	      2.14	      1.79	     37.52	     31.41	5.95	 1.285e+01	     -8.13	0	Gaussian	9990000000.000000	9990000000.000000
1843	1	1056.187310	386.360147	     -1.00	   2514.52	   2074.97	      2.26	      1.81	     39.54	     31.72	25.47	 1.414e+01	     -8.13	0	Gaussian	9990000000.000000	9990000000.000000
1844	1	1048.500664	256.944263	     -1.00	   1709.26	     72.12	      2.55	      2.41	     44.69	     42.18	8.61	 1.300e+01	     -8.13	0	Gaussian	9990000000.000000	9990000000.000000
1845	1	1056.570597	347.227209	     -1.00	   1975.03	   2069.44	      2.32	      1.96	     40.63	     34.33	-15.20	 1.331e+01	     -8.13	0	Gaussian	9990000000.000000	9990000000.000000
1846	1	1055.359222	376.133949	     -1.00	   3664.80	   1245.68	      2.26	      1.86	     39.63	     32.47	70.85	 1.298e+01	     -8.13	0	Gaussian	9990000000.000000	9990000000.000000
1847	1	1049.837882	257.989502	     -1.00	   1313.63	   2279.63	      2.69	      2.27	     47.14	     39.79	-12.56	 1.122e+01	     -8.13	0	Gaussian	9990000000.000000	9990000000.000000
1848	1	1057.589958	406.176514	     -1.00	   2085.44	   2430.91	      2.17	      1.79	     38.04	     31.31	-23.47	 1.582e+01	     -8.13	0	Gaussian	9990000000.000000	9990000000.000000
1849	1	1051.088266	286.454747	     -1.00	   1481.93	   1911.73	      2.35	      2.35	     41.10	     41.10	60.30	 1.225e+01	     -8.13	0	Gaussian	9990000000.000000	9990000000.000000
1850	1	1057.567184	628.691506	     -1.00	   3462.81	   2255.77	      1.90	      1.32	     33.31	     23.07	44.58	 1.298e+01	     -8.13	0	Gaussian	9990000000.000000	9990000000.000000
1851	1	1055.624668	230.762440	     -1.00	   2752.30	   2611.43	      2.96	      2.31	     51.78	     40.40	14.94	 1.142e+01	     -8.13	0	Gaussian	9990000000.000000	9990000000.000000
1852	1	1049.821004	256.798460	     -1.00	   4060.80	    189.18	      2.73	      2.24	     47.85	     39.27	-56.83	 1.121e+01	     -8.13	0	Gaussian	9990000000.000000	9990000000.000000
1853	1	1051.644131	308.677355	     -1.00	   4537.01	   1875.25	      2.46	      2.08	     43.00	     36.35	12.96	 1.111e+01	     -8.13	0	Gaussian	9990000000.000000	9990000000.000000
1854	1	1057.726497	433.781822	     -1.00	   3935.85	   2089.09	      2.21	      1.64	     38.68	     28.73	46.88	 1.583e+01	     -8.13	0	Gaussian	9990000000.000000	9990000000.000000
1855	1	1054.967088	397.473763	     -1.00	   3453.17	   1081.11	      2.21	      1.79	     38.68	     31.34	-33.32	 1.340e+01	     -8.13	0	Gaussian	9990000000.000000	9990000000.000000
1856	1	1056.020007	566.742417	     -1.00	   3578.93	   1557.92	      2.15	      1.29	     37.66	     22.58	43.58	 1.259e+01	     -8.13	0	Gaussian	9990000000.000000	9990000000.000000
1857	1	1047.883684	246.397817	     -1.00	   4912.16	    423.81	      2.77	      2.30	     48.55	     40.28	6.48	 1.054e+01	     -8.13	0	Gaussian	9990000000.000000	9990000000.000000
1858	1	1045.156794	366.897066	     -1.00	   5313.14	   3791.96	      2.42	      1.77	     42.40	     30.96	32.49	 1.145e+01	     -8.13	0	Gaussian	9990000000.000000	9990000000.000000
1859	1	1049.716977	358.166582	     -1.00	   1483.79	   3028.39	      2.43	      1.81	     42.46	     31.66	-33.31	 1.444e+01	     -8.13	0	Gaussian	9990000000.000000	9990000000.000000
1860	1	1058.112661	193.539026	     -1.00	   3325.41	   1565.84	      3.51	      2.31	     61.40	     40.51	-14.52	 1.212e+01	     -8.13	0	Gaussian	9990000000.000000	9990000000.000000
1861	1	1051.657232	316.418632	     -1.00	   1784.76	   2050.58	      2.42	      2.05	     42.42	     35.86	-3.41	 1.131e+01	     -8.13	0	Gaussian	9990000000.000000	9990000000.000000
1862	1	1045.397177	280.090876	     -1.00	   3872.78	     40.47	      2.39	      2.34	     41.83	     41.03	67.57	 1.209e+01	     -8.12	0	Gaussian	9990000000.000000	9990000000.000000
1863	1	1052.417153	285.039924	     -1.00	   1806.09	    862.40	      2.65	      2.08	     46.32	     36.40	17.86	 1.233e+01	     -8.12	0	Gaussian	9990000000.000000	9990000000.000000
1864	1	1058.757498	329.414303	     -1.00	   2406.49	   2118.93	      2.33	      2.04	     40.80	     35.75	1.84	 1.358e+01	     -8.12	0	Gaussian	9990000000.000000	9990000000.000000
1865	1	1044.654687	390.000439	     -1.00	   1099.95	    216.90	      2.27	      1.77	     39.69	     31.03	54.13	 1.320e+01	     -8.12	0	Gaussian	9990000000.000000	9990000000.000000
1866	1	1051.666882	298.644356	     -1.00	   5069.04	   1707.37	      2.88	      1.82	     50.43	     31.89	2.11	 1.456e+01	     -8.12	0	Gaussian	9990000000.000000	9990000000.000000
1867	1	1050.791986	332.535809	     -1.00	   3599.10	    246.73	      2.44	      1.93	     42.70	     33.82	-74.74	 1.307e+01	     -8.12	0	Gaussian	9990000000.000000	9990000000.000000
1868	1	1051.083484	259.852077	     -1.00	   4986.04	   2171.56	      2.91	      2.07	     50.88	     36.30	36.52	 1.246e+01	     -8.12	0	Gaussian	9990000000.000000	9990000000.000000
1869	1	1054.320969	301.771125	     -1.00	   1922.47	   1980.25	      2.32	      2.24	     40.56	     39.15	45.04	 1.252e+01	     -8.12	0	Gaussian	9990000000.000000	9990000000.000000
1870	1	1047.426359	201.401504	     -1.00	   1507.30	    568.81	      2.84	      2.74	     49.68	     47.89	-28.81	 1.146e+01	     -8.12	0	Gaussian	9990000000.000000	9990000000.000000
1871	1	1039.279905	313.055267	     -1.00	    775.11	   3779.90	      2.24	      2.24	     39.12	     39.12	-50.09	 1.185e+01	     -8.12	0	Gaussian	9990000000.000000	9990000000.000000
1872	1	1046.109681	273.301162	     -1.00	   4829.34	    551.41	      2.45	      2.34	     42.85	     40.89	1.84	 1.124e+01	     -8.12	0	Gaussian	9990000000.000000	9990000000.000000
1873	1	1056.274848	397.157314	     -1.00	   3281.88	   1554.40	      2.12	      1.86	     37.04	     32.49	-23.55	 1.331e+01	     -8.12	0	Gaussian	9990000000.000000	9990000000.000000
1874	1	1052.981345	205.316168	     -1.00	   2813.45	    829.89	      2.76	      2.76	     48.25	     48.25	-33.15	 1.172e+01	     -8.12	0	Gaussian	9990000000.000000	9990000000.000000
1875	1	1050.193139	210.823461	     -1.00	   2515.64	    140.12	      2.91	      2.54	     50.94	     44.49	73.87	 1.194e+01	     -8.12	0	Gaussian	9990000000.000000	9990000000.000000
1876	1	1055.501204	600.787244	     -1.00	   4274.81	   1869.74	      1.97	      1.32	     34.43	     23.10	44.38	 1.304e+01	     -8.12	0	Gaussian	9990000000.000000	9990000000.000000
1877	1	1050.673815	246.568693	     -1.00	   2739.41	     94.57	      2.66	      2.38	     46.55	     41.61	79.46	 1.311e+01	     -8.12	0	Gaussian	9990000000.000000	9990000000.000000
1878	1	1058.493523	304.927702	     -1.00	   2324.36	   1530.92	      2.47	      2.07	     43.28	     36.17	20.35	 1.342e+01	     -8.12	0	Gaussian	9990000000.000000	9990000000.000000
1879	1	1048.182804	276.888194	     -1.00	   1317.59	   1926.28	      2.61	      2.16	     45.65	     37.75	13.67	 1.049e+01	     -8.12	0	Gaussian	9990000000.000000	9990000000.000000
1880	1	1054.322877	268.483740	     -1.00	   4521.52	   1263.51	      2.43	      2.38	     42.60	     41.72	-28.89	 1.341e+01	     -8.12	0	Gaussian	9990000000.000000	9990000000.000000
1881	1	1059.333462	406.455567	     -1.00	   3392.59	   1823.06	      2.21	      1.74	     38.62	     30.39	-12.59	 1.196e+01	     -8.12	0	Gaussian	9990000000.000000	9990000000.000000
1882	1	1058.171094	467.575506	     -1.00	   2563.09	   1559.08	      2.13	      1.56	     37.27	     27.37	-19.40	 1.198e+01	     -8.12	0	Gaussian	9990000000.000000	9990000000.000000
1883	1	1053.286889	239.730943	     -1.00	   2938.82	    778.20	      2.89	      2.25	     50.58	     39.30	19.42	 1.107e+01	     -8.12	0	Gaussian	9990000000.000000	9990000000.000000
1884	1	1053.808503	348.146264	     -1.00	   4200.12	    863.75	      2.54	      1.75	     44.53	     30.72	-49.98	 1.351e+01	     -8.11	0	Gaussian	9990000000.000000	9990000000.000000
1885	1	1048.452035	448.058981	     -1.00	   4182.01	   3641.03	      2.33	      1.48	     40.86	     25.94	41.30	 1.120e+01	     -8.11	0	Gaussian	9990000000.000000	9990000000.000000
1886	1	1044.173538	208.994889	     -1.00	    906.13	   1583.43	      3.33	      2.23	     58.33	     38.95	2.10	 1.034e+01	     -8.11	0	Gaussian	9990000000.000000	9990000000.000000
1887	1	1054.494972	378.801979	     -1.00	   2466.72	   2906.98	      2.30	      1.78	     40.26	     31.13	-41.60	 1.219e+01	     -8.11	0	Gaussian	9990000000.000000	9990000000.000000
1888	1	1047.907858	246.688066	     -1.00	   5372.24	   3338.49	      2.91	      2.16	     50.91	     37.75	-8.57	 1.291e+01	     -8.11	0	Gaussian	9990000000.000000	9990000000.000000
1889	1	1047.797402	305.672433	     -1.00	   4755.14	    607.24	      2.60	      1.94	     45.56	     34.02	-11.91	 1.025e+01	     -8.11	0	Gaussian	9990000000.000000	9990000000.000000
1890	1	1052.933047	272.119577	     -1.00	   3803.26	    672.58	      2.51	      2.26	     43.95	     39.59	82.81	 1.273e+01	     -8.11	0	Gaussian	9990000000.000000	9990000000.000000
1891	1	1048.265259	255.631064	     -1.00	   1472.55	   2864.70	      2.46	      2.46	     43.04	     43.04	4.34	 1.035e+01	     -8.11	0	Gaussian	9990000000.000000	9990000000.000000
1892	1	1049.014750	232.041746	     -1.00	   5492.97	   1207.37	      2.86	      2.32	     50.14	     40.66	20.91	 1.095e+01	     -8.11	0	Gaussian	9990000000.000000	9990000000.000000
1893	1	1048.123653	211.211815	     -1.00	   2418.25	    126.45	      2.70	      2.70	     47.32	     47.32	-26.80	 1.101e+01	     -8.11	0	Gaussian	9990000000.000000	9990000000.000000
1894	1	1057.415096	538.901357	     -1.00	   3597.68	   2742.82	      1.93	      1.48	     33.84	     25.92	34.35	 1.236e+01	     -8.11	0	Gaussian	9990000000.000000	9990000000.000000
1895	1	1044.255943	382.262346	     -1.00	    778.38	   2931.91	      2.17	      1.86	     37.95	     32.58	-43.08	 1.217e+01	     -8.11	0	Gaussian	9990000000.000000	9990000000.000000
1896	1	1054.906642	269.775955	     -1.00	   1783.91	    556.64	      2.68	      2.13	     46.99	     37.28	48.11	 1.379e+01	     -8.11	0	Gaussian	9990000000.000000	9990000000.000000
1897	1	1062.002167	477.412263	     -1.00	   3678.61	   1553.21	      1.95	      1.65	     34.14	     28.97	-30.50	 3.706e+01	     -8.11	0	Gaussian	9990000000.000000	9990000000.000000
1898	1	1053.547874	440.589027	     -1.00	   4197.31	   1262.22	      2.16	      1.62	     37.79	     28.35	37.78	 1.167e+01	     -8.10	0	Gaussian	9990000000.000000	9990000000.000000
1899	1	1053.891467	279.831452	     -1.00	   2206.45	    849.86	      2.57	      2.14	     45.04	     37.44	28.72	 1.166e+01	     -8.10	0	Gaussian	9990000000.000000	9990000000.000000
1900	1	1052.499117	328.779428	     -1.00	   4767.90	   2497.03	      2.49	      1.88	     43.58	     32.91	23.59	 1.235e+01	     -8.10	0	Gaussian	9990000000.000000	9990000000.000000
1901	1	1051.430186	208.488776	     -1.00	   3341.45	   3582.64	      2.98	      2.48	     52.10	     43.41	8.44	 9.918e+00	     -8.10	0	Gaussian	9990000000.000000	9990000000.000000
1902	1	1054.583727	335.323753	     -1.00	   1929.06	   1473.96	      2.34	      1.96	     41.04	     34.25	37.05	 1.317e+01	     -8.10	0	Gaussian	9990000000.000000	9990000000.000000
1903	1	1054.428204	319.225497	     -1.00	   2263.03	   1225.45	      2.22	      2.17	     38.81	     38.02	-40.40	 1.270e+01	     -8.10	0	Gaussian	9990000000.000000	9990000000.000000
1904	1	1052.991800	330.471903	     -1.00	   2409.66	   3301.11	      2.16	      2.16	     37.74	     37.74	-72.11	 1.639e+01	     -8.10	0	Gaussian	9990000000.000000	9990000000.000000
1905	1	1053.512349	328.296632	     -1.00	   2790.16	    462.97	      2.42	      1.94	     42.27	     33.92	65.66	 1.147e+01	     -8.10	0	Gaussian	9990000000.000000	9990000000.000000
1906	1	1045.022132	307.037994	     -1.00	   4866.32	    123.80	      2.40	      2.08	     42.06	     36.45	-42.19	 1.185e+01	     -8.10	0	Gaussian	9990000000.000000	9990000000.000000
1907	1	1051.637404	230.704432	     -1.00	   4694.97	    817.69	      3.20	      2.08	     55.94	     36.47	-0.11	 1.344e+01	     -8.10	0	Gaussian	9990000000.000000	9990000000.000000
1908	1	1043.274907	349.404106	     -1.00	    903.59	   3330.24	      2.14	      2.05	     37.47	     35.94	-17.64	 1.208e+01	     -8.10	0	Gaussian	9990000000.000000	9990000000.000000
1909	1	1055.794560	390.116022	     -1.00	   2981.71	   3026.77	      2.13	      1.85	     37.22	     32.41	6.41	 1.266e+01	     -8.10	0	Gaussian	9990000000.000000	9990000000.000000
1910	1	1049.007965	308.384901	     -1.00	   5062.34	   2412.90	      2.51	      1.98	     43.94	     34.71	17.47	 1.090e+01	     -8.10	0	Gaussian	9990000000.000000	9990000000.000000
1911	1	1045.487151	296.179379	     -1.00	   1075.95	   1503.00	      2.49	      2.08	     43.63	     36.32	35.36	 1.123e+01	     -8.10	0	Gaussian	9990000000.000000	9990000000.000000
1912	1	1048.169798	157.043485	     -1.00	   2377.95	    152.32	      3.33	      2.93	     58.23	     51.27	-6.13	 1.131e+01	     -8.10	0	Gaussian	9990000000.000000	9990000000.000000
1913	1	1055.289456	371.033079	     -1.00	   2500.59	   2082.01	      2.05	      2.01	     35.91	     35.17	35.16	 1.322e+01	     -8.10	0	Gaussian	9990000000.000000	9990000000.000000
1914	1	1051.033544	283.399583	     -1.00	   2870.33	    462.75	      2.67	      2.02	     46.68	     35.40	89.56	 1.130e+01	     -8.10	0	Gaussian	9990000000.000000	9990000000.000000
1915	1	1056.262238	487.183188	     -1.00	   3877.62	   2048.85	      1.99	      1.58	     34.79	     27.64	28.96	 1.270e+01	     -8.10	0	Gaussian	9990000000.000000	9990000000.000000
1916	1	1046.679027	253.475227	     -1.00	   5327.43	   3465.21	      2.67	      2.26	     46.72	     39.54	1.07	 9.802e+00	     -8.10	0	Gaussian	9990000000.000000	9990000000.000000
1917	1	1049.847423	248.977059	     -1.00	    989.66	   1818.41	      2.92	      2.10	     51.08	     36.80	26.07	 1.455e+01	     -8.10	0	Gaussian	9990000000.000000	9990000000.000000
1918	1	1048.595065	196.390811	     -1.00	   2946.96	    265.48	      3.02	      2.57	     52.91	     45.02	38.12	 1.174e+01	     -8.10	0	Gaussian	9990000000.000000	9990000000.000000
1919	1	1057.107554	280.256166	     -1.00	   2733.44	    649.83	      2.56	      2.13	     44.87	     37.20	54.91	 1.395e+01	     -8.10	0	Gaussian	9990000000.000000	9990000000.000000
1920	1	1050.293241	272.598274	     -1.00	   1639.91	   1587.80	      2.67	      2.09	     46.80	     36.65	-4.82	 1.346e+01	     -8.09	0	Gaussian	9990000000.000000	9990000000.000000
1921	1	1053.814690	297.488608	     -1.00	   2942.47	    502.32	      2.37	      2.16	     41.44	     37.88	-81.68	 1.355e+01	     -8.09	0	Gaussian	9990000000.000000	9990000000.000000
1922	1	1059.749926	171.262460	     -1.00	   3429.35	   2781.44	      2.98	      2.98	     52.22	     52.22	21.60	 1.345e+01	     -8.09	0	Gaussian	9990000000.000000	9990000000.000000
1923	1	1055.994511	297.336178	     -1.00	   3517.39	   3227.43	      2.32	      2.21	     40.66	     38.62	24.47	 1.179e+01	     -8.09	0	Gaussian	9990000000.000000	9990000000.000000
1924	1	1052.137162	340.617788	     -1.00	   1631.62	   2284.88	      2.36	      1.89	     41.37	     33.11	4.06	 1.075e+01	     -8.09	0	Gaussian	9990000000.000000	9990000000.000000
1925	1	1055.914945	636.840057	     -1.00	   4152.22	   2169.22	      1.96	      1.22	     34.24	     21.39	51.37	 1.101e+01	     -8.09	0	Gaussian	9990000000.000000	9990000000.000000
1926	1	1045.292486	320.797706	     -1.00	   5025.23	   3862.11	      2.55	      1.86	     44.70	     32.49	44.42	 1.109e+01	     -8.09	0	Gaussian	9990000000.000000	9990000000.000000
1927	1	1054.514383	369.522730	     -1.00	   3953.79	   2294.35	      2.17	      1.89	     37.99	     33.13	74.29	 1.083e+01	     -8.09	0	Gaussian	9990000000.000000	9990000000.000000
1928	1	1055.526297	259.045531	     -1.00	   1865.17	    300.55	      2.64	      2.22	     46.18	     38.88	51.05	 2.847e+01	     -8.09	0	Gaussian	9990000000.000000	9990000000.000000
1929	1	1052.498683	311.254635	     -1.00	   2611.90	   3631.65	      2.46	      1.99	     42.97	     34.77	-74.47	 1.332e+01	     -8.09	0	Gaussian	9990000000.000000	9990000000.000000
1930	1	1044.346578	254.151133	     -1.00	   1481.50	   3902.97	      2.59	      2.31	     45.32	     40.37	51.89	 1.078e+01	     -8.09	0	Gaussian	9990000000.000000	9990000000.000000
1931	1	1048.744305	295.044775	     -1.00	   1447.78	   1237.45	      2.52	      2.04	     44.19	     35.64	19.78	 1.125e+01	     -8.09	0	Gaussian	9990000000.000000	9990000000.000000
1932	1	1050.889949	244.334118	     -1.00	   1902.52	   1003.52	      2.74	      2.27	     47.93	     39.66	26.55	 1.119e+01	     -8.09	0	Gaussian	9990000000.000000	9990000000.000000
1933	1	1048.311893	300.759356	     -1.00	   1882.57	   3249.27	      2.47	      2.04	     43.17	     35.73	-22.05	 1.142e+01	     -8.09	0	Gaussian	9990000000.000000	9990000000.000000
1934	1	1053.336852	443.822491	     -1.00	   4738.04	   1977.28	      2.25	      1.52	     39.41	     26.52	30.24	 1.511e+01	     -8.09	0	Gaussian	9990000000.000000	9990000000.000000
1935	1	1053.581088	280.809990	     -1.00	   4391.90	   1201.16	      2.68	      2.01	     46.84	     35.24	31.19	 1.234e+01	     -8.09	0	Gaussian	9990000000.000000	9990000000.000000
1936	1	1054.694903	312.833282	     -1.00	   2483.69	    606.88	      2.38	      2.03	     41.70	     35.52	35.12	 1.243e+01	     -8.09	0	Gaussian	9990000000.000000	9990000000.000000
1937	1	1049.532441	192.045611	     -1.00	   1574.98	   2785.56	      2.81	      2.81	     49.11	     49.11	64.73	 1.129e+01	     -8.08	0	Gaussian	9990000000.000000	9990000000.000000
1938	1	1055.087919	345.106866	     -1.00	   2308.52	   3076.94	      2.29	      1.91	     40.12	     33.44	-11.07	 3.187e+01	     -8.08	0	Gaussian	9990000000.000000	9990000000.000000
1939	1	1055.521371	316.016869	     -1.00	   1947.47	   1677.16	      2.29	      2.09	     40.08	     36.56	-7.63	 1.241e+01	     -8.08	0	Gaussian	9990000000.000000	9990000000.000000
1940	1	1050.644138	395.488646	     -1.00	   1519.06	   2615.90	      2.28	      1.67	     39.92	     29.30	30.18	 1.182e+01	     -8.08	0	Gaussian	9990000000.000000	9990000000.000000
1941	1	1058.176369	466.430406	     -1.00	   2174.92	   1587.99	      2.18	      1.48	     38.15	     25.97	43.17	 1.287e+01	     -8.08	0	Gaussian	9990000000.000000	9990000000.000000
1942	1	1050.404750	212.392373	     -1.00	   5548.62	   2850.47	      2.66	      2.66	     46.63	     46.63	-36.89	 2.051e+01	     -8.08	0	Gaussian	9990000000.000000	9990000000.000000
1943	1	1061.125212	483.888356	     -1.00	   3066.75	   2031.03	      2.03	      1.53	     35.61	     26.80	-35.14	 1.230e+01	     -8.08	0	Gaussian	9990000000.000000	9990000000.000000
1944	1	1051.590552	245.756182	     -1.00	   4761.45	   1644.13	      2.66	      2.30	     46.55	     40.34	30.31	 1.158e+01	     -8.08	0	Gaussian	9990000000.000000	9990000000.000000
1945	1	1056.973981	438.929176	     -1.00	   2722.82	    863.89	      2.14	      1.60	     37.54	     27.97	49.74	 1.294e+01	     -8.08	0	Gaussian	9990000000.000000	9990000000.000000
1946	1	1059.708397	191.247040	     -1.00	   3046.58	   1315.52	      3.16	      2.49	     55.26	     43.58	-45.74	 1.238e+01	     -8.08	0	Gaussian	9990000000.000000	9990000000.000000
1947	1	1057.599871	344.846456	     -1.00	   3417.80	   1569.23	      2.21	      1.97	     38.74	     34.44	33.03	 1.322e+01	     -8.08	0	Gaussian	9990000000.000000	9990000000.000000
1948	1	1061.760922	293.145020	     -1.00	   3069.50	   2444.72	      2.56	      2.00	     44.74	     35.07	-29.68	 1.459e+01	     -8.08	0	Gaussian	9990000000.000000	9990000000.000000
1949	1	1044.703222	161.625685	     -1.00	   1446.59	    290.68	      3.50	      2.66	     61.22	     46.48	9.45	 1.184e+01	     -8.08	0	Gaussian	9990000000.000000	9990000000.000000
1950	1	1053.673211	329.980896	     -1.00	   3346.67	   3602.16	      2.42	      1.88	     42.32	     32.92	13.50	 1.149e+01	     -8.08	0	Gaussian	9990000000.000000	9990000000.000000
1951	1	1046.787259	226.039080	     -1.00	   5033.60	   3955.55	      2.64	      2.51	     46.22	     43.96	33.56	 1.266e+01	     -8.08	0	Gaussian	9990000000.000000	9990000000.000000
1952	1	1050.322797	184.910090	     -1.00	   3724.72	    295.72	      3.69	      2.19	     64.57	     38.30	-39.93	 1.233e+01	     -8.07	0	Gaussian	9990000000.000000	9990000000.000000
1953	1	1052.448926	270.158163	     -1.00	   2375.42	   3115.29	      2.68	      2.06	     46.95	     36.04	-6.90	 1.169e+01	     -8.07	0	Gaussian	9990000000.000000	9990000000.000000
1954	1	1055.597976	285.692863	     -1.00	   4231.56	    540.95	      2.29	      2.29	     39.99	     39.99	29.12	 1.777e+01	     -8.07	0	Gaussian	9990000000.000000	9990000000.000000
1955	1	1055.377143	521.857734	     -1.00	   3901.78	   2268.90	      2.00	      1.43	     35.01	     25.00	44.05	 1.411e+01	     -8.07	0	Gaussian	9990000000.000000	9990000000.000000
1956	1	1046.530707	270.649840	     -1.00	   1637.85	     15.10	      2.35	      2.35	     41.06	     41.06	-52.70	 1.191e+01	     -8.07	0	Gaussian	9990000000.000000	9990000000.000000
1957	1	1056.078274	382.318764	     -1.00	   2832.30	   2503.14	      1.97	      1.97	     34.54	     34.54	-46.57	 1.419e+01	     -8.07	0	Gaussian	9990000000.000000	9990000000.000000
1958	1	1042.222868	209.228339	     -1.00	   1396.42	     62.80	      2.86	      2.48	     50.13	     43.47	32.82	 1.040e+01	     -8.07	0	Gaussian	9990000000.000000	9990000000.000000
1959	1	1052.245718	266.857442	     -1.00	   2238.31	   2904.38	      2.54	      2.19	     44.46	     38.40	18.20	 1.283e+01	     -8.07	0	Gaussian	9990000000.000000	9990000000.000000
1960	1	1049.173043	328.992699	     -1.00	   3589.23	    352.68	      2.46	      1.84	     43.02	     32.18	-67.38	 1.136e+01	     -8.07	0	Gaussian	9990000000.000000	9990000000.000000
1961	1	1059.985246	320.962205	     -1.00	   4367.51	   2685.87	      2.32	      1.99	     40.66	     34.88	30.71	 2.989e+01	     -8.07	0	Gaussian	9990000000.000000	9990000000.000000
1962	1	1053.860895	276.441399	     -1.00	   1993.17	   1368.83	      2.50	      2.15	     43.77	     37.59	1.84	 1.174e+01	     -8.06	0	Gaussian	9990000000.000000	9990000000.000000
1963	1	1053.501077	384.192957	     -1.00	   4203.33	   2998.30	      2.18	      1.77	     38.16	     31.03	19.67	 1.244e+01	     -8.06	0	Gaussian	9990000000.000000	9990000000.000000
1964	1	1055.553506	373.725237	     -1.00	   2108.83	   2414.17	      2.17	      1.83	     37.99	     32.01	34.47	 1.105e+01	     -8.06	0	Gaussian	9990000000.000000	9990000000.000000
1965	1	1035.378650	234.538250	     -1.00	    597.62	   3817.41	      2.71	      2.33	     47.49	     40.79	-16.99	 9.901e+00	     -8.06	0	Gaussian	9990000000.000000	9990000000.000000
1966	1	1059.131314	385.705888	     -1.00	   2688.78	   2399.28	      2.12	      1.81	     37.02	     31.72	-46.10	 1.276e+01	     -8.06	0	Gaussian	9990000000.000000	9990000000.000000
1967	1	1050.458772	248.807938	     -1.00	   3027.10	    521.46	      2.65	      2.24	     46.34	     39.24	78.95	 1.169e+01	     -8.06	0	Gaussian	9990000000.000000	9990000000.000000
1968	1	1053.435254	292.930259	     -1.00	   2170.01	   1973.36	      2.61	      1.93	     45.74	     33.76	9.96	 1.170e+01	     -8.06	0	Gaussian	9990000000.000000	9990000000.000000
1969	1	1054.101321	253.333002	     -1.00	   3725.51	    537.37	      2.61	      2.23	     45.62	     39.05	52.83	 1.760e+01	     -8.06	0	Gaussian	9990000000.000000	9990000000.000000
1970	1	1051.091765	199.371877	     -1.00	   2014.34	    632.12	      3.13	      2.36	     54.82	     41.26	-8.96	 1.048e+01	     -8.06	0	Gaussian	9990000000.000000	9990000000.000000
1971	1	1052.647678	318.850483	     -1.00	   4783.04	   3260.10	      2.15	      2.15	     37.59	     37.59	-21.16	 1.873e+01	     -8.05	0	Gaussian	9990000000.000000	9990000000.000000
1972	1	1054.531573	232.436123	     -1.00	   3189.59	    740.68	      2.69	      2.35	     47.00	     41.18	44.23	 1.169e+01	     -8.05	0	Gaussian	9990000000.000000	9990000000.000000
1973	1	1047.912196	283.103969	     -1.00	   5108.44	   3749.31	      2.57	      2.02	     44.96	     35.34	49.31	 1.115e+01	     -8.05	0	Gaussian	9990000000.000000	9990000000.000000
1974	1	1053.234343	291.268771	     -1.00	   4818.22	   1980.97	      2.55	      1.98	     44.57	     34.60	24.87	 1.204e+01	     -8.05	0	Gaussian	9990000000.000000	9990000000.000000
1975	1	1047.339248	291.401417	     -1.00	    937.58	   1865.88	      2.39	      2.10	     41.83	     36.84	-11.66	 1.482e+01	     -8.05	0	Gaussian	9990000000.000000	9990000000.000000
1976	1	1057.263978	316.990822	     -1.00	   3103.68	   1939.83	      2.38	      1.94	     41.72	     33.95	-4.31	 1.296e+01	     -8.05	0	Gaussian	9990000000.000000	9990000000.000000
1977	1	1058.709270	408.771354	     -1.00	   2697.89	   1762.99	      2.16	      1.66	     37.77	     29.07	37.04	 1.368e+01	     -8.05	0	Gaussian	9990000000.000000	9990000000.000000
1978	1	1046.164100	216.137036	     -1.00	   5523.85	   1686.56	      2.91	      2.33	     51.00	     40.71	6.07	 1.120e+01	     -8.05	0	Gaussian	9990000000.000000	9990000000.000000
1979	1	1046.864321	199.925010	     -1.00	   2758.88	   3977.54	      3.13	      2.34	     54.80	     40.89	13.65	 9.990e+00	     -8.05	0	Gaussian	9990000000.000000	9990000000.000000
1980	1	1046.922032	250.442110	     -1.00	   1938.32	   3705.03	      2.42	      2.42	     42.28	     42.28	10.51	 1.170e+01	     -8.05	0	Gaussian	9990000000.000000	9990000000.000000
1981	1	1043.515179	209.723991	     -1.00	    573.80	   1188.23	      2.85	      2.45	     49.84	     42.83	70.93	 1.077e+01	     -8.05	0	Gaussian	9990000000.000000	9990000000.000000
1982	1	1047.366901	278.177083	     -1.00	   5326.41	   2424.43	      3.17	      1.65	     55.56	     28.96	14.13	 1.343e+01	     -8.05	0	Gaussian	9990000000.000000	9990000000.000000
1983	1	1048.045620	223.610138	     -1.00	   1293.65	   2502.67	      2.78	      2.35	     48.68	     41.09	-47.81	 9.978e+00	     -8.05	0	Gaussian	9990000000.000000	9990000000.000000
1984	1	1048.526563	345.090332	     -1.00	   2215.13	   3537.74	      2.27	      1.87	     39.68	     32.66	53.11	 1.227e+01	     -8.05	0	Gaussian	9990000000.000000	9990000000.000000
1985	1	1055.605643	487.230007	     -1.00	   3373.06	   3316.94	      2.12	      1.41	     37.06	     24.75	-44.97	 1.292e+01	     -8.05	0	Gaussian	9990000000.000000	9990000000.000000
1986	1	1052.254119	304.447832	     -1.00	   2524.47	    822.05	      2.31	      2.07	     40.45	     36.28	28.36	 1.190e+01	     -8.05	0	Gaussian	9990000000.000000	9990000000.000000
1987	1	1049.904254	239.925432	     -1.00	   2387.23	    139.01	      3.04	      2.00	     53.22	     34.93	87.30	 1.117e+01	     -8.04	0	Gaussian	9990000000.000000	9990000000.000000
1988	1	1051.695203	130.741217	     -1.00	   4253.14	    918.88	      4.80	      2.32	     83.98	     40.62	-15.84	 1.129e+01	     -8.04	0	Gaussian	9990000000.000000	9990000000.000000
1989	1	1055.798174	339.883820	     -1.00	   3652.26	   2876.08	      2.27	      1.89	     39.71	     33.04	-30.44	 1.164e+01	     -8.04	0	Gaussian	9990000000.000000	9990000000.000000
1990	1	1058.868751	325.869980	     -1.00	   3289.72	   1936.53	      2.24	      1.99	     39.26	     34.85	58.02	 1.210e+01	     -8.04	0	Gaussian	9990000000.000000	9990000000.000000
1991	1	1063.555177	503.410467	     -1.00	   3266.23	   1829.26	      1.98	      1.46	     34.74	     25.47	41.46	 2.371e+01	     -8.04	0	Gaussian	9990000000.000000	9990000000.000000
1992	1	1050.499197	261.350233	     -1.00	   1324.41	   2445.62	      2.51	      2.21	     43.95	     38.74	-31.64	 1.149e+01	     -8.04	0	Gaussian	9990000000.000000	9990000000.000000
1993	1	1047.441460	211.377754	     -1.00	   1062.66	   1904.59	      2.62	      2.62	     45.88	     45.88	-19.06	 1.300e+01	     -8.04	0	Gaussian	9990000000.000000	9990000000.000000
1994	1	1048.881648	305.184442	     -1.00	   5519.19	   2252.24	      2.18	      2.18	     38.18	     38.18	-32.03	 1.271e+01	     -8.04	0	Gaussian	9990000000.000000	9990000000.000000
1995	1	1048.542373	270.318553	     -1.00	   1760.53	    505.75	      2.83	      1.90	     49.45	     33.28	36.62	 1.040e+01	     -8.04	0	Gaussian	9990000000.000000	9990000000.000000
1996	1	1049.737334	276.737754	     -1.00	   4211.90	   3673.44	      2.29	      2.29	     40.09	     40.09	1.70	 1.175e+01	     -8.04	0	Gaussian	9990000000.000000	9990000000.000000
1997	1	1059.524190	369.728848	     -1.00	   2723.06	   1788.21	      2.25	      1.74	     39.39	     30.53	27.76	 1.323e+01	     -8.04	0	Gaussian	9990000000.000000	9990000000.000000
1998	1	1052.975281	401.211008	     -1.00	   4285.05	   2542.47	      2.02	      1.79	     35.37	     31.29	67.99	 1.353e+01	     -8.04	0	Gaussian	9990000000.000000	9990000000.000000
1999	1	1049.238438	332.423447	     -1.00	   3647.93	   3789.41	      2.22	      1.96	     38.86	     34.35	60.72	 1.207e+01	     -8.04	0	Gaussian	9990000000.000000	9990000000.000000
2000	1	1057.820871	507.892605	     -1.00	   3189.05	   3299.93	      2.02	      1.41	     35.35	     24.71	41.77	 1.363e+01	     -8.04	0	Gaussian	9990000000.000000	9990000000.000000
2001	1	1056.103794	329.196482	     -1.00	   3100.51	   2977.70	      2.19	      2.01	     38.25	     35.22	28.24	 1.288e+01	     -8.04	0	Gaussian	9990000000.000000	9990000000.000000
2002	1	1046.049333	302.844806	     -1.00	   3850.81	    157.00	      2.19	      2.19	     38.26	     38.26	50.84	 1.095e+01	     -8.04	0	Gaussian	9990000000.000000	9990000000.000000
2003	1	1059.554189	447.532757	     -1.00	   4515.09	   2914.07	      2.22	      1.45	     38.91	     25.45	48.49	 2.164e+01	     -8.04	0	Gaussian	9990000000.000000	9990000000.000000
2004	1	1059.880282	385.864070	     -1.00	   3093.40	   1492.11	      2.05	      1.83	     35.81	     32.06	23.12	 1.243e+01	     -8.04	0	Gaussian	9990000000.000000	9990000000.000000
2005	1	1046.454739	216.091518	     -1.00	    611.72	   2497.49	      2.86	      2.34	     50.04	     40.96	46.83	 2.472e+01	     -8.04	0	Gaussian	9990000000.000000	9990000000.000000
2006	1	1055.863889	332.767896	     -1.00	   3580.78	   2135.54	      2.28	      1.90	     39.88	     33.32	-69.32	 1.263e+01	     -8.03	0	Gaussian	9990000000.000000	9990000000.000000
2007	1	1054.756410	297.945460	     -1.00	   2072.53	   1782.98	      2.30	      2.10	     40.32	     36.78	38.95	 1.441e+01	     -8.03	0	Gaussian	9990000000.000000	9990000000.000000
2008	1	1063.603105	520.809651	     -1.00	   3309.81	   1322.68	      1.98	      1.40	     34.68	     24.44	48.42	 2.070e+01	     -8.03	0	Gaussian	9990000000.000000	9990000000.000000
2009	1	1048.796016	253.695986	     -1.00	   1326.23	   1408.71	      2.64	      2.15	     46.23	     37.61	30.91	 1.201e+01	     -8.03	0	Gaussian	9990000000.000000	9990000000.000000
2010	1	1059.805025	312.703047	     -1.00	   2658.88	   1881.52	      2.28	      2.02	     39.94	     35.32	15.20	 1.334e+01	     -8.03	0	Gaussian	9990000000.000000	9990000000.000000
2011	1	1049.060285	258.367450	     -1.00	   3861.61	   3805.43	      2.68	      2.08	     46.88	     36.38	79.83	 1.375e+01	     -8.03	0	Gaussian	9990000000.000000	9990000000.000000
2012	1	1066.422999	301.780106	     -1.00	   3789.74	     32.07	      2.18	      2.18	     38.22	     38.16	-16.96	 1.029e+02	     -8.03	0	Gaussian	9990000000.000000	9990000000.000000
2013	1	1060.351050	325.817957	     -1.00	   3232.62	   1910.68	      2.34	      1.89	     40.89	     33.03	3.70	 1.307e+01	     -8.03	0	Gaussian	9990000000.000000	9990000000.000000
2014	1	1055.473247	550.278066	     -1.00	   3391.17	   1486.21	      2.02	      1.29	     35.34	     22.63	46.70	 1.380e+01	     -8.03	0	Gaussian	9990000000.000000	9990000000.000000
2015	1	1048.041220	217.059066	     -1.00	   1297.44	   3115.75	      3.22	      2.05	     56.42	     35.90	1.08	 1.516e+01	     -8.03	0	Gaussian	9990000000.000000	9990000000.000000
2016	1	1057.576120	290.371139	     -1.00	   2032.77	    839.69	      2.45	      2.02	     42.83	     35.35	34.88	 2.221e+01	     -8.03	0	Gaussian	9990000000.000000	9990000000.000000
2017	1	1056.770004	397.874887	     -1.00	   3192.83	   1469.15	      2.21	      1.63	     38.62	     28.60	-30.68	 1.301e+01	     -8.03	0	Gaussian	9990000000.000000	9990000000.000000
2018	1	1050.158133	189.344472	     -1.00	   4002.43	    350.31	      2.96	      2.55	     51.80	     44.71	-55.64	 1.109e+01	     -8.03	0	Gaussian	9990000000.000000	9990000000.000000
2019	1	1050.526978	197.480749	     -1.00	   1670.46	   1447.72	      2.88	      2.51	     50.49	     43.98	37.52	 1.015e+01	     -8.02	0	Gaussian	9990000000.000000	9990000000.000000
2020	1	1059.987231	233.557022	     -1.00	   3481.79	   1830.53	      3.23	      1.89	     56.61	     33.14	-17.70	 1.290e+01	     -8.02	0	Gaussian	9990000000.000000	9990000000.000000
2021	1	1043.434263	360.415825	     -1.00	   5885.81	   1513.16	      2.41	      1.65	     42.18	     28.82	21.57	 1.310e+01	     -8.02	0	Gaussian	9990000000.000000	9990000000.000000
2022	1	1058.778090	325.704681	     -1.00	   4462.72	   1660.11	      2.25	      1.95	     39.36	     34.15	26.01	 2.064e+01	     -8.02	0	Gaussian	9990000000.000000	9990000000.000000
2023	1	1063.197686	485.300079	     -1.00	   2750.14	   2517.01	      2.04	      1.44	     35.73	     25.25	37.12	 1.491e+01	     -8.02	0	Gaussian	9990000000.000000	9990000000.000000
2024	1	1046.393966	185.167540	     -1.00	   5434.08	   1685.92	      3.26	      2.37	     57.00	     41.47	17.66	 9.980e+00	     -8.02	0	Gaussian	9990000000.000000	9990000000.000000
2025	1	1047.679198	214.725493	     -1.00	    960.09	   1785.78	      3.09	      2.15	     54.15	     37.62	5.36	 1.176e+01	     -8.02	0	Gaussian	9990000000.000000	9990000000.000000
2026	1	1056.929799	349.627262	     -1.00	   2872.68	   1771.81	      2.14	      1.91	     37.37	     33.42	31.39	 1.245e+01	     -8.02	0	Gaussian	9990000000.000000	9990000000.000000
2027	1	1048.878881	173.501327	     -1.00	   2020.55	    308.04	      2.97	      2.76	     52.05	     48.34	31.22	 1.071e+01	     -8.02	0	Gaussian	9990000000.000000	9990000000.000000
2028	1	1049.247439	323.790349	     -1.00	   2306.15	   3860.68	      2.18	      2.02	     38.16	     35.33	53.23	 1.226e+01	     -8.02	0	Gaussian	9990000000.000000	9990000000.000000
2029	1	1050.612524	291.807291	     -1.00	   1629.24	    786.22	      2.49	      1.96	     43.53	     34.35	39.40	 1.332e+01	     -8.02	0	Gaussian	9990000000.000000	9990000000.000000
2030	1	1055.268420	366.798099	     -1.00	   4211.08	   1164.30	      1.97	      1.97	     34.48	     34.48	-72.63	 1.273e+01	     -8.02	0	Gaussian	9990000000.000000	9990000000.000000
2031	1	1046.410740	190.072979	     -1.00	   1903.76	     23.82	      3.12	      2.39	     54.70	     41.89	-53.50	 1.019e+01	     -8.02	0	Gaussian	9990000000.000000	9990000000.000000
2032	1	1052.184256	328.961085	     -1.00	   1732.80	   2009.72	      2.34	      1.85	     40.87	     32.37	30.23	 1.039e+01	     -8.02	0	Gaussian	9990000000.000000	9990000000.000000
2033	1	1048.454240	227.684128	     -1.00	   1438.03	    193.20	      2.56	      2.43	     44.85	     42.60	76.80	 1.337e+01	     -8.02	0	Gaussian	9990000000.000000	9990000000.000000
2034	1	1052.114192	463.967952	     -1.00	   2682.85	   3381.36	      2.08	      1.47	     36.42	     25.74	-47.35	 1.263e+01	     -8.02	0	Gaussian	9990000000.000000	9990000000.000000
2035	1	1057.358003	330.809772	     -1.00	   3160.09	   1130.43	      2.10	      2.05	     36.68	     35.85	29.63	 1.327e+01	     -8.02	0	Gaussian	9990000000.000000	9990000000.000000
2036	1	1049.503411	199.144325	     -1.00	   2506.49	     86.11	      2.95	      2.42	     51.57	     42.29	52.10	 1.168e+01	     -8.01	0	Gaussian	9990000000.000000	9990000000.000000
2037	1	1054.151637	317.148945	     -1.00	   1970.77	   2220.77	      2.38	      1.87	     41.71	     32.81	-9.91	 1.141e+01	     -8.01	0	Gaussian	9990000000.000000	9990000000.000000
2038	1	1052.179695	378.790976	     -1.00	   4610.81	   2535.77	      2.26	      1.65	     39.61	     28.91	31.45	 1.292e+01	     -8.01	0	Gaussian	9990000000.000000	9990000000.000000
2039	1	1045.679202	222.817953	     -1.00	   5543.39	   1914.12	      2.60	      2.44	     45.46	     42.78	11.68	 1.076e+01	     -8.01	0	Gaussian	9990000000.000000	9990000000.000000
2040	1	1056.299802	341.692534	     -1.00	   4332.76	   1183.08	      2.39	      1.73	     41.87	     30.26	-16.25	 1.111e+01	     -8.01	0	Gaussian	9990000000.000000	9990000000.000000
2041	1	1052.093632	214.558113	     -1.00	   2728.16	   3587.59	      2.75	      2.39	     48.14	     41.92	18.44	 1.084e+01	     -8.01	0	Gaussian	9990000000.000000	9990000000.000000
2042	1	1054.072923	431.793197	     -1.00	   2981.76	   3656.79	      2.09	      1.57	     36.50	     27.46	40.13	 1.152e+01	     -8.01	0	Gaussian	9990000000.000000	9990000000.000000
2043	1	1050.262733	238.334769	     -1.00	   4272.26	   3318.11	      2.64	      2.24	     46.22	     39.27	45.61	 1.049e+01	     -8.01	0	Gaussian	9990000000.000000	9990000000.000000
2044	1	1067.179792	555.294741	     -1.00	   3345.03	   1541.01	      1.98	      1.28	     34.69	     22.46	-45.07	 4.168e+01	     -8.01	0	Gaussian	9990000000.000000	9990000000.000000
2045	1	1053.208826	334.103508	     -1.00	   1714.38	   2451.81	      2.18	      1.94	     38.21	     33.88	-11.69	 1.325e+01	     -8.01	0	Gaussian	9990000000.000000	9990000000.000000
2046	1	1059.750634	299.304525	     -1.00	   2808.33	   1147.24	      2.31	      2.04	     40.40	     35.73	27.46	 2.140e+01	     -8.01	0	Gaussian	9990000000.000000	9990000000.000000
2047	1	1055.880406	339.609481	     -1.00	   2134.89	   1905.97	      2.33	      1.78	     40.76	     31.21	28.40	 1.076e+01	     -8.01	0	Gaussian	9990000000.000000	9990000000.000000
2048	1	1052.835270	148.636232	     -1.00	   4378.76	   1313.30	      3.45	      2.75	     60.35	     48.09	26.64	 1.098e+01	     -8.01	0	Gaussian	9990000000.000000	9990000000.000000
2049	1	1049.192026	132.282236	     -1.00	   5357.13	   1970.86	      3.53	      3.01	     61.87	     52.67	25.92	 9.793e+00	     -8.01	0	Gaussian	9990000000.000000	9990000000.000000
2050	1	1047.970238	135.336292	     -1.00	   1546.94	   2629.10	      4.55	      2.28	     79.68	     39.97	-14.26	 1.251e+01	     -8.01	0	Gaussian	9990000000.000000	9990000000.000000
2051	1	1053.664060	301.063911	     -1.00	   3620.69	    765.93	      2.41	      1.94	     42.21	     33.89	48.33	 1.198e+01	     -8.01	0	Gaussian	9990000000.000000	9990000000.000000
2052	1	1054.970956	519.365998	     -1.00	   3562.94	   1342.01	      2.08	      1.30	     36.38	     22.79	43.14	 1.257e+01	     -8.01	0	Gaussian	9990000000.000000	9990000000.000000
2053	1	1055.940711	256.059604	     -1.00	   3593.38	   1561.44	      2.57	      2.14	     44.93	     37.42	-85.28	 1.238e+01	     -8.00	0	Gaussian	9990000000.000000	9990000000.000000
2054	1	1047.802907	372.278163	     -1.00	   5398.42	   3629.31	      2.35	      1.60	     41.20	     28.07	42.67	 1.217e+01	     -8.00	0	Gaussian	9990000000.000000	9990000000.000000
2055	1	1048.451974	200.522459	     -1.00	   4917.59	    849.87	      2.95	      2.38	     51.62	     41.58	-17.04	 1.091e+01	     -8.00	0	Gaussian	9990000000.000000	9990000000.000000
2056	1	1038.333238	330.075275	     -1.00	    198.03	   1292.25	      2.06	      2.06	     36.11	     36.11	32.11	 1.445e+01	     -8.00	0	Gaussian	9990000000.000000	9990000000.000000
2057	1	1044.165874	221.596529	     -1.00	   5044.51	   3941.61	      2.71	      2.34	     47.44	     40.92	43.41	 9.373e+00	     -8.00	0	Gaussian	9990000000.000000	9990000000.000000
2058	1	1042.113464	237.948106	     -1.00	    587.36	   1409.91	      2.48	      2.38	     43.34	     41.71	-7.05	 1.081e+01	     -8.00	0	Gaussian	9990000000.000000	9990000000.000000
2059	1	1051.003075	175.934120	     -1.00	   4314.54	   1131.73	      3.13	      2.55	     54.77	     44.61	-29.40	 1.020e+01	     -8.00	0	Gaussian	9990000000.000000	9990000000.000000
2060	1	1051.830844	360.134077	     -1.00	   2049.98	   3107.93	      2.29	      1.70	     40.03	     29.82	-35.84	 1.192e+01	     -8.00	0	Gaussian	9990000000.000000	9990000000.000000
2061	1	1058.367221	285.837144	     -1.00	   3255.19	   2639.47	      2.45	      2.00	     42.93	     35.01	-9.36	 1.291e+01	     -8.00	0	Gaussian	9990000000.000000	9990000000.000000
2062	1	1052.286182	308.743138	     -1.00	   4760.19	   2888.97	      2.24	      2.02	     39.25	     35.44	35.31	 1.109e+01	     -8.00	0	Gaussian	9990000000.000000	9990000000.000000
2063	1	1054.007432	430.795401	     -1.00	   4077.94	   1980.70	      1.80	      1.80	     31.57	     31.57	-27.99	 1.369e+01	     -8.00	0	Gaussian	9990000000.000000	9990000000.000000
2064	1	1057.929305	289.143145	     -1.00	   3024.14	   1048.14	      2.24	      2.17	     39.17	     37.90	-51.22	 1.663e+01	     -8.00	0	Gaussian	9990000000.000000	9990000000.000000
2065	1	1051.963736	198.738831	     -1.00	   4370.53	   3510.67	      2.95	      2.39	     51.61	     41.81	-27.58	 1.068e+01	     -8.00	0	Gaussian	9990000000.000000	9990000000.000000
2066	1	1053.644695	208.806301	     -1.00	   2840.56	    886.97	      2.73	      2.45	     47.84	     42.91	36.57	 1.132e+01	     -8.00	0	Gaussian	9990000000.000000	9990000000.000000
2067	1	1049.525738	233.821392	     -1.00	   1422.48	    987.25	      2.84	      2.10	     49.70	     36.81	25.62	 1.255e+01	     -8.00	0	Gaussian	9990000000.000000	9990000000.000000
2068	1	1053.986645	280.669579	     -1.00	   2401.69	   3195.84	      2.49	      2.00	     43.51	     35.02	-28.52	 1.304e+01	     -8.00	0	Gaussian	9990000000.000000	9990000000.000000
2069	1	1054.892818	340.507548	     -1.00	   3045.47	    830.20	      2.27	      1.80	     39.80	     31.54	37.14	 1.075e+01	     -8.00	0	Gaussian	9990000000.000000	9990000000.000000
2070	1	1056.559139	443.152956	     -1.00	   3851.92	   2348.81	      2.07	      1.52	     36.31	     26.54	48.54	 1.432e+01	     -8.00	0	Gaussian	9990000000.000000	9990000000.000000
2071	1	1058.784089	307.935692	     -1.00	   2997.97	    843.67	      2.14	      2.11	     37.51	     36.97	-33.48	 1.693e+01	     -8.00	0	Gaussian	9990000000.000000	9990000000.000000
2072	1	1045.844633	212.807376	     -1.00	   5142.77	    490.24	      2.56	      2.56	     44.78	     44.78	-50.74	 1.072e+01	     -8.00	0	Gaussian	9990000000.000000	9990000000.000000
2073	1	1056.305436	326.992244	     -1.00	   2847.92	   1130.29	      2.06	      2.06	     36.12	     36.12	-3.88	 1.383e+01	     -8.00	0	Gaussian	9990000000.000000	9990000000.000000
2074	1	1044.252991	236.376402	     -1.00	   1080.67	   3634.07	      2.77	      2.13	     48.41	     37.28	50.45	 1.061e+01	     -8.00	0	Gaussian	9990000000.000000	9990000000.000000
2075	1	1056.035947	298.131002	     -1.00	   4554.84	   2968.30	      2.50	      1.87	     43.80	     32.67	25.58	 1.346e+01	     -8.00	0	Gaussian	9990000000.000000	9990000000.000000
2076	1	1055.528059	274.791882	     -1.00	   2813.48	    957.54	      2.35	      2.16	     41.10	     37.76	83.04	 1.361e+01	     -7.99	0	Gaussian	9990000000.000000	9990000000.000000
2077	1	1054.149621	284.831038	     -1.00	   3682.26	   1110.58	      2.50	      1.96	     43.68	     34.24	4.10	 1.441e+01	     -7.99	0	Gaussian	9990000000.000000	9990000000.000000
2078	1	1055.479038	338.902649	     -1.00	   3494.74	    783.07	      2.22	      1.85	     38.78	     32.41	-24.80	 1.803e+01	     -7.99	0	Gaussian	9990000000.000000	9990000000.000000
2079	1	1057.418679	239.652968	     -1.00	   3782.53	   1616.63	      2.70	      2.15	     47.21	     37.63	-11.33	 1.177e+01	     -7.99	0	Gaussian	9990000000.000000	9990000000.000000
2080	1	1045.029986	202.100145	     -1.00	   5304.64	   3612.45	      2.82	      2.43	     49.38	     42.60	5.52	 1.021e+01	     -7.99	0	Gaussian	9990000000.000000	9990000000.000000
2081	1	1055.104262	249.305253	     -1.00	   3309.46	    453.65	      2.45	      2.27	     42.87	     39.74	-27.61	 2.473e+01	     -7.99	0	Gaussian	9990000000.000000	9990000000.000000
2082	1	1062.367310	323.634388	     -1.00	   3213.41	   2529.98	      2.17	      1.97	     37.95	     34.56	19.58	 1.337e+01	     -7.99	0	Gaussian	9990000000.000000	9990000000.000000
2083	1	1053.321056	249.024758	     -1.00	   1925.88	   2290.85	      2.82	      1.97	     49.42	     34.47	-8.56	 1.058e+01	     -7.99	0	Gaussian	9990000000.000000	9990000000.000000
2084	1	1056.100116	289.715078	     -1.00	   2832.00	    803.91	      2.36	      2.02	     41.28	     35.40	-67.31	 1.241e+01	     -7.99	0	Gaussian	9990000000.000000	9990000000.000000
2085	1	1047.086001	176.310836	     -1.00	   1247.11	   1653.29	      2.89	      2.71	     50.66	     47.37	43.66	 1.093e+01	     -7.99	0	Gaussian	9990000000.000000	9990000000.000000
2086	1	1056.558951	300.825400	     -1.00	   2504.48	    649.28	      2.45	      1.88	     42.84	     32.82	43.13	 1.175e+01	     -7.99	0	Gaussian	9990000000.000000	9990000000.000000
2087	1	1044.198727	211.376212	     -1.00	   5829.41	   2412.48	      2.55	      2.55	     44.72	     44.72	-58.97	 1.084e+01	     -7.99	0	Gaussian	9990000000.000000	9990000000.000000
2088	1	1058.077051	322.951708	     -1.00	   3744.27	   2611.40	      2.14	      2.00	     37.45	     34.93	-33.08	 1.586e+01	     -7.98	0	Gaussian	9990000000.000000	9990000000.000000
2089	1	1045.881895	265.259898	     -1.00	   5106.52	    506.78	      2.73	      1.91	     47.72	     33.38	10.76	 1.184e+01	     -7.98	0	Gaussian	9990000000.000000	9990000000.000000
2090	1	1050.738527	191.933760	     -1.00	   2301.81	    989.88	      3.08	      2.33	     54.00	     40.73	12.55	 1.075e+01	     -7.98	0	Gaussian	9990000000.000000	9990000000.000000
2091	1	1071.627916	311.685780	     -1.00	   4504.55	   3247.60	      2.10	      2.10	     36.80	     36.80	-0.06	 1.013e+02	     -7.98	0	Gaussian	9990000000.000000	9990000000.000000
2092	1	1056.796683	307.166158	     -1.00	   3990.80	   2461.57	      2.35	      1.91	     41.08	     33.44	75.09	 1.185e+01	     -7.98	0	Gaussian	9990000000.000000	9990000000.000000
2093	1	1054.464914	440.823114	     -1.00	   4308.17	   1555.33	      2.08	      1.50	     36.43	     26.28	49.69	 1.380e+01	     -7.98	0	Gaussian	9990000000.000000	9990000000.000000
2094	1	1049.620979	250.078400	     -1.00	   2226.01	    374.84	      2.35	      2.35	     41.07	     41.07	-40.81	 1.037e+01	     -7.98	0	Gaussian	9990000000.000000	9990000000.000000
2095	1	1050.253759	351.098526	     -1.00	   1512.76	    465.88	      2.28	      1.72	     39.98	     30.04	31.19	 1.124e+01	     -7.98	0	Gaussian	9990000000.000000	9990000000.000000
2096	1	1052.403009	221.557349	     -1.00	   3677.74	    636.40	      2.84	      2.19	     49.69	     38.25	-25.91	 1.169e+01	     -7.98	0	Gaussian	9990000000.000000	9990000000.000000
2097	1	1051.409019	214.421871	     -1.00	   5061.63	   1465.63	      2.70	      2.38	     47.19	     41.59	25.00	 1.361e+01	     -7.98	0	Gaussian	9990000000.000000	9990000000.000000
2098	1	1055.452767	299.073618	     -1.00	   2868.07	   2960.81	      2.37	      1.94	     41.47	     33.90	35.25	 1.418e+01	     -7.98	0	Gaussian	9990000000.000000	9990000000.000000
2099	1	1043.306483	202.363027	     -1.00	   5870.42	   2098.24	      2.94	      2.31	     51.40	     40.40	33.18	 1.037e+01	     -7.98	0	Gaussian	9990000000.000000	9990000000.000000
2100	1	1046.568036	234.984088	     -1.00	   1021.02	   1722.89	      2.61	      2.23	     45.73	     39.05	10.39	 1.134e+01	     -7.98	0	Gaussian	9990000000.000000	9990000000.000000
2101	1	1065.911339	402.908391	     -1.00	   2803.92	   1979.07	      2.10	      1.62	     36.79	     28.29	28.22	 6.337e+01	     -7.98	0	Gaussian	9990000000.000000	9990000000.000000
2102	1	1050.310732	382.336552	     -1.00	   2430.34	   3857.11	      2.00	      1.79	     34.92	     31.37	43.71	 1.445e+01	     -7.98	0	Gaussian	9990000000.000000	9990000000.000000
2103	1	1054.149264	349.677164	     -1.00	   3261.53	   3217.98	      2.11	      1.85	     37.02	     32.35	-13.01	 1.285e+01	     -7.98	0	Gaussian	9990000000.000000	9990000000.000000
2104	1	1069.869424	405.579944	     -1.00	   3311.18	   2003.12	      2.12	      1.59	     37.09	     27.82	-35.59	 5.435e+01	     -7.97	0	Gaussian	9990000000.000000	9990000000.000000
2105	1	1049.883313	253.430267	     -1.00	   2961.78	   3811.30	      2.41	      2.24	     42.16	     39.16	35.96	 1.085e+01	     -7.97	0	Gaussian	9990000000.000000	9990000000.000000
2106	1	1050.492690	219.946737	     -1.00	   2222.54	    210.26	      2.66	      2.34	     46.51	     40.90	43.40	 1.164e+01	     -7.97	0	Gaussian	9990000000.000000	9990000000.000000
2107	1	1055.201129	290.635588	     -1.00	   4333.09	   3048.91	      2.17	      2.17	     37.93	     37.93	19.07	 1.241e+01	     -7.97	0	Gaussian	9990000000.000000	9990000000.000000
2108	1	1058.521762	342.843571	     -1.00	   3453.97	   2169.42	      2.08	      1.92	     36.34	     33.56	15.51	 1.358e+01	     -7.97	0	Gaussian	9990000000.000000	9990000000.000000
2109	1	1054.472352	311.265011	     -1.00	   1951.72	   1601.05	      2.22	      1.97	     38.94	     34.45	39.11	 1.157e+01	     -7.97	0	Gaussian	9990000000.000000	9990000000.000000
2110	1	1058.586948	316.704058	     -1.00	   2690.41	   1661.82	      2.18	      1.97	     38.16	     34.55	-45.06	 1.147e+01	     -7.97	0	Gaussian	9990000000.000000	9990000000.000000
2111	1	1048.118260	250.531413	     -1.00	   4846.47	    606.37	      2.60	      2.09	     45.50	     36.62	-15.32	 1.210e+01	     -7.97	0	Gaussian	9990000000.000000	9990000000.000000
2112	1	1055.551131	360.204807	     -1.00	   3326.07	   1302.22	      2.21	      1.71	     38.69	     29.95	-14.76	 1.236e+01	     -7.97	0	Gaussian	9990000000.000000	9990000000.000000
2113	1	1047.814135	128.762043	     -1.00	   1631.40	    329.01	      4.40	      2.40	     77.08	     42.03	46.18	 1.201e+01	     -7.97	0	Gaussian	9990000000.000000	9990000000.000000
2114	1	1052.837935	311.629918	     -1.00	   4166.42	    873.76	      2.27	      1.92	     39.78	     33.58	-52.42	 1.204e+01	     -7.97	0	Gaussian	9990000000.000000	9990000000.000000
2115	1	1050.862242	305.928371	     -1.00	   4294.79	   3173.76	      2.11	      2.11	     36.89	     36.89	-60.80	 1.379e+01	     -7.97	0	Gaussian	9990000000.000000	9990000000.000000
2116	1	1053.129562	262.461248	     -1.00	   4515.44	   2763.82	      2.70	      1.92	     47.27	     33.55	32.94	 1.171e+01	     -7.97	0	Gaussian	9990000000.000000	9990000000.000000
2117	1	1050.666596	238.136170	     -1.00	   3776.48	   3769.45	      2.76	      2.07	     48.24	     36.23	55.05	 1.216e+01	     -7.97	0	Gaussian	9990000000.000000	9990000000.000000
2118	1	1053.365032	300.661717	     -1.00	   4434.81	   2441.48	      2.36	      1.91	     41.32	     33.46	30.69	 1.070e+01	     -7.97	0	Gaussian	9990000000.000000	9990000000.000000
2119	1	1046.586002	380.792145	     -1.00	   4122.11	   3657.14	      2.32	      1.53	     40.67	     26.82	49.33	 1.066e+01	     -7.97	0	Gaussian	9990000000.000000	9990000000.000000
2120	1	1057.369875	334.643202	     -1.00	   3019.09	   1444.67	      2.14	      1.89	     37.54	     33.06	-40.13	 1.393e+01	     -7.97	0	Gaussian	9990000000.000000	9990000000.000000
2121	1	1056.073124	317.683572	     -1.00	   2703.20	   1138.41	      2.22	      1.92	     38.91	     33.60	51.70	 1.049e+01	     -7.97	0	Gaussian	9990000000.000000	9990000000.000000
2122	1	1059.604806	424.451318	     -1.00	   2859.12	   2346.42	      1.30	      1.19	     22.75	     20.84	-71.28	 2.606e+01	     -7.97	0	Gaussian	9990000000.000000	9990000000.000000
2123	1	1054.233891	224.281535	     -1.00	   2424.01	   1015.55	      2.59	      2.33	     45.42	     40.73	62.42	 1.116e+01	     -7.96	0	Gaussian	9990000000.000000	9990000000.000000
2124	1	1044.728342	220.041681	     -1.00	   4729.37	    133.18	      2.87	      2.14	     50.21	     37.47	6.32	 1.096e+01	     -7.96	0	Gaussian	9990000000.000000	9990000000.000000
2125	1	1059.853906	435.944134	     -1.00	   2985.53	   1692.93	      1.93	      1.61	     33.70	     28.15	3.71	 1.629e+01	     -7.96	0	Gaussian	9990000000.000000	9990000000.000000
2126	1	1055.590738	208.112846	     -1.00	   4428.07	    712.35	      2.94	      2.20	     51.48	     38.58	-22.41	 1.713e+01	     -7.96	0	Gaussian	9990000000.000000	9990000000.000000
2127	1	1056.853133	218.233027	     -1.00	   2679.76	    130.35	      2.76	      2.24	     48.29	     39.20	69.64	 4.654e+01	     -7.96	0	Gaussian	9990000000.000000	9990000000.000000
2128	1	1045.967800	281.602165	     -1.00	   5162.40	   3633.55	      2.51	      1.91	     43.90	     33.41	44.95	 1.159e+01	     -7.96	0	Gaussian	9990000000.000000	9990000000.000000
2129	1	1058.690572	449.701157	     -1.00	   2565.89	   2258.04	      2.04	      1.47	     35.70	     25.69	-36.24	 1.377e+01	     -7.96	0	Gaussian	9990000000.000000	9990000000.000000
2130	1	1049.195960	167.107692	     -1.00	   3769.02	    230.03	      3.36	      2.40	     58.87	     41.92	-84.51	 1.122e+01	     -7.96	0	Gaussian	9990000000.000000	9990000000.000000
2131	1	1050.054534	274.526389	     -1.00	   2361.64	   3705.14	      2.36	      2.07	     41.37	     36.31	33.35	 1.196e+01	     -7.96	0	Gaussian	9990000000.000000	9990000000.000000
2132	1	1050.412692	281.379858	     -1.00	   4559.35	    562.99	      2.39	      2.00	     41.89	     34.98	-12.63	 1.100e+01	     -7.96	0	Gaussian	9990000000.000000	9990000000.000000
2133	1	1049.099441	195.449376	     -1.00	   1515.11	    867.68	      2.85	      2.41	     49.95	     42.18	23.23	 1.036e+01	     -7.96	0	Gaussian	9990000000.000000	9990000000.000000
2134	1	1038.035412	224.079996	     -1.00	    171.44	   1219.65	      2.56	      2.34	     44.78	     41.03	-15.46	 1.149e+01	     -7.96	0	Gaussian	9990000000.000000	9990000000.000000
2135	1	1058.089406	189.846197	     -1.00	   2669.15	   1722.15	      2.75	      2.57	     48.11	     45.04	-38.91	 1.377e+01	     -7.96	0	Gaussian	9990000000.000000	9990000000.000000
2136	1	1049.693534	201.489948	     -1.00	   3417.81	    270.92	      2.58	      2.58	     45.19	     45.19	-25.08	 1.115e+01	     -7.96	0	Gaussian	9990000000.000000	9990000000.000000
2137	1	1055.205530	426.469260	     -1.00	   2449.33	   2656.82	      1.95	      1.62	     34.06	     28.32	-42.09	 1.050e+01	     -7.96	0	Gaussian	9990000000.000000	9990000000.000000
2138	1	1043.217380	390.997878	     -1.00	   1517.80	   3956.73	      2.21	      1.55	     38.70	     27.18	40.05	 1.032e+01	     -7.96	0	Gaussian	9990000000.000000	9990000000.000000
2139	1	1059.207457	307.440409	     -1.00	   2677.29	    832.28	      2.40	      1.82	     41.97	     31.87	59.11	 2.885e+01	     -7.96	0	Gaussian	9990000000.000000	9990000000.000000
2140	1	1048.592523	287.481105	     -1.00	   1537.42	   2966.59	      2.62	      1.78	     45.93	     31.11	-53.15	 1.125e+01	     -7.95	0	Gaussian	9990000000.000000	9990000000.000000
2141	1	1044.945857	151.997205	     -1.00	   4225.76	     47.66	      3.19	      2.76	     55.90	     48.33	17.87	 9.644e+00	     -7.95	0	Gaussian	9990000000.000000	9990000000.000000
2142	1	1050.977181	219.844294	     -1.00	   3526.70	    302.03	      2.71	      2.25	     47.48	     39.33	80.25	 1.219e+01	     -7.95	0	Gaussian	9990000000.000000	9990000000.000000
2143	1	1054.971844	212.099358	     -1.00	   4703.32	   2008.79	      2.81	      2.25	     49.17	     39.33	50.23	 1.193e+01	     -7.95	0	Gaussian	9990000000.000000	9990000000.000000
2144	1	1057.636680	412.166455	     -1.00	   4084.32	   1885.29	      1.80	      1.80	     31.55	     31.55	-60.33	 1.247e+01	     -7.95	0	Gaussian	9990000000.000000	9990000000.000000
2145	1	1054.020505	269.299262	     -1.00	   3325.19	   1067.51	      2.36	      2.10	     41.35	     36.76	19.78	 1.088e+01	     -7.95	0	Gaussian	9990000000.000000	9990000000.000000
2146	1	1044.936822	242.337346	     -1.00	   5332.90	   3731.25	      2.47	      2.23	     43.25	     39.02	-19.21	 1.484e+01	     -7.95	0	Gaussian	9990000000.000000	9990000000.000000
2147	1	1050.336369	181.915653	     -1.00	   4910.90	   2305.63	      3.13	      2.35	     54.74	     41.07	12.74	 1.061e+01	     -7.95	0	Gaussian	9990000000.000000	9990000000.000000
2148	1	1048.468761	230.169423	     -1.00	   1943.45	   3377.44	      2.44	      2.38	     42.66	     41.62	1.41	 1.257e+01	     -7.95	0	Gaussian	9990000000.000000	9990000000.000000
2149	1	1061.404281	499.706528	     -1.00	   2800.68	   2357.88	      1.90	      1.40	     33.28	     24.58	24.11	 1.316e+01	     -7.95	0	Gaussian	9990000000.000000	9990000000.000000
2150	1	1050.810422	251.414710	     -1.00	   2027.39	   3021.77	      2.50	      2.12	     43.79	     37.09	9.58	 1.183e+01	     -7.95	0	Gaussian	9990000000.000000	9990000000.000000
2151	1	1057.809200	244.134628	     -1.00	   2482.38	   1024.54	      2.54	      2.15	     44.50	     37.58	22.32	 2.301e+01	     -7.95	0	Gaussian	9990000000.000000	9990000000.000000
2152	1	1052.006611	248.970292	     -1.00	   2791.68	   3459.64	      2.31	      2.31	     40.50	     40.50	-16.14	 1.147e+01	     -7.95	0	Gaussian	9990000000.000000	9990000000.000000
2153	1	1049.460963	332.188276	     -1.00	   3844.26	   3583.28	      2.28	      1.76	     39.88	     30.80	32.85	 1.243e+01	     -7.95	0	Gaussian	9990000000.000000	9990000000.000000
2154	1	1055.122240	254.410956	     -1.00	   4056.61	   2806.65	      2.39	      2.19	     41.86	     38.30	9.81	 1.219e+01	     -7.95	0	Gaussian	9990000000.000000	9990000000.000000
2155	1	1049.575681	240.565916	     -1.00	   1912.60	    607.69	      2.76	      2.01	     48.28	     35.11	38.34	 1.112e+01	     -7.95	0	Gaussian	9990000000.000000	9990000000.000000
2156	1	1053.626287	325.167892	     -1.00	   3252.66	    947.24	      2.08	      1.97	     36.34	     34.51	28.60	 1.142e+01	     -7.95	0	Gaussian	9990000000.000000	9990000000.000000
2157	1	1052.262690	221.642282	     -1.00	   4234.03	    503.75	      2.69	      2.23	     47.07	     39.06	-81.06	 1.222e+01	     -7.95	0	Gaussian	9990000000.000000	9990000000.000000
2158	1	1050.995324	221.950601	     -1.00	   1658.57	   1478.67	      2.62	      2.28	     45.89	     39.92	22.67	 1.084e+01	     -7.94	0	Gaussian	9990000000.000000	9990000000.000000
2159	1	1052.204825	131.251083	     -1.00	   3569.27	    622.38	      4.77	      2.12	     83.50	     37.07	40.19	 1.246e+01	     -7.94	0	Gaussian	9990000000.000000	9990000000.000000
2160	1	1050.510360	281.780445	     -1.00	   5058.15	   2708.83	      2.49	      1.89	     43.51	     33.13	15.14	 1.191e+01	     -7.94	0	Gaussian	9990000000.000000	9990000000.000000
2161	1	1044.763244	318.020351	     -1.00	    890.75	    971.93	      2.13	      1.96	     37.21	     34.30	60.43	 1.172e+01	     -7.94	0	Gaussian	9990000000.000000	9990000000.000000
2162	1	1050.183549	189.669988	     -1.00	   4420.53	   3456.41	      2.97	      2.35	     52.05	     41.10	42.64	 9.995e+00	     -7.94	0	Gaussian	9990000000.000000	9990000000.000000
2163	1	1046.910126	237.499700	     -1.00	   5146.08	    648.16	      2.36	      2.36	     41.33	     41.33	56.87	 1.333e+01	     -7.94	0	Gaussian	9990000000.000000	9990000000.000000
2164	1	1048.915756	200.311187	     -1.00	   1657.57	    715.15	      2.72	      2.43	     47.62	     42.47	16.11	 1.041e+01	     -7.94	0	Gaussian	9990000000.000000	9990000000.000000
2165	1	1050.497252	267.679192	     -1.00	   1271.38	   1670.38	      2.60	      1.90	     45.59	     33.19	34.91	 1.103e+01	     -7.94	0	Gaussian	9990000000.000000	9990000000.000000
2166	1	1048.925256	258.778844	     -1.00	   4060.60	    143.35	      2.51	      2.04	     43.86	     35.69	-55.36	 1.034e+01	     -7.94	0	Gaussian	9990000000.000000	9990000000.000000
2167	1	1049.829907	181.045105	     -1.00	   4785.18	    803.50	      2.92	      2.50	     51.15	     43.72	-22.77	 1.081e+01	     -7.94	0	Gaussian	9990000000.000000	9990000000.000000
2168	1	1058.321398	346.982310	     -1.00	   3284.98	   2804.86	      2.29	      1.66	     40.11	     29.08	-42.71	 1.419e+01	     -7.94	0	Gaussian	9990000000.000000	9990000000.000000
2169	1	1050.299179	285.213261	     -1.00	   3876.18	    329.96	      2.33	      1.99	     40.71	     34.85	-49.23	 1.282e+01	     -7.94	0	Gaussian	9990000000.000000	9990000000.000000
2170	1	1053.657901	270.320826	     -1.00	   3151.85	    714.79	      2.42	      2.01	     42.40	     35.23	82.84	 1.232e+01	     -7.94	0	Gaussian	9990000000.000000	9990000000.000000
2171	1	1045.306204	184.926082	     -1.00	   5520.01	   2351.48	      3.17	      2.25	     55.52	     39.33	26.60	 1.141e+01	     -7.94	0	Gaussian	9990000000.000000	9990000000.000000
2172	1	1056.047499	266.163477	     -1.00	   2604.91	   2908.26	      2.33	      2.12	     40.80	     37.18	0.78	 1.034e+01	     -7.94	0	Gaussian	9990000000.000000	9990000000.000000
2173	1	1052.376312	283.890090	     -1.00	   1807.25	   1514.11	      2.46	      1.89	     43.04	     33.02	35.78	 1.103e+01	     -7.93	0	Gaussian	9990000000.000000	9990000000.000000
2174	1	1049.082222	285.538945	     -1.00	   1562.13	    397.07	      2.15	      2.15	     37.59	     37.59	-85.84	 1.715e+01	     -7.93	0	Gaussian	9990000000.000000	9990000000.000000
2175	1	1060.520774	381.387540	     -1.00	   3344.04	   1895.99	      2.27	      1.52	     39.73	     26.61	-46.17	 1.517e+01	     -7.93	0	Gaussian	9990000000.000000	9990000000.000000
2176	1	1058.492755	206.143100	     -1.00	   3689.76	    226.96	      2.69	      2.38	     47.02	     41.59	-41.53	 3.793e+01	     -7.93	0	Gaussian	9990000000.000000	9990000000.000000
2177	1	1056.077731	301.099952	     -1.00	   2253.09	   2670.75	      2.29	      1.91	     40.01	     33.45	-37.08	 1.098e+01	     -7.93	0	Gaussian	9990000000.000000	9990000000.000000
2178	1	1059.541910	160.173610	     -1.00	   5421.34	   2070.54	      3.02	      2.72	     52.79	     47.65	50.04	 6.002e+01	     -7.93	0	Gaussian	9990000000.000000	9990000000.000000
2179	1	1056.334977	370.207582	     -1.00	   3344.99	   1710.94	      2.08	      1.71	     36.37	     29.91	-44.58	 1.401e+01	     -7.93	0	Gaussian	9990000000.000000	9990000000.000000
2180	1	1058.918553	235.209087	     -1.00	   3693.66	   2529.52	      2.39	      2.34	     41.76	     40.97	5.67	 1.372e+01	     -7.93	0	Gaussian	9990000000.000000	9990000000.000000
2181	1	1043.358099	274.923062	     -1.00	    361.13	   3271.26	      2.40	      1.99	     41.95	     34.90	-29.47	 3.056e+01	     -7.93	0	Gaussian	9990000000.000000	9990000000.000000
2182	1	1052.222159	329.400348	     -1.00	   3143.24	   3615.08	      2.18	      1.83	     38.07	     32.07	-31.17	 1.105e+01	     -7.93	0	Gaussian	9990000000.000000	9990000000.000000
2183	1	1049.721433	197.159157	     -1.00	   1888.92	    850.96	      2.72	      2.45	     47.53	     42.89	63.65	 1.112e+01	     -7.93	0	Gaussian	9990000000.000000	9990000000.000000
2184	1	1052.725669	309.546187	     -1.00	   3747.98	   1093.82	      2.15	      1.97	     37.60	     34.53	-11.72	 1.265e+01	     -7.93	0	Gaussian	9990000000.000000	9990000000.000000
2185	1	1044.011806	289.748704	     -1.00	   4982.35	   3977.43	      2.13	      2.13	     37.23	     37.23	-10.59	 1.213e+01	     -7.93	0	Gaussian	9990000000.000000	9990000000.000000
2186	1	1048.679460	246.103626	     -1.00	   5098.74	   1456.37	      2.83	      1.88	     49.50	     32.88	-2.65	 1.210e+01	     -7.93	0	Gaussian	9990000000.000000	9990000000.000000
2187	1	1049.093683	247.238322	     -1.00	   1205.01	   1770.38	      2.47	      2.14	     43.18	     37.51	16.29	 9.642e+00	     -7.93	0	Gaussian	9990000000.000000	9990000000.000000
2188	1	1055.636719	294.416606	     -1.00	   3922.30	   1591.49	      2.24	      1.98	     39.16	     34.73	65.86	 1.303e+01	     -7.93	0	Gaussian	9990000000.000000	9990000000.000000
2189	1	1059.894797	452.570589	     -1.00	   3360.95	   1390.04	      2.12	      1.36	     37.08	     23.85	40.27	 1.795e+01	     -7.93	0	Gaussian	9990000000.000000	9990000000.000000
2190	1	1053.845801	276.493592	     -1.00	   4953.89	   2405.69	      2.73	      1.73	     47.84	     30.23	10.04	 1.219e+01	     -7.92	0	Gaussian	9990000000.000000	9990000000.000000
2191	1	1050.773794	232.841059	     -1.00	   3821.65	    503.25	      2.50	      2.24	     43.73	     39.25	-65.63	 1.232e+01	     -7.92	0	Gaussian	9990000000.000000	9990000000.000000
2192	1	1049.578164	194.057645	     -1.00	   3562.19	    196.05	      2.59	      2.59	     45.37	     45.37	62.48	 1.070e+01	     -7.92	0	Gaussian	9990000000.000000	9990000000.000000
2193	1	1053.780802	255.711025	     -1.00	   4781.07	   2451.77	      2.69	      1.90	     47.06	     33.17	49.11	 1.138e+01	     -7.92	0	Gaussian	9990000000.000000	9990000000.000000
2194	1	1051.592456	211.623453	     -1.00	   1414.28	   2042.03	      2.67	      2.31	     46.72	     40.36	21.70	 1.118e+01	     -7.92	0	Gaussian	9990000000.000000	9990000000.000000
2195	1	1046.985644	230.476589	     -1.00	   2716.12	    168.78	      2.54	      2.22	     44.45	     38.93	80.18	 1.186e+01	     -7.92	0	Gaussian	9990000000.000000	9990000000.000000
2196	1	1056.310690	239.060317	     -1.00	   3112.50	   1186.43	      2.59	      2.10	     45.31	     36.80	4.99	 1.263e+01	     -7.92	0	Gaussian	9990000000.000000	9990000000.000000
2197	1	1047.251425	185.803037	     -1.00	   5240.61	    672.39	      3.16	      2.22	     55.26	     38.80	34.51	 1.147e+01	     -7.92	0	Gaussian	9990000000.000000	9990000000.000000
2198	1	1057.511864	450.088230	     -1.00	   2636.77	   2321.21	      2.15	      1.35	     37.55	     23.55	-39.50	 1.083e+01	     -7.92	0	Gaussian	9990000000.000000	9990000000.000000
2199	1	1042.429510	366.638246	     -1.00	    663.22	   3100.98	      2.08	      1.70	     36.44	     29.77	-44.43	 1.231e+01	     -7.92	0	Gaussian	9990000000.000000	9990000000.000000
2200	1	1054.599914	191.699934	     -1.00	   3607.62	   1344.02	      2.85	      2.38	     49.85	     41.61	-62.61	 1.314e+01	     -7.92	0	Gaussian	9990000000.000000	9990000000.000000
2201	1	1053.629600	233.943759	     -1.00	   3205.33	   1298.77	      2.36	      2.35	     41.22	     41.22	-56.82	 1.065e+01	     -7.92	0	Gaussian	9990000000.000000	9990000000.000000
2202	1	1059.119718	445.825579	     -1.00	   2962.93	   1257.97	      2.16	      1.35	     37.77	     23.59	44.46	 1.286e+01	     -7.92	0	Gaussian	9990000000.000000	9990000000.000000
2203	1	1050.866471	258.806500	     -1.00	   1691.95	    841.13	      2.45	      2.04	     42.89	     35.78	48.55	 1.360e+01	     -7.92	0	Gaussian	9990000000.000000	9990000000.000000
2204	1	1045.943934	279.790986	     -1.00	    368.91	   3270.24	      2.40	      1.93	     41.96	     33.84	16.76	 3.018e+01	     -7.92	0	Gaussian	9990000000.000000	9990000000.000000
2205	1	1052.543776	230.116553	     -1.00	   4711.27	   2233.78	      2.54	      2.22	     44.42	     38.85	4.26	 1.089e+01	     -7.92	0	Gaussian	9990000000.000000	9990000000.000000
2206	1	1049.922464	320.204839	     -1.00	   4907.11	   3171.96	      2.24	      1.81	     39.19	     31.64	28.89	 1.043e+01	     -7.92	0	Gaussian	9990000000.000000	9990000000.000000
2207	1	1048.971476	198.567690	     -1.00	   4412.47	   3506.36	      2.72	      2.40	     47.52	     42.07	60.54	 1.091e+01	     -7.92	0	Gaussian	9990000000.000000	9990000000.000000
2208	1	1060.280676	363.252676	     -1.00	   2440.22	   1347.27	      2.16	      1.65	     37.74	     28.95	50.52	 1.325e+01	     -7.92	0	Gaussian	9990000000.000000	9990000000.000000
2209	1	1059.007846	310.322478	     -1.00	   3327.06	    802.48	      2.25	      1.85	     39.39	     32.44	59.80	 2.976e+01	     -7.92	0	Gaussian	9990000000.000000	9990000000.000000
2210	1	1055.518782	164.773734	     -1.00	   4209.12	   1017.57	      3.07	      2.56	     53.79	     44.72	1.87	 1.284e+01	     -7.92	0	Gaussian	9990000000.000000	9990000000.000000
2211	1	1057.958609	252.673836	     -1.00	   3098.77	   1382.28	      2.55	      2.01	     44.59	     35.16	46.08	 1.368e+01	     -7.91	0	Gaussian	9990000000.000000	9990000000.000000
2212	1	1042.292734	272.102782	     -1.00	    666.95	   3176.68	      2.35	      2.02	     41.12	     35.33	-32.53	 1.121e+01	     -7.91	0	Gaussian	9990000000.000000	9990000000.000000
2213	1	1052.174934	291.710711	     -1.00	   3516.80	   3352.74	      2.16	      2.05	     37.84	     35.80	-49.22	 1.215e+01	     -7.91	0	Gaussian	9990000000.000000	9990000000.000000
2214	1	1053.265838	318.744735	     -1.00	   2814.39	   3779.71	      2.58	      1.57	     45.14	     27.46	-34.46	 2.338e+01	     -7.91	0	Gaussian	9990000000.000000	9990000000.000000
2215	1	1055.241498	250.314287	     -1.00	   4369.27	   1837.09	      2.54	      2.03	     44.37	     35.54	4.93	 1.195e+01	     -7.91	0	Gaussian	9990000000.000000	9990000000.000000
2216	1	1043.047822	338.442623	     -1.00	   1073.08	    267.81	      2.12	      1.79	     37.17	     31.38	47.12	 1.257e+01	     -7.91	0	Gaussian	9990000000.000000	9990000000.000000
2217	1	1047.927395	249.602289	     -1.00	   4038.58	   3898.39	      2.39	      2.16	     41.75	     37.88	70.49	 1.059e+01	     -7.91	0	Gaussian	9990000000.000000	9990000000.000000
2218	1	1051.222722	276.909539	     -1.00	   4875.24	   2564.13	      2.16	      2.16	     37.75	     37.75	-40.90	 1.154e+01	     -7.91	0	Gaussian	9990000000.000000	9990000000.000000
2219	1	1049.826560	211.103674	     -1.00	   1401.03	   2421.77	      2.74	      2.23	     47.91	     39.02	-46.77	 1.219e+01	     -7.91	0	Gaussian	9990000000.000000	9990000000.000000
2220	1	1048.179277	192.279799	     -1.00	   5088.35	   1207.68	      3.10	      2.16	     54.35	     37.73	-15.88	 9.488e+00	     -7.91	0	Gaussian	9990000000.000000	9990000000.000000
2221	1	1051.169788	214.043338	     -1.00	   2547.94	    537.72	      2.75	      2.18	     48.10	     38.21	64.51	 1.284e+01	     -7.91	0	Gaussian	9990000000.000000	9990000000.000000
2222	1	1051.208294	188.704781	     -1.00	   3833.10	    549.76	      3.05	      2.23	     53.38	     39.05	21.85	 1.137e+01	     -7.91	0	Gaussian	9990000000.000000	9990000000.000000
2223	1	1049.278656	244.749459	     -1.00	   3017.99	    460.54	      2.39	      2.19	     41.91	     38.34	73.37	 1.137e+01	     -7.91	0	Gaussian	9990000000.000000	9990000000.000000
2224	1	1046.265823	202.371817	     -1.00	   4929.65	   3491.78	      2.94	      2.16	     51.48	     37.74	-1.24	 1.135e+01	     -7.91	0	Gaussian	9990000000.000000	9990000000.000000
2225	1	1052.698322	363.692166	     -1.00	   4861.05	   3232.03	      2.37	      1.49	     41.46	     26.07	48.89	 1.200e+01	     -7.91	0	Gaussian	9990000000.000000	9990000000.000000
2226	1	1056.024552	519.531443	     -1.00	   3845.87	   2148.97	      1.99	      1.24	     34.88	     21.70	51.77	 1.200e+01	     -7.91	0	Gaussian	9990000000.000000	9990000000.000000
2227	1	1050.543586	238.176285	     -1.00	   4145.91	    444.14	      2.32	      2.32	     40.62	     40.62	41.29	 1.195e+01	     -7.91	0	Gaussian	9990000000.000000	9990000000.000000
2228	1	1051.397997	204.760899	     -1.00	   5164.29	   1495.37	      2.88	      2.18	     50.41	     38.07	-15.69	 1.177e+01	     -7.91	0	Gaussian	9990000000.000000	9990000000.000000
2229	1	1053.356568	185.811646	     -1.00	   2115.92	   1841.53	      3.06	      2.26	     53.50	     39.50	8.55	 1.036e+01	     -7.91	0	Gaussian	9990000000.000000	9990000000.000000
2230	1	1057.930767	368.266650	     -1.00	   2061.01	   1723.19	      2.10	      1.66	     36.78	     28.98	-33.17	 1.591e+01	     -7.90	0	Gaussian	9990000000.000000	9990000000.000000
2231	1	1055.844226	215.099636	     -1.00	   4064.58	   2878.36	      2.70	      2.21	     47.25	     38.60	28.28	 1.186e+01	     -7.90	0	Gaussian	9990000000.000000	9990000000.000000
2232	1	1045.081922	228.454450	     -1.00	   5121.31	    113.09	      2.76	      2.03	     48.33	     35.52	6.79	 1.154e+01	     -7.90	0	Gaussian	9990000000.000000	9990000000.000000
2233	1	1047.704503	180.496327	     -1.00	   5257.32	    881.43	      3.11	      2.28	     54.45	     39.88	18.08	 1.061e+01	     -7.90	0	Gaussian	9990000000.000000	9990000000.000000
2234	1	1048.588244	260.347188	     -1.00	   4953.92	    918.24	      2.61	      1.88	     45.63	     32.99	-44.70	 1.218e+01	     -7.90	0	Gaussian	9990000000.000000	9990000000.000000
2235	1	1055.181551	200.074578	     -1.00	   3308.77	    979.92	      2.53	      2.53	     44.26	     44.26	-8.77	 1.142e+01	     -7.90	0	Gaussian	9990000000.000000	9990000000.000000
2236	1	1047.558955	204.046255	     -1.00	   1386.47	    912.05	      2.52	      2.49	     44.12	     43.53	21.36	 1.153e+01	     -7.90	0	Gaussian	9990000000.000000	9990000000.000000
2237	1	1047.545390	312.900077	     -1.00	   5020.19	   3563.07	      2.59	      1.58	     45.35	     27.61	41.64	 1.149e+01	     -7.90	0	Gaussian	9990000000.000000	9990000000.000000
2238	1	1057.085890	248.462869	     -1.00	   2994.39	   2503.40	      2.61	      1.97	     45.71	     34.47	9.71	 1.298e+01	     -7.90	0	Gaussian	9990000000.000000	9990000000.000000
2239	1	1056.529571	236.018968	     -1.00	   3008.28	   2718.43	      2.57	      2.11	     45.01	     36.85	15.70	 1.091e+01	     -7.90	0	Gaussian	9990000000.000000	9990000000.000000
2240	1	1048.872060	180.087693	     -1.00	   3516.51	    380.94	      2.77	      2.56	     48.43	     44.87	57.52	 1.122e+01	     -7.90	0	Gaussian	9990000000.000000	9990000000.000000
2241	1	1051.147325	253.708107	     -1.00	   4503.90	   1201.06	      2.37	      2.12	     41.43	     37.14	38.13	 1.064e+01	     -7.90	0	Gaussian	9990000000.000000	9990000000.000000
2242	1	1056.031352	335.506723	     -1.00	   2182.73	   1349.77	      2.23	      1.70	     38.94	     29.84	29.82	 1.240e+01	     -7.90	0	Gaussian	9990000000.000000	9990000000.000000
2243	1	1059.009097	293.005065	     -1.00	   3255.92	   1921.59	      2.08	      2.08	     36.47	     36.47	-11.26	 1.294e+01	     -7.90	0	Gaussian	9990000000.000000	9990000000.000000
2244	1	1056.396723	318.806852	     -1.00	   3463.24	    977.90	      2.18	      1.83	     38.10	     32.09	27.11	 1.295e+01	     -7.90	0	Gaussian	9990000000.000000	9990000000.000000
2245	1	1046.830896	188.141996	     -1.00	   1102.21	   2128.31	      3.01	      2.25	     52.69	     39.30	-14.99	 9.774e+00	     -7.90	0	Gaussian	9990000000.000000	9990000000.000000
2246	1	1040.009771	214.105347	     -1.00	   5563.45	   3610.37	      2.44	      2.44	     42.65	     42.65	85.21	 1.193e+01	     -7.90	0	Gaussian	9990000000.000000	9990000000.000000
2247	1	1066.044623	420.091971	     -1.00	   3671.14	   1550.42	      1.97	      1.54	     34.46	     26.90	76.01	 4.122e+01	     -7.90	0	Gaussian	9990000000.000000	9990000000.000000
2248	1	1051.350080	182.324962	     -1.00	   2681.66	    576.58	      3.11	      2.24	     54.46	     39.20	54.19	 1.225e+01	     -7.90	0	Gaussian	9990000000.000000	9990000000.000000
2249	1	1053.397692	223.544809	     -1.00	   2187.71	    386.00	      2.38	      2.38	     41.72	     41.72	-16.05	 2.032e+01	     -7.90	0	Gaussian	9990000000.000000	9990000000.000000
2250	1	1051.791600	199.606556	     -1.00	   4614.71	   2995.62	      3.01	      2.12	     52.65	     37.03	35.07	 1.183e+01	     -7.90	0	Gaussian	9990000000.000000	9990000000.000000
2251	1	1055.960751	244.359093	     -1.00	   3685.41	   1491.00	      2.35	      2.21	     41.20	     38.65	-62.82	 1.196e+01	     -7.90	0	Gaussian	9990000000.000000	9990000000.000000
2252	1	1047.933943	288.377332	     -1.00	   5576.43	   2311.07	      2.32	      1.90	     40.66	     33.18	34.07	 1.171e+01	     -7.90	0	Gaussian	9990000000.000000	9990000000.000000
2253	1	1052.135664	210.863766	     -1.00	   3404.72	   3458.28	      2.45	      2.45	     42.96	     42.96	-15.04	 1.127e+01	     -7.90	0	Gaussian	9990000000.000000	9990000000.000000
2254	1	1047.330616	270.151752	     -1.00	   1601.34	    204.22	      2.43	      1.93	     42.56	     33.81	26.59	 1.068e+01	     -7.89	0	Gaussian	9990000000.000000	9990000000.000000
2255	1	1053.621933	231.014179	     -1.00	   4838.93	   1476.08	      2.82	      1.95	     49.38	     34.07	-2.76	 1.288e+01	     -7.89	0	Gaussian	9990000000.000000	9990000000.000000
2256	1	1054.489302	238.182962	     -1.00	   2680.25	   1438.50	      2.34	      2.27	     41.01	     39.73	-7.25	 1.160e+01	     -7.89	0	Gaussian	9990000000.000000	9990000000.000000
2257	1	1055.034025	463.320604	     -1.00	   3082.99	   3109.98	      2.05	      1.33	     35.93	     23.31	42.96	 1.169e+01	     -7.89	0	Gaussian	9990000000.000000	9990000000.000000
2258	1	1052.245927	218.652478	     -1.00	   4184.47	   3224.36	      2.64	      2.19	     46.23	     38.38	-22.64	 1.098e+01	     -7.89	0	Gaussian	9990000000.000000	9990000000.000000
2259	1	1054.211075	154.130065	     -1.00	   2701.46	    838.55	      3.13	      2.63	     54.72	     46.00	72.57	 1.147e+01	     -7.89	0	Gaussian	9990000000.000000	9990000000.000000
2260	1	1047.322485	181.309234	     -1.00	   2892.85	    112.81	      2.86	      2.44	     50.13	     42.65	71.68	 1.014e+01	     -7.89	0	Gaussian	9990000000.000000	9990000000.000000
2261	1	1046.747412	169.680961	     -1.00	    667.45	   2042.10	      2.81	      2.66	     49.12	     46.49	19.47	 1.571e+01	     -7.89	0	Gaussian	9990000000.000000	9990000000.000000
2262	1	1044.320110	242.768207	     -1.00	    687.17	   1045.75	      2.28	      2.28	     39.94	     39.94	-14.57	 1.259e+01	     -7.89	0	Gaussian	9990000000.000000	9990000000.000000
2263	1	1058.788212	323.625499	     -1.00	   3413.41	   1923.93	      2.23	      1.75	     39.01	     30.65	8.33	 1.078e+01	     -7.89	0	Gaussian	9990000000.000000	9990000000.000000
2264	1	1055.616059	390.517801	     -1.00	   3089.22	   1068.23	      2.06	      1.57	     35.99	     27.53	43.14	 1.252e+01	     -7.89	0	Gaussian	9990000000.000000	9990000000.000000
2265	1	1047.963097	194.027379	     -1.00	   1052.58	   2746.51	      2.88	      2.26	     50.35	     39.59	-38.73	 9.487e+00	     -7.89	0	Gaussian	9990000000.000000	9990000000.000000
2266	1	1052.436829	183.103597	     -1.00	   4719.84	    814.92	      3.04	      2.27	     53.13	     39.75	-3.75	 1.184e+01	     -7.89	0	Gaussian	9990000000.000000	9990000000.000000
2267	1	1045.700830	311.089900	     -1.00	   5653.80	   1914.75	      2.45	      1.66	     42.87	     28.98	32.60	 1.162e+01	     -7.89	0	Gaussian	9990000000.000000	9990000000.000000
2268	1	1061.451922	366.368286	     -1.00	   2655.20	   1781.11	      2.11	      1.63	     36.91	     28.58	-26.35	 1.577e+01	     -7.89	0	Gaussian	9990000000.000000	9990000000.000000
2269	1	1053.769225	278.323307	     -1.00	   1926.05	   1209.52	      2.21	      2.04	     38.73	     35.76	35.33	 1.061e+01	     -7.89	0	Gaussian	9990000000.000000	9990000000.000000
2270	1	1054.504077	278.394831	     -1.00	   4104.89	   2460.45	      2.19	      2.06	     38.38	     36.07	37.97	 1.324e+01	     -7.88	0	Gaussian	9990000000.000000	9990000000.000000
2271	1	1051.638528	221.822847	     -1.00	   1800.67	   1434.31	      2.51	      2.26	     43.86	     39.56	39.53	 1.212e+01	     -7.88	0	Gaussian	9990000000.000000	9990000000.000000
2272	1	1047.113208	230.236144	     -1.00	   5470.31	   2492.03	      2.65	      2.06	     46.32	     36.05	4.35	 1.182e+01	     -7.88	0	Gaussian	9990000000.000000	9990000000.000000
2273	1	1057.200536	318.266122	     -1.00	   3946.46	   2456.83	      2.16	      1.82	     37.84	     31.92	3.70	 1.283e+01	     -7.88	0	Gaussian	9990000000.000000	9990000000.000000
2274	1	1045.326129	213.880574	     -1.00	   5441.78	   1193.72	      2.58	      2.27	     45.17	     39.78	38.87	 1.080e+01	     -7.88	0	Gaussian	9990000000.000000	9990000000.000000
2275	1	1056.048826	284.383542	     -1.00	   2621.63	   2805.23	      2.52	      1.75	     44.11	     30.63	-2.85	 1.202e+01	     -7.88	0	Gaussian	9990000000.000000	9990000000.000000
2276	1	1052.315785	279.913454	     -1.00	   4177.05	   3128.39	      2.21	      2.03	     38.61	     35.54	-11.91	 1.377e+01	     -7.88	0	Gaussian	9990000000.000000	9990000000.000000
2277	1	1048.287613	185.677459	     -1.00	   3281.47	     11.67	      2.77	      2.43	     48.53	     42.61	53.44	 1.102e+01	     -7.88	0	Gaussian	9990000000.000000	9990000000.000000
2278	1	1054.700407	188.411967	     -1.00	   2242.58	    698.79	      2.58	      2.58	     45.14	     45.14	79.73	 1.287e+01	     -7.88	0	Gaussian	9990000000.000000	9990000000.000000
2279	1	1057.986216	455.641737	     -1.00	   2967.00	   2431.97	      2.03	      1.35	     35.59	     23.68	34.70	 1.389e+01	     -7.88	0	Gaussian	9990000000.000000	9990000000.000000
2280	1	1056.129657	482.052828	     -1.00	   3199.76	   2958.19	      1.95	      1.33	     34.16	     23.29	-40.30	 1.475e+01	     -7.88	0	Gaussian	9990000000.000000	9990000000.000000
2281	1	1048.086887	190.147074	     -1.00	   1366.77	    621.59	      2.87	      2.29	     50.18	     40.14	4.71	 1.216e+01	     -7.88	0	Gaussian	9990000000.000000	9990000000.000000
2282	1	1054.107088	313.552099	     -1.00	   3597.71	    712.72	      2.29	      1.74	     40.08	     30.42	35.57	 1.178e+01	     -7.88	0	Gaussian	9990000000.000000	9990000000.000000
2283	1	1045.200003	194.803196	     -1.00	   1136.60	    948.17	      2.78	      2.30	     48.66	     40.29	-60.77	 1.068e+01	     -7.88	0	Gaussian	9990000000.000000	9990000000.000000
2284	1	1055.252423	228.346353	     -1.00	   4541.71	   3017.36	      2.68	      2.04	     46.85	     35.68	23.49	 1.174e+01	     -7.87	0	Gaussian	9990000000.000000	9990000000.000000
2285	1	1051.406653	196.272875	     -1.00	   4596.31	    858.73	      2.69	      2.36	     47.08	     41.30	11.61	 1.233e+01	     -7.87	0	Gaussian	9990000000.000000	9990000000.000000
2286	1	1046.963893	169.577340	     -1.00	   1233.26	    551.23	      3.03	      2.42	     53.02	     42.40	-31.07	 1.105e+01	     -7.87	0	Gaussian	9990000000.000000	9990000000.000000
2287	1	1055.803727	276.092435	     -1.00	   2176.19	    937.24	      2.47	      1.82	     43.28	     31.90	18.13	 1.514e+01	     -7.87	0	Gaussian	9990000000.000000	9990000000.000000
2288	1	1051.552266	188.321227	     -1.00	   4320.81	   1076.43	      2.86	      2.31	     50.07	     40.42	38.21	 1.125e+01	     -7.87	0	Gaussian	9990000000.000000	9990000000.000000
2289	1	1052.217941	209.409629	     -1.00	   4621.44	   1118.92	      2.44	      2.44	     42.66	     42.66	64.27	 1.416e+01	     -7.87	0	Gaussian	9990000000.000000	9990000000.000000
2290	1	1058.483804	275.570850	     -1.00	   3108.78	   1251.56	      2.17	      2.08	     37.93	     36.45	-17.06	 1.500e+01	     -7.87	0	Gaussian	9990000000.000000	9990000000.000000
2291	1	1051.753291	284.145419	     -1.00	   3344.12	    572.93	      2.09	      2.09	     36.62	     36.62	-5.65	 1.241e+01	     -7.87	0	Gaussian	9990000000.000000	9990000000.000000
2292	1	1053.013938	223.104322	     -1.00	   1891.38	   1185.57	      2.47	      2.26	     43.19	     39.53	10.02	 1.049e+01	     -7.87	0	Gaussian	9990000000.000000	9990000000.000000
2293	1	1051.360167	273.807512	     -1.00	   1910.17	    439.49	      2.23	      2.03	     39.07	     35.61	66.86	 9.732e+00	     -7.87	0	Gaussian	9990000000.000000	9990000000.000000
2294	1	1049.357625	199.001413	     -1.00	   1860.77	    410.94	      2.69	      2.33	     47.02	     40.71	-16.39	 1.216e+01	     -7.87	0	Gaussian	9990000000.000000	9990000000.000000
2295	1	1057.192347	329.441174	     -1.00	   3053.08	   1394.64	      2.33	      1.62	     40.82	     28.32	-42.06	 1.183e+01	     -7.87	0	Gaussian	9990000000.000000	9990000000.000000
2296	1	1050.725721	275.730351	     -1.00	   2775.01	    394.19	      2.54	      1.77	     44.53	     31.01	44.78	 1.074e+01	     -7.87	0	Gaussian	9990000000.000000	9990000000.000000
2297	1	1047.936452	329.289217	     -1.00	   1756.10	   3270.03	      2.45	      1.54	     42.82	     27.00	-41.66	 1.202e+01	     -7.87	0	Gaussian	9990000000.000000	9990000000.000000
2298	1	1044.394479	190.473560	     -1.00	    913.32	   1687.23	      2.91	      2.24	     50.94	     39.22	5.75	 1.327e+01	     -7.87	0	Gaussian	9990000000.000000	9990000000.000000
2299	1	1047.448746	223.345192	     -1.00	   2325.34	   3973.83	      2.55	      2.18	     44.61	     38.16	77.51	 1.317e+01	     -7.87	0	Gaussian	9990000000.000000	9990000000.000000
2300	1	1053.762307	196.974036	     -1.00	   4140.67	    662.93	      2.93	      2.15	     51.29	     37.62	2.63	 1.171e+01	     -7.87	0	Gaussian	9990000000.000000	9990000000.000000
2301	1	1053.347096	267.662058	     -1.00	   1949.92	    809.11	      2.47	      1.88	     43.16	     32.90	22.46	 1.090e+01	     -7.87	0	Gaussian	9990000000.000000	9990000000.000000
2302	1	1049.503015	187.787150	     -1.00	   4910.26	    740.86	      2.95	      2.24	     51.63	     39.19	-9.91	 1.127e+01	     -7.87	0	Gaussian	9990000000.000000	9990000000.000000
2303	1	1061.556704	434.907501	     -1.00	   2908.84	   1909.05	      2.02	      1.41	     35.43	     24.66	-39.62	 1.336e+01	     -7.87	0	Gaussian	9990000000.000000	9990000000.000000
2304	1	1047.281240	196.234191	     -1.00	   2174.22	    107.50	      2.72	      2.33	     47.54	     40.71	42.51	 1.055e+01	     -7.87	0	Gaussian	9990000000.000000	9990000000.000000
2305	1	1055.020414	317.449403	     -1.00	   2604.10	   1073.88	      1.98	      1.98	     34.58	     34.58	9.61	 1.349e+01	     -7.87	0	Gaussian	9990000000.000000	9990000000.000000
2306	1	1048.539908	339.096911	     -1.00	   1739.88	   3710.13	      2.26	      1.61	     39.64	     28.24	-48.54	 1.221e+01	     -7.87	0	Gaussian	9990000000.000000	9990000000.000000
2307	1	1044.211274	208.137644	     -1.00	   5399.51	    793.27	      2.70	      2.20	     47.29	     38.56	9.36	 1.040e+01	     -7.87	0	Gaussian	9990000000.000000	9990000000.000000
2308	1	1050.298180	195.407784	     -1.00	   1530.63	   2052.68	      2.71	      2.34	     47.45	     40.92	1.91	 1.084e+01	     -7.87	0	Gaussian	9990000000.000000	9990000000.000000
2309	1	1054.617029	253.108125	     -1.00	   4128.02	   3133.96	      2.42	      2.02	     42.39	     35.33	-28.09	 1.361e+01	     -7.87	0	Gaussian	9990000000.000000	9990000000.000000
2310	1	1057.883870	340.986721	     -1.00	   3568.86	   2499.68	      1.90	      1.90	     33.32	     33.32	-34.05	 1.498e+01	     -7.87	0	Gaussian	9990000000.000000	9990000000.000000
2311	1	1047.157617	206.912780	     -1.00	   1184.10	    574.84	      2.59	      2.30	     45.33	     40.33	23.63	 1.271e+01	     -7.86	0	Gaussian	9990000000.000000	9990000000.000000
2312	1	1049.778317	206.803978	     -1.00	   1970.17	    339.34	      2.55	      2.34	     44.57	     41.04	31.88	 1.166e+01	     -7.86	0	Gaussian	9990000000.000000	9990000000.000000
2313	1	1046.659824	170.700914	     -1.00	   4610.38	   3428.56	      3.02	      2.39	     52.89	     41.89	-2.10	 1.071e+01	     -7.86	0	Gaussian	9990000000.000000	9990000000.000000
2314	1	1053.780796	188.797509	     -1.00	   1977.45	    867.37	      2.76	      2.37	     48.33	     41.40	-20.91	 1.241e+01	     -7.86	0	Gaussian	9990000000.000000	9990000000.000000
2315	1	1049.413987	173.371655	     -1.00	   2800.29	    105.34	      3.13	      2.27	     54.72	     39.77	47.72	 9.911e+00	     -7.86	0	Gaussian	9990000000.000000	9990000000.000000
2316	1	1052.040542	365.461199	     -1.00	   1773.86	   2388.13	      1.84	      1.84	     32.13	     32.13	87.47	 1.338e+01	     -7.86	0	Gaussian	9990000000.000000	9990000000.000000
2317	1	1052.519326	169.204123	     -1.00	   2360.62	    748.87	      2.82	      2.58	     49.41	     45.10	18.00	 1.371e+01	     -7.86	0	Gaussian	9990000000.000000	9990000000.000000
2318	1	1043.028553	228.556907	     -1.00	    884.78	   2447.31	      2.57	      2.10	     44.95	     36.68	-54.56	 1.177e+01	     -7.86	0	Gaussian	9990000000.000000	9990000000.000000
2319	1	1050.535329	249.593057	     -1.00	   5093.44	   2693.39	      2.99	      1.65	     52.26	     28.82	17.62	 1.014e+01	     -7.86	0	Gaussian	9990000000.000000	9990000000.000000
2320	1	1049.808026	250.286162	     -1.00	   4403.74	   1166.94	      2.43	      2.02	     42.50	     35.31	31.02	 1.163e+01	     -7.86	0	Gaussian	9990000000.000000	9990000000.000000
2321	1	1056.757723	277.399471	     -1.00	   3849.92	   1871.40	      2.22	      1.99	     38.84	     34.81	13.63	 1.327e+01	     -7.86	0	Gaussian	9990000000.000000	9990000000.000000
2322	1	1048.116704	153.064129	     -1.00	   2240.56	    250.73	      2.93	      2.72	     51.37	     47.55	61.24	 1.042e+01	     -7.85	0	Gaussian	9990000000.000000	9990000000.000000
2323	1	1060.246267	307.914457	     -1.00	   2370.14	   2164.87	      2.20	      1.80	     38.55	     31.50	32.26	 1.214e+01	     -7.85	0	Gaussian	9990000000.000000	9990000000.000000
2324	1	1054.957592	229.098447	     -1.00	   4256.66	   1952.73	      2.39	      2.23	     41.85	     38.98	6.80	 1.240e+01	     -7.85	0	Gaussian	9990000000.000000	9990000000.000000
2325	1	1053.066497	281.639412	     -1.00	   2066.05	   2816.98	      2.44	      1.78	     42.70	     31.07	20.83	 1.296e+01	     -7.85	0	Gaussian	9990000000.000000	9990000000.000000
2326	1	1061.419720	282.591833	     -1.00	   2787.70	   1641.95	      2.48	      1.74	     43.35	     30.50	-89.19	 1.341e+01	     -7.85	0	Gaussian	9990000000.000000	9990000000.000000
2327	1	1057.498123	295.326700	     -1.00	   1684.02	   1976.61	      2.22	      1.86	     38.94	     32.47	25.45	 2.897e+01	     -7.85	0	Gaussian	9990000000.000000	9990000000.000000
2328	1	1053.668505	263.505853	     -1.00	   4591.56	   2091.73	      2.47	      1.87	     43.25	     32.76	3.17	 1.130e+01	     -7.85	0	Gaussian	9990000000.000000	9990000000.000000
2329	1	1046.502315	218.118158	     -1.00	   5575.69	   2377.67	      3.08	      1.81	     53.84	     31.76	8.65	 1.109e+01	     -7.85	0	Gaussian	9990000000.000000	9990000000.000000
2330	1	1052.379833	201.902952	     -1.00	   3094.86	    932.12	      2.46	      2.46	     42.97	     42.97	-28.99	 1.109e+01	     -7.85	0	Gaussian	9990000000.000000	9990000000.000000
2331	1	1053.678937	291.208374	     -1.00	   4251.49	   2238.06	      2.13	      1.96	     37.35	     34.25	34.84	 1.300e+01	     -7.85	0	Gaussian	9990000000.000000	9990000000.000000
2332	1	1050.489514	197.461412	     -1.00	   1504.66	   2426.27	      2.53	      2.43	     44.28	     42.59	41.57	 1.268e+01	     -7.85	0	Gaussian	9990000000.000000	9990000000.000000
2333	1	1055.418650	198.173165	     -1.00	   2334.48	    824.02	      2.81	      2.18	     49.24	     38.15	29.78	 1.080e+01	     -7.85	0	Gaussian	9990000000.000000	9990000000.000000
2334	1	1050.207697	192.510536	     -1.00	   2831.19	    236.86	      2.78	      2.27	     48.60	     39.73	-85.53	 1.103e+01	     -7.85	0	Gaussian	9990000000.000000	9990000000.000000
2335	1	1057.441619	339.463036	     -1.00	   3779.17	   3005.93	      2.34	      1.52	     40.99	     26.62	16.87	 1.379e+01	     -7.84	0	Gaussian	9990000000.000000	9990000000.000000
2336	1	1048.780634	201.748459	     -1.00	   3838.06	    176.28	      2.73	      2.20	     47.76	     38.43	-57.80	 1.108e+01	     -7.84	0	Gaussian	9990000000.000000	9990000000.000000
2337	1	1057.613871	221.388032	     -1.00	   3199.40	   2179.67	      2.61	      2.09	     45.64	     36.62	32.26	 1.289e+01	     -7.84	0	Gaussian	9990000000.000000	9990000000.000000
2338	1	1054.311848	208.877937	     -1.00	   3285.35	    727.70	      2.45	      2.36	     42.86	     41.33	15.66	 1.251e+01	     -7.84	0	Gaussian	9990000000.000000	9990000000.000000
2339	1	1052.396022	248.057107	     -1.00	   1918.13	    913.15	      2.83	      1.72	     49.58	     30.06	43.92	 1.156e+01	     -7.84	0	Gaussian	9990000000.000000	9990000000.000000
2340	1	1053.936142	314.889148	     -1.00	   2790.96	   3271.69	      2.17	      1.76	     38.02	     30.86	25.11	 1.510e+01	     -7.84	0	Gaussian	9990000000.000000	9990000000.000000
2341	1	1045.949129	207.131391	     -1.00	   1217.66	   3202.58	      2.62	      2.22	     45.93	     38.83	53.75	 1.151e+01	     -7.84	0	Gaussian	9990000000.000000	9990000000.000000
2342	1	1055.678632	399.963119	     -1.00	   3309.85	   2233.03	      2.07	      1.46	     36.19	     25.52	40.67	 1.170e+01	     -7.84	0	Gaussian	9990000000.000000	9990000000.000000
2343	1	1051.298377	267.819241	     -1.00	   1948.96	    775.65	      2.22	      2.03	     38.85	     35.46	46.28	 1.339e+01	     -7.84	0	Gaussian	9990000000.000000	9990000000.000000
2344	1	1046.126198	186.798588	     -1.00	   4646.34	    288.93	      2.59	      2.48	     45.40	     43.47	-85.65	 1.042e+01	     -7.84	0	Gaussian	9990000000.000000	9990000000.000000
2345	1	1054.062383	287.036333	     -1.00	   3526.96	   3206.52	      2.08	      2.02	     36.34	     35.33	65.35	 1.334e+01	     -7.84	0	Gaussian	9990000000.000000	9990000000.000000
2346	1	1057.142105	264.842475	     -1.00	   2837.54	   2858.65	      2.57	      1.77	     44.99	     30.93	-19.86	 1.291e+01	     -7.84	0	Gaussian	9990000000.000000	9990000000.000000
2347	1	1050.153675	177.511064	     -1.00	   1488.59	   2087.25	      2.85	      2.37	     49.95	     41.54	3.88	 1.051e+01	     -7.84	0	Gaussian	9990000000.000000	9990000000.000000
2348	1	1059.927366	225.771519	     -1.00	   3892.70	   1048.58	      2.47	      2.16	     43.16	     37.79	-65.15	 2.362e+01	     -7.84	0	Gaussian	9990000000.000000	9990000000.000000
2349	1	1049.648151	153.153266	     -1.00	   2256.14	   3473.17	      3.07	      2.56	     53.73	     44.72	-5.60	 1.085e+01	     -7.83	0	Gaussian	9990000000.000000	9990000000.000000
2350	1	1059.577328	491.954021	     -1.00	   3414.77	   2525.79	      1.96	      1.24	     34.38	     21.76	43.33	 1.204e+01	     -7.83	0	Gaussian	9990000000.000000	9990000000.000000
2351	1	1058.470389	218.744447	     -1.00	   2696.50	    654.46	      2.43	      2.26	     42.60	     39.49	25.65	 2.391e+01	     -7.83	0	Gaussian	9990000000.000000	9990000000.000000
2352	1	1055.072174	203.892146	     -1.00	   2801.35	    640.48	      2.74	      2.15	     47.92	     37.63	3.16	 1.639e+01	     -7.83	0	Gaussian	9990000000.000000	9990000000.000000
2353	1	1051.063073	191.347704	     -1.00	   4265.22	    633.50	      2.64	      2.37	     46.21	     41.56	-10.80	 1.116e+01	     -7.83	0	Gaussian	9990000000.000000	9990000000.000000
2354	1	1054.470494	243.275798	     -1.00	   1600.58	   2206.10	      2.40	      2.05	     42.00	     35.96	-11.01	 1.986e+01	     -7.83	0	Gaussian	9990000000.000000	9990000000.000000
2355	1	1057.932640	247.225503	     -1.00	   2564.41	   2060.25	      2.39	      2.03	     41.78	     35.56	3.19	 1.300e+01	     -7.83	0	Gaussian	9990000000.000000	9990000000.000000
2356	1	1056.967360	353.976643	     -1.00	   2829.89	   1764.31	      1.84	      1.84	     32.21	     32.21	79.37	 1.220e+01	     -7.83	0	Gaussian	9990000000.000000	9990000000.000000
2357	1	1048.652694	280.647416	     -1.00	   4373.70	     34.35	      2.19	      1.95	     38.31	     34.16	-32.66	 1.199e+01	     -7.83	0	Gaussian	9990000000.000000	9990000000.000000
2358	1	1050.002403	164.405715	     -1.00	   1425.62	   2307.45	      2.77	      2.63	     48.53	     46.03	-12.60	 1.072e+01	     -7.83	0	Gaussian	9990000000.000000	9990000000.000000
2359	1	1054.423478	198.811926	     -1.00	   1987.21	   1308.53	      2.57	      2.35	     44.94	     41.07	23.40	 1.118e+01	     -7.83	0	Gaussian	9990000000.000000	9990000000.000000
2360	1	1053.017507	249.233966	     -1.00	   2061.94	   2216.53	      2.33	      2.07	     40.72	     36.15	-2.85	 1.099e+01	     -7.83	0	Gaussian	9990000000.000000	9990000000.000000
2361	1	1055.800758	258.815841	     -1.00	   1965.68	   1811.19	      2.44	      1.89	     42.79	     33.13	88.59	 1.392e+01	     -7.83	0	Gaussian	9990000000.000000	9990000000.000000
2362	1	1053.537507	280.995205	     -1.00	   2919.21	   3240.68	      2.39	      1.78	     41.78	     31.24	-46.04	 1.073e+01	     -7.83	0	Gaussian	9990000000.000000	9990000000.000000
2363	1	1054.265675	208.889044	     -1.00	   2895.82	    487.58	      2.53	      2.27	     44.25	     39.67	83.46	 1.173e+01	     -7.83	0	Gaussian	9990000000.000000	9990000000.000000
2364	1	1058.626136	222.468021	     -1.00	   2962.19	   1654.64	      2.43	      2.22	     42.46	     38.81	-41.02	 1.140e+01	     -7.83	0	Gaussian	9990000000.000000	9990000000.000000
2365	1	1048.153176	208.808251	     -1.00	   3518.99	    230.18	      2.58	      2.22	     45.12	     38.90	31.39	 1.106e+01	     -7.83	0	Gaussian	9990000000.000000	9990000000.000000
2366	1	1049.464501	198.695891	     -1.00	   5148.33	   1607.76	      2.77	      2.17	     48.47	     38.05	17.78	 1.090e+01	     -7.83	0	Gaussian	9990000000.000000	9990000000.000000
2367	1	1055.734219	247.548388	     -1.00	   2427.15	   1685.82	      2.47	      1.95	     43.25	     34.19	15.74	 1.031e+01	     -7.83	0	Gaussian	9990000000.000000	9990000000.000000
2368	1	1048.411161	178.072393	     -1.00	   1266.74	    856.52	      2.68	      2.51	     46.82	     43.89	-71.98	 1.278e+01	     -7.83	0	Gaussian	9990000000.000000	9990000000.000000
2369	1	1047.188254	195.041729	     -1.00	   1990.22	    444.40	      2.82	      2.17	     49.33	     38.02	-81.41	 1.042e+01	     -7.83	0	Gaussian	9990000000.000000	9990000000.000000
2370	1	1059.516857	337.750253	     -1.00	   3158.01	   1461.85	      2.26	      1.56	     39.57	     27.36	-58.58	 1.407e+01	     -7.83	0	Gaussian	9990000000.000000	9990000000.000000
2371	1	1060.731452	362.273205	     -1.00	   2657.28	   2540.16	      2.06	      1.60	     36.12	     27.93	29.12	 1.280e+01	     -7.83	0	Gaussian	9990000000.000000	9990000000.000000
2372	1	1057.918498	265.253791	     -1.00	   3383.55	   1449.94	      2.37	      1.89	     41.51	     33.14	11.65	 1.181e+01	     -7.83	0	Gaussian	9990000000.000000	9990000000.000000
2373	1	1063.387651	177.154699	     -1.00	   1606.28	   1130.33	      3.03	      2.21	     53.11	     38.76	-2.22	 7.623e+01	     -7.83	0	Gaussian	9990000000.000000	9990000000.000000
2374	1	1054.940616	132.508543	     -1.00	   3971.39	   3047.88	      3.91	      2.30	     68.38	     40.20	79.80	 1.281e+01	     -7.82	0	Gaussian	9990000000.000000	9990000000.000000
2375	1	1050.588902	261.126585	     -1.00	   5179.04	   1813.38	      2.73	      1.66	     47.82	     29.10	8.84	 1.158e+01	     -7.82	0	Gaussian	9990000000.000000	9990000000.000000
2376	1	1058.681898	301.832013	     -1.00	   2330.15	   1374.16	      2.11	      1.86	     36.99	     32.52	-24.94	 1.216e+01	     -7.82	0	Gaussian	9990000000.000000	9990000000.000000
2377	1	1051.005530	201.678572	     -1.00	   1136.27	   2361.70	      2.59	      2.27	     45.36	     39.65	1.66	 1.333e+01	     -7.82	0	Gaussian	9990000000.000000	9990000000.000000
2378	1	1057.798572	364.078337	     -1.00	   2949.03	   1232.09	      2.18	      1.49	     38.15	     26.11	50.30	 1.323e+01	     -7.82	0	Gaussian	9990000000.000000	9990000000.000000
2379	1	1051.463394	191.394787	     -1.00	   2132.65	   2421.39	      2.55	      2.42	     44.72	     42.33	-12.59	 1.040e+01	     -7.82	0	Gaussian	9990000000.000000	9990000000.000000
2380	1	1048.595630	345.057369	     -1.00	   5224.16	   3369.10	      2.28	      1.50	     39.96	     26.28	42.04	 1.187e+01	     -7.82	0	Gaussian	9990000000.000000	9990000000.000000
2381	1	1051.134067	166.394858	     -1.00	   2949.14	    442.98	      2.95	      2.41	     51.56	     42.22	67.47	 1.201e+01	     -7.82	0	Gaussian	9990000000.000000	9990000000.000000
2382	1	1057.792450	216.183807	     -1.00	   2357.41	   1369.68	      2.47	      2.21	     43.19	     38.71	-6.81	 1.119e+01	     -7.82	0	Gaussian	9990000000.000000	9990000000.000000
2383	1	1057.424496	482.885533	     -1.00	   3837.77	   3428.73	      1.94	      1.26	     33.98	     21.97	38.84	 1.723e+01	     -7.81	0	Gaussian	9990000000.000000	9990000000.000000
2384	1	1048.214889	156.648016	     -1.00	   3125.30	    170.37	      3.16	      2.38	     55.29	     41.60	81.62	 1.055e+01	     -7.81	0	Gaussian	9990000000.000000	9990000000.000000
2385	1	1052.768997	283.410529	     -1.00	   4236.50	   1673.11	      2.30	      1.80	     40.29	     31.51	-8.68	 1.248e+01	     -7.81	0	Gaussian	9990000000.000000	9990000000.000000
2386	1	1051.452826	188.015833	     -1.00	   3305.24	    416.92	      2.75	      2.27	     48.09	     39.79	-79.64	 1.055e+01	     -7.81	0	Gaussian	9990000000.000000	9990000000.000000
2387	1	1053.051930	174.546719	     -1.00	   2233.79	    679.55	      2.69	      2.50	     47.14	     43.68	-1.14	 1.086e+01	     -7.81	0	Gaussian	9990000000.000000	9990000000.000000
2388	1	1051.750229	296.427772	     -1.00	   1923.02	   1405.08	      2.08	      1.90	     36.40	     33.29	-50.39	 1.206e+01	     -7.81	0	Gaussian	9990000000.000000	9990000000.000000
2389	1	1057.509515	457.079093	     -1.00	   4063.13	   1886.16	      2.04	      1.26	     35.64	     22.04	41.02	 1.110e+01	     -7.81	0	Gaussian	9990000000.000000	9990000000.000000
2390	1	1056.409612	256.870067	     -1.00	   3917.56	   2766.78	      2.33	      1.96	     40.72	     34.32	18.75	 1.156e+01	     -7.81	0	Gaussian	9990000000.000000	9990000000.000000
2391	1	1057.181935	396.006579	     -1.00	   3545.77	   2486.68	      2.03	      1.46	     35.48	     25.52	49.93	 1.037e+01	     -7.81	0	Gaussian	9990000000.000000	9990000000.000000
2392	1	1062.674535	253.089020	     -1.00	   2568.53	   1772.15	      2.55	      1.81	     44.71	     31.68	-1.82	 1.606e+01	     -7.81	0	Gaussian	9990000000.000000	9990000000.000000
2393	1	1055.538684	256.296487	     -1.00	   1800.24	   2447.08	      2.33	      1.96	     40.81	     34.26	35.96	 1.460e+01	     -7.81	0	Gaussian	9990000000.000000	9990000000.000000
2394	1	1049.347549	231.044157	     -1.00	   5343.43	   3045.92	      2.55	      1.98	     44.68	     34.71	13.52	 1.241e+01	     -7.81	0	Gaussian	9990000000.000000	9990000000.000000
2395	1	1053.806156	217.710522	     -1.00	   2054.00	    610.11	      2.59	      2.08	     45.28	     36.34	-22.33	 1.666e+01	     -7.81	0	Gaussian	9990000000.000000	9990000000.000000
2396	1	1052.864364	190.300590	     -1.00	   1873.67	   1538.67	      2.73	      2.25	     47.80	     39.38	6.11	 1.210e+01	     -7.81	0	Gaussian	9990000000.000000	9990000000.000000
2397	1	1049.883107	200.849648	     -1.00	   2105.68	    552.82	      2.61	      2.23	     45.64	     39.03	40.03	 1.164e+01	     -7.80	0	Gaussian	9990000000.000000	9990000000.000000
2398	1	1059.065570	223.836130	     -1.00	   4171.33	   2663.48	      2.37	      2.20	     41.57	     38.45	-16.95	 1.615e+01	     -7.80	0	Gaussian	9990000000.000000	9990000000.000000
2399	1	1055.511362	239.845952	     -1.00	   2545.30	   2517.57	      2.81	      1.73	     49.14	     30.33	0.55	 1.162e+01	     -7.80	0	Gaussian	9990000000.000000	9990000000.000000
2400	1	1059.417706	192.503567	     -1.00	   2616.97	   1404.60	      2.75	      2.20	     48.18	     38.46	-20.11	 1.359e+01	     -7.80	0	Gaussian	9990000000.000000	9990000000.000000
2401	1	1054.185105	227.631059	     -1.00	   1473.31	   1392.99	      2.26	      2.26	     39.59	     39.58	-82.82	 2.258e+01	     -7.80	0	Gaussian	9990000000.000000	9990000000.000000
2402	1	1059.488729	215.624154	     -1.00	   2168.76	   1046.23	      2.53	      2.14	     44.24	     37.38	25.51	 1.683e+01	     -7.80	0	Gaussian	9990000000.000000	9990000000.000000
2403	1	1053.995829	250.702837	     -1.00	   4466.06	   2170.70	      2.30	      2.02	     40.24	     35.33	28.64	 1.271e+01	     -7.80	0	Gaussian	9990000000.000000	9990000000.000000
2404	1	1049.373494	191.378816	     -1.00	   3926.13	   3574.54	      2.53	      2.41	     44.21	     42.12	7.86	 8.957e+00	     -7.80	0	Gaussian	9990000000.000000	9990000000.000000
2405	1	1057.682323	356.237305	     -1.00	   2729.73	   1002.21	      2.05	      1.59	     35.86	     27.89	-37.65	 1.109e+01	     -7.80	0	Gaussian	9990000000.000000	9990000000.000000
2406	1	1057.939864	268.497620	     -1.00	   3239.75	   1159.40	      2.15	      2.02	     37.61	     35.27	57.54	 1.415e+01	     -7.80	0	Gaussian	9990000000.000000	9990000000.000000
2407	1	1044.224273	212.952392	     -1.00	   4999.82	    143.06	      2.77	      1.97	     48.50	     34.47	36.18	 1.099e+01	     -7.80	0	Gaussian	9990000000.000000	9990000000.000000
2408	1	1051.624524	203.334713	     -1.00	   4442.47	   1084.55	      2.66	      2.15	     46.47	     37.67	14.28	 1.111e+01	     -7.80	0	Gaussian	9990000000.000000	9990000000.000000
2409	1	1052.949102	139.834293	     -1.00	   4595.56	   3028.70	      3.63	      2.29	     63.58	     40.03	-72.15	 1.152e+01	     -7.80	0	Gaussian	9990000000.000000	9990000000.000000
2410	1	1057.763417	273.860176	     -1.00	   1691.98	   1973.21	      2.30	      1.84	     40.33	     32.22	58.23	 2.315e+01	     -7.80	0	Gaussian	9990000000.000000	9990000000.000000
2411	1	1051.923075	167.662648	     -1.00	   4107.72	    865.74	      3.05	      2.27	     53.41	     39.74	28.05	 1.071e+01	     -7.80	0	Gaussian	9990000000.000000	9990000000.000000
2412	1	1058.065094	344.719895	     -1.00	   2077.21	   1630.33	      2.14	      1.57	     37.49	     27.54	44.36	 1.223e+01	     -7.80	0	Gaussian	9990000000.000000	9990000000.000000
2413	1	1054.294158	279.864881	     -1.00	   2654.66	   3279.44	      2.26	      1.84	     39.49	     32.19	-36.20	 1.236e+01	     -7.80	0	Gaussian	9990000000.000000	9990000000.000000
2414	1	1048.011169	213.830381	     -1.00	   1346.95	   2231.96	      2.83	      1.92	     49.58	     33.56	4.53	 1.212e+01	     -7.80	0	Gaussian	9990000000.000000	9990000000.000000
2415	1	1045.445514	224.208127	     -1.00	   5100.85	   3398.16	      2.74	      1.89	     47.97	     33.04	34.69	 1.140e+01	     -7.80	0	Gaussian	9990000000.000000	9990000000.000000
2416	1	1046.804569	210.326372	     -1.00	   3349.06	    273.77	      2.35	      2.35	     41.09	     41.09	6.08	 1.155e+01	     -7.80	0	Gaussian	9990000000.000000	9990000000.000000
2417	1	1056.035438	177.818945	     -1.00	   2962.58	   1197.44	      2.67	      2.44	     46.77	     42.66	24.26	 1.211e+01	     -7.80	0	Gaussian	9990000000.000000	9990000000.000000
2418	1	1047.793773	226.190431	     -1.00	   2140.19	   3909.58	      2.26	      2.26	     39.60	     39.60	3.03	 1.032e+01	     -7.79	0	Gaussian	9990000000.000000	9990000000.000000
2419	1	1053.485457	159.212848	     -1.00	   4434.55	   2248.63	      2.85	      2.55	     49.88	     44.62	-30.81	 1.057e+01	     -7.79	0	Gaussian	9990000000.000000	9990000000.000000
2420	1	1054.256749	108.486476	     -1.00	   2556.31	    528.80	      3.48	      3.06	     60.94	     53.56	-65.56	 2.148e+01	     -7.79	0	Gaussian	9990000000.000000	9990000000.000000
2421	1	1050.743935	144.176035	     -1.00	   3095.81	   3793.64	      3.45	      2.32	     60.37	     40.64	-14.91	 1.169e+01	     -7.79	0	Gaussian	9990000000.000000	9990000000.000000
2422	1	1046.417072	218.652862	     -1.00	    931.35	   2584.19	      2.51	      2.10	     43.97	     36.80	5.58	 1.122e+01	     -7.79	0	Gaussian	9990000000.000000	9990000000.000000
2423	1	1051.859694	397.048784	     -1.00	   3532.73	   4003.73	      2.13	      1.37	     37.22	     23.90	42.87	 1.169e+01	     -7.79	0	Gaussian	9990000000.000000	9990000000.000000
2424	1	1053.183582	291.970324	     -1.00	   4610.00	   3123.16	      2.52	      1.56	     44.18	     27.37	45.34	 1.198e+01	     -7.79	0	Gaussian	9990000000.000000	9990000000.000000
2425	1	1057.957698	191.907962	     -1.00	   2326.33	   1904.74	      2.45	      2.45	     42.88	     42.88	0.74	 1.171e+01	     -7.79	0	Gaussian	9990000000.000000	9990000000.000000
2426	1	1056.553799	197.787058	     -1.00	   3914.54	   1891.80	      3.13	      1.86	     54.71	     32.61	64.60	 1.430e+01	     -7.79	0	Gaussian	9990000000.000000	9990000000.000000
2427	1	1058.025007	288.368270	     -1.00	   3401.43	   1472.20	      2.26	      1.76	     39.59	     30.88	42.63	 1.392e+01	     -7.79	0	Gaussian	9990000000.000000	9990000000.000000
2428	1	1050.181943	173.364469	     -1.00	   4348.30	    344.17	      3.00	      2.21	     52.43	     38.71	6.17	 1.112e+01	     -7.79	0	Gaussian	9990000000.000000	9990000000.000000
2429	1	1057.940271	289.401445	     -1.00	   3366.65	   2998.93	      1.99	      1.99	     34.87	     34.87	23.58	 1.501e+01	     -7.79	0	Gaussian	9990000000.000000	9990000000.000000
2430	1	1052.608925	165.227617	     -1.00	   4663.33	    780.88	      2.79	      2.48	     48.81	     43.49	-0.57	 1.090e+01	     -7.78	0	Gaussian	9990000000.000000	9990000000.000000
2431	1	1050.407449	230.118642	     -1.00	   2880.73	   3972.19	      2.45	      2.03	     42.93	     35.47	24.51	 1.270e+01	     -7.78	0	Gaussian	9990000000.000000	9990000000.000000
2432	1	1057.943109	210.978929	     -1.00	   3140.26	   1398.54	      2.66	      2.04	     46.51	     35.69	0.28	 1.335e+01	     -7.78	0	Gaussian	9990000000.000000	9990000000.000000
2433	1	1059.833172	284.017465	     -1.00	   2566.48	   1991.88	      2.25	      1.79	     39.32	     31.36	7.05	 1.229e+01	     -7.78	0	Gaussian	9990000000.000000	9990000000.000000
2434	1	1055.423718	229.755384	     -1.00	   2944.31	    289.25	      2.37	      2.10	     41.49	     36.69	63.86	 1.748e+01	     -7.78	0	Gaussian	9990000000.000000	9990000000.000000
2435	1	1057.387341	208.025233	     -1.00	   2062.98	   1629.92	      2.34	      2.34	     41.00	     41.00	-31.95	 1.246e+01	     -7.78	0	Gaussian	9990000000.000000	9990000000.000000
2436	1	1045.088182	216.661796	     -1.00	   5475.07	   1239.51	      2.47	      2.13	     43.18	     37.34	22.56	 1.090e+01	     -7.78	0	Gaussian	9990000000.000000	9990000000.000000
2437	1	1050.585985	196.369828	     -1.00	   2256.67	   3487.62	      2.63	      2.21	     45.95	     38.64	-3.90	 1.064e+01	     -7.78	0	Gaussian	9990000000.000000	9990000000.000000
2438	1	1045.061499	233.999540	     -1.00	   5032.65	   3717.65	      2.69	      1.80	     47.12	     31.53	35.96	 1.238e+01	     -7.77	0	Gaussian	9990000000.000000	9990000000.000000
2439	1	1056.550223	249.765871	     -1.00	   2979.81	   2716.52	      2.19	      2.08	     38.28	     36.34	30.07	 1.230e+01	     -7.77	0	Gaussian	9990000000.000000	9990000000.000000
2440	1	1056.685616	215.841879	     -1.00	   2286.94	   2763.54	      2.71	      1.94	     47.43	     33.93	-36.18	 2.105e+01	     -7.77	0	Gaussian	9990000000.000000	9990000000.000000
2441	1	1055.634395	292.002969	     -1.00	   4499.47	   3290.37	      2.51	      1.55	     43.89	     27.10	46.78	 1.394e+01	     -7.77	0	Gaussian	9990000000.000000	9990000000.000000
2442	1	1049.261683	210.572812	     -1.00	   5094.13	   2197.21	      2.58	      2.09	     45.08	     36.59	21.35	 1.194e+01	     -7.77	0	Gaussian	9990000000.000000	9990000000.000000
2443	1	1056.857934	212.716500	     -1.00	   2437.77	   1958.11	      2.61	      2.04	     45.66	     35.73	-0.14	 1.122e+01	     -7.77	0	Gaussian	9990000000.000000	9990000000.000000
2444	1	1056.762909	253.248217	     -1.00	   2068.65	   1565.79	      2.32	      1.93	     40.56	     33.76	8.21	 1.285e+01	     -7.77	0	Gaussian	9990000000.000000	9990000000.000000
2445	1	1048.870358	214.977300	     -1.00	   3395.36	    327.13	      2.34	      2.25	     40.94	     39.40	-88.74	 1.060e+01	     -7.77	0	Gaussian	9990000000.000000	9990000000.000000
2446	1	1055.496706	246.946650	     -1.00	   3437.83	   1331.26	      2.38	      1.92	     41.69	     33.65	44.02	 1.412e+01	     -7.77	0	Gaussian	9990000000.000000	9990000000.000000
2447	1	1057.010593	210.239215	     -1.00	   2870.44	   2634.36	      2.49	      2.16	     43.67	     37.72	16.02	 1.216e+01	     -7.77	0	Gaussian	9990000000.000000	9990000000.000000
2448	1	1048.477248	201.932676	     -1.00	   4517.52	    489.58	      2.46	      2.28	     42.97	     39.88	-9.94	 1.107e+01	     -7.77	0	Gaussian	9990000000.000000	9990000000.000000
2449	1	1047.868798	185.553016	     -1.00	   4457.08	    194.08	      3.03	      2.01	     53.08	     35.11	41.84	 1.072e+01	     -7.77	0	Gaussian	9990000000.000000	9990000000.000000
2450	1	1052.422408	176.528359	     -1.00	   4561.88	   1146.45	      3.08	      2.07	     53.99	     36.27	-33.71	 1.139e+01	     -7.77	0	Gaussian	9990000000.000000	9990000000.000000
2451	1	1058.290765	309.853408	     -1.00	   2300.80	   1543.87	      2.19	      1.66	     38.28	     29.06	27.24	 1.285e+01	     -7.76	0	Gaussian	9990000000.000000	9990000000.000000
2452	1	1054.916627	250.631422	     -1.00	   2343.84	   2595.63	      2.26	      1.98	     39.56	     34.74	-13.14	 1.407e+01	     -7.76	0	Gaussian	9990000000.000000	9990000000.000000
2453	1	1057.496115	224.711954	     -1.00	   2993.34	   2552.76	      3.10	      1.61	     54.22	     28.27	78.20	 1.281e+01	     -7.76	0	Gaussian	9990000000.000000	9990000000.000000
2454	1	1054.898485	261.451486	     -1.00	   1806.89	   1345.58	      2.32	      1.85	     40.62	     32.34	45.83	 1.126e+01	     -7.76	0	Gaussian	9990000000.000000	9990000000.000000
2455	1	1055.910394	387.717659	     -1.00	   2922.73	   2743.73	      1.98	      1.46	     34.57	     25.61	39.47	 1.245e+01	     -7.76	0	Gaussian	9990000000.000000	9990000000.000000
2456	1	1049.761968	156.252591	     -1.00	   4910.42	   1159.93	      2.79	      2.57	     48.79	     45.00	-4.63	 1.076e+01	     -7.76	0	Gaussian	9990000000.000000	9990000000.000000
2457	1	1053.028894	166.121758	     -1.00	   1942.58	   1624.73	      2.94	      2.30	     51.39	     40.18	15.62	 1.106e+01	     -7.76	0	Gaussian	9990000000.000000	9990000000.000000
2458	1	1052.340802	199.418444	     -1.00	   2914.84	    724.55	      2.51	      2.24	     43.90	     39.16	70.77	 1.168e+01	     -7.76	0	Gaussian	9990000000.000000	9990000000.000000
2459	1	1054.909217	169.200586	     -1.00	   3870.24	   2767.91	      3.18	      2.08	     55.68	     36.38	-81.83	 1.030e+01	     -7.76	0	Gaussian	9990000000.000000	9990000000.000000
2460	1	1053.897181	188.052242	     -1.00	   1799.63	   2090.18	      2.57	      2.31	     44.96	     40.49	6.14	 2.088e+01	     -7.76	0	Gaussian	9990000000.000000	9990000000.000000
2461	1	1062.440393	235.236207	     -1.00	   3946.96	   1714.62	      2.35	      2.02	     41.20	     35.31	-68.65	 1.910e+01	     -7.76	0	Gaussian	9990000000.000000	9990000000.000000
2462	1	1044.226136	210.162308	     -1.00	    717.15	   2023.41	      2.44	      2.17	     42.78	     38.00	-17.54	 1.161e+01	     -7.75	0	Gaussian	9990000000.000000	9990000000.000000
2463	1	1048.098744	179.075922	     -1.00	   1756.44	    239.19	      2.58	      2.41	     45.17	     42.23	79.76	 1.274e+01	     -7.75	0	Gaussian	9990000000.000000	9990000000.000000
2464	1	1058.028345	240.331899	     -1.00	   4072.20	   3182.31	      2.15	      2.15	     37.69	     37.69	21.96	 2.448e+01	     -7.75	0	Gaussian	9990000000.000000	9990000000.000000
2465	1	1060.681196	258.942170	     -1.00	   2670.39	   2114.04	      2.39	      1.80	     41.85	     31.49	-11.90	 1.267e+01	     -7.75	0	Gaussian	9990000000.000000	9990000000.000000
2466	1	1056.222102	305.816584	     -1.00	   2576.98	   1247.25	      2.20	      1.65	     38.51	     28.97	-35.52	 1.296e+01	     -7.75	0	Gaussian	9990000000.000000	9990000000.000000
2467	1	1060.225689	225.649728	     -1.00	   1939.11	   1063.50	      2.43	      2.03	     42.52	     35.55	-21.52	 2.994e+01	     -7.75	0	Gaussian	9990000000.000000	9990000000.000000
2468	1	1052.683539	286.971852	     -1.00	   4502.81	   1701.37	      2.11	      1.84	     37.00	     32.12	-48.52	 1.201e+01	     -7.75	0	Gaussian	9990000000.000000	9990000000.000000
2469	1	1056.519651	181.489642	     -1.00	   2546.38	   1178.54	      2.52	      2.43	     44.16	     42.55	34.43	 1.233e+01	     -7.75	0	Gaussian	9990000000.000000	9990000000.000000
2470	1	1050.228343	199.936275	     -1.00	   2181.61	   3623.60	      2.63	      2.11	     46.07	     36.99	76.16	 1.478e+01	     -7.75	0	Gaussian	9990000000.000000	9990000000.000000
2471	1	1054.083830	219.367304	     -1.00	   2900.68	   1031.63	      2.58	      1.97	     45.13	     34.40	34.60	 1.093e+01	     -7.75	0	Gaussian	9990000000.000000	9990000000.000000
2472	1	1051.302139	235.298752	     -1.00	   5347.52	   1731.48	      2.98	      1.58	     52.15	     27.71	5.40	 9.984e+00	     -7.75	0	Gaussian	9990000000.000000	9990000000.000000
2473	1	1059.898381	287.046926	     -1.00	   3191.66	   1734.78	      2.14	      1.81	     37.47	     31.61	26.71	 1.331e+01	     -7.75	0	Gaussian	9990000000.000000	9990000000.000000
2474	1	1054.440849	203.139710	     -1.00	   4409.92	   1507.71	      2.41	      2.26	     42.17	     39.61	11.22	 1.227e+01	     -7.75	0	Gaussian	9990000000.000000	9990000000.000000
2475	1	1061.430620	268.558085	     -1.00	   3074.78	   1489.57	      2.35	      1.76	     41.09	     30.74	32.64	 1.612e+01	     -7.75	0	Gaussian	9990000000.000000	9990000000.000000
2476	1	1056.394528	342.569814	     -1.00	   3425.74	   1266.23	      2.15	      1.50	     37.71	     26.24	-46.18	 1.108e+01	     -7.75	0	Gaussian	9990000000.000000	9990000000.000000
2477	1	1052.460689	158.252646	     -1.00	   4275.39	   2143.43	      2.96	      2.36	     51.80	     41.35	19.68	 1.061e+01	     -7.75	0	Gaussian	9990000000.000000	9990000000.000000
2478	1	1049.317169	183.417458	     -1.00	   1005.45	   1890.49	      2.73	      2.21	     47.73	     38.62	16.74	 1.567e+01	     -7.74	0	Gaussian	9990000000.000000	9990000000.000000
2479	1	1051.459235	211.504607	     -1.00	   4793.02	   2438.32	      2.57	      2.03	     44.94	     35.56	19.35	 1.094e+01	     -7.74	0	Gaussian	9990000000.000000	9990000000.000000
2480	1	1053.117591	211.183279	     -1.00	   4250.50	    833.12	      2.43	      2.15	     42.49	     37.67	6.42	 1.343e+01	     -7.74	0	Gaussian	9990000000.000000	9990000000.000000
2481	1	1050.428463	213.346911	     -1.00	   4968.50	   1228.68	      2.66	      1.95	     46.47	     34.07	6.61	 1.071e+01	     -7.74	0	Gaussian	9990000000.000000	9990000000.000000
2482	1	1055.301487	142.672076	     -1.00	   2801.69	    697.77	      3.33	      2.32	     58.20	     40.63	-86.29	 1.318e+01	     -7.74	0	Gaussian	9990000000.000000	9990000000.000000
2483	1	1058.478448	256.709546	     -1.00	   2816.13	   2760.54	      2.15	      1.99	     37.69	     34.86	4.99	 1.362e+01	     -7.74	0	Gaussian	9990000000.000000	9990000000.000000
2484	1	1064.157995	221.840482	     -1.00	   3306.99	   1519.47	      2.43	      2.04	     42.47	     35.78	-47.48	 2.428e+01	     -7.74	0	Gaussian	9990000000.000000	9990000000.000000
2485	1	1053.612721	319.157917	     -1.00	   4488.64	   1941.90	      2.20	      1.56	     38.54	     27.36	48.74	 1.252e+01	     -7.74	0	Gaussian	9990000000.000000	9990000000.000000
2486	1	1059.775420	307.191081	     -1.00	   2975.97	   1396.08	      2.13	      1.67	     37.33	     29.31	-25.60	 1.182e+01	     -7.74	0	Gaussian	9990000000.000000	9990000000.000000
2487	1	1058.508516	235.314043	     -1.00	   2586.16	   2250.60	      2.59	      1.80	     45.29	     31.52	-4.41	 1.154e+01	     -7.74	0	Gaussian	9990000000.000000	9990000000.000000
2488	1	1059.510743	316.615684	     -1.00	   2560.14	   1859.30	      2.19	      1.58	     38.38	     27.62	32.35	 1.380e+01	     -7.73	0	Gaussian	9990000000.000000	9990000000.000000
2489	1	1061.293550	244.617998	     -1.00	   3389.22	   1187.90	      2.64	      1.70	     46.17	     29.71	31.08	 2.268e+01	     -7.73	0	Gaussian	9990000000.000000	9990000000.000000
2490	1	1051.678066	258.541109	     -1.00	   1657.17	   1953.29	      2.06	      2.06	     36.01	     36.01	81.89	 1.326e+01	     -7.73	0	Gaussian	9990000000.000000	9990000000.000000
2491	1	1052.153528	200.094478	     -1.00	   2116.45	   1028.20	      2.54	      2.15	     44.44	     37.69	-36.36	 1.139e+01	     -7.73	0	Gaussian	9990000000.000000	9990000000.000000
2492	1	1052.880614	214.617961	     -1.00	   4862.57	   2774.10	      2.49	      2.04	     43.53	     35.76	20.42	 1.202e+01	     -7.73	0	Gaussian	9990000000.000000	9990000000.000000
2493	1	1052.870023	232.848652	     -1.00	   2613.30	   3385.82	      2.24	      2.09	     39.24	     36.56	40.75	 1.421e+01	     -7.73	0	Gaussian	9990000000.000000	9990000000.000000
2494	1	1060.925816	230.219773	     -1.00	   3012.90	   1203.07	      2.49	      1.90	     43.60	     33.28	-14.27	 1.497e+01	     -7.73	0	Gaussian	9990000000.000000	9990000000.000000
2495	1	1051.232077	154.328167	     -1.00	   4184.84	    764.54	      2.71	      2.61	     47.45	     45.61	79.71	 1.167e+01	     -7.73	0	Gaussian	9990000000.000000	9990000000.000000
2496	1	1055.117666	237.461811	     -1.00	   2315.23	   1730.01	      2.30	      2.00	     40.25	     34.94	36.18	 1.175e+01	     -7.73	0	Gaussian	9990000000.000000	9990000000.000000
2497	1	1053.654981	298.745780	     -1.00	   2826.93	    513.80	      2.22	      1.65	     38.77	     28.80	40.55	 1.371e+01	     -7.73	0	Gaussian	9990000000.000000	9990000000.000000
2498	1	1049.587029	186.941869	     -1.00	   1556.30	   1701.44	      2.67	      2.18	     46.71	     38.18	82.74	 1.139e+01	     -7.73	0	Gaussian	9990000000.000000	9990000000.000000
2499	1	1053.147919	143.593166	     -1.00	   1566.74	   1627.54	      2.89	      2.62	     50.60	     45.79	24.64	 1.690e+01	     -7.73	0	Gaussian	9990000000.000000	9990000000.000000
2500	1	1050.924772	184.401477	     -1.00	   2128.52	    560.67	      2.48	      2.38	     43.37	     41.58	28.39	 1.090e+01	     -7.72	0	Gaussian	9990000000.000000	9990000000.000000
2501	1	1056.293228	269.054260	     -1.00	   2369.36	   1306.13	      2.17	      1.85	     38.05	     32.41	19.41	 1.260e+01	     -7.72	0	Gaussian	9990000000.000000	9990000000.000000
2502	1	1056.202989	234.371700	     -1.00	   2217.26	    576.09	      2.48	      1.86	     43.35	     32.64	50.12	 1.207e+01	     -7.72	0	Gaussian	9990000000.000000	9990000000.000000
2503	1	1060.381369	300.143663	     -1.00	   3515.15	   1414.21	      2.59	      1.39	     45.33	     24.37	34.79	 2.936e+01	     -7.72	0	Gaussian	9990000000.000000	9990000000.000000
2504	1	1053.877647	277.466730	     -1.00	   4328.30	   2363.22	      2.14	      1.82	     37.49	     31.85	37.19	 1.163e+01	     -7.72	0	Gaussian	9990000000.000000	9990000000.000000
2505	1	1056.874546	241.807655	     -1.00	   1555.96	   1522.10	      2.41	      1.86	     42.19	     32.47	-16.11	 1.775e+01	     -7.72	0	Gaussian	9990000000.000000	9990000000.000000
2506	1	1048.291647	155.875927	     -1.00	   5102.08	   3259.31	      3.00	      2.31	     52.54	     40.39	46.00	 1.179e+01	     -7.72	0	Gaussian	9990000000.000000	9990000000.000000
2507	1	1049.980381	181.864039	     -1.00	   1739.16	   3171.59	      2.49	      2.39	     43.51	     41.76	46.50	 1.365e+01	     -7.72	0	Gaussian	9990000000.000000	9990000000.000000
2508	1	1052.166715	168.161542	     -1.00	   2986.35	    525.93	      2.83	      2.27	     49.49	     39.69	59.21	 1.176e+01	     -7.72	0	Gaussian	9990000000.000000	9990000000.000000
2509	1	1052.447588	173.638092	     -1.00	   4946.34	   1498.61	      2.90	      2.14	     50.83	     37.42	14.36	 1.312e+01	     -7.72	0	Gaussian	9990000000.000000	9990000000.000000
2510	1	1055.746519	238.087817	     -1.00	   4749.47	   2071.10	      2.36	      1.92	     41.34	     33.52	33.63	 1.393e+01	     -7.72	0	Gaussian	9990000000.000000	9990000000.000000
2511	1	1056.459364	228.288516	     -1.00	   4080.15	   3183.56	      2.17	      2.17	     38.02	     38.02	-6.95	 2.230e+01	     -7.72	0	Gaussian	9990000000.000000	9990000000.000000
2512	1	1053.630175	172.725790	     -1.00	   2616.64	    564.39	      2.84	      2.20	     49.64	     38.45	57.16	 1.280e+01	     -7.72	0	Gaussian	9990000000.000000	9990000000.000000
2513	1	1058.545743	238.129104	     -1.00	   2943.52	   1620.97	      2.46	      1.83	     42.98	     32.10	-26.33	 1.120e+01	     -7.71	0	Gaussian	9990000000.000000	9990000000.000000
2514	1	1060.100106	371.188949	     -1.00	   2755.20	   1394.18	      2.05	      1.41	     35.92	     24.62	46.06	 1.247e+01	     -7.71	0	Gaussian	9990000000.000000	9990000000.000000
2515	1	1060.410500	 93.031601	     -1.00	   2860.75	   1896.68	      6.12	      1.88	    107.11	     32.90	9.25	 1.291e+01	     -7.71	0	Gaussian	9990000000.000000	9990000000.000000
2516	1	1052.373808	205.582877	     -1.00	   1917.18	   1316.28	      2.76	      1.89	     48.29	     33.01	32.71	 1.090e+01	     -7.71	0	Gaussian	9990000000.000000	9990000000.000000
2517	1	1061.752892	220.293671	     -1.00	   2681.04	   1779.70	      2.26	      2.15	     39.49	     37.65	-31.77	 1.846e+01	     -7.71	0	Gaussian	9990000000.000000	9990000000.000000
2518	1	1049.885828	167.901487	     -1.00	   3069.24	   3897.44	      2.61	      2.44	     45.65	     42.73	71.74	 1.118e+01	     -7.71	0	Gaussian	9990000000.000000	9990000000.000000
2519	1	1052.505492	171.984061	     -1.00	   4593.33	   3165.49	      2.94	      2.11	     51.50	     36.96	51.48	 1.044e+01	     -7.71	0	Gaussian	9990000000.000000	9990000000.000000
2520	1	1049.487590	186.939791	     -1.00	   1603.68	    492.64	      2.89	      1.98	     50.61	     34.58	63.73	 1.082e+01	     -7.71	0	Gaussian	9990000000.000000	9990000000.000000
2521	1	1059.164967	180.003553	     -1.00	   2911.72	   1091.70	      2.61	      2.27	     45.72	     39.70	-17.06	 1.191e+01	     -7.71	0	Gaussian	9990000000.000000	9990000000.000000
2522	1	1052.895837	254.919667	     -1.00	   2266.17	   3304.63	      2.24	      1.87	     39.25	     32.65	69.26	 1.261e+01	     -7.71	0	Gaussian	9990000000.000000	9990000000.000000
2523	1	1058.780489	282.256614	     -1.00	   2747.15	   1809.10	      2.32	      1.62	     40.54	     28.43	-39.33	 1.335e+01	     -7.70	0	Gaussian	9990000000.000000	9990000000.000000
2524	1	1055.787559	230.347469	     -1.00	   2723.24	   3003.57	      2.25	      2.05	     39.30	     35.94	0.64	 1.350e+01	     -7.70	0	Gaussian	9990000000.000000	9990000000.000000
2525	1	1051.533017	285.924101	     -1.00	   3370.66	   3585.27	      2.23	      1.67	     38.94	     29.21	-36.47	 1.246e+01	     -7.70	0	Gaussian	9990000000.000000	9990000000.000000
2526	1	1050.743841	185.817623	     -1.00	   5292.25	   2305.16	      2.66	      2.15	     46.47	     37.60	16.77	 1.078e+01	     -7.70	0	Gaussian	9990000000.000000	9990000000.000000
2527	1	1054.332935	180.006298	     -1.00	   2547.10	   1403.52	      2.67	      2.20	     46.81	     38.53	-33.83	 1.254e+01	     -7.70	0	Gaussian	9990000000.000000	9990000000.000000
2528	1	1052.364251	158.124297	     -1.00	   4058.24	    652.63	      2.81	      2.39	     49.16	     41.75	-79.75	 1.187e+01	     -7.70	0	Gaussian	9990000000.000000	9990000000.000000
2529	1	1052.327921	199.494992	     -1.00	   4546.70	   3440.27	      2.37	      2.24	     41.55	     39.15	-19.92	 1.166e+01	     -7.70	0	Gaussian	9990000000.000000	9990000000.000000
2530	1	1050.824335	213.926787	     -1.00	   4083.35	    730.45	      2.29	      2.16	     40.04	     37.83	-65.70	 1.095e+01	     -7.70	0	Gaussian	9990000000.000000	9990000000.000000
2531	1	1058.590492	356.532921	     -1.00	   2988.29	   2247.74	      1.96	      1.51	     34.25	     26.47	-31.61	 1.163e+01	     -7.69	0	Gaussian	9990000000.000000	9990000000.000000
2532	1	1053.844136	362.378882	     -1.00	   4112.25	   2355.30	      2.05	      1.42	     35.92	     24.83	46.93	 1.056e+01	     -7.69	0	Gaussian	9990000000.000000	9990000000.000000
2533	1	1056.696641	272.540387	     -1.00	   3651.32	   3168.17	      2.15	      1.80	     37.62	     31.50	41.28	 1.077e+01	     -7.69	0	Gaussian	9990000000.000000	9990000000.000000
2534	1	1049.151590	203.764998	     -1.00	   3805.15	    398.50	      2.45	      2.11	     42.85	     36.98	79.39	 9.627e+00	     -7.69	0	Gaussian	9990000000.000000	9990000000.000000
2535	1	1054.262993	185.921798	     -1.00	   4170.54	    804.90	      2.73	      2.07	     47.80	     36.26	5.05	 1.810e+01	     -7.69	0	Gaussian	9990000000.000000	9990000000.000000
2536	1	1051.308703	169.676257	     -1.00	   3968.22	   3244.36	      2.49	      2.49	     43.57	     43.57	-17.94	 1.297e+01	     -7.69	0	Gaussian	9990000000.000000	9990000000.000000
2537	1	1055.263295	192.441473	     -1.00	   3536.33	   1562.55	      2.53	      2.15	     44.33	     37.71	18.14	 1.240e+01	     -7.69	0	Gaussian	9990000000.000000	9990000000.000000
2538	1	1054.015270	128.495570	     -1.00	   2073.40	   1341.67	      3.26	      2.50	     57.12	     43.71	-80.21	 1.437e+01	     -7.69	0	Gaussian	9990000000.000000	9990000000.000000
2539	1	1055.633439	232.353310	     -1.00	   4014.19	   2956.18	      2.42	      1.86	     42.37	     32.57	-37.10	 1.073e+01	     -7.69	0	Gaussian	9990000000.000000	9990000000.000000
2540	1	1052.778860	178.521339	     -1.00	   4961.69	   1911.41	      2.87	      2.04	     50.28	     35.72	4.20	 1.119e+01	     -7.69	0	Gaussian	9990000000.000000	9990000000.000000
2541	1	1055.128503	166.505686	     -1.00	   2364.25	   1152.26	      2.84	      2.21	     49.76	     38.69	45.19	 1.556e+01	     -7.68	0	Gaussian	9990000000.000000	9990000000.000000
2542	1	1056.180742	162.622207	     -1.00	   3692.29	   1110.46	      3.64	      1.76	     63.72	     30.89	15.67	 1.583e+01	     -7.68	0	Gaussian	9990000000.000000	9990000000.000000
2543	1	1054.203067	176.897088	     -1.00	   3994.89	   1119.21	      2.43	      2.43	     42.50	     42.50	39.37	 1.236e+01	     -7.68	0	Gaussian	9990000000.000000	9990000000.000000
2544	1	1058.969517	288.933289	     -1.00	   3533.88	   1409.00	      2.47	      1.45	     43.29	     25.47	45.98	 2.190e+01	     -7.68	0	Gaussian	9990000000.000000	9990000000.000000
2545	1	1048.570670	194.017408	     -1.00	   1666.35	   2867.66	      2.71	      1.98	     47.40	     34.63	-38.34	 9.587e+00	     -7.68	0	Gaussian	9990000000.000000	9990000000.000000
2546	1	1054.757147	255.017258	     -1.00	   1692.25	   1758.05	      2.12	      1.92	     37.06	     33.68	-36.83	 1.346e+01	     -7.68	0	Gaussian	9990000000.000000	9990000000.000000
2547	1	1054.811590	228.073054	     -1.00	   4479.77	   1401.23	      2.47	      1.84	     43.20	     32.28	22.11	 1.487e+01	     -7.68	0	Gaussian	9990000000.000000	9990000000.000000
2548	1	1047.833918	250.454774	     -1.00	   2735.37	   3962.87	      2.11	      1.96	     36.96	     34.35	-75.44	 1.173e+01	     -7.68	0	Gaussian	9990000000.000000	9990000000.000000
2549	1	1053.220033	191.828003	     -1.00	   3210.67	   3344.69	      2.55	      2.11	     44.72	     37.01	-12.91	 1.250e+01	     -7.67	0	Gaussian	9990000000.000000	9990000000.000000
2550	1	1055.985662	192.645501	     -1.00	   3174.81	   1065.13	      2.32	      2.32	     40.58	     40.58	68.20	 1.314e+01	     -7.67	0	Gaussian	9990000000.000000	9990000000.000000
2551	1	1053.455476	168.791509	     -1.00	   2546.59	    885.39	      2.86	      2.14	     50.05	     37.52	35.10	 1.161e+01	     -7.67	0	Gaussian	9990000000.000000	9990000000.000000
2552	1	1051.747348	204.455908	     -1.00	   4452.98	    742.49	      2.44	      2.07	     42.69	     36.22	24.00	 1.203e+01	     -7.67	0	Gaussian	9990000000.000000	9990000000.000000
2553	1	1050.519098	229.214817	     -1.00	   3148.83	   3666.87	      2.12	      2.12	     37.13	     37.13	67.19	 1.183e+01	     -7.67	0	Gaussian	9990000000.000000	9990000000.000000
2554	1	1056.001169	214.831603	     -1.00	   2153.63	   2133.24	      2.45	      1.95	     42.97	     34.20	-0.77	 1.253e+01	     -7.67	0	Gaussian	9990000000.000000	9990000000.000000
2555	1	1049.438808	212.699101	     -1.00	   5239.56	   1979.47	      2.72	      1.78	     47.54	     31.16	0.40	 1.059e+01	     -7.67	0	Gaussian	9990000000.000000	9990000000.000000
2556	1	1054.423408	229.209463	     -1.00	   3832.34	    747.29	      2.24	      2.00	     39.23	     35.03	4.65	 1.195e+01	     -7.67	0	Gaussian	9990000000.000000	9990000000.000000
2557	1	1050.494543	202.850182	     -1.00	   2842.63	   3876.64	      2.29	      2.22	     40.03	     38.79	42.18	 1.191e+01	     -7.67	0	Gaussian	9990000000.000000	9990000000.000000
2558	1	1054.795206	189.297720	     -1.00	   5275.64	   3434.99	      2.49	      2.18	     43.50	     38.22	19.59	 2.894e+01	     -7.67	0	Gaussian	9990000000.000000	9990000000.000000
2559	1	1055.008440	219.953501	     -1.00	   2628.51	   2891.22	      2.39	      1.96	     41.77	     34.24	18.19	 1.083e+01	     -7.66	0	Gaussian	9990000000.000000	9990000000.000000
2560	1	1059.989263	275.520198	     -1.00	   3094.20	   1975.98	      2.23	      1.67	     38.97	     29.29	-3.44	 1.287e+01	     -7.66	0	Gaussian	9990000000.000000	9990000000.000000
2561	1	1057.052281	268.083105	     -1.00	   2458.98	   1369.32	      2.19	      1.75	     38.27	     30.59	-41.81	 1.192e+01	     -7.66	0	Gaussian	9990000000.000000	9990000000.000000
2562	1	1059.131214	213.045458	     -1.00	   3024.37	   2643.80	      2.32	      2.06	     40.63	     36.14	-28.10	 1.183e+01	     -7.66	0	Gaussian	9990000000.000000	9990000000.000000
2563	1	1051.757661	273.252932	     -1.00	   4705.68	   1908.88	      2.12	      1.76	     37.15	     30.81	30.13	 1.239e+01	     -7.66	0	Gaussian	9990000000.000000	9990000000.000000
2564	1	1057.372365	353.323637	     -1.00	   4083.05	   1632.21	      1.70	      1.70	     29.74	     29.74	-19.57	 1.398e+01	     -7.66	0	Gaussian	9990000000.000000	9990000000.000000
2565	1	1049.444141	186.422291	     -1.00	   5072.25	   3066.28	      2.56	      2.13	     44.84	     37.35	12.02	 1.102e+01	     -7.66	0	Gaussian	9990000000.000000	9990000000.000000
2566	1	1055.556411	221.708905	     -1.00	   2945.54	   1410.36	      2.35	      1.95	     41.12	     34.20	26.76	 1.148e+01	     -7.65	0	Gaussian	9990000000.000000	9990000000.000000
2567	1	1053.440307	216.563270	     -1.00	   2456.23	   3176.62	      2.25	      2.08	     39.44	     36.40	-3.40	 1.223e+01	     -7.65	0	Gaussian	9990000000.000000	9990000000.000000
2568	1	1053.651084	219.629969	     -1.00	   4591.22	   1804.39	      2.47	      1.87	     43.19	     32.75	35.79	 2.024e+01	     -7.65	0	Gaussian	9990000000.000000	9990000000.000000
2569	1	1052.608189	286.184881	     -1.00	   4113.64	   3092.79	      2.15	      1.65	     37.58	     28.87	47.10	 1.173e+01	     -7.65	0	Gaussian	9990000000.000000	9990000000.000000
2570	1	1050.438882	236.466087	     -1.00	   5185.36	   1609.33	      2.55	      1.68	     44.57	     29.43	-4.73	 1.098e+01	     -7.65	0	Gaussian	9990000000.000000	9990000000.000000
2571	1	1051.511270	167.069810	     -1.00	   3237.44	    208.45	      2.75	      2.20	     48.19	     38.49	-47.20	 1.283e+01	     -7.65	0	Gaussian	9990000000.000000	9990000000.000000
2572	1	1057.295840	235.717133	     -1.00	   2974.68	   1289.75	      2.18	      1.97	     38.15	     34.41	-0.55	 1.089e+01	     -7.65	0	Gaussian	9990000000.000000	9990000000.000000
2573	1	1053.320191	139.877733	     -1.00	   2196.41	    898.41	      3.36	      2.15	     58.78	     37.57	-20.23	 1.213e+01	     -7.64	0	Gaussian	9990000000.000000	9990000000.000000
2574	1	1055.352280	246.426434	     -1.00	   2243.99	   1726.82	      2.02	      2.02	     35.40	     35.40	58.87	 1.170e+01	     -7.64	0	Gaussian	9990000000.000000	9990000000.000000
2575	1	1058.824467	168.617164	     -1.00	   2845.08	   1705.60	      2.69	      2.22	     47.10	     38.82	28.86	 2.128e+01	     -7.64	0	Gaussian	9990000000.000000	9990000000.000000
2576	1	1054.896762	178.782453	     -1.00	   4550.84	   2320.65	      2.47	      2.28	     43.17	     39.88	43.50	 1.197e+01	     -7.64	0	Gaussian	9990000000.000000	9990000000.000000
2577	1	1055.196370	244.421795	     -1.00	   4412.96	   2728.86	      2.34	      1.76	     40.98	     30.72	-32.36	 1.235e+01	     -7.64	0	Gaussian	9990000000.000000	9990000000.000000
2578	1	1059.572344	228.834749	     -1.00	   3212.30	   2430.77	      2.18	      2.01	     38.14	     35.24	24.20	 1.396e+01	     -7.64	0	Gaussian	9990000000.000000	9990000000.000000
2579	1	1053.316342	160.190538	     -1.00	   1931.79	   1032.90	      2.50	      2.50	     43.80	     43.80	-6.38	 1.132e+01	     -7.64	0	Gaussian	9990000000.000000	9990000000.000000
2580	1	1052.630642	236.415740	     -1.00	   3074.33	    677.99	      2.22	      1.91	     38.81	     33.49	83.91	 1.215e+01	     -7.64	0	Gaussian	9990000000.000000	9990000000.000000
2581	1	1056.442108	212.083637	     -1.00	   2185.85	   1511.36	      2.33	      2.02	     40.84	     35.44	7.62	 1.140e+01	     -7.64	0	Gaussian	9990000000.000000	9990000000.000000
2582	1	1055.018229	159.283908	     -1.00	   2190.74	   1931.28	      3.01	      2.08	     52.72	     36.48	-11.10	 1.139e+01	     -7.64	0	Gaussian	9990000000.000000	9990000000.000000
2583	1	1057.130903	180.308797	     -1.00	   2997.19	   2339.57	      2.88	      1.92	     50.45	     33.58	11.78	 1.219e+01	     -7.63	0	Gaussian	9990000000.000000	9990000000.000000
2584	1	1055.217904	196.239099	     -1.00	   3011.23	    801.27	      2.25	      2.25	     39.45	     39.45	-35.62	 1.284e+01	     -7.63	0	Gaussian	9990000000.000000	9990000000.000000
2585	1	1061.926945	243.085456	     -1.00	   2540.09	    938.64	      2.02	      2.02	     35.44	     35.44	-35.96	 2.369e+01	     -7.63	0	Gaussian	9990000000.000000	9990000000.000000
2586	1	1056.160914	351.658602	     -1.00	   3898.08	   1792.03	      2.07	      1.37	     36.31	     23.90	-53.20	 1.149e+01	     -7.63	0	Gaussian	9990000000.000000	9990000000.000000
2587	1	1054.828017	164.185870	     -1.00	   2647.15	    327.26	      2.84	      2.13	     49.79	     37.28	35.33	 1.937e+01	     -7.63	0	Gaussian	9990000000.000000	9990000000.000000
2588	1	1049.815637	180.721811	     -1.00	   2452.16	   3754.80	      2.51	      2.19	     43.93	     38.36	12.28	 1.125e+01	     -7.63	0	Gaussian	9990000000.000000	9990000000.000000
2589	1	1059.115901	221.428240	     -1.00	   2649.82	   1717.75	      2.30	      1.96	     40.17	     34.24	-24.21	 1.221e+01	     -7.63	0	Gaussian	9990000000.000000	9990000000.000000
2590	1	1056.259246	189.749062	     -1.00	   2683.40	    789.66	      2.51	      2.08	     43.95	     36.47	5.76	 1.130e+01	     -7.63	0	Gaussian	9990000000.000000	9990000000.000000
2591	1	1055.730490	225.769807	     -1.00	   2560.25	    747.41	      2.24	      1.96	     39.21	     34.36	44.14	 1.203e+01	     -7.63	0	Gaussian	9990000000.000000	9990000000.000000
2592	1	1054.681885	149.334115	     -1.00	   4290.19	    709.50	      2.77	      2.40	     48.47	     42.02	-49.36	 1.288e+01	     -7.63	0	Gaussian	9990000000.000000	9990000000.000000
2593	1	1055.034654	224.401796	     -1.00	   4305.64	   2140.72	      2.63	      1.68	     46.09	     29.38	47.25	 1.128e+01	     -7.63	0	Gaussian	9990000000.000000	9990000000.000000
2594	1	1055.565091	191.636994	     -1.00	   3856.51	   2594.14	      2.30	      2.25	     40.34	     39.30	18.58	 1.081e+01	     -7.63	0	Gaussian	9990000000.000000	9990000000.000000
2595	1	1052.145855	189.537867	     -1.00	   3765.39	   3335.52	      2.47	      2.12	     43.18	     37.09	76.24	 1.104e+01	     -7.63	0	Gaussian	9990000000.000000	9990000000.000000
2596	1	1060.692648	358.413911	     -1.00	   3154.11	   1281.14	      2.07	      1.33	     36.31	     23.33	50.63	 2.276e+01	     -7.63	0	Gaussian	9990000000.000000	9990000000.000000
2597	1	1053.729326	219.246738	     -1.00	   3208.03	   3254.19	      2.51	      1.80	     43.96	     31.44	-47.48	 1.233e+01	     -7.62	0	Gaussian	9990000000.000000	9990000000.000000
2598	1	1052.995507	198.657431	     -1.00	   2945.00	    623.69	      2.43	      2.05	     42.60	     35.80	87.77	 1.377e+01	     -7.62	0	Gaussian	9990000000.000000	9990000000.000000
2599	1	1054.052677	151.278243	     -1.00	   3426.69	    214.67	      2.90	      2.24	     50.81	     39.26	44.36	 1.929e+01	     -7.62	0	Gaussian	9990000000.000000	9990000000.000000
2600	1	1055.715885	190.910419	     -1.00	   2713.18	   1103.08	      2.75	      1.87	     48.18	     32.73	-58.20	 1.169e+01	     -7.62	0	Gaussian	9990000000.000000	9990000000.000000
2601	1	1056.482454	209.854550	     -1.00	   3819.80	   1390.45	      2.31	      2.02	     40.39	     35.43	-32.97	 1.167e+01	     -7.61	0	Gaussian	9990000000.000000	9990000000.000000
2602	1	1056.414852	156.678034	     -1.00	   2324.65	   1802.34	      2.50	      2.50	     43.71	     43.71	18.03	 1.496e+01	     -7.61	0	Gaussian	9990000000.000000	9990000000.000000
2603	1	1059.425142	372.538738	     -1.00	   3868.62	   2165.86	      1.95	      1.34	     34.22	     23.49	32.71	 1.363e+01	     -7.61	0	Gaussian	9990000000.000000	9990000000.000000
2604	1	1054.862007	178.151368	     -1.00	   2961.04	    970.77	      2.34	      2.34	     40.99	     40.99	70.07	 1.058e+01	     -7.61	0	Gaussian	9990000000.000000	9990000000.000000
2605	1	1054.858879	189.341075	     -1.00	   3938.81	   1400.50	      2.53	      2.04	     44.22	     35.71	55.78	 1.195e+01	     -7.61	0	Gaussian	9990000000.000000	9990000000.000000
2606	1	1055.717660	224.186567	     -1.00	   3560.37	   3054.13	      2.14	      2.03	     37.51	     35.54	1.67	 1.202e+01	     -7.61	0	Gaussian	9990000000.000000	9990000000.000000
2607	1	1060.776843	248.054533	     -1.00	   2541.79	   2336.32	      2.28	      1.72	     39.96	     30.16	-29.97	 3.718e+01	     -7.61	0	Gaussian	9990000000.000000	9990000000.000000
2608	1	1050.975583	204.820448	     -1.00	   1745.21	   2019.43	      2.57	      1.85	     45.00	     32.41	3.39	 1.349e+01	     -7.61	0	Gaussian	9990000000.000000	9990000000.000000
2609	1	1053.247172	267.446099	     -1.00	   2001.64	   2542.90	      2.16	      1.69	     37.74	     29.59	7.77	 1.279e+01	     -7.61	0	Gaussian	9990000000.000000	9990000000.000000
2610	1	1050.619804	200.446212	     -1.00	   3653.00	    353.52	      2.44	      1.99	     42.73	     34.81	61.45	 1.139e+01	     -7.61	0	Gaussian	9990000000.000000	9990000000.000000
2611	1	1054.427762	194.278801	     -1.00	   3433.54	   3628.56	      2.48	      2.02	     43.37	     35.37	34.10	 2.221e+01	     -7.61	0	Gaussian	9990000000.000000	9990000000.000000
2612	1	1052.369540	207.445703	     -1.00	   3530.17	   3378.45	      2.36	      1.98	     41.33	     34.67	23.15	 1.049e+01	     -7.60	0	Gaussian	9990000000.000000	9990000000.000000
2613	1	1056.706561	220.488352	     -1.00	   2747.73	   1095.21	      2.28	      1.93	     39.93	     33.72	44.56	 1.423e+01	     -7.60	0	Gaussian	9990000000.000000	9990000000.000000
2614	1	1053.969438	212.617246	     -1.00	   2284.40	   1359.39	      2.42	      1.88	     42.44	     32.84	33.58	 1.140e+01	     -7.60	0	Gaussian	9990000000.000000	9990000000.000000
2615	1	1053.394464	222.418712	     -1.00	   4141.03	   1055.09	      2.21	      1.97	     38.66	     34.46	-67.80	 1.147e+01	     -7.60	0	Gaussian	9990000000.000000	9990000000.000000
2616	1	1055.515079	186.770531	     -1.00	   2144.17	   2702.49	      2.44	      2.12	     42.69	     37.07	-0.25	 1.204e+01	     -7.60	0	Gaussian	9990000000.000000	9990000000.000000
2617	1	1055.600815	186.668716	     -1.00	   2769.49	    581.05	      2.42	      2.13	     42.35	     37.33	47.56	 1.418e+01	     -7.59	0	Gaussian	9990000000.000000	9990000000.000000
2618	1	1057.509945	197.893324	     -1.00	   2656.24	   2382.43	      2.58	      1.87	     45.14	     32.77	-15.64	 1.247e+01	     -7.59	0	Gaussian	9990000000.000000	9990000000.000000
2619	1	1057.613541	173.248668	     -1.00	   3276.28	   2200.48	      2.36	      2.33	     41.36	     40.82	20.71	 1.259e+01	     -7.59	0	Gaussian	9990000000.000000	9990000000.000000
2620	1	1053.718473	159.482182	     -1.00	   1996.07	    981.45	      2.81	      2.13	     49.15	     37.31	30.49	 1.172e+01	     -7.59	0	Gaussian	9990000000.000000	9990000000.000000
2621	1	1055.298319	231.923939	     -1.00	   3931.01	   3212.81	      2.18	      1.89	     38.11	     33.06	-76.49	 1.275e+01	     -7.58	0	Gaussian	9990000000.000000	9990000000.000000
2622	1	1058.783353	183.829240	     -1.00	   3867.38	   3001.23	      2.44	      2.12	     42.77	     37.16	-72.08	 1.233e+01	     -7.58	0	Gaussian	9990000000.000000	9990000000.000000
2623	1	1052.584815	185.697965	     -1.00	   4960.35	   2674.66	      2.77	      1.86	     48.40	     32.48	5.15	 1.130e+01	     -7.58	0	Gaussian	9990000000.000000	9990000000.000000
2624	1	1057.966046	363.995558	     -1.00	   4072.70	   2131.76	      1.96	      1.33	     34.34	     23.34	42.61	 1.533e+01	     -7.58	0	Gaussian	9990000000.000000	9990000000.000000
2625	1	1053.319134	219.969493	     -1.00	   4400.64	   2196.14	      2.25	      1.93	     39.30	     33.71	58.17	 1.156e+01	     -7.58	0	Gaussian	9990000000.000000	9990000000.000000
2626	1	1054.154982	199.051681	     -1.00	   4403.78	    432.28	      2.32	      2.06	     40.54	     36.06	-21.30	 1.677e+01	     -7.58	0	Gaussian	9990000000.000000	9990000000.000000
2627	1	1059.335207	188.023981	     -1.00	   2828.18	   1104.32	      2.55	      1.98	     44.58	     34.68	-6.71	 1.673e+01	     -7.58	0	Gaussian	9990000000.000000	9990000000.000000
2628	1	1057.115804	230.035049	     -1.00	   2288.61	   1690.89	      2.76	      1.49	     48.38	     26.07	72.00	 1.297e+01	     -7.58	0	Gaussian	9990000000.000000	9990000000.000000
2629	1	1056.504429	274.635907	     -1.00	   3770.50	   2035.98	      2.10	      1.64	     36.81	     28.68	1.29	 1.290e+01	     -7.58	0	Gaussian	9990000000.000000	9990000000.000000
2630	1	1056.699467	206.439485	     -1.00	   2142.95	   2077.85	      2.28	      2.00	     39.96	     35.09	-11.16	 1.211e+01	     -7.57	0	Gaussian	9990000000.000000	9990000000.000000
2631	1	1057.514765	182.270756	     -1.00	   4462.07	   2832.92	      2.50	      2.07	     43.71	     36.25	-78.42	 1.276e+01	     -7.57	0	Gaussian	9990000000.000000	9990000000.000000
2632	1	1057.401203	216.635966	     -1.00	   3240.43	   1454.05	      2.32	      1.88	     40.54	     32.88	-4.51	 1.071e+01	     -7.57	0	Gaussian	9990000000.000000	9990000000.000000
2633	1	1060.442569	179.919634	     -1.00	   2946.68	   1666.22	      2.51	      2.09	     43.90	     36.49	66.07	 1.204e+01	     -7.57	0	Gaussian	9990000000.000000	9990000000.000000
2634	1	1063.617605	224.095377	     -1.00	   2657.08	   1549.78	      2.26	      1.86	     39.58	     32.50	34.82	 3.454e+01	     -7.57	0	Gaussian	9990000000.000000	9990000000.000000
2635	1	1061.146549	207.229210	     -1.00	   3893.34	   1055.36	      2.30	      1.97	     40.23	     34.46	11.79	 2.597e+01	     -7.57	0	Gaussian	9990000000.000000	9990000000.000000
2636	1	1056.708390	163.155899	     -1.00	   2276.23	   1324.71	      2.65	      2.17	     46.35	     37.98	-16.88	 1.209e+01	     -7.57	0	Gaussian	9990000000.000000	9990000000.000000
2637	1	1057.979885	234.842561	     -1.00	   2355.01	   2821.21	      2.41	      1.65	     42.20	     28.94	-17.72	 1.438e+01	     -7.56	0	Gaussian	9990000000.000000	9990000000.000000
2638	1	1054.701543	194.966328	     -1.00	   4026.02	   1052.34	      2.39	      2.01	     41.86	     35.14	8.12	 1.136e+01	     -7.56	0	Gaussian	9990000000.000000	9990000000.000000
2639	1	1057.401236	215.012615	     -1.00	   3337.86	   2873.01	      2.20	      1.98	     38.44	     34.61	23.73	 1.133e+01	     -7.56	0	Gaussian	9990000000.000000	9990000000.000000
2640	1	1054.584868	289.325836	     -1.00	   4494.44	   2343.92	      1.99	      1.62	     34.75	     28.30	4.38	 1.224e+01	     -7.56	0	Gaussian	9990000000.000000	9990000000.000000
2641	1	1056.752428	199.724946	     -1.00	   2707.37	   2324.34	      2.29	      2.02	     40.13	     35.44	-0.48	 1.060e+01	     -7.55	0	Gaussian	9990000000.000000	9990000000.000000
2642	1	1055.418947	193.785295	     -1.00	   2950.17	   2483.56	      2.26	      2.12	     39.47	     37.07	-34.98	 1.199e+01	     -7.55	0	Gaussian	9990000000.000000	9990000000.000000
2643	1	1055.949796	220.723632	     -1.00	   2975.65	   1029.04	      2.30	      1.82	     40.22	     31.90	61.22	 1.217e+01	     -7.55	0	Gaussian	9990000000.000000	9990000000.000000
2644	1	1055.451786	157.716573	     -1.00	   3836.53	   1300.54	      2.91	      2.01	     50.90	     35.26	-17.68	 1.164e+01	     -7.55	0	Gaussian	9990000000.000000	9990000000.000000
2645	1	1057.457197	320.576990	     -1.00	   3856.03	   1347.08	      2.09	      1.38	     36.59	     24.13	49.15	 1.151e+01	     -7.55	0	Gaussian	9990000000.000000	9990000000.000000
2646	1	1051.882703	185.029532	     -1.00	   3962.74	    659.19	      2.29	      2.17	     40.11	     37.96	-31.48	 1.324e+01	     -7.54	0	Gaussian	9990000000.000000	9990000000.000000
2647	1	1056.040223	239.936556	     -1.00	   4002.01	   1447.42	      2.23	      1.72	     39.07	     30.04	33.66	 1.228e+01	     -7.54	0	Gaussian	9990000000.000000	9990000000.000000
2648	1	1056.695103	192.043252	     -1.00	   3806.13	   2778.60	      2.23	      2.14	     39.06	     37.52	-51.16	 1.207e+01	     -7.54	0	Gaussian	9990000000.000000	9990000000.000000
2649	1	1053.414399	198.520397	     -1.00	   3322.02	   3329.52	      2.18	      2.11	     38.13	     37.02	-38.95	 1.224e+01	     -7.54	0	Gaussian	9990000000.000000	9990000000.000000
2650	1	1057.067794	182.983721	     -1.00	   3430.60	   1416.52	      2.36	      2.11	     41.37	     36.91	32.28	 1.232e+01	     -7.54	0	Gaussian	9990000000.000000	9990000000.000000
2651	1	1055.823271	152.073128	     -1.00	   2493.48	    937.41	      2.45	      2.45	     42.86	     42.86	15.82	 1.365e+01	     -7.54	0	Gaussian	9990000000.000000	9990000000.000000
2652	1	1060.241187	186.998632	     -1.00	   3131.88	   1891.84	      2.42	      2.01	     42.42	     35.17	-52.70	 1.537e+01	     -7.53	0	Gaussian	9990000000.000000	9990000000.000000
2653	1	1058.465179	242.228447	     -1.00	   1731.38	   2218.64	      2.12	      1.76	     37.18	     30.87	-31.44	 4.342e+01	     -7.53	0	Gaussian	9990000000.000000	9990000000.000000
2654	1	1057.121740	184.523278	     -1.00	   2070.18	   2382.40	      2.41	      2.04	     42.20	     35.63	-5.88	 1.409e+01	     -7.53	0	Gaussian	9990000000.000000	9990000000.000000
2655	1	1059.297886	288.171688	     -1.00	   3145.74	   2006.31	      2.11	      1.49	     36.94	     26.05	-43.70	 1.213e+01	     -7.53	0	Gaussian	9990000000.000000	9990000000.000000
2656	1	1052.541309	201.184560	     -1.00	   4469.75	   2970.85	      2.75	      1.64	     48.14	     28.63	48.94	 1.072e+01	     -7.53	0	Gaussian	9990000000.000000	9990000000.000000
2657	1	1059.902287	298.861084	     -1.00	   2757.28	   1742.28	      1.98	      1.52	     34.71	     26.67	43.94	 1.218e+01	     -7.52	0	Gaussian	9990000000.000000	9990000000.000000
2658	1	1059.125259	176.906904	     -1.00	   3174.05	   2226.49	      2.36	      2.16	     41.26	     37.73	-55.58	 1.147e+01	     -7.52	0	Gaussian	9990000000.000000	9990000000.000000
2659	1	1057.633081	227.880567	     -1.00	   3671.41	   1410.38	      2.22	      1.77	     38.85	     31.03	63.11	 1.316e+01	     -7.52	0	Gaussian	9990000000.000000	9990000000.000000
2660	1	1058.076780	187.084572	     -1.00	   3043.95	   1563.21	      2.34	      2.05	     40.88	     35.85	52.22	 1.148e+01	     -7.52	0	Gaussian	9990000000.000000	9990000000.000000
2661	1	1055.975716	224.391680	     -1.00	   4277.96	   1461.97	      2.31	      1.72	     40.43	     30.09	-29.23	 1.161e+01	     -7.51	0	Gaussian	9990000000.000000	9990000000.000000
2662	1	1054.572708	279.072148	     -1.00	   2126.80	   1171.76	      2.25	      1.41	     39.44	     24.69	45.66	 1.319e+01	     -7.51	0	Gaussian	9990000000.000000	9990000000.000000
2663	1	1061.671203	248.033701	     -1.00	   2868.86	   2019.80	      2.20	      1.62	     38.57	     28.38	29.80	 1.176e+01	     -7.50	0	Gaussian	9990000000.000000	9990000000.000000
2664	1	1061.274182	219.569512	     -1.00	   3359.08	   1761.81	      2.55	      1.58	     44.62	     27.65	17.78	 1.753e+01	     -7.50	0	Gaussian	9990000000.000000	9990000000.000000
2665	1	1056.023895	231.079854	     -1.00	   3022.79	   1762.17	      2.24	      1.71	     39.16	     29.91	26.39	 1.382e+01	     -7.50	0	Gaussian	9990000000.000000	9990000000.000000
2666	1	1056.601896	352.814495	     -1.00	   3108.25	   2929.83	      1.86	      1.35	     32.48	     23.62	-40.43	 1.261e+01	     -7.50	0	Gaussian	9990000000.000000	9990000000.000000
2667	1	1053.060991	309.987927	     -1.00	   2988.24	   3289.67	      2.00	      1.43	     34.97	     24.95	-41.84	 1.098e+01	     -7.50	0	Gaussian	9990000000.000000	9990000000.000000
2668	1	1055.812152	211.047861	     -1.00	   3719.96	   1248.32	      2.07	      2.02	     36.24	     35.36	-66.77	 1.251e+01	     -7.50	0	Gaussian	9990000000.000000	9990000000.000000
2669	1	1058.078944	155.007581	     -1.00	   3297.74	   2629.66	      2.57	      2.21	     45.05	     38.72	74.16	 1.237e+01	     -7.50	0	Gaussian	9990000000.000000	9990000000.000000
2670	1	1057.376343	136.441496	     -1.00	   3145.08	   1223.17	      3.00	      2.15	     52.58	     37.65	-9.20	 1.257e+01	     -7.50	0	Gaussian	9990000000.000000	9990000000.000000
2671	1	1058.331926	161.747394	     -1.00	   2363.16	   1495.65	      2.43	      2.21	     42.49	     38.76	58.92	 1.204e+01	     -7.48	0	Gaussian	9990000000.000000	9990000000.000000
2672	1	1060.988554	241.034211	     -1.00	   3682.36	   2671.27	      1.93	      1.87	     33.80	     32.66	78.30	 1.198e+01	     -7.48	0	Gaussian	9990000000.000000	9990000000.000000
2673	1	1056.716332	279.011035	     -1.00	   3013.25	   1812.26	      2.13	      1.45	     37.30	     25.46	45.15	 1.036e+01	     -7.48	0	Gaussian	9990000000.000000	9990000000.000000
2674	1	1054.041778	176.538402	     -1.00	   1800.03	   2214.68	      2.56	      1.92	     44.74	     33.54	3.47	 1.386e+01	     -7.48	0	Gaussian	9990000000.000000	9990000000.000000
2675	1	1060.412628	169.088372	     -1.00	   3075.42	   1560.79	      2.40	      2.13	     42.00	     37.30	-67.29	 1.158e+01	     -7.48	0	Gaussian	9990000000.000000	9990000000.000000
2676	1	1056.759860	184.155356	     -1.00	   3538.57	   1595.67	      2.48	      1.89	     43.45	     33.06	42.73	 1.079e+01	     -7.48	0	Gaussian	9990000000.000000	9990000000.000000
2677	1	1057.161056	198.074456	     -1.00	   3956.80	    914.74	      2.34	      1.86	     40.95	     32.58	-15.15	 1.466e+01	     -7.48	0	Gaussian	9990000000.000000	9990000000.000000
2678	1	1057.247750	204.254800	     -1.00	   2153.79	   2802.96	      2.40	      1.76	     41.97	     30.74	59.24	 3.714e+01	     -7.47	0	Gaussian	9990000000.000000	9990000000.000000
2679	1	1059.376678	241.031769	     -1.00	   2525.88	   1488.31	      2.07	      1.85	     36.29	     32.40	-65.26	 1.307e+01	     -7.47	0	Gaussian	9990000000.000000	9990000000.000000
2680	1	1055.789579	182.822750	     -1.00	   3499.57	   1290.33	      2.27	      2.07	     39.72	     36.19	54.24	 1.104e+01	     -7.47	0	Gaussian	9990000000.000000	9990000000.000000
2681	1	1056.565615	227.702497	     -1.00	   3300.92	   1228.15	      2.16	      1.74	     37.87	     30.40	41.90	 1.290e+01	     -7.47	0	Gaussian	9990000000.000000	9990000000.000000
2682	1	1056.681737	147.821219	     -1.00	   3469.13	   1287.53	      2.63	      2.20	     45.96	     38.48	-73.40	 1.161e+01	     -7.46	0	Gaussian	9990000000.000000	9990000000.000000
2683	1	1055.487955	222.058700	     -1.00	   3693.35	   1383.00	      2.07	      1.84	     36.31	     32.25	17.01	 1.280e+01	     -7.46	0	Gaussian	9990000000.000000	9990000000.000000
2684	1	1057.661334	275.845864	     -1.00	   3099.06	   3033.14	      2.16	      1.42	     37.81	     24.91	-41.46	 1.215e+01	     -7.46	0	Gaussian	9990000000.000000	9990000000.000000
2685	1	1058.629782	219.677267	     -1.00	   2764.38	   2657.80	      2.19	      1.75	     38.40	     30.55	-20.78	 1.142e+01	     -7.45	0	Gaussian	9990000000.000000	9990000000.000000
2686	1	1059.457601	258.458885	     -1.00	   2726.69	   2572.99	      2.05	      1.58	     35.88	     27.70	-10.35	 1.350e+01	     -7.44	0	Gaussian	9990000000.000000	9990000000.000000
2687	1	1060.999336	235.582204	     -1.00	   3080.72	   2029.19	      2.25	      1.58	     39.41	     27.61	-36.91	 1.539e+01	     -7.44	0	Gaussian	9990000000.000000	9990000000.000000
2688	1	1057.272077	246.500209	     -1.00	   4020.72	   1257.70	      2.46	      1.37	     43.08	     23.90	49.94	 1.255e+01	     -7.43	0	Gaussian	9990000000.000000	9990000000.000000
2689	1	1055.850466	236.889483	     -1.00	   3711.95	   1534.37	      2.02	      1.72	     35.35	     30.13	-36.74	 1.116e+01	     -7.42	0	Gaussian	9990000000.000000	9990000000.000000
2690	1	1059.469421	212.999764	     -1.00	   3437.23	   1558.42	      2.13	      1.82	     37.21	     31.81	34.12	 2.738e+01	     -7.42	0	Gaussian	9990000000.000000	9990000000.000000
2691	1	1058.926466	190.492734	     -1.00	   3029.36	   1237.72	      2.35	      1.83	     41.12	     32.01	8.49	 1.373e+01	     -7.42	0	Gaussian	9990000000.000000	9990000000.000000
2692	1	1058.612528	165.896908	     -1.00	   3128.78	   2032.69	      2.43	      2.01	     42.57	     35.17	21.12	 1.282e+01	     -7.41	0	Gaussian	9990000000.000000	9990000000.000000
2693	1	1057.305336	211.146921	     -1.00	   3455.98	   1455.23	      2.43	      1.58	     42.47	     27.70	44.74	 1.085e+01	     -7.41	0	Gaussian	9990000000.000000	9990000000.000000
2694	1	1056.756608	202.865831	     -1.00	   3040.33	   3426.78	      2.18	      1.83	     38.07	     32.04	84.62	 1.297e+01	     -7.40	0	Gaussian	9990000000.000000	9990000000.000000
2695	1	1057.377365	131.837908	     -1.00	   2585.61	   1809.28	      1.80	      1.80	     31.59	     31.59	77.28	 1.349e+01	     -7.40	0	Gaussian	9990000000.000000	9990000000.000000
2696	1	1056.302899	207.800454	     -1.00	   4136.92	   3045.28	      2.38	      1.63	     41.58	     28.53	-37.38	 1.233e+01	     -7.40	0	Gaussian	9990000000.000000	9990000000.000000
2697	1	1060.645394	276.139758	     -1.00	   3382.02	   1191.02	      2.19	      1.32	     38.41	     23.18	42.42	 2.567e+01	     -7.40	0	Gaussian	9990000000.000000	9990000000.000000
2698	1	1054.866874	213.964879	     -1.00	   1741.86	   1440.84	      1.62	      1.29	     28.43	     22.62	55.86	 1.477e+01	     -7.39	0	Gaussian	9990000000.000000	9990000000.000000
2699	1	1059.029985	185.603251	     -1.00	   3521.14	   1480.03	      2.52	      1.69	     44.09	     29.55	53.22	 1.241e+01	     -7.38	0	Gaussian	9990000000.000000	9990000000.000000
2700	1	1055.849840	208.330752	     -1.00	   2236.08	   2684.67	      1.94	      1.94	     33.99	     33.99	-77.62	 1.206e+01	     -7.37	0	Gaussian	9990000000.000000	9990000000.000000
2701	1	1062.838183	271.202380	     -1.00	   3244.84	   2589.75	      1.90	      1.66	     33.18	     29.00	28.26	 2.081e+01	     -7.37	0	Gaussian	9990000000.000000	9990000000.000000
2702	1	1061.838404	206.187079	     -1.00	   2941.40	   1500.42	      2.43	      1.55	     42.57	     27.19	42.37	 2.570e+01	     -7.36	0	Gaussian	9990000000.000000	9990000000.000000
2703	1	1057.781589	195.278679	     -1.00	   2294.93	   2765.34	      2.00	      2.00	     34.93	     34.93	29.14	 1.954e+01	     -7.36	0	Gaussian	9990000000.000000	9990000000.000000
2704	1	1058.618706	240.589458	     -1.00	   3227.11	   2332.86	      2.26	      1.41	     39.61	     24.66	-47.08	 1.118e+01	     -7.35	0	Gaussian	9990000000.000000	9990000000.000000
2705	1	1059.634846	179.047856	     -1.00	   3544.35	   1711.31	      2.19	      1.94	     38.40	     34.04	-8.23	 2.366e+01	     -7.34	0	Gaussian	9990000000.000000	9990000000.000000
2706	1	1059.322348	197.260082	     -1.00	   3364.03	   1993.41	      2.22	      1.74	     38.93	     30.41	31.21	 1.091e+01	     -7.34	0	Gaussian	9990000000.000000	9990000000.000000
2707	1	1059.927062	157.420708	     -1.00	   2889.95	   1913.52	      2.29	      2.11	     40.06	     36.96	-65.87	 1.112e+01	     -7.34	0	Gaussian	9990000000.000000	9990000000.000000
2708	1	1061.841841	159.069907	     -1.00	   3145.27	   2321.57	      2.26	      2.11	     39.47	     36.85	38.69	 1.267e+01	     -7.33	0	Gaussian	9990000000.000000	9990000000.000000
2709	1	1059.731872	216.723297	     -1.00	   2764.69	   1665.83	      1.85	      1.85	     32.42	     32.42	-56.47	 1.161e+01	     -7.31	0	Gaussian	9990000000.000000	9990000000.000000
2710	1	1062.185264	260.208004	     -1.00	   2540.91	    931.76	      1.93	      1.46	     33.83	     25.51	50.95	 2.546e+01	     -7.30	0	Gaussian	9990000000.000000	9990000000.000000
2711	1	1059.590896	153.403994	     -1.00	   3000.20	   1499.28	      2.47	      1.93	     43.18	     33.87	38.12	 1.185e+01	     -7.30	0	Gaussian	9990000000.000000	9990000000.000000
2712	1	1059.818020	207.729776	     -1.00	   2565.81	   1570.23	      2.18	      1.61	     38.13	     28.25	-6.44	 1.094e+01	     -7.29	0	Gaussian	9990000000.000000	9990000000.000000
2713	1	1058.187415	200.110585	     -1.00	   3503.07	   1981.63	      2.05	      1.78	     35.82	     31.13	22.25	 1.870e+01	     -7.29	0	Gaussian	9990000000.000000	9990000000.000000
2714	1	1059.501200	179.923275	     -1.00	   3313.49	   2290.29	      2.10	      1.92	     36.82	     33.63	32.48	 1.223e+01	     -7.29	0	Gaussian	9990000000.000000	9990000000.000000
2715	1	1058.612238	222.894678	     -1.00	   3493.03	   1756.35	      1.79	      1.79	     31.31	     31.31	-65.84	 2.168e+01	     -7.27	0	Gaussian	9990000000.000000	9990000000.000000
2716	1	1057.045524	227.972706	     -1.00	   3132.74	   1719.35	      1.45	      1.39	     25.43	     24.29	81.77	 1.374e+01	     -7.25	0	Gaussian	9990000000.000000	9990000000.000000
2717	1	1060.664502	210.324562	     -1.00	   2976.97	   2477.24	      2.22	      1.49	     38.80	     26.11	-30.30	 1.476e+01	     -7.24	0	Gaussian	9990000000.000000	9990000000.000000
2718	1	1059.542894	230.502394	     -1.00	   3363.30	   2676.89	      2.09	      1.42	     36.55	     24.94	-53.23	 1.248e+01	     -7.23	0	Gaussian	9990000000.000000	9990000000.000000
2719	1	1072.590998	161.955681	     -1.00	   2510.65	   2274.31	      2.46	      1.72	     43.13	     30.06	81.53	 6.423e+01	     -7.23	0	Gaussian	9990000000.000000	9990000000.000000
2720	1	1060.979538	189.871217	     -1.00	   2787.99	   2060.73	      2.26	      1.59	     39.63	     27.81	43.68	 1.190e+01	     -7.22	0	Gaussian	9990000000.000000	9990000000.000000
