# 1616 stars found using the following parameters:
# sigma=0.50 roundness=0.05 radius=5 relax=1 profile=0 minbeta=1.5 max_stars=0 layer=1 minA=0.00 maxA=0.00 maxR=1.00
# star#	layer	B	A	beta	X	Y	FWHMx [px]	FWHMy [px]	FWHMx ["]	FWHMy ["]	angle	RMSE	mag	Sat	Profile	RA	Dec
1	1	1093.765817	32039.013554	     -1.00	   3581.52	   2640.47	      2.87	      2.80	     50.17	     49.00	33.66	 9.629e+02	    -13.66	0	Gaussian	9990000000.000000	9990000000.000000
2	1	1088.449709	32200.301084	     -1.00	   4121.24	    402.52	      2.91	      2.55	     50.99	     44.58	-56.44	 1.120e+03	    -13.58	0	Gaussian	9990000000.000000	9990000000.000000
3	1	1099.379652	38506.575375	     -1.00	   1592.82	   2498.64	      2.23	      2.16	     39.06	     37.81	88.91	 8.952e+02	    -13.31	0	Gaussian	9990000000.000000	9990000000.000000
4	1	1100.754121	42691.185053	     -1.00	   3000.37	   1568.68	      2.18	      1.91	     38.13	     33.49	38.27	 4.420e+02	    -13.26	1	Gaussian	9990000000.000000	9990000000.000000
5	1	1120.488882	41849.149228	     -1.00	   5134.20	   1444.97	      2.15	      1.37	     37.58	     24.05	-9.58	 3.863e+02	    -12.86	0	Gaussian	9990000000.000000	9990000000.000000
6	1	1056.782772	45479.905117	     -1.00	   4466.36	   2530.21	      1.65	      1.46	     28.87	     25.51	18.91	 2.340e+02	    -12.73	1	Gaussian	9990000000.000000	9990000000.000000
7	1	1085.339304	33082.834100	     -1.00	   2011.54	    454.61	      2.18	      1.52	     38.09	     26.53	46.71	 2.573e+02	    -12.73	0	Gaussian	9990000000.000000	9990000000.000000
8	1	1051.623217	45945.032470	     -1.00	   4289.20	   1927.10	      1.59	      1.39	     27.81	     24.36	19.69	 2.934e+02	    -12.65	1	Gaussian	9990000000.000000	9990000000.000000
9	1	1094.422939	50978.076200	     -1.00	   2595.40	   2831.99	      1.67	      1.17	     29.18	     20.47	-0.18	 5.132e+02	    -12.61	1	Gaussian	9990000000.000000	9990000000.000000
10	1	1146.720505	31829.565524	     -1.00	   1088.83	   3923.40	      1.90	      1.59	     33.34	     27.87	-67.91	 4.724e+02	    -12.60	0	Gaussian	9990000000.000000	9990000000.000000
11	1	1040.865769	43163.039284	     -1.00	   2644.51	   3031.91	      1.56	      1.34	     27.25	     23.41	-21.02	 3.068e+02	    -12.52	1	Gaussian	9990000000.000000	9990000000.000000
12	1	1100.806686	29992.260816	     -1.00	   5468.17	   3160.50	      2.08	      1.41	     36.46	     24.65	19.68	 4.144e+02	    -12.50	0	Gaussian	9990000000.000000	9990000000.000000
13	1	1091.036606	33920.414693	     -1.00	   5168.70	   1740.03	      2.00	      1.26	     34.97	     22.10	8.13	 3.022e+02	    -12.46	0	Gaussian	9990000000.000000	9990000000.000000
14	1	1054.877779	37618.817808	     -1.00	   4141.86	   3205.22	      1.62	      1.31	     28.41	     22.86	43.71	 2.773e+02	    -12.39	0	Gaussian	9990000000.000000	9990000000.000000
15	1	1103.687613	33462.856422	     -1.00	   5455.12	    821.83	      1.79	      1.24	     31.35	     21.65	11.67	 2.764e+02	    -12.31	0	Gaussian	9990000000.000000	9990000000.000000
16	1	1070.246394	38865.335998	     -1.00	   4079.79	    930.27	      1.55	      1.17	     27.22	     20.47	-52.70	 2.021e+02	    -12.26	0	Gaussian	9990000000.000000	9990000000.000000
17	1	1066.359318	41174.621720	     -1.00	   4369.22	   3286.04	      1.53	      1.04	     26.81	     18.26	43.38	 2.340e+02	    -12.18	0	Gaussian	9990000000.000000	9990000000.000000
18	1	1034.918423	25508.462222	     -1.00	   2864.81	   1110.54	      1.64	      1.53	     28.77	     26.82	24.37	 2.598e+02	    -12.16	0	Gaussian	9990000000.000000	9990000000.000000
19	1	1090.449906	31815.147837	     -1.00	   1311.58	   3570.92	      1.43	      1.33	     25.07	     23.30	36.59	 2.852e+02	    -12.09	0	Gaussian	9990000000.000000	9990000000.000000
20	1	1102.723504	30199.393274	     -1.00	    316.89	   1118.01	      1.52	      1.24	     26.61	     21.72	34.31	 2.657e+02	    -12.02	0	Gaussian	9990000000.000000	9990000000.000000
21	1	1123.843356	35178.426780	     -1.00	    229.83	   1342.18	      1.47	      1.08	     25.73	     18.96	-44.74	 2.894e+02	    -12.00	0	Gaussian	9990000000.000000	9990000000.000000
22	1	1049.073577	22885.117165	     -1.00	   2752.05	    852.54	      1.64	      1.46	     28.69	     25.47	50.38	 2.645e+02	    -11.98	0	Gaussian	9990000000.000000	9990000000.000000
23	1	1078.056054	32887.937813	     -1.00	   3566.72	    605.83	      1.41	      1.14	     24.67	     20.01	53.39	 2.162e+02	    -11.95	0	Gaussian	9990000000.000000	9990000000.000000
24	1	1063.779524	11277.168430	     -1.00	   4779.46	   1525.41	      2.75	      1.64	     48.05	     28.68	-34.91	 2.329e+02	    -11.90	0	Gaussian	9990000000.000000	9990000000.000000
25	1	1062.517152	15165.321638	     -1.00	   1517.39	    919.06	      1.87	      1.78	     32.65	     31.16	-15.24	 1.650e+02	    -11.89	0	Gaussian	9990000000.000000	9990000000.000000
26	1	1068.645732	19740.603337	     -1.00	   2546.47	    845.73	      1.81	      1.39	     31.63	     24.26	43.44	 1.711e+02	    -11.87	0	Gaussian	9990000000.000000	9990000000.000000
27	1	1094.735081	23542.271293	     -1.00	    924.45	    299.29	      1.52	      1.31	     26.62	     22.96	33.45	 2.381e+02	    -11.82	0	Gaussian	9990000000.000000	9990000000.000000
28	1	1052.953175	14681.699045	     -1.00	   2160.69	    868.23	      2.00	      1.55	     34.96	     27.21	56.04	 2.147e+02	    -11.78	0	Gaussian	9990000000.000000	9990000000.000000
29	1	1044.142676	15350.860472	     -1.00	   2149.32	   3507.63	      1.71	      1.71	     29.89	     29.89	-1.10	 2.584e+02	    -11.76	0	Gaussian	9990000000.000000	9990000000.000000
30	1	1057.984159	15118.206342	     -1.00	   4146.89	    492.17	      1.81	      1.62	     31.64	     28.27	85.06	 1.717e+02	    -11.75	0	Gaussian	9990000000.000000	9990000000.000000
31	1	1080.807190	14462.297838	     -1.00	   1575.31	    148.66	      1.75	      1.58	     30.60	     27.62	44.26	 1.666e+02	    -11.64	0	Gaussian	9990000000.000000	9990000000.000000
32	1	1050.740707	13941.234576	     -1.00	   2944.72	    489.45	      1.82	      1.52	     31.88	     26.61	58.18	 1.501e+02	    -11.60	0	Gaussian	9990000000.000000	9990000000.000000
33	1	1057.797286	18681.184302	     -1.00	   2047.92	   1539.20	      1.61	      1.25	     28.19	     21.95	39.19	 1.338e+02	    -11.58	0	Gaussian	9990000000.000000	9990000000.000000
34	1	1044.277774	25041.543635	     -1.00	   4241.22	   2942.20	      1.48	      1.01	     25.96	     17.72	48.85	 1.044e+02	    -11.57	0	Gaussian	9990000000.000000	9990000000.000000
35	1	1059.801996	14251.930480	     -1.00	   1181.51	   1964.02	      1.67	      1.51	     29.31	     26.42	9.38	 1.201e+02	    -11.53	0	Gaussian	9990000000.000000	9990000000.000000
36	1	1049.361640	12552.301701	     -1.00	   1370.93	   2038.28	      1.82	      1.54	     31.94	     26.99	11.42	 1.243e+02	    -11.51	0	Gaussian	9990000000.000000	9990000000.000000
37	1	1074.910499	16807.868444	     -1.00	    711.79	    708.98	      1.54	      1.33	     27.01	     23.36	42.54	 1.737e+02	    -11.48	0	Gaussian	9990000000.000000	9990000000.000000
38	1	1043.131133	18946.049040	     -1.00	   3924.18	   2449.59	      1.49	      1.23	     26.08	     21.47	-85.19	 1.731e+02	    -11.48	0	Gaussian	9990000000.000000	9990000000.000000
39	1	1073.920927	17958.290914	     -1.00	   5965.98	   1747.10	      1.67	      1.11	     29.23	     19.44	30.73	 1.604e+02	    -11.44	0	Gaussian	9990000000.000000	9990000000.000000
40	1	1054.220260	13981.244932	     -1.00	   1783.80	   1202.53	      1.69	      1.40	     29.49	     24.56	38.19	 9.681e+01	    -11.43	0	Gaussian	9990000000.000000	9990000000.000000
41	1	1055.424002	12915.291430	     -1.00	   2428.10	    659.30	      1.86	      1.36	     32.61	     23.77	53.64	 1.375e+02	    -11.42	0	Gaussian	9990000000.000000	9990000000.000000
42	1	1062.879123	11459.964181	     -1.00	   5927.54	   2155.64	      2.16	      1.31	     37.82	     22.88	13.89	 1.442e+02	    -11.41	0	Gaussian	9990000000.000000	9990000000.000000
43	1	1047.838880	16062.167066	     -1.00	   2907.15	    903.85	      1.63	      1.23	     28.46	     21.46	35.63	 1.460e+02	    -11.40	0	Gaussian	9990000000.000000	9990000000.000000
44	1	1058.606087	8778.011207	     -1.00	   5020.26	   3734.30	      2.00	      1.72	     34.98	     30.12	-0.82	 1.094e+02	    -11.34	0	Gaussian	9990000000.000000	9990000000.000000
45	1	1057.160007	7489.532253	     -1.00	   5240.78	   3296.54	      2.31	      1.67	     40.35	     29.27	10.15	 1.407e+02	    -11.29	0	Gaussian	9990000000.000000	9990000000.000000
46	1	1048.508949	13970.701314	     -1.00	   3140.92	   3385.44	      1.38	      1.38	     24.14	     24.14	4.35	 2.043e+02	    -11.20	0	Gaussian	9990000000.000000	9990000000.000000
47	1	1059.894950	19029.901516	     -1.00	   2838.02	   1650.08	      1.37	      1.03	     24.04	     18.07	-34.37	 1.127e+02	    -11.19	0	Gaussian	9990000000.000000	9990000000.000000
48	1	1049.301081	10880.067874	     -1.00	   1845.70	   2876.33	      1.77	      1.35	     30.97	     23.68	-48.69	 9.371e+01	    -11.18	0	Gaussian	9990000000.000000	9990000000.000000
49	1	1060.859690	9604.135611	     -1.00	   5866.07	   2774.42	      2.04	      1.32	     35.67	     23.08	15.41	 1.325e+02	    -11.17	0	Gaussian	9990000000.000000	9990000000.000000
50	1	1053.345387	8046.795362	     -1.00	   3957.19	     18.16	      1.87	      1.71	     32.70	     29.93	-67.51	 9.894e+01	    -11.16	0	Gaussian	9990000000.000000	9990000000.000000
51	1	1049.908252	7028.972469	     -1.00	   4472.51	    334.62	      1.94	      1.84	     34.02	     32.22	-37.43	 8.490e+01	    -11.14	0	Gaussian	9990000000.000000	9990000000.000000
52	1	1068.909428	7473.269916	     -1.00	   5733.24	   1374.46	      2.07	      1.58	     36.23	     27.66	32.91	 1.135e+02	    -11.11	0	Gaussian	9990000000.000000	9990000000.000000
53	1	1046.809303	7218.868209	     -1.00	   2826.28	    214.51	      2.08	      1.61	     36.39	     28.16	-86.36	 1.069e+02	    -11.09	0	Gaussian	9990000000.000000	9990000000.000000
54	1	1053.085944	6429.955996	     -1.00	   1951.52	    851.65	      2.00	      1.84	     35.01	     32.19	42.71	 9.460e+01	    -11.07	0	Gaussian	9990000000.000000	9990000000.000000
55	1	1051.442952	14937.442162	     -1.00	   3107.98	   1018.19	      1.50	      1.07	     26.19	     18.71	-64.35	 1.247e+02	    -11.06	0	Gaussian	9990000000.000000	9990000000.000000
56	1	1054.745367	13585.146754	     -1.00	   1134.22	   3607.69	      1.54	      1.09	     26.91	     19.12	-53.68	 1.031e+02	    -11.03	0	Gaussian	9990000000.000000	9990000000.000000
57	1	1044.570597	9275.993969	     -1.00	   4125.53	   2663.94	      1.56	      1.56	     27.28	     27.28	-19.96	 1.663e+02	    -11.02	0	Gaussian	9990000000.000000	9990000000.000000
58	1	1047.133074	12730.675904	     -1.00	   2998.21	   3403.27	      1.50	      1.15	     26.24	     20.12	46.99	 9.115e+01	    -10.99	0	Gaussian	9990000000.000000	9990000000.000000
59	1	1057.936263	5871.696544	     -1.00	   1564.60	    655.23	      2.09	      1.74	     36.63	     30.40	35.37	 7.067e+01	    -10.96	0	Gaussian	9990000000.000000	9990000000.000000
60	1	1057.243775	8674.513230	     -1.00	   4728.00	   3790.79	      1.88	      1.30	     32.82	     22.75	41.77	 1.040e+02	    -10.95	0	Gaussian	9990000000.000000	9990000000.000000
61	1	1044.457778	8703.244467	     -1.00	   3006.88	   1722.72	      1.86	      1.29	     32.57	     22.66	-16.55	 1.640e+02	    -10.94	0	Gaussian	9990000000.000000	9990000000.000000
62	1	1052.011315	6801.074993	     -1.00	   4821.57	   3793.04	      1.90	      1.56	     33.28	     27.24	31.95	 9.241e+01	    -10.90	0	Gaussian	9990000000.000000	9990000000.000000
63	1	1058.544778	8058.893365	     -1.00	   2030.60	    699.73	      1.84	      1.26	     32.19	     21.97	42.97	 9.172e+01	    -10.81	0	Gaussian	9990000000.000000	9990000000.000000
64	1	1059.602562	9768.410131	     -1.00	   2785.24	   1279.01	      1.56	      1.18	     27.33	     20.74	-31.16	 1.250e+02	    -10.77	0	Gaussian	9990000000.000000	9990000000.000000
65	1	1055.314213	6873.735486	     -1.00	   5693.17	   1265.55	      2.00	      1.27	     34.99	     22.29	5.10	 8.351e+01	    -10.75	0	Gaussian	9990000000.000000	9990000000.000000
66	1	1055.903734	4673.497269	     -1.00	   4668.25	    924.52	      2.32	      1.62	     40.68	     28.33	-20.38	 9.138e+01	    -10.75	0	Gaussian	9990000000.000000	9990000000.000000
67	1	1051.350608	5158.930687	     -1.00	   1465.91	    241.45	      1.94	      1.74	     33.92	     30.44	52.16	 7.330e+01	    -10.74	0	Gaussian	9990000000.000000	9990000000.000000
68	1	1051.942846	6254.761684	     -1.00	   1738.95	   1199.37	      1.66	      1.66	     29.08	     29.08	68.81	 9.109e+01	    -10.73	0	Gaussian	9990000000.000000	9990000000.000000
69	1	1049.579522	5557.076996	     -1.00	   1447.91	   1515.35	      1.94	      1.59	     33.97	     27.81	30.55	 6.046e+01	    -10.72	0	Gaussian	9990000000.000000	9990000000.000000
70	1	1074.761698	3589.565940	     -1.00	   2413.12	    621.69	      3.12	      1.50	     54.54	     26.30	60.78	 1.352e+02	    -10.70	0	Gaussian	9990000000.000000	9990000000.000000
71	1	1056.350133	3986.748092	     -1.00	   1562.98	    426.58	      2.24	      1.86	     39.24	     32.61	55.94	 7.604e+01	    -10.69	0	Gaussian	9990000000.000000	9990000000.000000
72	1	1044.250465	7326.933723	     -1.00	   3191.06	   3949.69	      1.71	      1.30	     29.98	     22.73	63.62	 1.074e+02	    -10.66	0	Gaussian	9990000000.000000	9990000000.000000
73	1	1057.089909	6348.944893	     -1.00	   1151.98	    834.79	      1.97	      1.28	     34.46	     22.37	39.58	 8.040e+01	    -10.64	0	Gaussian	9990000000.000000	9990000000.000000
74	1	1043.790638	4876.285711	     -1.00	   2070.50	   1918.61	      2.08	      1.57	     36.38	     27.41	9.55	 9.179e+01	    -10.64	0	Gaussian	9990000000.000000	9990000000.000000
75	1	1053.948795	5398.049354	     -1.00	   1845.27	    732.11	      1.71	      1.71	     29.95	     29.95	-59.18	 1.038e+02	    -10.63	0	Gaussian	9990000000.000000	9990000000.000000
76	1	1058.534078	5695.534070	     -1.00	   5155.11	   1144.76	      1.97	      1.39	     34.42	     24.35	-18.09	 6.441e+01	    -10.62	0	Gaussian	9990000000.000000	9990000000.000000
77	1	1050.724313	8088.738588	     -1.00	   2065.80	   3922.31	      1.57	      1.21	     27.56	     21.20	-62.18	 7.741e+01	    -10.60	0	Gaussian	9990000000.000000	9990000000.000000
78	1	1056.384013	5704.095414	     -1.00	   2493.99	    339.13	      2.01	      1.33	     35.25	     23.29	54.15	 7.901e+01	    -10.60	0	Gaussian	9990000000.000000	9990000000.000000
79	1	1054.847568	7537.712007	     -1.00	   2826.18	    909.09	      1.68	      1.16	     29.42	     20.39	39.45	 7.628e+01	    -10.56	0	Gaussian	9990000000.000000	9990000000.000000
80	1	1051.953773	4607.392488	     -1.00	   2104.27	   1083.75	      2.00	      1.59	     35.06	     27.89	46.87	 5.158e+01	    -10.55	0	Gaussian	9990000000.000000	9990000000.000000
81	1	1053.351724	7096.602755	     -1.00	   1279.07	    197.94	      1.69	      1.22	     29.54	     21.35	35.86	 6.596e+01	    -10.54	0	Gaussian	9990000000.000000	9990000000.000000
82	1	1062.742964	2730.747379	     -1.00	   3625.07	   4034.78	      2.48	      2.11	     43.35	     37.01	-66.54	 8.252e+01	    -10.52	0	Gaussian	9990000000.000000	9990000000.000000
83	1	1059.383711	4783.590836	     -1.00	   2939.37	   1392.69	      1.91	      1.56	     33.39	     27.37	47.56	 8.947e+01	    -10.52	0	Gaussian	9990000000.000000	9990000000.000000
84	1	1056.046382	7288.564094	     -1.00	   2779.01	   2759.74	      1.63	      1.20	     28.44	     21.09	33.47	 1.218e+02	    -10.52	0	Gaussian	9990000000.000000	9990000000.000000
85	1	1045.424774	3717.871134	     -1.00	   3308.60	    384.48	      2.11	      1.80	     36.99	     31.46	84.09	 6.934e+01	    -10.51	0	Gaussian	9990000000.000000	9990000000.000000
86	1	1046.903493	5116.630724	     -1.00	    429.51	   3614.99	      1.70	      1.61	     29.70	     28.13	-12.29	 9.057e+01	    -10.50	0	Gaussian	9990000000.000000	9990000000.000000
87	1	1051.053860	6820.225039	     -1.00	   4338.92	   2680.87	      1.65	      1.23	     28.85	     21.47	-43.52	 9.175e+01	    -10.48	0	Gaussian	9990000000.000000	9990000000.000000
88	1	1051.460358	3890.532973	     -1.00	   1483.55	   1191.16	      1.93	      1.83	     33.77	     32.07	17.39	 6.368e+01	    -10.48	0	Gaussian	9990000000.000000	9990000000.000000
89	1	1050.575757	4154.553699	     -1.00	   4624.66	   1471.58	      1.91	      1.72	     33.35	     30.10	37.06	 4.620e+01	    -10.47	0	Gaussian	9990000000.000000	9990000000.000000
90	1	1046.315592	4861.819919	     -1.00	   2495.72	   3802.37	      1.75	      1.59	     30.55	     27.82	-81.58	 5.415e+01	    -10.46	0	Gaussian	9990000000.000000	9990000000.000000
91	1	1053.583957	6281.106511	     -1.00	    557.43	   2974.83	      1.63	      1.28	     28.44	     22.35	-37.14	 8.265e+01	    -10.42	0	Gaussian	9990000000.000000	9990000000.000000
92	1	1050.940093	6303.931899	     -1.00	   4302.04	   3103.79	      1.66	      1.24	     28.97	     21.70	-52.05	 7.207e+01	    -10.41	0	Gaussian	9990000000.000000	9990000000.000000
93	1	1048.574857	4683.720502	     -1.00	   1221.86	   1134.98	      1.66	      1.66	     28.98	     28.98	-56.16	 6.725e+01	    -10.41	0	Gaussian	9990000000.000000	9990000000.000000
94	1	1049.407669	3989.957797	     -1.00	   3495.12	    403.83	      1.93	      1.65	     33.72	     28.91	83.54	 6.323e+01	    -10.39	0	Gaussian	9990000000.000000	9990000000.000000
95	1	1056.273295	3455.152929	     -1.00	   3071.31	   4032.66	      1.98	      1.85	     34.64	     32.47	-61.22	 6.252e+01	    -10.39	0	Gaussian	9990000000.000000	9990000000.000000
96	1	1044.555279	5346.107625	     -1.00	   3445.79	   1783.22	      1.70	      1.37	     29.82	     23.99	45.79	 8.490e+01	    -10.38	0	Gaussian	9990000000.000000	9990000000.000000
97	1	1056.812684	4457.183745	     -1.00	   1398.83	   2675.62	      1.76	      1.59	     30.79	     27.84	-37.85	 7.360e+01	    -10.38	0	Gaussian	9990000000.000000	9990000000.000000
98	1	1047.645139	3628.708568	     -1.00	    417.33	    963.67	      2.10	      1.64	     36.70	     28.62	13.96	 8.517e+01	    -10.37	0	Gaussian	9990000000.000000	9990000000.000000
99	1	1058.191697	5640.825623	     -1.00	   2736.35	    809.83	      1.48	      1.48	     25.82	     25.82	40.28	 8.405e+01	    -10.36	0	Gaussian	9990000000.000000	9990000000.000000
100	1	1050.306431	4143.075922	     -1.00	   1788.98	   1019.11	      1.87	      1.57	     32.67	     27.44	-30.69	 5.834e+01	    -10.34	0	Gaussian	9990000000.000000	9990000000.000000
101	1	1052.518942	4886.621595	     -1.00	    918.15	    685.42	      1.65	      1.50	     28.95	     26.23	39.16	 5.570e+01	    -10.34	0	Gaussian	9990000000.000000	9990000000.000000
102	1	1043.560411	4983.867697	     -1.00	   3891.58	   3908.60	      1.95	      1.24	     34.20	     21.73	51.29	 4.906e+01	    -10.34	0	Gaussian	9990000000.000000	9990000000.000000
103	1	1051.999240	4859.739351	     -1.00	   4668.06	   3435.23	      1.96	      1.26	     34.28	     22.00	41.01	 5.125e+01	    -10.33	0	Gaussian	9990000000.000000	9990000000.000000
104	1	1049.944091	5056.010739	     -1.00	   1209.78	   3376.42	      1.73	      1.37	     30.21	     23.90	-54.13	 6.215e+01	    -10.33	0	Gaussian	9990000000.000000	9990000000.000000
105	1	1046.124935	4058.277648	     -1.00	   4153.07	   3813.64	      1.95	      1.50	     34.18	     26.29	55.60	 6.819e+01	    -10.32	0	Gaussian	9990000000.000000	9990000000.000000
106	1	1047.947324	4147.402461	     -1.00	   3908.95	    690.26	      1.68	      1.68	     29.43	     29.43	-51.96	 9.690e+01	    -10.31	0	Gaussian	9990000000.000000	9990000000.000000
107	1	1045.458296	4211.697064	     -1.00	   1200.50	   2275.97	      1.95	      1.41	     34.16	     24.65	-10.09	 6.587e+01	    -10.29	0	Gaussian	9990000000.000000	9990000000.000000
108	1	1056.609753	4849.618633	     -1.00	   2309.90	    664.75	      1.78	      1.34	     31.19	     23.39	58.27	 5.885e+01	    -10.29	0	Gaussian	9990000000.000000	9990000000.000000
109	1	1046.665778	4911.268197	     -1.00	   3096.85	   3496.88	      1.78	      1.32	     31.15	     23.06	-63.97	 9.562e+01	    -10.29	0	Gaussian	9990000000.000000	9990000000.000000
110	1	1056.550732	4675.679061	     -1.00	   3406.82	    937.57	      1.65	      1.48	     28.95	     25.98	73.69	 6.150e+01	    -10.29	0	Gaussian	9990000000.000000	9990000000.000000
111	1	1049.895302	5860.382658	     -1.00	   4011.01	   2909.77	      1.65	      1.19	     28.80	     20.80	44.96	 7.987e+01	    -10.28	0	Gaussian	9990000000.000000	9990000000.000000
112	1	1053.932376	3855.867811	     -1.00	   4415.41	    196.60	      2.18	      1.36	     38.18	     23.75	-46.40	 4.094e+01	    -10.28	0	Gaussian	9990000000.000000	9990000000.000000
113	1	1060.667721	3921.084992	     -1.00	   2195.47	    776.38	      2.02	      1.43	     35.37	     25.09	50.31	 6.960e+01	    -10.27	0	Gaussian	9990000000.000000	9990000000.000000
114	1	1050.226356	4357.609443	     -1.00	   1680.03	     89.18	      1.86	      1.40	     32.52	     24.55	37.29	 5.084e+01	    -10.27	0	Gaussian	9990000000.000000	9990000000.000000
115	1	1049.145403	3806.641391	     -1.00	   3587.06	    487.77	      1.72	      1.72	     30.13	     30.13	-53.89	 6.714e+01	    -10.27	0	Gaussian	9990000000.000000	9990000000.000000
116	1	1050.701770	4539.502854	     -1.00	   4431.22	   1767.12	      1.75	      1.42	     30.61	     24.86	-22.51	 7.177e+01	    -10.27	0	Gaussian	9990000000.000000	9990000000.000000
117	1	1052.879523	3668.180075	     -1.00	   5071.71	   1056.21	      2.03	      1.51	     35.59	     26.41	-14.93	 4.575e+01	    -10.26	0	Gaussian	9990000000.000000	9990000000.000000
118	1	1051.906858	4288.173942	     -1.00	   1160.36	   1865.91	      1.90	      1.38	     33.19	     24.20	-13.62	 5.639e+01	    -10.26	0	Gaussian	9990000000.000000	9990000000.000000
119	1	1052.469465	5023.009185	     -1.00	   2339.23	   3536.37	      1.64	      1.36	     28.67	     23.79	50.35	 6.677e+01	    -10.26	0	Gaussian	9990000000.000000	9990000000.000000
120	1	1059.301994	4542.903010	     -1.00	   2060.22	   1153.95	      1.72	      1.42	     30.03	     24.78	-25.56	 6.823e+01	    -10.24	0	Gaussian	9990000000.000000	9990000000.000000
121	1	1048.969235	3200.740323	     -1.00	   1564.67	   1607.56	      2.00	      1.71	     35.04	     29.95	57.22	 4.211e+01	    -10.24	0	Gaussian	9990000000.000000	9990000000.000000
122	1	1053.942940	5160.819587	     -1.00	    814.33	   1053.21	      1.68	      1.26	     29.39	     22.11	31.85	 5.299e+01	    -10.23	0	Gaussian	9990000000.000000	9990000000.000000
123	1	1049.729990	3034.471348	     -1.00	   1087.27	   1216.73	      2.08	      1.68	     36.34	     29.35	14.25	 4.406e+01	    -10.20	0	Gaussian	9990000000.000000	9990000000.000000
124	1	1053.466982	3145.601691	     -1.00	   1689.76	    492.96	      2.13	      1.57	     37.36	     27.53	52.22	 4.415e+01	    -10.19	0	Gaussian	9990000000.000000	9990000000.000000
125	1	1051.346869	4673.709452	     -1.00	   1359.18	   3368.01	      1.81	      1.25	     31.75	     21.83	21.95	 5.462e+01	    -10.19	0	Gaussian	9990000000.000000	9990000000.000000
126	1	1046.188805	3976.573545	     -1.00	   1203.13	    424.22	      1.84	      1.42	     32.22	     24.94	40.77	 5.103e+01	    -10.18	0	Gaussian	9990000000.000000	9990000000.000000
127	1	1051.525930	3658.382007	     -1.00	   1503.27	    296.67	      1.74	      1.62	     30.39	     28.41	-12.62	 4.758e+01	    -10.17	0	Gaussian	9990000000.000000	9990000000.000000
128	1	1051.848459	6709.070142	     -1.00	   4239.35	   2702.07	      1.47	      1.05	     25.77	     18.40	20.64	 8.098e+01	    -10.15	0	Gaussian	9990000000.000000	9990000000.000000
129	1	1050.046931	3631.872278	     -1.00	   4124.41	   2550.94	      1.85	      1.51	     32.42	     26.40	57.86	 9.209e+01	    -10.15	0	Gaussian	9990000000.000000	9990000000.000000
130	1	1049.156023	3523.928799	     -1.00	   4925.90	   3812.63	      1.70	      1.70	     29.68	     29.68	-46.40	 6.583e+01	    -10.15	0	Gaussian	9990000000.000000	9990000000.000000
131	1	1048.583833	4161.206880	     -1.00	   1490.71	   1609.75	      1.75	      1.39	     30.64	     24.29	10.22	 3.511e+01	    -10.15	0	Gaussian	9990000000.000000	9990000000.000000
132	1	1051.492683	3805.259654	     -1.00	   2273.31	   1030.41	      1.87	      1.41	     32.73	     24.70	45.50	 4.590e+01	    -10.14	0	Gaussian	9990000000.000000	9990000000.000000
133	1	1048.938013	5937.148979	     -1.00	   1293.99	   3576.06	      1.54	      1.11	     26.92	     19.37	-46.68	 4.719e+01	    -10.14	0	Gaussian	9990000000.000000	9990000000.000000
134	1	1048.022479	3327.554865	     -1.00	   1267.06	   2223.55	      1.95	      1.54	     34.09	     26.93	4.73	 9.228e+01	    -10.13	0	Gaussian	9990000000.000000	9990000000.000000
135	1	1053.869337	3248.156966	     -1.00	   4619.61	   2931.08	      1.98	      1.52	     34.58	     26.64	19.89	 5.766e+01	    -10.11	0	Gaussian	9990000000.000000	9990000000.000000
136	1	1048.359053	2762.754943	     -1.00	   5436.65	   1638.40	      2.37	      1.45	     41.41	     25.35	7.23	 5.172e+01	    -10.08	0	Gaussian	9990000000.000000	9990000000.000000
137	1	1045.505193	2407.771423	     -1.00	   3357.46	    295.48	      2.16	      1.82	     37.80	     31.82	89.41	 4.754e+01	    -10.07	0	Gaussian	9990000000.000000	9990000000.000000
138	1	1047.807020	3487.914866	     -1.00	   1909.09	   1735.38	      1.88	      1.44	     32.94	     25.14	-13.48	 8.284e+01	    -10.07	0	Gaussian	9990000000.000000	9990000000.000000
139	1	1053.948992	3035.507217	     -1.00	   5236.84	   3720.12	      2.16	      1.42	     37.80	     24.90	37.78	 5.214e+01	    -10.06	0	Gaussian	9990000000.000000	9990000000.000000
140	1	1046.672615	2657.537343	     -1.00	   1952.37	   2979.41	      2.10	      1.65	     36.79	     28.92	-44.90	 4.488e+01	    -10.05	0	Gaussian	9990000000.000000	9990000000.000000
141	1	1045.528745	2454.494224	     -1.00	   4932.67	   3242.64	      2.43	      1.52	     42.49	     26.61	12.23	 5.046e+01	    -10.03	0	Gaussian	9990000000.000000	9990000000.000000
142	1	1044.285723	3064.843700	     -1.00	    587.29	    985.12	      2.03	      1.45	     35.58	     25.42	-33.13	 5.867e+01	    -10.03	0	Gaussian	9990000000.000000	9990000000.000000
143	1	1046.067264	3094.682583	     -1.00	   4532.40	    749.61	      2.05	      1.42	     35.88	     24.91	-47.07	 3.524e+01	    -10.02	0	Gaussian	9990000000.000000	9990000000.000000
144	1	1054.806646	3348.667349	     -1.00	   3632.32	   3059.64	      1.72	      1.55	     30.11	     27.19	-68.94	 6.004e+01	    -10.02	0	Gaussian	9990000000.000000	9990000000.000000
145	1	1049.849169	2268.186524	     -1.00	   1490.50	   1462.28	      2.10	      1.88	     36.72	     32.92	-22.71	 4.888e+01	    -10.02	0	Gaussian	9990000000.000000	9990000000.000000
146	1	1053.306929	2640.504378	     -1.00	   4290.61	    593.70	      2.17	      1.56	     37.92	     27.37	-44.24	 4.346e+01	    -10.01	0	Gaussian	9990000000.000000	9990000000.000000
147	1	1046.379818	4657.677554	     -1.00	   1982.24	   2887.27	      1.56	      1.23	     27.37	     21.45	45.35	 5.068e+01	    -10.01	0	Gaussian	9990000000.000000	9990000000.000000
148	1	1050.428306	2978.735094	     -1.00	   2699.74	   1325.79	      1.90	      1.57	     33.32	     27.54	-6.05	 5.523e+01	    -10.01	0	Gaussian	9990000000.000000	9990000000.000000
149	1	1045.506970	3776.484739	     -1.00	   1236.17	   3143.01	      1.81	      1.30	     31.66	     22.72	19.83	 5.171e+01	    -10.00	0	Gaussian	9990000000.000000	9990000000.000000
150	1	1047.936355	2209.531855	     -1.00	   2816.24	     28.54	      2.33	      1.71	     40.84	     29.93	85.95	 4.763e+01	    -10.00	0	Gaussian	9990000000.000000	9990000000.000000
151	1	1039.342122	3729.617123	     -1.00	    461.26	     90.71	      1.72	      1.37	     30.05	     23.96	-35.96	 5.185e+01	     -9.99	0	Gaussian	9990000000.000000	9990000000.000000
152	1	1050.791745	4004.331928	     -1.00	   1656.00	   3500.23	      1.77	      1.23	     31.04	     21.60	-42.86	 6.273e+01	     -9.99	0	Gaussian	9990000000.000000	9990000000.000000
153	1	1057.446701	3881.670624	     -1.00	   3665.31	   1314.39	      1.79	      1.25	     31.37	     21.89	50.34	 7.257e+01	     -9.99	0	Gaussian	9990000000.000000	9990000000.000000
154	1	1049.114920	2884.175584	     -1.00	   1433.98	   1468.29	      1.81	      1.66	     31.65	     29.10	-1.49	 5.054e+01	     -9.98	0	Gaussian	9990000000.000000	9990000000.000000
155	1	1048.268532	2022.091626	     -1.00	   1762.42	    660.32	      2.28	      1.87	     39.97	     32.66	53.88	 4.559e+01	     -9.97	0	Gaussian	9990000000.000000	9990000000.000000
156	1	1047.350993	4004.901731	     -1.00	    554.86	   3639.72	      1.66	      1.29	     29.14	     22.57	46.87	 6.519e+01	     -9.97	0	Gaussian	9990000000.000000	9990000000.000000
157	1	1050.038338	2328.283125	     -1.00	   5253.24	   3275.28	      2.36	      1.55	     41.29	     27.17	10.44	 4.128e+01	     -9.96	0	Gaussian	9990000000.000000	9990000000.000000
158	1	1052.157131	2893.856711	     -1.00	   2119.26	    546.13	      2.00	      1.47	     34.97	     25.80	48.30	 3.756e+01	     -9.96	0	Gaussian	9990000000.000000	9990000000.000000
159	1	1049.074274	2117.203585	     -1.00	   3677.43	     30.04	      2.15	      1.87	     37.60	     32.75	-51.02	 3.382e+01	     -9.96	0	Gaussian	9990000000.000000	9990000000.000000
160	1	1050.569519	2970.746477	     -1.00	    874.26	   2503.25	      1.75	      1.63	     30.70	     28.59	14.25	 4.072e+01	     -9.96	0	Gaussian	9990000000.000000	9990000000.000000
161	1	1047.666818	2271.257525	     -1.00	   3869.52	   3571.31	      2.14	      1.74	     37.42	     30.39	83.92	 5.833e+01	     -9.95	0	Gaussian	9990000000.000000	9990000000.000000
162	1	1051.575610	2865.646245	     -1.00	   2179.90	   1309.24	      1.96	      1.49	     34.38	     26.15	50.67	 4.860e+01	     -9.95	0	Gaussian	9990000000.000000	9990000000.000000
163	1	1051.582445	3849.668541	     -1.00	   2269.38	   1766.81	      1.61	      1.33	     28.26	     23.33	-24.51	 4.760e+01	     -9.93	0	Gaussian	9990000000.000000	9990000000.000000
164	1	1049.016391	2119.858384	     -1.00	   5181.90	   3282.30	      2.41	      1.61	     42.18	     28.22	20.93	 5.287e+01	     -9.92	0	Gaussian	9990000000.000000	9990000000.000000
165	1	1049.858936	2621.188478	     -1.00	   1239.21	   1178.26	      1.77	      1.77	     31.00	     31.00	-2.02	 4.541e+01	     -9.92	0	Gaussian	9990000000.000000	9990000000.000000
166	1	1048.488129	3745.552425	     -1.00	    862.21	    699.24	      1.69	      1.28	     29.50	     22.47	39.24	 3.907e+01	     -9.91	0	Gaussian	9990000000.000000	9990000000.000000
167	1	1072.146378	4126.364333	     -1.00	   3032.10	   1671.75	      1.58	      1.24	     27.66	     21.75	-46.91	 9.895e+01	     -9.91	0	Gaussian	9990000000.000000	9990000000.000000
168	1	1055.589316	3687.270113	     -1.00	   2452.76	    837.68	      1.76	      1.24	     30.79	     21.70	49.42	 5.539e+01	     -9.90	0	Gaussian	9990000000.000000	9990000000.000000
169	1	1045.917124	2141.441837	     -1.00	   1054.32	   2905.39	      2.15	      1.74	     37.67	     30.38	-40.77	 3.452e+01	     -9.89	0	Gaussian	9990000000.000000	9990000000.000000
170	1	1052.394376	3443.713189	     -1.00	   4807.20	   3233.94	      1.90	      1.22	     33.23	     21.41	33.13	 5.507e+01	     -9.89	0	Gaussian	9990000000.000000	9990000000.000000
171	1	1047.486527	3189.829455	     -1.00	   1107.47	   3012.06	      1.70	      1.48	     29.68	     25.84	11.75	 5.089e+01	     -9.89	0	Gaussian	9990000000.000000	9990000000.000000
172	1	1043.735960	2095.173319	     -1.00	   1628.42	   2772.49	      2.22	      1.71	     38.81	     29.92	-9.46	 5.752e+01	     -9.89	0	Gaussian	9990000000.000000	9990000000.000000
173	1	1052.319511	2919.008477	     -1.00	   2157.34	   1911.89	      1.93	      1.41	     33.82	     24.63	9.76	 6.807e+01	     -9.88	0	Gaussian	9990000000.000000	9990000000.000000
174	1	1055.324336	2377.857869	     -1.00	   2855.93	    583.86	      1.97	      1.68	     34.48	     29.47	85.47	 4.246e+01	     -9.88	0	Gaussian	9990000000.000000	9990000000.000000
175	1	1043.017048	2445.105768	     -1.00	    495.71	   1581.76	      2.02	      1.59	     35.43	     27.83	-0.75	 5.089e+01	     -9.88	0	Gaussian	9990000000.000000	9990000000.000000
176	1	1046.886197	2138.231780	     -1.00	   3780.64	    229.13	      1.91	      1.91	     33.40	     33.40	65.68	 5.168e+01	     -9.86	0	Gaussian	9990000000.000000	9990000000.000000
177	1	1049.757419	2433.803501	     -1.00	   1136.91	    465.30	      1.78	      1.78	     31.21	     31.21	28.62	 4.705e+01	     -9.86	0	Gaussian	9990000000.000000	9990000000.000000
178	1	1053.171503	3158.901166	     -1.00	   3200.70	   3185.68	      1.64	      1.48	     28.62	     25.97	30.47	 5.188e+01	     -9.85	0	Gaussian	9990000000.000000	9990000000.000000
179	1	1051.904824	2640.347821	     -1.00	   1915.98	    172.74	      1.93	      1.50	     33.85	     26.23	60.89	 3.987e+01	     -9.84	0	Gaussian	9990000000.000000	9990000000.000000
180	1	1051.905560	2500.759327	     -1.00	   2172.96	    739.25	      1.87	      1.63	     32.72	     28.61	-69.11	 4.109e+01	     -9.84	0	Gaussian	9990000000.000000	9990000000.000000
181	1	1048.223052	2272.795358	     -1.00	   1715.47	   1444.64	      2.12	      1.59	     37.07	     27.75	39.58	 3.386e+01	     -9.84	0	Gaussian	9990000000.000000	9990000000.000000
182	1	1052.419398	2970.875078	     -1.00	   3378.02	   1850.26	      1.59	      1.59	     27.85	     27.85	33.82	 6.841e+01	     -9.83	0	Gaussian	9990000000.000000	9990000000.000000
183	1	1051.720203	3863.654253	     -1.00	   3810.15	    663.93	      1.64	      1.19	     28.63	     20.80	-43.08	 4.855e+01	     -9.82	0	Gaussian	9990000000.000000	9990000000.000000
184	1	1044.621462	3465.962206	     -1.00	    838.10	    137.99	      1.84	      1.18	     32.21	     20.59	-38.49	 4.079e+01	     -9.82	0	Gaussian	9990000000.000000	9990000000.000000
185	1	1049.026213	2187.108432	     -1.00	   2641.59	   1177.79	      2.00	      1.71	     35.02	     29.87	11.00	 4.598e+01	     -9.82	0	Gaussian	9990000000.000000	9990000000.000000
186	1	1050.820395	1847.380120	     -1.00	   1505.48	   1119.25	      2.15	      1.87	     37.67	     32.76	8.74	 3.449e+01	     -9.81	0	Gaussian	9990000000.000000	9990000000.000000
187	1	1048.299929	2472.811306	     -1.00	    621.83	    740.54	      1.85	      1.62	     32.40	     28.27	-63.06	 4.439e+01	     -9.81	0	Gaussian	9990000000.000000	9990000000.000000
188	1	1053.033749	2244.280490	     -1.00	   5186.88	   1704.78	      2.45	      1.34	     42.84	     23.53	5.19	 4.076e+01	     -9.81	0	Gaussian	9990000000.000000	9990000000.000000
189	1	1045.855535	3002.392728	     -1.00	    548.97	   1486.03	      1.57	      1.57	     27.44	     27.44	-77.93	 5.461e+01	     -9.80	0	Gaussian	9990000000.000000	9990000000.000000
190	1	1044.747660	2220.536116	     -1.00	    973.31	     21.21	      2.13	      1.56	     37.20	     27.29	-23.49	 5.460e+01	     -9.80	0	Gaussian	9990000000.000000	9990000000.000000
191	1	1050.455298	3662.084036	     -1.00	   1653.26	   2338.78	      1.61	      1.25	     28.17	     21.83	-33.04	 3.933e+01	     -9.80	0	Gaussian	9990000000.000000	9990000000.000000
192	1	1046.679000	2206.163942	     -1.00	   5277.18	   3702.70	      2.01	      1.63	     35.09	     28.49	34.43	 4.296e+01	     -9.78	0	Gaussian	9990000000.000000	9990000000.000000
193	1	1047.374208	2237.449746	     -1.00	   5320.22	   2966.64	      2.30	      1.39	     40.29	     24.35	17.24	 4.134e+01	     -9.77	0	Gaussian	9990000000.000000	9990000000.000000
194	1	1045.432468	2341.114378	     -1.00	   5775.97	   3004.09	      2.20	      1.39	     38.59	     24.31	3.17	 4.111e+01	     -9.77	0	Gaussian	9990000000.000000	9990000000.000000
195	1	1052.037810	3538.335560	     -1.00	   4157.93	   2944.19	      1.60	      1.26	     27.94	     22.10	-47.97	 5.099e+01	     -9.77	0	Gaussian	9990000000.000000	9990000000.000000
196	1	1051.312540	2450.801117	     -1.00	   2431.63	    712.66	      1.93	      1.49	     33.81	     26.03	42.08	 2.972e+01	     -9.75	0	Gaussian	9990000000.000000	9990000000.000000
197	1	1048.398684	2143.458513	     -1.00	   4204.37	     73.58	      2.17	      1.51	     37.90	     26.47	-46.47	 3.435e+01	     -9.75	0	Gaussian	9990000000.000000	9990000000.000000
198	1	1050.469941	2572.712600	     -1.00	   5207.53	   3742.20	      1.89	      1.44	     32.99	     25.21	32.41	 4.233e+01	     -9.75	0	Gaussian	9990000000.000000	9990000000.000000
199	1	1056.796554	2636.845100	     -1.00	   4209.26	   2265.04	      1.62	      1.62	     28.32	     28.32	48.57	 8.095e+01	     -9.73	0	Gaussian	9990000000.000000	9990000000.000000
200	1	1048.742864	1953.396225	     -1.00	   1154.68	   1764.11	      2.07	      1.70	     36.22	     29.83	7.64	 3.893e+01	     -9.73	0	Gaussian	9990000000.000000	9990000000.000000
201	1	1046.135762	1600.960695	     -1.00	   4504.42	    410.57	      2.19	      1.97	     38.28	     34.42	-58.24	 3.342e+01	     -9.73	0	Gaussian	9990000000.000000	9990000000.000000
202	1	1046.979499	840.158499	     -1.00	   2623.90	    179.24	      3.85	      2.09	     67.47	     36.52	-18.67	 4.771e+01	     -9.71	0	Gaussian	9990000000.000000	9990000000.000000
203	1	1057.660696	3439.245529	     -1.00	   2717.93	    600.90	      1.68	      1.17	     29.35	     20.54	44.97	 4.774e+01	     -9.71	0	Gaussian	9990000000.000000	9990000000.000000
204	1	1046.413162	2178.044731	     -1.00	   5037.03	   3957.58	      1.89	      1.63	     33.15	     28.51	37.43	 4.270e+01	     -9.70	0	Gaussian	9990000000.000000	9990000000.000000
205	1	1046.300057	2140.477514	     -1.00	    878.42	   2520.00	      2.11	      1.48	     37.00	     25.97	-16.74	 4.198e+01	     -9.70	0	Gaussian	9990000000.000000	9990000000.000000
206	1	1044.913098	2455.609107	     -1.00	   1055.92	    154.54	      1.71	      1.59	     29.91	     27.89	-39.73	 5.204e+01	     -9.70	0	Gaussian	9990000000.000000	9990000000.000000
207	1	1051.423898	3009.478599	     -1.00	   2819.70	   3628.22	      1.63	      1.37	     28.49	     23.90	-39.15	 3.713e+01	     -9.70	0	Gaussian	9990000000.000000	9990000000.000000
208	1	1047.245390	2041.047088	     -1.00	   1379.10	   2366.39	      1.99	      1.65	     34.80	     28.79	2.13	 3.439e+01	     -9.70	0	Gaussian	9990000000.000000	9990000000.000000
209	1	1055.624477	1475.867072	     -1.00	   2412.70	    596.67	      2.21	      2.04	     38.71	     35.71	34.74	 3.709e+01	     -9.69	0	Gaussian	9990000000.000000	9990000000.000000
210	1	1047.294409	1869.026013	     -1.00	   3525.37	   3405.68	      2.03	      1.74	     35.47	     30.44	81.06	 5.037e+01	     -9.68	0	Gaussian	9990000000.000000	9990000000.000000
211	1	1047.393240	2241.486772	     -1.00	   5000.52	   3357.64	      1.71	      1.71	     29.93	     29.93	-69.77	 5.616e+01	     -9.68	0	Gaussian	9990000000.000000	9990000000.000000
212	1	1055.792240	2597.795312	     -1.00	   2305.85	   1136.40	      1.68	      1.49	     29.46	     26.12	-56.43	 3.601e+01	     -9.67	0	Gaussian	9990000000.000000	9990000000.000000
213	1	1045.159137	2643.285104	     -1.00	    877.79	     80.40	      1.70	      1.43	     29.71	     25.05	-60.80	 4.698e+01	     -9.65	0	Gaussian	9990000000.000000	9990000000.000000
214	1	1050.513551	2712.708607	     -1.00	   2902.90	   1163.44	      1.54	      1.54	     26.90	     26.90	2.14	 5.570e+01	     -9.65	0	Gaussian	9990000000.000000	9990000000.000000
215	1	1052.773830	2180.020859	     -1.00	   3858.69	    596.00	      1.83	      1.61	     31.95	     28.17	62.47	 5.575e+01	     -9.65	0	Gaussian	9990000000.000000	9990000000.000000
216	1	1052.215525	2558.589478	     -1.00	   2597.10	    890.25	      1.85	      1.34	     32.46	     23.49	47.60	 3.683e+01	     -9.65	0	Gaussian	9990000000.000000	9990000000.000000
217	1	1045.896559	2283.354647	     -1.00	    685.64	   1406.89	      1.73	      1.60	     30.21	     27.96	13.93	 3.800e+01	     -9.63	0	Gaussian	9990000000.000000	9990000000.000000
218	1	1050.073775	2271.356309	     -1.00	   1515.04	   1410.02	      1.66	      1.66	     29.13	     29.13	-50.50	 4.053e+01	     -9.63	0	Gaussian	9990000000.000000	9990000000.000000
219	1	1047.061565	1596.110188	     -1.00	   3612.94	    110.81	      2.37	      1.66	     41.43	     29.11	-85.24	 2.869e+01	     -9.63	0	Gaussian	9990000000.000000	9990000000.000000
220	1	1062.195314	1919.579610	     -1.00	   4004.81	    364.91	      2.17	      1.50	     38.04	     26.33	-48.92	 9.234e+01	     -9.63	0	Gaussian	9990000000.000000	9990000000.000000
221	1	1048.535420	2158.444853	     -1.00	   2208.46	   3551.01	      1.85	      1.57	     32.33	     27.53	51.13	 5.575e+01	     -9.63	0	Gaussian	9990000000.000000	9990000000.000000
222	1	1044.648175	1587.990608	     -1.00	   1308.62	   3210.61	      2.18	      1.81	     38.11	     31.71	-15.45	 3.642e+01	     -9.63	0	Gaussian	9990000000.000000	9990000000.000000
223	1	1048.025672	2692.926419	     -1.00	   1085.87	   2774.90	      1.84	      1.27	     32.23	     22.15	5.22	 3.769e+01	     -9.62	0	Gaussian	9990000000.000000	9990000000.000000
224	1	1048.139790	1870.568307	     -1.00	   1603.44	   1439.13	      1.89	      1.76	     33.14	     30.80	-20.42	 4.034e+01	     -9.62	0	Gaussian	9990000000.000000	9990000000.000000
225	1	1047.831904	1899.455565	     -1.00	   1945.13	   1757.54	      1.94	      1.68	     33.97	     29.33	-7.39	 5.361e+01	     -9.61	0	Gaussian	9990000000.000000	9990000000.000000
226	1	1048.837517	1705.730692	     -1.00	   2252.14	    517.42	      2.26	      1.59	     39.61	     27.88	53.86	 3.099e+01	     -9.61	0	Gaussian	9990000000.000000	9990000000.000000
227	1	1050.834313	1071.188913	     -1.00	   3778.99	      7.33	      2.58	      2.21	     45.09	     38.65	-65.62	 2.630e+01	     -9.60	0	Gaussian	9990000000.000000	9990000000.000000
228	1	1050.889569	2203.406890	     -1.00	   3356.21	    704.10	      1.93	      1.43	     33.76	     25.08	-64.65	 5.424e+01	     -9.60	0	Gaussian	9990000000.000000	9990000000.000000
229	1	1051.853097	1899.396193	     -1.00	   2762.97	   1034.65	      1.79	      1.79	     31.33	     31.33	14.02	 4.519e+01	     -9.60	0	Gaussian	9990000000.000000	9990000000.000000
230	1	1050.364712	2642.302025	     -1.00	   2509.03	   2268.23	      1.74	      1.32	     30.49	     23.06	26.27	 5.476e+01	     -9.59	0	Gaussian	9990000000.000000	9990000000.000000
231	1	1045.494662	1704.957583	     -1.00	   1111.56	   3242.54	      2.32	      1.53	     40.56	     26.83	-47.07	 3.093e+01	     -9.59	0	Gaussian	9990000000.000000	9990000000.000000
232	1	1044.756973	2683.776676	     -1.00	   4676.33	   3899.30	      1.91	      1.18	     33.38	     20.66	44.36	 3.166e+01	     -9.59	0	Gaussian	9990000000.000000	9990000000.000000
233	1	1054.058102	2654.346977	     -1.00	   3354.96	   1540.26	      1.79	      1.26	     31.30	     22.09	44.60	 5.676e+01	     -9.58	0	Gaussian	9990000000.000000	9990000000.000000
234	1	1051.216300	2169.559506	     -1.00	   2514.39	    809.33	      1.95	      1.41	     34.18	     24.73	37.60	 3.395e+01	     -9.58	0	Gaussian	9990000000.000000	9990000000.000000
235	1	1049.704328	1910.559955	     -1.00	   2050.17	    445.08	      1.77	      1.77	     30.98	     30.98	-30.82	 4.271e+01	     -9.58	0	Gaussian	9990000000.000000	9990000000.000000
236	1	1050.161234	1930.569205	     -1.00	   1959.90	   1839.76	      1.87	      1.65	     32.76	     28.91	-14.61	 3.935e+01	     -9.58	0	Gaussian	9990000000.000000	9990000000.000000
237	1	1051.387603	1713.105234	     -1.00	   5011.00	   1529.34	      2.35	      1.48	     41.20	     25.89	-2.82	 2.746e+01	     -9.58	0	Gaussian	9990000000.000000	9990000000.000000
238	1	1045.849924	2063.572849	     -1.00	   1093.24	    351.06	      2.00	      1.43	     35.09	     25.10	-32.63	 3.716e+01	     -9.57	0	Gaussian	9990000000.000000	9990000000.000000
239	1	1059.065862	2023.662022	     -1.00	   3089.75	   1906.46	      1.80	      1.62	     31.53	     28.31	-61.60	 5.053e+01	     -9.56	0	Gaussian	9990000000.000000	9990000000.000000
240	1	1048.468641	1516.881367	     -1.00	   4785.67	    170.56	      2.25	      1.72	     39.43	     30.12	-31.62	 3.658e+01	     -9.56	0	Gaussian	9990000000.000000	9990000000.000000
241	1	1053.929098	2281.009356	     -1.00	   4354.64	   2645.93	      1.61	      1.61	     28.09	     28.09	-22.82	 5.239e+01	     -9.56	0	Gaussian	9990000000.000000	9990000000.000000
242	1	1049.602154	967.189651	     -1.00	   4467.22	   3230.47	      3.33	      1.82	     58.33	     31.80	52.00	 6.955e+01	     -9.55	0	Gaussian	9990000000.000000	9990000000.000000
243	1	1047.809415	1302.317476	     -1.00	   2106.39	     72.14	      2.31	      1.94	     40.46	     34.00	66.00	 3.270e+01	     -9.55	0	Gaussian	9990000000.000000	9990000000.000000
244	1	1049.685783	2302.288780	     -1.00	   2675.94	    362.95	      1.88	      1.35	     32.95	     23.55	62.18	 3.450e+01	     -9.55	0	Gaussian	9990000000.000000	9990000000.000000
245	1	1045.781062	2334.448584	     -1.00	   4925.77	    158.61	      1.77	      1.40	     30.91	     24.52	50.08	 3.734e+01	     -9.54	0	Gaussian	9990000000.000000	9990000000.000000
246	1	1054.796219	2235.785844	     -1.00	   2468.30	    785.23	      1.82	      1.41	     31.79	     24.63	52.26	 3.251e+01	     -9.53	0	Gaussian	9990000000.000000	9990000000.000000
247	1	1048.615423	2008.668053	     -1.00	   1055.51	   2088.82	      1.87	      1.52	     32.71	     26.63	-7.26	 3.023e+01	     -9.53	0	Gaussian	9990000000.000000	9990000000.000000
248	1	1051.177651	2687.296963	     -1.00	   4190.48	   1257.86	      1.66	      1.28	     29.04	     22.35	9.43	 4.269e+01	     -9.52	0	Gaussian	9990000000.000000	9990000000.000000
249	1	1063.046408	2936.375801	     -1.00	   2939.39	   1178.96	      1.66	      1.18	     29.01	     20.66	-9.01	 8.095e+01	     -9.52	0	Gaussian	9990000000.000000	9990000000.000000
250	1	1051.237229	1450.020633	     -1.00	   4342.08	    580.37	      2.29	      1.70	     40.13	     29.83	-43.67	 3.485e+01	     -9.52	0	Gaussian	9990000000.000000	9990000000.000000
251	1	1054.162661	2059.144248	     -1.00	   2402.99	   2504.30	      1.95	      1.41	     34.14	     24.66	20.55	 4.575e+01	     -9.52	0	Gaussian	9990000000.000000	9990000000.000000
252	1	1048.502487	1644.866472	     -1.00	   2917.73	    751.42	      1.93	      1.78	     33.84	     31.14	56.48	 4.025e+01	     -9.52	0	Gaussian	9990000000.000000	9990000000.000000
253	1	1045.510904	2252.740079	     -1.00	   1284.09	   2649.92	      1.89	      1.33	     33.13	     23.22	-43.04	 3.051e+01	     -9.52	0	Gaussian	9990000000.000000	9990000000.000000
254	1	1054.503281	2525.364991	     -1.00	   3060.61	   3385.20	      1.67	      1.34	     29.26	     23.44	-25.87	 3.555e+01	     -9.52	0	Gaussian	9990000000.000000	9990000000.000000
255	1	1053.973475	1227.173548	     -1.00	   1955.73	    413.81	      2.24	      2.05	     39.27	     35.82	85.56	 4.201e+01	     -9.51	0	Gaussian	9990000000.000000	9990000000.000000
256	1	1046.994780	1927.711443	     -1.00	    637.65	   2058.17	      1.81	      1.62	     31.61	     28.29	-6.54	 2.918e+01	     -9.51	0	Gaussian	9990000000.000000	9990000000.000000
257	1	1052.594213	1743.481653	     -1.00	   1238.38	   1675.12	      2.07	      1.56	     36.22	     27.30	18.49	 3.099e+01	     -9.51	0	Gaussian	9990000000.000000	9990000000.000000
258	1	1053.930374	2102.980860	     -1.00	   2979.28	   1164.99	      1.63	      1.63	     28.55	     28.55	41.57	 5.208e+01	     -9.50	0	Gaussian	9990000000.000000	9990000000.000000
259	1	1045.819050	1517.898829	     -1.00	   2384.72	   3612.75	      1.92	      1.92	     33.55	     33.55	25.41	 4.553e+01	     -9.50	0	Gaussian	9990000000.000000	9990000000.000000
260	1	1053.121354	1655.751809	     -1.00	   2936.48	    855.32	      1.94	      1.74	     33.89	     30.42	37.95	 3.524e+01	     -9.50	0	Gaussian	9990000000.000000	9990000000.000000
261	1	1055.132836	1732.107992	     -1.00	   2472.65	    609.70	      2.05	      1.56	     35.90	     27.33	45.51	 3.124e+01	     -9.50	0	Gaussian	9990000000.000000	9990000000.000000
262	1	1063.308092	1986.278197	     -1.00	   2820.56	   1027.94	      1.98	      1.41	     34.62	     24.60	20.56	 3.953e+01	     -9.49	0	Gaussian	9990000000.000000	9990000000.000000
263	1	1052.565812	2082.391053	     -1.00	   4387.20	   3308.38	      2.03	      1.30	     35.55	     22.83	42.37	 2.954e+01	     -9.49	0	Gaussian	9990000000.000000	9990000000.000000
264	1	1047.450111	1426.204030	     -1.00	   2207.40	   3583.40	      1.99	      1.94	     34.83	     33.97	68.19	 3.648e+01	     -9.49	0	Gaussian	9990000000.000000	9990000000.000000
265	1	1045.902831	1855.166675	     -1.00	   5660.01	    540.66	      2.08	      1.42	     36.43	     24.91	11.67	 3.822e+01	     -9.49	0	Gaussian	9990000000.000000	9990000000.000000
266	1	1048.388362	1710.102312	     -1.00	   4571.96	    182.96	      2.09	      1.54	     36.51	     26.94	3.38	 3.430e+01	     -9.48	0	Gaussian	9990000000.000000	9990000000.000000
267	1	1046.876856	1442.668448	     -1.00	   1881.21	    207.86	      2.22	      1.71	     38.90	     29.94	49.91	 3.342e+01	     -9.48	0	Gaussian	9990000000.000000	9990000000.000000
268	1	1050.430236	3129.059550	     -1.00	   1520.95	   2925.17	      1.59	      1.10	     27.86	     19.32	-34.64	 4.947e+01	     -9.48	0	Gaussian	9990000000.000000	9990000000.000000
269	1	1048.217709	1784.616240	     -1.00	   2927.03	    299.78	      1.99	      1.54	     34.81	     26.88	76.75	 3.497e+01	     -9.48	0	Gaussian	9990000000.000000	9990000000.000000
270	1	1048.523237	2028.127505	     -1.00	   1804.04	   3428.71	      1.85	      1.45	     32.32	     25.45	51.99	 4.330e+01	     -9.48	0	Gaussian	9990000000.000000	9990000000.000000
271	1	1043.442042	1999.675467	     -1.00	   5460.99	    716.24	      1.92	      1.41	     33.65	     24.71	25.06	 3.719e+01	     -9.47	0	Gaussian	9990000000.000000	9990000000.000000
272	1	1049.221666	1887.116487	     -1.00	   1628.17	   1362.08	      1.91	      1.50	     33.44	     26.34	-13.57	 4.199e+01	     -9.47	0	Gaussian	9990000000.000000	9990000000.000000
273	1	1046.848766	1873.803544	     -1.00	   1999.96	     22.76	      2.04	      1.41	     35.74	     24.72	43.58	 3.470e+01	     -9.47	0	Gaussian	9990000000.000000	9990000000.000000
274	1	1047.270578	1282.334345	     -1.00	   2578.52	    186.63	      2.08	      2.01	     36.47	     35.13	24.86	 3.203e+01	     -9.46	0	Gaussian	9990000000.000000	9990000000.000000
275	1	1051.406666	1680.440140	     -1.00	   3184.45	   2622.21	      1.99	      1.60	     34.90	     27.94	-0.33	 4.409e+01	     -9.46	0	Gaussian	9990000000.000000	9990000000.000000
276	1	1052.432258	1960.650355	     -1.00	   5123.54	   2820.69	      1.65	      1.65	     28.87	     28.87	-75.39	 5.618e+01	     -9.45	0	Gaussian	9990000000.000000	9990000000.000000
277	1	1048.312713	1300.000958	     -1.00	   1882.42	   1214.53	      2.27	      1.80	     39.80	     31.45	15.29	 2.989e+01	     -9.45	0	Gaussian	9990000000.000000	9990000000.000000
278	1	1050.442248	1954.027143	     -1.00	   1673.26	   1962.68	      1.71	      1.59	     29.86	     27.86	-48.62	 3.038e+01	     -9.45	0	Gaussian	9990000000.000000	9990000000.000000
279	1	1046.217445	3520.238390	     -1.00	    353.91	   1592.27	      1.46	      1.04	     25.50	     18.25	-54.02	 5.529e+01	     -9.45	0	Gaussian	9990000000.000000	9990000000.000000
280	1	1051.162494	1566.460615	     -1.00	   5119.28	   1384.71	      2.12	      1.59	     37.04	     27.83	-15.87	 2.907e+01	     -9.44	0	Gaussian	9990000000.000000	9990000000.000000
281	1	1056.226933	1472.764168	     -1.00	   2550.27	    565.63	      2.08	      1.71	     36.41	     29.99	51.42	 3.257e+01	     -9.44	0	Gaussian	9990000000.000000	9990000000.000000
282	1	1045.529623	1892.984965	     -1.00	   1835.52	   3978.04	      1.66	      1.66	     28.99	     28.99	5.56	 4.490e+01	     -9.42	0	Gaussian	9990000000.000000	9990000000.000000
283	1	1046.915857	1919.936428	     -1.00	   2757.35	    554.21	      1.92	      1.40	     33.54	     24.56	49.54	 2.639e+01	     -9.42	0	Gaussian	9990000000.000000	9990000000.000000
284	1	1051.404893	1508.612142	     -1.00	   2569.19	    875.50	      1.91	      1.78	     33.38	     31.10	17.16	 4.392e+01	     -9.41	0	Gaussian	9990000000.000000	9990000000.000000
285	1	1049.270752	1220.373290	     -1.00	   1407.67	   1147.79	      2.26	      1.86	     39.50	     32.49	18.95	 2.838e+01	     -9.41	0	Gaussian	9990000000.000000	9990000000.000000
286	1	1050.803429	1350.244926	     -1.00	   2082.52	    717.70	      2.10	      1.80	     36.75	     31.48	36.73	 2.355e+01	     -9.40	0	Gaussian	9990000000.000000	9990000000.000000
287	1	1048.065196	1108.850160	     -1.00	   2944.51	    108.63	      2.47	      1.85	     43.24	     32.46	-84.72	 2.627e+01	     -9.40	0	Gaussian	9990000000.000000	9990000000.000000
288	1	1048.330993	1458.486019	     -1.00	   5312.26	   1108.18	      2.21	      1.57	     38.66	     27.52	-4.62	 2.869e+01	     -9.40	0	Gaussian	9990000000.000000	9990000000.000000
289	1	1052.692285	2155.402537	     -1.00	   1918.00	   1710.16	      1.76	      1.33	     30.74	     23.27	-28.21	 4.019e+01	     -9.39	0	Gaussian	9990000000.000000	9990000000.000000
290	1	1050.060257	1058.561489	     -1.00	   4856.08	    828.74	      2.70	      1.75	     47.21	     30.71	-21.03	 3.013e+01	     -9.39	0	Gaussian	9990000000.000000	9990000000.000000
291	1	1045.960141	1828.742190	     -1.00	   1244.95	   1855.16	      1.83	      1.49	     32.11	     26.10	-32.41	 3.085e+01	     -9.38	0	Gaussian	9990000000.000000	9990000000.000000
292	1	1054.314541	2059.200244	     -1.00	   2364.24	   1731.34	      1.77	      1.37	     30.96	     23.99	36.01	 2.760e+01	     -9.38	0	Gaussian	9990000000.000000	9990000000.000000
293	1	1057.206347	1410.809935	     -1.00	   3231.48	    687.67	      2.05	      1.73	     35.81	     30.25	8.42	 6.357e+01	     -9.38	0	Gaussian	9990000000.000000	9990000000.000000
294	1	1053.139900	1759.510918	     -1.00	   4548.04	   1582.80	      1.96	      1.45	     34.28	     25.33	22.19	 3.881e+01	     -9.38	0	Gaussian	9990000000.000000	9990000000.000000
295	1	1049.221451	1212.421915	     -1.00	   4229.46	     21.78	      2.03	      2.03	     35.45	     35.45	-1.67	 4.113e+01	     -9.38	0	Gaussian	9990000000.000000	9990000000.000000
296	1	1044.829948	1558.371449	     -1.00	   1567.78	   3457.99	      1.94	      1.64	     34.01	     28.74	-54.43	 3.215e+01	     -9.38	0	Gaussian	9990000000.000000	9990000000.000000
297	1	1049.161146	1254.174715	     -1.00	   2561.61	     78.91	      2.43	      1.63	     42.45	     28.60	56.69	 2.970e+01	     -9.38	0	Gaussian	9990000000.000000	9990000000.000000
298	1	1047.362835	1401.676825	     -1.00	   3912.25	   3348.58	      2.01	      1.76	     35.23	     30.84	65.88	 4.094e+01	     -9.38	0	Gaussian	9990000000.000000	9990000000.000000
299	1	1054.124028	1449.051161	     -1.00	   3107.55	   1319.27	      1.85	      1.85	     32.39	     32.39	25.53	 4.673e+01	     -9.37	0	Gaussian	9990000000.000000	9990000000.000000
300	1	1046.344333	1185.785782	     -1.00	   2358.92	    144.70	      2.34	      1.79	     40.92	     31.33	75.96	 2.796e+01	     -9.37	0	Gaussian	9990000000.000000	9990000000.000000
301	1	1049.680526	2155.160642	     -1.00	   4657.94	   3610.86	      1.85	      1.24	     32.30	     21.75	38.22	 2.479e+01	     -9.37	0	Gaussian	9990000000.000000	9990000000.000000
302	1	1048.139622	1660.786145	     -1.00	   4353.61	   1755.15	      1.88	      1.58	     32.97	     27.61	24.08	 4.263e+01	     -9.37	0	Gaussian	9990000000.000000	9990000000.000000
303	1	1048.475897	1495.295541	     -1.00	   4041.47	   3195.88	      1.91	      1.72	     33.35	     30.16	4.16	 4.029e+01	     -9.36	0	Gaussian	9990000000.000000	9990000000.000000
304	1	1055.131437	1528.762374	     -1.00	   2497.63	    808.25	      1.92	      1.67	     33.56	     29.23	30.17	 3.120e+01	     -9.36	0	Gaussian	9990000000.000000	9990000000.000000
305	1	1047.691004	1991.376451	     -1.00	   4351.21	   3396.37	      1.97	      1.25	     34.40	     21.85	47.94	 3.077e+01	     -9.36	0	Gaussian	9990000000.000000	9990000000.000000
306	1	1050.825605	1767.827947	     -1.00	   3820.84	   2714.18	      1.94	      1.42	     33.95	     24.93	40.29	 4.604e+01	     -9.36	0	Gaussian	9990000000.000000	9990000000.000000
307	1	1052.766982	1285.429655	     -1.00	   1743.37	   1780.51	      2.10	      1.81	     36.73	     31.67	39.03	 3.183e+01	     -9.36	0	Gaussian	9990000000.000000	9990000000.000000
308	1	1051.547125	1436.100620	     -1.00	   3037.45	   1137.68	      2.07	      1.64	     36.17	     28.64	9.50	 3.938e+01	     -9.35	0	Gaussian	9990000000.000000	9990000000.000000
309	1	1045.780387	1416.630555	     -1.00	   2085.58	   3942.64	      1.88	      1.82	     32.94	     31.81	-22.16	 3.275e+01	     -9.35	0	Gaussian	9990000000.000000	9990000000.000000
310	1	1047.364592	1110.952387	     -1.00	   1512.38	   1054.16	      2.20	      1.98	     38.46	     34.72	1.69	 2.697e+01	     -9.35	0	Gaussian	9990000000.000000	9990000000.000000
311	1	1052.326336	1764.492443	     -1.00	   2829.83	    989.12	      1.86	      1.47	     32.55	     25.75	41.92	 3.743e+01	     -9.34	0	Gaussian	9990000000.000000	9990000000.000000
312	1	1043.483509	1260.702631	     -1.00	   5318.91	    526.50	      2.24	      1.70	     39.29	     29.82	1.03	 3.768e+01	     -9.34	0	Gaussian	9990000000.000000	9990000000.000000
313	1	1045.495609	1240.817447	     -1.00	    818.83	   1477.42	      2.24	      1.71	     39.27	     29.93	28.58	 2.147e+01	     -9.33	0	Gaussian	9990000000.000000	9990000000.000000
314	1	1050.066253	2042.975929	     -1.00	   3043.35	   4026.08	      1.71	      1.36	     29.96	     23.82	43.49	 4.563e+01	     -9.33	0	Gaussian	9990000000.000000	9990000000.000000
315	1	1051.340697	1520.294701	     -1.00	   2697.02	    511.61	      2.03	      1.54	     35.62	     26.90	67.64	 3.234e+01	     -9.33	0	Gaussian	9990000000.000000	9990000000.000000
316	1	1050.099104	1644.882515	     -1.00	   1642.29	   2619.69	      1.78	      1.61	     31.15	     28.23	-52.56	 2.401e+01	     -9.32	0	Gaussian	9990000000.000000	9990000000.000000
317	1	1045.141350	1122.935034	     -1.00	   2001.98	    113.91	      2.30	      1.83	     40.31	     31.95	-84.61	 2.391e+01	     -9.32	0	Gaussian	9990000000.000000	9990000000.000000
318	1	1037.654668	1284.205216	     -1.00	    497.67	   3353.18	      2.06	      1.77	     36.07	     30.97	6.07	 3.366e+01	     -9.31	0	Gaussian	9990000000.000000	9990000000.000000
319	1	1046.075990	1059.497212	     -1.00	   1682.77	    996.98	      2.23	      1.98	     39.01	     34.60	2.57	 2.473e+01	     -9.31	0	Gaussian	9990000000.000000	9990000000.000000
320	1	1053.508972	1529.279560	     -1.00	   2211.26	   1529.92	      2.03	      1.50	     35.48	     26.33	25.95	 3.321e+01	     -9.31	0	Gaussian	9990000000.000000	9990000000.000000
321	1	1053.803539	1977.693163	     -1.00	   3900.34	   2991.76	      1.67	      1.41	     29.26	     24.62	-22.49	 3.041e+01	     -9.30	0	Gaussian	9990000000.000000	9990000000.000000
322	1	1058.057030	1511.327072	     -1.00	   2634.28	   1543.64	      1.85	      1.65	     32.42	     28.80	33.82	 4.487e+01	     -9.29	0	Gaussian	9990000000.000000	9990000000.000000
323	1	1052.374228	1619.410220	     -1.00	   4017.98	    409.96	      1.68	      1.68	     29.45	     29.45	16.12	 3.572e+01	     -9.29	0	Gaussian	9990000000.000000	9990000000.000000
324	1	1045.629571	1737.899831	     -1.00	   3224.37	   3511.23	      1.74	      1.51	     30.49	     26.40	55.29	 3.328e+01	     -9.28	0	Gaussian	9990000000.000000	9990000000.000000
325	1	1048.060502	1331.826983	     -1.00	   1407.39	    682.35	      2.14	      1.60	     37.49	     27.98	45.93	 2.587e+01	     -9.28	0	Gaussian	9990000000.000000	9990000000.000000
326	1	1046.037863	1764.056424	     -1.00	   1542.12	   2931.68	      1.81	      1.42	     31.68	     24.94	-28.22	 2.501e+01	     -9.28	0	Gaussian	9990000000.000000	9990000000.000000
327	1	1046.636296	1525.181113	     -1.00	   5168.03	   3684.77	      2.11	      1.41	     36.86	     24.76	41.15	 3.016e+01	     -9.28	0	Gaussian	9990000000.000000	9990000000.000000
328	1	1041.344469	1197.626109	     -1.00	    469.53	   3277.58	      2.25	      1.68	     39.44	     29.45	-6.34	 3.062e+01	     -9.28	0	Gaussian	9990000000.000000	9990000000.000000
329	1	1043.264256	1342.978631	     -1.00	    379.48	   1306.73	      2.11	      1.60	     36.88	     28.04	-26.24	 2.704e+01	     -9.28	0	Gaussian	9990000000.000000	9990000000.000000
330	1	1042.028726	1728.246663	     -1.00	   5877.23	   1023.05	      1.86	      1.41	     32.56	     24.63	-13.50	 2.990e+01	     -9.27	0	Gaussian	9990000000.000000	9990000000.000000
331	1	1048.461321	1821.970998	     -1.00	   2024.41	   2319.74	      1.82	      1.36	     31.79	     23.89	-14.52	 3.154e+01	     -9.27	0	Gaussian	9990000000.000000	9990000000.000000
332	1	1053.437662	2139.169046	     -1.00	   2541.96	   2101.18	      1.69	      1.25	     29.59	     21.80	46.18	 3.919e+01	     -9.27	0	Gaussian	9990000000.000000	9990000000.000000
333	1	1047.612468	1151.229961	     -1.00	   5002.98	    570.19	      2.30	      1.70	     40.23	     29.73	-6.38	 3.100e+01	     -9.27	0	Gaussian	9990000000.000000	9990000000.000000
334	1	1047.650853	1167.763116	     -1.00	   1927.57	     31.97	      2.03	      1.90	     35.44	     33.26	0.27	 2.494e+01	     -9.27	0	Gaussian	9990000000.000000	9990000000.000000
335	1	1053.149923	1421.202043	     -1.00	   2902.32	   2467.56	      1.80	      1.75	     31.53	     30.66	57.04	 3.105e+01	     -9.27	0	Gaussian	9990000000.000000	9990000000.000000
336	1	1052.372485	1215.567729	     -1.00	   1835.31	    927.19	      2.01	      1.83	     35.21	     32.00	-77.14	 3.070e+01	     -9.26	0	Gaussian	9990000000.000000	9990000000.000000
337	1	1060.986326	1299.191336	     -1.00	   3314.45	   2920.60	      1.93	      1.78	     33.83	     31.13	12.23	 8.391e+01	     -9.26	0	Gaussian	9990000000.000000	9990000000.000000
338	1	1050.498865	1564.241328	     -1.00	   4329.58	   2998.62	      2.11	      1.35	     36.96	     23.63	53.18	 2.782e+01	     -9.26	0	Gaussian	9990000000.000000	9990000000.000000
339	1	1044.348527	1820.520928	     -1.00	   1111.52	     80.85	      1.76	      1.38	     30.74	     24.22	-30.74	 3.277e+01	     -9.25	0	Gaussian	9990000000.000000	9990000000.000000
340	1	1033.511400	1248.237458	     -1.00	     61.93	    702.55	      1.88	      1.88	     32.95	     32.95	18.85	 3.170e+01	     -9.25	0	Gaussian	9990000000.000000	9990000000.000000
341	1	1049.068963	2128.409350	     -1.00	   1473.87	   2952.33	      1.75	      1.18	     30.67	     20.73	-39.86	 3.477e+01	     -9.25	0	Gaussian	9990000000.000000	9990000000.000000
342	1	1044.462595	1576.635909	     -1.00	   1375.58	   3782.81	      1.78	      1.58	     31.10	     27.60	27.98	 2.673e+01	     -9.25	0	Gaussian	9990000000.000000	9990000000.000000
343	1	1052.968889	526.739428	     -1.00	   1156.20	    565.88	      2.89	      2.89	     50.58	     50.58	-36.21	 5.526e+01	     -9.24	0	Gaussian	9990000000.000000	9990000000.000000
344	1	1051.135699	1725.094323	     -1.00	    973.28	   3592.60	      1.86	      1.37	     32.49	     23.99	-54.78	 5.990e+01	     -9.24	0	Gaussian	9990000000.000000	9990000000.000000
345	1	1043.704112	1474.387735	     -1.00	   5261.44	    177.77	      2.26	      1.32	     39.51	     23.08	0.70	 4.113e+01	     -9.24	0	Gaussian	9990000000.000000	9990000000.000000
346	1	1047.735911	1314.105760	     -1.00	   2583.89	   4030.39	      1.83	      1.83	     31.96	     31.96	21.91	 2.457e+01	     -9.24	0	Gaussian	9990000000.000000	9990000000.000000
347	1	1056.660196	1440.759384	     -1.00	   5330.52	    663.77	      2.15	      1.41	     37.67	     24.71	-10.53	 6.249e+01	     -9.24	0	Gaussian	9990000000.000000	9990000000.000000
348	1	1049.732372	1310.018898	     -1.00	   2067.20	   1142.56	      1.90	      1.75	     33.33	     30.62	45.73	 2.584e+01	     -9.24	0	Gaussian	9990000000.000000	9990000000.000000
349	1	1047.331968	1970.513628	     -1.00	   2723.31	   3402.75	      1.69	      1.31	     29.64	     22.86	-49.40	 3.138e+01	     -9.23	0	Gaussian	9990000000.000000	9990000000.000000
350	1	1055.451445	2273.988175	     -1.00	   1958.84	   2801.32	      1.38	      1.38	     24.20	     24.20	65.12	 4.317e+01	     -9.23	0	Gaussian	9990000000.000000	9990000000.000000
351	1	1044.926292	949.146404	     -1.00	    639.67	   2548.51	      2.47	      1.86	     43.17	     32.48	-48.07	 2.652e+01	     -9.23	0	Gaussian	9990000000.000000	9990000000.000000
352	1	1052.341079	1955.245080	     -1.00	   2938.16	    499.18	      1.78	      1.24	     31.22	     21.75	53.44	 3.645e+01	     -9.23	0	Gaussian	9990000000.000000	9990000000.000000
353	1	1056.800912	1837.807009	     -1.00	   3167.80	   1602.42	      1.39	      1.02	     24.27	     17.84	64.02	 7.161e+01	     -9.23	0	Gaussian	9990000000.000000	9990000000.000000
354	1	1050.473660	1508.221760	     -1.00	   1683.91	   1929.14	      1.87	      1.53	     32.79	     26.78	48.43	 3.263e+01	     -9.23	0	Gaussian	9990000000.000000	9990000000.000000
355	1	1053.016419	1744.352874	     -1.00	   2659.00	   2492.20	      1.57	      1.57	     27.53	     27.53	-65.13	 4.294e+01	     -9.22	0	Gaussian	9990000000.000000	9990000000.000000
356	1	1048.267724	1785.859087	     -1.00	   3148.78	   3453.33	      1.73	      1.39	     30.27	     24.40	-49.89	 2.663e+01	     -9.22	0	Gaussian	9990000000.000000	9990000000.000000
357	1	1049.977616	1081.214587	     -1.00	   4089.45	    887.73	      2.13	      1.86	     37.35	     32.61	18.09	 2.600e+01	     -9.22	0	Gaussian	9990000000.000000	9990000000.000000
358	1	1044.485333	1201.765863	     -1.00	    888.37	   1943.69	      2.25	      1.59	     39.31	     27.87	-5.24	 2.417e+01	     -9.22	0	Gaussian	9990000000.000000	9990000000.000000
359	1	1051.133272	1249.631266	     -1.00	   2621.52	   2053.67	      2.14	      1.60	     37.51	     27.97	5.30	 3.379e+01	     -9.21	0	Gaussian	9990000000.000000	9990000000.000000
360	1	1044.757331	1312.943051	     -1.00	    936.79	   3132.03	      2.00	      1.62	     35.08	     28.39	29.36	 2.568e+01	     -9.21	0	Gaussian	9990000000.000000	9990000000.000000
361	1	1048.787536	1391.655125	     -1.00	   2754.19	   4022.07	      1.99	      1.54	     34.80	     26.87	-65.65	 2.906e+01	     -9.21	0	Gaussian	9990000000.000000	9990000000.000000
362	1	1045.317908	1260.462203	     -1.00	   2661.91	   3745.45	      2.06	      1.63	     36.06	     28.50	87.67	 2.890e+01	     -9.20	0	Gaussian	9990000000.000000	9990000000.000000
363	1	1053.478686	1574.206409	     -1.00	   4104.64	   1017.35	      1.93	      1.39	     33.75	     24.33	-47.82	 2.757e+01	     -9.20	0	Gaussian	9990000000.000000	9990000000.000000
364	1	1052.122091	1058.096503	     -1.00	   3022.77	    552.38	      2.15	      1.85	     37.70	     32.30	63.91	 3.149e+01	     -9.20	0	Gaussian	9990000000.000000	9990000000.000000
365	1	1045.554604	1247.271351	     -1.00	   4926.17	   3699.53	      2.10	      1.60	     36.78	     27.99	37.64	 2.869e+01	     -9.19	0	Gaussian	9990000000.000000	9990000000.000000
366	1	1048.765565	1228.912287	     -1.00	   4303.97	   3729.77	      2.01	      1.70	     35.12	     29.75	-70.39	 2.472e+01	     -9.19	0	Gaussian	9990000000.000000	9990000000.000000
367	1	1058.360627	1411.555049	     -1.00	   2991.10	   3111.30	      1.95	      1.52	     34.11	     26.64	-31.25	 5.496e+01	     -9.19	0	Gaussian	9990000000.000000	9990000000.000000
368	1	1038.910274	1588.414333	     -1.00	    700.24	    680.87	      2.07	      1.26	     36.31	     22.11	13.59	 3.255e+01	     -9.18	0	Gaussian	9990000000.000000	9990000000.000000
369	1	1046.908992	1310.126086	     -1.00	   2420.33	   3997.63	      1.94	      1.63	     33.97	     28.52	-67.64	 2.777e+01	     -9.18	0	Gaussian	9990000000.000000	9990000000.000000
370	1	1048.872458	1423.743208	     -1.00	   4794.92	   1374.21	      2.02	      1.44	     35.36	     25.12	12.26	 3.014e+01	     -9.17	0	Gaussian	9990000000.000000	9990000000.000000
371	1	1062.124907	2365.260883	     -1.00	   2185.90	   1870.82	      1.57	      1.11	     27.52	     19.50	25.73	 5.057e+01	     -9.17	0	Gaussian	9990000000.000000	9990000000.000000
372	1	1060.259463	2000.524309	     -1.00	   3323.75	   1046.75	      1.65	      1.24	     28.94	     21.72	43.84	 5.347e+01	     -9.17	0	Gaussian	9990000000.000000	9990000000.000000
373	1	1051.244310	1018.013346	     -1.00	   2202.40	   1004.15	      2.11	      1.91	     36.86	     33.38	-11.17	 2.673e+01	     -9.16	0	Gaussian	9990000000.000000	9990000000.000000
374	1	1057.391276	1594.490299	     -1.00	   1034.74	    639.63	      1.93	      1.32	     33.79	     23.19	39.76	 7.950e+01	     -9.16	0	Gaussian	9990000000.000000	9990000000.000000
375	1	1065.577862	1424.097544	     -1.00	   1459.00	    988.08	      2.01	      1.43	     35.11	     24.95	35.49	 7.667e+01	     -9.16	0	Gaussian	9990000000.000000	9990000000.000000
376	1	1044.488277	1215.494827	     -1.00	   5944.17	   2453.24	      2.44	      1.37	     42.78	     23.93	44.29	 2.949e+01	     -9.16	0	Gaussian	9990000000.000000	9990000000.000000
377	1	1047.152108	1444.888754	     -1.00	   1277.99	   1000.87	      1.91	      1.47	     33.51	     25.69	36.26	 2.548e+01	     -9.16	0	Gaussian	9990000000.000000	9990000000.000000
378	1	1050.880824	1330.202376	     -1.00	   4120.16	   2430.71	      1.97	      1.53	     34.57	     26.78	50.69	 3.790e+01	     -9.15	0	Gaussian	9990000000.000000	9990000000.000000
379	1	1051.573307	1326.491754	     -1.00	   4875.52	   1965.39	      2.32	      1.30	     40.66	     22.68	5.19	 2.877e+01	     -9.14	0	Gaussian	9990000000.000000	9990000000.000000
380	1	1054.274069	2037.728325	     -1.00	   3714.85	   3035.64	      1.40	      1.40	     24.53	     24.53	-34.18	 4.191e+01	     -9.14	0	Gaussian	9990000000.000000	9990000000.000000
381	1	1055.139424	1232.656274	     -1.00	   2616.38	    667.37	      1.96	      1.65	     34.39	     28.89	53.49	 2.639e+01	     -9.14	0	Gaussian	9990000000.000000	9990000000.000000
382	1	1049.608223	867.212761	     -1.00	   1682.55	    880.17	      2.40	      1.92	     41.96	     33.54	63.14	 2.500e+01	     -9.14	0	Gaussian	9990000000.000000	9990000000.000000
383	1	1053.284349	1694.527786	     -1.00	   3205.66	   1482.78	      1.70	      1.38	     29.73	     24.13	36.58	 2.924e+01	     -9.13	0	Gaussian	9990000000.000000	9990000000.000000
384	1	1053.532870	1051.972076	     -1.00	   4772.76	   2590.84	      2.31	      1.63	     40.50	     28.52	7.64	 2.610e+01	     -9.13	0	Gaussian	9990000000.000000	9990000000.000000
385	1	1048.016723	1055.858109	     -1.00	   1664.72	   1662.76	      2.07	      1.81	     36.25	     31.71	-8.31	 2.782e+01	     -9.13	0	Gaussian	9990000000.000000	9990000000.000000
386	1	1048.400158	1339.875403	     -1.00	   2092.84	    317.86	      2.08	      1.42	     36.47	     24.79	53.00	 2.713e+01	     -9.13	0	Gaussian	9990000000.000000	9990000000.000000
387	1	1050.540105	1424.321440	     -1.00	   2518.53	   2863.84	      1.83	      1.52	     32.01	     26.56	-13.87	 3.263e+01	     -9.13	0	Gaussian	9990000000.000000	9990000000.000000
388	1	1057.078825	1421.287837	     -1.00	   2557.95	    618.11	      1.80	      1.54	     31.57	     26.97	-64.93	 3.304e+01	     -9.13	0	Gaussian	9990000000.000000	9990000000.000000
389	1	1045.931929	1448.590884	     -1.00	    825.92	   2822.63	      1.65	      1.65	     28.84	     28.84	-50.48	 3.878e+01	     -9.12	0	Gaussian	9990000000.000000	9990000000.000000
390	1	1052.381700	1453.503385	     -1.00	   3706.39	   1267.23	      1.77	      1.53	     30.90	     26.75	16.62	 2.910e+01	     -9.12	0	Gaussian	9990000000.000000	9990000000.000000
391	1	1047.696336	1388.770157	     -1.00	   1535.05	    120.10	      2.01	      1.40	     35.27	     24.44	46.29	 2.649e+01	     -9.12	0	Gaussian	9990000000.000000	9990000000.000000
392	1	1047.404417	1105.306278	     -1.00	   2180.40	    519.56	      2.19	      1.61	     38.37	     28.22	47.77	 2.535e+01	     -9.12	0	Gaussian	9990000000.000000	9990000000.000000
393	1	1051.323180	1409.243218	     -1.00	   2408.24	    731.13	      1.83	      1.51	     32.00	     26.39	39.39	 2.755e+01	     -9.11	0	Gaussian	9990000000.000000	9990000000.000000
394	1	1048.562307	1023.801938	     -1.00	   2236.41	   2870.68	      2.07	      1.83	     36.24	     32.04	17.67	 3.084e+01	     -9.11	0	Gaussian	9990000000.000000	9990000000.000000
395	1	1053.520044	1173.229307	     -1.00	   2342.08	    307.22	      2.20	      1.50	     38.59	     26.24	59.65	 3.000e+01	     -9.11	0	Gaussian	9990000000.000000	9990000000.000000
396	1	1045.320016	1944.254230	     -1.00	   1123.38	   3584.89	      1.66	      1.21	     29.05	     21.12	-20.18	 2.962e+01	     -9.11	0	Gaussian	9990000000.000000	9990000000.000000
397	1	1047.639274	1141.190281	     -1.00	   4655.03	   2979.66	      2.15	      1.58	     37.64	     27.59	34.48	 2.587e+01	     -9.10	0	Gaussian	9990000000.000000	9990000000.000000
398	1	1049.691323	1301.876687	     -1.00	   1434.15	   2382.86	      1.90	      1.56	     33.26	     27.38	14.77	 3.174e+01	     -9.10	0	Gaussian	9990000000.000000	9990000000.000000
399	1	1048.073082	1105.171161	     -1.00	   2713.07	    156.05	      2.23	      1.57	     39.05	     27.46	68.37	 2.201e+01	     -9.10	0	Gaussian	9990000000.000000	9990000000.000000
400	1	1049.354775	1033.668145	     -1.00	   3927.69	    320.86	      2.15	      1.73	     37.67	     30.29	-62.91	 2.875e+01	     -9.10	0	Gaussian	9990000000.000000	9990000000.000000
401	1	1049.209365	1250.842389	     -1.00	   2083.35	   2942.59	      1.91	      1.61	     33.43	     28.18	-37.21	 2.559e+01	     -9.10	0	Gaussian	9990000000.000000	9990000000.000000
402	1	1051.447669	1323.684919	     -1.00	   2607.53	   3946.08	      1.77	      1.64	     30.95	     28.73	55.16	 3.349e+01	     -9.10	0	Gaussian	9990000000.000000	9990000000.000000
403	1	1050.432695	985.764852	     -1.00	   1891.11	    684.40	      1.97	      1.97	     34.48	     34.48	-58.83	 3.103e+01	     -9.09	0	Gaussian	9990000000.000000	9990000000.000000
404	1	1048.509028	1001.353706	     -1.00	   1106.66	   1416.19	      2.26	      1.69	     39.58	     29.51	21.67	 2.660e+01	     -9.09	0	Gaussian	9990000000.000000	9990000000.000000
405	1	1050.980308	1679.984693	     -1.00	   2448.07	   3454.92	      1.73	      1.31	     30.21	     22.96	41.67	 3.147e+01	     -9.09	0	Gaussian	9990000000.000000	9990000000.000000
406	1	1048.888016	1005.771524	     -1.00	    981.82	   1144.51	      2.23	      1.69	     39.08	     29.52	29.79	 2.441e+01	     -9.08	0	Gaussian	9990000000.000000	9990000000.000000
407	1	1045.684090	898.012683	     -1.00	   4506.43	   3684.86	      2.25	      1.87	     39.39	     32.75	53.15	 2.670e+01	     -9.08	0	Gaussian	9990000000.000000	9990000000.000000
408	1	1051.988879	1180.905277	     -1.00	   4833.61	   1485.09	      2.09	      1.53	     36.52	     26.86	12.70	 2.879e+01	     -9.08	0	Gaussian	9990000000.000000	9990000000.000000
409	1	1050.388835	1053.213301	     -1.00	   2982.60	   1712.50	      2.08	      1.73	     36.32	     30.27	6.40	 3.199e+01	     -9.08	0	Gaussian	9990000000.000000	9990000000.000000
410	1	1049.279154	1447.472190	     -1.00	   2885.95	    306.90	      1.99	      1.31	     34.90	     22.99	78.99	 2.455e+01	     -9.08	0	Gaussian	9990000000.000000	9990000000.000000
411	1	1057.691261	1268.170799	     -1.00	   2648.30	   2458.85	      1.95	      1.52	     34.16	     26.58	17.08	 3.612e+01	     -9.07	0	Gaussian	9990000000.000000	9990000000.000000
412	1	1050.940952	1070.699879	     -1.00	   4649.02	   2944.88	      2.16	      1.62	     37.83	     28.40	13.90	 2.889e+01	     -9.07	0	Gaussian	9990000000.000000	9990000000.000000
413	1	1049.897766	2247.373592	     -1.00	   2949.30	   3760.07	      1.52	      1.11	     26.55	     19.41	26.94	 4.330e+01	     -9.07	0	Gaussian	9990000000.000000	9990000000.000000
414	1	1052.500566	921.772203	     -1.00	   4451.74	   3223.49	      2.08	      1.94	     36.41	     33.93	-5.14	 2.532e+01	     -9.06	0	Gaussian	9990000000.000000	9990000000.000000
415	1	1049.390374	1183.863937	     -1.00	   1933.69	   3660.41	      2.11	      1.49	     36.85	     26.00	-49.87	 2.117e+01	     -9.06	0	Gaussian	9990000000.000000	9990000000.000000
416	1	1050.932608	919.544062	     -1.00	   1916.36	   1282.44	      2.16	      1.87	     37.73	     32.65	0.06	 3.291e+01	     -9.06	0	Gaussian	9990000000.000000	9990000000.000000
417	1	1053.035832	1639.969440	     -1.00	   3948.69	    957.91	      1.50	      1.50	     26.23	     26.23	-19.29	 4.408e+01	     -9.05	0	Gaussian	9990000000.000000	9990000000.000000
418	1	1055.817974	1632.199455	     -1.00	   2842.23	    985.18	      1.50	      1.50	     26.27	     26.27	-32.07	 3.426e+01	     -9.05	0	Gaussian	9990000000.000000	9990000000.000000
419	1	1054.430561	1471.316261	     -1.00	   2922.58	   1255.99	      1.73	      1.44	     30.27	     25.26	11.72	 3.851e+01	     -9.05	0	Gaussian	9990000000.000000	9990000000.000000
420	1	1049.759277	1683.675046	     -1.00	   4317.64	   1467.00	      1.78	      1.23	     31.20	     21.49	13.31	 3.637e+01	     -9.04	0	Gaussian	9990000000.000000	9990000000.000000
421	1	1044.963265	1438.992174	     -1.00	   5712.06	   2019.20	      1.95	      1.30	     34.19	     22.78	18.44	 2.412e+01	     -9.04	0	Gaussian	9990000000.000000	9990000000.000000
422	1	1051.722762	1393.430142	     -1.00	   4506.25	   1791.99	      1.90	      1.38	     33.31	     24.12	-4.88	 2.856e+01	     -9.04	0	Gaussian	9990000000.000000	9990000000.000000
423	1	1047.932747	1130.934913	     -1.00	   2683.50	    442.36	      1.98	      1.63	     34.68	     28.47	47.56	 2.371e+01	     -9.04	0	Gaussian	9990000000.000000	9990000000.000000
424	1	1045.128801	903.163423	     -1.00	   1798.53	   3566.72	      2.18	      1.85	     38.09	     32.46	-83.72	 2.631e+01	     -9.04	0	Gaussian	9990000000.000000	9990000000.000000
425	1	1045.844428	1434.303457	     -1.00	   4172.35	   3913.28	      2.02	      1.25	     35.34	     21.96	46.94	 2.303e+01	     -9.04	0	Gaussian	9990000000.000000	9990000000.000000
426	1	1036.939211	1410.930473	     -1.00	    142.02	    752.80	      1.93	      1.33	     33.77	     23.33	24.38	 3.561e+01	     -9.03	0	Gaussian	9990000000.000000	9990000000.000000
427	1	1051.334966	1055.783130	     -1.00	   3128.29	   1040.15	      1.93	      1.78	     33.80	     31.12	-80.69	 3.250e+01	     -9.03	0	Gaussian	9990000000.000000	9990000000.000000
428	1	1047.790619	1147.018031	     -1.00	    819.33	   2063.14	      2.16	      1.46	     37.74	     25.63	-8.63	 2.614e+01	     -9.03	0	Gaussian	9990000000.000000	9990000000.000000
429	1	1053.658335	1077.626802	     -1.00	   3419.14	   1413.44	      1.96	      1.71	     34.23	     29.96	75.30	 3.305e+01	     -9.03	0	Gaussian	9990000000.000000	9990000000.000000
430	1	1054.037518	1226.541901	     -1.00	   2583.74	    128.82	      1.98	      1.48	     34.61	     25.88	68.06	 3.061e+01	     -9.02	0	Gaussian	9990000000.000000	9990000000.000000
431	1	1052.817505	1283.228818	     -1.00	   2764.21	    477.08	      1.90	      1.47	     33.23	     25.69	48.30	 2.562e+01	     -9.02	0	Gaussian	9990000000.000000	9990000000.000000
432	1	1051.500760	1174.641405	     -1.00	   3358.24	    941.53	      1.88	      1.62	     32.95	     28.30	61.22	 2.373e+01	     -9.02	0	Gaussian	9990000000.000000	9990000000.000000
433	1	1048.072655	917.418333	     -1.00	   5148.39	    928.47	      2.41	      1.61	     42.22	     28.26	-11.98	 2.435e+01	     -9.02	0	Gaussian	9990000000.000000	9990000000.000000
434	1	1050.123329	1554.011111	     -1.00	   3908.79	   3451.67	      1.78	      1.29	     31.13	     22.56	43.04	 2.411e+01	     -9.02	0	Gaussian	9990000000.000000	9990000000.000000
435	1	1052.799741	1137.104476	     -1.00	   3339.02	    548.77	      1.83	      1.71	     31.98	     29.90	-62.43	 2.545e+01	     -9.01	0	Gaussian	9990000000.000000	9990000000.000000
436	1	1045.437423	1574.383177	     -1.00	    785.88	    752.85	      1.76	      1.28	     30.75	     22.45	34.00	 2.496e+01	     -9.01	0	Gaussian	9990000000.000000	9990000000.000000
437	1	1044.300299	1076.371922	     -1.00	    978.97	   3036.73	      1.81	      1.81	     31.70	     31.70	66.35	 2.512e+01	     -9.01	0	Gaussian	9990000000.000000	9990000000.000000
438	1	1048.564239	819.166900	     -1.00	   1445.30	   2760.44	      2.44	      1.76	     42.71	     30.86	-29.73	 2.164e+01	     -9.00	0	Gaussian	9990000000.000000	9990000000.000000
439	1	1048.208570	1179.430696	     -1.00	   5511.71	   1335.08	      2.24	      1.34	     39.13	     23.43	-0.30	 2.460e+01	     -9.00	0	Gaussian	9990000000.000000	9990000000.000000
440	1	1046.300547	888.595178	     -1.00	   3848.50	   3778.27	      2.03	      1.94	     35.61	     34.00	89.67	 2.522e+01	     -9.00	0	Gaussian	9990000000.000000	9990000000.000000
441	1	1052.687650	1236.519010	     -1.00	   2061.42	   2342.27	      1.90	      1.49	     33.25	     26.13	24.52	 2.760e+01	     -9.00	0	Gaussian	9990000000.000000	9990000000.000000
442	1	1063.117987	1671.879480	     -1.00	   2562.86	   1755.67	      1.44	      1.44	     25.26	     25.26	-62.62	 3.758e+01	     -8.99	0	Gaussian	9990000000.000000	9990000000.000000
443	1	1057.124431	1044.746095	     -1.00	   2891.31	   1827.72	      2.10	      1.59	     36.68	     27.84	16.64	 3.138e+01	     -8.99	0	Gaussian	9990000000.000000	9990000000.000000
444	1	1048.099582	988.108694	     -1.00	   4595.26	   1195.29	      2.19	      1.60	     38.38	     28.07	-12.83	 2.395e+01	     -8.99	0	Gaussian	9990000000.000000	9990000000.000000
445	1	1056.214304	957.284279	     -1.00	   2652.19	    720.30	      2.19	      1.64	     38.32	     28.79	-86.35	 2.863e+01	     -8.98	0	Gaussian	9990000000.000000	9990000000.000000
446	1	1047.702887	1200.189883	     -1.00	   2151.41	   3125.04	      1.91	      1.50	     33.49	     26.29	-8.39	 2.973e+01	     -8.98	0	Gaussian	9990000000.000000	9990000000.000000
447	1	1049.674692	1147.878704	     -1.00	   4746.53	   3731.69	      2.16	      1.39	     37.75	     24.33	43.66	 2.316e+01	     -8.98	0	Gaussian	9990000000.000000	9990000000.000000
448	1	1053.920017	1663.209139	     -1.00	   3466.90	   3043.31	      1.66	      1.24	     29.11	     21.78	-56.91	 3.086e+01	     -8.98	0	Gaussian	9990000000.000000	9990000000.000000
449	1	1049.014743	1024.654097	     -1.00	   4306.84	    804.79	      2.03	      1.65	     35.57	     28.88	-28.62	 2.589e+01	     -8.98	0	Gaussian	9990000000.000000	9990000000.000000
450	1	1052.312486	1159.062193	     -1.00	   1911.21	   2560.43	      1.81	      1.63	     31.77	     28.56	56.56	 2.267e+01	     -8.97	0	Gaussian	9990000000.000000	9990000000.000000
451	1	1046.121089	747.391078	     -1.00	   2075.57	    279.45	      2.36	      1.94	     41.37	     34.00	83.37	 2.491e+01	     -8.97	0	Gaussian	9990000000.000000	9990000000.000000
452	1	1048.806489	876.406765	     -1.00	   1606.10	    300.03	      2.13	      1.84	     37.25	     32.19	-21.76	 2.383e+01	     -8.97	0	Gaussian	9990000000.000000	9990000000.000000
453	1	1053.576418	810.170977	     -1.00	   2164.34	    505.80	      2.35	      1.80	     41.05	     31.54	63.04	 4.015e+01	     -8.97	0	Gaussian	9990000000.000000	9990000000.000000
454	1	1056.081426	847.988589	     -1.00	   4626.16	   2886.43	      2.24	      1.80	     39.24	     31.48	11.70	 2.797e+01	     -8.97	0	Gaussian	9990000000.000000	9990000000.000000
455	1	1059.079174	1303.152429	     -1.00	   2753.70	    822.68	      1.79	      1.46	     31.37	     25.48	48.98	 2.992e+01	     -8.96	0	Gaussian	9990000000.000000	9990000000.000000
456	1	1050.401163	1276.108637	     -1.00	   4744.96	   2624.94	      2.00	      1.33	     35.02	     23.31	-4.83	 2.348e+01	     -8.96	0	Gaussian	9990000000.000000	9990000000.000000
457	1	1050.007667	1003.236970	     -1.00	   2443.11	    485.62	      2.06	      1.64	     35.97	     28.75	58.51	 2.901e+01	     -8.96	0	Gaussian	9990000000.000000	9990000000.000000
458	1	1045.833118	1068.623812	     -1.00	   1218.88	    181.10	      2.04	      1.56	     35.62	     27.22	-22.68	 2.257e+01	     -8.96	0	Gaussian	9990000000.000000	9990000000.000000
459	1	1061.027785	752.163914	     -1.00	   1470.56	   1468.67	      2.36	      1.90	     41.35	     33.22	20.65	 7.709e+01	     -8.96	0	Gaussian	9990000000.000000	9990000000.000000
460	1	1046.465271	1092.215525	     -1.00	   3117.99	    652.46	      2.01	      1.54	     35.17	     26.87	-82.77	 2.480e+01	     -8.95	0	Gaussian	9990000000.000000	9990000000.000000
461	1	1055.782675	1289.552839	     -1.00	   2714.82	   3308.04	      1.84	      1.41	     32.28	     24.76	34.99	 3.471e+01	     -8.95	0	Gaussian	9990000000.000000	9990000000.000000
462	1	1060.128269	869.353644	     -1.00	   2974.39	    123.87	      2.24	      1.72	     39.27	     30.16	71.15	 7.771e+01	     -8.95	0	Gaussian	9990000000.000000	9990000000.000000
463	1	1037.847851	1224.094355	     -1.00	   5448.05	   3859.07	      2.18	      1.26	     38.19	     22.03	41.26	 2.086e+01	     -8.95	0	Gaussian	9990000000.000000	9990000000.000000
464	1	1050.491085	1246.665983	     -1.00	   4445.43	   2456.25	      1.83	      1.47	     32.11	     25.72	41.15	 2.754e+01	     -8.95	0	Gaussian	9990000000.000000	9990000000.000000
465	1	1048.066873	1049.757385	     -1.00	   1343.76	   2663.96	      1.96	      1.63	     34.32	     28.51	-7.46	 2.122e+01	     -8.95	0	Gaussian	9990000000.000000	9990000000.000000
466	1	1057.558626	1031.582837	     -1.00	   2585.11	    711.49	      2.02	      1.60	     35.44	     28.07	80.24	 4.641e+01	     -8.95	0	Gaussian	9990000000.000000	9990000000.000000
467	1	1053.371405	1112.147019	     -1.00	   4625.03	   3202.24	      1.97	      1.53	     34.46	     26.74	44.12	 2.884e+01	     -8.95	0	Gaussian	9990000000.000000	9990000000.000000
468	1	1056.787882	1307.008763	     -1.00	   2643.91	   1634.59	      1.60	      1.60	     27.97	     27.97	-17.98	 3.295e+01	     -8.94	0	Gaussian	9990000000.000000	9990000000.000000
469	1	1047.471767	896.642221	     -1.00	   1969.09	    126.03	      1.93	      1.93	     33.75	     33.75	-35.93	 2.628e+01	     -8.94	0	Gaussian	9990000000.000000	9990000000.000000
470	1	1049.729869	1342.762125	     -1.00	   1466.23	   2223.19	      1.81	      1.37	     31.67	     24.00	35.05	 2.335e+01	     -8.94	0	Gaussian	9990000000.000000	9990000000.000000
471	1	1048.015216	1092.919246	     -1.00	   1782.62	   3157.44	      2.05	      1.48	     35.80	     25.91	-48.29	 2.652e+01	     -8.93	0	Gaussian	9990000000.000000	9990000000.000000
472	1	1047.697249	733.394582	     -1.00	   1858.34	    257.90	      2.12	      2.12	     37.16	     37.16	-46.75	 2.294e+01	     -8.93	0	Gaussian	9990000000.000000	9990000000.000000
473	1	1051.791288	1183.556958	     -1.00	   2024.56	    713.82	      1.96	      1.43	     34.27	     24.97	40.40	 2.910e+01	     -8.93	0	Gaussian	9990000000.000000	9990000000.000000
474	1	1048.742765	791.847164	     -1.00	   2329.36	     62.23	      2.04	      2.04	     35.74	     35.74	-49.19	 2.882e+01	     -8.93	0	Gaussian	9990000000.000000	9990000000.000000
475	1	1044.211403	897.288688	     -1.00	   5443.83	   3805.12	      2.23	      1.64	     39.10	     28.79	33.53	 2.279e+01	     -8.93	0	Gaussian	9990000000.000000	9990000000.000000
476	1	1049.571291	891.604013	     -1.00	   2561.63	    236.57	      2.20	      1.68	     38.58	     29.34	58.01	 2.184e+01	     -8.93	0	Gaussian	9990000000.000000	9990000000.000000
477	1	1047.142859	826.407127	     -1.00	    807.83	   1735.32	      2.05	      1.94	     35.89	     33.92	-10.78	 2.310e+01	     -8.93	0	Gaussian	9990000000.000000	9990000000.000000
478	1	1050.684741	1091.189977	     -1.00	   1865.43	   3096.55	      2.11	      1.42	     36.96	     24.92	-49.00	 2.534e+01	     -8.93	0	Gaussian	9990000000.000000	9990000000.000000
479	1	1049.756907	785.855453	     -1.00	   4380.61	    606.30	      2.04	      2.04	     35.76	     35.76	28.29	 2.840e+01	     -8.93	0	Gaussian	9990000000.000000	9990000000.000000
480	1	1041.335168	880.300568	     -1.00	   5636.01	   3348.37	      2.36	      1.58	     41.24	     27.62	12.94	 2.893e+01	     -8.92	0	Gaussian	9990000000.000000	9990000000.000000
481	1	1053.603664	1202.312160	     -1.00	   2886.98	    935.34	      1.75	      1.55	     30.71	     27.10	-71.45	 3.248e+01	     -8.92	0	Gaussian	9990000000.000000	9990000000.000000
482	1	1046.521309	1610.383172	     -1.00	   1476.28	   3589.91	      1.67	      1.22	     29.23	     21.31	-28.90	 2.953e+01	     -8.92	0	Gaussian	9990000000.000000	9990000000.000000
483	1	1048.061165	835.648835	     -1.00	   1188.51	   1475.31	      2.12	      1.84	     37.19	     32.18	30.42	 3.378e+01	     -8.92	0	Gaussian	9990000000.000000	9990000000.000000
484	1	1048.619644	886.848087	     -1.00	   5157.44	   1812.19	      2.32	      1.59	     40.59	     27.74	6.57	 2.309e+01	     -8.92	0	Gaussian	9990000000.000000	9990000000.000000
485	1	1053.062573	1617.575964	     -1.00	   2351.41	   2472.95	      1.72	      1.18	     30.10	     20.66	-7.71	 3.266e+01	     -8.91	0	Gaussian	9990000000.000000	9990000000.000000
486	1	1051.785615	1355.821901	     -1.00	   4147.27	   3656.08	      1.82	      1.31	     31.79	     22.99	39.07	 2.998e+01	     -8.91	0	Gaussian	9990000000.000000	9990000000.000000
487	1	1053.001926	1147.754171	     -1.00	   3127.53	   1548.82	      1.83	      1.54	     32.09	     26.89	0.60	 2.743e+01	     -8.91	0	Gaussian	9990000000.000000	9990000000.000000
488	1	1054.797049	1140.346917	     -1.00	   2749.84	   2230.42	      1.75	      1.62	     30.55	     28.35	-42.39	 2.516e+01	     -8.91	0	Gaussian	9990000000.000000	9990000000.000000
489	1	1044.511901	816.180325	     -1.00	   1573.02	    520.36	      2.18	      1.81	     38.11	     31.73	40.98	 2.039e+01	     -8.91	0	Gaussian	9990000000.000000	9990000000.000000
490	1	1047.880160	802.956126	     -1.00	   2245.01	     33.62	      2.00	      2.00	     35.05	     35.05	-17.07	 2.911e+01	     -8.91	0	Gaussian	9990000000.000000	9990000000.000000
491	1	1052.330819	1173.722111	     -1.00	   3505.18	   3446.41	      1.82	      1.50	     31.93	     26.18	76.58	 2.590e+01	     -8.90	0	Gaussian	9990000000.000000	9990000000.000000
492	1	1048.580986	1035.519642	     -1.00	   5057.81	   1504.27	      2.08	      1.48	     36.45	     25.88	-1.04	 2.340e+01	     -8.89	0	Gaussian	9990000000.000000	9990000000.000000
493	1	1047.305358	832.845281	     -1.00	   1431.41	    296.89	      2.09	      1.83	     36.61	     31.95	-34.64	 2.228e+01	     -8.89	0	Gaussian	9990000000.000000	9990000000.000000
494	1	1050.632057	1107.827865	     -1.00	   1775.04	   2498.12	      1.91	      1.50	     33.39	     26.32	53.96	 2.364e+01	     -8.89	0	Gaussian	9990000000.000000	9990000000.000000
495	1	1048.011533	1207.885563	     -1.00	   2818.08	    560.14	      1.81	      1.45	     31.66	     25.37	-37.51	 2.922e+01	     -8.89	0	Gaussian	9990000000.000000	9990000000.000000
496	1	1052.759357	699.795923	     -1.00	   2549.78	    774.10	      2.50	      1.81	     43.68	     31.72	-88.70	 2.247e+01	     -8.89	0	Gaussian	9990000000.000000	9990000000.000000
497	1	1051.860255	1556.227330	     -1.00	   3726.29	   1351.95	      1.63	      1.24	     28.61	     21.79	-36.62	 3.613e+01	     -8.89	0	Gaussian	9990000000.000000	9990000000.000000
498	1	1052.991873	885.115848	     -1.00	   2499.04	    483.26	      2.07	      1.72	     36.27	     30.14	-80.75	 2.414e+01	     -8.88	0	Gaussian	9990000000.000000	9990000000.000000
499	1	1046.670107	843.410857	     -1.00	   3709.58	   1345.38	      2.02	      1.85	     35.34	     32.45	5.73	 2.787e+01	     -8.88	0	Gaussian	9990000000.000000	9990000000.000000
500	1	1047.313139	1392.412242	     -1.00	   2609.37	   4008.93	      1.50	      1.50	     26.32	     26.32	15.11	 2.985e+01	     -8.88	0	Gaussian	9990000000.000000	9990000000.000000
501	1	1047.392475	916.594297	     -1.00	   4620.97	     56.61	      2.15	      1.60	     37.55	     28.00	-13.15	 2.948e+01	     -8.88	0	Gaussian	9990000000.000000	9990000000.000000
502	1	1055.191274	1033.872452	     -1.00	   4607.89	   2541.95	      1.74	      1.74	     30.52	     30.52	39.31	 2.744e+01	     -8.88	0	Gaussian	9990000000.000000	9990000000.000000
503	1	1051.756507	970.002199	     -1.00	   4361.11	   2947.14	      1.92	      1.69	     33.54	     29.58	-20.29	 2.514e+01	     -8.88	0	Gaussian	9990000000.000000	9990000000.000000
504	1	1051.935341	755.338062	     -1.00	   2312.80	   1912.34	      2.21	      1.88	     38.69	     32.92	19.12	 2.670e+01	     -8.88	0	Gaussian	9990000000.000000	9990000000.000000
505	1	1054.661030	813.855179	     -1.00	   2143.17	    630.56	      2.15	      1.79	     37.69	     31.33	59.99	 2.641e+01	     -8.88	0	Gaussian	9990000000.000000	9990000000.000000
506	1	1050.477399	1239.196588	     -1.00	   1648.15	   2221.02	      1.85	      1.37	     32.31	     23.99	23.33	 2.791e+01	     -8.88	0	Gaussian	9990000000.000000	9990000000.000000
507	1	1039.220482	1075.461080	     -1.00	    714.66	     57.68	      1.85	      1.57	     32.36	     27.54	16.83	 2.533e+01	     -8.87	0	Gaussian	9990000000.000000	9990000000.000000
508	1	1052.226839	1414.246236	     -1.00	   3867.05	    742.34	      1.76	      1.26	     30.73	     22.08	58.34	 3.064e+01	     -8.87	0	Gaussian	9990000000.000000	9990000000.000000
509	1	1047.516195	956.461981	     -1.00	   3221.75	    319.22	      2.08	      1.57	     36.38	     27.53	76.08	 2.747e+01	     -8.87	0	Gaussian	9990000000.000000	9990000000.000000
510	1	1050.946883	347.217351	     -1.00	   5028.46	   2854.86	      4.37	      2.05	     76.41	     35.97	-52.80	 2.184e+01	     -8.87	0	Gaussian	9990000000.000000	9990000000.000000
511	1	1049.503848	600.239403	     -1.00	   2187.29	   4034.56	      2.36	      2.20	     41.27	     38.50	70.92	 1.991e+01	     -8.87	0	Gaussian	9990000000.000000	9990000000.000000
512	1	1052.627144	1074.500498	     -1.00	   3628.76	   2356.87	      1.84	      1.56	     32.27	     27.39	-39.03	 3.525e+01	     -8.86	0	Gaussian	9990000000.000000	9990000000.000000
513	1	1046.267987	1053.658605	     -1.00	   5304.71	    765.76	      1.90	      1.54	     33.34	     27.01	-1.21	 2.656e+01	     -8.86	0	Gaussian	9990000000.000000	9990000000.000000
514	1	1045.813725	1159.310733	     -1.00	   1440.63	    581.83	      1.83	      1.46	     31.95	     25.61	40.59	 2.625e+01	     -8.86	0	Gaussian	9990000000.000000	9990000000.000000
515	1	1044.267041	1169.858056	     -1.00	   1226.90	     57.15	      2.04	      1.30	     35.66	     22.72	-39.08	 2.334e+01	     -8.86	0	Gaussian	9990000000.000000	9990000000.000000
516	1	1052.148246	927.433703	     -1.00	   2741.37	    743.05	      1.83	      1.83	     31.96	     31.96	82.09	 3.165e+01	     -8.86	0	Gaussian	9990000000.000000	9990000000.000000
517	1	1050.292946	861.453533	     -1.00	   2130.19	    554.76	      2.16	      1.66	     37.76	     29.12	43.52	 2.576e+01	     -8.86	0	Gaussian	9990000000.000000	9990000000.000000
518	1	1042.664530	1022.318876	     -1.00	    965.72	    462.99	      1.83	      1.65	     31.99	     28.91	-6.02	 2.468e+01	     -8.86	0	Gaussian	9990000000.000000	9990000000.000000
519	1	1052.890030	1081.602224	     -1.00	   3056.03	   2074.78	      1.69	      1.69	     29.51	     29.51	-82.24	 2.791e+01	     -8.85	0	Gaussian	9990000000.000000	9990000000.000000
520	1	1047.544472	799.735461	     -1.00	   4204.83	   3430.55	      2.10	      1.83	     36.70	     32.04	-86.07	 2.742e+01	     -8.85	0	Gaussian	9990000000.000000	9990000000.000000
521	1	1052.907519	1068.143328	     -1.00	   4656.12	   1371.82	      1.91	      1.50	     33.48	     26.28	-11.81	 2.523e+01	     -8.85	0	Gaussian	9990000000.000000	9990000000.000000
522	1	1054.402695	1063.096774	     -1.00	   3273.84	   1563.75	      1.97	      1.46	     34.42	     25.56	-20.08	 3.249e+01	     -8.85	0	Gaussian	9990000000.000000	9990000000.000000
523	1	1050.861338	999.261303	     -1.00	   4573.75	    994.22	      2.08	      1.47	     36.39	     25.72	-41.15	 2.294e+01	     -8.85	0	Gaussian	9990000000.000000	9990000000.000000
524	1	1048.299761	1122.406572	     -1.00	   1025.33	   2440.76	      1.95	      1.39	     34.09	     24.40	-37.18	 2.262e+01	     -8.85	0	Gaussian	9990000000.000000	9990000000.000000
525	1	1055.872542	1242.032503	     -1.00	   2809.15	   1281.07	      1.82	      1.35	     31.80	     23.57	-33.84	 2.931e+01	     -8.84	0	Gaussian	9990000000.000000	9990000000.000000
526	1	1051.790952	881.499123	     -1.00	   2877.84	    265.89	      2.15	      1.60	     37.56	     28.03	82.44	 2.878e+01	     -8.84	0	Gaussian	9990000000.000000	9990000000.000000
527	1	1055.501656	877.433352	     -1.00	   2662.42	   1168.87	      2.08	      1.66	     36.39	     29.03	28.26	 2.845e+01	     -8.84	0	Gaussian	9990000000.000000	9990000000.000000
528	1	1046.495938	837.025686	     -1.00	   5094.50	    421.66	      2.26	      1.60	     39.51	     27.98	-26.06	 1.982e+01	     -8.84	0	Gaussian	9990000000.000000	9990000000.000000
529	1	1042.862237	1063.857435	     -1.00	    657.74	   1096.23	      1.94	      1.45	     34.04	     25.45	-53.30	 1.962e+01	     -8.83	0	Gaussian	9990000000.000000	9990000000.000000
530	1	1048.550087	751.808622	     -1.00	   1663.14	   1114.37	      2.00	      2.00	     34.98	     34.98	-23.35	 2.692e+01	     -8.83	0	Gaussian	9990000000.000000	9990000000.000000
531	1	1046.930149	1092.608547	     -1.00	   1487.10	   3444.71	      1.99	      1.38	     34.78	     24.18	-45.92	 2.574e+01	     -8.83	0	Gaussian	9990000000.000000	9990000000.000000
532	1	1044.903121	1199.788095	     -1.00	   2021.27	   3760.59	      1.92	      1.30	     33.56	     22.76	-62.17	 2.353e+01	     -8.83	0	Gaussian	9990000000.000000	9990000000.000000
533	1	1059.917055	921.575047	     -1.00	   2779.38	   1862.76	      2.03	      1.60	     35.45	     27.96	11.34	 2.554e+01	     -8.82	0	Gaussian	9990000000.000000	9990000000.000000
534	1	1054.175444	812.312609	     -1.00	   2738.59	   1516.19	      1.96	      1.87	     34.31	     32.77	41.47	 2.792e+01	     -8.82	0	Gaussian	9990000000.000000	9990000000.000000
535	1	1045.063035	805.362119	     -1.00	   4668.25	   3921.91	      2.06	      1.79	     36.08	     31.33	-32.93	 2.303e+01	     -8.82	0	Gaussian	9990000000.000000	9990000000.000000
536	1	1046.259255	876.292637	     -1.00	   1378.82	   1796.26	      2.11	      1.60	     36.92	     28.07	17.22	 2.474e+01	     -8.82	0	Gaussian	9990000000.000000	9990000000.000000
537	1	1050.015168	1018.987940	     -1.00	   2486.85	   3043.48	      1.77	      1.64	     31.02	     28.69	-68.78	 2.728e+01	     -8.81	0	Gaussian	9990000000.000000	9990000000.000000
538	1	1042.798579	1182.842257	     -1.00	    734.98	    619.10	      1.94	      1.29	     33.98	     22.52	-42.02	 2.640e+01	     -8.81	0	Gaussian	9990000000.000000	9990000000.000000
539	1	1047.460330	786.300060	     -1.00	   1253.58	   1511.61	      2.29	      1.64	     40.08	     28.63	6.27	 2.227e+01	     -8.81	0	Gaussian	9990000000.000000	9990000000.000000
540	1	1048.190775	734.092925	     -1.00	   4248.78	   3550.92	      2.17	      1.84	     38.03	     32.29	-66.74	 2.263e+01	     -8.81	0	Gaussian	9990000000.000000	9990000000.000000
541	1	1048.071635	626.566110	     -1.00	   4874.69	   1158.48	      2.43	      1.93	     42.49	     33.84	-4.23	 2.279e+01	     -8.81	0	Gaussian	9990000000.000000	9990000000.000000
542	1	1055.141647	1272.345518	     -1.00	   3794.38	   1251.18	      1.71	      1.35	     29.87	     23.66	22.60	 2.811e+01	     -8.80	0	Gaussian	9990000000.000000	9990000000.000000
543	1	1056.244810	970.508243	     -1.00	   2028.98	    971.43	      1.82	      1.66	     31.80	     29.11	-45.04	 2.859e+01	     -8.80	0	Gaussian	9990000000.000000	9990000000.000000
544	1	1050.987913	1241.744411	     -1.00	   3892.04	    881.32	      1.78	      1.33	     31.14	     23.22	63.32	 2.757e+01	     -8.80	0	Gaussian	9990000000.000000	9990000000.000000
545	1	1045.455470	683.585180	     -1.00	   4193.24	    170.22	      2.24	      1.91	     39.22	     33.45	-49.32	 2.183e+01	     -8.80	0	Gaussian	9990000000.000000	9990000000.000000
546	1	1055.927753	1233.867403	     -1.00	   3372.10	    860.07	      1.71	      1.39	     29.90	     24.30	-40.40	 3.141e+01	     -8.80	0	Gaussian	9990000000.000000	9990000000.000000
547	1	1049.477229	1118.792713	     -1.00	   4832.21	   3273.21	      2.05	      1.28	     35.83	     22.35	40.47	 2.132e+01	     -8.80	0	Gaussian	9990000000.000000	9990000000.000000
548	1	1051.659029	1101.522487	     -1.00	   1869.02	   1223.81	      1.97	      1.34	     34.53	     23.51	43.82	 2.678e+01	     -8.80	0	Gaussian	9990000000.000000	9990000000.000000
549	1	1051.167978	780.469326	     -1.00	   4897.48	    814.84	      2.18	      1.71	     38.23	     29.96	-23.69	 2.416e+01	     -8.80	0	Gaussian	9990000000.000000	9990000000.000000
550	1	1042.299972	737.474809	     -1.00	   5737.00	   2192.62	      2.66	      1.49	     46.50	     26.05	14.23	 3.007e+01	     -8.80	0	Gaussian	9990000000.000000	9990000000.000000
551	1	1050.993268	716.162232	     -1.00	   1580.26	    939.74	      2.28	      1.78	     39.98	     31.08	23.22	 2.801e+01	     -8.79	0	Gaussian	9990000000.000000	9990000000.000000
552	1	1047.973365	798.878728	     -1.00	   5561.29	   1455.41	      2.35	      1.54	     41.20	     27.00	0.41	 2.331e+01	     -8.79	0	Gaussian	9990000000.000000	9990000000.000000
553	1	1064.357836	848.270005	     -1.00	   2967.76	    127.20	      2.20	      1.55	     38.59	     27.14	78.15	 8.259e+01	     -8.79	0	Gaussian	9990000000.000000	9990000000.000000
554	1	1056.454866	1018.780745	     -1.00	   3260.57	   1869.00	      1.69	      1.69	     29.52	     29.52	87.14	 3.586e+01	     -8.79	0	Gaussian	9990000000.000000	9990000000.000000
555	1	1045.737356	872.233880	     -1.00	    989.71	   2928.36	      2.12	      1.56	     37.09	     27.29	-31.92	 2.232e+01	     -8.78	0	Gaussian	9990000000.000000	9990000000.000000
556	1	1046.248624	723.116903	     -1.00	   5290.44	   3170.80	      2.52	      1.58	     44.08	     27.68	12.08	 2.403e+01	     -8.78	0	Gaussian	9990000000.000000	9990000000.000000
557	1	1044.941720	886.945264	     -1.00	   1835.70	   3915.86	      1.99	      1.63	     34.91	     28.46	-62.61	 2.836e+01	     -8.78	0	Gaussian	9990000000.000000	9990000000.000000
558	1	1052.275686	715.480251	     -1.00	   2403.90	    437.74	      2.11	      1.90	     36.98	     33.29	85.17	 1.953e+01	     -8.78	0	Gaussian	9990000000.000000	9990000000.000000
559	1	1037.769993	743.213102	     -1.00	    124.40	   2386.43	      2.35	      1.65	     41.08	     28.84	-3.25	 2.491e+01	     -8.78	0	Gaussian	9990000000.000000	9990000000.000000
560	1	1049.755356	802.462469	     -1.00	   2523.73	   3810.48	      1.89	      1.89	     33.12	     33.12	-13.60	 2.135e+01	     -8.78	0	Gaussian	9990000000.000000	9990000000.000000
561	1	1047.697922	701.516789	     -1.00	   1192.79	   1610.42	      2.37	      1.73	     41.52	     30.22	6.82	 1.970e+01	     -8.78	0	Gaussian	9990000000.000000	9990000000.000000
562	1	1053.072142	866.935268	     -1.00	   2183.64	   2320.29	      2.00	      1.65	     35.04	     28.87	4.02	 2.207e+01	     -8.78	0	Gaussian	9990000000.000000	9990000000.000000
563	1	1045.470496	569.363248	     -1.00	   4764.46	   3766.85	      2.39	      2.10	     41.86	     36.76	43.95	 1.910e+01	     -8.78	0	Gaussian	9990000000.000000	9990000000.000000
564	1	1049.369189	662.778886	     -1.00	   1821.14	    559.59	      2.12	      2.03	     37.03	     35.57	-55.15	 2.128e+01	     -8.77	0	Gaussian	9990000000.000000	9990000000.000000
565	1	1046.804291	856.821886	     -1.00	   5736.83	   1332.81	      1.82	      1.82	     31.91	     31.91	52.04	 2.776e+01	     -8.77	0	Gaussian	9990000000.000000	9990000000.000000
566	1	1041.731496	1310.083081	     -1.00	   1404.29	   3751.75	      1.71	      1.27	     29.93	     22.24	-41.60	 2.373e+01	     -8.77	0	Gaussian	9990000000.000000	9990000000.000000
567	1	1055.184710	713.066890	     -1.00	   2738.52	   2213.54	      2.08	      1.92	     36.32	     33.65	-9.33	 2.609e+01	     -8.77	0	Gaussian	9990000000.000000	9990000000.000000
568	1	1051.731304	1524.322692	     -1.00	   2692.12	   3058.99	      1.67	      1.13	     29.22	     19.71	26.65	 2.804e+01	     -8.77	0	Gaussian	9990000000.000000	9990000000.000000
569	1	1046.952990	614.823549	     -1.00	   1804.88	    718.63	      2.30	      2.01	     40.33	     35.11	35.05	 2.258e+01	     -8.77	0	Gaussian	9990000000.000000	9990000000.000000
570	1	1048.079091	917.794940	     -1.00	   1771.68	    418.62	      1.76	      1.76	     30.79	     30.79	-36.91	 2.906e+01	     -8.77	0	Gaussian	9990000000.000000	9990000000.000000
571	1	1031.957437	727.800230	     -1.00	    257.62	   3564.55	      2.41	      1.62	     42.11	     28.36	-57.02	 2.137e+01	     -8.77	0	Gaussian	9990000000.000000	9990000000.000000
572	1	1051.091955	1078.272012	     -1.00	   3255.98	    663.26	      1.88	      1.40	     32.82	     24.56	57.52	 2.852e+01	     -8.77	0	Gaussian	9990000000.000000	9990000000.000000
573	1	1050.244689	730.919913	     -1.00	   2424.11	    537.80	      2.22	      1.75	     38.83	     30.61	-81.01	 2.122e+01	     -8.77	0	Gaussian	9990000000.000000	9990000000.000000
574	1	1047.504227	663.436464	     -1.00	   5088.40	    830.55	      2.39	      1.79	     41.75	     31.31	2.73	 2.226e+01	     -8.77	0	Gaussian	9990000000.000000	9990000000.000000
575	1	1051.229379	1263.410527	     -1.00	   3071.91	   1006.64	      1.63	      1.37	     28.61	     23.99	54.24	 2.915e+01	     -8.76	0	Gaussian	9990000000.000000	9990000000.000000
576	1	1048.927242	784.370345	     -1.00	   1286.46	   2130.88	      2.17	      1.66	     37.92	     29.07	5.46	 1.960e+01	     -8.76	0	Gaussian	9990000000.000000	9990000000.000000
577	1	1046.894222	845.120771	     -1.00	    919.44	   2054.70	      2.06	      1.61	     36.11	     28.25	-35.97	 1.996e+01	     -8.76	0	Gaussian	9990000000.000000	9990000000.000000
578	1	1047.752780	759.494250	     -1.00	   1202.26	   1332.78	      2.07	      1.79	     36.24	     31.28	22.18	 2.265e+01	     -8.76	0	Gaussian	9990000000.000000	9990000000.000000
579	1	1055.643110	993.202919	     -1.00	   2381.49	   2092.17	      1.80	      1.57	     31.45	     27.54	3.96	 2.363e+01	     -8.76	0	Gaussian	9990000000.000000	9990000000.000000
580	1	1052.287553	890.663219	     -1.00	   1798.99	   1940.39	      1.96	      1.61	     34.26	     28.11	30.19	 2.489e+01	     -8.75	0	Gaussian	9990000000.000000	9990000000.000000
581	1	1050.891630	686.869635	     -1.00	   3158.72	    380.47	      2.20	      1.86	     38.43	     32.49	81.53	 2.359e+01	     -8.75	0	Gaussian	9990000000.000000	9990000000.000000
582	1	1048.860813	907.489667	     -1.00	   1935.54	   1154.70	      1.95	      1.57	     34.20	     27.50	46.82	 2.374e+01	     -8.75	0	Gaussian	9990000000.000000	9990000000.000000
583	1	1043.123901	819.100013	     -1.00	   1103.79	    571.15	      1.90	      1.79	     33.20	     31.31	32.29	 2.351e+01	     -8.75	0	Gaussian	9990000000.000000	9990000000.000000
584	1	1045.597336	763.233009	     -1.00	   4610.54	     71.72	      1.99	      1.81	     34.86	     31.77	-13.51	 1.976e+01	     -8.74	0	Gaussian	9990000000.000000	9990000000.000000
585	1	1050.954578	839.262874	     -1.00	   4657.73	   1123.07	      2.19	      1.50	     38.36	     26.20	1.22	 2.109e+01	     -8.73	0	Gaussian	9990000000.000000	9990000000.000000
586	1	1052.935627	823.443438	     -1.00	   4666.05	   2651.66	      1.92	      1.73	     33.68	     30.31	82.61	 2.574e+01	     -8.73	0	Gaussian	9990000000.000000	9990000000.000000
587	1	1049.547255	708.662939	     -1.00	   1493.08	   2277.68	      2.13	      1.82	     37.20	     31.84	6.53	 2.326e+01	     -8.73	0	Gaussian	9990000000.000000	9990000000.000000
588	1	1055.375970	953.848798	     -1.00	   1880.20	    929.99	      1.86	      1.54	     32.51	     27.02	-40.96	 2.632e+01	     -8.73	0	Gaussian	9990000000.000000	9990000000.000000
589	1	1045.514503	659.931250	     -1.00	    528.77	   1626.72	      2.46	      1.68	     43.12	     29.40	6.01	 2.288e+01	     -8.73	0	Gaussian	9990000000.000000	9990000000.000000
590	1	1056.966818	792.569063	     -1.00	   2269.13	   1727.34	      2.10	      1.64	     36.69	     28.73	-11.37	 3.206e+01	     -8.73	0	Gaussian	9990000000.000000	9990000000.000000
591	1	1049.653215	706.047184	     -1.00	   4668.69	   1068.18	      2.03	      1.90	     35.52	     33.24	-9.11	 2.571e+01	     -8.72	0	Gaussian	9990000000.000000	9990000000.000000
592	1	1052.063803	826.047462	     -1.00	   4001.41	   2733.80	      1.88	      1.75	     32.97	     30.55	17.07	 3.104e+01	     -8.72	0	Gaussian	9990000000.000000	9990000000.000000
593	1	1052.909097	1011.301970	     -1.00	   4473.00	   2711.19	      1.77	      1.51	     31.04	     26.50	-30.58	 2.976e+01	     -8.72	0	Gaussian	9990000000.000000	9990000000.000000
594	1	1051.733434	945.664996	     -1.00	   2347.20	   1787.09	      1.69	      1.69	     29.62	     29.62	12.54	 3.212e+01	     -8.72	0	Gaussian	9990000000.000000	9990000000.000000
595	1	1045.542570	858.522080	     -1.00	   5119.28	    476.23	      1.89	      1.66	     33.15	     29.05	13.21	 1.940e+01	     -8.71	0	Gaussian	9990000000.000000	9990000000.000000
596	1	1044.715471	842.384199	     -1.00	   1158.17	   3578.13	      2.06	      1.55	     36.07	     27.20	-33.73	 2.437e+01	     -8.71	0	Gaussian	9990000000.000000	9990000000.000000
597	1	1053.971428	798.321421	     -1.00	   2550.83	   2128.81	      2.03	      1.66	     35.57	     29.06	-27.23	 2.679e+01	     -8.71	0	Gaussian	9990000000.000000	9990000000.000000
598	1	1051.473892	970.571318	     -1.00	   1559.46	   2113.03	      2.02	      1.38	     35.31	     24.12	-5.17	 2.934e+01	     -8.71	0	Gaussian	9990000000.000000	9990000000.000000
599	1	1052.525335	944.663609	     -1.00	   2316.53	    747.91	      1.87	      1.52	     32.77	     26.58	27.31	 2.513e+01	     -8.71	0	Gaussian	9990000000.000000	9990000000.000000
600	1	1042.947937	829.018008	     -1.00	    689.39	   1454.79	      1.89	      1.72	     33.01	     30.04	-4.39	 2.069e+01	     -8.71	0	Gaussian	9990000000.000000	9990000000.000000
601	1	1055.081864	792.990392	     -1.00	   4502.02	   1297.44	      1.96	      1.72	     34.35	     30.13	-4.20	 2.727e+01	     -8.71	0	Gaussian	9990000000.000000	9990000000.000000
602	1	1053.346041	856.544304	     -1.00	   2639.06	   2609.38	      2.01	      1.55	     35.16	     27.06	-24.22	 3.053e+01	     -8.70	0	Gaussian	9990000000.000000	9990000000.000000
603	1	1051.293576	759.019889	     -1.00	   4165.68	   3063.77	      1.92	      1.82	     33.65	     31.88	2.87	 2.609e+01	     -8.70	0	Gaussian	9990000000.000000	9990000000.000000
604	1	1046.440465	827.457664	     -1.00	   1588.44	    433.30	      2.20	      1.46	     38.53	     25.49	46.57	 2.505e+01	     -8.69	0	Gaussian	9990000000.000000	9990000000.000000
605	1	1052.507222	690.681958	     -1.00	   2859.55	   1025.51	      2.09	      1.84	     36.54	     32.17	14.32	 2.590e+01	     -8.69	0	Gaussian	9990000000.000000	9990000000.000000
606	1	1044.581556	907.133965	     -1.00	   5585.72	   3562.87	      2.08	      1.40	     36.38	     24.59	33.20	 2.321e+01	     -8.69	0	Gaussian	9990000000.000000	9990000000.000000
607	1	1044.426457	929.260400	     -1.00	   1312.95	    451.87	      1.94	      1.46	     33.97	     25.59	41.70	 2.178e+01	     -8.69	0	Gaussian	9990000000.000000	9990000000.000000
608	1	1041.467286	745.549952	     -1.00	    719.50	    460.27	      1.92	      1.84	     33.55	     32.23	83.14	 2.063e+01	     -8.69	0	Gaussian	9990000000.000000	9990000000.000000
609	1	1052.739835	674.176055	     -1.00	   2612.87	    440.47	      2.25	      1.73	     39.32	     30.32	72.04	 3.155e+01	     -8.68	0	Gaussian	9990000000.000000	9990000000.000000
610	1	1051.116640	743.472347	     -1.00	   3777.43	   1076.62	      1.96	      1.80	     34.26	     31.54	57.11	 2.773e+01	     -8.68	0	Gaussian	9990000000.000000	9990000000.000000
611	1	1050.173846	960.674124	     -1.00	   4852.85	   3800.10	      1.97	      1.38	     34.52	     24.13	32.51	 2.837e+01	     -8.68	0	Gaussian	9990000000.000000	9990000000.000000
612	1	1056.626366	706.482296	     -1.00	   2470.67	   1430.96	      1.98	      1.86	     34.73	     32.60	-22.15	 2.566e+01	     -8.68	0	Gaussian	9990000000.000000	9990000000.000000
613	1	1052.335891	672.792495	     -1.00	   1406.81	   1684.55	      2.24	      1.73	     39.16	     30.36	7.63	 2.340e+01	     -8.68	0	Gaussian	9990000000.000000	9990000000.000000
614	1	1048.364197	757.465662	     -1.00	   4573.63	   2826.81	      2.13	      1.61	     37.32	     28.21	45.90	 2.183e+01	     -8.67	0	Gaussian	9990000000.000000	9990000000.000000
615	1	1055.406621	911.949304	     -1.00	   2941.06	   2814.36	      1.80	      1.59	     31.48	     27.76	42.74	 2.575e+01	     -8.67	0	Gaussian	9990000000.000000	9990000000.000000
616	1	1043.603068	1061.521815	     -1.00	   1030.81	    259.15	      1.85	      1.33	     32.32	     23.24	-42.81	 2.461e+01	     -8.67	0	Gaussian	9990000000.000000	9990000000.000000
617	1	1056.950888	706.955489	     -1.00	   3135.55	   1531.79	      2.11	      1.72	     36.98	     30.14	-8.13	 2.857e+01	     -8.66	0	Gaussian	9990000000.000000	9990000000.000000
618	1	1052.535971	1255.859615	     -1.00	   3575.99	    938.27	      1.73	      1.19	     30.34	     20.80	-72.45	 2.684e+01	     -8.66	0	Gaussian	9990000000.000000	9990000000.000000
619	1	1047.367097	639.660500	     -1.00	   5058.34	   1130.18	      2.18	      1.84	     38.15	     32.17	-20.34	 2.511e+01	     -8.66	0	Gaussian	9990000000.000000	9990000000.000000
620	1	1048.626288	794.074989	     -1.00	   5216.30	    874.92	      2.14	      1.50	     37.41	     26.33	2.08	 2.036e+01	     -8.65	0	Gaussian	9990000000.000000	9990000000.000000
621	1	1047.987799	782.471518	     -1.00	   1645.48	   1322.29	      2.04	      1.60	     35.74	     27.93	41.85	 2.188e+01	     -8.65	0	Gaussian	9990000000.000000	9990000000.000000
622	1	1041.419686	920.139488	     -1.00	    715.95	    390.21	      1.66	      1.66	     29.13	     29.13	76.27	 2.476e+01	     -8.65	0	Gaussian	9990000000.000000	9990000000.000000
623	1	1056.550462	731.455966	     -1.00	   2690.64	   1188.05	      1.97	      1.77	     34.49	     30.93	31.19	 2.589e+01	     -8.65	0	Gaussian	9990000000.000000	9990000000.000000
624	1	1054.010476	865.884385	     -1.00	   3020.89	   1820.25	      1.98	      1.49	     34.64	     26.01	15.95	 3.106e+01	     -8.65	0	Gaussian	9990000000.000000	9990000000.000000
625	1	1051.374707	752.243928	     -1.00	   4384.31	    401.78	      2.25	      1.50	     39.35	     26.31	-37.94	 1.967e+01	     -8.65	0	Gaussian	9990000000.000000	9990000000.000000
626	1	1051.410963	684.063474	     -1.00	   1444.94	    520.19	      1.93	      1.93	     33.74	     33.74	-66.20	 2.293e+01	     -8.65	0	Gaussian	9990000000.000000	9990000000.000000
627	1	1049.992970	617.195721	     -1.00	   3098.68	    609.48	      2.11	      1.95	     36.89	     34.12	35.95	 2.256e+01	     -8.65	0	Gaussian	9990000000.000000	9990000000.000000
628	1	1051.590766	845.519975	     -1.00	   1884.04	   2069.34	      1.73	      1.73	     30.28	     30.28	-23.23	 2.334e+01	     -8.64	0	Gaussian	9990000000.000000	9990000000.000000
629	1	1049.965097	662.812007	     -1.00	   3613.59	    534.71	      1.98	      1.93	     34.58	     33.81	88.00	 2.254e+01	     -8.64	0	Gaussian	9990000000.000000	9990000000.000000
630	1	1056.736702	958.263658	     -1.00	   2285.80	   1528.66	      1.79	      1.48	     31.28	     25.84	40.18	 2.646e+01	     -8.64	0	Gaussian	9990000000.000000	9990000000.000000
631	1	1053.369291	853.705859	     -1.00	   4383.27	    708.69	      2.06	      1.44	     36.04	     25.15	-40.70	 2.199e+01	     -8.64	0	Gaussian	9990000000.000000	9990000000.000000
632	1	1049.137268	953.797018	     -1.00	   1626.96	    275.92	      1.94	      1.37	     33.89	     23.91	39.37	 2.264e+01	     -8.64	0	Gaussian	9990000000.000000	9990000000.000000
633	1	1050.404536	628.747244	     -1.00	   2201.71	    883.74	      2.32	      1.73	     40.57	     30.29	1.84	 2.247e+01	     -8.64	0	Gaussian	9990000000.000000	9990000000.000000
634	1	1029.057533	607.967202	     -1.00	    104.48	   3628.26	      2.20	      1.89	     38.47	     33.00	-30.63	 2.063e+01	     -8.64	0	Gaussian	9990000000.000000	9990000000.000000
635	1	1054.551488	864.323538	     -1.00	   1917.09	    737.98	      1.92	      1.52	     33.55	     26.58	50.75	 2.541e+01	     -8.64	0	Gaussian	9990000000.000000	9990000000.000000
636	1	1052.217917	612.661216	     -1.00	   4908.63	    703.55	      2.03	      2.03	     35.45	     35.45	32.85	 2.531e+01	     -8.64	0	Gaussian	9990000000.000000	9990000000.000000
637	1	1046.884844	851.325060	     -1.00	   2771.54	   3986.83	      1.72	      1.72	     30.02	     30.02	-9.96	 2.239e+01	     -8.63	0	Gaussian	9990000000.000000	9990000000.000000
638	1	1052.711017	958.831159	     -1.00	   4534.19	   3061.31	      1.97	      1.32	     34.48	     23.17	48.88	 2.068e+01	     -8.63	0	Gaussian	9990000000.000000	9990000000.000000
639	1	1043.895273	576.412100	     -1.00	   5390.27	    750.45	      2.27	      1.91	     39.67	     33.48	4.79	 2.362e+01	     -8.63	0	Gaussian	9990000000.000000	9990000000.000000
640	1	1029.261372	799.300332	     -1.00	    275.31	    190.30	      1.98	      1.57	     34.63	     27.57	10.41	 1.987e+01	     -8.63	0	Gaussian	9990000000.000000	9990000000.000000
641	1	1048.323502	702.724390	     -1.00	   5185.78	   2789.86	      2.47	      1.43	     43.27	     25.08	7.54	 2.225e+01	     -8.63	0	Gaussian	9990000000.000000	9990000000.000000
642	1	1053.625574	982.903378	     -1.00	   2042.16	   1449.26	      1.83	      1.38	     32.03	     24.19	43.48	 2.238e+01	     -8.62	0	Gaussian	9990000000.000000	9990000000.000000
643	1	1056.127926	1076.328478	     -1.00	   3237.44	    766.89	      1.76	      1.32	     30.75	     23.07	7.04	 2.527e+01	     -8.62	0	Gaussian	9990000000.000000	9990000000.000000
644	1	1045.644261	695.045658	     -1.00	   4626.55	   3669.56	      2.44	      1.47	     42.66	     25.65	37.21	 1.976e+01	     -8.62	0	Gaussian	9990000000.000000	9990000000.000000
645	1	1048.679858	617.997796	     -1.00	   1114.91	   1745.71	      2.28	      1.76	     39.96	     30.77	11.77	 1.844e+01	     -8.62	0	Gaussian	9990000000.000000	9990000000.000000
646	1	1050.780853	1007.712381	     -1.00	   3240.79	    849.18	      1.80	      1.37	     31.47	     23.89	-36.50	 2.269e+01	     -8.62	0	Gaussian	9990000000.000000	9990000000.000000
647	1	1049.452914	733.178035	     -1.00	   2358.71	    451.62	      2.21	      1.52	     38.65	     26.67	52.49	 1.907e+01	     -8.62	0	Gaussian	9990000000.000000	9990000000.000000
648	1	1053.989501	683.229745	     -1.00	   2238.22	   1202.00	      1.94	      1.86	     33.95	     32.56	1.32	 2.412e+01	     -8.62	0	Gaussian	9990000000.000000	9990000000.000000
649	1	1050.143965	955.772897	     -1.00	   3061.28	   3146.65	      1.77	      1.46	     31.00	     25.48	-45.76	 2.473e+01	     -8.62	0	Gaussian	9990000000.000000	9990000000.000000
650	1	1058.047673	976.929232	     -1.00	   2980.77	   2057.62	      1.75	      1.44	     30.61	     25.24	40.60	 2.539e+01	     -8.61	0	Gaussian	9990000000.000000	9990000000.000000
651	1	1048.338151	835.155803	     -1.00	   1735.47	   2462.19	      1.93	      1.53	     33.84	     26.72	2.97	 2.033e+01	     -8.61	0	Gaussian	9990000000.000000	9990000000.000000
652	1	1045.076062	554.790128	     -1.00	   5117.85	   3569.74	      2.11	      2.11	     36.88	     36.88	51.04	 1.989e+01	     -8.61	0	Gaussian	9990000000.000000	9990000000.000000
653	1	1063.650835	681.493974	     -1.00	   2843.64	    937.47	      1.94	      1.86	     33.98	     32.54	23.61	 6.435e+01	     -8.61	0	Gaussian	9990000000.000000	9990000000.000000
654	1	1058.875476	828.030253	     -1.00	   2827.31	   1604.42	      1.85	      1.60	     32.46	     27.99	47.18	 3.125e+01	     -8.61	0	Gaussian	9990000000.000000	9990000000.000000
655	1	1045.536803	553.399153	     -1.00	    836.80	   1967.32	      2.33	      1.90	     40.77	     33.31	15.40	 1.997e+01	     -8.61	0	Gaussian	9990000000.000000	9990000000.000000
656	1	1049.861979	803.311246	     -1.00	   3969.24	    688.49	      1.75	      1.75	     30.57	     30.57	6.74	 2.220e+01	     -8.61	0	Gaussian	9990000000.000000	9990000000.000000
657	1	1051.241819	1035.152351	     -1.00	   3435.14	    376.88	      1.73	      1.36	     30.20	     23.88	-63.24	 2.465e+01	     -8.60	0	Gaussian	9990000000.000000	9990000000.000000
658	1	1057.888186	1149.331750	     -1.00	   2882.19	   1684.90	      1.92	      1.11	     33.60	     19.50	14.37	 3.050e+01	     -8.60	0	Gaussian	9990000000.000000	9990000000.000000
659	1	1047.823479	641.525878	     -1.00	   1440.58	    601.48	      2.31	      1.63	     40.52	     28.60	42.65	 1.948e+01	     -8.60	0	Gaussian	9990000000.000000	9990000000.000000
660	1	1052.152390	908.147915	     -1.00	   4726.71	   2100.99	      1.82	      1.46	     31.89	     25.64	-12.90	 2.643e+01	     -8.60	0	Gaussian	9990000000.000000	9990000000.000000
661	1	1054.798573	610.501143	     -1.00	   2523.59	    124.58	      2.29	      1.72	     40.02	     30.15	55.16	 3.215e+01	     -8.59	0	Gaussian	9990000000.000000	9990000000.000000
662	1	1054.333450	612.500764	     -1.00	   1843.23	    675.15	      2.20	      1.78	     38.52	     31.14	-14.67	 2.382e+01	     -8.59	0	Gaussian	9990000000.000000	9990000000.000000
663	1	1038.623297	729.342466	     -1.00	   5999.97	   1155.47	      2.22	      1.47	     38.90	     25.80	10.74	 2.761e+01	     -8.58	0	Gaussian	9990000000.000000	9990000000.000000
664	1	1051.400058	551.104168	     -1.00	   2326.55	    423.96	      2.51	      1.73	     43.91	     30.22	70.82	 2.758e+01	     -8.58	0	Gaussian	9990000000.000000	9990000000.000000
665	1	1047.345243	661.700789	     -1.00	   2011.97	   3413.44	      2.06	      1.75	     36.00	     30.68	-50.21	 2.106e+01	     -8.58	0	Gaussian	9990000000.000000	9990000000.000000
666	1	1050.714587	836.809596	     -1.00	   2671.33	   3898.69	      1.87	      1.52	     32.71	     26.64	-44.46	 2.006e+01	     -8.58	0	Gaussian	9990000000.000000	9990000000.000000
667	1	1049.478025	617.242859	     -1.00	   1593.91	   1360.79	      2.08	      1.85	     36.40	     32.37	81.24	 2.064e+01	     -8.57	0	Gaussian	9990000000.000000	9990000000.000000
668	1	1045.133191	655.902400	     -1.00	    953.74	   3449.83	      2.04	      1.77	     35.78	     30.96	-35.10	 2.885e+01	     -8.57	0	Gaussian	9990000000.000000	9990000000.000000
669	1	1050.195718	640.429071	     -1.00	   3225.53	    523.17	      1.92	      1.92	     33.61	     33.61	4.02	 2.397e+01	     -8.57	0	Gaussian	9990000000.000000	9990000000.000000
670	1	1055.494463	667.417886	     -1.00	   2905.70	   2021.59	      2.08	      1.70	     36.45	     29.74	-4.04	 2.441e+01	     -8.57	0	Gaussian	9990000000.000000	9990000000.000000
671	1	1050.662360	591.649394	     -1.00	   4968.37	   1382.33	      2.29	      1.74	     40.05	     30.53	-7.24	 2.175e+01	     -8.57	0	Gaussian	9990000000.000000	9990000000.000000
672	1	1052.228528	785.258117	     -1.00	   4992.35	   1298.15	      2.36	      1.28	     41.37	     22.34	-0.54	 2.168e+01	     -8.57	0	Gaussian	9990000000.000000	9990000000.000000
673	1	1052.566966	1062.825873	     -1.00	   2527.87	   3534.27	      1.61	      1.38	     28.12	     24.12	-47.85	 2.413e+01	     -8.56	0	Gaussian	9990000000.000000	9990000000.000000
674	1	1052.244021	650.086028	     -1.00	   3945.83	   1391.44	      2.06	      1.75	     36.05	     30.68	45.00	 2.529e+01	     -8.56	0	Gaussian	9990000000.000000	9990000000.000000
675	1	1061.105533	681.085543	     -1.00	   2723.32	    481.09	      2.04	      1.69	     35.65	     29.58	-79.31	 5.407e+01	     -8.56	0	Gaussian	9990000000.000000	9990000000.000000
676	1	1057.200978	950.759017	     -1.00	   2681.97	    815.94	      1.79	      1.38	     31.33	     24.10	-14.61	 2.333e+01	     -8.56	0	Gaussian	9990000000.000000	9990000000.000000
677	1	1055.905837	709.737044	     -1.00	   2960.53	   1077.26	      2.07	      1.59	     36.23	     27.87	29.18	 2.323e+01	     -8.56	0	Gaussian	9990000000.000000	9990000000.000000
678	1	1066.303829	851.819402	     -1.00	   2621.58	   1224.84	      1.80	      1.52	     31.58	     26.60	16.95	 5.360e+01	     -8.56	0	Gaussian	9990000000.000000	9990000000.000000
679	1	1054.659207	712.405387	     -1.00	   1959.74	   1343.17	      1.81	      1.81	     31.67	     31.67	-69.45	 2.462e+01	     -8.56	0	Gaussian	9990000000.000000	9990000000.000000
680	1	1052.292393	846.683083	     -1.00	   1735.15	   2442.75	      1.92	      1.44	     33.52	     25.17	-42.69	 1.947e+01	     -8.55	0	Gaussian	9990000000.000000	9990000000.000000
681	1	1050.640129	657.584435	     -1.00	   1639.77	   2011.07	      1.95	      1.81	     34.14	     31.76	29.51	 2.170e+01	     -8.55	0	Gaussian	9990000000.000000	9990000000.000000
682	1	1050.440094	1039.690837	     -1.00	   1822.35	   3653.84	      1.74	      1.29	     30.43	     22.54	-36.03	 2.493e+01	     -8.55	0	Gaussian	9990000000.000000	9990000000.000000
683	1	1044.670978	568.237938	     -1.00	   5153.02	   3330.44	      2.23	      1.84	     39.03	     32.12	34.16	 2.156e+01	     -8.55	0	Gaussian	9990000000.000000	9990000000.000000
684	1	1048.502990	973.641680	     -1.00	   1255.27	   2814.71	      1.82	      1.31	     31.91	     22.93	-44.98	 2.022e+01	     -8.55	0	Gaussian	9990000000.000000	9990000000.000000
685	1	1045.992046	622.729441	     -1.00	    996.09	   1064.17	      2.06	      1.81	     35.99	     31.75	-31.15	 2.127e+01	     -8.55	0	Gaussian	9990000000.000000	9990000000.000000
686	1	1056.616614	749.667641	     -1.00	   2631.48	   1479.04	      1.84	      1.68	     32.16	     29.45	-65.80	 2.875e+01	     -8.55	0	Gaussian	9990000000.000000	9990000000.000000
687	1	1045.104437	1044.231336	     -1.00	   1272.61	   3817.13	      1.65	      1.34	     28.94	     23.51	-19.34	 2.508e+01	     -8.55	0	Gaussian	9990000000.000000	9990000000.000000
688	1	1052.835706	637.684684	     -1.00	   3117.38	   1162.54	      1.91	      1.91	     33.35	     33.35	-3.34	 2.689e+01	     -8.55	0	Gaussian	9990000000.000000	9990000000.000000
689	1	1055.647543	721.088209	     -1.00	   2293.82	   1282.00	      1.79	      1.79	     31.35	     31.35	70.32	 2.307e+01	     -8.55	0	Gaussian	9990000000.000000	9990000000.000000
690	1	1048.152607	695.382350	     -1.00	   4422.46	   3427.41	      1.82	      1.82	     31.92	     31.92	-69.01	 2.437e+01	     -8.55	0	Gaussian	9990000000.000000	9990000000.000000
691	1	1048.392051	562.135907	     -1.00	   2209.49	     19.72	      2.37	      1.73	     41.49	     30.36	76.44	 2.076e+01	     -8.55	0	Gaussian	9990000000.000000	9990000000.000000
692	1	1056.415567	608.535072	     -1.00	   5177.63	   3397.24	      2.20	      1.72	     38.53	     30.19	15.87	 3.812e+01	     -8.54	0	Gaussian	9990000000.000000	9990000000.000000
693	1	1048.699103	572.865760	     -1.00	   4275.33	   1047.64	      2.07	      1.95	     36.26	     34.04	12.10	 2.260e+01	     -8.54	0	Gaussian	9990000000.000000	9990000000.000000
694	1	1045.460257	832.527509	     -1.00	    606.41	   2243.14	      1.82	      1.52	     31.92	     26.53	35.33	 2.421e+01	     -8.54	0	Gaussian	9990000000.000000	9990000000.000000
695	1	1048.882422	608.357381	     -1.00	   2461.23	    134.98	      2.17	      1.74	     38.04	     30.40	79.64	 2.081e+01	     -8.54	0	Gaussian	9990000000.000000	9990000000.000000
696	1	1049.005888	849.041353	     -1.00	   5137.25	   2530.24	      2.04	      1.33	     35.63	     23.23	33.51	 2.011e+01	     -8.54	0	Gaussian	9990000000.000000	9990000000.000000
697	1	1046.923002	616.299702	     -1.00	   2863.26	    241.68	      2.14	      1.73	     37.51	     30.34	79.82	 2.359e+01	     -8.54	0	Gaussian	9990000000.000000	9990000000.000000
698	1	1051.351900	602.327061	     -1.00	   1711.46	   3161.91	      2.18	      1.74	     38.07	     30.54	10.84	 2.295e+01	     -8.53	0	Gaussian	9990000000.000000	9990000000.000000
699	1	1041.289018	815.279378	     -1.00	   1058.30	    101.31	      1.92	      1.46	     33.63	     25.50	36.38	 1.855e+01	     -8.53	0	Gaussian	9990000000.000000	9990000000.000000
700	1	1049.852122	612.926483	     -1.00	   3049.87	   3634.40	      2.25	      1.64	     39.32	     28.79	15.36	 2.529e+01	     -8.52	0	Gaussian	9990000000.000000	9990000000.000000
701	1	1050.231728	549.891935	     -1.00	   3255.72	   3715.41	      2.03	      2.03	     35.50	     35.50	-38.85	 2.123e+01	     -8.52	0	Gaussian	9990000000.000000	9990000000.000000
702	1	1059.351543	622.880921	     -1.00	   2564.00	    405.56	      2.04	      1.78	     35.74	     31.11	75.92	 2.727e+01	     -8.52	0	Gaussian	9990000000.000000	9990000000.000000
703	1	1054.376802	447.250993	     -1.00	   2203.25	      6.04	      2.58	      1.96	     45.15	     34.30	51.77	 1.593e+01	     -8.52	0	Gaussian	9990000000.000000	9990000000.000000
704	1	1050.812462	699.250835	     -1.00	   4469.03	   1337.39	      1.95	      1.66	     34.08	     29.05	-45.02	 2.373e+01	     -8.52	0	Gaussian	9990000000.000000	9990000000.000000
705	1	1043.901804	620.277233	     -1.00	   1244.44	    299.50	      2.12	      1.71	     37.18	     29.99	43.63	 1.996e+01	     -8.52	0	Gaussian	9990000000.000000	9990000000.000000
706	1	1049.909794	597.488347	     -1.00	   1690.44	   1794.30	      2.14	      1.76	     37.43	     30.89	-1.32	 2.340e+01	     -8.52	0	Gaussian	9990000000.000000	9990000000.000000
707	1	1052.577109	784.541440	     -1.00	   4689.17	   3074.35	      2.08	      1.38	     36.47	     24.11	37.52	 2.103e+01	     -8.52	0	Gaussian	9990000000.000000	9990000000.000000
708	1	1049.226020	493.674803	     -1.00	   1537.52	   1317.31	      2.40	      1.89	     42.09	     33.15	78.11	 2.294e+01	     -8.52	0	Gaussian	9990000000.000000	9990000000.000000
709	1	1045.652931	796.002037	     -1.00	    914.17	   1467.33	      1.92	      1.47	     33.65	     25.70	18.63	 2.022e+01	     -8.51	0	Gaussian	9990000000.000000	9990000000.000000
710	1	1050.307735	619.065425	     -1.00	   3100.59	   1120.19	      2.11	      1.72	     36.93	     30.08	-84.54	 2.732e+01	     -8.51	0	Gaussian	9990000000.000000	9990000000.000000
711	1	1054.886572	709.278991	     -1.00	   2653.25	   3560.44	      1.82	      1.74	     31.79	     30.50	-48.65	 2.982e+01	     -8.51	0	Gaussian	9990000000.000000	9990000000.000000
712	1	1051.949712	571.185062	     -1.00	   3065.65	    759.85	      2.21	      1.77	     38.76	     31.02	20.09	 2.296e+01	     -8.51	0	Gaussian	9990000000.000000	9990000000.000000
713	1	1050.490832	462.077411	     -1.00	   1962.54	    683.64	      2.34	      2.07	     41.03	     36.20	51.07	 1.941e+01	     -8.51	0	Gaussian	9990000000.000000	9990000000.000000
714	1	1043.294398	749.775486	     -1.00	    690.93	   3377.35	      1.97	      1.51	     34.53	     26.50	-35.91	 2.199e+01	     -8.51	0	Gaussian	9990000000.000000	9990000000.000000
715	1	1051.432248	787.095905	     -1.00	   2868.63	    705.83	      2.00	      1.42	     34.95	     24.89	48.04	 2.418e+01	     -8.51	0	Gaussian	9990000000.000000	9990000000.000000
716	1	1053.227001	881.346367	     -1.00	   3950.61	   1087.95	      1.80	      1.41	     31.49	     24.65	30.89	 2.770e+01	     -8.51	0	Gaussian	9990000000.000000	9990000000.000000
717	1	1051.763176	721.138786	     -1.00	   3810.48	   1334.07	      1.88	      1.64	     32.92	     28.76	16.40	 2.488e+01	     -8.51	0	Gaussian	9990000000.000000	9990000000.000000
718	1	1050.870996	691.721953	     -1.00	   2036.53	    551.31	      1.94	      1.66	     33.87	     29.14	46.78	 2.114e+01	     -8.51	0	Gaussian	9990000000.000000	9990000000.000000
719	1	1048.431969	927.766928	     -1.00	   2067.24	   3085.95	      1.84	      1.31	     32.16	     22.89	28.41	 2.837e+01	     -8.51	0	Gaussian	9990000000.000000	9990000000.000000
720	1	1054.768808	754.074276	     -1.00	   3512.88	   2730.26	      1.96	      1.51	     34.27	     26.35	26.89	 2.821e+01	     -8.50	0	Gaussian	9990000000.000000	9990000000.000000
721	1	1051.064411	524.001132	     -1.00	   2101.66	    337.43	      2.50	      1.70	     43.75	     29.68	73.94	 2.036e+01	     -8.50	0	Gaussian	9990000000.000000	9990000000.000000
722	1	1044.411794	650.903150	     -1.00	   1441.57	   3292.16	      1.93	      1.77	     33.78	     30.91	-10.01	 1.891e+01	     -8.50	0	Gaussian	9990000000.000000	9990000000.000000
723	1	1054.032089	851.380274	     -1.00	   3820.29	   2794.89	      1.91	      1.36	     33.50	     23.84	19.91	 2.753e+01	     -8.50	0	Gaussian	9990000000.000000	9990000000.000000
724	1	1049.730563	744.839914	     -1.00	   4732.96	   1226.20	      1.98	      1.50	     34.71	     26.23	12.07	 2.041e+01	     -8.50	0	Gaussian	9990000000.000000	9990000000.000000
725	1	1052.593295	499.174393	     -1.00	   3702.66	    660.39	      2.29	      1.94	     40.04	     33.90	80.13	 2.344e+01	     -8.50	0	Gaussian	9990000000.000000	9990000000.000000
726	1	1047.729774	503.374181	     -1.00	   1437.48	    960.57	      2.64	      1.66	     46.18	     29.11	40.70	 1.956e+01	     -8.50	0	Gaussian	9990000000.000000	9990000000.000000
727	1	1054.997356	830.054252	     -1.00	   2473.16	    650.18	      1.88	      1.42	     32.89	     24.79	44.51	 2.239e+01	     -8.50	0	Gaussian	9990000000.000000	9990000000.000000
728	1	1050.936316	586.835462	     -1.00	   3055.66	    377.87	      2.08	      1.81	     36.41	     31.60	48.48	 2.876e+01	     -8.49	0	Gaussian	9990000000.000000	9990000000.000000
729	1	1064.924993	627.395716	     -1.00	   2838.27	    930.52	      1.97	      1.78	     34.42	     31.20	-8.71	 6.939e+01	     -8.49	0	Gaussian	9990000000.000000	9990000000.000000
730	1	1048.065331	864.376511	     -1.00	   3293.32	   3880.28	      1.84	      1.38	     32.15	     24.15	52.75	 1.980e+01	     -8.49	0	Gaussian	9990000000.000000	9990000000.000000
731	1	1046.358764	604.507579	     -1.00	   5485.92	   1085.56	      2.17	      1.67	     37.89	     29.28	-3.88	 1.934e+01	     -8.49	0	Gaussian	9990000000.000000	9990000000.000000
732	1	1047.498626	573.482281	     -1.00	   4610.60	    632.23	      2.19	      1.74	     38.25	     30.44	-5.81	 2.134e+01	     -8.48	0	Gaussian	9990000000.000000	9990000000.000000
733	1	1052.679182	514.709668	     -1.00	   3108.69	   3290.37	      2.25	      1.88	     39.44	     32.89	45.81	 2.247e+01	     -8.48	0	Gaussian	9990000000.000000	9990000000.000000
734	1	1049.825029	511.183472	     -1.00	   1282.54	   1572.12	      2.38	      1.79	     41.60	     31.37	0.71	 1.834e+01	     -8.48	0	Gaussian	9990000000.000000	9990000000.000000
735	1	1047.191796	480.888911	     -1.00	   5276.54	   1901.41	      2.54	      1.78	     44.51	     31.16	44.21	 2.100e+01	     -8.48	0	Gaussian	9990000000.000000	9990000000.000000
736	1	1046.086874	624.783613	     -1.00	   4641.20	    329.00	      1.87	      1.87	     32.66	     32.66	44.76	 2.038e+01	     -8.48	0	Gaussian	9990000000.000000	9990000000.000000
737	1	1052.467142	941.968574	     -1.00	   4280.98	   1296.96	      1.80	      1.28	     31.48	     22.48	-31.39	 2.140e+01	     -8.48	0	Gaussian	9990000000.000000	9990000000.000000
738	1	1056.684287	542.877429	     -1.00	   4272.28	   3358.13	      2.09	      1.92	     36.51	     33.56	-59.12	 2.301e+01	     -8.48	0	Gaussian	9990000000.000000	9990000000.000000
739	1	1049.628735	453.020734	     -1.00	   3683.26	     20.45	      2.53	      1.89	     44.27	     33.07	-57.27	 4.051e+01	     -8.47	0	Gaussian	9990000000.000000	9990000000.000000
740	1	1058.775900	1021.681723	     -1.00	   3018.24	   1348.01	      1.70	      1.25	     29.71	     21.87	-24.61	 3.473e+01	     -8.47	0	Gaussian	9990000000.000000	9990000000.000000
741	1	1047.772748	609.243955	     -1.00	   4051.50	    204.46	      2.25	      1.57	     39.40	     27.54	-45.94	 2.022e+01	     -8.47	0	Gaussian	9990000000.000000	9990000000.000000
742	1	1048.569183	668.337786	     -1.00	    806.42	   2217.23	      1.88	      1.71	     32.97	     29.94	31.78	 2.099e+01	     -8.47	0	Gaussian	9990000000.000000	9990000000.000000
743	1	1046.951860	810.733569	     -1.00	   4207.25	   3806.87	      1.74	      1.53	     30.40	     26.73	87.92	 2.251e+01	     -8.47	0	Gaussian	9990000000.000000	9990000000.000000
744	1	1048.780303	472.506429	     -1.00	   2234.41	    358.59	      2.36	      1.92	     41.35	     33.69	-68.51	 2.243e+01	     -8.47	0	Gaussian	9990000000.000000	9990000000.000000
745	1	1051.066829	792.128651	     -1.00	   2130.02	   2374.36	      1.88	      1.44	     32.95	     25.18	-14.68	 2.949e+01	     -8.46	0	Gaussian	9990000000.000000	9990000000.000000
746	1	1047.722205	544.909395	     -1.00	   2039.88	    629.22	      1.98	      1.98	     34.71	     34.71	-7.90	 2.269e+01	     -8.46	0	Gaussian	9990000000.000000	9990000000.000000
747	1	1050.460668	705.765682	     -1.00	   4170.54	   1734.06	      1.92	      1.58	     33.61	     27.64	30.57	 2.511e+01	     -8.46	0	Gaussian	9990000000.000000	9990000000.000000
748	1	1052.105791	608.432551	     -1.00	   2602.67	   3376.88	      2.16	      1.63	     37.77	     28.54	-59.85	 2.749e+01	     -8.46	0	Gaussian	9990000000.000000	9990000000.000000
749	1	1055.577841	698.965188	     -1.00	   2451.69	   2288.35	      1.88	      1.63	     32.95	     28.46	-32.37	 2.102e+01	     -8.46	0	Gaussian	9990000000.000000	9990000000.000000
750	1	1054.097963	697.250532	     -1.00	   2445.83	   2227.21	      1.98	      1.55	     34.66	     27.12	11.49	 2.357e+01	     -8.46	0	Gaussian	9990000000.000000	9990000000.000000
751	1	1054.957283	1376.655321	     -1.00	   2126.08	   3058.97	      1.60	      1.01	     28.04	     17.61	15.47	 2.457e+01	     -8.46	0	Gaussian	9990000000.000000	9990000000.000000
752	1	1039.088309	539.121843	     -1.00	    275.65	   1447.73	      2.39	      1.66	     41.78	     29.08	4.20	 2.030e+01	     -8.46	0	Gaussian	9990000000.000000	9990000000.000000
753	1	1052.692248	905.968343	     -1.00	   4212.26	   1539.31	      1.74	      1.36	     30.41	     23.76	51.60	 2.564e+01	     -8.46	0	Gaussian	9990000000.000000	9990000000.000000
754	1	1047.415274	724.631397	     -1.00	   5316.30	   3121.39	      2.20	      1.34	     38.59	     23.41	43.88	 1.949e+01	     -8.46	0	Gaussian	9990000000.000000	9990000000.000000
755	1	1055.399050	454.680356	     -1.00	   3109.55	   1189.98	      2.84	      1.66	     49.63	     28.99	-58.48	 2.736e+01	     -8.46	0	Gaussian	9990000000.000000	9990000000.000000
756	1	1051.556689	594.616440	     -1.00	   3203.65	   3099.62	      2.04	      1.76	     35.65	     30.82	0.56	 2.527e+01	     -8.46	0	Gaussian	9990000000.000000	9990000000.000000
757	1	1054.949492	673.428330	     -1.00	   1875.19	   1613.00	      1.99	      1.59	     34.89	     27.80	-39.14	 2.362e+01	     -8.46	0	Gaussian	9990000000.000000	9990000000.000000
758	1	1048.802952	684.630542	     -1.00	   1663.64	    834.68	      1.76	      1.76	     30.88	     30.88	-75.54	 2.233e+01	     -8.46	0	Gaussian	9990000000.000000	9990000000.000000
759	1	1052.117238	776.745862	     -1.00	   2920.98	   1061.64	      1.79	      1.53	     31.40	     26.74	40.52	 2.618e+01	     -8.46	0	Gaussian	9990000000.000000	9990000000.000000
760	1	1046.543333	599.198614	     -1.00	   1261.99	    470.78	      2.08	      1.70	     36.35	     29.73	22.68	 2.072e+01	     -8.45	0	Gaussian	9990000000.000000	9990000000.000000
761	1	1043.248634	560.350292	     -1.00	   5726.44	   2382.57	      2.56	      1.48	     44.73	     25.82	14.37	 2.009e+01	     -8.45	0	Gaussian	9990000000.000000	9990000000.000000
762	1	1060.858480	1099.843956	     -1.00	   2570.27	   1675.01	      1.73	      1.12	     30.20	     19.69	20.53	 2.679e+01	     -8.45	0	Gaussian	9990000000.000000	9990000000.000000
763	1	1048.469943	579.074159	     -1.00	   4922.03	   3304.24	      2.17	      1.68	     38.00	     29.36	-32.34	 2.154e+01	     -8.45	0	Gaussian	9990000000.000000	9990000000.000000
764	1	1057.430397	488.375944	     -1.00	   3390.57	   1819.67	      2.73	      1.58	     47.78	     27.65	-21.12	 2.348e+01	     -8.44	0	Gaussian	9990000000.000000	9990000000.000000
765	1	1037.935631	511.433971	     -1.00	    398.29	    546.59	      2.28	      1.81	     39.84	     31.64	-1.54	 2.343e+01	     -8.44	0	Gaussian	9990000000.000000	9990000000.000000
766	1	1050.141982	1053.231992	     -1.00	   2118.92	   3623.26	      1.63	      1.23	     28.57	     21.47	-60.34	 2.589e+01	     -8.44	0	Gaussian	9990000000.000000	9990000000.000000
767	1	1057.089844	1312.308738	     -1.00	   3585.10	   1541.02	      1.45	      1.12	     25.37	     19.53	-42.79	 3.559e+01	     -8.44	0	Gaussian	9990000000.000000	9990000000.000000
768	1	1052.330700	614.013213	     -1.00	   4080.86	   2942.55	      1.98	      1.73	     34.74	     30.20	64.04	 2.609e+01	     -8.44	0	Gaussian	9990000000.000000	9990000000.000000
769	1	1052.469908	562.601190	     -1.00	   4099.82	    849.42	      1.98	      1.88	     34.72	     32.85	-58.82	 2.652e+01	     -8.44	0	Gaussian	9990000000.000000	9990000000.000000
770	1	1048.250751	496.974277	     -1.00	   4849.07	    899.66	      2.48	      1.70	     43.40	     29.74	-19.84	 2.168e+01	     -8.44	0	Gaussian	9990000000.000000	9990000000.000000
771	1	1058.207785	941.130739	     -1.00	   2498.86	   1521.74	      1.49	      1.49	     26.07	     26.07	-79.05	 2.707e+01	     -8.43	0	Gaussian	9990000000.000000	9990000000.000000
772	1	1055.764789	846.719827	     -1.00	   2902.28	   2773.32	      1.80	      1.36	     31.59	     23.86	44.47	 2.379e+01	     -8.43	0	Gaussian	9990000000.000000	9990000000.000000
773	1	1059.392835	769.144909	     -1.00	   2983.36	   2436.70	      1.95	      1.39	     34.05	     24.36	-47.71	 2.859e+01	     -8.43	0	Gaussian	9990000000.000000	9990000000.000000
774	1	1059.598440	708.903799	     -1.00	   3592.64	    213.23	      1.93	      1.52	     33.74	     26.65	-40.30	 4.547e+01	     -8.43	0	Gaussian	9990000000.000000	9990000000.000000
775	1	1046.160595	832.237589	     -1.00	   4663.89	   3864.82	      1.93	      1.29	     33.86	     22.52	47.34	 1.974e+01	     -8.43	0	Gaussian	9990000000.000000	9990000000.000000
776	1	1049.511417	626.016974	     -1.00	   4924.13	   1444.04	      2.21	      1.50	     38.60	     26.23	-1.69	 2.190e+01	     -8.42	0	Gaussian	9990000000.000000	9990000000.000000
777	1	1046.280033	542.059388	     -1.00	   4930.69	    358.40	      2.23	      1.71	     38.99	     29.88	-0.31	 2.102e+01	     -8.42	0	Gaussian	9990000000.000000	9990000000.000000
778	1	1053.355737	568.267907	     -1.00	   4068.22	   2724.43	      2.12	      1.71	     37.14	     29.89	76.67	 2.562e+01	     -8.42	0	Gaussian	9990000000.000000	9990000000.000000
779	1	1053.743086	660.430392	     -1.00	   2201.27	   1377.14	      1.99	      1.56	     34.76	     27.38	-30.96	 2.457e+01	     -8.42	0	Gaussian	9990000000.000000	9990000000.000000
780	1	1046.873932	494.521125	     -1.00	   2053.67	    349.97	      2.13	      1.95	     37.33	     34.05	47.51	 2.062e+01	     -8.42	0	Gaussian	9990000000.000000	9990000000.000000
781	1	1057.339645	1004.975804	     -1.00	   2649.95	   2474.75	      1.59	      1.28	     27.84	     22.45	50.26	 2.493e+01	     -8.41	0	Gaussian	9990000000.000000	9990000000.000000
782	1	1050.723804	478.626747	     -1.00	   3314.37	    260.64	      2.25	      1.90	     39.42	     33.23	-81.26	 2.233e+01	     -8.41	0	Gaussian	9990000000.000000	9990000000.000000
783	1	1055.255669	643.286673	     -1.00	   2954.46	   1751.77	      1.90	      1.67	     33.31	     29.20	-7.19	 2.095e+01	     -8.41	0	Gaussian	9990000000.000000	9990000000.000000
784	1	1049.880996	626.586986	     -1.00	   1835.95	   2291.29	      2.00	      1.63	     35.02	     28.49	10.62	 2.227e+01	     -8.41	0	Gaussian	9990000000.000000	9990000000.000000
785	1	1058.506959	637.746549	     -1.00	   2945.37	   1278.68	      1.88	      1.70	     32.88	     29.80	42.75	 2.484e+01	     -8.41	0	Gaussian	9990000000.000000	9990000000.000000
786	1	1055.367862	696.030680	     -1.00	   3538.60	   2337.69	      1.96	      1.49	     34.31	     26.06	38.36	 2.143e+01	     -8.41	0	Gaussian	9990000000.000000	9990000000.000000
787	1	1050.124802	557.793585	     -1.00	   2774.22	    201.71	      2.16	      1.68	     37.86	     29.48	-82.41	 2.444e+01	     -8.41	0	Gaussian	9990000000.000000	9990000000.000000
788	1	1051.929941	625.370291	     -1.00	   2201.18	   1211.74	      2.01	      1.61	     35.27	     28.17	26.64	 2.406e+01	     -8.40	0	Gaussian	9990000000.000000	9990000000.000000
789	1	1048.286362	513.280270	     -1.00	   1605.08	    608.20	      1.99	      1.99	     34.79	     34.79	-24.09	 2.252e+01	     -8.40	0	Gaussian	9990000000.000000	9990000000.000000
790	1	1060.164692	608.034080	     -1.00	   2461.37	   1005.17	      1.90	      1.76	     33.18	     30.75	-36.13	 4.403e+01	     -8.40	0	Gaussian	9990000000.000000	9990000000.000000
791	1	1055.403998	486.557261	     -1.00	   1750.50	   1240.71	      2.40	      1.73	     42.07	     30.28	15.75	 2.611e+01	     -8.40	0	Gaussian	9990000000.000000	9990000000.000000
792	1	1047.862562	527.933909	     -1.00	   4180.67	     39.60	      2.24	      1.71	     39.22	     29.89	-29.93	 2.046e+01	     -8.40	0	Gaussian	9990000000.000000	9990000000.000000
793	1	1043.181374	810.934280	     -1.00	    977.07	    374.03	      1.84	      1.35	     32.25	     23.66	35.23	 2.057e+01	     -8.40	0	Gaussian	9990000000.000000	9990000000.000000
794	1	1056.321069	470.893573	     -1.00	   4427.41	   2893.38	      2.25	      1.91	     39.30	     33.41	-32.17	 2.465e+01	     -8.40	0	Gaussian	9990000000.000000	9990000000.000000
795	1	1048.888746	560.146806	     -1.00	   1439.07	   1594.71	      2.17	      1.66	     37.91	     29.11	-11.09	 1.967e+01	     -8.40	0	Gaussian	9990000000.000000	9990000000.000000
796	1	1054.268583	709.145355	     -1.00	   3649.05	   1294.62	      1.74	      1.64	     30.37	     28.66	87.18	 2.558e+01	     -8.40	0	Gaussian	9990000000.000000	9990000000.000000
797	1	1046.684194	443.575485	     -1.00	   5511.40	    989.39	      2.36	      1.93	     41.22	     33.72	19.22	 2.036e+01	     -8.39	0	Gaussian	9990000000.000000	9990000000.000000
798	1	1046.282691	452.474454	     -1.00	   1521.65	    247.23	      2.29	      1.94	     40.11	     33.95	30.35	 1.983e+01	     -8.39	0	Gaussian	9990000000.000000	9990000000.000000
799	1	1052.309166	611.036413	     -1.00	   2168.48	   3601.24	      1.96	      1.68	     34.23	     29.46	29.90	 2.061e+01	     -8.39	0	Gaussian	9990000000.000000	9990000000.000000
800	1	1056.378486	558.027489	     -1.00	   2741.45	   1597.30	      2.10	      1.72	     36.70	     30.06	-23.54	 2.461e+01	     -8.39	0	Gaussian	9990000000.000000	9990000000.000000
801	1	1041.793537	810.879939	     -1.00	    741.23	   3476.31	      1.87	      1.32	     32.78	     23.14	38.57	 1.912e+01	     -8.39	0	Gaussian	9990000000.000000	9990000000.000000
802	1	1056.421711	737.758342	     -1.00	   3209.99	   2127.69	      1.84	      1.48	     32.15	     25.94	-62.45	 2.558e+01	     -8.39	0	Gaussian	9990000000.000000	9990000000.000000
803	1	1041.176910	554.607202	     -1.00	    229.63	   1661.44	      2.29	      1.58	     40.06	     27.68	5.61	 2.116e+01	     -8.39	0	Gaussian	9990000000.000000	9990000000.000000
804	1	1058.677253	388.108235	     -1.00	   4635.73	   3170.21	      3.42	      1.51	     59.81	     26.49	41.69	 6.027e+01	     -8.39	0	Gaussian	9990000000.000000	9990000000.000000
805	1	1053.372500	717.267474	     -1.00	   1937.99	   1026.76	      2.00	      1.40	     35.04	     24.46	34.96	 2.419e+01	     -8.39	0	Gaussian	9990000000.000000	9990000000.000000
806	1	1052.085883	580.452728	     -1.00	   2535.77	    570.70	      2.09	      1.65	     36.56	     28.89	52.39	 1.947e+01	     -8.39	0	Gaussian	9990000000.000000	9990000000.000000
807	1	1048.151908	675.678527	     -1.00	   1830.35	   3599.23	      1.83	      1.62	     31.99	     28.30	35.71	 1.985e+01	     -8.39	0	Gaussian	9990000000.000000	9990000000.000000
808	1	1045.381857	431.826205	     -1.00	   1423.64	    555.40	      2.21	      2.08	     38.76	     36.44	-15.04	 1.880e+01	     -8.38	0	Gaussian	9990000000.000000	9990000000.000000
809	1	1052.229369	461.203397	     -1.00	   1609.17	   1104.27	      2.44	      1.77	     42.62	     31.01	-7.44	 1.978e+01	     -8.38	0	Gaussian	9990000000.000000	9990000000.000000
810	1	1054.893097	556.196786	     -1.00	   4128.80	    518.12	      2.02	      1.77	     35.27	     31.04	83.73	 4.622e+01	     -8.38	0	Gaussian	9990000000.000000	9990000000.000000
811	1	1049.422995	500.145596	     -1.00	   5574.27	   1645.29	      2.84	      1.40	     49.63	     24.52	12.64	 1.933e+01	     -8.38	0	Gaussian	9990000000.000000	9990000000.000000
812	1	1050.715123	415.965187	     -1.00	   1874.76	   1708.78	      2.25	      2.12	     39.45	     37.05	2.29	 2.131e+01	     -8.38	0	Gaussian	9990000000.000000	9990000000.000000
813	1	1046.132875	436.152757	     -1.00	   4190.63	   3538.47	      2.24	      2.02	     39.24	     35.43	81.99	 1.905e+01	     -8.38	0	Gaussian	9990000000.000000	9990000000.000000
814	1	1043.323744	458.876431	     -1.00	   1266.56	   3662.27	      2.30	      1.86	     40.31	     32.63	-85.28	 2.283e+01	     -8.37	0	Gaussian	9990000000.000000	9990000000.000000
815	1	1044.945119	450.086306	     -1.00	   1279.64	    512.43	      2.09	      2.09	     36.60	     36.60	0.58	 1.969e+01	     -8.37	0	Gaussian	9990000000.000000	9990000000.000000
816	1	1052.662191	680.792957	     -1.00	   2632.31	    995.98	      1.90	      1.52	     33.29	     26.60	-12.97	 2.404e+01	     -8.37	0	Gaussian	9990000000.000000	9990000000.000000
817	1	1055.256034	792.649261	     -1.00	   3287.18	   1618.66	      1.57	      1.57	     27.57	     27.57	39.84	 2.183e+01	     -8.37	0	Gaussian	9990000000.000000	9990000000.000000
818	1	1052.651676	541.909300	     -1.00	   3371.51	   1047.74	      2.10	      1.72	     36.79	     30.16	0.10	 2.215e+01	     -8.37	0	Gaussian	9990000000.000000	9990000000.000000
819	1	1046.825179	523.595159	     -1.00	   2843.37	    257.54	      1.93	      1.93	     33.85	     33.85	19.87	 2.135e+01	     -8.37	0	Gaussian	9990000000.000000	9990000000.000000
820	1	1051.632577	463.943534	     -1.00	   4400.88	    608.19	      2.21	      1.91	     38.61	     33.48	83.96	 1.852e+01	     -8.36	0	Gaussian	9990000000.000000	9990000000.000000
821	1	1057.222610	469.294035	     -1.00	   2981.66	   1481.52	      2.31	      1.81	     40.39	     31.63	-0.48	 2.525e+01	     -8.36	0	Gaussian	9990000000.000000	9990000000.000000
822	1	1045.051518	716.445858	     -1.00	   1318.81	    473.82	      1.94	      1.40	     33.92	     24.56	43.17	 2.073e+01	     -8.36	0	Gaussian	9990000000.000000	9990000000.000000
823	1	1057.291104	582.724959	     -1.00	   2598.08	   1656.27	      2.09	      1.60	     36.55	     27.97	-31.95	 2.268e+01	     -8.36	0	Gaussian	9990000000.000000	9990000000.000000
824	1	1044.285169	591.692669	     -1.00	    971.73	   2441.63	      2.17	      1.51	     37.97	     26.50	-4.78	 2.175e+01	     -8.36	0	Gaussian	9990000000.000000	9990000000.000000
825	1	1045.260978	578.653594	     -1.00	   5547.12	   1227.27	      2.43	      1.38	     42.46	     24.20	3.02	 1.899e+01	     -8.36	0	Gaussian	9990000000.000000	9990000000.000000
826	1	1047.990184	541.999707	     -1.00	   1396.52	   3034.15	      2.25	      1.59	     39.41	     27.83	-15.69	 2.992e+01	     -8.36	0	Gaussian	9990000000.000000	9990000000.000000
827	1	1043.515436	509.115849	     -1.00	   5186.74	    886.23	      2.51	      1.51	     43.93	     26.50	-9.40	 1.949e+01	     -8.35	0	Gaussian	9990000000.000000	9990000000.000000
828	1	1055.791615	745.280838	     -1.00	   4124.01	   3056.00	      1.79	      1.44	     31.39	     25.29	-47.57	 2.284e+01	     -8.35	0	Gaussian	9990000000.000000	9990000000.000000
829	1	1058.155002	1035.667582	     -1.00	   2541.95	   2570.85	      1.68	      1.11	     29.44	     19.50	23.92	 2.487e+01	     -8.35	0	Gaussian	9990000000.000000	9990000000.000000
830	1	1057.163756	549.894117	     -1.00	   2595.58	   2107.91	      1.87	      1.87	     32.78	     32.78	61.86	 2.334e+01	     -8.35	0	Gaussian	9990000000.000000	9990000000.000000
831	1	1051.990483	587.499791	     -1.00	   2653.60	   3129.88	      1.95	      1.67	     34.15	     29.31	-17.52	 2.507e+01	     -8.34	0	Gaussian	9990000000.000000	9990000000.000000
832	1	1056.657356	582.280501	     -1.00	   3013.71	   1243.11	      2.07	      1.59	     36.22	     27.88	19.21	 2.715e+01	     -8.34	0	Gaussian	9990000000.000000	9990000000.000000
833	1	1040.981774	464.734368	     -1.00	    464.25	   1194.70	      2.19	      1.89	     38.25	     33.00	-31.28	 2.089e+01	     -8.34	0	Gaussian	9990000000.000000	9990000000.000000
834	1	1046.925245	572.141873	     -1.00	   5178.24	   1252.35	      2.31	      1.45	     40.37	     25.35	-3.09	 1.925e+01	     -8.34	0	Gaussian	9990000000.000000	9990000000.000000
835	1	1047.566015	551.483142	     -1.00	   4212.80	    105.23	      2.33	      1.49	     40.74	     26.06	-45.22	 1.922e+01	     -8.34	0	Gaussian	9990000000.000000	9990000000.000000
836	1	1053.180366	639.184620	     -1.00	   4173.98	   2695.65	      1.73	      1.73	     30.25	     30.25	25.54	 2.378e+01	     -8.34	0	Gaussian	9990000000.000000	9990000000.000000
837	1	1053.493718	711.325334	     -1.00	   4127.95	    526.91	      1.85	      1.45	     32.32	     25.43	22.07	 2.573e+01	     -8.34	0	Gaussian	9990000000.000000	9990000000.000000
838	1	1045.871323	603.529633	     -1.00	   1312.10	    555.14	      2.08	      1.52	     36.43	     26.57	39.61	 1.941e+01	     -8.34	0	Gaussian	9990000000.000000	9990000000.000000
839	1	1050.611028	673.102692	     -1.00	   4769.38	   1285.02	      1.97	      1.44	     34.43	     25.21	-6.00	 2.230e+01	     -8.34	0	Gaussian	9990000000.000000	9990000000.000000
840	1	1055.265086	723.681378	     -1.00	   3191.94	    958.51	      1.62	      1.62	     28.40	     28.40	2.14	 2.808e+01	     -8.34	0	Gaussian	9990000000.000000	9990000000.000000
841	1	1056.624447	571.872009	     -1.00	   2899.25	   3019.17	      2.03	      1.64	     35.56	     28.62	-21.44	 2.264e+01	     -8.33	0	Gaussian	9990000000.000000	9990000000.000000
842	1	1044.308847	498.750066	     -1.00	   5505.23	    836.47	      2.22	      1.72	     38.83	     30.04	7.02	 1.850e+01	     -8.33	0	Gaussian	9990000000.000000	9990000000.000000
843	1	1034.691899	498.874425	     -1.00	    202.18	    874.48	      2.40	      1.58	     42.04	     27.72	3.81	 2.170e+01	     -8.33	0	Gaussian	9990000000.000000	9990000000.000000
844	1	1049.955716	514.603136	     -1.00	   4836.44	    638.78	      2.05	      1.80	     35.95	     31.42	-16.18	 2.119e+01	     -8.33	0	Gaussian	9990000000.000000	9990000000.000000
845	1	1056.850656	705.739156	     -1.00	   2992.89	   1607.59	      1.77	      1.51	     31.07	     26.51	52.52	 2.439e+01	     -8.33	0	Gaussian	9990000000.000000	9990000000.000000
846	1	1057.655261	223.894826	     -1.00	   3345.28	   2769.92	      4.12	      2.06	     72.03	     36.01	-70.82	 2.762e+01	     -8.33	0	Gaussian	9990000000.000000	9990000000.000000
847	1	1055.222054	516.767868	     -1.00	   4251.35	   1245.44	      2.25	      1.63	     39.37	     28.47	-6.15	 2.632e+01	     -8.33	0	Gaussian	9990000000.000000	9990000000.000000
848	1	1049.123188	565.210955	     -1.00	   2146.06	    334.94	      2.11	      1.59	     36.85	     27.80	47.02	 1.862e+01	     -8.33	0	Gaussian	9990000000.000000	9990000000.000000
849	1	1056.410657	680.893574	     -1.00	   3069.65	   1310.74	      1.87	      1.48	     32.76	     25.93	25.56	 2.131e+01	     -8.33	0	Gaussian	9990000000.000000	9990000000.000000
850	1	1055.651016	622.387306	     -1.00	   3056.97	   3175.52	      1.76	      1.72	     30.83	     30.08	59.54	 2.456e+01	     -8.32	0	Gaussian	9990000000.000000	9990000000.000000
851	1	1055.832662	609.701762	     -1.00	   4290.91	   1610.93	      1.96	      1.57	     34.37	     27.54	-24.92	 2.138e+01	     -8.32	0	Gaussian	9990000000.000000	9990000000.000000
852	1	1045.637891	406.206047	     -1.00	   1655.36	    503.35	      2.25	      2.06	     39.30	     36.08	58.70	 1.650e+01	     -8.32	0	Gaussian	9990000000.000000	9990000000.000000
853	1	1041.748287	573.389808	     -1.00	    407.86	   1241.76	      1.98	      1.65	     34.72	     28.93	-18.85	 2.280e+01	     -8.32	0	Gaussian	9990000000.000000	9990000000.000000
854	1	1054.152669	657.781646	     -1.00	   2166.31	   1222.04	      1.96	      1.46	     34.25	     25.56	-26.26	 2.488e+01	     -8.32	0	Gaussian	9990000000.000000	9990000000.000000
855	1	1057.033152	551.436445	     -1.00	   2738.09	    920.35	      1.90	      1.79	     33.28	     31.36	-54.54	 2.658e+01	     -8.32	0	Gaussian	9990000000.000000	9990000000.000000
856	1	1041.510339	498.053901	     -1.00	    987.42	    216.42	      2.05	      1.84	     35.81	     32.24	51.98	 1.724e+01	     -8.32	0	Gaussian	9990000000.000000	9990000000.000000
857	1	1061.938401	572.509183	     -1.00	   2568.14	   1876.44	      2.10	      1.56	     36.83	     27.25	-6.93	 3.050e+01	     -8.32	0	Gaussian	9990000000.000000	9990000000.000000
858	1	1045.590724	401.163640	     -1.00	   1934.34	    128.04	      2.22	      2.10	     38.90	     36.78	-68.19	 2.087e+01	     -8.32	0	Gaussian	9990000000.000000	9990000000.000000
859	1	1053.915417	705.214869	     -1.00	   4396.24	   2045.35	      1.83	      1.46	     31.94	     25.48	44.91	 2.022e+01	     -8.32	0	Gaussian	9990000000.000000	9990000000.000000
860	1	1053.934692	554.365329	     -1.00	   1896.45	   1367.44	      2.22	      1.52	     38.82	     26.60	37.95	 2.141e+01	     -8.31	0	Gaussian	9990000000.000000	9990000000.000000
861	1	1050.233879	496.191779	     -1.00	   1572.92	   1448.33	      2.16	      1.74	     37.78	     30.41	58.98	 1.958e+01	     -8.31	0	Gaussian	9990000000.000000	9990000000.000000
862	1	1039.470911	557.385549	     -1.00	    543.25	   1245.82	      2.00	      1.67	     35.02	     29.17	26.92	 2.196e+01	     -8.31	0	Gaussian	9990000000.000000	9990000000.000000
863	1	1056.494625	558.747938	     -1.00	   1242.41	   1657.23	      2.39	      1.39	     41.81	     24.29	20.88	 8.001e+01	     -8.31	0	Gaussian	9990000000.000000	9990000000.000000
864	1	1053.103661	494.644920	     -1.00	   1590.76	   1978.25	      2.10	      1.78	     36.84	     31.08	0.04	 2.772e+01	     -8.30	0	Gaussian	9990000000.000000	9990000000.000000
865	1	1051.156418	400.290795	     -1.00	   2448.58	    439.62	      2.15	      2.15	     37.59	     37.59	-16.34	 2.074e+01	     -8.30	0	Gaussian	9990000000.000000	9990000000.000000
866	1	1044.242318	397.271471	     -1.00	   1177.75	    768.40	      2.62	      1.77	     45.92	     30.98	37.24	 1.898e+01	     -8.30	0	Gaussian	9990000000.000000	9990000000.000000
867	1	1042.619053	417.838844	     -1.00	   1284.73	     60.53	      2.18	      2.02	     38.12	     35.42	39.16	 1.940e+01	     -8.30	0	Gaussian	9990000000.000000	9990000000.000000
868	1	1042.679200	366.126024	     -1.00	    801.23	    726.71	      2.52	      1.99	     44.19	     34.85	-40.93	 2.044e+01	     -8.30	0	Gaussian	9990000000.000000	9990000000.000000
869	1	1047.651805	572.667215	     -1.00	   1526.21	   3178.19	      2.11	      1.53	     36.87	     26.71	-17.32	 2.068e+01	     -8.30	0	Gaussian	9990000000.000000	9990000000.000000
870	1	1047.154996	840.998397	     -1.00	   1905.85	   2292.30	      1.48	      1.48	     25.89	     25.89	57.51	 2.297e+01	     -8.30	0	Gaussian	9990000000.000000	9990000000.000000
871	1	1049.437134	483.672848	     -1.00	   2947.24	    516.78	      2.33	      1.63	     40.83	     28.51	82.38	 2.134e+01	     -8.30	0	Gaussian	9990000000.000000	9990000000.000000
872	1	1049.674808	812.425301	     -1.00	   1437.03	   2127.88	      1.77	      1.28	     30.99	     22.38	22.40	 1.969e+01	     -8.30	0	Gaussian	9990000000.000000	9990000000.000000
873	1	1051.675387	537.631957	     -1.00	   1830.19	   1980.64	      2.07	      1.64	     36.31	     28.73	9.02	 2.360e+01	     -8.29	0	Gaussian	9990000000.000000	9990000000.000000
874	1	1052.865446	654.590591	     -1.00	   3624.02	    525.73	      1.82	      1.53	     31.92	     26.84	-59.77	 2.215e+01	     -8.29	0	Gaussian	9990000000.000000	9990000000.000000
875	1	1050.784624	483.008215	     -1.00	   2222.83	    218.47	      2.14	      1.76	     37.51	     30.88	69.38	 2.083e+01	     -8.29	0	Gaussian	9990000000.000000	9990000000.000000
876	1	1050.707060	594.518188	     -1.00	   2634.03	     86.99	      2.08	      1.48	     36.33	     25.88	64.73	 2.297e+01	     -8.29	0	Gaussian	9990000000.000000	9990000000.000000
877	1	1053.886272	511.643712	     -1.00	   2864.37	   2476.05	      1.90	      1.88	     33.18	     32.86	-47.65	 1.946e+01	     -8.29	0	Gaussian	9990000000.000000	9990000000.000000
878	1	1047.989042	437.903023	     -1.00	   3423.13	    291.37	      2.30	      1.81	     40.21	     31.64	-86.84	 1.980e+01	     -8.28	0	Gaussian	9990000000.000000	9990000000.000000
879	1	1059.189199	683.146341	     -1.00	   3533.77	   2692.59	      1.69	      1.57	     29.63	     27.47	56.55	 2.439e+01	     -8.28	0	Gaussian	9990000000.000000	9990000000.000000
880	1	1049.966229	383.408632	     -1.00	   4771.71	    672.69	      2.18	      2.18	     38.07	     38.07	52.20	 2.208e+01	     -8.28	0	Gaussian	9990000000.000000	9990000000.000000
881	1	1052.157591	751.000082	     -1.00	   3808.95	   1707.31	      1.75	      1.38	     30.63	     24.18	-62.01	 2.445e+01	     -8.28	0	Gaussian	9990000000.000000	9990000000.000000
882	1	1047.821168	435.199891	     -1.00	   1226.07	   1411.58	      2.29	      1.82	     40.04	     31.86	25.81	 1.996e+01	     -8.28	0	Gaussian	9990000000.000000	9990000000.000000
883	1	1047.431233	420.390033	     -1.00	   4028.84	   3752.36	      2.25	      1.91	     39.41	     33.46	25.47	 1.735e+01	     -8.28	0	Gaussian	9990000000.000000	9990000000.000000
884	1	1046.504279	515.793168	     -1.00	   4100.40	   3621.42	      2.35	      1.49	     41.19	     26.01	52.67	 2.006e+01	     -8.28	0	Gaussian	9990000000.000000	9990000000.000000
885	1	1055.099159	548.210095	     -1.00	   2052.97	   1396.77	      1.81	      1.81	     31.74	     31.74	72.98	 2.539e+01	     -8.28	0	Gaussian	9990000000.000000	9990000000.000000
886	1	1053.894359	470.607324	     -1.00	   1758.46	    297.25	      2.36	      1.62	     41.39	     28.28	43.69	 4.072e+01	     -8.27	0	Gaussian	9990000000.000000	9990000000.000000
887	1	1057.920567	480.274419	     -1.00	   2828.89	   1006.63	      2.05	      1.82	     35.91	     31.92	31.77	 3.320e+01	     -8.27	0	Gaussian	9990000000.000000	9990000000.000000
888	1	1051.130676	524.548408	     -1.00	   1410.31	   1215.43	      2.15	      1.60	     37.57	     27.92	28.67	 2.140e+01	     -8.27	0	Gaussian	9990000000.000000	9990000000.000000
889	1	1051.684020	374.424810	     -1.00	   2106.36	    846.30	      2.30	      2.07	     40.29	     36.30	51.35	 2.040e+01	     -8.27	0	Gaussian	9990000000.000000	9990000000.000000
890	1	1049.072627	402.417450	     -1.00	   4406.40	   3530.42	      2.18	      2.04	     38.19	     35.62	-80.10	 1.912e+01	     -8.27	0	Gaussian	9990000000.000000	9990000000.000000
891	1	1055.496903	498.139566	     -1.00	   2075.23	   1797.40	      2.01	      1.78	     35.23	     31.15	-22.53	 2.370e+01	     -8.26	0	Gaussian	9990000000.000000	9990000000.000000
892	1	1060.495890	411.504539	     -1.00	   3585.44	    215.75	      2.18	      1.99	     38.14	     34.80	89.90	 5.877e+01	     -8.26	0	Gaussian	9990000000.000000	9990000000.000000
893	1	1051.846410	713.918942	     -1.00	   3685.72	   3352.97	      1.74	      1.43	     30.47	     25.10	16.66	 2.219e+01	     -8.26	0	Gaussian	9990000000.000000	9990000000.000000
894	1	1048.981618	503.919709	     -1.00	   5256.83	   1946.02	      2.42	      1.46	     42.27	     25.53	20.56	 2.179e+01	     -8.26	0	Gaussian	9990000000.000000	9990000000.000000
895	1	1057.020603	698.769258	     -1.00	   2836.44	   1003.86	      1.67	      1.52	     29.28	     26.55	29.24	 4.147e+01	     -8.26	0	Gaussian	9990000000.000000	9990000000.000000
896	1	1049.098174	547.859053	     -1.00	   1561.11	   1479.71	      2.12	      1.53	     37.09	     26.71	15.70	 2.237e+01	     -8.26	0	Gaussian	9990000000.000000	9990000000.000000
897	1	1048.227401	435.653532	     -1.00	   2256.25	    336.55	      2.31	      1.75	     40.48	     30.72	77.06	 1.873e+01	     -8.25	0	Gaussian	9990000000.000000	9990000000.000000
898	1	1049.743290	371.868981	     -1.00	   1774.53	    606.82	      2.62	      1.81	     45.91	     31.71	78.42	 1.970e+01	     -8.25	0	Gaussian	9990000000.000000	9990000000.000000
899	1	1046.762946	299.582617	     -1.00	   1464.31	    686.07	      2.44	      2.41	     42.76	     42.20	-9.23	 1.899e+01	     -8.25	0	Gaussian	9990000000.000000	9990000000.000000
900	1	1056.405338	754.056106	     -1.00	   2698.68	    831.85	      1.73	      1.35	     30.21	     23.62	32.03	 2.274e+01	     -8.25	0	Gaussian	9990000000.000000	9990000000.000000
901	1	1045.607537	436.045309	     -1.00	   4803.65	    406.72	      2.32	      1.73	     40.60	     30.35	1.00	 1.966e+01	     -8.25	0	Gaussian	9990000000.000000	9990000000.000000
902	1	1044.460931	354.003352	     -1.00	   5307.49	   3597.59	      2.55	      1.94	     44.63	     33.97	37.88	 1.790e+01	     -8.24	0	Gaussian	9990000000.000000	9990000000.000000
903	1	1053.528542	485.499845	     -1.00	   2078.80	   2547.42	      1.93	      1.87	     33.83	     32.65	39.01	 2.078e+01	     -8.24	0	Gaussian	9990000000.000000	9990000000.000000
904	1	1049.756443	287.169945	     -1.00	   4910.96	   1643.64	      2.55	      2.38	     44.72	     41.71	4.16	 1.992e+01	     -8.24	0	Gaussian	9990000000.000000	9990000000.000000
905	1	1044.554329	347.807360	     -1.00	   4722.36	    534.51	      2.58	      1.95	     45.16	     34.08	0.07	 1.801e+01	     -8.24	0	Gaussian	9990000000.000000	9990000000.000000
906	1	1047.589559	407.157508	     -1.00	   1234.99	    599.73	      2.07	      2.07	     36.23	     36.23	-44.84	 1.850e+01	     -8.24	0	Gaussian	9990000000.000000	9990000000.000000
907	1	1049.595984	460.649675	     -1.00	   1172.94	   1674.20	      2.20	      1.72	     38.56	     30.07	33.28	 1.815e+01	     -8.24	0	Gaussian	9990000000.000000	9990000000.000000
908	1	1045.428390	529.450388	     -1.00	   1134.95	   2962.75	      1.96	      1.68	     34.25	     29.45	-32.35	 1.941e+01	     -8.24	0	Gaussian	9990000000.000000	9990000000.000000
909	1	1047.853057	381.081958	     -1.00	   1416.34	    896.09	      2.15	      2.12	     37.69	     37.09	-57.80	 1.748e+01	     -8.24	0	Gaussian	9990000000.000000	9990000000.000000
910	1	1052.490253	401.090173	     -1.00	   2382.57	    601.54	      2.42	      1.79	     42.33	     31.33	41.29	 1.873e+01	     -8.23	0	Gaussian	9990000000.000000	9990000000.000000
911	1	1040.910358	488.170418	     -1.00	   1305.35	   3974.38	      1.92	      1.85	     33.64	     32.35	33.14	 1.811e+01	     -8.23	0	Gaussian	9990000000.000000	9990000000.000000
912	1	1045.091821	317.845634	     -1.00	   4947.84	   3926.13	      2.46	      2.21	     43.13	     38.73	73.22	 2.094e+01	     -8.23	0	Gaussian	9990000000.000000	9990000000.000000
913	1	1055.261043	502.154205	     -1.00	   4247.32	   3029.82	      2.02	      1.71	     35.39	     29.85	70.06	 2.391e+01	     -8.23	0	Gaussian	9990000000.000000	9990000000.000000
914	1	1047.366713	477.307901	     -1.00	   1327.85	    191.26	      2.04	      1.78	     35.76	     31.07	55.96	 2.216e+01	     -8.23	0	Gaussian	9990000000.000000	9990000000.000000
915	1	1049.253306	416.199107	     -1.00	   1316.49	   2118.66	      2.38	      1.74	     41.72	     30.49	13.61	 2.142e+01	     -8.23	0	Gaussian	9990000000.000000	9990000000.000000
916	1	1046.108987	485.129231	     -1.00	   2015.16	     33.54	      2.06	      1.73	     36.10	     30.22	81.25	 2.119e+01	     -8.23	0	Gaussian	9990000000.000000	9990000000.000000
917	1	1045.560859	314.198487	     -1.00	   1716.94	     55.46	      2.47	      2.22	     43.31	     38.88	30.87	 1.930e+01	     -8.23	0	Gaussian	9990000000.000000	9990000000.000000
918	1	1046.418590	369.935882	     -1.00	   3954.36	    130.47	      2.31	      2.02	     40.37	     35.39	-65.54	 1.708e+01	     -8.23	0	Gaussian	9990000000.000000	9990000000.000000
919	1	1053.619702	395.151704	     -1.00	   2328.22	    962.33	      2.09	      2.09	     36.54	     36.54	-2.84	 2.155e+01	     -8.23	0	Gaussian	9990000000.000000	9990000000.000000
920	1	1054.689683	681.883177	     -1.00	   3544.88	    419.95	      1.86	      1.36	     32.52	     23.80	57.23	 2.481e+01	     -8.23	0	Gaussian	9990000000.000000	9990000000.000000
921	1	1055.222130	506.302459	     -1.00	   2858.64	   1419.61	      2.00	      1.70	     34.97	     29.68	-2.78	 2.311e+01	     -8.22	0	Gaussian	9990000000.000000	9990000000.000000
922	1	1046.058395	471.351676	     -1.00	   5150.79	   1538.21	      2.47	      1.47	     43.26	     25.74	2.18	 1.926e+01	     -8.22	0	Gaussian	9990000000.000000	9990000000.000000
923	1	1050.012568	401.712444	     -1.00	   2267.31	    513.79	      2.06	      2.06	     36.08	     36.08	-36.51	 2.029e+01	     -8.22	0	Gaussian	9990000000.000000	9990000000.000000
924	1	1057.329140	430.227693	     -1.00	   1847.89	   1067.32	      2.07	      1.91	     36.30	     33.48	30.95	 3.655e+01	     -8.22	0	Gaussian	9990000000.000000	9990000000.000000
925	1	1056.175219	572.653519	     -1.00	   2900.99	   2240.41	      1.89	      1.57	     33.17	     27.53	56.98	 2.166e+01	     -8.22	0	Gaussian	9990000000.000000	9990000000.000000
926	1	1044.344125	322.610762	     -1.00	   5032.99	    472.12	      3.00	      1.76	     52.58	     30.81	-15.38	 1.879e+01	     -8.22	0	Gaussian	9990000000.000000	9990000000.000000
927	1	1051.273550	396.764707	     -1.00	   1840.57	   1685.76	      2.38	      1.81	     41.63	     31.62	23.08	 2.024e+01	     -8.21	0	Gaussian	9990000000.000000	9990000000.000000
928	1	1056.306774	468.157910	     -1.00	   1979.51	   1781.86	      2.38	      1.53	     41.64	     26.76	10.44	 2.437e+01	     -8.21	0	Gaussian	9990000000.000000	9990000000.000000
929	1	1044.694396	632.729187	     -1.00	   1101.77	    554.76	      1.91	      1.41	     33.40	     24.67	46.34	 1.792e+01	     -8.21	0	Gaussian	9990000000.000000	9990000000.000000
930	1	1051.936711	445.862281	     -1.00	   4092.35	   3110.18	      2.01	      1.90	     35.22	     33.20	-55.27	 2.134e+01	     -8.21	0	Gaussian	9990000000.000000	9990000000.000000
931	1	1036.003187	404.464461	     -1.00	    207.53	   1017.28	      2.22	      1.90	     38.78	     33.24	11.13	 1.804e+01	     -8.21	0	Gaussian	9990000000.000000	9990000000.000000
932	1	1048.595848	391.601676	     -1.00	   4130.46	   3653.86	      2.22	      1.96	     38.79	     34.27	36.16	 1.915e+01	     -8.21	0	Gaussian	9990000000.000000	9990000000.000000
933	1	1051.167880	478.895125	     -1.00	   4176.82	    270.87	      2.23	      1.59	     39.10	     27.77	-52.97	 2.375e+01	     -8.21	0	Gaussian	9990000000.000000	9990000000.000000
934	1	1045.924864	404.960949	     -1.00	   2352.70	   3854.87	      2.46	      1.71	     42.97	     29.87	-79.13	 2.147e+01	     -8.21	0	Gaussian	9990000000.000000	9990000000.000000
935	1	1050.693057	406.661291	     -1.00	   4618.42	   1452.18	      2.04	      2.04	     35.75	     35.75	-6.02	 2.055e+01	     -8.21	0	Gaussian	9990000000.000000	9990000000.000000
936	1	1053.432414	431.738541	     -1.00	   2445.51	   2811.45	      2.30	      1.71	     40.25	     29.89	-0.11	 2.103e+01	     -8.21	0	Gaussian	9990000000.000000	9990000000.000000
937	1	1056.252075	535.116965	     -1.00	   3112.25	    907.01	      2.14	      1.48	     37.52	     25.86	43.50	 2.652e+01	     -8.21	0	Gaussian	9990000000.000000	9990000000.000000
938	1	1041.624466	375.733080	     -1.00	   5914.03	   1205.71	      2.64	      1.71	     46.14	     29.90	4.65	 1.927e+01	     -8.21	0	Gaussian	9990000000.000000	9990000000.000000
939	1	1049.638853	375.152154	     -1.00	   2312.82	    120.48	      2.53	      1.78	     44.35	     31.16	67.66	 2.072e+01	     -8.21	0	Gaussian	9990000000.000000	9990000000.000000
940	1	1052.811876	335.880212	     -1.00	   4784.53	   1477.51	      2.37	      2.12	     41.48	     37.09	-69.40	 1.870e+01	     -8.20	0	Gaussian	9990000000.000000	9990000000.000000
941	1	1045.400481	481.001506	     -1.00	   1658.45	   3714.95	      1.95	      1.80	     34.18	     31.43	-63.81	 2.018e+01	     -8.20	0	Gaussian	9990000000.000000	9990000000.000000
942	1	1051.641699	447.678654	     -1.00	   4473.14	    534.88	      2.38	      1.58	     41.57	     27.74	-41.86	 2.155e+01	     -8.20	0	Gaussian	9990000000.000000	9990000000.000000
943	1	1050.507305	441.959353	     -1.00	   4422.53	   1246.34	      2.32	      1.64	     40.67	     28.69	-4.41	 2.714e+01	     -8.20	0	Gaussian	9990000000.000000	9990000000.000000
944	1	1042.869503	536.295212	     -1.00	    514.41	    878.01	      1.99	      1.58	     34.80	     27.64	-16.37	 2.223e+01	     -8.20	0	Gaussian	9990000000.000000	9990000000.000000
945	1	1055.091888	546.203138	     -1.00	   3610.57	   2256.06	      1.92	      1.61	     33.58	     28.10	21.43	 2.403e+01	     -8.20	0	Gaussian	9990000000.000000	9990000000.000000
946	1	1053.392716	515.171629	     -1.00	   2425.28	    816.64	      2.07	      1.58	     36.26	     27.58	75.14	 2.080e+01	     -8.20	0	Gaussian	9990000000.000000	9990000000.000000
947	1	1047.103210	430.763533	     -1.00	   1454.72	    395.38	      2.01	      1.94	     35.13	     33.95	-54.27	 2.537e+01	     -8.20	0	Gaussian	9990000000.000000	9990000000.000000
948	1	1049.984245	444.394448	     -1.00	   1679.18	    554.33	      2.19	      1.72	     38.39	     30.10	29.53	 2.119e+01	     -8.20	0	Gaussian	9990000000.000000	9990000000.000000
949	1	1045.346117	533.397183	     -1.00	   1857.91	   3707.80	      2.05	      1.53	     35.96	     26.74	-46.21	 1.960e+01	     -8.20	0	Gaussian	9990000000.000000	9990000000.000000
950	1	1048.097396	479.280365	     -1.00	   3745.21	    144.96	      2.06	      1.70	     36.01	     29.70	-46.57	 2.039e+01	     -8.19	0	Gaussian	9990000000.000000	9990000000.000000
951	1	1056.377986	663.733788	     -1.00	   2478.01	   2253.80	      1.74	      1.45	     30.38	     25.41	-41.44	 2.376e+01	     -8.19	0	Gaussian	9990000000.000000	9990000000.000000
952	1	1047.902248	483.848773	     -1.00	   5250.23	   3017.14	      1.86	      1.86	     32.53	     32.53	-40.91	 2.105e+01	     -8.19	0	Gaussian	9990000000.000000	9990000000.000000
953	1	1045.180635	422.100963	     -1.00	   2741.72	   3910.39	      2.04	      1.94	     35.66	     33.98	-36.68	 1.981e+01	     -8.19	0	Gaussian	9990000000.000000	9990000000.000000
954	1	1049.949511	408.056663	     -1.00	   1802.61	   1001.70	      2.22	      1.84	     38.94	     32.17	46.07	 1.776e+01	     -8.19	0	Gaussian	9990000000.000000	9990000000.000000
955	1	1048.076306	447.218951	     -1.00	   2134.58	   3134.62	      1.96	      1.90	     34.32	     33.29	-43.33	 2.215e+01	     -8.19	0	Gaussian	9990000000.000000	9990000000.000000
956	1	1055.311748	404.699208	     -1.00	   1949.93	    839.34	      2.24	      1.84	     39.22	     32.17	42.12	 2.247e+01	     -8.19	0	Gaussian	9990000000.000000	9990000000.000000
957	1	1053.513441	488.820498	     -1.00	   4712.85	   3242.27	      2.08	      1.64	     36.41	     28.68	35.57	 2.648e+01	     -8.19	0	Gaussian	9990000000.000000	9990000000.000000
958	1	1040.710875	551.097108	     -1.00	    400.77	   1351.34	      1.92	      1.57	     33.68	     27.45	-25.56	 1.845e+01	     -8.19	0	Gaussian	9990000000.000000	9990000000.000000
959	1	1045.688918	326.940193	     -1.00	    968.55	   2133.49	      2.49	      2.04	     43.62	     35.70	-50.43	 1.791e+01	     -8.19	0	Gaussian	9990000000.000000	9990000000.000000
960	1	1053.544128	581.274051	     -1.00	   4497.90	   2072.37	      1.71	      1.67	     29.93	     29.25	61.38	 2.085e+01	     -8.19	0	Gaussian	9990000000.000000	9990000000.000000
961	1	1047.718459	378.644264	     -1.00	   2230.43	    475.71	      2.35	      1.87	     41.09	     32.70	77.23	 2.058e+01	     -8.19	0	Gaussian	9990000000.000000	9990000000.000000
962	1	1047.205054	451.247434	     -1.00	   4404.64	   1184.36	      2.00	      1.84	     35.04	     32.16	42.67	 2.266e+01	     -8.19	0	Gaussian	9990000000.000000	9990000000.000000
963	1	1046.979501	437.559929	     -1.00	   5420.43	   2324.13	      2.26	      1.66	     39.56	     29.10	5.65	 1.862e+01	     -8.18	0	Gaussian	9990000000.000000	9990000000.000000
964	1	1037.592146	494.634817	     -1.00	    431.56	   3364.97	      1.93	      1.72	     33.73	     30.09	8.68	 1.945e+01	     -8.17	0	Gaussian	9990000000.000000	9990000000.000000
965	1	1043.752056	452.575316	     -1.00	   4897.26	   3948.54	      2.12	      1.71	     37.12	     29.88	50.11	 1.914e+01	     -8.17	0	Gaussian	9990000000.000000	9990000000.000000
966	1	1047.977923	400.942983	     -1.00	   5380.40	   3115.47	      2.50	      1.64	     43.72	     28.63	43.41	 1.927e+01	     -8.17	0	Gaussian	9990000000.000000	9990000000.000000
967	1	1048.200793	328.391049	     -1.00	   3772.34	    317.96	      2.72	      1.83	     47.58	     32.10	-72.66	 1.971e+01	     -8.17	0	Gaussian	9990000000.000000	9990000000.000000
968	1	1053.704806	408.475705	     -1.00	   2812.29	    860.45	      2.00	      2.00	     34.98	     34.98	-56.13	 2.369e+01	     -8.17	0	Gaussian	9990000000.000000	9990000000.000000
969	1	1043.878098	470.359726	     -1.00	   1436.43	   3963.94	      2.01	      1.73	     35.15	     30.21	51.82	 2.027e+01	     -8.17	0	Gaussian	9990000000.000000	9990000000.000000
970	1	1035.879281	564.888214	     -1.00	    508.39	   3581.03	      1.84	      1.57	     32.14	     27.51	28.71	 1.847e+01	     -8.17	0	Gaussian	9990000000.000000	9990000000.000000
971	1	1054.426474	578.786079	     -1.00	   3828.47	   1577.69	      1.89	      1.48	     33.16	     25.96	-44.08	 2.074e+01	     -8.16	0	Gaussian	9990000000.000000	9990000000.000000
972	1	1045.463357	398.397195	     -1.00	   2611.34	    161.83	      2.25	      1.80	     39.41	     31.57	68.25	 2.147e+01	     -8.16	0	Gaussian	9990000000.000000	9990000000.000000
973	1	1044.600023	387.931336	     -1.00	   5073.79	   3604.21	      2.38	      1.75	     41.70	     30.58	31.45	 2.115e+01	     -8.16	0	Gaussian	9990000000.000000	9990000000.000000
974	1	1045.351139	558.228748	     -1.00	    581.72	   1695.07	      1.90	      1.53	     33.18	     26.70	16.42	 1.995e+01	     -8.16	0	Gaussian	9990000000.000000	9990000000.000000
975	1	1045.587579	375.947214	     -1.00	    513.88	   1169.52	      2.07	      2.07	     36.26	     36.26	19.85	 3.453e+01	     -8.16	0	Gaussian	9990000000.000000	9990000000.000000
976	1	1056.034752	595.858154	     -1.00	   3138.56	   3311.95	      1.76	      1.54	     30.76	     26.98	-10.77	 3.336e+01	     -8.16	0	Gaussian	9990000000.000000	9990000000.000000
977	1	1051.200513	450.049068	     -1.00	   3730.94	    537.57	      2.08	      1.72	     36.41	     30.16	-57.75	 2.476e+01	     -8.15	0	Gaussian	9990000000.000000	9990000000.000000
978	1	1055.913542	636.641140	     -1.00	   1936.97	   2667.57	      1.24	      1.02	     21.71	     17.79	89.44	 3.743e+01	     -8.15	0	Gaussian	9990000000.000000	9990000000.000000
979	1	1047.582374	508.666215	     -1.00	   2768.49	    455.24	      1.97	      1.61	     34.40	     28.14	22.57	 1.982e+01	     -8.15	0	Gaussian	9990000000.000000	9990000000.000000
980	1	1055.180245	394.814364	     -1.00	   2920.51	   2045.50	      2.22	      1.83	     38.93	     31.99	-17.46	 2.195e+01	     -8.15	0	Gaussian	9990000000.000000	9990000000.000000
981	1	1055.442423	415.051186	     -1.00	   3129.46	   2742.71	      2.16	      1.79	     37.79	     31.33	-38.81	 2.241e+01	     -8.15	0	Gaussian	9990000000.000000	9990000000.000000
982	1	1046.654431	382.585842	     -1.00	   1282.26	    912.83	      2.54	      1.65	     44.44	     28.90	34.01	 2.266e+01	     -8.15	0	Gaussian	9990000000.000000	9990000000.000000
983	1	1057.419360	631.590273	     -1.00	   2661.03	   1387.94	      1.98	      1.28	     34.73	     22.40	33.97	 2.204e+01	     -8.15	0	Gaussian	9990000000.000000	9990000000.000000
984	1	1053.679763	444.982979	     -1.00	   2319.77	   3193.70	      1.97	      1.82	     34.50	     31.90	-35.19	 2.137e+01	     -8.14	0	Gaussian	9990000000.000000	9990000000.000000
985	1	1051.947772	325.173530	     -1.00	   2002.61	    722.61	      2.41	      2.04	     42.16	     35.66	-82.51	 1.780e+01	     -8.14	0	Gaussian	9990000000.000000	9990000000.000000
986	1	1049.045045	361.306521	     -1.00	   2410.46	    133.77	      2.47	      1.79	     43.21	     31.28	61.21	 1.935e+01	     -8.14	0	Gaussian	9990000000.000000	9990000000.000000
987	1	1053.171000	385.985711	     -1.00	   2578.32	    826.21	      2.18	      1.89	     38.23	     33.08	-42.62	 2.528e+01	     -8.14	0	Gaussian	9990000000.000000	9990000000.000000
988	1	1051.116362	345.715711	     -1.00	   2083.72	    381.66	      2.23	      2.07	     39.00	     36.18	-69.55	 3.366e+01	     -8.14	0	Gaussian	9990000000.000000	9990000000.000000
989	1	1047.103174	372.800901	     -1.00	   4721.38	   3811.96	      2.16	      1.97	     37.86	     34.51	56.63	 1.918e+01	     -8.14	0	Gaussian	9990000000.000000	9990000000.000000
990	1	1052.658295	576.418609	     -1.00	   3273.35	    528.84	      1.66	      1.66	     29.06	     29.06	-79.50	 2.024e+01	     -8.14	0	Gaussian	9990000000.000000	9990000000.000000
991	1	1048.962759	185.504494	     -1.00	   3107.61	    227.06	      4.88	      1.76	     85.38	     30.73	-70.03	 1.930e+01	     -8.14	0	Gaussian	9990000000.000000	9990000000.000000
992	1	1047.495595	307.329553	     -1.00	   4574.45	   3554.19	      2.45	      2.11	     42.82	     36.97	83.63	 1.966e+01	     -8.14	0	Gaussian	9990000000.000000	9990000000.000000
993	1	1051.660290	374.800185	     -1.00	   3378.64	    620.39	      2.30	      1.83	     40.33	     32.09	-89.72	 2.046e+01	     -8.13	0	Gaussian	9990000000.000000	9990000000.000000
994	1	1056.589654	623.851959	     -1.00	   3046.38	   1389.98	      2.08	      1.23	     36.33	     21.51	-11.13	 2.164e+01	     -8.13	0	Gaussian	9990000000.000000	9990000000.000000
995	1	1045.895680	395.716804	     -1.00	   3414.79	    220.34	      2.57	      1.56	     44.92	     27.23	87.20	 1.950e+01	     -8.13	0	Gaussian	9990000000.000000	9990000000.000000
996	1	1049.647169	382.744341	     -1.00	   4369.03	    343.29	      2.34	      1.76	     40.98	     30.86	-49.97	 2.081e+01	     -8.13	0	Gaussian	9990000000.000000	9990000000.000000
997	1	1048.398280	359.985999	     -1.00	   1250.38	   1404.77	      2.15	      2.04	     37.64	     35.66	12.28	 1.667e+01	     -8.13	0	Gaussian	9990000000.000000	9990000000.000000
998	1	1052.138529	407.092290	     -1.00	   2607.28	   1132.59	      2.01	      1.92	     35.26	     33.64	39.49	 1.918e+01	     -8.13	0	Gaussian	9990000000.000000	9990000000.000000
999	1	1054.492821	347.070449	     -1.00	   2431.15	   1246.67	      2.49	      1.83	     43.51	     31.97	32.02	 2.031e+01	     -8.13	0	Gaussian	9990000000.000000	9990000000.000000
1000	1	1046.140468	369.786640	     -1.00	   5149.66	    861.50	      2.36	      1.81	     41.24	     31.65	-5.67	 2.139e+01	     -8.13	0	Gaussian	9990000000.000000	9990000000.000000
1001	1	1054.772839	436.375704	     -1.00	   4210.04	    960.59	      2.23	      1.62	     38.99	     28.33	-17.17	 2.146e+01	     -8.13	0	Gaussian	9990000000.000000	9990000000.000000
1002	1	1058.279940	451.173430	     -1.00	   2571.21	    818.62	      2.04	      1.70	     35.79	     29.82	76.77	 3.858e+01	     -8.13	0	Gaussian	9990000000.000000	9990000000.000000
1003	1	1045.809302	391.932839	     -1.00	   3766.15	     28.71	      2.15	      1.86	     37.69	     32.58	49.08	 2.041e+01	     -8.13	0	Gaussian	9990000000.000000	9990000000.000000
1004	1	1045.735074	407.083971	     -1.00	    803.83	   1589.27	      2.19	      1.76	     38.38	     30.80	26.49	 1.868e+01	     -8.13	0	Gaussian	9990000000.000000	9990000000.000000
1005	1	1051.972786	389.522563	     -1.00	   5000.24	   2668.28	      2.29	      1.76	     40.01	     30.81	1.74	 1.938e+01	     -8.12	0	Gaussian	9990000000.000000	9990000000.000000
1006	1	1051.357936	346.926133	     -1.00	   2733.31	    797.02	      2.41	      1.87	     42.19	     32.69	-63.29	 1.784e+01	     -8.12	0	Gaussian	9990000000.000000	9990000000.000000
1007	1	1049.318524	308.782298	     -1.00	   1377.73	   1641.73	      3.29	      1.54	     57.63	     26.88	12.50	 2.076e+01	     -8.12	0	Gaussian	9990000000.000000	9990000000.000000
1008	1	1049.345068	302.087177	     -1.00	   2281.62	    133.07	      2.60	      1.98	     45.55	     34.67	71.29	 2.015e+01	     -8.12	0	Gaussian	9990000000.000000	9990000000.000000
1009	1	1047.929368	347.057319	     -1.00	   4489.79	   3649.57	      2.26	      1.99	     39.47	     34.81	-3.18	 1.742e+01	     -8.12	0	Gaussian	9990000000.000000	9990000000.000000
1010	1	1053.286053	327.324887	     -1.00	   4188.34	   3298.51	      2.26	      2.10	     39.47	     36.75	-50.22	 1.854e+01	     -8.11	0	Gaussian	9990000000.000000	9990000000.000000
1011	1	1053.123957	442.820173	     -1.00	   2640.27	   2998.33	      2.20	      1.59	     38.45	     27.83	-5.36	 2.897e+01	     -8.11	0	Gaussian	9990000000.000000	9990000000.000000
1012	1	1048.516781	492.320836	     -1.00	   2682.23	   3972.04	      2.10	      1.49	     36.75	     26.16	-11.33	 1.704e+01	     -8.11	0	Gaussian	9990000000.000000	9990000000.000000
1013	1	1047.970727	479.070162	     -1.00	   2272.07	    146.60	      2.05	      1.57	     35.93	     27.48	76.83	 2.091e+01	     -8.11	0	Gaussian	9990000000.000000	9990000000.000000
1014	1	1048.719623	413.460865	     -1.00	   1755.35	    408.25	      2.31	      1.61	     40.49	     28.24	53.13	 2.030e+01	     -8.11	0	Gaussian	9990000000.000000	9990000000.000000
1015	1	1046.004158	621.899442	     -1.00	    782.94	    975.70	      1.74	      1.42	     30.49	     24.93	43.65	 2.311e+01	     -8.11	0	Gaussian	9990000000.000000	9990000000.000000
1016	1	1048.003613	438.590178	     -1.00	   3470.28	   3928.85	      2.02	      1.74	     35.38	     30.46	77.42	 1.946e+01	     -8.11	0	Gaussian	9990000000.000000	9990000000.000000
1017	1	1045.653534	391.863732	     -1.00	   4812.48	    831.59	      2.38	      1.65	     41.63	     28.96	-28.62	 1.809e+01	     -8.11	0	Gaussian	9990000000.000000	9990000000.000000
1018	1	1059.094252	487.911828	     -1.00	   3054.79	   1930.10	      1.93	      1.63	     33.80	     28.56	42.21	 2.275e+01	     -8.10	0	Gaussian	9990000000.000000	9990000000.000000
1019	1	1052.028541	299.539836	     -1.00	   3052.65	    706.10	      2.27	      2.27	     39.65	     39.65	-23.49	 1.952e+01	     -8.10	0	Gaussian	9990000000.000000	9990000000.000000
1020	1	1052.462006	470.074261	     -1.00	   3956.22	   3211.48	      1.89	      1.73	     33.13	     30.20	-69.13	 2.326e+01	     -8.10	0	Gaussian	9990000000.000000	9990000000.000000
1021	1	1052.559570	480.430996	     -1.00	   3438.86	    779.58	      1.97	      1.62	     34.54	     28.32	59.16	 2.190e+01	     -8.10	0	Gaussian	9990000000.000000	9990000000.000000
1022	1	1049.051634	325.339975	     -1.00	   2688.35	    455.88	      2.73	      1.72	     47.85	     30.17	61.49	 1.969e+01	     -8.10	0	Gaussian	9990000000.000000	9990000000.000000
1023	1	1053.377464	572.789614	     -1.00	   2753.93	   2852.37	      1.63	      1.63	     28.60	     28.60	44.06	 2.486e+01	     -8.10	0	Gaussian	9990000000.000000	9990000000.000000
1024	1	1048.292974	334.009060	     -1.00	   2624.88	    126.49	      2.14	      2.14	     37.44	     37.44	-47.31	 1.762e+01	     -8.10	0	Gaussian	9990000000.000000	9990000000.000000
1025	1	1059.044904	528.039189	     -1.00	   2664.29	   2511.36	      1.91	      1.51	     33.44	     26.47	26.30	 2.724e+01	     -8.09	0	Gaussian	9990000000.000000	9990000000.000000
1026	1	1049.938368	521.665067	     -1.00	   3277.81	   1381.12	      1.71	      1.71	     29.94	     29.94	-19.18	 2.413e+01	     -8.09	0	Gaussian	9990000000.000000	9990000000.000000
1027	1	1047.018731	398.124530	     -1.00	   5037.86	    629.44	      1.96	      1.96	     34.24	     34.24	-81.98	 2.301e+01	     -8.09	0	Gaussian	9990000000.000000	9990000000.000000
1028	1	1036.400810	395.600344	     -1.00	    666.48	    263.42	      1.97	      1.96	     34.45	     34.22	87.97	 1.697e+01	     -8.09	0	Gaussian	9990000000.000000	9990000000.000000
1029	1	1052.777282	580.092205	     -1.00	   3000.97	   3101.72	      1.84	      1.42	     32.25	     24.91	23.12	 2.426e+01	     -8.09	0	Gaussian	9990000000.000000	9990000000.000000
1030	1	1048.304615	387.449804	     -1.00	   1138.46	   1320.28	      2.15	      1.83	     37.59	     31.98	33.74	 3.657e+01	     -8.09	0	Gaussian	9990000000.000000	9990000000.000000
1031	1	1053.335136	477.365491	     -1.00	   2571.26	   2535.24	      2.09	      1.52	     36.51	     26.69	-26.20	 2.142e+01	     -8.09	0	Gaussian	9990000000.000000	9990000000.000000
1032	1	1054.875805	453.599335	     -1.00	   2665.54	   2145.41	      2.03	      1.65	     35.54	     28.84	1.80	 2.066e+01	     -8.09	0	Gaussian	9990000000.000000	9990000000.000000
1033	1	1054.669464	548.552165	     -1.00	   2557.94	   1302.33	      1.88	      1.47	     32.86	     25.77	-25.68	 2.354e+01	     -8.09	0	Gaussian	9990000000.000000	9990000000.000000
1034	1	1052.259424	401.735867	     -1.00	   2994.49	   1002.27	      2.17	      1.74	     38.06	     30.37	37.79	 1.919e+01	     -8.09	0	Gaussian	9990000000.000000	9990000000.000000
1035	1	1043.725390	444.129290	     -1.00	   5557.96	   1029.50	      2.35	      1.45	     41.11	     25.40	10.70	 2.113e+01	     -8.09	0	Gaussian	9990000000.000000	9990000000.000000
1036	1	1046.815355	519.202075	     -1.00	   1598.84	   3667.55	      1.71	      1.71	     29.89	     29.89	-17.41	 2.104e+01	     -8.09	0	Gaussian	9990000000.000000	9990000000.000000
1037	1	1053.763854	505.335117	     -1.00	   2549.29	   2316.57	      1.83	      1.64	     32.02	     28.64	-35.28	 2.099e+01	     -8.09	0	Gaussian	9990000000.000000	9990000000.000000
1038	1	1049.208705	332.841497	     -1.00	   4959.82	    733.63	      2.63	      1.72	     46.08	     30.17	-30.25	 1.762e+01	     -8.08	0	Gaussian	9990000000.000000	9990000000.000000
1039	1	1046.175083	174.627502	     -1.00	   1041.83	   2368.36	      3.13	      2.76	     54.72	     48.35	52.37	 2.106e+01	     -8.08	0	Gaussian	9990000000.000000	9990000000.000000
1040	1	1051.102080	365.546219	     -1.00	   2304.43	    949.67	      2.29	      1.80	     40.15	     31.45	37.60	 1.714e+01	     -8.08	0	Gaussian	9990000000.000000	9990000000.000000
1041	1	1047.774519	407.987886	     -1.00	   4810.69	    540.83	      2.23	      1.66	     39.02	     29.00	-32.08	 2.021e+01	     -8.08	0	Gaussian	9990000000.000000	9990000000.000000
1042	1	1047.650279	412.692959	     -1.00	   1785.09	    514.16	      2.29	      1.59	     40.01	     27.87	52.14	 1.949e+01	     -8.08	0	Gaussian	9990000000.000000	9990000000.000000
1043	1	1040.855053	350.020222	     -1.00	   5030.14	     18.42	      2.34	      1.83	     41.00	     32.01	-4.60	 1.635e+01	     -8.08	0	Gaussian	9990000000.000000	9990000000.000000
1044	1	1048.379080	255.888574	     -1.00	   1007.43	   1777.20	      2.89	      2.02	     50.65	     35.41	14.10	 2.021e+01	     -8.07	0	Gaussian	9990000000.000000	9990000000.000000
1045	1	1050.130094	522.876037	     -1.00	   1709.02	   1345.17	      1.94	      1.48	     33.98	     25.82	-42.16	 1.850e+01	     -8.07	0	Gaussian	9990000000.000000	9990000000.000000
1046	1	1048.835269	300.350593	     -1.00	   1148.47	   1657.26	      2.59	      1.92	     45.38	     33.64	-51.76	 1.908e+01	     -8.07	0	Gaussian	9990000000.000000	9990000000.000000
1047	1	1044.887455	352.372746	     -1.00	    616.38	   2032.42	      2.38	      1.78	     41.74	     31.17	5.41	 1.743e+01	     -8.07	0	Gaussian	9990000000.000000	9990000000.000000
1048	1	1063.442300	622.815593	     -1.00	   2453.94	   2332.31	      1.74	      1.38	     30.39	     24.16	-37.82	 5.531e+01	     -8.07	0	Gaussian	9990000000.000000	9990000000.000000
1049	1	1052.026614	181.152751	     -1.00	   4842.63	   2740.45	      4.73	      1.74	     82.79	     30.45	83.78	 2.067e+01	     -8.07	0	Gaussian	9990000000.000000	9990000000.000000
1050	1	1051.212777	425.940500	     -1.00	   4992.68	   2236.84	      2.10	      1.67	     36.70	     29.21	1.53	 2.077e+01	     -8.07	0	Gaussian	9990000000.000000	9990000000.000000
1051	1	1046.337453	337.525423	     -1.00	   4875.34	   4005.34	      2.24	      1.97	     39.29	     34.42	-39.71	 1.775e+01	     -8.07	0	Gaussian	9990000000.000000	9990000000.000000
1052	1	1045.807488	356.057293	     -1.00	   1168.96	   1475.42	      2.21	      1.89	     38.63	     33.14	57.29	 1.788e+01	     -8.07	0	Gaussian	9990000000.000000	9990000000.000000
1053	1	1047.865824	323.506369	     -1.00	   4287.16	   3489.75	      2.44	      1.89	     42.65	     33.01	31.12	 1.955e+01	     -8.07	0	Gaussian	9990000000.000000	9990000000.000000
1054	1	1054.292015	437.125238	     -1.00	   4454.59	   2996.00	      1.84	      1.84	     32.25	     32.25	-42.12	 1.969e+01	     -8.06	0	Gaussian	9990000000.000000	9990000000.000000
1055	1	1044.569905	358.348671	     -1.00	   1076.21	    771.50	      2.12	      1.95	     37.16	     34.12	28.19	 1.705e+01	     -8.06	0	Gaussian	9990000000.000000	9990000000.000000
1056	1	1054.690189	429.819930	     -1.00	   2410.85	   3770.18	      2.19	      1.57	     38.34	     27.55	86.69	 4.470e+01	     -8.06	0	Gaussian	9990000000.000000	9990000000.000000
1057	1	1043.387457	432.110071	     -1.00	   1083.30	   3261.10	      1.91	      1.80	     33.41	     31.43	-35.60	 1.848e+01	     -8.06	0	Gaussian	9990000000.000000	9990000000.000000
1058	1	1055.088280	422.789469	     -1.00	   2871.40	   3064.79	      2.10	      1.66	     36.80	     29.11	-31.08	 2.524e+01	     -8.06	0	Gaussian	9990000000.000000	9990000000.000000
1059	1	1052.633676	417.399578	     -1.00	   2425.16	    935.33	      2.05	      1.72	     35.95	     30.13	-49.21	 2.204e+01	     -8.06	0	Gaussian	9990000000.000000	9990000000.000000
1060	1	1055.558390	386.905839	     -1.00	   2715.23	    822.85	      2.07	      1.84	     36.21	     32.28	-72.11	 2.249e+01	     -8.06	0	Gaussian	9990000000.000000	9990000000.000000
1061	1	1055.766032	517.301819	     -1.00	   2881.00	   2424.77	      1.93	      1.48	     33.75	     25.89	-29.45	 1.986e+01	     -8.06	0	Gaussian	9990000000.000000	9990000000.000000
1062	1	1055.798509	390.764559	     -1.00	   1599.90	   2670.36	      2.02	      1.87	     35.38	     32.66	-66.71	 4.705e+01	     -8.06	0	Gaussian	9990000000.000000	9990000000.000000
1063	1	1046.384965	494.419399	     -1.00	   5121.14	   3295.93	      2.08	      1.43	     36.42	     25.06	38.05	 1.769e+01	     -8.06	0	Gaussian	9990000000.000000	9990000000.000000
1064	1	1051.234630	281.421935	     -1.00	   1704.20	    860.80	      2.45	      2.13	     42.92	     37.31	1.18	 1.952e+01	     -8.05	0	Gaussian	9990000000.000000	9990000000.000000
1065	1	1046.982961	372.755739	     -1.00	   1876.73	   3713.61	      2.01	      1.95	     35.24	     34.19	-40.95	 1.758e+01	     -8.05	0	Gaussian	9990000000.000000	9990000000.000000
1066	1	1054.437869	328.849095	     -1.00	   3395.41	    772.58	      2.19	      2.03	     38.33	     35.56	-56.36	 2.760e+01	     -8.05	0	Gaussian	9990000000.000000	9990000000.000000
1067	1	1044.989097	367.461733	     -1.00	    823.21	   2244.35	      2.05	      1.93	     35.96	     33.85	-13.48	 1.742e+01	     -8.05	0	Gaussian	9990000000.000000	9990000000.000000
1068	1	1043.745364	356.339817	     -1.00	   1102.11	   2924.91	      2.17	      1.89	     37.95	     33.02	29.31	 1.643e+01	     -8.04	0	Gaussian	9990000000.000000	9990000000.000000
1069	1	1050.134072	338.123952	     -1.00	   4328.91	   3485.00	      2.31	      1.87	     40.42	     32.66	-37.79	 1.940e+01	     -8.04	0	Gaussian	9990000000.000000	9990000000.000000
1070	1	1049.656189	320.736367	     -1.00	   1817.56	    911.22	      2.25	      2.02	     39.36	     35.33	13.96	 1.899e+01	     -8.04	0	Gaussian	9990000000.000000	9990000000.000000
1071	1	1050.331100	383.336617	     -1.00	   3783.60	   3545.09	      2.18	      1.74	     38.19	     30.42	86.39	 1.909e+01	     -8.04	0	Gaussian	9990000000.000000	9990000000.000000
1072	1	1045.038566	352.506266	     -1.00	   4349.26	    179.66	      2.18	      1.89	     38.17	     33.09	34.74	 1.763e+01	     -8.04	0	Gaussian	9990000000.000000	9990000000.000000
1073	1	1048.958589	225.028785	     -1.00	   2105.29	      7.13	      2.76	      2.34	     48.25	     40.98	-57.21	 1.308e+01	     -8.04	0	Gaussian	9990000000.000000	9990000000.000000
1074	1	1042.672373	575.886297	     -1.00	    662.80	    885.67	      1.89	      1.33	     33.01	     23.35	35.99	 1.970e+01	     -8.04	0	Gaussian	9990000000.000000	9990000000.000000
1075	1	1047.497879	354.206735	     -1.00	   4180.24	   3996.61	      2.13	      1.92	     37.28	     33.56	19.85	 1.770e+01	     -8.04	0	Gaussian	9990000000.000000	9990000000.000000
1076	1	1052.996233	422.106230	     -1.00	   4695.36	   3235.98	      2.32	      1.47	     40.63	     25.81	34.94	 1.910e+01	     -8.04	0	Gaussian	9990000000.000000	9990000000.000000
1077	1	1050.900186	352.051162	     -1.00	   4653.64	   1316.09	      2.13	      1.92	     37.33	     33.65	-17.62	 2.191e+01	     -8.03	0	Gaussian	9990000000.000000	9990000000.000000
1078	1	1056.015557	348.694924	     -1.00	   3663.37	    732.78	      2.04	      2.03	     35.72	     35.51	-50.73	 2.919e+01	     -8.03	0	Gaussian	9990000000.000000	9990000000.000000
1079	1	1045.083614	186.269454	     -1.00	    813.71	   2542.62	      3.18	      2.44	     55.65	     42.64	14.42	 1.909e+01	     -8.03	0	Gaussian	9990000000.000000	9990000000.000000
1080	1	1049.618520	345.193671	     -1.00	   1569.49	   1685.06	      2.21	      1.89	     38.70	     33.08	71.22	 2.082e+01	     -8.03	0	Gaussian	9990000000.000000	9990000000.000000
1081	1	1046.707571	182.662164	     -1.00	   2219.32	    401.17	      2.84	      2.77	     49.78	     48.52	-42.81	 1.803e+01	     -8.03	0	Gaussian	9990000000.000000	9990000000.000000
1082	1	1047.519351	382.954442	     -1.00	   3845.34	   3557.78	      2.05	      1.84	     35.84	     32.14	68.65	 2.050e+01	     -8.03	0	Gaussian	9990000000.000000	9990000000.000000
1083	1	1044.819668	503.493423	     -1.00	   5487.29	   3432.89	      2.13	      1.34	     37.27	     23.48	-60.67	 2.004e+01	     -8.03	0	Gaussian	9990000000.000000	9990000000.000000
1084	1	1045.416024	318.912748	     -1.00	   5440.59	   1888.47	      2.69	      1.68	     47.01	     29.39	13.90	 1.991e+01	     -8.03	0	Gaussian	9990000000.000000	9990000000.000000
1085	1	1054.421936	354.275475	     -1.00	   2039.35	   1755.46	      2.22	      1.83	     38.87	     31.96	5.87	 2.021e+01	     -8.03	0	Gaussian	9990000000.000000	9990000000.000000
1086	1	1044.154572	283.975019	     -1.00	   1075.44	    575.46	      2.47	      2.05	     43.16	     35.90	5.83	 1.627e+01	     -8.03	0	Gaussian	9990000000.000000	9990000000.000000
1087	1	1045.226056	353.470370	     -1.00	   4619.67	    117.88	      2.14	      1.89	     37.50	     33.14	41.17	 1.562e+01	     -8.03	0	Gaussian	9990000000.000000	9990000000.000000
1088	1	1048.398632	397.130738	     -1.00	   1654.50	   3175.23	      2.03	      1.78	     35.54	     31.11	-36.88	 2.025e+01	     -8.03	0	Gaussian	9990000000.000000	9990000000.000000
1089	1	1046.376444	440.175109	     -1.00	   1492.63	    201.68	      2.18	      1.49	     38.13	     26.15	49.16	 2.066e+01	     -8.03	0	Gaussian	9990000000.000000	9990000000.000000
1090	1	1050.895230	336.509159	     -1.00	   4414.11	   3268.84	      2.26	      1.89	     39.51	     33.00	26.14	 2.219e+01	     -8.03	0	Gaussian	9990000000.000000	9990000000.000000
1091	1	1054.385419	730.332278	     -1.00	   2328.17	   3299.09	      1.64	      1.19	     28.78	     20.90	34.94	 2.244e+01	     -8.02	0	Gaussian	9990000000.000000	9990000000.000000
1092	1	1050.064363	402.538425	     -1.00	   1819.68	   1315.14	      1.88	      1.88	     32.91	     32.91	-74.59	 1.991e+01	     -8.02	0	Gaussian	9990000000.000000	9990000000.000000
1093	1	1047.164616	321.179968	     -1.00	   2727.20	    229.46	      2.36	      1.88	     41.28	     32.88	-75.97	 1.949e+01	     -8.02	0	Gaussian	9990000000.000000	9990000000.000000
1094	1	1046.304715	370.804049	     -1.00	   5232.09	   3128.31	      1.96	      1.96	     34.28	     34.28	45.78	 1.696e+01	     -8.02	0	Gaussian	9990000000.000000	9990000000.000000
1095	1	1052.952757	531.415787	     -1.00	   2642.16	   2876.90	      1.81	      1.48	     31.64	     25.87	45.38	 2.089e+01	     -8.02	0	Gaussian	9990000000.000000	9990000000.000000
1096	1	1051.043868	423.862242	     -1.00	   2756.80	    673.85	      2.04	      1.64	     35.72	     28.69	70.42	 1.861e+01	     -8.01	0	Gaussian	9990000000.000000	9990000000.000000
1097	1	1053.144386	421.644798	     -1.00	   3399.09	   1121.46	      1.90	      1.77	     33.21	     31.00	-31.60	 2.358e+01	     -8.01	0	Gaussian	9990000000.000000	9990000000.000000
1098	1	1054.165173	666.331983	     -1.00	   3228.61	   1057.81	      1.77	      1.20	     30.97	     21.05	31.33	 2.010e+01	     -8.01	0	Gaussian	9990000000.000000	9990000000.000000
1099	1	1059.109687	504.595793	     -1.00	   3066.14	   1822.19	      1.92	      1.46	     33.69	     25.52	-17.26	 2.359e+01	     -8.01	0	Gaussian	9990000000.000000	9990000000.000000
1100	1	1049.279938	350.435367	     -1.00	   4493.51	    842.16	      2.26	      1.78	     39.62	     31.22	0.10	 1.771e+01	     -8.01	0	Gaussian	9990000000.000000	9990000000.000000
1101	1	1049.070070	460.587773	     -1.00	   3333.97	   3956.49	      1.81	      1.69	     31.69	     29.66	81.44	 1.987e+01	     -8.01	0	Gaussian	9990000000.000000	9990000000.000000
1102	1	1050.385651	415.107022	     -1.00	   2036.03	   2634.35	      2.31	      1.47	     40.43	     25.79	-23.53	 2.136e+01	     -8.01	0	Gaussian	9990000000.000000	9990000000.000000
1103	1	1045.297249	384.512276	     -1.00	   4888.21	    126.37	      2.24	      1.63	     39.27	     28.58	-6.49	 1.789e+01	     -8.01	0	Gaussian	9990000000.000000	9990000000.000000
1104	1	1053.187991	548.195530	     -1.00	   2325.85	   1011.01	      1.93	      1.33	     33.86	     23.25	41.77	 1.790e+01	     -8.01	0	Gaussian	9990000000.000000	9990000000.000000
1105	1	1051.945627	431.311452	     -1.00	   3417.11	    676.28	      2.15	      1.52	     37.55	     26.63	29.05	 1.853e+01	     -8.01	0	Gaussian	9990000000.000000	9990000000.000000
1106	1	1043.853026	352.931205	     -1.00	    794.69	    878.86	      2.44	      1.63	     42.70	     28.61	13.13	 2.120e+01	     -8.01	0	Gaussian	9990000000.000000	9990000000.000000
1107	1	1056.650080	535.887274	     -1.00	   2936.92	   2787.53	      1.73	      1.52	     30.32	     26.53	-64.50	 2.178e+01	     -8.01	0	Gaussian	9990000000.000000	9990000000.000000
1108	1	1042.437059	436.451242	     -1.00	    670.56	   2663.06	      1.95	      1.66	     34.06	     28.99	9.66	 1.778e+01	     -8.01	0	Gaussian	9990000000.000000	9990000000.000000
1109	1	1048.967575	322.113652	     -1.00	   2135.23	    245.47	      2.53	      1.72	     44.33	     30.13	55.72	 1.920e+01	     -8.00	0	Gaussian	9990000000.000000	9990000000.000000
1110	1	1054.134205	394.283696	     -1.00	   4520.51	   1101.76	      2.03	      1.75	     35.54	     30.70	8.58	 2.131e+01	     -8.00	0	Gaussian	9990000000.000000	9990000000.000000
1111	1	1043.790766	349.910707	     -1.00	   5243.20	   3699.74	      2.00	      2.00	     35.05	     35.04	-6.68	 2.178e+01	     -8.00	0	Gaussian	9990000000.000000	9990000000.000000
1112	1	1042.348146	344.550521	     -1.00	    826.91	    865.60	      2.15	      1.89	     37.66	     33.12	-48.22	 2.020e+01	     -8.00	0	Gaussian	9990000000.000000	9990000000.000000
1113	1	1047.902308	308.498322	     -1.00	   4409.67	    132.41	      2.70	      1.68	     47.24	     29.43	-40.21	 2.014e+01	     -8.00	0	Gaussian	9990000000.000000	9990000000.000000
1114	1	1053.470977	358.495178	     -1.00	   2284.44	   1620.48	      2.15	      1.82	     37.63	     31.79	-1.09	 1.959e+01	     -8.00	0	Gaussian	9990000000.000000	9990000000.000000
1115	1	1040.329365	490.952875	     -1.00	   5645.22	    484.49	      1.96	      1.46	     34.28	     25.48	41.51	 1.835e+01	     -8.00	0	Gaussian	9990000000.000000	9990000000.000000
1116	1	1052.144184	435.484017	     -1.00	   2630.47	   3383.85	      1.97	      1.63	     34.48	     28.52	-21.41	 1.728e+01	     -8.00	0	Gaussian	9990000000.000000	9990000000.000000
1117	1	1055.115760	477.235483	     -1.00	   2043.20	   1904.69	      1.90	      1.54	     33.19	     27.02	-52.85	 2.216e+01	     -8.00	0	Gaussian	9990000000.000000	9990000000.000000
1118	1	1047.247277	398.365264	     -1.00	   4680.56	    786.08	      2.08	      1.68	     36.42	     29.49	16.19	 2.295e+01	     -8.00	0	Gaussian	9990000000.000000	9990000000.000000
1119	1	1051.776161	385.386554	     -1.00	   3097.66	   3361.86	      1.98	      1.83	     34.61	     32.02	86.53	 2.097e+01	     -8.00	0	Gaussian	9990000000.000000	9990000000.000000
1120	1	1055.804871	333.372294	     -1.00	   2230.43	   1527.78	      2.23	      1.87	     39.09	     32.74	1.56	 1.988e+01	     -8.00	0	Gaussian	9990000000.000000	9990000000.000000
1121	1	1052.102645	353.381618	     -1.00	   1968.95	   1628.62	      2.51	      1.57	     43.86	     27.52	-4.22	 1.935e+01	     -8.00	0	Gaussian	9990000000.000000	9990000000.000000
1122	1	1051.950463	413.600499	     -1.00	   1458.26	   1523.60	      1.96	      1.72	     34.28	     30.09	-17.40	 2.266e+01	     -8.00	0	Gaussian	9990000000.000000	9990000000.000000
1123	1	1047.161958	358.998086	     -1.00	   1135.66	   1775.32	      2.42	      1.60	     42.34	     28.07	11.47	 1.871e+01	     -8.00	0	Gaussian	9990000000.000000	9990000000.000000
1124	1	1056.543672	679.613780	     -1.00	   3364.15	   2823.13	      1.66	      1.24	     29.08	     21.63	32.67	 2.022e+01	     -8.00	0	Gaussian	9990000000.000000	9990000000.000000
1125	1	1041.516859	157.740623	     -1.00	    805.49	    630.63	      3.84	      2.30	     67.28	     40.19	-43.16	 1.689e+01	     -7.99	0	Gaussian	9990000000.000000	9990000000.000000
1126	1	1044.358302	316.611007	     -1.00	   1260.13	    621.54	      2.59	      1.70	     45.34	     29.69	5.27	 1.894e+01	     -7.99	0	Gaussian	9990000000.000000	9990000000.000000
1127	1	1057.981419	392.534814	     -1.00	   2476.76	   1987.39	      2.00	      1.77	     34.97	     31.02	40.60	 1.975e+01	     -7.99	0	Gaussian	9990000000.000000	9990000000.000000
1128	1	1048.876309	331.031485	     -1.00	   5272.77	    838.67	      2.22	      1.89	     38.85	     33.11	-35.55	 1.726e+01	     -7.99	0	Gaussian	9990000000.000000	9990000000.000000
1129	1	1060.117772	395.994858	     -1.00	   2441.93	    933.34	      2.12	      1.66	     37.09	     28.99	71.99	 3.185e+01	     -7.99	0	Gaussian	9990000000.000000	9990000000.000000
1130	1	1057.138100	514.063019	     -1.00	   3480.98	   3117.75	      1.93	      1.40	     33.83	     24.46	42.28	 2.610e+01	     -7.99	0	Gaussian	9990000000.000000	9990000000.000000
1131	1	1051.212651	385.018621	     -1.00	   4018.81	   1124.72	      2.17	      1.65	     37.98	     28.95	-25.38	 2.223e+01	     -7.99	0	Gaussian	9990000000.000000	9990000000.000000
1132	1	1056.060744	364.120010	     -1.00	   2606.48	   1757.62	      2.19	      1.73	     38.31	     30.34	2.93	 1.894e+01	     -7.99	0	Gaussian	9990000000.000000	9990000000.000000
1133	1	1051.936324	451.837022	     -1.00	   1779.06	   3037.22	      2.01	      1.52	     35.12	     26.67	-32.13	 2.067e+01	     -7.99	0	Gaussian	9990000000.000000	9990000000.000000
1134	1	1052.630106	362.041486	     -1.00	   3060.46	   1112.30	      2.05	      1.86	     35.82	     32.63	-82.28	 2.162e+01	     -7.99	0	Gaussian	9990000000.000000	9990000000.000000
1135	1	1038.634831	220.750371	     -1.00	   5967.94	   2877.25	      2.50	      2.50	     43.78	     43.78	-49.55	 1.769e+01	     -7.99	0	Gaussian	9990000000.000000	9990000000.000000
1136	1	1058.137907	481.974960	     -1.00	   3206.23	   1682.87	      1.89	      1.51	     33.10	     26.51	19.34	 2.278e+01	     -7.99	0	Gaussian	9990000000.000000	9990000000.000000
1137	1	1048.679542	395.188359	     -1.00	   1426.63	   2417.97	      1.96	      1.78	     34.31	     31.18	-3.15	 1.727e+01	     -7.99	0	Gaussian	9990000000.000000	9990000000.000000
1138	1	1050.527110	325.900797	     -1.00	   5242.76	   1659.46	      2.69	      1.57	     47.15	     27.47	1.65	 2.428e+01	     -7.98	0	Gaussian	9990000000.000000	9990000000.000000
1139	1	1033.445215	326.954852	     -1.00	   5629.03	   3969.31	      2.25	      1.87	     39.44	     32.69	21.28	 1.632e+01	     -7.98	0	Gaussian	9990000000.000000	9990000000.000000
1140	1	1054.924467	457.978683	     -1.00	   3618.41	   1522.01	      1.89	      1.58	     33.11	     27.72	-58.94	 2.098e+01	     -7.98	0	Gaussian	9990000000.000000	9990000000.000000
1141	1	1052.298264	387.729288	     -1.00	   3872.62	   3164.81	      1.91	      1.85	     33.37	     32.41	7.22	 2.071e+01	     -7.98	0	Gaussian	9990000000.000000	9990000000.000000
1142	1	1057.281641	444.423611	     -1.00	   3119.04	   1571.68	      2.14	      1.44	     37.47	     25.18	33.16	 2.277e+01	     -7.98	0	Gaussian	9990000000.000000	9990000000.000000
1143	1	1048.513790	391.913157	     -1.00	   4857.94	   3400.19	      2.10	      1.66	     36.78	     29.08	6.71	 1.869e+01	     -7.98	0	Gaussian	9990000000.000000	9990000000.000000
1144	1	1044.400271	279.045712	     -1.00	    921.03	   1728.51	      2.53	      1.94	     44.23	     33.94	33.09	 1.839e+01	     -7.98	0	Gaussian	9990000000.000000	9990000000.000000
1145	1	1051.580903	309.590141	     -1.00	   3133.58	    199.20	      2.69	      1.64	     47.05	     28.74	84.06	 2.597e+01	     -7.97	0	Gaussian	9990000000.000000	9990000000.000000
1146	1	1045.543434	231.355757	     -1.00	   1227.32	   2066.45	      3.11	      1.90	     54.37	     33.18	7.37	 1.702e+01	     -7.97	0	Gaussian	9990000000.000000	9990000000.000000
1147	1	1050.797651	388.336453	     -1.00	   4663.63	   1624.74	      1.95	      1.79	     34.17	     31.40	65.62	 2.030e+01	     -7.97	0	Gaussian	9990000000.000000	9990000000.000000
1148	1	1051.289849	393.935463	     -1.00	   2064.84	    178.09	      2.09	      1.64	     36.65	     28.79	53.71	 1.818e+01	     -7.97	0	Gaussian	9990000000.000000	9990000000.000000
1149	1	1051.335815	445.093423	     -1.00	   1911.70	    628.67	      2.04	      1.49	     35.75	     26.09	36.30	 1.820e+01	     -7.97	0	Gaussian	9990000000.000000	9990000000.000000
1150	1	1049.422879	321.530852	     -1.00	   2974.68	    320.29	      2.44	      1.73	     42.67	     30.25	-85.10	 1.912e+01	     -7.97	0	Gaussian	9990000000.000000	9990000000.000000
1151	1	1044.607699	442.427260	     -1.00	    928.92	   2137.25	      1.82	      1.68	     31.94	     29.34	-47.50	 1.839e+01	     -7.96	0	Gaussian	9990000000.000000	9990000000.000000
1152	1	1056.344230	389.702209	     -1.00	   3220.44	    793.68	      2.22	      1.56	     38.86	     27.34	54.23	 4.074e+01	     -7.96	0	Gaussian	9990000000.000000	9990000000.000000
1153	1	1051.103697	431.243213	     -1.00	   2672.31	    387.25	      2.06	      1.52	     35.97	     26.63	58.51	 1.758e+01	     -7.96	0	Gaussian	9990000000.000000	9990000000.000000
1154	1	1051.775496	359.086051	     -1.00	   1611.31	   2167.75	      2.41	      1.55	     42.24	     27.22	2.15	 2.237e+01	     -7.96	0	Gaussian	9990000000.000000	9990000000.000000
1155	1	1051.379843	397.827746	     -1.00	   3833.73	   1006.27	      1.89	      1.79	     33.15	     31.25	3.15	 2.035e+01	     -7.96	0	Gaussian	9990000000.000000	9990000000.000000
1156	1	1045.747632	326.479708	     -1.00	   2496.49	   3970.13	      2.27	      1.81	     39.77	     31.69	78.47	 1.986e+01	     -7.96	0	Gaussian	9990000000.000000	9990000000.000000
1157	1	1051.195554	384.767688	     -1.00	   1837.24	   1391.18	      1.99	      1.75	     34.91	     30.64	-20.22	 2.062e+01	     -7.96	0	Gaussian	9990000000.000000	9990000000.000000
1158	1	1051.965075	355.844699	     -1.00	   2800.37	    718.15	      2.12	      1.78	     37.15	     31.10	-0.74	 1.972e+01	     -7.96	0	Gaussian	9990000000.000000	9990000000.000000
1159	1	1053.793517	313.845416	     -1.00	   2446.22	    532.03	      2.25	      1.90	     39.37	     33.23	76.42	 1.998e+01	     -7.95	0	Gaussian	9990000000.000000	9990000000.000000
1160	1	1049.305153	329.111622	     -1.00	   1624.51	   1338.34	      2.14	      1.90	     37.51	     33.21	2.71	 2.082e+01	     -7.95	0	Gaussian	9990000000.000000	9990000000.000000
1161	1	1050.180174	339.304769	     -1.00	   1847.29	    773.22	      1.99	      1.98	     34.86	     34.60	-56.83	 2.161e+01	     -7.95	0	Gaussian	9990000000.000000	9990000000.000000
1162	1	1052.742485	340.462050	     -1.00	   2631.32	    781.13	      2.15	      1.83	     37.57	     31.95	72.62	 1.880e+01	     -7.95	0	Gaussian	9990000000.000000	9990000000.000000
1163	1	1047.349730	392.330678	     -1.00	   1587.77	    178.67	      2.04	      1.66	     35.78	     29.08	63.23	 1.902e+01	     -7.95	0	Gaussian	9990000000.000000	9990000000.000000
1164	1	1049.972724	376.892511	     -1.00	   2847.45	    434.97	      1.88	      1.88	     32.89	     32.89	5.33	 2.114e+01	     -7.95	0	Gaussian	9990000000.000000	9990000000.000000
1165	1	1048.346427	330.759085	     -1.00	   1460.43	   1703.48	      2.46	      1.64	     42.98	     28.66	23.02	 1.964e+01	     -7.95	0	Gaussian	9990000000.000000	9990000000.000000
1166	1	1049.795407	239.714463	     -1.00	   3664.33	    218.60	      2.35	      2.35	     41.20	     41.20	-2.16	 2.147e+01	     -7.94	0	Gaussian	9990000000.000000	9990000000.000000
1167	1	1051.941187	332.449716	     -1.00	   4342.27	   1068.29	      2.21	      1.81	     38.60	     31.65	-7.81	 2.075e+01	     -7.94	0	Gaussian	9990000000.000000	9990000000.000000
1168	1	1046.612274	383.180813	     -1.00	   2623.85	    334.65	      2.00	      1.73	     34.98	     30.22	31.22	 1.654e+01	     -7.94	0	Gaussian	9990000000.000000	9990000000.000000
1169	1	1050.108365	376.525851	     -1.00	   5229.33	   1326.27	      2.27	      1.54	     39.80	     26.98	-16.34	 1.878e+01	     -7.94	0	Gaussian	9990000000.000000	9990000000.000000
1170	1	1046.258391	251.496767	     -1.00	   5500.76	   1829.52	      2.99	      1.75	     52.37	     30.61	23.50	 1.799e+01	     -7.93	0	Gaussian	9990000000.000000	9990000000.000000
1171	1	1045.680545	314.558989	     -1.00	   1161.03	    857.98	      2.68	      1.56	     46.94	     27.29	45.27	 1.856e+01	     -7.93	0	Gaussian	9990000000.000000	9990000000.000000
1172	1	1044.095969	319.880099	     -1.00	    931.63	   2071.62	      2.26	      1.82	     39.50	     31.83	-13.94	 1.500e+01	     -7.93	0	Gaussian	9990000000.000000	9990000000.000000
1173	1	1048.302863	342.284605	     -1.00	   4129.99	    489.61	      2.27	      1.69	     39.71	     29.57	-52.79	 1.890e+01	     -7.93	0	Gaussian	9990000000.000000	9990000000.000000
1174	1	1050.354672	324.174196	     -1.00	   4218.37	   1210.39	      2.18	      1.85	     38.24	     32.40	-67.17	 2.119e+01	     -7.93	0	Gaussian	9990000000.000000	9990000000.000000
1175	1	1048.031946	362.080952	     -1.00	   2282.67	   3703.66	      2.09	      1.73	     36.57	     30.25	15.25	 1.641e+01	     -7.93	0	Gaussian	9990000000.000000	9990000000.000000
1176	1	1043.786587	487.003093	     -1.00	   2161.00	   3955.65	      1.84	      1.46	     32.25	     25.51	71.21	 1.849e+01	     -7.93	0	Gaussian	9990000000.000000	9990000000.000000
1177	1	1050.979609	403.700362	     -1.00	   4041.97	    430.24	      2.20	      1.47	     38.49	     25.77	-34.65	 1.906e+01	     -7.93	0	Gaussian	9990000000.000000	9990000000.000000
1178	1	1049.402801	304.144907	     -1.00	   4759.46	   2999.14	      2.58	      1.66	     45.10	     29.13	22.47	 2.055e+01	     -7.92	0	Gaussian	9990000000.000000	9990000000.000000
1179	1	1049.505344	325.605436	     -1.00	   2517.77	    279.78	      2.33	      1.72	     40.74	     30.08	75.23	 1.710e+01	     -7.92	0	Gaussian	9990000000.000000	9990000000.000000
1180	1	1055.056636	401.520502	     -1.00	   2023.47	   1840.23	      1.93	      1.68	     33.84	     29.36	5.24	 1.765e+01	     -7.92	0	Gaussian	9990000000.000000	9990000000.000000
1181	1	1039.883382	248.308359	     -1.00	    763.41	    651.43	      2.48	      2.11	     43.45	     36.95	-21.98	 1.750e+01	     -7.92	0	Gaussian	9990000000.000000	9990000000.000000
1182	1	1050.382081	333.733986	     -1.00	   2234.76	    819.49	      2.10	      1.86	     36.69	     32.56	44.91	 1.791e+01	     -7.92	0	Gaussian	9990000000.000000	9990000000.000000
1183	1	1055.369402	392.868651	     -1.00	   3354.83	   2520.59	      1.88	      1.76	     32.89	     30.80	-40.76	 2.068e+01	     -7.92	0	Gaussian	9990000000.000000	9990000000.000000
1184	1	1054.981067	300.738150	     -1.00	   2403.99	    643.77	      2.08	      2.08	     36.37	     36.37	49.88	 1.986e+01	     -7.92	0	Gaussian	9990000000.000000	9990000000.000000
1185	1	1049.024176	300.674399	     -1.00	   4426.61	   3595.02	      2.20	      1.96	     38.48	     34.37	35.66	 1.571e+01	     -7.92	0	Gaussian	9990000000.000000	9990000000.000000
1186	1	1049.097812	228.601981	     -1.00	   2074.40	   3803.41	      2.95	      1.58	     51.56	     27.67	-87.66	 2.164e+01	     -7.92	0	Gaussian	9990000000.000000	9990000000.000000
1187	1	1054.921796	345.227533	     -1.00	   2863.65	    963.19	      2.29	      1.64	     40.15	     28.69	7.11	 1.942e+01	     -7.92	0	Gaussian	9990000000.000000	9990000000.000000
1188	1	1053.724608	343.207602	     -1.00	   4166.29	    769.60	      2.06	      1.84	     35.97	     32.17	-51.80	 2.412e+01	     -7.92	0	Gaussian	9990000000.000000	9990000000.000000
1189	1	1042.501067	348.543139	     -1.00	   5504.88	   3659.42	      2.15	      1.73	     37.58	     30.28	33.72	 1.855e+01	     -7.92	0	Gaussian	9990000000.000000	9990000000.000000
1190	1	1049.861056	248.396389	     -1.00	   2094.37	    240.14	      2.58	      2.01	     45.20	     35.21	71.68	 1.907e+01	     -7.91	0	Gaussian	9990000000.000000	9990000000.000000
1191	1	1054.214230	604.821892	     -1.00	   3600.50	   1503.98	      1.74	      1.24	     30.40	     21.67	3.88	 2.485e+01	     -7.91	0	Gaussian	9990000000.000000	9990000000.000000
1192	1	1054.133916	341.633387	     -1.00	   2075.41	   1727.12	      1.94	      1.94	     34.01	     34.01	10.58	 2.186e+01	     -7.91	0	Gaussian	9990000000.000000	9990000000.000000
1193	1	1050.436710	336.808103	     -1.00	   1816.67	   1580.69	      2.29	      1.67	     40.06	     29.27	7.14	 1.930e+01	     -7.91	0	Gaussian	9990000000.000000	9990000000.000000
1194	1	1050.295290	399.780724	     -1.00	   3511.97	   3751.18	      1.89	      1.70	     33.13	     29.80	63.38	 1.867e+01	     -7.91	0	Gaussian	9990000000.000000	9990000000.000000
1195	1	1051.621713	311.015894	     -1.00	   1876.54	    864.85	      2.30	      1.80	     40.27	     31.50	35.27	 1.817e+01	     -7.91	0	Gaussian	9990000000.000000	9990000000.000000
1196	1	1059.249636	459.304890	     -1.00	   2248.88	   2113.36	      1.99	      1.40	     34.88	     24.55	-10.70	 2.663e+01	     -7.91	0	Gaussian	9990000000.000000	9990000000.000000
1197	1	1055.227774	474.017693	     -1.00	   2317.03	   2115.68	      2.00	      1.36	     34.94	     23.74	18.50	 2.171e+01	     -7.91	0	Gaussian	9990000000.000000	9990000000.000000
1198	1	1049.248093	201.909544	     -1.00	   3898.06	    337.46	      3.10	      2.05	     54.30	     35.82	-57.42	 2.079e+01	     -7.91	0	Gaussian	9990000000.000000	9990000000.000000
1199	1	1051.805100	318.365757	     -1.00	   3138.60	    736.80	      2.08	      1.93	     36.46	     33.81	-57.61	 1.925e+01	     -7.90	0	Gaussian	9990000000.000000	9990000000.000000
1200	1	1048.974015	318.770276	     -1.00	   1411.55	    867.74	      2.13	      1.88	     37.35	     32.89	26.58	 1.910e+01	     -7.90	0	Gaussian	9990000000.000000	9990000000.000000
1201	1	1044.411512	391.078469	     -1.00	   5275.82	   2889.44	      2.34	      1.40	     40.92	     24.42	2.74	 1.815e+01	     -7.90	0	Gaussian	9990000000.000000	9990000000.000000
1202	1	1051.598049	310.630533	     -1.00	   1652.40	    625.81	      2.16	      1.90	     37.72	     33.32	-7.59	 1.877e+01	     -7.90	0	Gaussian	9990000000.000000	9990000000.000000
1203	1	1047.218985	309.590073	     -1.00	   2748.68	    134.29	      2.18	      1.88	     38.14	     32.99	-78.20	 1.823e+01	     -7.90	0	Gaussian	9990000000.000000	9990000000.000000
1204	1	1053.135768	440.637677	     -1.00	   2778.15	   3288.77	      1.99	      1.45	     34.91	     25.33	70.91	 2.134e+01	     -7.90	0	Gaussian	9990000000.000000	9990000000.000000
1205	1	1053.297677	321.203235	     -1.00	   2171.89	    960.44	      2.17	      1.82	     38.06	     31.84	84.12	 1.934e+01	     -7.90	0	Gaussian	9990000000.000000	9990000000.000000
1206	1	1054.594898	328.248612	     -1.00	   3616.32	   2002.43	      1.98	      1.96	     34.59	     34.27	-8.85	 1.981e+01	     -7.90	0	Gaussian	9990000000.000000	9990000000.000000
1207	1	1048.806243	366.979746	     -1.00	   2400.71	     79.76	      1.86	      1.86	     32.56	     32.56	-40.80	 1.894e+01	     -7.90	0	Gaussian	9990000000.000000	9990000000.000000
1208	1	1052.757883	351.306981	     -1.00	   2008.18	    762.48	      2.00	      1.81	     34.93	     31.67	73.28	 2.047e+01	     -7.89	0	Gaussian	9990000000.000000	9990000000.000000
1209	1	1048.415831	379.462535	     -1.00	   1597.31	   3612.77	      2.14	      1.56	     37.54	     27.26	-40.14	 1.911e+01	     -7.89	0	Gaussian	9990000000.000000	9990000000.000000
1210	1	1047.180287	184.389704	     -1.00	   1678.89	    391.08	      3.56	      1.93	     62.30	     33.70	35.40	 1.929e+01	     -7.89	0	Gaussian	9990000000.000000	9990000000.000000
1211	1	1046.142258	367.569142	     -1.00	   5450.30	   2288.61	      2.35	      1.46	     41.16	     25.56	8.20	 1.865e+01	     -7.89	0	Gaussian	9990000000.000000	9990000000.000000
1212	1	1050.550421	395.984399	     -1.00	   2759.39	    694.24	      2.00	      1.59	     34.94	     27.89	45.10	 1.831e+01	     -7.89	0	Gaussian	9990000000.000000	9990000000.000000
1213	1	1046.422753	338.940391	     -1.00	   1517.28	   1765.54	      2.13	      1.74	     37.27	     30.54	-12.80	 2.161e+01	     -7.89	0	Gaussian	9990000000.000000	9990000000.000000
1214	1	1054.720882	342.293875	     -1.00	   3110.38	   1289.96	      2.10	      1.75	     36.73	     30.68	-20.15	 2.031e+01	     -7.89	0	Gaussian	9990000000.000000	9990000000.000000
1215	1	1045.999883	427.343854	     -1.00	   1125.01	   2331.29	      2.05	      1.44	     35.83	     25.18	-31.47	 2.069e+01	     -7.89	0	Gaussian	9990000000.000000	9990000000.000000
1216	1	1049.819007	324.578494	     -1.00	   2631.36	    431.91	      2.28	      1.70	     39.92	     29.74	-72.36	 1.809e+01	     -7.88	0	Gaussian	9990000000.000000	9990000000.000000
1217	1	1055.671135	328.806883	     -1.00	   3034.61	   3050.73	      2.07	      1.85	     36.25	     32.30	-38.64	 2.041e+01	     -7.88	0	Gaussian	9990000000.000000	9990000000.000000
1218	1	1047.578001	257.689038	     -1.00	   1784.34	    342.80	      2.26	      2.16	     39.47	     37.85	24.69	 1.994e+01	     -7.88	0	Gaussian	9990000000.000000	9990000000.000000
1219	1	1048.606954	412.848039	     -1.00	   4482.21	   3335.31	      2.16	      1.41	     37.72	     24.72	44.55	 1.793e+01	     -7.88	0	Gaussian	9990000000.000000	9990000000.000000
1220	1	1051.209189	337.185733	     -1.00	   2960.68	   3418.58	      2.09	      1.78	     36.60	     31.15	-11.93	 2.211e+01	     -7.88	0	Gaussian	9990000000.000000	9990000000.000000
1221	1	1043.817045	214.957676	     -1.00	    974.54	   1507.88	      2.96	      1.97	     51.88	     34.45	58.78	 1.680e+01	     -7.88	0	Gaussian	9990000000.000000	9990000000.000000
1222	1	1050.791150	388.877282	     -1.00	   3203.13	    407.16	      1.80	      1.80	     31.42	     31.42	71.60	 2.110e+01	     -7.88	0	Gaussian	9990000000.000000	9990000000.000000
1223	1	1053.480269	272.159442	     -1.00	   2330.75	    628.54	      2.47	      1.86	     43.24	     32.63	80.15	 2.033e+01	     -7.88	0	Gaussian	9990000000.000000	9990000000.000000
1224	1	1048.574608	263.745958	     -1.00	   2264.28	    386.55	      2.18	      2.18	     38.13	     38.13	20.80	 1.986e+01	     -7.88	0	Gaussian	9990000000.000000	9990000000.000000
1225	1	1051.060415	342.630358	     -1.00	   1796.91	   1843.62	      2.05	      1.78	     35.91	     31.15	-12.69	 1.917e+01	     -7.88	0	Gaussian	9990000000.000000	9990000000.000000
1226	1	1043.883272	238.403680	     -1.00	   1227.99	    254.18	      2.66	      1.97	     46.57	     34.51	-33.48	 1.870e+01	     -7.88	0	Gaussian	9990000000.000000	9990000000.000000
1227	1	1050.427043	267.633386	     -1.00	   4386.74	    250.16	      2.33	      2.00	     40.80	     35.08	-58.48	 1.897e+01	     -7.88	0	Gaussian	9990000000.000000	9990000000.000000
1228	1	1049.096093	310.159155	     -1.00	   3059.75	    241.22	      2.22	      1.82	     38.82	     31.80	88.25	 1.871e+01	     -7.88	0	Gaussian	9990000000.000000	9990000000.000000
1229	1	1048.874096	351.872285	     -1.00	   5058.86	   1733.27	      2.64	      1.34	     46.24	     23.51	5.76	 2.095e+01	     -7.88	0	Gaussian	9990000000.000000	9990000000.000000
1230	1	1055.945069	302.294403	     -1.00	   3023.57	    899.29	      2.11	      1.96	     36.85	     34.34	-47.16	 2.306e+01	     -7.88	0	Gaussian	9990000000.000000	9990000000.000000
1231	1	1048.292815	239.737119	     -1.00	   3833.13	   3926.94	      2.81	      1.85	     49.23	     32.35	57.08	 1.892e+01	     -7.87	0	Gaussian	9990000000.000000	9990000000.000000
1232	1	1046.981557	313.053172	     -1.00	   4330.04	    384.64	      2.00	      2.00	     34.93	     34.93	-52.54	 1.794e+01	     -7.87	0	Gaussian	9990000000.000000	9990000000.000000
1233	1	1045.583961	326.022852	     -1.00	   1069.77	   3087.58	      2.44	      1.57	     42.62	     27.47	4.86	 1.874e+01	     -7.87	0	Gaussian	9990000000.000000	9990000000.000000
1234	1	1045.937456	340.310148	     -1.00	   5451.33	   2883.46	      2.59	      1.41	     45.41	     24.65	-0.92	 1.769e+01	     -7.87	0	Gaussian	9990000000.000000	9990000000.000000
1235	1	1051.961425	480.127386	     -1.00	   4212.64	    989.91	      1.86	      1.39	     32.59	     24.38	23.10	 2.024e+01	     -7.87	0	Gaussian	9990000000.000000	9990000000.000000
1236	1	1051.340559	442.806678	     -1.00	   2912.38	    793.26	      1.86	      1.51	     32.61	     26.39	38.01	 2.001e+01	     -7.87	0	Gaussian	9990000000.000000	9990000000.000000
1237	1	1053.738667	263.104173	     -1.00	   3211.53	   3501.58	      2.34	      2.01	     41.03	     35.22	8.04	 2.199e+01	     -7.87	0	Gaussian	9990000000.000000	9990000000.000000
1238	1	1049.193011	215.129593	     -1.00	   1809.08	    604.87	      2.83	      2.03	     49.58	     35.59	17.49	 1.706e+01	     -7.87	0	Gaussian	9990000000.000000	9990000000.000000
1239	1	1057.909640	323.925476	     -1.00	   2522.67	   1399.50	      2.19	      1.75	     38.31	     30.59	36.82	 2.266e+01	     -7.87	0	Gaussian	9990000000.000000	9990000000.000000
1240	1	1052.873934	351.164676	     -1.00	   4551.11	   1818.45	      2.17	      1.62	     37.98	     28.41	40.95	 2.013e+01	     -7.87	0	Gaussian	9990000000.000000	9990000000.000000
1241	1	1051.948302	361.924296	     -1.00	   2324.66	   2690.34	      2.14	      1.60	     37.46	     27.93	7.84	 2.199e+01	     -7.87	0	Gaussian	9990000000.000000	9990000000.000000
1242	1	1047.239149	363.534120	     -1.00	   5083.93	   1587.56	      2.29	      1.48	     40.05	     25.98	4.77	 1.938e+01	     -7.87	0	Gaussian	9990000000.000000	9990000000.000000
1243	1	1051.998696	416.487800	     -1.00	   2115.00	    571.74	      1.91	      1.55	     33.50	     27.11	39.71	 2.307e+01	     -7.86	0	Gaussian	9990000000.000000	9990000000.000000
1244	1	1053.817971	415.666827	     -1.00	   2580.40	    569.95	      1.85	      1.60	     32.41	     28.06	-13.38	 2.231e+01	     -7.86	0	Gaussian	9990000000.000000	9990000000.000000
1245	1	1042.078939	164.012401	     -1.00	    527.60	   1908.28	      2.91	      2.58	     50.90	     45.20	26.69	 1.812e+01	     -7.86	0	Gaussian	9990000000.000000	9990000000.000000
1246	1	1056.538581	446.215445	     -1.00	   4341.19	   1844.45	      2.34	      1.26	     40.97	     22.01	40.08	 2.295e+01	     -7.86	0	Gaussian	9990000000.000000	9990000000.000000
1247	1	1050.553049	386.654609	     -1.00	   1597.02	   1759.54	      1.84	      1.73	     32.20	     30.25	20.22	 2.200e+01	     -7.86	0	Gaussian	9990000000.000000	9990000000.000000
1248	1	1048.515060	303.581534	     -1.00	   4681.02	    916.27	      2.38	      1.70	     41.63	     29.78	-19.35	 1.967e+01	     -7.86	0	Gaussian	9990000000.000000	9990000000.000000
1249	1	1058.000078	325.101535	     -1.00	   3041.90	   1883.47	      2.09	      1.80	     36.59	     31.59	-84.03	 2.189e+01	     -7.86	0	Gaussian	9990000000.000000	9990000000.000000
1250	1	1050.647477	293.636835	     -1.00	   3549.81	    342.41	      2.17	      1.93	     37.96	     33.71	-59.56	 1.744e+01	     -7.86	0	Gaussian	9990000000.000000	9990000000.000000
1251	1	1050.559232	327.330900	     -1.00	   2677.55	    283.74	      1.93	      1.93	     33.83	     33.83	9.07	 1.924e+01	     -7.85	0	Gaussian	9990000000.000000	9990000000.000000
1252	1	1046.796459	320.907774	     -1.00	   5195.63	   3253.17	      2.03	      1.88	     35.50	     32.84	-8.07	 2.140e+01	     -7.85	0	Gaussian	9990000000.000000	9990000000.000000
1253	1	1052.437987	374.660278	     -1.00	   1579.09	   2871.40	      1.80	      1.80	     31.59	     31.59	6.26	 1.848e+01	     -7.85	0	Gaussian	9990000000.000000	9990000000.000000
1254	1	1042.331364	270.534531	     -1.00	   5241.25	   3943.11	      2.23	      2.03	     38.95	     35.47	-45.51	 1.994e+01	     -7.85	0	Gaussian	9990000000.000000	9990000000.000000
1255	1	1046.086897	372.796102	     -1.00	   1308.18	    245.26	      2.01	      1.63	     35.11	     28.54	58.20	 1.711e+01	     -7.85	0	Gaussian	9990000000.000000	9990000000.000000
1256	1	1053.756094	367.577984	     -1.00	   3760.40	   1334.01	      1.92	      1.73	     33.63	     30.21	65.15	 2.065e+01	     -7.85	0	Gaussian	9990000000.000000	9990000000.000000
1257	1	1048.262123	363.845004	     -1.00	   2061.68	   3910.31	      1.83	      1.83	     31.99	     31.99	-22.05	 2.052e+01	     -7.85	0	Gaussian	9990000000.000000	9990000000.000000
1258	1	1051.298094	309.381353	     -1.00	   2983.78	    469.64	      2.35	      1.67	     41.11	     29.27	71.08	 2.416e+01	     -7.85	0	Gaussian	9990000000.000000	9990000000.000000
1259	1	1051.434361	305.923130	     -1.00	   2838.45	   3358.37	      2.17	      1.83	     38.06	     31.96	-1.45	 2.164e+01	     -7.85	0	Gaussian	9990000000.000000	9990000000.000000
1260	1	1048.429271	410.582057	     -1.00	   1553.78	   1845.97	      1.93	      1.54	     33.72	     26.88	-26.97	 2.028e+01	     -7.85	0	Gaussian	9990000000.000000	9990000000.000000
1261	1	1048.239039	260.467293	     -1.00	   1659.31	    475.67	      2.46	      1.89	     43.12	     33.10	67.35	 2.168e+01	     -7.85	0	Gaussian	9990000000.000000	9990000000.000000
1262	1	1047.342470	318.039543	     -1.00	   2039.20	   3701.34	      2.09	      1.82	     36.59	     31.92	-18.25	 1.987e+01	     -7.84	0	Gaussian	9990000000.000000	9990000000.000000
1263	1	1051.807536	346.555632	     -1.00	   3449.60	    608.41	      2.04	      1.71	     35.66	     30.01	-25.06	 2.177e+01	     -7.84	0	Gaussian	9990000000.000000	9990000000.000000
1264	1	1047.486208	293.578725	     -1.00	   3840.76	   3712.53	      2.21	      1.86	     38.71	     32.63	51.89	 1.850e+01	     -7.84	0	Gaussian	9990000000.000000	9990000000.000000
1265	1	1042.801036	331.147723	     -1.00	    994.36	   3645.51	      2.09	      1.74	     36.64	     30.54	59.53	 1.936e+01	     -7.84	0	Gaussian	9990000000.000000	9990000000.000000
1266	1	1041.129605	354.436856	     -1.00	   5793.40	   2819.59	      2.50	      1.35	     43.70	     23.69	1.55	 1.681e+01	     -7.83	0	Gaussian	9990000000.000000	9990000000.000000
1267	1	1047.046790	150.516136	     -1.00	   2414.17	    303.76	      3.29	      2.42	     57.58	     42.44	79.71	 1.799e+01	     -7.83	0	Gaussian	9990000000.000000	9990000000.000000
1268	1	1049.860111	382.900139	     -1.00	   4048.68	   3725.24	      1.90	      1.64	     33.32	     28.77	-35.46	 1.939e+01	     -7.83	0	Gaussian	9990000000.000000	9990000000.000000
1269	1	1046.687318	350.142572	     -1.00	   3447.19	    473.26	      2.09	      1.64	     36.60	     28.64	-79.28	 2.043e+01	     -7.83	0	Gaussian	9990000000.000000	9990000000.000000
1270	1	1043.272468	175.681125	     -1.00	   5214.22	   3581.54	      3.32	      2.05	     58.03	     35.85	43.15	 1.909e+01	     -7.83	0	Gaussian	9990000000.000000	9990000000.000000
1271	1	1050.055794	473.247483	     -1.00	   2648.10	   3324.91	      1.82	      1.38	     31.89	     24.19	37.81	 1.909e+01	     -7.83	0	Gaussian	9990000000.000000	9990000000.000000
1272	1	1056.179226	254.648707	     -1.00	   3322.64	    204.55	      2.16	      2.16	     37.85	     37.85	-10.50	 2.986e+01	     -7.83	0	Gaussian	9990000000.000000	9990000000.000000
1273	1	1053.197508	357.295157	     -1.00	   1887.22	    944.38	      2.15	      1.55	     37.58	     27.16	43.33	 1.870e+01	     -7.82	0	Gaussian	9990000000.000000	9990000000.000000
1274	1	1057.806876	286.626814	     -1.00	   2651.40	   2031.14	      2.10	      1.98	     36.78	     34.59	74.32	 1.954e+01	     -7.82	0	Gaussian	9990000000.000000	9990000000.000000
1275	1	1046.998610	161.870823	     -1.00	   4644.13	   3549.55	      3.25	      2.26	     56.94	     39.53	18.31	 1.841e+01	     -7.82	0	Gaussian	9990000000.000000	9990000000.000000
1276	1	1050.066845	118.778588	     -1.00	   2631.21	    198.17	      4.45	      2.25	     77.96	     39.33	50.55	 2.579e+01	     -7.82	0	Gaussian	9990000000.000000	9990000000.000000
1277	1	1050.562298	297.369552	     -1.00	   3933.85	    837.54	      2.18	      1.83	     38.14	     32.10	85.70	 1.919e+01	     -7.82	0	Gaussian	9990000000.000000	9990000000.000000
1278	1	1052.178635	295.587794	     -1.00	   3531.12	    635.45	      2.05	      1.96	     35.86	     34.34	-26.58	 2.040e+01	     -7.82	0	Gaussian	9990000000.000000	9990000000.000000
1279	1	1047.743798	264.951895	     -1.00	   5182.36	   3704.09	      2.21	      2.02	     38.77	     35.33	42.32	 1.898e+01	     -7.82	0	Gaussian	9990000000.000000	9990000000.000000
1280	1	1047.535021	324.117548	     -1.00	   1466.97	   2659.82	      2.12	      1.72	     37.13	     30.14	-2.49	 1.855e+01	     -7.82	0	Gaussian	9990000000.000000	9990000000.000000
1281	1	1039.373094	342.182691	     -1.00	    620.97	    552.32	      2.04	      1.70	     35.65	     29.73	-3.69	 1.954e+01	     -7.82	0	Gaussian	9990000000.000000	9990000000.000000
1282	1	1052.040680	351.687700	     -1.00	   1563.11	   1955.40	      2.17	      1.55	     37.92	     27.18	-0.81	 2.730e+01	     -7.82	0	Gaussian	9990000000.000000	9990000000.000000
1283	1	1050.200904	262.793138	     -1.00	   4499.81	   1097.39	      2.45	      1.83	     42.93	     32.11	54.93	 1.810e+01	     -7.82	0	Gaussian	9990000000.000000	9990000000.000000
1284	1	1042.195549	168.491729	     -1.00	    686.79	    883.46	      2.90	      2.42	     50.72	     42.34	58.75	 1.873e+01	     -7.82	0	Gaussian	9990000000.000000	9990000000.000000
1285	1	1062.340543	494.921729	     -1.00	   2796.23	   1770.05	      1.83	      1.31	     31.97	     22.93	-17.30	 2.488e+01	     -7.82	0	Gaussian	9990000000.000000	9990000000.000000
1286	1	1048.998685	334.683726	     -1.00	   1200.72	   1833.26	      2.18	      1.61	     38.19	     28.25	-45.17	 2.041e+01	     -7.81	0	Gaussian	9990000000.000000	9990000000.000000
1287	1	1062.364332	383.420637	     -1.00	   2982.77	   1552.80	      1.91	      1.61	     33.48	     28.12	-42.61	 2.316e+01	     -7.81	0	Gaussian	9990000000.000000	9990000000.000000
1288	1	1049.514708	221.001225	     -1.00	   1456.99	   2633.80	      3.05	      1.74	     53.47	     30.53	-15.05	 1.878e+01	     -7.81	0	Gaussian	9990000000.000000	9990000000.000000
1289	1	1048.471905	196.845490	     -1.00	   5074.17	   1528.07	      2.69	      2.22	     47.10	     38.89	5.35	 1.697e+01	     -7.81	0	Gaussian	9990000000.000000	9990000000.000000
1290	1	1058.558847	345.300263	     -1.00	   2783.69	   1890.20	      2.18	      1.56	     38.24	     27.29	-31.88	 1.945e+01	     -7.81	0	Gaussian	9990000000.000000	9990000000.000000
1291	1	1051.928589	271.174581	     -1.00	   4752.61	   3021.73	      2.43	      1.78	     42.54	     31.14	47.37	 2.008e+01	     -7.81	0	Gaussian	9990000000.000000	9990000000.000000
1292	1	1047.943057	208.624703	     -1.00	   3564.54	     82.58	      2.49	      2.26	     43.50	     39.58	-70.17	 1.572e+01	     -7.81	0	Gaussian	9990000000.000000	9990000000.000000
1293	1	1056.391745	436.112934	     -1.00	   2653.10	   2888.37	      1.88	      1.42	     32.98	     24.94	39.13	 2.156e+01	     -7.81	0	Gaussian	9990000000.000000	9990000000.000000
1294	1	1051.168328	300.841077	     -1.00	   1602.73	   1393.70	      2.39	      1.63	     41.77	     28.50	-3.12	 1.800e+01	     -7.81	0	Gaussian	9990000000.000000	9990000000.000000
1295	1	1042.501358	324.787780	     -1.00	   1013.25	    601.29	      2.16	      1.67	     37.72	     29.20	-71.32	 1.940e+01	     -7.80	0	Gaussian	9990000000.000000	9990000000.000000
1296	1	1046.598167	259.676483	     -1.00	   3646.57	    114.93	      2.32	      1.94	     40.60	     33.91	71.16	 2.109e+01	     -7.80	0	Gaussian	9990000000.000000	9990000000.000000
1297	1	1056.824364	328.242201	     -1.00	   4794.15	   1912.28	      2.19	      1.62	     38.37	     28.35	-6.50	 3.256e+01	     -7.80	0	Gaussian	9990000000.000000	9990000000.000000
1298	1	1049.350603	211.842444	     -1.00	   4096.40	    353.83	      3.30	      1.67	     57.81	     29.16	-55.65	 1.920e+01	     -7.80	0	Gaussian	9990000000.000000	9990000000.000000
1299	1	1050.022653	374.032103	     -1.00	   4807.62	   1140.70	      2.28	      1.37	     39.89	     23.92	-17.68	 2.006e+01	     -7.80	0	Gaussian	9990000000.000000	9990000000.000000
1300	1	1055.299072	329.702895	     -1.00	   2441.19	   3053.63	      2.21	      1.60	     38.70	     27.96	10.57	 2.948e+01	     -7.80	0	Gaussian	9990000000.000000	9990000000.000000
1301	1	1044.288873	324.367711	     -1.00	   1141.27	   2711.64	      2.03	      1.77	     35.45	     31.01	21.41	 2.049e+01	     -7.80	0	Gaussian	9990000000.000000	9990000000.000000
1302	1	1055.520437	294.992879	     -1.00	   2940.68	   1880.47	      2.20	      1.79	     38.51	     31.36	73.35	 2.141e+01	     -7.80	0	Gaussian	9990000000.000000	9990000000.000000
1303	1	1052.076686	355.421732	     -1.00	   4335.17	   1489.06	      2.14	      1.53	     37.49	     26.73	-12.30	 2.146e+01	     -7.80	0	Gaussian	9990000000.000000	9990000000.000000
1304	1	1054.032986	267.217668	     -1.00	   4184.56	   2126.74	      2.62	      1.66	     45.87	     28.97	5.64	 1.876e+01	     -7.80	0	Gaussian	9990000000.000000	9990000000.000000
1305	1	1054.292729	304.544794	     -1.00	   2731.70	   1097.68	      2.04	      1.86	     35.75	     32.62	51.24	 2.472e+01	     -7.80	0	Gaussian	9990000000.000000	9990000000.000000
1306	1	1058.422479	384.841109	     -1.00	   3079.99	   1289.23	      1.80	      1.67	     31.49	     29.29	37.10	 2.499e+01	     -7.80	0	Gaussian	9990000000.000000	9990000000.000000
1307	1	1050.612525	328.895435	     -1.00	   2308.14	    934.27	      2.19	      1.61	     38.38	     28.10	-16.84	 1.772e+01	     -7.79	0	Gaussian	9990000000.000000	9990000000.000000
1308	1	1041.618027	208.895454	     -1.00	   5542.86	   3443.22	      3.02	      1.83	     52.92	     32.07	28.55	 1.738e+01	     -7.79	0	Gaussian	9990000000.000000	9990000000.000000
1309	1	1053.247461	274.418163	     -1.00	   1911.70	   1831.44	      2.14	      1.97	     37.45	     34.42	-5.79	 1.777e+01	     -7.79	0	Gaussian	9990000000.000000	9990000000.000000
1310	1	1052.812242	476.644897	     -1.00	   1640.92	   1893.72	      1.81	      1.34	     31.60	     23.47	34.77	 2.075e+01	     -7.79	0	Gaussian	9990000000.000000	9990000000.000000
1311	1	1051.837166	338.315074	     -1.00	   4856.46	   2061.42	      2.31	      1.48	     40.40	     25.85	33.80	 1.811e+01	     -7.79	0	Gaussian	9990000000.000000	9990000000.000000
1312	1	1039.751535	287.868898	     -1.00	   5748.32	   3410.58	      2.36	      1.70	     41.30	     29.72	16.65	 1.627e+01	     -7.79	0	Gaussian	9990000000.000000	9990000000.000000
1313	1	1050.498801	346.726468	     -1.00	   4936.46	   2327.38	      2.30	      1.44	     40.29	     25.27	46.12	 1.862e+01	     -7.79	0	Gaussian	9990000000.000000	9990000000.000000
1314	1	1056.843383	399.905994	     -1.00	   3891.71	   2846.95	      1.70	      1.70	     29.71	     29.71	-32.77	 2.155e+01	     -7.79	0	Gaussian	9990000000.000000	9990000000.000000
1315	1	1054.209844	284.673222	     -1.00	   2506.86	    978.69	      2.21	      1.83	     38.64	     32.00	44.87	 2.282e+01	     -7.79	0	Gaussian	9990000000.000000	9990000000.000000
1316	1	1048.952946	168.804485	     -1.00	   3612.59	     79.29	      2.61	      2.61	     45.66	     45.66	-19.41	 1.673e+01	     -7.79	0	Gaussian	9990000000.000000	9990000000.000000
1317	1	1057.450079	409.082115	     -1.00	   3311.38	   2160.24	      1.80	      1.56	     31.50	     27.29	22.04	 2.030e+01	     -7.79	0	Gaussian	9990000000.000000	9990000000.000000
1318	1	1052.833353	434.416823	     -1.00	   4060.98	   2244.80	      1.63	      1.63	     28.45	     28.45	84.30	 2.034e+01	     -7.79	0	Gaussian	9990000000.000000	9990000000.000000
1319	1	1055.196388	310.395795	     -1.00	   2651.19	   1089.11	      2.17	      1.70	     37.93	     29.84	1.90	 2.139e+01	     -7.78	0	Gaussian	9990000000.000000	9990000000.000000
1320	1	1050.517587	286.423136	     -1.00	   1869.43	   1045.92	      2.04	      1.96	     35.74	     34.24	32.45	 1.779e+01	     -7.78	0	Gaussian	9990000000.000000	9990000000.000000
1321	1	1055.114555	467.955809	     -1.00	   2430.07	   2806.82	      1.90	      1.29	     33.28	     22.53	21.13	 2.182e+01	     -7.78	0	Gaussian	9990000000.000000	9990000000.000000
1322	1	1052.618199	303.227810	     -1.00	   2068.42	   2802.04	      2.23	      1.69	     38.99	     29.62	-28.82	 2.036e+01	     -7.78	0	Gaussian	9990000000.000000	9990000000.000000
1323	1	1055.635789	303.852015	     -1.00	   2384.70	   1019.75	      2.14	      1.75	     37.54	     30.70	24.10	 2.756e+01	     -7.78	0	Gaussian	9990000000.000000	9990000000.000000
1324	1	1054.465784	307.632288	     -1.00	   3857.35	    901.71	      2.14	      1.74	     37.38	     30.38	17.61	 2.160e+01	     -7.78	0	Gaussian	9990000000.000000	9990000000.000000
1325	1	1049.177038	314.072830	     -1.00	   1589.45	    840.43	      1.91	      1.91	     33.35	     33.35	-65.01	 1.943e+01	     -7.78	0	Gaussian	9990000000.000000	9990000000.000000
1326	1	1055.379539	390.387324	     -1.00	   2261.90	    944.59	      1.76	      1.66	     30.82	     29.02	-43.46	 1.977e+01	     -7.78	0	Gaussian	9990000000.000000	9990000000.000000
1327	1	1053.693181	311.788004	     -1.00	   2043.97	   1054.39	      1.96	      1.87	     34.22	     32.68	-2.32	 2.039e+01	     -7.78	0	Gaussian	9990000000.000000	9990000000.000000
1328	1	1045.687977	179.734512	     -1.00	   1810.63	    296.94	      2.52	      2.52	     44.04	     44.04	-1.54	 1.690e+01	     -7.78	0	Gaussian	9990000000.000000	9990000000.000000
1329	1	1048.989776	273.445308	     -1.00	   3540.40	     28.47	      2.04	      2.04	     35.70	     35.70	-6.90	 2.525e+01	     -7.78	0	Gaussian	9990000000.000000	9990000000.000000
1330	1	1049.372918	485.334386	     -1.00	   3689.85	    402.83	      1.80	      1.30	     31.58	     22.75	10.44	 2.057e+01	     -7.77	0	Gaussian	9990000000.000000	9990000000.000000
1331	1	1044.250264	314.651934	     -1.00	    891.96	   1559.25	      1.90	      1.90	     33.24	     33.24	-35.03	 1.922e+01	     -7.77	0	Gaussian	9990000000.000000	9990000000.000000
1332	1	1042.164970	203.391369	     -1.00	   1003.61	   3453.58	      2.65	      2.10	     46.35	     36.78	77.88	 1.628e+01	     -7.77	0	Gaussian	9990000000.000000	9990000000.000000
1333	1	1054.663751	296.382968	     -1.00	   2052.56	   2076.53	      2.43	      1.57	     42.45	     27.53	-8.34	 2.111e+01	     -7.77	0	Gaussian	9990000000.000000	9990000000.000000
1334	1	1059.303759	244.286179	     -1.00	   3145.44	   3313.48	      2.15	      2.15	     37.65	     37.63	40.68	 4.465e+01	     -7.77	0	Gaussian	9990000000.000000	9990000000.000000
1335	1	1049.634373	313.438366	     -1.00	   4978.85	   1760.24	      2.34	      1.54	     41.00	     26.88	8.79	 1.574e+01	     -7.77	0	Gaussian	9990000000.000000	9990000000.000000
1336	1	1055.095749	341.195984	     -1.00	   3445.42	   2925.90	      1.98	      1.67	     34.63	     29.23	-66.59	 2.299e+01	     -7.77	0	Gaussian	9990000000.000000	9990000000.000000
1337	1	1052.917455	177.508609	     -1.00	   2141.41	    694.75	      2.89	      2.20	     50.51	     38.50	75.25	 1.969e+01	     -7.77	0	Gaussian	9990000000.000000	9990000000.000000
1338	1	1060.355922	412.454435	     -1.00	   2663.22	    694.30	      1.84	      1.49	     32.16	     26.01	66.38	 2.858e+01	     -7.76	0	Gaussian	9990000000.000000	9990000000.000000
1339	1	1056.811048	201.770460	     -1.00	   4655.99	   2902.21	      2.76	      2.02	     48.36	     35.35	11.08	 2.136e+01	     -7.76	0	Gaussian	9990000000.000000	9990000000.000000
1340	1	1049.272718	362.930226	     -1.00	   1636.74	    585.87	      2.12	      1.46	     37.02	     25.62	42.72	 1.828e+01	     -7.76	0	Gaussian	9990000000.000000	9990000000.000000
1341	1	1048.202605	149.279842	     -1.00	   1558.38	    866.01	      2.74	      2.74	     48.01	     48.01	-4.08	 1.698e+01	     -7.76	0	Gaussian	9990000000.000000	9990000000.000000
1342	1	1045.959760	221.662795	     -1.00	   2697.55	    315.48	      2.25	      2.25	     39.40	     39.40	11.08	 1.812e+01	     -7.76	0	Gaussian	9990000000.000000	9990000000.000000
1343	1	1056.656057	379.285494	     -1.00	   3797.48	   2384.02	      1.76	      1.68	     30.80	     29.42	-78.63	 2.128e+01	     -7.76	0	Gaussian	9990000000.000000	9990000000.000000
1344	1	1047.244687	360.633073	     -1.00	   1269.33	   1647.04	      1.98	      1.57	     34.71	     27.46	-66.66	 1.940e+01	     -7.76	0	Gaussian	9990000000.000000	9990000000.000000
1345	1	1048.663569	312.488699	     -1.00	   3830.63	    624.08	      2.02	      1.78	     35.32	     31.14	28.35	 1.723e+01	     -7.76	0	Gaussian	9990000000.000000	9990000000.000000
1346	1	1052.496563	310.493149	     -1.00	   4186.97	    555.40	      2.05	      1.77	     35.81	     30.90	-46.20	 3.928e+01	     -7.76	0	Gaussian	9990000000.000000	9990000000.000000
1347	1	1048.126303	227.604367	     -1.00	   4556.18	    487.71	      2.48	      1.99	     43.38	     34.76	-41.97	 1.903e+01	     -7.76	0	Gaussian	9990000000.000000	9990000000.000000
1348	1	1045.706695	231.042656	     -1.00	    838.16	   1037.65	      2.54	      1.91	     44.47	     33.38	-82.41	 2.003e+01	     -7.76	0	Gaussian	9990000000.000000	9990000000.000000
1349	1	1055.648139	169.054583	     -1.00	   2616.70	   1097.23	      3.14	      2.11	     54.99	     36.88	-82.48	 2.159e+01	     -7.76	0	Gaussian	9990000000.000000	9990000000.000000
1350	1	1052.157995	373.706511	     -1.00	   1832.15	   1031.31	      1.88	      1.59	     32.96	     27.82	47.98	 1.807e+01	     -7.76	0	Gaussian	9990000000.000000	9990000000.000000
1351	1	1044.235930	201.372656	     -1.00	   4950.06	    408.14	      2.82	      1.97	     49.31	     34.47	15.63	 1.807e+01	     -7.76	0	Gaussian	9990000000.000000	9990000000.000000
1352	1	1054.160776	331.573383	     -1.00	   2705.43	   2769.21	      2.14	      1.58	     37.40	     27.60	1.02	 2.068e+01	     -7.76	0	Gaussian	9990000000.000000	9990000000.000000
1353	1	1055.148886	265.050931	     -1.00	   2549.11	    325.45	      2.26	      1.86	     39.56	     32.61	66.83	 3.570e+01	     -7.76	0	Gaussian	9990000000.000000	9990000000.000000
1354	1	1045.397931	272.622891	     -1.00	   1960.41	    112.90	      2.02	      2.02	     35.40	     35.40	27.02	 1.759e+01	     -7.75	0	Gaussian	9990000000.000000	9990000000.000000
1355	1	1057.728859	310.118003	     -1.00	   3695.64	   2991.21	      2.15	      1.67	     37.58	     29.28	48.33	 2.135e+01	     -7.75	0	Gaussian	9990000000.000000	9990000000.000000
1356	1	1045.858619	250.731094	     -1.00	   1436.04	   1055.48	      2.37	      1.87	     41.49	     32.80	-4.22	 1.838e+01	     -7.75	0	Gaussian	9990000000.000000	9990000000.000000
1357	1	1059.168422	297.073418	     -1.00	   1644.50	    823.04	      2.20	      1.70	     38.45	     29.76	23.12	 6.737e+01	     -7.75	0	Gaussian	9990000000.000000	9990000000.000000
1358	1	1049.394586	249.629575	     -1.00	   5234.50	   3694.75	      2.37	      1.87	     41.51	     32.74	16.42	 3.541e+01	     -7.75	0	Gaussian	9990000000.000000	9990000000.000000
1359	1	1045.555565	261.591464	     -1.00	   1060.93	   2221.76	      2.52	      1.68	     44.06	     29.38	1.46	 1.856e+01	     -7.74	0	Gaussian	9990000000.000000	9990000000.000000
1360	1	1055.858000	291.189459	     -1.00	   3401.30	   1745.65	      1.95	      1.95	     34.08	     34.08	-13.31	 2.193e+01	     -7.74	0	Gaussian	9990000000.000000	9990000000.000000
1361	1	1044.820548	258.848218	     -1.00	   5065.07	    879.45	      2.51	      1.70	     43.94	     29.71	-8.85	 1.520e+01	     -7.74	0	Gaussian	9990000000.000000	9990000000.000000
1362	1	1043.699428	303.189170	     -1.00	   1146.94	   3116.55	      1.98	      1.84	     34.62	     32.17	-5.99	 1.605e+01	     -7.74	0	Gaussian	9990000000.000000	9990000000.000000
1363	1	1054.097658	390.158002	     -1.00	   2275.99	   1158.36	      1.85	      1.52	     32.46	     26.65	-66.45	 2.269e+01	     -7.74	0	Gaussian	9990000000.000000	9990000000.000000
1364	1	1053.397370	264.041166	     -1.00	   3519.42	   2954.50	      2.14	      1.94	     37.53	     34.00	-74.92	 1.956e+01	     -7.74	0	Gaussian	9990000000.000000	9990000000.000000
1365	1	1058.141935	455.947231	     -1.00	   1839.83	   1062.17	      1.55	      1.55	     27.19	     27.19	33.23	 4.255e+01	     -7.74	0	Gaussian	9990000000.000000	9990000000.000000
1366	1	1049.449032	171.783948	     -1.00	   1990.53	    660.85	      3.32	      1.93	     58.11	     33.72	72.18	 1.970e+01	     -7.74	0	Gaussian	9990000000.000000	9990000000.000000
1367	1	1048.625397	232.609414	     -1.00	   1687.21	   1215.22	      2.26	      2.09	     39.59	     36.53	18.65	 1.847e+01	     -7.74	0	Gaussian	9990000000.000000	9990000000.000000
1368	1	1048.510649	241.718590	     -1.00	   3506.50	    286.79	      2.13	      2.13	     37.28	     37.28	7.33	 1.767e+01	     -7.74	0	Gaussian	9990000000.000000	9990000000.000000
1369	1	1063.089549	416.072069	     -1.00	   3042.06	   1973.54	      1.66	      1.59	     29.05	     27.76	44.58	 3.237e+01	     -7.73	0	Gaussian	9990000000.000000	9990000000.000000
1370	1	1041.750561	239.345027	     -1.00	    630.39	   1726.30	      2.29	      2.00	     40.01	     35.01	-28.89	 1.982e+01	     -7.73	0	Gaussian	9990000000.000000	9990000000.000000
1371	1	1051.011573	288.393977	     -1.00	   2110.56	    455.48	      2.37	      1.60	     41.55	     27.95	49.16	 2.113e+01	     -7.73	0	Gaussian	9990000000.000000	9990000000.000000
1372	1	1058.001705	178.116367	     -1.00	   3045.09	   2302.29	      2.72	      2.26	     47.53	     39.52	24.80	 1.871e+01	     -7.73	0	Gaussian	9990000000.000000	9990000000.000000
1373	1	1062.227338	315.193463	     -1.00	   2947.94	   1243.76	      2.21	      1.57	     38.71	     27.40	-11.56	 2.666e+01	     -7.73	0	Gaussian	9990000000.000000	9990000000.000000
1374	1	1047.491657	306.739806	     -1.00	   4171.70	    144.22	      1.89	      1.89	     33.01	     33.01	56.99	 1.678e+01	     -7.73	0	Gaussian	9990000000.000000	9990000000.000000
1375	1	1047.402924	155.744848	     -1.00	   2256.23	    160.57	      3.30	      2.12	     57.71	     37.14	51.92	 1.736e+01	     -7.73	0	Gaussian	9990000000.000000	9990000000.000000
1376	1	1053.320309	224.636385	     -1.00	   4461.73	   1129.73	      2.47	      1.96	     43.24	     34.36	12.99	 1.988e+01	     -7.73	0	Gaussian	9990000000.000000	9990000000.000000
1377	1	1049.757781	191.390538	     -1.00	   1859.67	   3397.59	      2.64	      2.15	     46.28	     37.67	38.66	 1.869e+01	     -7.73	0	Gaussian	9990000000.000000	9990000000.000000
1378	1	1053.489201	316.447282	     -1.00	   3731.53	   1100.30	      1.95	      1.76	     34.05	     30.88	-73.76	 1.887e+01	     -7.73	0	Gaussian	9990000000.000000	9990000000.000000
1379	1	1048.665229	271.508985	     -1.00	   1717.85	    449.29	      2.03	      1.97	     35.55	     34.45	-71.58	 1.796e+01	     -7.72	0	Gaussian	9990000000.000000	9990000000.000000
1380	1	1051.398806	235.169732	     -1.00	   2031.59	    655.56	      2.63	      1.75	     46.11	     30.61	72.32	 2.182e+01	     -7.72	0	Gaussian	9990000000.000000	9990000000.000000
1381	1	1049.978498	282.621517	     -1.00	   2619.62	   3725.27	      2.18	      1.76	     38.11	     30.80	-2.61	 1.888e+01	     -7.72	0	Gaussian	9990000000.000000	9990000000.000000
1382	1	1052.979302	218.519555	     -1.00	   2603.59	   1027.19	      2.56	      1.93	     44.73	     33.85	-85.54	 1.950e+01	     -7.72	0	Gaussian	9990000000.000000	9990000000.000000
1383	1	1053.773132	273.265449	     -1.00	   4060.47	   1338.47	      2.12	      1.86	     37.09	     32.56	-3.30	 1.872e+01	     -7.72	0	Gaussian	9990000000.000000	9990000000.000000
1384	1	1054.171485	390.830512	     -1.00	   2029.31	   1168.95	      1.88	      1.46	     32.97	     25.61	-28.47	 2.156e+01	     -7.72	0	Gaussian	9990000000.000000	9990000000.000000
1385	1	1053.210899	332.429738	     -1.00	   3443.27	   1551.17	      1.96	      1.65	     34.39	     28.82	-18.72	 2.143e+01	     -7.71	0	Gaussian	9990000000.000000	9990000000.000000
1386	1	1047.177170	294.986114	     -1.00	   5191.58	   2319.57	      2.38	      1.53	     41.62	     26.73	-1.03	 2.100e+01	     -7.71	0	Gaussian	9990000000.000000	9990000000.000000
1387	1	1048.650788	135.880144	     -1.00	   4869.76	    830.87	      3.58	      2.20	     62.68	     38.54	-39.37	 1.884e+01	     -7.71	0	Gaussian	9990000000.000000	9990000000.000000
1388	1	1055.297153	229.873266	     -1.00	   3601.39	   2769.58	      2.31	      2.02	     40.38	     35.28	-67.86	 1.947e+01	     -7.71	0	Gaussian	9990000000.000000	9990000000.000000
1389	1	1047.682134	296.267853	     -1.00	   1475.18	     61.80	      2.17	      1.66	     37.98	     29.09	40.59	 1.923e+01	     -7.71	0	Gaussian	9990000000.000000	9990000000.000000
1390	1	1052.032174	413.472677	     -1.00	   3554.92	   3172.85	      1.91	      1.35	     33.49	     23.65	-33.56	 1.979e+01	     -7.71	0	Gaussian	9990000000.000000	9990000000.000000
1391	1	1051.213154	204.587779	     -1.00	   1580.37	   1339.62	      2.50	      2.08	     43.80	     36.40	57.94	 1.945e+01	     -7.70	0	Gaussian	9990000000.000000	9990000000.000000
1392	1	1055.108057	281.137496	     -1.00	   4655.06	   2050.83	      2.04	      1.84	     35.75	     32.28	26.19	 2.586e+01	     -7.70	0	Gaussian	9990000000.000000	9990000000.000000
1393	1	1057.997042	313.524573	     -1.00	   2779.81	   2013.29	      1.84	      1.84	     32.16	     32.16	-27.77	 2.049e+01	     -7.70	0	Gaussian	9990000000.000000	9990000000.000000
1394	1	1052.057974	327.484617	     -1.00	   1814.31	   2255.72	      1.98	      1.63	     34.66	     28.50	-13.35	 2.010e+01	     -7.69	0	Gaussian	9990000000.000000	9990000000.000000
1395	1	1049.797460	153.107031	     -1.00	   3541.12	    400.34	      3.02	      2.28	     52.91	     39.88	-56.02	 1.906e+01	     -7.69	0	Gaussian	9990000000.000000	9990000000.000000
1396	1	1055.021956	398.694690	     -1.00	   3082.55	   2935.97	      1.80	      1.47	     31.50	     25.72	12.80	 1.817e+01	     -7.69	0	Gaussian	9990000000.000000	9990000000.000000
1397	1	1055.099522	351.723572	     -1.00	   3873.30	   1344.46	      1.82	      1.64	     31.87	     28.71	-43.30	 1.860e+01	     -7.69	0	Gaussian	9990000000.000000	9990000000.000000
1398	1	1050.570189	335.786787	     -1.00	   1750.02	   2956.42	      1.86	      1.68	     32.48	     29.46	-48.71	 1.912e+01	     -7.69	0	Gaussian	9990000000.000000	9990000000.000000
1399	1	1052.518321	239.723708	     -1.00	   3867.58	    923.33	      2.27	      1.93	     39.66	     33.79	-75.07	 1.960e+01	     -7.69	0	Gaussian	9990000000.000000	9990000000.000000
1400	1	1057.484075	385.964792	     -1.00	   3382.38	   2077.33	      1.95	      1.39	     34.14	     24.37	32.09	 2.055e+01	     -7.69	0	Gaussian	9990000000.000000	9990000000.000000
1401	1	1054.769452	120.433899	     -1.00	   2581.39	   2711.55	      5.20	      1.67	     90.95	     29.30	22.78	 1.889e+01	     -7.69	0	Gaussian	9990000000.000000	9990000000.000000
1402	1	1047.944230	233.943710	     -1.00	   4601.64	   1003.41	      2.30	      1.94	     40.32	     33.97	8.30	 1.955e+01	     -7.68	0	Gaussian	9990000000.000000	9990000000.000000
1403	1	1048.912541	254.296352	     -1.00	   1294.53	   1566.38	      2.29	      1.79	     40.14	     31.37	-2.19	 1.989e+01	     -7.68	0	Gaussian	9990000000.000000	9990000000.000000
1404	1	1053.234083	177.502071	     -1.00	   4311.54	   1891.64	      2.43	      2.43	     42.46	     42.46	-22.10	 1.718e+01	     -7.68	0	Gaussian	9990000000.000000	9990000000.000000
1405	1	1047.235138	204.050424	     -1.00	   1885.35	    105.54	      2.48	      2.06	     43.49	     36.05	21.11	 1.915e+01	     -7.68	0	Gaussian	9990000000.000000	9990000000.000000
1406	1	1044.804459	285.908640	     -1.00	   1125.01	    551.54	      2.01	      1.81	     35.25	     31.70	-41.74	 1.972e+01	     -7.68	0	Gaussian	9990000000.000000	9990000000.000000
1407	1	1048.837051	148.384333	     -1.00	   1105.00	   1812.62	      3.01	      2.33	     52.65	     40.76	73.22	 2.434e+01	     -7.68	0	Gaussian	9990000000.000000	9990000000.000000
1408	1	1048.721679	305.737403	     -1.00	   4688.56	   3183.69	      2.25	      1.51	     39.33	     26.48	36.52	 1.894e+01	     -7.68	0	Gaussian	9990000000.000000	9990000000.000000
1409	1	1052.550514	286.449059	     -1.00	   2260.19	    744.06	      2.17	      1.67	     38.05	     29.15	-86.90	 1.697e+01	     -7.68	0	Gaussian	9990000000.000000	9990000000.000000
1410	1	1050.446061	241.922251	     -1.00	   2680.53	    350.35	      2.72	      1.57	     47.69	     27.51	88.65	 1.719e+01	     -7.67	0	Gaussian	9990000000.000000	9990000000.000000
1411	1	1053.188367	212.144755	     -1.00	   2142.74	    600.88	      2.54	      1.92	     44.51	     33.58	56.50	 2.078e+01	     -7.67	0	Gaussian	9990000000.000000	9990000000.000000
1412	1	1049.449504	267.608720	     -1.00	   2286.33	   3212.87	      2.12	      1.82	     37.09	     31.92	34.73	 1.988e+01	     -7.67	0	Gaussian	9990000000.000000	9990000000.000000
1413	1	1045.121609	235.157096	     -1.00	   1243.74	    278.43	      2.19	      2.00	     38.40	     35.06	-23.85	 1.809e+01	     -7.67	0	Gaussian	9990000000.000000	9990000000.000000
1414	1	1056.439208	202.661833	     -1.00	   2701.14	    633.39	      1.76	      1.24	     30.89	     21.75	-19.25	 2.788e+01	     -7.67	0	Gaussian	9990000000.000000	9990000000.000000
1415	1	1053.952455	319.070343	     -1.00	   4069.29	    790.73	      2.02	      1.60	     35.31	     28.00	-63.60	 2.382e+01	     -7.67	0	Gaussian	9990000000.000000	9990000000.000000
1416	1	1054.601818	254.188668	     -1.00	   3039.38	   1119.35	      2.26	      1.79	     39.61	     31.31	-78.94	 2.402e+01	     -7.67	0	Gaussian	9990000000.000000	9990000000.000000
1417	1	1039.599603	310.438015	     -1.00	    685.83	   3572.01	      2.11	      1.57	     36.98	     27.41	-67.90	 1.997e+01	     -7.66	0	Gaussian	9990000000.000000	9990000000.000000
1418	1	1053.161739	324.301167	     -1.00	   3964.48	   3069.28	      1.94	      1.63	     33.97	     28.49	9.02	 1.869e+01	     -7.66	0	Gaussian	9990000000.000000	9990000000.000000
1419	1	1050.816887	332.030119	     -1.00	   2365.46	   3326.24	      1.91	      1.62	     33.36	     28.30	45.21	 1.780e+01	     -7.66	0	Gaussian	9990000000.000000	9990000000.000000
1420	1	1050.276639	228.378462	     -1.00	   4180.73	   3766.59	      2.34	      1.91	     41.04	     33.44	-64.71	 2.230e+01	     -7.66	0	Gaussian	9990000000.000000	9990000000.000000
1421	1	1052.904851	477.087191	     -1.00	   2830.64	   3401.10	      1.68	      1.28	     29.43	     22.37	-14.59	 2.251e+01	     -7.66	0	Gaussian	9990000000.000000	9990000000.000000
1422	1	1053.586601	477.324566	     -1.00	   2091.05	   1509.08	      1.75	      1.22	     30.63	     21.44	-29.90	 2.084e+01	     -7.66	0	Gaussian	9990000000.000000	9990000000.000000
1423	1	1051.648929	256.666442	     -1.00	   2114.71	   2382.14	      2.18	      1.83	     38.09	     31.96	-14.32	 1.772e+01	     -7.66	0	Gaussian	9990000000.000000	9990000000.000000
1424	1	1054.924128	556.494241	     -1.00	   2815.23	    716.95	      1.66	      1.11	     29.06	     19.47	-24.82	 2.093e+01	     -7.66	0	Gaussian	9990000000.000000	9990000000.000000
1425	1	1051.517390	252.416474	     -1.00	   2044.30	   1146.78	      2.31	      1.74	     40.46	     30.52	21.14	 1.947e+01	     -7.65	0	Gaussian	9990000000.000000	9990000000.000000
1426	1	1055.757528	551.253857	     -1.00	   3336.71	   1405.89	      1.56	      1.18	     27.35	     20.69	27.73	 1.994e+01	     -7.65	0	Gaussian	9990000000.000000	9990000000.000000
1427	1	1049.583477	350.776988	     -1.00	   1753.35	   2656.70	      2.00	      1.44	     35.04	     25.21	-41.14	 1.542e+01	     -7.65	0	Gaussian	9990000000.000000	9990000000.000000
1428	1	1047.946329	226.890498	     -1.00	   3463.56	    465.30	      2.41	      1.85	     42.17	     32.34	69.23	 1.831e+01	     -7.65	0	Gaussian	9990000000.000000	9990000000.000000
1429	1	1054.529692	289.948639	     -1.00	   4418.27	   2958.72	      2.37	      1.47	     41.48	     25.71	13.93	 2.188e+01	     -7.65	0	Gaussian	9990000000.000000	9990000000.000000
1430	1	1046.822302	215.160326	     -1.00	   4740.47	   3698.19	      2.28	      2.06	     39.88	     35.99	-20.90	 1.702e+01	     -7.64	0	Gaussian	9990000000.000000	9990000000.000000
1431	1	1055.355989	213.755717	     -1.00	   2253.83	   1145.40	      2.23	      2.11	     39.06	     36.94	38.49	 2.075e+01	     -7.64	0	Gaussian	9990000000.000000	9990000000.000000
1432	1	1055.769830	341.999935	     -1.00	   3963.09	   1707.24	      1.71	      1.71	     30.01	     30.01	32.93	 1.972e+01	     -7.64	0	Gaussian	9990000000.000000	9990000000.000000
1433	1	1046.707622	220.335655	     -1.00	   2770.38	    152.54	      2.41	      1.89	     42.12	     33.17	69.16	 1.901e+01	     -7.64	0	Gaussian	9990000000.000000	9990000000.000000
1434	1	1051.900023	163.475016	     -1.00	   2737.02	   3773.59	      2.57	      2.39	     44.93	     41.88	0.39	 2.964e+01	     -7.64	0	Gaussian	9990000000.000000	9990000000.000000
1435	1	1053.763335	192.639325	     -1.00	   2232.73	   1799.31	      2.83	      1.84	     49.53	     32.23	57.23	 2.196e+01	     -7.64	0	Gaussian	9990000000.000000	9990000000.000000
1436	1	1054.304638	359.553158	     -1.00	   4381.70	   1384.35	      1.98	      1.41	     34.67	     24.65	-46.77	 2.135e+01	     -7.64	0	Gaussian	9990000000.000000	9990000000.000000
1437	1	1056.525152	202.778955	     -1.00	   2273.96	   1302.53	      2.33	      2.12	     40.77	     37.16	71.04	 2.124e+01	     -7.64	0	Gaussian	9990000000.000000	9990000000.000000
1438	1	1052.723509	173.245121	     -1.00	   2803.66	   1024.08	      2.69	      2.15	     47.08	     37.62	62.03	 1.761e+01	     -7.64	0	Gaussian	9990000000.000000	9990000000.000000
1439	1	1051.909402	322.619593	     -1.00	   2064.16	   1642.27	      2.05	      1.51	     35.85	     26.49	-12.29	 2.080e+01	     -7.64	0	Gaussian	9990000000.000000	9990000000.000000
1440	1	1048.380101	188.508681	     -1.00	   4758.08	   3806.15	      2.35	      2.26	     41.07	     39.54	-39.33	 1.776e+01	     -7.63	0	Gaussian	9990000000.000000	9990000000.000000
1441	1	1053.512471	393.363453	     -1.00	   2844.81	    615.88	      1.82	      1.40	     31.85	     24.43	48.80	 2.340e+01	     -7.63	0	Gaussian	9990000000.000000	9990000000.000000
1442	1	1060.840958	332.684651	     -1.00	   2569.06	   2377.85	      1.92	      1.56	     33.61	     27.37	2.21	 2.129e+01	     -7.63	0	Gaussian	9990000000.000000	9990000000.000000
1443	1	1052.460014	326.143604	     -1.00	   3502.30	    267.70	      2.08	      1.47	     36.45	     25.72	-47.71	 1.959e+01	     -7.63	0	Gaussian	9990000000.000000	9990000000.000000
1444	1	1055.917769	399.355987	     -1.00	   3058.29	   2312.98	      1.86	      1.34	     32.61	     23.48	20.14	 1.941e+01	     -7.63	0	Gaussian	9990000000.000000	9990000000.000000
1445	1	1051.802854	250.414405	     -1.00	   4831.74	   1421.09	      2.34	      1.70	     40.89	     29.82	3.67	 1.994e+01	     -7.63	0	Gaussian	9990000000.000000	9990000000.000000
1446	1	1048.993561	198.228559	     -1.00	   2898.37	     86.69	      2.61	      1.93	     45.62	     33.72	88.19	 1.563e+01	     -7.63	0	Gaussian	9990000000.000000	9990000000.000000
1447	1	1046.711496	238.731759	     -1.00	   2096.16	    131.32	      2.30	      1.81	     40.22	     31.75	70.98	 1.913e+01	     -7.63	0	Gaussian	9990000000.000000	9990000000.000000
1448	1	1049.027350	231.894080	     -1.00	   2311.73	    154.51	      2.55	      1.68	     44.56	     29.49	49.12	 1.845e+01	     -7.63	0	Gaussian	9990000000.000000	9990000000.000000
1449	1	1049.678975	336.418843	     -1.00	   1519.08	   3066.16	      1.72	      1.72	     30.09	     30.09	-15.84	 1.766e+01	     -7.63	0	Gaussian	9990000000.000000	9990000000.000000
1450	1	1048.154852	247.047324	     -1.00	   4971.15	    551.33	      2.68	      1.50	     46.95	     26.24	2.50	 2.081e+01	     -7.63	0	Gaussian	9990000000.000000	9990000000.000000
1451	1	1052.056507	119.842905	     -1.00	   4506.67	   3143.46	      3.08	      2.69	     53.85	     47.16	51.23	 1.758e+01	     -7.63	0	Gaussian	9990000000.000000	9990000000.000000
1452	1	1063.167554	520.798194	     -1.00	   3260.30	   1371.95	      1.71	      1.12	     29.94	     19.68	-15.99	 5.972e+01	     -7.62	0	Gaussian	9990000000.000000	9990000000.000000
1453	1	1049.241300	245.041576	     -1.00	   4814.43	   3032.41	      2.21	      1.83	     38.63	     31.96	-1.33	 1.954e+01	     -7.62	0	Gaussian	9990000000.000000	9990000000.000000
1454	1	1053.827549	234.046202	     -1.00	   2942.10	   2952.61	      2.31	      1.82	     40.51	     31.88	-14.21	 2.076e+01	     -7.62	0	Gaussian	9990000000.000000	9990000000.000000
1455	1	1054.692631	207.936078	     -1.00	   4007.48	    851.84	      2.18	      2.18	     38.11	     38.11	19.41	 1.767e+01	     -7.62	0	Gaussian	9990000000.000000	9990000000.000000
1456	1	1051.766699	211.524914	     -1.00	   4510.41	   3534.78	      2.42	      1.92	     42.38	     33.67	84.32	 1.986e+01	     -7.62	0	Gaussian	9990000000.000000	9990000000.000000
1457	1	1052.977717	129.944140	     -1.00	   4531.06	   3117.28	      3.81	      1.99	     66.66	     34.80	14.86	 1.965e+01	     -7.62	0	Gaussian	9990000000.000000	9990000000.000000
1458	1	1049.410832	253.947316	     -1.00	   4604.35	    813.89	      2.03	      2.03	     35.52	     35.47	5.35	 2.232e+01	     -7.62	0	Gaussian	9990000000.000000	9990000000.000000
1459	1	1049.895906	258.896129	     -1.00	   4423.50	   1166.30	      2.01	      1.89	     35.19	     33.07	-2.77	 1.889e+01	     -7.62	0	Gaussian	9990000000.000000	9990000000.000000
1460	1	1048.439438	149.264253	     -1.00	   1952.82	     34.70	      2.99	      2.20	     52.35	     38.52	54.48	 1.817e+01	     -7.62	0	Gaussian	9990000000.000000	9990000000.000000
1461	1	1047.026191	233.244811	     -1.00	   1416.35	    708.81	      2.62	      1.61	     45.78	     28.14	21.92	 1.867e+01	     -7.61	0	Gaussian	9990000000.000000	9990000000.000000
1462	1	1055.198709	263.300699	     -1.00	   2045.11	   1993.47	      2.15	      1.73	     37.65	     30.29	-18.75	 2.340e+01	     -7.61	0	Gaussian	9990000000.000000	9990000000.000000
1463	1	1054.752425	196.167924	     -1.00	   2105.37	   1101.60	      2.23	      2.23	     39.08	     39.08	-4.69	 1.944e+01	     -7.61	0	Gaussian	9990000000.000000	9990000000.000000
1464	1	1052.149102	207.973764	     -1.00	   4457.02	   1408.76	      2.67	      1.76	     46.66	     30.87	33.00	 1.560e+01	     -7.61	0	Gaussian	9990000000.000000	9990000000.000000
1465	1	1049.033503	211.723150	     -1.00	   2826.30	    477.57	      2.33	      1.98	     40.76	     34.60	57.83	 1.764e+01	     -7.61	0	Gaussian	9990000000.000000	9990000000.000000
1466	1	1058.803847	343.582428	     -1.00	   2916.02	   1372.66	      1.68	      1.68	     29.40	     29.40	-23.08	 2.190e+01	     -7.60	0	Gaussian	9990000000.000000	9990000000.000000
1467	1	1051.665037	134.066508	     -1.00	   2122.15	    892.46	      3.47	      2.08	     60.68	     36.49	61.62	 2.024e+01	     -7.60	0	Gaussian	9990000000.000000	9990000000.000000
1468	1	1049.093048	259.317274	     -1.00	   2554.32	   3438.44	      2.07	      1.80	     36.25	     31.56	-28.56	 1.865e+01	     -7.60	0	Gaussian	9990000000.000000	9990000000.000000
1469	1	1055.713365	268.362095	     -1.00	   3310.96	   2372.38	      2.04	      1.76	     35.74	     30.86	2.27	 1.882e+01	     -7.60	0	Gaussian	9990000000.000000	9990000000.000000
1470	1	1051.177956	243.910124	     -1.00	   1720.74	   1180.12	      2.28	      1.74	     39.84	     30.38	46.79	 1.970e+01	     -7.60	0	Gaussian	9990000000.000000	9990000000.000000
1471	1	1050.823082	293.113636	     -1.00	   3475.08	    745.46	      2.06	      1.60	     35.98	     27.98	-86.62	 1.880e+01	     -7.59	0	Gaussian	9990000000.000000	9990000000.000000
1472	1	1055.926396	338.349221	     -1.00	   2475.96	    965.14	      1.89	      1.50	     33.14	     26.22	54.12	 1.893e+01	     -7.59	0	Gaussian	9990000000.000000	9990000000.000000
1473	1	1054.860705	282.312597	     -1.00	   4223.76	   1160.25	      2.05	      1.66	     35.89	     29.02	-24.43	 1.897e+01	     -7.59	0	Gaussian	9990000000.000000	9990000000.000000
1474	1	1046.435223	173.387054	     -1.00	   2163.44	     31.01	      2.62	      2.11	     45.91	     36.93	89.49	 1.698e+01	     -7.59	0	Gaussian	9990000000.000000	9990000000.000000
1475	1	1051.777964	263.027470	     -1.00	   4148.44	   2391.59	      2.18	      1.67	     38.21	     29.24	40.82	 1.970e+01	     -7.59	0	Gaussian	9990000000.000000	9990000000.000000
1476	1	1064.071125	358.819130	     -1.00	   2218.93	   3083.60	      1.70	      1.57	     29.79	     27.43	-89.45	 6.066e+01	     -7.59	0	Gaussian	9990000000.000000	9990000000.000000
1477	1	1053.819351	343.617754	     -1.00	   2801.02	   2293.20	      2.06	      1.35	     36.05	     23.67	-23.80	 1.945e+01	     -7.59	0	Gaussian	9990000000.000000	9990000000.000000
1478	1	1056.071300	307.941235	     -1.00	   3088.02	   1345.54	      1.99	      1.56	     34.77	     27.38	75.05	 2.160e+01	     -7.59	0	Gaussian	9990000000.000000	9990000000.000000
1479	1	1048.936265	200.919478	     -1.00	   2104.66	     37.83	      2.53	      1.88	     44.23	     32.96	-76.27	 1.958e+01	     -7.59	0	Gaussian	9990000000.000000	9990000000.000000
1480	1	1048.313963	181.545046	     -1.00	   1815.72	    669.10	      2.43	      2.16	     42.59	     37.85	-46.02	 1.781e+01	     -7.59	0	Gaussian	9990000000.000000	9990000000.000000
1481	1	1052.650901	177.295216	     -1.00	   4049.21	   1541.37	      2.90	      1.86	     50.77	     32.47	-7.10	 1.991e+01	     -7.58	0	Gaussian	9990000000.000000	9990000000.000000
1482	1	1049.101253	203.052676	     -1.00	   5139.77	   3280.49	      2.72	      1.72	     47.62	     30.05	24.08	 1.977e+01	     -7.58	0	Gaussian	9990000000.000000	9990000000.000000
1483	1	1048.509657	223.381181	     -1.00	   3237.55	   3875.87	      2.18	      1.94	     38.22	     34.00	78.81	 1.633e+01	     -7.58	0	Gaussian	9990000000.000000	9990000000.000000
1484	1	1055.507355	272.519883	     -1.00	   3377.13	   1565.25	      2.07	      1.68	     36.23	     29.34	-29.50	 1.702e+01	     -7.57	0	Gaussian	9990000000.000000	9990000000.000000
1485	1	1047.153175	365.092641	     -1.00	   1597.29	   3524.69	      1.89	      1.37	     33.06	     23.93	-43.92	 1.922e+01	     -7.57	0	Gaussian	9990000000.000000	9990000000.000000
1486	1	1048.977521	165.634008	     -1.00	   2303.46	    177.52	      2.61	      2.17	     45.73	     37.92	-65.92	 1.668e+01	     -7.57	0	Gaussian	9990000000.000000	9990000000.000000
1487	1	1056.158249	183.236593	     -1.00	   3195.92	   1342.75	      2.33	      2.19	     40.77	     38.41	35.78	 2.323e+01	     -7.56	0	Gaussian	9990000000.000000	9990000000.000000
1488	1	1055.902378	240.783242	     -1.00	   3421.00	   1403.34	      1.97	      1.97	     34.52	     34.52	-40.20	 2.262e+01	     -7.56	0	Gaussian	9990000000.000000	9990000000.000000
1489	1	1048.324003	213.167779	     -1.00	   1945.55	     83.14	      2.16	      2.04	     37.73	     35.65	-30.46	 1.787e+01	     -7.56	0	Gaussian	9990000000.000000	9990000000.000000
1490	1	1050.817479	179.186599	     -1.00	   3872.38	    776.11	      2.60	      2.01	     45.55	     35.11	46.24	 1.550e+01	     -7.56	0	Gaussian	9990000000.000000	9990000000.000000
1491	1	1053.619010	256.906170	     -1.00	   4597.76	   3169.26	      2.10	      1.73	     36.73	     30.35	11.56	 2.938e+01	     -7.56	0	Gaussian	9990000000.000000	9990000000.000000
1492	1	1054.477308	218.196698	     -1.00	   4259.53	   2873.19	      2.30	      1.86	     40.26	     32.58	-38.90	 2.169e+01	     -7.56	0	Gaussian	9990000000.000000	9990000000.000000
1493	1	1055.759910	293.662205	     -1.00	   4069.83	   1069.01	      1.85	      1.72	     32.34	     30.08	20.91	 2.096e+01	     -7.56	0	Gaussian	9990000000.000000	9990000000.000000
1494	1	1047.698911	243.416318	     -1.00	   4852.16	   3323.19	      1.96	      1.96	     34.23	     34.23	-84.29	 1.844e+01	     -7.56	0	Gaussian	9990000000.000000	9990000000.000000
1495	1	1053.875579	198.446246	     -1.00	   2005.03	   1212.66	      2.42	      1.94	     42.28	     33.93	57.47	 1.835e+01	     -7.56	0	Gaussian	9990000000.000000	9990000000.000000
1496	1	1052.715850	231.799468	     -1.00	   3578.20	   2608.50	      2.28	      1.75	     39.88	     30.68	86.80	 2.119e+01	     -7.55	0	Gaussian	9990000000.000000	9990000000.000000
1497	1	1056.058228	278.834632	     -1.00	   3688.42	   1587.54	      1.82	      1.82	     31.89	     31.89	-9.28	 1.710e+01	     -7.55	0	Gaussian	9990000000.000000	9990000000.000000
1498	1	1057.379462	268.250085	     -1.00	   4365.53	   1650.52	      2.20	      1.57	     38.54	     27.42	47.03	 3.142e+01	     -7.55	0	Gaussian	9990000000.000000	9990000000.000000
1499	1	1056.089656	338.145654	     -1.00	   3272.75	   1760.03	      1.65	      1.65	     28.95	     28.95	-64.29	 2.688e+01	     -7.55	0	Gaussian	9990000000.000000	9990000000.000000
1500	1	1050.634507	195.552782	     -1.00	   3612.29	   3638.56	      2.33	      2.03	     40.70	     35.53	71.64	 1.985e+01	     -7.55	0	Gaussian	9990000000.000000	9990000000.000000
1501	1	1051.892416	154.811192	     -1.00	   2367.65	   3198.56	      2.67	      2.23	     46.72	     38.96	38.86	 1.732e+01	     -7.54	0	Gaussian	9990000000.000000	9990000000.000000
1502	1	1049.591536	138.629934	     -1.00	   1836.28	   1570.55	      2.57	      2.57	     45.06	     45.03	44.96	 1.854e+01	     -7.54	0	Gaussian	9990000000.000000	9990000000.000000
1503	1	1058.558797	242.011340	     -1.00	   3720.86	   2058.49	      2.00	      1.89	     34.94	     33.14	62.80	 2.016e+01	     -7.54	0	Gaussian	9990000000.000000	9990000000.000000
1504	1	1054.251693	229.762628	     -1.00	   3340.70	   1224.83	      2.00	      2.00	     34.92	     34.92	-7.41	 1.812e+01	     -7.54	0	Gaussian	9990000000.000000	9990000000.000000
1505	1	1055.057319	214.835783	     -1.00	   2823.64	   1485.29	      2.45	      1.73	     42.93	     30.30	-83.89	 1.931e+01	     -7.54	0	Gaussian	9990000000.000000	9990000000.000000
1506	1	1059.093201	357.283096	     -1.00	   2689.74	   1744.37	      1.82	      1.40	     31.92	     24.46	-51.73	 2.805e+01	     -7.53	0	Gaussian	9990000000.000000	9990000000.000000
1507	1	1057.849022	137.122254	     -1.00	   2291.87	   1350.71	      3.02	      2.20	     52.93	     38.43	81.34	 1.965e+01	     -7.53	0	Gaussian	9990000000.000000	9990000000.000000
1508	1	1054.751280	157.115621	     -1.00	   2389.35	    681.62	      2.78	      2.09	     48.60	     36.50	-79.09	 2.071e+01	     -7.53	0	Gaussian	9990000000.000000	9990000000.000000
1509	1	1056.712671	303.607324	     -1.00	   2874.91	   1236.61	      1.92	      1.56	     33.57	     27.34	-38.81	 1.976e+01	     -7.53	0	Gaussian	9990000000.000000	9990000000.000000
1510	1	1051.404538	223.465006	     -1.00	   4187.83	    694.63	      2.35	      1.73	     41.11	     30.31	36.03	 2.087e+01	     -7.53	0	Gaussian	9990000000.000000	9990000000.000000
1511	1	1061.232021	211.288534	     -1.00	   3254.19	   1886.08	      2.74	      1.57	     47.94	     27.45	63.32	 2.252e+01	     -7.53	0	Gaussian	9990000000.000000	9990000000.000000
1512	1	1050.964707	262.843508	     -1.00	   2357.85	    574.99	      2.13	      1.62	     37.21	     28.42	15.75	 1.704e+01	     -7.53	0	Gaussian	9990000000.000000	9990000000.000000
1513	1	1049.121457	206.320942	     -1.00	   4027.59	    253.36	      2.35	      1.87	     41.05	     32.76	-87.19	 1.875e+01	     -7.53	0	Gaussian	9990000000.000000	9990000000.000000
1514	1	1054.733064	234.865947	     -1.00	   4763.16	   2597.22	      2.03	      1.90	     35.57	     33.21	3.75	 3.989e+01	     -7.53	0	Gaussian	9990000000.000000	9990000000.000000
1515	1	1055.588894	237.601177	     -1.00	   2479.36	    634.40	      1.95	      1.95	     34.15	     34.15	-73.50	 2.311e+01	     -7.53	0	Gaussian	9990000000.000000	9990000000.000000
1516	1	1056.621692	273.865819	     -1.00	   2564.21	    786.37	      1.82	      1.81	     31.91	     31.68	-37.54	 2.182e+01	     -7.53	0	Gaussian	9990000000.000000	9990000000.000000
1517	1	1054.660740	163.086422	     -1.00	   4374.62	   2812.74	      2.73	      2.03	     47.81	     35.46	9.22	 2.095e+01	     -7.52	0	Gaussian	9990000000.000000	9990000000.000000
1518	1	1052.854199	233.729724	     -1.00	   4995.90	   1641.43	      2.54	      1.52	     44.45	     26.59	12.41	 2.133e+01	     -7.52	0	Gaussian	9990000000.000000	9990000000.000000
1519	1	1051.508174	212.169685	     -1.00	   3650.60	   1081.98	      2.50	      1.69	     43.82	     29.67	25.86	 1.864e+01	     -7.52	0	Gaussian	9990000000.000000	9990000000.000000
1520	1	1051.265773	140.346298	     -1.00	   4480.91	   2014.67	      3.02	      2.12	     52.94	     37.05	59.49	 1.593e+01	     -7.52	0	Gaussian	9990000000.000000	9990000000.000000
1521	1	1055.862212	281.282606	     -1.00	   2389.15	   1125.75	      2.12	      1.51	     37.02	     26.40	39.40	 1.791e+01	     -7.52	0	Gaussian	9990000000.000000	9990000000.000000
1522	1	1054.902058	243.912835	     -1.00	   5047.73	   2598.92	      1.92	      1.92	     33.54	     33.54	-72.84	 2.889e+01	     -7.52	0	Gaussian	9990000000.000000	9990000000.000000
1523	1	1055.128099	 90.499413	     -1.00	   2328.19	   1115.33	      3.36	      2.95	     58.76	     51.58	-73.79	 2.258e+01	     -7.52	0	Gaussian	9990000000.000000	9990000000.000000
1524	1	1058.027057	321.657296	     -1.00	   2614.16	   1410.07	      1.88	      1.48	     32.94	     25.84	-56.04	 2.001e+01	     -7.51	0	Gaussian	9990000000.000000	9990000000.000000
1525	1	1047.841843	196.605619	     -1.00	   5355.49	   2651.26	      2.71	      1.68	     47.39	     29.37	11.56	 1.738e+01	     -7.51	0	Gaussian	9990000000.000000	9990000000.000000
1526	1	1053.222881	216.114713	     -1.00	   4442.66	   2926.35	      2.18	      1.89	     38.24	     33.07	19.79	 2.011e+01	     -7.51	0	Gaussian	9990000000.000000	9990000000.000000
1527	1	1050.291802	245.507556	     -1.00	   4521.32	   3615.84	      2.08	      1.74	     36.45	     30.49	81.82	 1.826e+01	     -7.51	0	Gaussian	9990000000.000000	9990000000.000000
1528	1	1053.972080	211.958412	     -1.00	   2099.34	   1929.35	      2.26	      1.86	     39.50	     32.55	19.22	 1.753e+01	     -7.51	0	Gaussian	9990000000.000000	9990000000.000000
1529	1	1051.437188	144.472331	     -1.00	   4852.53	   1628.44	      2.87	      2.15	     50.16	     37.58	60.18	 1.679e+01	     -7.51	0	Gaussian	9990000000.000000	9990000000.000000
1530	1	1055.218245	230.107050	     -1.00	   4011.27	    694.97	      2.20	      1.75	     38.49	     30.71	-68.05	 2.094e+01	     -7.51	0	Gaussian	9990000000.000000	9990000000.000000
1531	1	1054.013040	269.570901	     -1.00	   3406.61	   1395.74	      1.87	      1.76	     32.68	     30.81	51.86	 2.319e+01	     -7.50	0	Gaussian	9990000000.000000	9990000000.000000
1532	1	1056.746639	370.659712	     -1.00	   3280.92	   2337.58	      1.73	      1.37	     30.36	     24.05	74.44	 1.795e+01	     -7.50	0	Gaussian	9990000000.000000	9990000000.000000
1533	1	1055.667486	437.969411	     -1.00	   4012.49	   2771.07	      1.71	      1.19	     29.90	     20.82	4.63	 2.232e+01	     -7.50	0	Gaussian	9990000000.000000	9990000000.000000
1534	1	1055.735354	219.339831	     -1.00	   3231.41	   1292.34	      2.37	      1.69	     41.42	     29.66	20.58	 1.908e+01	     -7.50	0	Gaussian	9990000000.000000	9990000000.000000
1535	1	1050.507960	159.939413	     -1.00	   4434.39	   1121.71	      2.52	      2.18	     44.19	     38.09	-39.56	 1.821e+01	     -7.50	0	Gaussian	9990000000.000000	9990000000.000000
1536	1	1048.148129	202.116703	     -1.00	   4185.91	    118.11	      2.57	      1.69	     45.03	     29.58	-6.32	 1.917e+01	     -7.50	0	Gaussian	9990000000.000000	9990000000.000000
1537	1	1056.241879	275.130592	     -1.00	   3869.04	   1871.26	      1.96	      1.63	     34.23	     28.51	-47.91	 2.111e+01	     -7.49	0	Gaussian	9990000000.000000	9990000000.000000
1538	1	1055.770828	183.698064	     -1.00	   3452.39	   1406.41	      2.62	      1.82	     45.80	     31.82	-10.51	 1.674e+01	     -7.49	0	Gaussian	9990000000.000000	9990000000.000000
1539	1	1053.224939	216.748083	     -1.00	   4705.24	   2551.25	      2.10	      1.92	     36.71	     33.60	29.73	 1.959e+01	     -7.49	0	Gaussian	9990000000.000000	9990000000.000000
1540	1	1053.396775	138.695636	     -1.00	   2634.05	    628.27	      3.16	      1.99	     55.35	     34.77	53.71	 1.811e+01	     -7.49	0	Gaussian	9990000000.000000	9990000000.000000
1541	1	1056.729536	208.025832	     -1.00	   3215.76	   1689.32	      2.56	      1.64	     44.73	     28.68	14.90	 2.184e+01	     -7.49	0	Gaussian	9990000000.000000	9990000000.000000
1542	1	1057.442524	322.906553	     -1.00	   2763.98	   1575.69	      1.77	      1.52	     31.02	     26.63	-41.26	 2.115e+01	     -7.49	0	Gaussian	9990000000.000000	9990000000.000000
1543	1	1051.196273	264.843961	     -1.00	   2832.85	    868.80	      1.81	      1.81	     31.66	     31.66	29.76	 1.829e+01	     -7.48	0	Gaussian	9990000000.000000	9990000000.000000
1544	1	1056.303932	314.548468	     -1.00	   4044.99	    717.41	      1.95	      1.41	     34.19	     24.66	-35.95	 2.356e+01	     -7.48	0	Gaussian	9990000000.000000	9990000000.000000
1545	1	1054.787336	147.478345	     -1.00	   2180.37	   1321.31	      2.84	      2.07	     49.68	     36.14	27.41	 1.732e+01	     -7.48	0	Gaussian	9990000000.000000	9990000000.000000
1546	1	1056.389489	197.890114	     -1.00	   2529.46	   1209.46	      2.41	      1.81	     42.20	     31.65	17.13	 2.112e+01	     -7.48	0	Gaussian	9990000000.000000	9990000000.000000
1547	1	1054.447302	232.444205	     -1.00	   3137.86	   3403.70	      2.08	      1.78	     36.33	     31.18	88.42	 1.800e+01	     -7.47	0	Gaussian	9990000000.000000	9990000000.000000
1548	1	1056.755563	223.527878	     -1.00	   3189.67	   1027.83	      1.96	      1.96	     34.26	     34.26	31.68	 2.407e+01	     -7.47	0	Gaussian	9990000000.000000	9990000000.000000
1549	1	1053.135627	264.729608	     -1.00	   4020.31	    711.12	      2.04	      1.58	     35.77	     27.69	21.20	 2.053e+01	     -7.47	0	Gaussian	9990000000.000000	9990000000.000000
1550	1	1052.878472	265.857087	     -1.00	   4001.50	    978.36	      1.90	      1.70	     33.17	     29.72	16.81	 1.841e+01	     -7.47	0	Gaussian	9990000000.000000	9990000000.000000
1551	1	1058.413499	 80.465189	     -1.00	   2637.56	   2333.27	      1.89	      1.04	     33.05	     18.21	-2.56	 2.547e+01	     -7.46	0	Gaussian	9990000000.000000	9990000000.000000
1552	1	1054.666628	184.414895	     -1.00	   3356.70	    644.08	      2.37	      1.95	     41.46	     34.18	0.63	 2.020e+01	     -7.46	0	Gaussian	9990000000.000000	9990000000.000000
1553	1	1055.452644	269.541662	     -1.00	   3050.14	   1214.48	      2.03	      1.56	     35.52	     27.28	5.53	 1.810e+01	     -7.46	0	Gaussian	9990000000.000000	9990000000.000000
1554	1	1053.839664	264.329701	     -1.00	   3781.54	   2975.16	      2.11	      1.52	     37.01	     26.69	86.64	 2.045e+01	     -7.46	0	Gaussian	9990000000.000000	9990000000.000000
1555	1	1054.130561	183.124810	     -1.00	   4719.69	   3235.04	      2.48	      1.87	     43.38	     32.80	81.88	 4.195e+01	     -7.46	0	Gaussian	9990000000.000000	9990000000.000000
1556	1	1055.890523	212.247284	     -1.00	   3263.57	   1141.68	      2.25	      1.78	     39.30	     31.24	-4.87	 2.607e+01	     -7.46	0	Gaussian	9990000000.000000	9990000000.000000
1557	1	1054.436468	234.465464	     -1.00	   2765.33	   1331.57	      2.34	      1.54	     41.01	     26.90	-8.90	 1.856e+01	     -7.45	0	Gaussian	9990000000.000000	9990000000.000000
1558	1	1055.809484	271.416914	     -1.00	   2768.40	   2760.37	      2.21	      1.40	     38.67	     24.44	-4.67	 2.209e+01	     -7.44	0	Gaussian	9990000000.000000	9990000000.000000
1559	1	1059.099350	262.962376	     -1.00	   2749.82	   2057.26	      2.21	      1.44	     38.70	     25.17	3.24	 2.064e+01	     -7.44	0	Gaussian	9990000000.000000	9990000000.000000
1560	1	1052.928744	195.571063	     -1.00	   1876.63	   2572.55	      2.20	      1.94	     38.44	     33.94	-12.31	 1.981e+01	     -7.44	0	Gaussian	9990000000.000000	9990000000.000000
1561	1	1051.865440	138.970890	     -1.00	   4455.45	    896.47	      3.10	      1.93	     54.33	     33.73	-46.69	 1.831e+01	     -7.43	0	Gaussian	9990000000.000000	9990000000.000000
1562	1	1056.513119	212.617150	     -1.00	   3509.53	   2399.72	      2.18	      1.80	     38.09	     31.44	-28.84	 2.168e+01	     -7.43	0	Gaussian	9990000000.000000	9990000000.000000
1563	1	1055.461252	219.275057	     -1.00	   2023.47	   1627.26	      2.22	      1.71	     38.78	     29.86	30.62	 2.379e+01	     -7.43	0	Gaussian	9990000000.000000	9990000000.000000
1564	1	1054.633971	197.999852	     -1.00	   2420.19	   1056.53	      2.19	      1.91	     38.30	     33.43	70.28	 1.999e+01	     -7.43	0	Gaussian	9990000000.000000	9990000000.000000
1565	1	1053.272865	114.446501	     -1.00	   4629.38	   1112.60	      2.91	      2.48	     50.98	     43.45	-57.92	 2.055e+01	     -7.43	0	Gaussian	9990000000.000000	9990000000.000000
1566	1	1057.628020	272.991282	     -1.00	   2702.39	   1493.40	      1.93	      1.55	     33.81	     27.20	25.11	 2.069e+01	     -7.42	0	Gaussian	9990000000.000000	9990000000.000000
1567	1	1056.063672	165.067994	     -1.00	   2301.57	   1974.34	      2.75	      1.81	     48.07	     31.65	-41.02	 2.047e+01	     -7.42	0	Gaussian	9990000000.000000	9990000000.000000
1568	1	1053.536342	185.497430	     -1.00	   3107.68	   1547.71	      2.35	      1.88	     41.08	     32.85	5.46	 3.208e+01	     -7.42	0	Gaussian	9990000000.000000	9990000000.000000
1569	1	1053.166239	202.130793	     -1.00	   3008.02	   1034.29	      2.47	      1.63	     43.27	     28.59	-2.60	 1.915e+01	     -7.42	0	Gaussian	9990000000.000000	9990000000.000000
1570	1	1057.253119	193.456379	     -1.00	   2957.54	   1436.50	      2.37	      1.77	     41.52	     31.01	62.99	 1.939e+01	     -7.41	0	Gaussian	9990000000.000000	9990000000.000000
1571	1	1054.816063	167.731133	     -1.00	   2739.16	   1135.30	      2.48	      1.95	     43.34	     34.11	60.05	 1.719e+01	     -7.41	0	Gaussian	9990000000.000000	9990000000.000000
1572	1	1056.363471	241.232615	     -1.00	   2806.48	   2112.46	      2.47	      1.35	     43.23	     23.69	-4.57	 1.870e+01	     -7.40	0	Gaussian	9990000000.000000	9990000000.000000
1573	1	1052.571993	211.432863	     -1.00	   3497.37	   3312.42	      2.34	      1.63	     41.02	     28.50	62.31	 1.966e+01	     -7.40	0	Gaussian	9990000000.000000	9990000000.000000
1574	1	1053.504746	223.364928	     -1.00	   2967.79	   3051.46	      2.02	      1.79	     35.35	     31.28	-83.32	 1.873e+01	     -7.40	0	Gaussian	9990000000.000000	9990000000.000000
1575	1	1055.172852	174.925860	     -1.00	   3315.66	    212.08	      1.36	      1.36	     23.89	     23.88	28.88	 3.393e+01	     -7.40	0	Gaussian	9990000000.000000	9990000000.000000
1576	1	1056.187326	162.794852	     -1.00	   4638.32	   1966.08	      2.71	      1.82	     47.51	     31.79	-78.45	 3.490e+01	     -7.40	0	Gaussian	9990000000.000000	9990000000.000000
1577	1	1052.310154	135.603594	     -1.00	   2974.41	    670.04	      2.77	      2.10	     48.56	     36.80	47.80	 1.906e+01	     -7.38	0	Gaussian	9990000000.000000	9990000000.000000
1578	1	1060.397633	261.163428	     -1.00	   2759.33	   1623.20	      1.73	      1.73	     30.36	     30.36	1.39	 2.210e+01	     -7.37	0	Gaussian	9990000000.000000	9990000000.000000
1579	1	1052.697054	187.672650	     -1.00	   3969.33	   2473.43	      2.24	      1.87	     39.18	     32.71	74.10	 1.863e+01	     -7.37	0	Gaussian	9990000000.000000	9990000000.000000
1580	1	1054.336675	237.598085	     -1.00	   2192.15	   1396.79	      2.13	      1.55	     37.26	     27.14	25.19	 1.980e+01	     -7.37	0	Gaussian	9990000000.000000	9990000000.000000
1581	1	1052.979609	187.082496	     -1.00	   1923.21	   2027.40	      2.49	      1.68	     43.67	     29.40	81.47	 1.924e+01	     -7.37	0	Gaussian	9990000000.000000	9990000000.000000
1582	1	1052.830405	217.593701	     -1.00	   4118.84	   1200.29	      2.07	      1.73	     36.26	     30.29	24.50	 1.915e+01	     -7.37	0	Gaussian	9990000000.000000	9990000000.000000
1583	1	1052.979624	268.063832	     -1.00	   3977.91	    821.81	      1.87	      1.55	     32.74	     27.10	-40.38	 1.795e+01	     -7.36	0	Gaussian	9990000000.000000	9990000000.000000
1584	1	1052.746944	198.629339	     -1.00	   3030.44	    768.26	      2.29	      1.71	     40.04	     29.89	-5.79	 1.791e+01	     -7.36	0	Gaussian	9990000000.000000	9990000000.000000
1585	1	1057.501499	136.480523	     -1.00	   3511.56	   1898.53	      2.91	      1.95	     50.85	     34.17	43.42	 2.212e+01	     -7.36	0	Gaussian	9990000000.000000	9990000000.000000
1586	1	1056.397962	125.166693	     -1.00	   3909.76	   2773.33	      2.48	      2.48	     43.48	     43.48	13.15	 1.906e+01	     -7.36	0	Gaussian	9990000000.000000	9990000000.000000
1587	1	1055.810208	166.618814	     -1.00	   4421.69	   3059.52	      2.56	      1.80	     44.89	     31.55	15.89	 2.309e+01	     -7.35	0	Gaussian	9990000000.000000	9990000000.000000
1588	1	1057.982524	382.087718	     -1.00	   3226.73	   2281.08	      1.67	      1.21	     29.20	     21.14	-50.01	 2.202e+01	     -7.35	0	Gaussian	9990000000.000000	9990000000.000000
1589	1	1053.639616	288.667815	     -1.00	   4380.69	   3231.93	      1.63	      1.63	     28.57	     28.57	-17.49	 1.756e+01	     -7.35	0	Gaussian	9990000000.000000	9990000000.000000
1590	1	1057.591950	202.615381	     -1.00	   2725.46	   2081.57	      2.06	      1.84	     36.07	     32.21	13.07	 2.368e+01	     -7.35	0	Gaussian	9990000000.000000	9990000000.000000
1591	1	1057.269188	146.766018	     -1.00	   2729.94	    913.50	      2.93	      1.75	     51.26	     30.68	64.72	 4.555e+01	     -7.33	0	Gaussian	9990000000.000000	9990000000.000000
1592	1	1051.601289	226.631718	     -1.00	   4706.31	   3305.27	      2.23	      1.49	     38.96	     26.11	44.38	 2.019e+01	     -7.33	0	Gaussian	9990000000.000000	9990000000.000000
1593	1	1057.527204	217.718083	     -1.00	   2827.38	    973.12	      2.07	      1.66	     36.17	     29.10	-69.65	 2.002e+01	     -7.32	0	Gaussian	9990000000.000000	9990000000.000000
1594	1	1056.207278	137.848633	     -1.00	   2959.30	   1211.35	      3.45	      1.57	     60.32	     27.46	15.89	 1.895e+01	     -7.32	0	Gaussian	9990000000.000000	9990000000.000000
1595	1	1058.022570	180.739511	     -1.00	   3968.65	   2814.29	      2.02	      2.02	     35.42	     35.42	-22.79	 2.297e+01	     -7.31	0	Gaussian	9990000000.000000	9990000000.000000
1596	1	1056.711294	161.411077	     -1.00	   2992.36	   1362.32	      2.42	      1.87	     42.36	     32.68	-16.35	 1.957e+01	     -7.29	0	Gaussian	9990000000.000000	9990000000.000000
1597	1	1060.235182	198.174473	     -1.00	   2641.28	   2567.62	      1.90	      1.90	     33.31	     33.31	40.28	 1.914e+01	     -7.28	0	Gaussian	9990000000.000000	9990000000.000000
1598	1	1058.074095	130.148828	     -1.00	   2101.06	   1145.44	      3.06	      1.79	     53.63	     31.35	1.45	 3.468e+01	     -7.27	0	Gaussian	9990000000.000000	9990000000.000000
1599	1	1056.911048	143.232058	     -1.00	   2481.32	   1309.44	      2.61	      1.90	     45.75	     33.26	52.05	 1.910e+01	     -7.27	0	Gaussian	9990000000.000000	9990000000.000000
1600	1	1056.262707	246.799669	     -1.00	   4444.25	   3016.85	      1.99	      1.42	     34.86	     24.89	26.92	 1.826e+01	     -7.25	0	Gaussian	9990000000.000000	9990000000.000000
1601	1	1055.430124	233.746769	     -1.00	   2841.33	    792.35	      2.04	      1.47	     35.68	     25.66	34.80	 2.166e+01	     -7.25	0	Gaussian	9990000000.000000	9990000000.000000
1602	1	1058.132776	179.767139	     -1.00	   2338.68	   1923.42	      2.42	      1.58	     42.42	     27.71	-34.49	 2.122e+01	     -7.23	0	Gaussian	9990000000.000000	9990000000.000000
1603	1	1055.796442	389.400539	     -1.00	   2088.05	   2462.80	      1.34	      1.20	     23.41	     21.09	63.22	 2.131e+01	     -7.23	0	Gaussian	9990000000.000000	9990000000.000000
1604	1	1059.288226	171.356202	     -1.00	   2822.39	   1378.66	      2.34	      1.71	     41.04	     29.94	57.38	 2.795e+01	     -7.23	0	Gaussian	9990000000.000000	9990000000.000000
1605	1	1056.105134	135.390982	     -1.00	   3106.53	   2492.24	      2.23	      2.23	     39.10	     39.10	61.68	 1.805e+01	     -7.21	0	Gaussian	9990000000.000000	9990000000.000000
1606	1	1057.428171	143.756254	     -1.00	   3700.27	   2115.76	      2.53	      1.85	     44.30	     32.41	-56.23	 3.130e+01	     -7.21	0	Gaussian	9990000000.000000	9990000000.000000
1607	1	1054.814760	167.078552	     -1.00	   3570.19	   1810.82	      2.16	      1.86	     37.89	     32.53	-74.56	 1.957e+01	     -7.20	0	Gaussian	9990000000.000000	9990000000.000000
1608	1	1055.577420	173.055032	     -1.00	   2677.39	   1431.30	      2.38	      1.61	     41.66	     28.21	-11.94	 1.837e+01	     -7.19	0	Gaussian	9990000000.000000	9990000000.000000
1609	1	1057.394529	172.568344	     -1.00	   2429.73	   1914.70	      2.08	      1.85	     36.37	     32.40	66.85	 1.991e+01	     -7.19	0	Gaussian	9990000000.000000	9990000000.000000
1610	1	1055.143928	133.149076	     -1.00	   2372.49	   2081.78	      2.25	      2.16	     39.33	     37.78	9.25	 2.140e+01	     -7.18	0	Gaussian	9990000000.000000	9990000000.000000
1611	1	1061.307959	158.036519	     -1.00	   3127.28	   2358.28	      2.14	      1.91	     37.43	     33.46	79.49	 2.094e+01	     -7.16	0	Gaussian	9990000000.000000	9990000000.000000
1612	1	1063.112997	242.459371	     -1.00	   3397.99	   1862.46	      1.84	      1.45	     32.12	     25.31	65.55	 2.726e+01	     -7.16	0	Gaussian	9990000000.000000	9990000000.000000
1613	1	1059.704532	130.970727	     -1.00	   3041.42	   1233.24	      2.83	      1.72	     49.56	     30.19	-25.32	 1.686e+01	     -7.15	0	Gaussian	9990000000.000000	9990000000.000000
1614	1	1058.981062	138.755801	     -1.00	   2910.23	   2307.52	      2.64	      1.68	     46.17	     29.35	-56.19	 1.721e+01	     -7.11	0	Gaussian	9990000000.000000	9990000000.000000
1615	1	1057.975584	181.031345	     -1.00	   3623.35	   2554.32	      1.99	      1.67	     34.82	     29.15	31.79	 2.004e+01	     -7.08	0	Gaussian	9990000000.000000	9990000000.000000
1616	1	1057.843311	168.830843	     -1.00	   4225.00	   2788.76	      2.66	      2.23	     46.63	     38.95	-61.44	 2.054e+01	     -6.92	0	Gaussian	9990000000.000000	9990000000.000000
