# 1105 stars found using the following parameters:
# sigma=1.00 roundness=0.10 radius=5 relax=1 profile=0 minbeta=1.5 max_stars=0 layer=1 minA=0.00 maxA=0.00 maxR=1.00
# star#	layer	B	A	beta	X	Y	FWHMx [px]	FWHMy [px]	FWHMx ["]	FWHMy ["]	angle	RMSE	mag	Sat	Profile	RA	Dec
1	1	  0.002058	  0.394269	     -1.00	    167.59	     38.24	      2.41	      2.33	     42.11	     40.74	60.25	 1.585e-03	     -1.00	0	Gaussian	312.520594	44.059918
2	1	  0.001728	  0.217367	     -1.00	    428.03	    564.81	      2.45	      2.45	     42.89	     42.89	-56.67	 8.189e-04	     -0.42	0	Gaussian	310.484204	41.716968
3	1	  0.001776	  0.154929	     -1.00	    535.67	    205.53	      2.37	      2.31	     41.40	     40.35	10.03	 6.866e-04	      0.05	0	Gaussian	310.011383	43.458214
4	1	  0.001695	  0.093869	     -1.00	    748.33	    579.97	      2.40	      2.40	     41.94	     41.94	78.66	 3.613e-04	      0.53	0	Gaussian	308.451453	41.772356
5	1	  0.001805	  0.096130	     -1.00	    619.69	     27.62	      2.37	      2.28	     41.55	     39.85	9.48	 6.324e-04	      0.58	0	Gaussian	309.564672	44.332316
6	1	  0.001736	  0.083296	     -1.00	    691.69	    550.77	      2.45	      2.34	     42.86	     41.04	24.96	 3.282e-04	      0.67	0	Gaussian	308.824265	41.890443
7	1	  0.001716	  0.079280	     -1.00	    706.67	    719.53	      2.43	      2.29	     42.62	     40.05	13.39	 4.372e-04	      0.75	0	Gaussian	308.649149	41.098741
8	1	  0.001657	  0.072073	     -1.00	    532.09	    462.04	      2.42	      2.40	     42.29	     42.05	24.28	 2.484e-04	      0.81	0	Gaussian	309.885487	42.246870
9	1	  0.001655	  0.065083	     -1.00	    459.30	    676.91	      2.43	      2.43	     42.45	     42.45	-34.97	 2.314e-04	      0.91	0	Gaussian	310.220790	41.202637
10	1	  0.001710	  0.064031	     -1.00	    362.23	    451.49	      2.40	      2.33	     42.03	     40.77	46.41	 3.746e-04	      0.98	0	Gaussian	310.971928	42.220095
11	1	  0.001636	  0.062523	     -1.00	    603.61	    341.14	      2.42	      2.32	     42.35	     40.64	31.42	 2.576e-04	      1.00	0	Gaussian	309.495240	42.846733
12	1	  0.001632	  0.056600	     -1.00	    787.71	    555.34	      2.43	      2.37	     42.50	     41.41	6.93	 2.095e-04	      1.08	0	Gaussian	308.212849	41.901934
13	1	  0.001732	  0.051740	     -1.00	    239.08	    398.02	      2.54	      2.35	     44.50	     41.18	17.59	 4.263e-04	      1.14	0	Gaussian	311.790655	42.409682
14	1	  0.001654	  0.053634	     -1.00	    629.37	    312.72	      2.37	      2.34	     41.40	     40.98	10.52	 2.555e-04	      1.18	0	Gaussian	309.344711	42.991086
15	1	  0.001727	  0.048110	     -1.00	    102.62	    387.97	      2.50	      2.37	     43.74	     41.49	54.42	 3.993e-04	      1.23	0	Gaussian	312.663973	42.381841
16	1	  0.001703	  0.045799	     -1.00	    774.70	    644.98	      2.52	      2.44	     44.08	     42.76	26.81	 2.274e-04	      1.24	0	Gaussian	308.255484	41.474034
17	1	  0.001689	  0.047536	     -1.00	    754.96	    244.43	      2.50	      2.37	     43.74	     41.45	1.57	 2.337e-04	      1.24	0	Gaussian	308.566408	43.360160
18	1	  0.001648	  0.047793	     -1.00	    176.61	    274.80	      2.44	      2.39	     42.65	     41.80	-30.59	 2.956e-04	      1.26	0	Gaussian	312.279667	42.954860
19	1	  0.001623	  0.047151	     -1.00	    734.69	     20.93	      2.44	      2.40	     42.78	     42.02	3.59	 1.481e-04	      1.26	0	Gaussian	308.809351	44.408308
20	1	  0.001609	  0.038773	     -1.00	    703.02	    588.24	      2.61	      2.47	     45.69	     43.28	54.11	 1.137e-04	      1.37	0	Gaussian	308.734369	41.717519
21	1	  0.001644	  0.040034	     -1.00	    163.07	    527.05	      2.50	      2.36	     43.73	     41.32	35.11	 1.269e-04	      1.43	0	Gaussian	312.177444	41.762769
22	1	  0.001829	  0.041343	     -1.00	    211.03	    467.46	      2.41	      2.29	     42.20	     40.09	36.23	 6.891e-04	      1.47	0	Gaussian	311.918622	42.068464
23	1	  0.001614	  0.039743	     -1.00	    444.48	    394.92	      2.37	      2.37	     41.55	     41.48	37.41	 1.681e-04	      1.49	0	Gaussian	310.484060	42.525035
24	1	  0.001712	  0.031981	     -1.00	    578.06	    502.76	      2.52	      2.45	     44.06	     42.91	-87.53	 4.649e-04	      1.62	0	Gaussian	309.570418	42.073697
25	1	  0.001604	  0.030592	     -1.00	    124.96	    703.14	      2.50	      2.35	     43.73	     41.11	43.19	 1.099e-04	      1.73	0	Gaussian	312.285972	40.915374
26	1	  0.001624	  0.029070	     -1.00	    599.86	    648.73	      2.50	      2.39	     43.79	     41.80	28.94	 1.198e-04	      1.76	0	Gaussian	309.354636	41.393492
27	1	  0.001620	  0.028707	     -1.00	     17.49	    463.18	      2.48	      2.38	     43.34	     41.72	48.06	 1.615e-04	      1.79	0	Gaussian	313.141408	41.979385
28	1	  0.001620	  0.029321	     -1.00	    472.11	    202.76	      2.42	      2.38	     42.40	     41.64	36.17	 7.947e-05	      1.79	0	Gaussian	310.425358	43.443136
29	1	  0.001652	  0.028395	     -1.00	    631.80	    725.32	      2.45	      2.39	     42.85	     41.81	56.68	 2.041e-04	      1.81	0	Gaussian	309.115034	41.044263
30	1	  0.001651	  0.026921	     -1.00	    722.74	    530.62	      2.45	      2.33	     42.93	     40.86	18.21	 2.293e-04	      1.90	0	Gaussian	308.636872	41.996668
31	1	  0.001683	  0.025391	     -1.00	     87.78	     92.81	      2.44	      2.42	     42.77	     42.30	47.99	 2.449e-04	      1.92	0	Gaussian	312.994797	43.757221
32	1	  0.001659	  0.024356	     -1.00	    439.97	    504.05	      2.44	      2.43	     42.78	     42.59	-62.52	 1.818e-04	      1.96	0	Gaussian	310.445804	42.008662
33	1	  0.001648	  0.022469	     -1.00	    196.74	    203.96	      2.46	      2.37	     43.12	     41.54	34.30	 1.344e-04	      2.07	0	Gaussian	312.203989	43.298659
34	1	  0.001634	  0.021966	     -1.00	    361.85	    755.29	      2.49	      2.35	     43.65	     41.07	33.16	 1.197e-04	      2.09	0	Gaussian	310.780989	40.789718
35	1	  0.001599	  0.021255	     -1.00	    643.66	    394.99	      2.49	      2.43	     43.64	     42.57	40.24	 5.971e-05	      2.09	0	Gaussian	309.209234	42.608219
36	1	  0.001627	  0.020695	     -1.00	    173.78	    538.27	      2.44	      2.41	     42.64	     42.17	36.01	 1.270e-04	      2.15	0	Gaussian	312.101961	41.715861
37	1	  0.001675	  0.020875	     -1.00	    181.81	    423.63	      2.45	      2.33	     42.91	     40.85	36.60	 2.438e-04	      2.17	0	Gaussian	312.135355	42.258731
38	1	  0.001668	  0.020028	     -1.00	    483.43	    120.41	      2.36	      2.34	     41.33	     40.96	33.95	 3.724e-04	      2.25	0	Gaussian	310.403056	43.836254
39	1	  0.001600	  0.019055	     -1.00	    511.84	     12.54	      2.42	      2.34	     42.37	     40.98	13.23	 8.124e-05	      2.28	0	Gaussian	310.284001	44.357150
40	1	  0.001607	  0.019388	     -1.00	    312.40	    393.54	      2.38	      2.33	     41.69	     40.83	27.39	 1.058e-04	      2.28	0	Gaussian	311.327362	42.468423
41	1	  0.001596	  0.017661	     -1.00	     37.84	    224.93	      2.46	      2.45	     43.05	     42.96	-32.28	 8.228e-05	      2.29	0	Gaussian	313.207184	43.108022
42	1	  0.001662	  0.009504	     -1.00	    710.25	    348.58	      4.54	      2.44	     79.41	     42.68	-26.35	 3.969e-04	      2.30	0	Gaussian	308.804894	42.852244
43	1	  0.001607	  0.016900	     -1.00	    238.15	    214.90	      2.50	      2.49	     43.81	     43.66	33.27	 5.490e-05	      2.30	0	Gaussian	311.929177	43.269870
44	1	  0.001639	  0.016705	     -1.00	    243.00	    256.75	      2.50	      2.43	     43.84	     42.45	50.34	 1.598e-04	      2.35	0	Gaussian	311.867382	43.075826
45	1	  0.001593	  0.016076	     -1.00	    579.64	    135.81	      2.65	      2.38	     46.39	     41.68	18.42	 1.085e-04	      2.35	0	Gaussian	309.765712	43.805624
46	1	  0.001610	  0.017143	     -1.00	    420.79	    254.19	      2.44	      2.41	     42.70	     42.22	-9.23	 6.909e-05	      2.35	0	Gaussian	310.724782	43.177101
47	1	  0.001850	  0.017293	     -1.00	    583.91	    482.03	      2.42	      2.39	     42.42	     41.85	18.32	 1.118e-03	      2.36	0	Gaussian	309.544482	42.173890
48	1	  0.001596	  0.016895	     -1.00	    125.54	    654.74	      2.45	      2.35	     42.93	     41.20	38.85	 1.011e-04	      2.39	0	Gaussian	312.317940	41.142824
49	1	  0.001616	  0.016292	     -1.00	    356.89	    531.21	      2.47	      2.42	     43.24	     42.40	-47.72	 9.703e-05	      2.39	0	Gaussian	310.954063	41.842187
50	1	  0.001587	  0.015529	     -1.00	     22.19	    329.74	      2.54	      2.40	     44.42	     41.94	56.28	 5.383e-05	      2.43	0	Gaussian	313.220453	42.607475
51	1	  0.001702	  0.011722	     -1.00	    763.06	    678.25	      3.19	      2.48	     55.79	     43.47	-20.94	 2.858e-04	      2.44	0	Gaussian	308.314017	41.312962
52	1	  0.001636	  0.015282	     -1.00	    356.10	    788.86	      2.47	      2.37	     43.24	     41.51	-76.17	 1.491e-04	      2.48	0	Gaussian	310.795747	40.629073
53	1	  0.001622	  0.014862	     -1.00	     82.92	    332.44	      2.47	      2.37	     43.18	     41.47	51.60	 6.832e-05	      2.52	0	Gaussian	312.832574	42.630964
54	1	  0.001585	  0.014128	     -1.00	     38.02	    358.99	      2.56	      2.39	     44.75	     41.80	51.31	 4.458e-05	      2.52	0	Gaussian	313.096194	42.479935
55	1	  0.001591	  0.013982	     -1.00	    332.39	    469.91	      2.48	      2.48	     43.40	     43.33	-35.16	 7.262e-05	      2.53	0	Gaussian	311.149140	42.118902
56	1	  0.001593	  0.014780	     -1.00	    757.62	    225.61	      2.46	      2.32	     43.11	     40.66	-3.66	 7.674e-05	      2.55	0	Gaussian	308.558132	43.450039
57	1	  0.001598	  0.007261	     -1.00	    303.01	    637.55	      3.41	      3.40	     59.66	     59.52	-22.91	 2.727e-04	      2.55	0	Gaussian	311.223150	41.315667
58	1	  0.001589	  0.013807	     -1.00	    640.00	    360.40	      2.53	      2.40	     44.28	     42.00	3.71	 5.010e-05	      2.56	0	Gaussian	309.250926	42.770132
59	1	  0.001617	  0.013843	     -1.00	    318.01	    186.59	      2.47	      2.42	     43.24	     42.40	35.59	 6.810e-05	      2.57	0	Gaussian	311.434044	43.444825
60	1	  0.001606	  0.014007	     -1.00	    527.05	    508.60	      2.47	      2.36	     43.28	     41.37	30.25	 9.495e-05	      2.58	0	Gaussian	309.891010	42.025155
61	1	  0.001601	  0.007631	     -1.00	    749.48	    286.05	      4.32	      2.47	     75.59	     43.21	12.81	 2.982e-04	      2.59	0	Gaussian	308.581991	43.161639
62	1	  0.001600	  0.012981	     -1.00	    346.84	    769.07	      2.48	      2.47	     43.41	     43.23	3.61	 7.052e-05	      2.61	0	Gaussian	310.865490	40.717883
63	1	  0.001643	  0.013396	     -1.00	    154.93	    339.45	      2.49	      2.38	     43.56	     41.68	24.81	 1.454e-04	      2.61	0	Gaussian	312.369043	42.639207
64	1	  0.001615	  0.012830	     -1.00	    190.15	     40.67	      2.47	      2.46	     43.30	     43.12	20.34	 7.976e-05	      2.62	0	Gaussian	312.371773	44.061397
65	1	  0.001599	  0.013011	     -1.00	    204.14	    182.20	      2.49	      2.41	     43.51	     42.22	49.62	 4.653e-05	      2.63	0	Gaussian	312.172682	43.404925
66	1	  0.001626	  0.013166	     -1.00	    756.50	    747.84	      2.47	      2.38	     43.31	     41.59	25.37	 1.605e-04	      2.64	0	Gaussian	308.324200	40.982097
67	1	  0.001686	  0.012654	     -1.00	    268.96	    430.54	      2.57	      2.35	     44.94	     41.05	31.54	 3.303e-04	      2.66	0	Gaussian	311.578041	42.272310
68	1	  0.001607	  0.012601	     -1.00	    294.26	    238.37	      2.42	      2.39	     42.35	     41.87	35.74	 8.290e-05	      2.70	0	Gaussian	311.550978	43.189102
69	1	  0.001591	  0.011489	     -1.00	    682.30	     91.73	      2.60	      2.41	     45.57	     42.25	-10.41	 7.533e-05	      2.72	0	Gaussian	309.117768	44.054651
70	1	  0.001596	  0.011753	     -1.00	    126.26	    553.75	      2.46	      2.46	     43.11	     43.05	52.24	 6.181e-05	      2.73	0	Gaussian	312.388551	41.617202
71	1	  0.001626	  0.012140	     -1.00	    359.76	    361.74	      2.48	      2.37	     43.38	     41.52	33.80	 1.173e-04	      2.73	0	Gaussian	311.046526	42.641450
72	1	  0.001599	  0.011862	     -1.00	    418.58	    517.26	      2.43	      2.40	     42.55	     42.05	56.58	 8.522e-05	      2.76	0	Gaussian	310.573106	41.936721
73	1	  0.001608	  0.011186	     -1.00	    372.25	    656.06	      2.50	      2.41	     43.78	     42.23	28.30	 8.237e-05	      2.79	0	Gaussian	310.778150	41.261617
74	1	  0.001650	  0.011777	     -1.00	    181.47	    101.25	      2.42	      2.35	     42.30	     41.21	48.00	 1.330e-04	      2.80	0	Gaussian	312.381207	43.772274
75	1	  0.001597	  0.011157	     -1.00	    772.37	    316.67	      2.47	      2.35	     43.17	     41.16	2.11	 7.522e-05	      2.84	0	Gaussian	308.419426	43.024845
76	1	  0.001617	  0.010294	     -1.00	    507.52	    225.94	      2.51	      2.47	     43.88	     43.22	-54.62	 1.223e-04	      2.85	0	Gaussian	310.181729	43.349737
77	1	  0.001628	  0.010735	     -1.00	    341.59	    151.20	      2.44	      2.43	     42.69	     42.61	71.80	 1.457e-04	      2.85	0	Gaussian	311.305827	43.623288
78	1	  0.001640	  0.010848	     -1.00	    108.25	    742.37	      2.50	      2.36	     43.69	     41.24	43.27	 9.619e-05	      2.85	0	Gaussian	312.360509	40.722185
79	1	  0.001705	  0.010419	     -1.00	    123.31	    393.87	      2.46	      2.46	     43.03	     43.03	-77.36	 4.554e-04	      2.86	0	Gaussian	312.528321	42.365986
80	1	  0.001600	  0.010699	     -1.00	    522.70	    218.68	      2.46	      2.38	     43.07	     41.62	17.29	 6.672e-05	      2.88	0	Gaussian	310.087703	43.390603
81	1	  0.001588	  0.009993	     -1.00	    236.65	     43.00	      2.50	      2.46	     43.78	     43.01	53.20	 5.201e-05	      2.89	0	Gaussian	312.066806	44.076440
82	1	  0.001665	  0.010352	     -1.00	    287.18	     82.85	      2.47	      2.40	     43.21	     42.02	26.85	 1.575e-04	      2.89	0	Gaussian	311.707965	43.916485
83	1	  0.001580	  0.010366	     -1.00	    397.72	    781.78	      2.48	      2.35	     43.48	     41.22	32.18	 6.374e-05	      2.90	0	Gaussian	310.542085	40.681435
84	1	  0.001579	  0.010308	     -1.00	    381.47	     84.07	      2.42	      2.42	     42.31	     42.27	-11.97	 4.226e-05	      2.91	0	Gaussian	311.092288	43.958974
85	1	  0.001623	  0.010581	     -1.00	    112.38	    722.60	      2.43	      2.35	     42.47	     41.20	44.36	 1.033e-04	      2.91	0	Gaussian	312.349545	40.817173
86	1	  0.001621	  0.008478	     -1.00	    772.84	    212.02	      2.68	      2.62	     46.86	     45.88	-83.99	 1.283e-04	      2.92	0	Gaussian	308.465539	43.519486
87	1	  0.001622	  0.009927	     -1.00	     71.30	     49.02	      2.51	      2.40	     43.91	     42.00	48.56	 1.148e-04	      2.92	0	Gaussian	313.137733	43.952391
88	1	  0.001584	  0.009995	     -1.00	     63.68	    630.15	      2.51	      2.38	     44.00	     41.63	60.29	 7.041e-05	      2.92	0	Gaussian	312.721083	41.223604
89	1	  0.001576	  0.009885	     -1.00	     69.25	    160.29	      2.47	      2.42	     43.25	     42.36	66.16	 5.632e-05	      2.94	0	Gaussian	313.058968	43.429905
90	1	  0.001596	  0.009451	     -1.00	    277.02	    383.73	      2.50	      2.49	     43.74	     43.50	35.17	 5.776e-05	      2.94	0	Gaussian	311.559434	42.496636
91	1	  0.001605	  0.009726	     -1.00	    334.94	    345.31	      2.46	      2.43	     43.02	     42.50	57.50	 5.858e-05	      2.95	0	Gaussian	311.216178	42.706609
92	1	  0.001589	  0.009080	     -1.00	    573.68	    697.00	      2.54	      2.45	     44.51	     42.83	27.84	 5.399e-05	      2.98	0	Gaussian	309.493501	41.155459
93	1	  0.001588	  0.009508	     -1.00	    587.29	    216.78	      2.47	      2.42	     43.27	     42.35	-3.07	 5.676e-05	      2.98	0	Gaussian	309.669795	43.426890
94	1	  0.001602	  0.009740	     -1.00	    147.74	    652.56	      2.50	      2.31	     43.80	     40.50	32.92	 8.951e-05	      2.99	0	Gaussian	312.181465	41.165095
95	1	  0.001633	  0.007113	     -1.00	    451.27	    255.91	      2.78	      2.78	     48.64	     48.61	27.55	 2.422e-04	      3.00	0	Gaussian	310.526967	43.183191
96	1	  0.001582	  0.009164	     -1.00	    540.08	    534.17	      2.49	      2.40	     43.57	     42.03	35.06	 4.862e-05	      3.01	0	Gaussian	309.793954	41.909959
97	1	  0.001581	  0.009333	     -1.00	    514.57	    344.68	      2.46	      2.39	     42.99	     41.90	32.94	 5.584e-05	      3.02	0	Gaussian	310.065471	42.792931
98	1	  0.001576	  0.009041	     -1.00	    445.55	    477.14	      2.44	      2.38	     42.77	     41.65	54.06	 4.519e-05	      3.06	0	Gaussian	310.426775	42.138035
99	1	  0.001603	  0.008704	     -1.00	    579.89	    683.41	      2.53	      2.35	     44.24	     41.08	7.99	 1.401e-04	      3.07	0	Gaussian	309.461773	41.222054
100	1	  0.001610	  0.008884	     -1.00	    369.25	    157.49	      2.46	      2.38	     43.05	     41.62	8.42	 7.116e-05	      3.07	0	Gaussian	311.122074	43.607505
101	1	  0.001643	  0.008434	     -1.00	    303.96	    101.04	      2.52	      2.43	     44.07	     42.55	13.90	 8.285e-05	      3.08	0	Gaussian	311.585645	43.839804
102	1	  0.001598	  0.008939	     -1.00	    109.56	    467.30	      2.45	      2.35	     42.96	     41.08	56.45	 6.249e-05	      3.08	0	Gaussian	312.558907	42.013583
103	1	  0.001603	  0.008996	     -1.00	    430.34	     65.57	      2.43	      2.35	     42.57	     41.11	-1.72	 7.791e-05	      3.09	0	Gaussian	310.785161	44.069766
104	1	  0.001609	  0.008114	     -1.00	     80.95	    367.88	      2.53	      2.45	     44.32	     42.95	41.97	 6.384e-05	      3.10	0	Gaussian	312.817005	42.463582
105	1	  0.001614	  0.008648	     -1.00	    167.26	    236.35	      2.48	      2.38	     43.46	     41.67	29.29	 1.726e-04	      3.10	0	Gaussian	312.368870	43.130144
106	1	  0.001628	  0.008627	     -1.00	    617.54	    404.54	      2.42	      2.39	     42.29	     41.76	26.36	 1.295e-04	      3.12	0	Gaussian	309.371578	42.552988
107	1	  0.001604	  0.008281	     -1.00	    536.17	    369.75	      2.46	      2.42	     43.04	     42.31	7.81	 6.480e-05	      3.12	0	Gaussian	309.912317	42.683955
108	1	  0.001609	  0.008345	     -1.00	    245.86	    313.51	      2.50	      2.38	     43.76	     41.62	17.80	 6.972e-05	      3.12	0	Gaussian	311.808043	42.810546
109	1	  0.001618	  0.008644	     -1.00	    348.40	    732.41	      2.44	      2.35	     42.75	     41.19	40.59	 8.783e-05	      3.12	0	Gaussian	310.878862	40.891094
110	1	  0.001600	  0.008250	     -1.00	     34.53	    262.31	      2.46	      2.44	     42.99	     42.73	50.00	 1.383e-04	      3.13	0	Gaussian	313.197458	42.930892
111	1	  0.001580	  0.007657	     -1.00	    326.16	    742.80	      2.51	      2.49	     43.96	     43.50	18.20	 4.404e-05	      3.15	0	Gaussian	311.010462	40.831732
112	1	  0.001587	  0.007472	     -1.00	    398.95	    624.17	      2.54	      2.51	     44.52	     43.91	-0.47	 4.045e-05	      3.17	0	Gaussian	310.630690	41.424145
113	1	  0.001583	  0.007705	     -1.00	    677.46	    483.00	      2.49	      2.49	     43.53	     43.53	48.52	 4.817e-05	      3.17	0	Gaussian	308.948222	42.205322
114	1	  0.001611	  0.008417	     -1.00	    433.36	    736.37	      2.45	      2.30	     42.81	     40.33	22.96	 8.987e-05	      3.17	0	Gaussian	310.347712	40.911142
115	1	  0.001596	  0.007897	     -1.00	    124.53	    758.22	      2.50	      2.39	     43.76	     41.84	59.67	 7.932e-05	      3.18	0	Gaussian	312.248387	40.656685
116	1	  0.001598	  0.007934	     -1.00	    165.41	    575.23	      2.48	      2.36	     43.36	     41.23	58.70	 5.412e-05	      3.20	0	Gaussian	312.127483	41.537744
117	1	  0.001630	  0.007310	     -1.00	    601.70	    684.94	      2.50	      2.50	     43.80	     43.80	-77.23	 2.495e-04	      3.21	0	Gaussian	309.324233	41.223351
118	1	  0.001622	  0.007669	     -1.00	    211.59	     12.07	      2.45	      2.45	     42.90	     42.85	-15.77	 1.359e-04	      3.21	0	Gaussian	312.254003	44.207661
119	1	  0.001572	  0.007431	     -1.00	    614.64	    224.11	      2.52	      2.46	     44.03	     43.10	41.88	 4.192e-05	      3.21	0	Gaussian	309.488131	43.403456
120	1	  0.001599	  0.007417	     -1.00	    200.39	     76.72	      2.51	      2.47	     43.87	     43.16	10.55	 6.116e-05	      3.21	0	Gaussian	312.277241	43.898033
121	1	  0.001747	  0.006819	     -1.00	    731.02	    519.22	      2.53	      2.53	     44.32	     44.29	63.09	 9.684e-04	      3.26	0	Gaussian	308.589578	42.053460
122	1	  0.001671	  0.007441	     -1.00	    758.00	    737.64	      2.49	      2.33	     43.50	     40.83	14.53	 4.175e-04	      3.28	0	Gaussian	308.319367	41.030750
123	1	  0.001592	  0.006975	     -1.00	    479.87	    425.66	      2.54	      2.44	     44.43	     42.67	47.42	 5.273e-05	      3.28	0	Gaussian	310.239519	42.395973
124	1	  0.001577	  0.006796	     -1.00	    661.70	    243.10	      2.51	      2.50	     43.98	     43.73	29.23	 3.228e-05	      3.29	0	Gaussian	309.172543	43.332296
125	1	  0.001586	  0.007105	     -1.00	     55.65	    201.63	      2.50	      2.41	     43.69	     42.10	49.41	 5.389e-05	      3.29	0	Gaussian	313.112370	43.227989
126	1	  0.001625	  0.007133	     -1.00	    331.67	    147.58	      2.47	      2.40	     43.18	     42.07	26.62	 1.258e-04	      3.30	0	Gaussian	311.372755	43.635278
127	1	  0.001742	  0.007629	     -1.00	    416.68	    628.27	      2.38	      2.31	     41.71	     40.45	26.77	 5.635e-04	      3.31	0	Gaussian	310.516925	41.412881
128	1	  0.001615	  0.006667	     -1.00	    153.83	    104.98	      2.54	      2.45	     44.54	     42.90	54.52	 5.262e-05	      3.32	0	Gaussian	312.557386	43.738980
129	1	  0.001605	  0.004702	     -1.00	    794.59	    160.81	      3.62	      2.43	     63.33	     42.52	30.92	 6.441e-05	      3.32	0	Gaussian	308.347581	43.768820
130	1	  0.001601	  0.006451	     -1.00	    550.23	    693.89	      2.51	      2.51	     43.90	     43.89	27.89	 8.239e-05	      3.33	0	Gaussian	309.641999	41.160749
131	1	  0.001597	  0.006416	     -1.00	    622.77	    641.86	      2.57	      2.47	     45.05	     43.24	7.43	 1.213e-04	      3.34	0	Gaussian	309.214109	41.434721
132	1	  0.001582	  0.006877	     -1.00	    396.81	    366.67	      2.48	      2.38	     43.37	     41.67	21.26	 3.847e-05	      3.34	0	Gaussian	310.806528	42.636005
133	1	  0.001625	  0.007004	     -1.00	    410.41	    380.55	      2.44	      2.37	     42.73	     41.44	22.80	 1.528e-04	      3.35	0	Gaussian	310.710719	42.577027
134	1	  0.001588	  0.006686	     -1.00	    109.41	    662.55	      2.50	      2.39	     43.76	     41.82	55.23	 7.945e-05	      3.36	0	Gaussian	312.412384	41.097299
135	1	  0.001585	  0.005962	     -1.00	     56.14	    217.73	      2.60	      2.52	     45.48	     44.14	25.41	 3.576e-05	      3.37	0	Gaussian	313.096000	43.152853
136	1	  0.001588	  0.006327	     -1.00	    758.30	    404.30	      2.61	      2.38	     45.76	     41.67	24.87	 6.976e-05	      3.37	0	Gaussian	308.469167	42.605896
137	1	  0.001584	  0.005099	     -1.00	    419.06	    498.88	      2.94	      2.57	     51.47	     44.98	-31.20	 1.326e-04	      3.38	0	Gaussian	310.581421	42.023529
138	1	  0.001636	  0.006578	     -1.00	    785.42	    151.42	      2.50	      2.36	     43.70	     41.23	3.94	 1.814e-04	      3.40	0	Gaussian	308.411980	43.810081
139	1	  0.001630	  0.005969	     -1.00	    601.07	    131.98	      2.56	      2.53	     44.72	     44.28	-54.08	 2.685e-04	      3.40	0	Gaussian	309.627930	43.832589
140	1	  0.001683	  0.006281	     -1.00	    162.04	    514.78	      2.51	      2.43	     43.93	     42.50	43.63	 2.685e-04	      3.40	0	Gaussian	312.192900	41.819799
141	1	  0.001593	  0.006465	     -1.00	    514.25	    495.61	      2.51	      2.37	     43.88	     41.54	8.13	 5.790e-05	      3.40	0	Gaussian	309.979706	42.081008
142	1	  0.001609	  0.006038	     -1.00	    119.19	     15.48	      2.59	      2.46	     45.34	     43.02	1.08	 5.969e-05	      3.41	0	Gaussian	312.854082	44.138343
143	1	  0.001594	  0.006093	     -1.00	    379.69	    472.98	      2.57	      2.42	     44.91	     42.29	45.66	 5.063e-05	      3.41	0	Gaussian	310.847263	42.127211
144	1	  0.001655	  0.006261	     -1.00	    791.81	    451.92	      2.46	      2.42	     43.03	     42.43	-5.21	 3.062e-04	      3.42	0	Gaussian	308.232707	42.392126
145	1	  0.001618	  0.006460	     -1.00	    755.64	    757.45	      2.50	      2.34	     43.70	     41.03	16.55	 2.758e-04	      3.42	0	Gaussian	308.325313	40.936426
146	1	  0.001620	  0.006126	     -1.00	    141.95	    739.60	      2.56	      2.38	     44.78	     41.63	34.64	 6.843e-05	      3.43	0	Gaussian	312.154308	40.753449
147	1	  0.001591	  0.005823	     -1.00	    191.34	    484.84	      2.56	      2.52	     44.88	     44.06	-71.25	 5.394e-05	      3.43	0	Gaussian	312.030355	41.976319
148	1	  0.001622	  0.004998	     -1.00	    628.76	    347.57	      3.04	      2.50	     53.26	     43.84	8.08	 9.243e-05	      3.44	0	Gaussian	309.329993	42.826349
149	1	  0.001613	  0.006104	     -1.00	    189.07	    348.44	      2.51	      2.41	     43.85	     42.10	32.69	 6.024e-05	      3.44	0	Gaussian	312.144919	42.615864
150	1	  0.001608	  0.005725	     -1.00	    175.41	    455.16	      2.62	      2.46	     45.85	     43.06	-23.98	 9.975e-05	      3.44	0	Gaussian	312.152612	42.107113
151	1	  0.001605	  0.006259	     -1.00	     65.66	    596.52	      2.50	      2.36	     43.69	     41.23	46.15	 1.275e-04	      3.45	0	Gaussian	312.734666	41.382412
152	1	  0.001594	  0.005458	     -1.00	    748.95	    778.71	      2.65	      2.53	     46.38	     44.21	-14.93	 7.012e-05	      3.46	0	Gaussian	308.357642	40.833786
153	1	  0.001572	  0.005861	     -1.00	    513.76	    380.49	      2.55	      2.44	     44.61	     42.71	1.78	 3.776e-05	      3.46	0	Gaussian	310.049671	42.623705
154	1	  0.001600	  0.005688	     -1.00	    774.77	     59.92	      2.54	      2.51	     44.49	     43.88	-13.56	 5.385e-05	      3.46	0	Gaussian	308.525584	44.238561
155	1	  0.001591	  0.005890	     -1.00	    279.27	    760.27	      2.53	      2.40	     44.22	     41.96	69.84	 4.248e-05	      3.48	0	Gaussian	311.290016	40.726887
156	1	  0.001598	  0.005777	     -1.00	     52.87	     93.49	      2.50	      2.45	     43.73	     42.91	22.00	 5.067e-05	      3.48	0	Gaussian	313.219957	43.732883
157	1	  0.001613	  0.005854	     -1.00	    109.29	    408.64	      2.48	      2.45	     43.38	     42.87	37.72	 4.969e-05	      3.49	0	Gaussian	312.605726	42.288671
158	1	  0.001578	  0.005860	     -1.00	    383.60	    443.65	      2.49	      2.41	     43.61	     42.25	19.61	 4.090e-05	      3.50	0	Gaussian	310.841302	42.267187
159	1	  0.001595	  0.005898	     -1.00	    401.30	    441.51	      2.47	      2.40	     43.21	     41.93	27.63	 4.437e-05	      3.51	0	Gaussian	310.730119	42.285603
160	1	  0.001633	  0.005935	     -1.00	    785.11	    276.34	      2.48	      2.34	     43.45	     41.01	12.44	 1.382e-04	      3.51	0	Gaussian	308.355707	43.219747
161	1	  0.001588	  0.005532	     -1.00	    485.06	    744.36	      2.53	      2.38	     44.32	     41.62	23.82	 4.750e-05	      3.55	0	Gaussian	310.021004	40.895880
162	1	  0.001636	  0.004646	     -1.00	    443.75	    733.81	      2.72	      2.63	     47.67	     46.10	19.72	 3.258e-04	      3.56	0	Gaussian	310.284525	40.927775
163	1	  0.001675	  0.005668	     -1.00	    630.70	    600.59	      2.47	      2.37	     43.17	     41.49	16.98	 2.502e-04	      3.56	0	Gaussian	309.185280	41.632564
164	1	  0.001577	  0.004484	     -1.00	    661.11	    693.48	      3.12	      2.36	     54.56	     41.22	5.34	 4.557e-05	      3.57	0	Gaussian	308.947294	41.205439
165	1	  0.001686	  0.005341	     -1.00	    640.09	    565.36	      2.50	      2.42	     43.72	     42.34	5.41	 3.990e-04	      3.58	0	Gaussian	309.143960	41.802443
166	1	  0.001578	  0.005354	     -1.00	    285.75	    632.35	      2.50	      2.44	     43.80	     42.65	29.40	 3.264e-05	      3.58	0	Gaussian	311.334581	41.331626
167	1	  0.001718	  0.005829	     -1.00	    649.19	    501.44	      2.44	      2.28	     42.74	     39.89	11.27	 3.932e-04	      3.59	0	Gaussian	309.118871	42.107676
168	1	  0.001586	  0.005299	     -1.00	    607.22	     68.50	      2.53	      2.41	     44.24	     42.22	0.55	 5.207e-05	      3.59	0	Gaussian	309.623534	44.134482
169	1	  0.001645	  0.005519	     -1.00	    477.94	    282.54	      2.47	      2.34	     43.26	     40.97	10.97	 2.394e-04	      3.60	0	Gaussian	310.338432	43.069777
170	1	  0.001630	  0.004834	     -1.00	    254.50	    647.40	      2.61	      2.52	     45.68	     44.09	-20.54	 1.473e-04	      3.61	0	Gaussian	311.519687	41.245199
171	1	  0.001598	  0.004189	     -1.00	    315.32	    693.53	      2.78	      2.67	     48.74	     46.66	-18.75	 7.753e-05	      3.61	0	Gaussian	311.109645	41.058276
172	1	  0.001584	  0.004968	     -1.00	    459.95	    724.71	      2.58	      2.43	     45.13	     42.49	30.41	 4.612e-05	      3.63	0	Gaussian	310.188862	40.977698
173	1	  0.001594	  0.005048	     -1.00	    259.95	    477.56	      2.51	      2.41	     43.90	     42.11	27.66	 4.737e-05	      3.63	0	Gaussian	311.602377	42.046567
174	1	  0.001682	  0.005190	     -1.00	    267.99	    547.31	      2.46	      2.43	     43.09	     42.50	35.09	 3.967e-04	      3.63	0	Gaussian	311.503478	41.722651
175	1	  0.001569	  0.004898	     -1.00	    152.30	    689.77	      2.53	      2.45	     44.26	     42.93	56.75	 4.296e-05	      3.66	0	Gaussian	312.126117	40.992870
176	1	  0.001584	  0.004924	     -1.00	    694.07	     98.63	      2.52	      2.39	     44.15	     41.88	-12.14	 5.016e-05	      3.66	0	Gaussian	309.036916	44.026540
177	1	  0.001632	  0.004637	     -1.00	    118.45	    145.41	      2.60	      2.49	     45.48	     43.66	-79.27	 6.500e-05	      3.67	0	Gaussian	312.754046	43.528848
178	1	  0.001602	  0.004652	     -1.00	    754.51	    497.13	      2.58	      2.50	     45.11	     43.77	39.37	 9.137e-05	      3.67	0	Gaussian	308.450365	42.165941
179	1	  0.001628	  0.004927	     -1.00	    708.35	    449.71	      2.51	      2.40	     43.96	     41.93	14.86	 2.100e-04	      3.69	0	Gaussian	308.767458	42.373811
180	1	  0.001584	  0.004452	     -1.00	    507.82	    180.92	      2.61	      2.55	     45.60	     44.71	39.47	 4.179e-05	      3.69	0	Gaussian	310.206976	43.562043
181	1	  0.001616	  0.004794	     -1.00	    780.81	    225.63	      2.54	      2.37	     44.44	     41.48	9.99	 1.024e-04	      3.71	0	Gaussian	308.407189	43.457899
182	1	  0.001603	  0.004760	     -1.00	    226.27	    464.43	      2.51	      2.42	     43.93	     42.31	31.89	 8.318e-05	      3.72	0	Gaussian	311.824485	42.090760
183	1	  0.001572	  0.004516	     -1.00	    566.54	    770.87	      2.52	      2.52	     44.14	     44.08	-45.03	 3.341e-05	      3.72	0	Gaussian	309.498900	40.804250
184	1	  0.001838	  0.003683	     -1.00	    593.03	    492.06	      3.37	      2.30	     59.01	     40.31	-28.84	 1.298e-03	      3.72	0	Gaussian	309.481037	42.130166
185	1	  0.001591	  0.004229	     -1.00	    352.70	    172.05	      2.68	      2.53	     46.97	     44.24	69.82	 5.369e-05	      3.72	0	Gaussian	311.219457	43.530768
186	1	  0.001595	  0.004480	     -1.00	    532.18	    578.75	      2.53	      2.47	     44.34	     43.22	11.64	 9.094e-05	      3.74	0	Gaussian	309.818982	41.696399
187	1	  0.001575	  0.004245	     -1.00	    143.76	    296.00	      2.64	      2.51	     46.13	     43.85	32.54	 2.235e-05	      3.74	0	Gaussian	312.473517	42.836902
188	1	  0.001606	  0.001520	     -1.00	    787.90	    619.64	      6.67	      2.73	    116.73	     47.71	49.57	 1.155e-04	      3.75	0	Gaussian	308.183333	41.598087
189	1	  0.001618	  0.003422	     -1.00	    102.03	    331.57	      3.20	      2.61	     56.03	     45.76	17.60	 1.450e-04	      3.75	0	Gaussian	312.711780	42.646138
190	1	  0.001727	  0.004766	     -1.00	    752.61	    633.12	      2.47	      2.36	     43.25	     41.25	23.72	 3.887e-04	      3.75	0	Gaussian	308.400143	41.522709
191	1	  0.001597	  0.004452	     -1.00	    389.14	    347.63	      2.52	      2.44	     44.02	     42.78	1.50	 5.767e-05	      3.76	0	Gaussian	310.867893	42.722039
192	1	  0.001602	  0.004285	     -1.00	    144.10	    134.61	      2.56	      2.48	     44.81	     43.43	12.23	 4.250e-05	      3.76	0	Gaussian	312.597009	43.594388
193	1	  0.001584	  0.004260	     -1.00	    123.13	    237.84	      2.55	      2.54	     44.56	     44.46	82.64	 3.896e-05	      3.76	0	Gaussian	312.650683	43.098021
194	1	  0.001612	  0.004102	     -1.00	    709.09	    749.81	      2.64	      2.54	     46.25	     44.43	45.45	 1.151e-04	      3.76	0	Gaussian	308.619843	40.956663
195	1	  0.001601	  0.004486	     -1.00	    580.92	    260.47	      2.53	      2.39	     44.26	     41.86	5.58	 1.560e-04	      3.76	0	Gaussian	309.686428	43.218177
196	1	  0.001871	  0.005557	     -1.00	    420.65	    620.81	      2.31	      2.11	     40.35	     36.85	19.80	 8.287e-04	      3.76	0	Gaussian	310.496562	41.449839
197	1	  0.001611	  0.004281	     -1.00	    614.20	    737.73	      2.54	      2.51	     44.50	     43.96	3.15	 1.022e-04	      3.77	0	Gaussian	309.218802	40.979039
198	1	  0.001675	  0.004591	     -1.00	    571.11	    659.72	      2.44	      2.37	     42.75	     41.56	-0.37	 2.416e-04	      3.79	0	Gaussian	309.529459	41.330328
199	1	  0.001593	  0.004067	     -1.00	     39.56	    511.07	      2.63	      2.53	     46.02	     44.35	-39.88	 6.808e-05	      3.79	0	Gaussian	312.964593	41.767968
200	1	  0.001601	  0.004231	     -1.00	    261.64	    769.90	      2.57	      2.41	     44.98	     42.16	39.69	 6.701e-05	      3.79	0	Gaussian	311.392836	40.672937
201	1	  0.001622	  0.004072	     -1.00	    215.87	    601.00	      2.58	      2.57	     45.11	     44.99	20.05	 1.545e-04	      3.79	0	Gaussian	311.793204	41.443434
202	1	  0.001592	  0.004249	     -1.00	    126.20	     33.64	      2.54	      2.48	     44.46	     43.45	3.29	 3.786e-05	      3.79	0	Gaussian	312.793735	44.057379
203	1	  0.001633	  0.004797	     -1.00	    469.64	    644.50	      2.42	      2.27	     42.43	     39.68	20.56	 1.300e-04	      3.79	0	Gaussian	310.174951	41.359881
204	1	  0.001689	  0.004405	     -1.00	    239.10	     72.64	      2.46	      2.41	     43.05	     42.18	-27.68	 3.096e-04	      3.80	0	Gaussian	312.028542	43.938591
205	1	  0.001589	  0.004326	     -1.00	    391.30	    473.65	      2.51	      2.45	     43.95	     42.94	6.44	 4.387e-05	      3.80	0	Gaussian	310.773226	42.129547
206	1	  0.001598	  0.003882	     -1.00	    330.91	     56.75	      2.64	      2.58	     46.16	     45.16	-41.74	 6.025e-05	      3.80	0	Gaussian	311.441377	44.061976
207	1	  0.001573	  0.004062	     -1.00	      7.07	    438.44	      2.63	      2.47	     46.03	     43.29	29.66	 3.876e-05	      3.81	0	Gaussian	313.227014	42.089062
208	1	  0.001606	  0.003764	     -1.00	    244.89	    179.51	      2.63	      2.61	     45.95	     45.67	-48.35	 1.124e-04	      3.81	0	Gaussian	311.911703	43.439788
209	1	  0.001589	  0.004089	     -1.00	    481.29	    330.69	      2.58	      2.48	     45.16	     43.32	12.10	 6.489e-05	      3.83	0	Gaussian	310.287562	42.844300
210	1	  0.001585	  0.003981	     -1.00	    775.29	     76.12	      2.59	      2.52	     45.41	     44.17	-22.39	 3.535e-05	      3.83	0	Gaussian	308.514382	44.162215
211	1	  0.001635	  0.003578	     -1.00	    425.10	    124.41	      2.96	      2.50	     51.89	     43.73	-22.78	 2.001e-04	      3.83	0	Gaussian	310.780850	43.790258
212	1	  0.001622	  0.004062	     -1.00	    261.70	    286.86	      2.56	      2.47	     44.85	     43.29	55.95	 1.337e-04	      3.84	0	Gaussian	311.725697	42.944196
213	1	  0.001591	  0.003859	     -1.00	    195.25	    330.03	      2.63	      2.45	     45.95	     42.91	47.97	 2.727e-05	      3.85	0	Gaussian	312.119197	42.705700
214	1	  0.001643	  0.004067	     -1.00	    359.16	    520.03	      2.55	      2.41	     44.58	     42.11	36.63	 3.199e-04	      3.85	0	Gaussian	310.946996	41.895903
215	1	  0.001675	  0.003970	     -1.00	    182.51	     66.18	      2.57	      2.55	     45.05	     44.61	-40.41	 3.008e-04	      3.86	0	Gaussian	312.401607	43.937404
216	1	  0.001634	  0.004188	     -1.00	    689.99	    668.46	      2.52	      2.39	     44.03	     41.84	12.47	 1.436e-04	      3.86	0	Gaussian	308.778020	41.333991
217	1	  0.001585	  0.003043	     -1.00	    565.27	    464.04	      3.15	      2.58	     55.22	     45.18	-16.21	 5.784e-05	      3.87	0	Gaussian	309.673074	42.251190
218	1	  0.001600	  0.003208	     -1.00	    638.49	    433.29	      3.08	      2.43	     53.92	     42.54	65.62	 6.119e-05	      3.88	0	Gaussian	309.222377	42.425422
219	1	  0.001602	  0.003796	     -1.00	    553.14	    241.84	      2.56	      2.52	     44.86	     44.15	-6.56	 1.152e-04	      3.89	0	Gaussian	309.876854	43.294454
220	1	  0.001613	  0.004316	     -1.00	    498.40	    326.51	      2.43	      2.31	     42.45	     40.40	1.47	 7.800e-05	      3.89	0	Gaussian	310.180176	42.871595
221	1	  0.001583	  0.003860	     -1.00	    346.68	    478.23	      2.52	      2.49	     44.12	     43.55	23.12	 5.404e-05	      3.91	0	Gaussian	311.053113	42.086689
222	1	  0.001580	  0.003837	     -1.00	    677.76	     41.80	      2.54	      2.47	     44.44	     43.18	6.01	 3.529e-05	      3.91	0	Gaussian	309.174188	44.288461
223	1	  0.001681	  0.003356	     -1.00	    435.04	    746.95	      3.00	      2.31	     52.45	     40.44	-0.07	 6.149e-04	      3.92	0	Gaussian	310.331009	40.862079
224	1	  0.001601	  0.003707	     -1.00	     70.92	    674.50	      2.65	      2.42	     46.30	     42.44	31.73	 8.029e-05	      3.93	0	Gaussian	312.642282	41.019768
225	1	  0.001667	  0.004369	     -1.00	    259.34	    404.62	      2.34	      2.27	     41.01	     39.69	-0.02	 1.951e-04	      3.93	0	Gaussian	311.657271	42.389251
226	1	  0.001659	  0.004012	     -1.00	    742.83	    258.53	      2.50	      2.34	     43.73	     41.02	5.92	 1.332e-04	      3.93	0	Gaussian	308.638329	43.289288
227	1	  0.001582	  0.002088	     -1.00	    696.34	    527.99	      3.50	      3.24	     61.18	     56.63	68.13	 7.549e-05	      3.93	0	Gaussian	308.805891	41.999713
228	1	  0.001607	  0.003697	     -1.00	    249.79	    225.10	      2.54	      2.52	     44.53	     44.05	7.43	 6.810e-05	      3.93	0	Gaussian	311.846750	43.228177
229	1	  0.001592	  0.003569	     -1.00	    780.46	    408.01	      2.61	      2.49	     45.76	     43.55	7.72	 5.068e-05	      3.93	0	Gaussian	308.325272	42.595879
230	1	  0.001577	  0.003684	     -1.00	    681.99	    440.49	      2.62	      2.38	     45.83	     41.72	9.74	 4.526e-05	      3.94	0	Gaussian	308.940556	42.407770
231	1	  0.001607	  0.003651	     -1.00	    705.99	    216.24	      2.55	      2.51	     44.69	     43.86	36.35	 1.280e-04	      3.94	0	Gaussian	308.898653	43.475737
232	1	  0.001580	  0.003488	     -1.00	    437.95	     42.46	      2.65	      2.50	     46.39	     43.76	-9.54	 3.224e-05	      3.94	0	Gaussian	310.750457	44.182125
233	1	  0.001657	  0.004138	     -1.00	    178.63	    769.63	      2.39	      2.31	     41.90	     40.40	25.16	 1.213e-04	      3.95	0	Gaussian	311.906233	40.631912
234	1	  0.001575	  0.003642	     -1.00	    521.88	    588.47	      2.61	      2.44	     45.63	     42.72	11.51	 6.547e-05	      3.95	0	Gaussian	309.878461	41.646269
235	1	  0.001604	  0.003618	     -1.00	    315.23	    597.85	      2.52	      2.52	     44.11	     44.04	66.78	 1.663e-04	      3.95	0	Gaussian	311.172798	41.508406
236	1	  0.001675	  0.003857	     -1.00	    283.77	    684.10	      2.41	      2.41	     42.15	     42.15	68.04	 2.092e-04	      3.96	0	Gaussian	311.312426	41.087239
237	1	  0.001674	  0.004240	     -1.00	    206.47	    777.43	      2.37	      2.25	     41.43	     39.46	17.94	 2.101e-04	      3.96	0	Gaussian	311.728817	40.609731
238	1	  0.001611	  0.003436	     -1.00	    264.20	    115.41	      2.58	      2.56	     45.23	     44.86	6.73	 6.693e-05	      3.96	0	Gaussian	311.833646	43.751279
239	1	  0.001588	  0.003635	     -1.00	    276.44	    645.88	      2.47	      2.45	     43.16	     42.83	-56.78	 5.252e-05	      3.98	0	Gaussian	311.383693	41.263333
240	1	  0.001611	  0.003396	     -1.00	    765.99	    714.92	      2.71	      2.42	     47.46	     42.44	2.23	 8.231e-05	      3.98	0	Gaussian	308.279373	41.140700
241	1	  0.001753	  0.003449	     -1.00	    746.65	    626.81	      2.85	      2.21	     49.82	     38.73	-15.23	 4.936e-04	      3.98	0	Gaussian	308.440630	41.550487
242	1	  0.001602	  0.003559	     -1.00	    199.31	    311.77	      2.52	      2.51	     44.02	     43.95	49.84	 3.233e-05	      3.98	0	Gaussian	312.106831	42.793718
243	1	  0.001654	  0.003350	     -1.00	    326.33	    167.41	      2.61	      2.59	     45.64	     45.41	-33.51	 1.103e-04	      3.99	0	Gaussian	311.393521	43.539282
244	1	  0.001603	  0.003828	     -1.00	    725.56	    272.65	      2.45	      2.35	     42.86	     41.14	10.48	 7.062e-05	      3.99	0	Gaussian	308.743456	43.216465
245	1	  0.001579	  0.003275	     -1.00	    764.71	    517.83	      2.70	      2.52	     47.31	     44.18	-3.88	 4.801e-05	      4.00	0	Gaussian	308.375850	42.071576
246	1	  0.001596	  0.003486	     -1.00	    789.97	    114.69	      2.55	      2.40	     44.60	     42.06	16.22	 5.689e-05	      4.00	0	Gaussian	308.399487	43.985121
247	1	  0.001605	  0.003881	     -1.00	    220.44	    518.63	      2.42	      2.32	     42.30	     40.63	13.68	 6.608e-05	      4.00	0	Gaussian	311.822755	41.832959
248	1	  0.001698	  0.003698	     -1.00	    524.71	    153.91	      2.41	      2.41	     42.24	     42.17	58.79	 3.638e-04	      4.02	0	Gaussian	310.113390	43.696778
249	1	  0.001647	  0.003515	     -1.00	    180.88	    496.26	      2.48	      2.44	     43.47	     42.64	13.24	 1.361e-04	      4.02	0	Gaussian	312.087952	41.917037
250	1	  0.001603	  0.003097	     -1.00	    124.10	    526.12	      2.70	      2.60	     47.21	     45.58	1.87	 7.932e-05	      4.03	0	Gaussian	312.422806	41.745679
251	1	  0.001594	  0.003424	     -1.00	    407.80	    360.47	      2.58	      2.43	     45.15	     42.58	7.01	 1.409e-04	      4.03	0	Gaussian	310.740176	42.670381
252	1	  0.001653	  0.003317	     -1.00	    111.99	     41.02	      2.53	      2.48	     44.23	     43.44	-67.94	 1.942e-04	      4.04	0	Gaussian	312.880125	44.014382
253	1	  0.001613	  0.003325	     -1.00	    269.10	    205.96	      2.49	      2.49	     43.60	     43.59	-81.09	 9.547e-05	      4.05	0	Gaussian	311.736165	43.328369
254	1	  0.001639	  0.003344	     -1.00	    521.00	    319.63	      2.60	      2.37	     45.54	     41.44	-5.36	 2.299e-04	      4.05	0	Gaussian	310.038903	42.913865
255	1	  0.001608	  0.002961	     -1.00	    254.20	    424.73	      2.82	      2.57	     49.36	     44.93	23.18	 8.117e-05	      4.05	0	Gaussian	311.675724	42.292039
256	1	  0.001563	  0.003272	     -1.00	    704.94	    320.58	      2.62	      2.43	     45.79	     42.57	9.95	 2.206e-05	      4.06	0	Gaussian	308.853028	42.982586
257	1	  0.001577	  0.003319	     -1.00	    171.40	    197.77	      2.49	      2.48	     43.67	     43.47	68.94	 4.647e-05	      4.06	0	Gaussian	312.371828	43.313605
258	1	  0.001618	  0.002868	     -1.00	    363.57	    739.11	      2.83	      2.55	     49.58	     44.60	53.73	 9.719e-05	      4.06	0	Gaussian	310.780356	40.866641
259	1	  0.001668	  0.003203	     -1.00	    364.91	    250.02	      2.54	      2.53	     44.39	     44.26	73.45	 3.090e-04	      4.07	0	Gaussian	311.087801	43.169899
260	1	  0.001657	  0.003289	     -1.00	    733.03	    252.06	      2.52	      2.41	     44.10	     42.11	-24.72	 3.096e-04	      4.07	0	Gaussian	308.705105	43.316379
261	1	  0.001599	  0.003264	     -1.00	    392.06	    227.23	      2.53	      2.46	     44.33	     43.12	30.82	 4.186e-05	      4.07	0	Gaussian	310.927797	43.290385
262	1	  0.001593	  0.003142	     -1.00	    556.40	    481.85	      2.61	      2.54	     45.63	     44.51	51.13	 3.304e-05	      4.07	0	Gaussian	309.719638	42.163519
263	1	  0.001593	  0.003340	     -1.00	     28.83	    119.62	      2.53	      2.45	     44.25	     42.88	34.68	 9.295e-05	      4.08	0	Gaussian	313.353092	43.595740
264	1	  0.001596	  0.003339	     -1.00	    552.98	    655.43	      2.58	      2.34	     45.14	     41.04	19.31	 8.344e-05	      4.08	0	Gaussian	309.645640	41.343290
265	1	  0.001584	  0.002928	     -1.00	    779.64	    583.27	      2.69	      2.64	     47.00	     46.17	40.03	 4.146e-05	      4.08	0	Gaussian	308.251626	41.767244
266	1	  0.001615	  0.003062	     -1.00	    732.87	    611.82	      2.63	      2.55	     46.06	     44.57	10.41	 8.297e-05	      4.08	0	Gaussian	308.534566	41.616580
267	1	  0.001587	  0.003089	     -1.00	    584.76	    456.20	      2.63	      2.55	     45.97	     44.68	28.30	 4.794e-05	      4.08	0	Gaussian	309.553181	42.296123
268	1	  0.001606	  0.003250	     -1.00	    163.93	    454.04	      2.51	      2.51	     43.95	     43.94	-67.97	 9.796e-05	      4.08	0	Gaussian	312.225918	42.106129
269	1	  0.001598	  0.003172	     -1.00	    716.65	    678.24	      2.61	      2.50	     45.64	     43.73	28.16	 5.803e-05	      4.08	0	Gaussian	308.605816	41.297231
270	1	  0.001574	  0.003207	     -1.00	    646.74	    138.80	      2.58	      2.49	     45.14	     43.52	-3.79	 6.824e-05	      4.08	0	Gaussian	309.325582	43.818742
271	1	  0.001594	  0.003115	     -1.00	    589.33	    444.99	      2.60	      2.47	     45.47	     43.19	84.29	 5.157e-05	      4.09	0	Gaussian	309.530126	42.350871
272	1	  0.001598	  0.003197	     -1.00	    267.32	    341.05	      2.59	      2.40	     45.42	     42.05	50.06	 6.702e-05	      4.09	0	Gaussian	311.651264	42.692334
273	1	  0.001578	  0.002984	     -1.00	    553.73	    581.87	      2.68	      2.54	     46.90	     44.48	3.41	 3.520e-05	      4.10	0	Gaussian	309.681203	41.690541
274	1	  0.001611	  0.003375	     -1.00	    309.97	    607.46	      2.48	      2.33	     43.47	     40.86	12.13	 2.354e-04	      4.10	0	Gaussian	311.199455	41.460642
275	1	  0.001702	  0.003127	     -1.00	    419.79	    379.95	      2.55	      2.48	     44.67	     43.41	-47.66	 5.760e-04	      4.12	0	Gaussian	310.651125	42.584222
276	1	  0.001607	  0.003214	     -1.00	    565.13	    734.09	      2.52	      2.45	     44.19	     42.93	17.80	 8.089e-05	      4.12	0	Gaussian	309.527187	40.977151
277	1	  0.001624	  0.002981	     -1.00	    656.87	    472.52	      2.76	      2.43	     48.34	     42.61	-23.27	 1.631e-04	      4.12	0	Gaussian	309.084785	42.247158
278	1	  0.001598	  0.003426	     -1.00	    184.42	    601.29	      2.42	      2.34	     42.36	     40.94	19.48	 5.316e-05	      4.12	0	Gaussian	311.989732	41.425555
279	1	  0.001578	  0.002991	     -1.00	    622.76	    452.09	      2.59	      2.56	     45.36	     44.83	11.97	 2.881e-05	      4.13	0	Gaussian	309.312942	42.330579
280	1	  0.001582	  0.003009	     -1.00	    721.84	    365.50	      2.69	      2.44	     47.07	     42.77	4.99	 3.332e-05	      4.13	0	Gaussian	308.722000	42.776481
281	1	  0.001598	  0.003052	     -1.00	    129.10	    214.62	      2.55	      2.48	     44.63	     43.40	8.42	 7.840e-05	      4.13	0	Gaussian	312.630629	43.210437
282	1	  0.001600	  0.003085	     -1.00	    402.50	    315.83	      2.54	      2.49	     44.51	     43.60	15.99	 4.449e-05	      4.14	0	Gaussian	310.802779	42.878148
283	1	  0.001574	  0.000641	     -1.00	     30.06	    591.69	     11.52	      2.79	    201.58	     48.89	-0.35	 7.233e-05	      4.14	0	Gaussian	312.960263	41.384532
284	1	  0.001624	  0.003161	     -1.00	    627.11	    535.89	      2.48	      2.48	     43.41	     43.34	-13.55	 1.680e-04	      4.14	0	Gaussian	309.241398	41.936642
285	1	  0.001606	  0.002998	     -1.00	    695.08	    219.14	      2.55	      2.50	     44.69	     43.84	29.69	 1.468e-04	      4.14	0	Gaussian	308.968128	43.458031
286	1	  0.001580	  0.002998	     -1.00	     87.66	      7.79	      2.58	      2.51	     45.12	     43.98	51.18	 2.606e-05	      4.15	0	Gaussian	313.065738	44.155416
287	1	  0.001608	  0.002266	     -1.00	    748.23	    474.59	      3.01	      2.85	     52.70	     49.87	40.07	 1.252e-04	      4.16	0	Gaussian	308.500886	42.270298
288	1	  0.001591	  0.002850	     -1.00	     33.87	    692.89	      2.67	      2.50	     46.73	     43.82	18.34	 3.700e-05	      4.16	0	Gaussian	312.857622	40.912443
289	1	  0.001605	  0.003004	     -1.00	    127.07	    476.54	      2.57	      2.44	     45.03	     42.67	19.24	 7.878e-05	      4.16	0	Gaussian	312.441550	41.980056
290	1	  0.001603	  0.002801	     -1.00	    729.12	    633.97	      2.55	      2.54	     44.55	     44.53	-49.63	 1.071e-04	      4.19	0	Gaussian	308.547921	41.510652
291	1	  0.001576	  0.002131	     -1.00	    489.71	    668.58	      2.89	      2.89	     50.58	     50.58	-50.71	 8.040e-05	      4.20	0	Gaussian	310.035196	41.254999
292	1	  0.001595	  0.002917	     -1.00	    462.76	     74.79	      2.54	      2.49	     44.51	     43.63	-6.14	 6.011e-05	      4.20	0	Gaussian	310.566998	44.041611
293	1	  0.001589	  0.002834	     -1.00	     86.14	    284.13	      2.61	      2.50	     45.60	     43.78	24.94	 1.056e-04	      4.21	0	Gaussian	312.850516	42.859410
294	1	  0.001642	  0.003072	     -1.00	    733.98	    443.63	      2.46	      2.30	     43.09	     40.26	16.14	 1.703e-04	      4.21	0	Gaussian	308.606474	42.411626
295	1	  0.001594	  0.002809	     -1.00	    140.15	    497.50	      2.64	      2.47	     46.17	     43.26	23.94	 3.203e-05	      4.21	0	Gaussian	312.343416	41.888953
296	1	  0.001602	  0.003163	     -1.00	    132.59	    726.60	      2.44	      2.32	     42.74	     40.54	19.50	 5.147e-05	      4.22	0	Gaussian	312.221592	40.809409
297	1	  0.001618	  0.003141	     -1.00	    473.52	    570.73	      2.42	      2.34	     42.27	     40.98	10.59	 1.193e-04	      4.22	0	Gaussian	310.193746	41.709253
298	1	  0.001667	  0.003052	     -1.00	    467.64	    274.85	      2.52	      2.33	     44.12	     40.76	2.61	 3.051e-04	      4.22	0	Gaussian	310.409582	43.101381
299	1	  0.001633	  0.003110	     -1.00	    339.62	    664.29	      2.39	      2.36	     41.89	     41.29	2.95	 1.267e-04	      4.22	0	Gaussian	310.976922	41.207510
300	1	  0.001578	  0.002699	     -1.00	    160.06	    320.74	      2.57	      2.51	     45.00	     43.95	-7.46	 2.356e-05	      4.22	0	Gaussian	312.350581	42.729913
301	1	  0.001936	  0.003561	     -1.00	    491.18	    112.37	      2.32	      2.12	     40.69	     37.08	19.16	 1.833e-03	      4.22	0	Gaussian	310.357507	43.877640
302	1	  0.001669	  0.003192	     -1.00	     29.36	    252.29	      2.37	      2.31	     41.55	     40.48	23.43	 4.550e-04	      4.23	0	Gaussian	313.238731	42.974711
303	1	  0.001660	  0.003238	     -1.00	    768.40	    144.67	      2.39	      2.27	     41.83	     39.80	-7.41	 2.493e-04	      4.23	0	Gaussian	308.526629	43.836127
304	1	  0.001579	  0.002581	     -1.00	     31.92	    651.80	      2.70	      2.56	     47.25	     44.83	40.22	 2.369e-05	      4.24	0	Gaussian	312.901600	41.103872
305	1	  0.001594	  0.002643	     -1.00	     84.75	    267.48	      2.61	      2.61	     45.75	     45.70	6.36	 6.502e-05	      4.25	0	Gaussian	312.872698	42.936659
306	1	  0.001589	  0.002766	     -1.00	    432.52	    598.10	      2.58	      2.44	     45.16	     42.70	70.22	 4.503e-05	      4.25	0	Gaussian	310.435713	41.562176
307	1	  0.001593	  0.002960	     -1.00	    426.31	    686.29	      2.49	      2.35	     43.54	     41.21	28.85	 4.992e-05	      4.25	0	Gaussian	310.421534	41.143887
308	1	  0.001610	  0.003024	     -1.00	     40.22	    542.51	      2.47	      2.32	     43.20	     40.54	16.73	 1.763e-04	      4.25	0	Gaussian	312.935566	41.620967
309	1	  0.001610	  0.001888	     -1.00	    289.14	    545.54	      3.51	      2.62	     61.44	     45.91	-65.90	 1.145e-04	      4.25	0	Gaussian	311.371604	41.741625
310	1	  0.001624	  0.003068	     -1.00	    751.49	    613.33	      2.43	      2.29	     42.59	     40.05	7.73	 7.988e-05	      4.27	0	Gaussian	308.416223	41.615829
311	1	  0.001583	  0.002711	     -1.00	    270.99	    302.39	      2.52	      2.42	     44.16	     42.42	-1.21	 3.289e-05	      4.27	0	Gaussian	311.655111	42.876033
312	1	  0.001736	  0.002424	     -1.00	    285.78	     71.11	      2.77	      2.69	     48.50	     47.02	-26.39	 6.534e-04	      4.27	0	Gaussian	311.725618	43.970914
313	1	  0.001574	  0.002438	     -1.00	    524.69	    740.94	      2.75	      2.58	     48.14	     45.12	-27.19	 3.866e-05	      4.27	0	Gaussian	309.775902	40.928510
314	1	  0.001611	  0.002979	     -1.00	    573.33	    270.46	      2.46	      2.29	     43.06	     40.15	0.60	 2.083e-04	      4.28	0	Gaussian	309.729850	43.167874
315	1	  0.001594	  0.002898	     -1.00	    557.71	    512.67	      2.49	      2.33	     43.65	     40.74	20.16	 5.063e-05	      4.28	0	Gaussian	309.694169	42.018670
316	1	  0.001607	  0.002496	     -1.00	    428.80	    394.20	      2.72	      2.53	     47.68	     44.36	-4.32	 9.138e-05	      4.28	0	Gaussian	310.584642	42.521246
317	1	  0.001600	  0.002516	     -1.00	    712.81	    495.41	      2.78	      2.45	     48.69	     42.96	-4.56	 7.973e-05	      4.29	0	Gaussian	308.716865	42.159504
318	1	  0.001582	  0.002572	     -1.00	     73.77	    740.15	      2.60	      2.55	     45.44	     44.67	54.55	 3.185e-05	      4.29	0	Gaussian	312.575047	40.713527
319	1	  0.001587	  0.002644	     -1.00	    602.57	    573.12	      2.57	      2.50	     45.05	     43.82	44.13	 7.623e-05	      4.29	0	Gaussian	309.377294	41.751390
320	1	  0.001591	  0.003015	     -1.00	    146.50	    768.34	      2.40	      2.31	     41.94	     40.44	15.86	 5.599e-05	      4.29	0	Gaussian	312.105487	40.620994
321	1	  0.001571	  0.002542	     -1.00	    186.04	    165.55	      2.60	      2.50	     45.53	     43.69	8.87	 2.244e-05	      4.30	0	Gaussian	312.302149	43.473067
322	1	  0.001586	  0.002878	     -1.00	    639.51	     27.75	      2.45	      2.36	     42.80	     41.26	-4.61	 4.689e-05	      4.30	0	Gaussian	309.433956	44.339703
323	1	  0.001584	  0.002917	     -1.00	    501.54	    591.58	      2.45	      2.32	     42.87	     40.59	12.58	 5.040e-05	      4.30	0	Gaussian	310.004924	41.623032
324	1	  0.001585	  0.002815	     -1.00	    559.53	    253.31	      2.47	      2.36	     43.28	     41.36	2.03	 4.476e-05	      4.31	0	Gaussian	309.828907	43.243056
325	1	  0.001609	  0.002610	     -1.00	    148.88	    779.51	      2.61	      2.45	     45.62	     42.80	26.05	 4.918e-05	      4.31	0	Gaussian	312.082800	40.569836
326	1	  0.001567	  0.001197	     -1.00	    683.89	    698.77	      5.04	      2.68	     88.25	     46.98	6.33	 4.001e-05	      4.31	0	Gaussian	308.801795	41.188731
327	1	  0.001594	  0.002491	     -1.00	     20.25	    108.95	      2.57	      2.53	     45.05	     44.27	-21.53	 7.841e-05	      4.31	0	Gaussian	313.417482	43.640351
328	1	  0.001627	  0.002311	     -1.00	    528.35	    136.00	      2.86	      2.43	     49.98	     42.55	-52.49	 1.787e-04	      4.32	0	Gaussian	310.100446	43.782782
329	1	  0.001662	  0.002897	     -1.00	    367.46	    710.60	      2.39	      2.32	     41.76	     40.66	26.20	 1.190e-04	      4.32	0	Gaussian	310.773899	41.002669
330	1	  0.001574	  0.002586	     -1.00	    659.09	    280.31	      2.58	      2.45	     45.09	     42.93	14.48	 4.117e-05	      4.32	0	Gaussian	309.169876	43.155620
331	1	  0.001602	  0.002756	     -1.00	    696.68	    564.38	      2.49	      2.31	     43.62	     40.50	5.70	 5.494e-05	      4.33	0	Gaussian	308.786037	41.827927
332	1	  0.001685	  0.002991	     -1.00	    372.51	    242.30	      2.32	      2.27	     40.62	     39.66	5.04	 3.521e-04	      4.34	0	Gaussian	311.044002	43.209936
333	1	  0.001578	  0.002290	     -1.00	    360.85	     75.28	      2.63	      2.61	     46.07	     45.67	-16.19	 3.671e-05	      4.36	0	Gaussian	311.232928	43.990069
334	1	  0.001575	  0.002347	     -1.00	    504.12	    127.26	      2.68	      2.54	     46.88	     44.39	7.68	 4.072e-05	      4.36	0	Gaussian	310.263849	43.813283
335	1	  0.001624	  0.002510	     -1.00	    238.98	    348.72	      2.57	      2.42	     44.95	     42.42	34.05	 1.099e-04	      4.36	0	Gaussian	311.826634	42.641375
336	1	  0.001667	  0.002699	     -1.00	    173.86	     71.43	      2.49	      2.29	     43.62	     40.10	-2.03	 3.727e-04	      4.36	0	Gaussian	312.453788	43.907827
337	1	  0.001601	  0.002363	     -1.00	    257.04	    754.07	      2.62	      2.55	     45.88	     44.71	34.21	 5.460e-05	      4.37	0	Gaussian	311.431882	40.745018
338	1	  0.001659	  0.002607	     -1.00	    464.79	    267.03	      2.46	      2.41	     43.14	     42.25	15.54	 3.010e-04	      4.37	0	Gaussian	310.432788	43.136938
339	1	  0.001619	  0.002465	     -1.00	    341.53	     16.13	      2.59	      2.45	     45.41	     42.92	-11.63	 1.303e-04	      4.37	0	Gaussian	311.400555	44.258369
340	1	  0.001581	  0.002555	     -1.00	    790.65	    361.49	      2.58	      2.29	     45.19	     40.13	4.74	 4.919e-05	      4.37	0	Gaussian	308.280884	42.819171
341	1	  0.001577	  0.002345	     -1.00	    635.05	    330.04	      2.53	      2.53	     44.24	     44.23	30.21	 4.204e-05	      4.37	0	Gaussian	309.298846	42.911526
342	1	  0.001651	  0.002814	     -1.00	    515.47	    148.41	      2.40	      2.28	     41.95	     39.89	-2.40	 2.511e-04	      4.38	0	Gaussian	310.176942	43.718649
343	1	  0.001584	  0.002313	     -1.00	    677.21	    312.95	      2.60	      2.59	     45.55	     45.35	-73.46	 6.750e-05	      4.38	0	Gaussian	309.035898	43.008335
344	1	  0.001622	  0.002505	     -1.00	    738.92	    200.28	      2.54	      2.39	     44.53	     41.76	-15.51	 1.480e-04	      4.39	0	Gaussian	308.692171	43.563066
345	1	  0.001593	  0.002508	     -1.00	    172.21	    130.42	      2.53	      2.38	     44.29	     41.64	18.38	 4.346e-05	      4.40	0	Gaussian	312.418553	43.630156
346	1	  0.001578	  0.002295	     -1.00	    359.75	     88.97	      2.58	      2.57	     45.12	     45.00	78.67	 3.385e-05	      4.41	0	Gaussian	311.230632	43.925104
347	1	  0.001594	  0.001949	     -1.00	    618.81	    374.21	      3.17	      2.55	     55.57	     44.63	7.14	 5.990e-05	      4.41	0	Gaussian	309.379641	42.696671
348	1	  0.001601	  0.002572	     -1.00	    139.70	    693.25	      2.45	      2.37	     42.96	     41.41	0.07	 1.180e-04	      4.41	0	Gaussian	312.201778	40.969778
349	1	  0.001628	  0.001977	     -1.00	    765.87	    101.98	      2.74	      2.74	     48.04	     48.02	-43.21	 1.194e-04	      4.41	0	Gaussian	308.563816	44.036826
350	1	  0.001600	  0.002284	     -1.00	    519.79	    678.79	      2.60	      2.55	     45.51	     44.70	24.71	 4.337e-05	      4.41	0	Gaussian	309.840936	41.219520
351	1	  0.001614	  0.002088	     -1.00	     36.21	    531.18	      2.68	      2.65	     46.94	     46.43	-16.85	 1.165e-04	      4.41	0	Gaussian	312.969633	41.671733
352	1	  0.001597	  0.002574	     -1.00	    552.33	    553.65	      2.48	      2.32	     43.42	     40.62	-3.81	 5.738e-05	      4.42	0	Gaussian	309.705580	41.823140
353	1	  0.001580	  0.002290	     -1.00	    454.15	    121.22	      2.60	      2.53	     45.54	     44.22	7.88	 5.141e-05	      4.42	0	Gaussian	310.593576	43.818972
354	1	  0.001575	  0.002561	     -1.00	    650.38	     87.32	      2.48	      2.34	     43.47	     40.94	4.93	 3.784e-05	      4.42	0	Gaussian	309.329730	44.063050
355	1	  0.001692	  0.002524	     -1.00	     56.00	    541.99	      2.42	      2.41	     42.29	     42.20	-52.38	 3.172e-04	      4.42	0	Gaussian	312.837312	41.632583
356	1	  0.001585	  0.002607	     -1.00	    532.61	    257.59	      2.44	      2.33	     42.75	     40.76	5.72	 3.894e-05	      4.42	0	Gaussian	310.000484	43.211430
357	1	  0.001633	  0.002263	     -1.00	    222.95	    282.10	      2.50	      2.48	     43.74	     43.49	-26.51	 5.754e-05	      4.43	0	Gaussian	311.977455	42.945921
358	1	  0.001675	  0.002537	     -1.00	    423.34	    115.03	      2.43	      2.42	     42.51	     42.32	-8.36	 3.578e-04	      4.43	0	Gaussian	310.798476	43.833606
359	1	  0.001578	  0.002046	     -1.00	     90.41	     28.06	      2.68	      2.65	     46.94	     46.46	-15.11	 3.085e-05	      4.44	0	Gaussian	313.031028	44.062177
360	1	  0.001596	  0.002480	     -1.00	    154.78	    260.44	      2.51	      2.33	     43.85	     40.83	8.74	 7.932e-05	      4.44	0	Gaussian	312.430368	43.010044
361	1	  0.001583	  0.002473	     -1.00	    701.68	    397.44	      2.51	      2.33	     44.02	     40.74	2.96	 5.477e-05	      4.44	0	Gaussian	308.835866	42.618329
362	1	  0.001641	  0.001700	     -1.00	    285.84	    153.95	      3.08	      2.89	     53.91	     50.50	-60.04	 8.243e-05	      4.44	0	Gaussian	311.665353	43.581675
363	1	  0.001608	  0.001813	     -1.00	    500.35	    630.96	      3.03	      2.64	     52.95	     46.27	-75.07	 8.576e-05	      4.44	0	Gaussian	309.989879	41.436871
364	1	  0.001618	  0.002260	     -1.00	     76.91	    783.29	      2.61	      2.47	     45.73	     43.31	16.02	 6.917e-05	      4.45	0	Gaussian	312.523383	40.513021
365	1	  0.001672	  0.002428	     -1.00	    276.16	     95.37	      2.52	      2.32	     44.15	     40.55	8.39	 2.187e-04	      4.45	0	Gaussian	311.770578	43.851846
366	1	  0.001654	  0.002598	     -1.00	    782.59	    745.39	      2.43	      2.27	     42.47	     39.74	4.73	 2.519e-04	      4.45	0	Gaussian	308.162039	41.002226
367	1	  0.001621	  0.002515	     -1.00	    611.68	     16.38	      2.47	      2.30	     43.23	     40.28	-10.86	 1.037e-04	      4.45	0	Gaussian	309.623826	44.382018
368	1	  0.001602	  0.002331	     -1.00	    247.61	    485.36	      2.50	      2.44	     43.71	     42.73	-16.80	 5.129e-05	      4.45	0	Gaussian	311.674839	42.003532
369	1	  0.001572	  0.002194	     -1.00	     49.06	    386.45	      2.64	      2.50	     46.22	     43.73	25.62	 2.162e-05	      4.46	0	Gaussian	313.004187	42.357760
370	1	  0.001612	  0.002525	     -1.00	    443.68	    139.39	      2.44	      2.31	     42.78	     40.50	-6.34	 6.023e-05	      4.46	0	Gaussian	310.650130	43.728491
371	1	  0.001654	  0.002495	     -1.00	    788.56	    641.35	      2.45	      2.32	     42.93	     40.57	3.93	 1.342e-04	      4.46	0	Gaussian	308.169654	41.495726
372	1	  0.001611	  0.002457	     -1.00	    258.66	     30.58	      2.46	      2.34	     43.05	     41.00	10.14	 5.670e-05	      4.46	0	Gaussian	311.932432	44.146768
373	1	  0.001631	  0.000861	     -1.00	    486.73	    583.11	      6.60	      2.52	    115.47	     44.19	-62.65	 2.514e-04	      4.46	0	Gaussian	310.103186	41.656619
374	1	  0.001604	  0.002250	     -1.00	    469.91	    542.73	      2.58	      2.46	     45.10	     42.97	25.21	 6.882e-05	      4.47	0	Gaussian	310.233036	41.839679
375	1	  0.001604	  0.002213	     -1.00	    394.88	    255.48	      2.61	      2.47	     45.77	     43.24	18.80	 9.232e-05	      4.47	0	Gaussian	310.891052	43.158726
376	1	  0.001581	  0.002336	     -1.00	    545.29	    713.60	      2.53	      2.38	     44.32	     41.57	7.41	 4.239e-05	      4.48	0	Gaussian	309.662223	41.065797
377	1	  0.001579	  0.001969	     -1.00	    477.52	     60.14	      2.79	      2.71	     48.82	     47.46	-19.62	 3.937e-05	      4.48	0	Gaussian	310.479599	44.117388
378	1	  0.001578	  0.002316	     -1.00	    656.72	     39.59	      2.55	      2.35	     44.72	     41.16	0.80	 3.534e-05	      4.48	0	Gaussian	309.313964	44.290695
379	1	  0.001612	  0.001120	     -1.00	    452.36	    322.56	      3.56	      3.53	     62.22	     61.72	27.64	 1.163e-04	      4.49	0	Gaussian	310.478360	42.869597
380	1	  0.001592	  0.002407	     -1.00	    390.31	    758.55	      2.47	      2.33	     43.30	     40.75	6.83	 5.523e-05	      4.49	0	Gaussian	310.602156	40.787438
381	1	  0.001595	  0.001147	     -1.00	    657.45	    762.73	      3.44	      3.35	     60.18	     58.55	65.90	 7.284e-05	      4.50	0	Gaussian	308.936219	40.877233
382	1	  0.001628	  0.001987	     -1.00	    478.91	    406.17	      2.76	      2.42	     48.30	     42.32	-6.37	 1.771e-04	      4.50	0	Gaussian	310.257314	42.487415
383	1	  0.001574	  0.002047	     -1.00	    371.89	    289.96	      2.61	      2.59	     45.63	     45.37	19.83	 2.675e-05	      4.50	0	Gaussian	311.016335	42.985278
384	1	  0.001684	  0.002243	     -1.00	    286.51	    109.22	      2.58	      2.28	     45.12	     39.94	0.70	 2.175e-04	      4.50	0	Gaussian	311.693236	43.792220
385	1	  0.001619	  0.002049	     -1.00	    331.82	     76.02	      2.61	      2.61	     45.69	     45.68	56.80	 6.442e-05	      4.50	0	Gaussian	311.421842	43.971850
386	1	  0.001616	  0.002382	     -1.00	    454.72	    371.55	      2.48	      2.32	     43.35	     40.55	8.59	 1.024e-04	      4.50	0	Gaussian	310.433017	42.639781
387	1	  0.001623	  0.002281	     -1.00	    488.36	    728.85	      2.47	      2.42	     43.27	     42.30	0.71	 1.607e-04	      4.51	0	Gaussian	310.009245	40.970372
388	1	  0.001591	  0.002310	     -1.00	    507.63	    395.56	      2.51	      2.33	     43.89	     40.77	5.06	 6.041e-05	      4.51	0	Gaussian	310.080051	42.549989
389	1	  0.001589	  0.002022	     -1.00	     58.90	    343.78	      2.63	      2.56	     46.07	     44.78	30.21	 4.628e-05	      4.52	0	Gaussian	312.976080	42.563664
390	1	  0.001587	  0.001563	     -1.00	    402.74	    699.40	      3.34	      2.66	     58.54	     46.50	80.63	 3.589e-05	      4.52	0	Gaussian	310.560831	41.071575
391	1	  0.001571	  0.001925	     -1.00	    388.25	    600.86	      2.66	      2.66	     46.50	     46.49	60.65	 2.043e-05	      4.52	0	Gaussian	310.712367	41.528968
392	1	  0.001592	  0.002049	     -1.00	    247.68	    132.06	      2.62	      2.56	     45.82	     44.89	29.46	 5.186e-05	      4.52	0	Gaussian	311.928586	43.664180
393	1	  0.001579	  0.002029	     -1.00	    625.63	    388.96	      2.61	      2.57	     45.77	     44.97	73.29	 4.363e-05	      4.53	0	Gaussian	309.328040	42.629720
394	1	  0.001589	  0.002224	     -1.00	    669.18	    201.58	      2.58	      2.29	     45.11	     40.00	-11.95	 6.225e-05	      4.53	0	Gaussian	309.145717	43.531171
395	1	  0.001625	  0.002259	     -1.00	    104.32	    769.60	      2.48	      2.36	     43.49	     41.36	5.53	 7.823e-05	      4.53	0	Gaussian	312.364738	40.592330
396	1	  0.001602	  0.002086	     -1.00	    311.07	    577.57	      2.60	      2.46	     45.56	     43.14	10.54	 7.538e-05	      4.54	0	Gaussian	311.212294	41.601815
397	1	  0.001577	  0.002212	     -1.00	    217.38	    180.68	      2.49	      2.41	     43.59	     42.22	1.20	 3.416e-05	      4.54	0	Gaussian	312.088418	43.419366
398	1	  0.001562	  0.001681	     -1.00	    423.39	    782.84	      2.93	      2.76	     51.31	     48.24	42.25	 3.038e-05	      4.54	0	Gaussian	310.382154	40.687915
399	1	  0.001619	  0.001588	     -1.00	    208.32	    517.04	      2.87	      2.81	     50.31	     49.20	-59.85	 1.052e-04	      4.54	0	Gaussian	311.900164	41.834044
400	1	  0.001575	  0.000988	     -1.00	    518.84	    425.42	      4.50	      3.02	     78.82	     52.84	-12.73	 3.478e-05	      4.55	0	Gaussian	309.991001	42.413999
401	1	  0.001594	  0.002169	     -1.00	    181.56	    755.15	      2.47	      2.43	     43.17	     42.54	11.98	 4.590e-05	      4.55	0	Gaussian	311.898284	40.701449
402	1	  0.001589	  0.002216	     -1.00	    423.52	    335.33	      2.47	      2.39	     43.27	     41.81	6.18	 5.391e-05	      4.55	0	Gaussian	310.655485	42.796178
403	1	  0.001592	  0.002197	     -1.00	    498.41	    301.20	      2.47	      2.40	     43.25	     42.01	10.99	 5.438e-05	      4.56	0	Gaussian	310.195271	42.990924
404	1	  0.001622	  0.002148	     -1.00	     60.19	     11.40	      2.56	      2.33	     44.82	     40.78	19.17	 1.299e-04	      4.56	0	Gaussian	313.241493	44.121754
405	1	  0.001646	  0.000751	     -1.00	    775.31	    270.23	      6.89	      2.43	    120.62	     42.61	-6.27	 3.849e-04	      4.56	0	Gaussian	308.422100	43.245281
406	1	  0.001576	  0.001684	     -1.00	    754.66	    199.50	      3.10	      2.56	     54.26	     44.75	9.05	 2.218e-05	      4.57	0	Gaussian	308.589980	43.572335
407	1	  0.001579	  0.001855	     -1.00	    499.88	    362.03	      2.67	      2.62	     46.74	     45.80	-29.41	 3.856e-05	      4.58	0	Gaussian	310.149493	42.704731
408	1	  0.001581	  0.000782	     -1.00	    535.18	    655.65	      6.08	      2.82	    106.48	     49.44	-34.13	 7.470e-05	      4.58	0	Gaussian	309.757278	41.334973
409	1	  0.001587	  0.001801	     -1.00	    136.07	    422.40	      2.85	      2.58	     49.82	     45.12	25.25	 4.036e-05	      4.58	0	Gaussian	312.425769	42.239243
410	1	  0.001660	  0.001310	     -1.00	    184.48	     76.35	      4.22	      2.31	     73.93	     40.43	-46.80	 3.487e-04	      4.58	0	Gaussian	312.380934	43.890809
411	1	  0.001612	  0.001531	     -1.00	    335.07	    232.69	      2.96	      2.71	     51.87	     47.47	21.33	 8.376e-05	      4.59	0	Gaussian	311.291932	43.236636
412	1	  0.001618	  0.002130	     -1.00	    294.41	    740.59	      2.47	      2.38	     43.29	     41.63	11.73	 7.465e-05	      4.59	0	Gaussian	311.209070	40.826822
413	1	  0.001655	  0.002032	     -1.00	    440.90	    281.93	      2.51	      2.51	     43.93	     43.92	-21.73	 2.052e-04	      4.60	0	Gaussian	310.577488	43.055822
414	1	  0.001597	  0.002098	     -1.00	    541.75	     41.65	      2.55	      2.32	     44.58	     40.58	7.34	 6.087e-05	      4.60	0	Gaussian	310.069431	44.233269
415	1	  0.001663	  0.001701	     -1.00	    188.00	    774.84	      2.82	      2.70	     49.41	     47.32	-80.78	 3.001e-04	      4.60	0	Gaussian	311.844732	40.612357
416	1	  0.001580	  0.002076	     -1.00	    712.43	    238.66	      2.52	      2.38	     44.06	     41.74	-5.15	 3.648e-05	      4.60	0	Gaussian	308.845486	43.372238
417	1	  0.001648	  0.002040	     -1.00	    415.64	    609.00	      2.52	      2.37	     44.10	     41.42	22.95	 1.226e-04	      4.61	0	Gaussian	310.535237	41.503206
418	1	  0.001648	  0.001898	     -1.00	    736.21	    654.91	      2.50	      2.49	     43.80	     43.59	-34.20	 2.042e-04	      4.61	0	Gaussian	308.493602	41.414178
419	1	  0.001621	  0.001995	     -1.00	    468.84	     98.44	      2.57	      2.36	     44.93	     41.22	0.70	 1.112e-04	      4.62	0	Gaussian	310.512179	43.933063
420	1	  0.001608	  0.002048	     -1.00	    420.66	    190.32	      2.48	      2.40	     43.43	     41.95	-0.48	 8.552e-05	      4.63	0	Gaussian	310.766806	43.477855
421	1	  0.001663	  0.002176	     -1.00	    641.21	    602.46	      2.48	      2.24	     43.32	     39.24	1.69	 2.379e-04	      4.63	0	Gaussian	309.118014	41.627721
422	1	  0.001583	  0.001952	     -1.00	    407.79	    684.75	      2.56	      2.42	     44.87	     42.36	33.74	 3.600e-05	      4.63	0	Gaussian	310.538225	41.142845
423	1	  0.001650	  0.001829	     -1.00	     84.96	    379.06	      2.60	      2.51	     45.56	     43.88	81.69	 2.042e-04	      4.63	0	Gaussian	312.782784	42.413485
424	1	  0.001565	  0.001842	     -1.00	    600.98	    207.40	      2.69	      2.46	     47.03	     43.12	-9.32	 3.081e-05	      4.63	0	Gaussian	309.586089	43.476748
425	1	  0.001640	  0.001933	     -1.00	    727.83	    650.12	      2.60	      2.44	     45.56	     42.71	-8.24	 2.097e-04	      4.64	0	Gaussian	308.548577	41.433919
426	1	  0.001559	  0.001581	     -1.00	    663.73	    656.96	      2.84	      2.76	     49.76	     48.34	68.14	 2.440e-05	      4.64	0	Gaussian	308.948768	41.378799
427	1	  0.001579	  0.001914	     -1.00	    332.60	    717.24	      2.54	      2.47	     44.40	     43.20	0.08	 3.409e-05	      4.65	0	Gaussian	310.986817	40.955039
428	1	  0.001584	  0.001893	     -1.00	    327.86	    200.54	      2.62	      2.37	     45.87	     41.41	10.02	 3.648e-05	      4.65	0	Gaussian	311.360618	43.384227
429	1	  0.001600	  0.001811	     -1.00	    271.95	    365.67	      2.56	      2.46	     44.86	     43.03	-28.61	 7.526e-05	      4.65	0	Gaussian	311.604377	42.578934
430	1	  0.001616	  0.001935	     -1.00	    403.12	    600.83	      2.49	      2.46	     43.54	     43.00	2.29	 1.102e-04	      4.65	0	Gaussian	310.618891	41.535952
431	1	  0.001590	  0.001053	     -1.00	    329.73	    692.54	      3.89	      2.96	     68.04	     51.76	-32.98	 3.729e-05	      4.65	0	Gaussian	311.020510	41.069869
432	1	  0.001682	  0.001697	     -1.00	    291.62	    682.72	      2.70	      2.56	     47.18	     44.82	86.28	 3.814e-04	      4.66	0	Gaussian	311.264458	41.097592
433	1	  0.001652	  0.002099	     -1.00	    582.60	    741.32	      2.43	      2.30	     42.61	     40.31	4.39	 1.966e-04	      4.66	0	Gaussian	309.414327	40.949931
434	1	  0.001622	  0.001876	     -1.00	    163.80	    478.91	      2.58	      2.49	     45.17	     43.66	-1.72	 1.636e-04	      4.66	0	Gaussian	312.208303	41.989235
435	1	  0.001567	  0.001667	     -1.00	     27.00	    299.14	      2.71	      2.64	     47.46	     46.28	37.41	 1.783e-05	      4.66	0	Gaussian	313.215047	42.753746
436	1	  0.001579	  0.001912	     -1.00	    244.68	    472.61	      2.53	      2.44	     44.32	     42.70	22.55	 3.528e-05	      4.66	0	Gaussian	311.702325	42.061950
437	1	  0.001583	  0.001911	     -1.00	    421.25	    639.50	      2.57	      2.38	     45.02	     41.72	7.57	 6.418e-05	      4.67	0	Gaussian	310.481442	41.362069
438	1	  0.001568	  0.001533	     -1.00	    482.93	     13.17	      2.98	      2.68	     52.22	     46.98	-1.25	 2.130e-05	      4.67	0	Gaussian	310.473900	44.341032
439	1	  0.001577	  0.001413	     -1.00	    302.95	    516.63	      2.81	      2.80	     49.21	     49.06	10.37	 3.549e-05	      4.68	0	Gaussian	311.304043	41.884521
440	1	  0.001583	  0.001851	     -1.00	    674.58	    297.78	      2.54	      2.47	     44.40	     43.31	2.11	 4.263e-05	      4.68	0	Gaussian	309.060625	43.079014
441	1	  0.001606	  0.001751	     -1.00	    302.99	    717.26	      2.62	      2.49	     45.78	     43.64	1.80	 4.217e-05	      4.68	0	Gaussian	311.170978	40.940680
442	1	  0.001564	  0.000775	     -1.00	    102.79	    586.17	      4.81	      3.15	     84.14	     55.11	68.13	 3.826e-05	      4.68	0	Gaussian	312.510922	41.451987
443	1	  0.001620	  0.001775	     -1.00	    283.07	    704.97	      2.63	      2.51	     46.12	     43.98	21.99	 7.437e-05	      4.69	0	Gaussian	311.302970	40.988741
444	1	  0.001619	  0.001786	     -1.00	     17.82	    446.43	      2.64	      2.36	     46.24	     41.31	13.47	 1.653e-04	      4.69	0	Gaussian	313.152832	42.058045
445	1	  0.001600	  0.001840	     -1.00	    265.40	    667.78	      2.52	      2.46	     44.09	     43.07	2.42	 9.128e-05	      4.70	0	Gaussian	311.437868	41.154835
446	1	  0.001569	  0.001734	     -1.00	    625.01	    277.92	      2.63	      2.54	     46.00	     44.54	-14.79	 2.585e-05	      4.70	0	Gaussian	309.391590	43.153609
447	1	  0.001596	  0.001867	     -1.00	    534.12	    496.48	      2.62	      2.23	     45.92	     39.08	10.13	 7.393e-05	      4.70	0	Gaussian	309.853036	42.085295
448	1	  0.001611	  0.001697	     -1.00	    438.05	    786.45	      2.75	      2.49	     48.14	     43.56	23.62	 1.455e-04	      4.71	0	Gaussian	310.289092	40.677364
449	1	  0.001570	  0.001621	     -1.00	    369.33	    791.00	      2.62	      2.55	     45.91	     44.63	79.05	 3.402e-05	      4.71	0	Gaussian	310.712426	40.625149
450	1	  0.001621	  0.001058	     -1.00	    247.67	    106.23	      3.35	      3.31	     58.69	     57.98	89.01	 1.564e-04	      4.71	0	Gaussian	311.947801	43.785538
451	1	  0.001582	  0.001860	     -1.00	    360.67	    611.43	      2.55	      2.38	     44.70	     41.67	13.19	 4.377e-05	      4.71	0	Gaussian	310.878870	41.466311
452	1	  0.001581	  0.001629	     -1.00	     95.63	    127.03	      2.73	      2.51	     47.75	     43.95	14.10	 2.090e-05	      4.71	0	Gaussian	312.916095	43.601529
453	1	  0.001598	  0.001954	     -1.00	    382.40	    521.45	      2.47	      2.33	     43.20	     40.83	9.22	 7.116e-05	      4.72	0	Gaussian	310.799206	41.900223
454	1	  0.001597	  0.001868	     -1.00	    344.43	    105.56	      2.50	      2.39	     43.80	     41.78	-1.82	 3.887e-05	      4.73	0	Gaussian	311.319014	43.839375
455	1	  0.001656	  0.001964	     -1.00	    455.99	    245.62	      2.39	      2.27	     41.90	     39.66	16.30	 2.954e-04	      4.73	0	Gaussian	310.502973	43.233815
456	1	  0.001577	  0.001409	     -1.00	    336.56	    437.96	      2.82	      2.69	     49.29	     47.00	32.44	 2.857e-05	      4.73	0	Gaussian	311.143891	42.271355
457	1	  0.001588	  0.001734	     -1.00	     42.84	    592.65	      2.62	      2.42	     45.84	     42.42	35.73	 9.822e-05	      4.73	0	Gaussian	312.879892	41.387432
458	1	  0.001591	  0.001511	     -1.00	     75.97	    469.69	      2.87	      2.64	     50.21	     46.21	19.97	 6.215e-05	      4.73	0	Gaussian	312.768518	41.983176
459	1	  0.001595	  0.001784	     -1.00	    158.70	    631.39	      2.56	      2.41	     44.88	     42.18	30.62	 5.703e-05	      4.74	0	Gaussian	312.128561	41.270417
460	1	  0.001589	  0.001782	     -1.00	    327.59	    511.25	      2.52	      2.45	     44.17	     42.83	1.12	 4.953e-05	      4.74	0	Gaussian	311.152084	41.921966
461	1	  0.001603	  0.001726	     -1.00	    733.56	    553.51	      2.51	      2.49	     43.95	     43.54	24.40	 4.658e-05	      4.74	0	Gaussian	308.557361	41.892297
462	1	  0.001573	  0.001346	     -1.00	    562.52	    758.99	      2.81	      2.80	     49.14	     48.99	38.12	 4.404e-05	      4.74	0	Gaussian	309.530267	40.858680
463	1	  0.001600	  0.001397	     -1.00	    210.93	    316.78	      2.80	      2.78	     48.98	     48.60	39.72	 4.104e-05	      4.75	0	Gaussian	312.028887	42.776487
464	1	  0.001595	  0.001702	     -1.00	    527.12	    482.98	      2.55	      2.53	     44.59	     44.36	-4.37	 4.415e-05	      4.76	0	Gaussian	309.905158	42.146044
465	1	  0.001619	  0.001818	     -1.00	    293.25	    556.38	      2.50	      2.36	     43.82	     41.24	19.76	 1.024e-04	      4.76	0	Gaussian	311.338451	41.692684
466	1	  0.001632	  0.001747	     -1.00	    186.45	    678.94	      2.52	      2.47	     44.07	     43.22	30.51	 1.574e-04	      4.76	0	Gaussian	311.921724	41.061861
467	1	  0.001584	  0.001306	     -1.00	     52.08	    359.49	      3.13	      2.69	     54.76	     47.01	-29.37	 3.422e-05	      4.77	0	Gaussian	313.006693	42.485967
468	1	  0.001607	  0.000930	     -1.00	    700.04	    610.83	      4.26	      2.65	     74.54	     46.40	-67.62	 9.587e-05	      4.78	0	Gaussian	308.742374	41.609736
469	1	  0.001618	  0.001753	     -1.00	    334.86	    650.64	      2.56	      2.33	     44.75	     40.75	35.14	 1.234e-04	      4.78	0	Gaussian	311.015429	41.269502
470	1	  0.001580	  0.001550	     -1.00	    377.01	    495.98	      2.64	      2.62	     46.16	     45.91	80.93	 3.104e-05	      4.78	0	Gaussian	310.849553	42.017631
471	1	  0.001569	  0.001435	     -1.00	    658.99	    566.73	      2.74	      2.64	     47.90	     46.19	27.34	 2.154e-05	      4.79	0	Gaussian	309.023605	41.803068
472	1	  0.001575	  0.001681	     -1.00	    319.32	    448.59	      2.58	      2.43	     45.11	     42.59	7.28	 3.242e-05	      4.79	0	Gaussian	311.246171	42.212815
473	1	  0.001578	  0.001693	     -1.00	    536.46	    624.35	      2.58	      2.40	     45.18	     41.96	22.39	 4.106e-05	      4.79	0	Gaussian	309.766571	41.483130
474	1	  0.001582	  0.001462	     -1.00	    664.82	    351.98	      2.71	      2.66	     47.38	     46.62	29.82	 5.546e-05	      4.79	0	Gaussian	309.095653	42.819377
475	1	  0.001578	  0.001069	     -1.00	     50.81	    289.43	      3.12	      3.08	     54.67	     53.85	80.29	 8.521e-05	      4.79	0	Gaussian	313.071458	42.813601
476	1	  0.001606	  0.001651	     -1.00	    273.06	    176.53	      2.63	      2.36	     45.98	     41.33	-3.23	 3.850e-05	      4.80	0	Gaussian	311.731841	43.468784
477	1	  0.001661	  0.000893	     -1.00	    309.89	    128.66	      4.07	      2.77	     71.25	     48.42	-79.26	 1.352e-04	      4.80	0	Gaussian	311.527397	43.713074
478	1	  0.001585	  0.001313	     -1.00	    425.83	    705.40	      3.19	      2.61	     55.88	     45.63	-7.19	 5.115e-05	      4.80	0	Gaussian	310.413126	41.053658
479	1	  0.001703	  0.000713	     -1.00	    764.21	    698.03	      6.21	      2.32	    108.76	     40.55	-8.50	 6.329e-04	      4.81	0	Gaussian	308.298016	41.219926
480	1	  0.001671	  0.001066	     -1.00	    178.49	    486.34	      3.27	      3.10	     57.16	     54.24	-15.64	 3.110e-04	      4.81	0	Gaussian	312.110232	41.962321
481	1	  0.001589	  0.001282	     -1.00	    224.09	    129.50	      3.09	      2.72	     54.10	     47.61	-19.52	 3.714e-05	      4.82	0	Gaussian	312.083369	43.663391
482	1	  0.001600	  0.001658	     -1.00	    173.23	    207.39	      2.56	      2.40	     44.88	     42.04	14.48	 2.017e-04	      4.82	0	Gaussian	312.352629	43.269459
483	1	  0.001591	  0.001552	     -1.00	    533.12	    693.43	      2.69	      2.37	     47.08	     41.50	10.41	 4.852e-05	      4.82	0	Gaussian	309.749373	41.155962
484	1	  0.001565	  0.000568	     -1.00	    681.64	    596.79	      4.19	      4.13	     73.31	     72.36	-2.41	 3.741e-05	      4.82	0	Gaussian	308.865436	41.669466
485	1	  0.001579	  0.001462	     -1.00	    198.16	    498.95	      2.57	      2.57	     45.02	     44.96	9.86	 2.421e-05	      4.82	0	Gaussian	311.977157	41.913675
486	1	  0.001617	  0.001612	     -1.00	    146.81	    755.20	      2.59	      2.42	     45.26	     42.30	-9.81	 8.522e-05	      4.83	0	Gaussian	312.113021	40.682854
487	1	  0.001589	  0.001585	     -1.00	    783.12	    132.37	      2.67	      2.30	     46.71	     40.26	5.96	 5.951e-05	      4.83	0	Gaussian	308.436016	43.899274
488	1	  0.001565	  0.001308	     -1.00	    752.78	    317.84	      2.91	      2.74	     50.93	     47.94	-5.84	 2.104e-05	      4.83	0	Gaussian	308.545451	43.012583
489	1	  0.001594	  0.001521	     -1.00	    728.82	    567.66	      2.70	      2.33	     47.32	     40.78	24.97	 4.325e-05	      4.84	0	Gaussian	308.580796	41.823806
490	1	  0.001606	  0.001587	     -1.00	    734.17	    421.40	      2.64	      2.32	     46.17	     40.62	4.27	 6.703e-05	      4.84	0	Gaussian	308.615869	42.516730
491	1	  0.001582	  0.001261	     -1.00	    257.20	    455.06	      2.86	      2.62	     50.02	     45.94	2.56	 2.701e-05	      4.85	0	Gaussian	311.635450	42.150935
492	1	  0.001628	  0.001673	     -1.00	    154.57	    471.67	      2.50	      2.36	     43.80	     41.35	17.29	 1.530e-04	      4.85	0	Gaussian	312.271924	42.018157
493	1	  0.001609	  0.001586	     -1.00	    259.61	    151.77	      2.51	      2.46	     43.98	     43.01	14.49	 6.891e-05	      4.85	0	Gaussian	311.836801	43.577990
494	1	  0.001574	  0.001097	     -1.00	    403.61	    459.25	      3.49	      2.74	     61.16	     48.03	4.00	 3.041e-05	      4.86	0	Gaussian	310.704195	42.203120
495	1	  0.001593	  0.001281	     -1.00	    738.89	    275.78	      2.83	      2.72	     49.53	     47.62	25.23	 1.148e-04	      4.86	0	Gaussian	308.655521	43.206437
496	1	  0.001586	  0.001449	     -1.00	    140.07	    215.86	      2.58	      2.57	     45.15	     44.95	-17.38	 7.317e-05	      4.86	0	Gaussian	312.559216	43.210905
497	1	  0.001629	  0.001604	     -1.00	    391.31	     28.45	      2.49	      2.43	     43.55	     42.54	-4.69	 1.290e-04	      4.86	0	Gaussian	311.065640	44.225464
498	1	  0.001661	  0.001739	     -1.00	    580.37	    748.40	      2.44	      2.29	     42.64	     40.09	12.86	 2.277e-04	      4.87	0	Gaussian	309.424523	40.915672
499	1	  0.001598	  0.001531	     -1.00	    613.78	    609.35	      2.64	      2.34	     46.30	     40.96	-7.59	 7.989e-05	      4.87	0	Gaussian	309.287564	41.584715
500	1	  0.001612	  0.001512	     -1.00	    716.76	    739.57	      2.65	      2.31	     46.45	     40.47	2.89	 1.556e-04	      4.88	0	Gaussian	308.576613	41.007631
501	1	  0.001597	  0.000849	     -1.00	    269.34	     44.01	      3.51	      3.26	     61.43	     56.99	66.98	 8.036e-05	      4.89	0	Gaussian	311.852696	44.089471
502	1	  0.001635	  0.001542	     -1.00	    461.16	    357.30	      2.56	      2.39	     44.81	     41.77	29.25	 1.472e-04	      4.89	0	Gaussian	310.400514	42.709844
503	1	  0.001601	  0.001334	     -1.00	    183.61	    441.73	      2.74	      2.53	     47.98	     44.20	-9.40	 5.012e-05	      4.90	0	Gaussian	312.110626	42.174638
504	1	  0.001631	  0.001518	     -1.00	    328.38	     92.41	      2.53	      2.44	     44.30	     42.68	-7.05	 5.937e-05	      4.90	0	Gaussian	311.432718	43.893042
505	1	  0.001598	  0.001470	     -1.00	    140.53	     27.26	      2.56	      2.50	     44.86	     43.81	11.84	 4.315e-05	      4.90	0	Gaussian	312.705558	44.095712
506	1	  0.001585	  0.001490	     -1.00	    736.22	    466.40	      2.64	      2.38	     46.17	     41.63	5.34	 4.055e-05	      4.90	0	Gaussian	308.581379	42.304814
507	1	  0.001592	  0.001410	     -1.00	    484.14	    248.69	      2.70	      2.41	     47.24	     42.26	-44.00	 4.194e-05	      4.90	0	Gaussian	310.319156	43.232089
508	1	  0.001579	  0.001389	     -1.00	     23.16	    280.33	      2.70	      2.47	     47.34	     43.15	32.84	 4.398e-05	      4.90	0	Gaussian	313.255059	42.839544
509	1	  0.001651	  0.000372	     -1.00	    732.72	    680.53	     11.65	      2.24	    204.00	     39.14	-5.17	 1.590e-04	      4.90	0	Gaussian	308.503740	41.291968
510	1	  0.001577	  0.001450	     -1.00	     43.24	    300.44	      2.62	      2.47	     45.86	     43.30	19.76	 5.289e-05	      4.91	0	Gaussian	313.110682	42.757489
511	1	  0.001591	  0.001410	     -1.00	    617.55	    582.95	      2.57	      2.55	     45.04	     44.67	12.52	 7.766e-05	      4.91	0	Gaussian	309.277460	41.710780
512	1	  0.001584	  0.001435	     -1.00	     96.18	    256.46	      2.66	      2.42	     46.50	     42.32	17.65	 4.124e-05	      4.92	0	Gaussian	312.808458	42.995052
513	1	  0.001616	  0.001438	     -1.00	    319.30	     20.06	      2.53	      2.51	     44.21	     43.95	32.96	 9.301e-05	      4.92	0	Gaussian	311.543435	44.228372
514	1	  0.001620	  0.001528	     -1.00	    765.63	    632.76	      2.54	      2.38	     44.52	     41.61	15.65	 9.493e-05	      4.92	0	Gaussian	308.318172	41.528742
515	1	  0.001593	  0.000498	     -1.00	    263.12	    319.43	      6.70	      2.73	    117.27	     47.79	-32.91	 4.290e-05	      4.92	0	Gaussian	311.693402	42.791793
516	1	  0.001582	  0.001120	     -1.00	     84.25	    440.96	      2.88	      2.88	     50.38	     50.38	37.21	 4.134e-05	      4.92	0	Gaussian	312.738741	42.122709
517	1	  0.001619	  0.001447	     -1.00	    248.61	    340.46	      2.56	      2.47	     44.73	     43.17	-2.77	 1.784e-04	      4.93	0	Gaussian	311.771141	42.685284
518	1	  0.001565	  0.001159	     -1.00	    357.94	    641.60	      2.87	      2.79	     50.30	     48.87	12.95	 1.843e-05	      4.93	0	Gaussian	310.876774	41.322989
519	1	  0.001578	  0.001244	     -1.00	    536.96	    673.89	      2.66	      2.65	     46.60	     46.31	41.03	 4.238e-05	      4.93	0	Gaussian	309.736065	41.249695
520	1	  0.001575	  0.001053	     -1.00	    295.92	    349.85	      3.24	      2.77	     56.71	     48.57	-1.43	 2.553e-05	      4.93	0	Gaussian	311.462433	42.665626
521	1	  0.001584	  0.001327	     -1.00	    664.61	    749.13	      2.71	      2.50	     47.39	     43.82	-21.68	 5.121e-05	      4.94	0	Gaussian	308.898129	40.944000
522	1	  0.001587	  0.001328	     -1.00	    441.41	    379.87	      2.62	      2.58	     45.89	     45.12	-11.02	 5.309e-05	      4.95	0	Gaussian	310.512969	42.594522
523	1	  0.001594	  0.001360	     -1.00	    771.89	    244.50	      2.73	      2.26	     47.80	     39.56	-1.29	 5.166e-05	      4.96	0	Gaussian	308.456341	43.365716
524	1	  0.001585	  0.001244	     -1.00	    448.92	    642.33	      2.90	      2.59	     50.82	     45.29	4.47	 4.661e-05	      4.96	0	Gaussian	310.306223	41.361054
525	1	  0.001607	  0.000926	     -1.00	    715.88	    604.93	      3.45	      2.94	     60.30	     51.49	-15.53	 9.913e-05	      4.96	0	Gaussian	308.645124	41.643241
526	1	  0.001576	  0.001278	     -1.00	    365.45	     46.43	      2.64	      2.62	     46.29	     45.83	-16.27	 3.183e-05	      4.96	0	Gaussian	311.222727	44.128029
527	1	  0.001572	  0.001116	     -1.00	     60.00	    740.80	      2.79	      2.76	     48.83	     48.27	46.19	 3.070e-05	      4.96	0	Gaussian	312.659485	40.702771
528	1	  0.001587	  0.001334	     -1.00	    231.78	    199.33	      2.63	      2.53	     46.07	     44.30	-5.39	 3.494e-05	      4.96	0	Gaussian	311.981661	43.339566
529	1	  0.001768	  0.001647	     -1.00	    784.54	    655.53	      2.41	      2.17	     42.23	     37.93	19.49	 7.148e-04	      4.96	0	Gaussian	308.188846	41.427380
530	1	  0.001596	  0.001402	     -1.00	    614.46	    430.72	      2.59	      2.44	     45.41	     42.66	0.63	 6.532e-05	      4.97	0	Gaussian	309.377282	42.428184
531	1	  0.001582	  0.000741	     -1.00	    583.62	    373.71	      4.15	      2.82	     72.62	     49.36	26.92	 8.244e-05	      4.97	0	Gaussian	309.605735	42.684952
532	1	  0.001601	  0.001372	     -1.00	    241.72	     92.41	      2.61	      2.43	     45.61	     42.58	-9.53	 3.983e-05	      4.98	0	Gaussian	311.996732	43.847205
533	1	  0.001567	  0.001192	     -1.00	    529.90	    794.98	      2.74	      2.73	     47.96	     47.71	10.05	 2.729e-05	      4.99	0	Gaussian	309.713880	40.675922
534	1	  0.001576	  0.001347	     -1.00	    600.33	    387.13	      2.59	      2.51	     45.41	     43.94	24.42	 3.826e-05	      4.99	0	Gaussian	309.491272	42.628327
535	1	  0.001592	  0.001345	     -1.00	    342.57	    126.70	      2.62	      2.47	     45.79	     43.15	-5.01	 3.871e-05	      4.99	0	Gaussian	311.316471	43.739019
536	1	  0.001606	  0.001332	     -1.00	    773.39	    170.68	      2.69	      2.33	     47.01	     40.87	-6.33	 7.203e-05	      4.99	0	Gaussian	308.481547	43.714956
537	1	  0.001636	  0.001290	     -1.00	    747.69	    674.90	      2.61	      2.53	     45.75	     44.32	19.21	 1.031e-04	      5.00	0	Gaussian	308.412210	41.323643
538	1	  0.001557	  0.000824	     -1.00	    774.87	    379.74	      3.56	      3.12	     62.38	     54.65	-7.18	 1.859e-05	      5.00	0	Gaussian	308.374130	42.727603
539	1	  0.001609	  0.001312	     -1.00	    526.13	    786.36	      2.68	      2.37	     46.96	     41.40	40.29	 1.307e-04	      5.00	0	Gaussian	309.742003	40.714996
540	1	  0.001600	  0.001232	     -1.00	    242.84	    532.01	      2.60	      2.59	     45.50	     45.34	-41.72	 5.481e-05	      5.01	0	Gaussian	311.672290	41.781742
541	1	  0.001681	  0.001383	     -1.00	    469.95	    290.32	      2.63	      2.18	     46.04	     38.14	-27.84	 5.123e-04	      5.01	0	Gaussian	310.385178	43.029503
542	1	  0.001575	  0.000907	     -1.00	    285.83	    309.07	      3.24	      3.04	     56.77	     53.21	-10.51	 2.491e-05	      5.01	0	Gaussian	311.555365	42.852270
543	1	  0.001601	  0.001291	     -1.00	    393.68	    391.12	      2.67	      2.53	     46.65	     44.28	-0.20	 9.114e-05	      5.01	0	Gaussian	310.810771	42.519377
544	1	  0.001666	  0.001375	     -1.00	     62.96	    587.69	      2.58	      2.34	     45.19	     40.93	46.17	 5.295e-04	      5.01	0	Gaussian	312.758339	41.422276
545	1	  0.001596	  0.001232	     -1.00	    258.55	     44.94	      2.62	      2.59	     45.80	     45.38	7.61	 5.294e-05	      5.02	0	Gaussian	311.922451	44.079288
546	1	  0.001586	  0.001270	     -1.00	    633.51	     68.73	      2.65	      2.51	     46.31	     43.94	-3.70	 5.189e-05	      5.02	0	Gaussian	309.450671	44.144067
547	1	  0.001638	  0.001349	     -1.00	    635.28	    532.11	      2.54	      2.44	     44.41	     42.68	28.63	 3.068e-04	      5.03	0	Gaussian	309.191498	41.957592
548	1	  0.001584	  0.000988	     -1.00	    646.92	    284.04	      3.00	      2.75	     52.59	     48.18	8.63	 5.112e-05	      5.03	0	Gaussian	309.246619	43.133312
549	1	  0.001596	  0.000938	     -1.00	    533.85	    598.21	      3.49	      2.59	     61.16	     45.34	-6.86	 9.030e-05	      5.03	0	Gaussian	309.797506	41.605305
550	1	  0.001590	  0.000566	     -1.00	    282.73	    600.52	      4.67	      3.08	     81.81	     53.84	-64.54	 5.678e-05	      5.04	0	Gaussian	311.374841	41.479808
551	1	  0.001598	  0.000972	     -1.00	    603.79	    544.31	      2.85	      2.80	     49.82	     48.98	-36.16	 7.805e-05	      5.04	0	Gaussian	309.384857	41.887841
552	1	  0.001585	  0.000412	     -1.00	    303.77	     34.71	      5.02	      3.98	     87.80	     69.74	30.47	 3.724e-05	      5.04	0	Gaussian	311.634498	44.151442
553	1	  0.001576	  0.001288	     -1.00	    638.38	    650.41	      2.64	      2.43	     46.20	     42.60	10.81	 3.795e-05	      5.04	0	Gaussian	309.111549	41.400313
554	1	  0.001631	  0.001211	     -1.00	    750.48	    659.50	      2.65	      2.50	     46.36	     43.73	-3.73	 9.191e-05	      5.05	0	Gaussian	308.401606	41.397343
555	1	  0.001625	  0.000994	     -1.00	    445.92	    671.24	      3.14	      2.67	     55.04	     46.65	15.90	 8.656e-05	      5.05	0	Gaussian	310.307876	41.223480
556	1	  0.001603	  0.001271	     -1.00	    407.70	    473.55	      2.64	      2.40	     46.22	     42.09	6.75	 6.167e-05	      5.05	0	Gaussian	310.669236	42.137645
557	1	  0.001609	  0.001153	     -1.00	    139.77	     84.86	      2.67	      2.61	     46.68	     45.66	38.13	 4.979e-05	      5.06	0	Gaussian	312.664453	43.825204
558	1	  0.001573	  0.001190	     -1.00	    291.70	    370.68	      2.70	      2.51	     47.31	     43.89	18.22	 2.667e-05	      5.06	0	Gaussian	311.474982	42.565520
559	1	  0.001596	  0.001227	     -1.00	     55.71	    415.28	      2.62	      2.50	     45.94	     43.74	-0.37	 7.351e-05	      5.07	0	Gaussian	312.939127	42.226555
560	1	  0.001594	  0.000873	     -1.00	    288.74	     15.01	      3.32	      2.76	     58.04	     48.33	46.19	 4.830e-05	      5.08	0	Gaussian	311.747209	44.236049
561	1	  0.001576	  0.001123	     -1.00	     71.48	    607.87	      2.69	      2.64	     47.07	     46.26	7.86	 8.470e-05	      5.08	0	Gaussian	312.689684	41.332524
562	1	  0.001599	  0.000239	     -1.00	    111.68	    110.81	     10.72	      3.37	    187.56	     58.97	30.19	 2.654e-05	      5.08	0	Gaussian	312.825571	43.687097
563	1	  0.001574	  0.001137	     -1.00	     82.35	    167.20	      2.68	      2.62	     46.90	     45.79	26.37	 3.632e-05	      5.08	0	Gaussian	312.968998	43.405361
564	1	  0.001596	  0.001199	     -1.00	    739.46	    705.58	      2.70	      2.37	     47.31	     41.55	-7.47	 7.265e-05	      5.09	0	Gaussian	308.449967	41.175954
565	1	  0.001677	  0.001254	     -1.00	    600.90	    500.90	      2.56	      2.43	     44.75	     42.53	60.31	 4.387e-04	      5.09	0	Gaussian	309.426235	42.091596
566	1	  0.001592	  0.001233	     -1.00	    441.42	    121.31	      2.61	      2.46	     45.63	     43.07	4.74	 6.504e-05	      5.09	0	Gaussian	310.676506	43.812571
567	1	  0.001580	  0.001191	     -1.00	    700.33	    471.45	      2.70	      2.39	     47.29	     41.89	-2.71	 5.830e-05	      5.09	0	Gaussian	308.808051	42.268250
568	1	  0.001602	  0.000629	     -1.00	    415.19	    721.52	      3.86	      3.24	     67.59	     56.73	19.31	 9.335e-05	      5.10	0	Gaussian	310.469817	40.972999
569	1	  0.001567	  0.000850	     -1.00	    574.62	    197.80	      3.61	      2.71	     63.24	     47.50	-8.90	 2.320e-05	      5.10	0	Gaussian	309.762876	43.511173
570	1	  0.001673	  0.001150	     -1.00	    255.78	    278.01	      2.57	      2.57	     45.06	     45.04	-4.95	 3.572e-04	      5.10	0	Gaussian	311.770045	42.982668
571	1	  0.001584	  0.000437	     -1.00	    258.97	    592.13	      5.40	      3.29	     94.45	     57.51	-54.07	 4.561e-05	      5.10	0	Gaussian	311.529473	41.507336
572	1	  0.001576	  0.001010	     -1.00	    698.45	    783.46	      2.72	      2.72	     47.59	     47.58	-30.42	 6.300e-05	      5.10	0	Gaussian	308.670550	40.794084
573	1	  0.001594	  0.001209	     -1.00	    499.46	    440.67	      2.62	      2.46	     45.94	     43.05	0.16	 7.234e-05	      5.10	0	Gaussian	310.105738	42.333763
574	1	  0.001583	  0.001122	     -1.00	    503.83	    658.21	      2.75	      2.46	     48.17	     43.10	-5.92	 5.771e-05	      5.10	0	Gaussian	309.952594	41.309875
575	1	  0.001569	  0.001138	     -1.00	     82.17	    554.40	      2.75	      2.46	     48.05	     43.04	19.37	 3.093e-05	      5.10	0	Gaussian	312.663986	41.589368
576	1	  0.001611	  0.000878	     -1.00	    561.51	    290.27	      3.43	      2.72	     59.99	     47.53	-11.52	 1.073e-04	      5.11	0	Gaussian	309.794881	43.069502
577	1	  0.001653	  0.001198	     -1.00	    254.29	    106.01	      2.52	      2.51	     44.09	     43.90	-33.83	 1.882e-04	      5.11	0	Gaussian	311.904934	43.790155
578	1	  0.001596	  0.001020	     -1.00	    561.09	    595.26	      2.98	      2.58	     52.10	     45.17	-9.10	 6.027e-05	      5.11	0	Gaussian	309.627366	41.630399
579	1	  0.001685	  0.001036	     -1.00	    306.35	    120.68	      2.77	      2.51	     48.43	     43.94	-37.92	 1.461e-04	      5.11	0	Gaussian	311.556065	43.748752
580	1	  0.001589	  0.001173	     -1.00	    476.45	     87.16	      2.63	      2.52	     46.05	     44.02	4.46	 6.130e-05	      5.11	0	Gaussian	310.469553	43.989648
581	1	  0.001588	  0.001112	     -1.00	    161.79	    617.74	      2.73	      2.49	     47.75	     43.66	35.35	 3.689e-05	      5.12	0	Gaussian	312.119240	41.336160
582	1	  0.001595	  0.001064	     -1.00	     11.54	    353.90	      2.68	      2.65	     46.91	     46.44	13.04	 3.966e-05	      5.12	0	Gaussian	313.268098	42.487817
583	1	  0.001584	  0.001148	     -1.00	    506.78	    745.50	      2.70	      2.43	     47.29	     42.58	15.65	 4.582e-05	      5.12	0	Gaussian	309.885054	40.899598
584	1	  0.001586	  0.000858	     -1.00	    246.00	    592.28	      3.12	      2.96	     54.60	     51.75	-10.93	 4.534e-05	      5.13	0	Gaussian	311.610614	41.499989
585	1	  0.001583	  0.001107	     -1.00	    194.77	    629.24	      2.71	      2.53	     47.39	     44.35	3.42	 4.375e-05	      5.13	0	Gaussian	311.905117	41.299704
586	1	  0.001585	  0.001092	     -1.00	    793.87	    527.22	      2.77	      2.42	     48.48	     42.28	-28.98	 5.373e-05	      5.13	0	Gaussian	308.186089	42.036840
587	1	  0.001579	  0.001093	     -1.00	    732.16	    318.45	      2.77	      2.40	     48.55	     42.07	-4.00	 4.896e-05	      5.14	0	Gaussian	308.678362	43.002461
588	1	  0.001580	  0.000785	     -1.00	    759.07	    393.17	      3.24	      2.75	     56.76	     48.05	-32.58	 1.205e-04	      5.14	0	Gaussian	308.469423	42.658757
589	1	  0.001592	  0.001062	     -1.00	    210.21	    377.64	      2.76	      2.52	     48.30	     44.06	-18.94	 3.618e-05	      5.15	0	Gaussian	311.988861	42.490117
590	1	  0.001587	  0.001095	     -1.00	    559.85	    424.62	      2.78	      2.30	     48.60	     40.32	23.71	 4.695e-05	      5.15	0	Gaussian	309.729580	42.434984
591	1	  0.001649	  0.001208	     -1.00	    752.20	    689.43	      2.63	      2.24	     46.06	     39.20	2.33	 1.440e-04	      5.15	0	Gaussian	308.377299	41.256548
592	1	  0.001596	  0.001127	     -1.00	    466.71	    315.20	      2.65	      2.49	     46.46	     43.60	-14.92	 6.209e-05	      5.15	0	Gaussian	310.390712	42.910773
593	1	  0.001600	  0.001096	     -1.00	    522.12	    442.14	      2.69	      2.50	     47.07	     43.84	43.00	 5.726e-05	      5.15	0	Gaussian	309.960392	42.336539
594	1	  0.001572	  0.000420	     -1.00	    642.22	    678.66	      6.19	      3.13	    108.29	     54.85	-20.15	 3.972e-05	      5.16	0	Gaussian	309.073155	41.268372
595	1	  0.001578	  0.001075	     -1.00	    476.53	    486.63	      2.72	      2.53	     47.56	     44.33	-0.63	 3.385e-05	      5.16	0	Gaussian	310.224403	42.107044
596	1	  0.001593	  0.001055	     -1.00	    149.40	    174.82	      2.70	      2.58	     47.24	     45.22	2.75	 4.916e-05	      5.16	0	Gaussian	312.531268	43.408816
597	1	  0.001592	  0.000969	     -1.00	    160.65	    302.55	      2.70	      2.70	     47.30	     47.28	4.11	 3.965e-05	      5.16	0	Gaussian	312.360640	42.815644
598	1	  0.001585	  0.000635	     -1.00	    712.36	    778.75	      4.06	      2.83	     71.07	     49.62	28.89	 7.829e-05	      5.16	0	Gaussian	308.585971	40.821166
599	1	  0.001577	  0.000746	     -1.00	     97.04	    627.93	      3.27	      2.94	     57.30	     51.48	-32.79	 5.273e-05	      5.16	0	Gaussian	312.515269	41.252827
600	1	  0.001681	  0.001123	     -1.00	    560.78	    700.61	      2.57	      2.48	     44.91	     43.39	17.58	 5.247e-04	      5.16	0	Gaussian	309.572342	41.133290
601	1	  0.001619	  0.001075	     -1.00	    652.54	    413.65	      2.74	      2.34	     47.99	     40.91	17.16	 1.226e-04	      5.17	0	Gaussian	309.142635	42.523502
602	1	  0.001603	  0.001144	     -1.00	    249.33	    149.37	      2.63	      2.43	     46.00	     42.45	-0.18	 8.833e-05	      5.17	0	Gaussian	311.905156	43.583781
603	1	  0.001625	  0.000781	     -1.00	    778.18	     48.72	      3.46	      2.80	     60.62	     48.98	-17.39	 6.993e-05	      5.17	0	Gaussian	308.508514	44.292580
604	1	  0.001638	  0.001204	     -1.00	    724.24	    441.23	      2.57	      2.34	     45.01	     41.00	28.53	 2.459e-04	      5.17	0	Gaussian	308.669989	42.419567
605	1	  0.001579	  0.000381	     -1.00	    668.37	    609.04	      5.83	      3.38	    102.08	     59.09	-82.68	 6.936e-05	      5.17	0	Gaussian	308.943234	41.606735
606	1	  0.001602	  0.001035	     -1.00	    315.86	    566.40	      2.76	      2.46	     48.29	     43.06	2.63	 7.072e-05	      5.18	0	Gaussian	311.189560	41.656720
607	1	  0.001597	  0.001091	     -1.00	    551.67	    609.44	      2.69	      2.41	     47.09	     42.12	8.23	 8.534e-05	      5.19	0	Gaussian	309.679016	41.559671
608	1	  0.001570	  0.000970	     -1.00	     43.14	    465.77	      2.82	      2.62	     49.31	     45.84	-29.03	 3.028e-05	      5.19	0	Gaussian	312.978073	41.982449
609	1	  0.001590	  0.001061	     -1.00	    610.19	    305.43	      2.73	      2.45	     47.71	     42.82	0.96	 4.469e-05	      5.19	0	Gaussian	309.472376	43.017895
610	1	  0.001570	  0.001005	     -1.00	    535.43	    273.93	      2.73	      2.63	     47.82	     45.98	-14.10	 2.980e-05	      5.19	0	Gaussian	309.972729	43.135545
611	1	  0.001581	  0.000990	     -1.00	    517.53	     84.87	      2.73	      2.64	     47.75	     46.20	-9.92	 6.134e-05	      5.20	0	Gaussian	310.202115	44.018977
612	1	  0.001694	  0.001276	     -1.00	    765.34	    691.24	      2.41	      2.30	     42.19	     40.34	16.62	 1.692e-04	      5.20	0	Gaussian	308.293943	41.252385
613	1	  0.001620	  0.001068	     -1.00	    470.46	    351.52	      2.64	      2.49	     46.19	     43.54	32.32	 1.496e-04	      5.20	0	Gaussian	310.344453	42.741304
614	1	  0.001596	  0.000972	     -1.00	    747.33	    181.06	      2.78	      2.50	     48.58	     43.77	-4.18	 6.568e-05	      5.20	0	Gaussian	308.646713	43.656859
615	1	  0.001584	  0.000970	     -1.00	    421.53	    589.98	      2.72	      2.67	     47.67	     46.74	0.82	 5.281e-05	      5.21	0	Gaussian	310.509811	41.595440
616	1	  0.001575	  0.000999	     -1.00	    364.08	    598.33	      2.78	      2.46	     48.72	     43.12	33.67	 3.250e-05	      5.21	0	Gaussian	310.865809	41.529594
617	1	  0.001649	  0.000818	     -1.00	    482.17	    569.04	      3.18	      2.51	     55.61	     43.93	76.43	 2.940e-04	      5.21	0	Gaussian	310.140177	41.720992
618	1	  0.001576	  0.001052	     -1.00	     20.67	    566.61	      2.68	      2.51	     46.88	     43.97	30.40	 4.655e-05	      5.21	0	Gaussian	313.038609	41.496581
619	1	  0.001579	  0.000852	     -1.00	    240.06	    547.19	      3.11	      2.72	     54.48	     47.57	-1.08	 2.992e-05	      5.22	0	Gaussian	311.679194	41.708949
620	1	  0.001587	  0.000993	     -1.00	    146.17	    308.48	      2.76	      2.51	     48.30	     43.87	4.33	 3.740e-05	      5.22	0	Gaussian	312.448540	42.779685
621	1	  0.001611	  0.000934	     -1.00	    386.40	    704.06	      2.88	      2.55	     50.43	     44.67	-2.40	 8.551e-05	      5.22	0	Gaussian	310.659906	41.042171
622	1	  0.001657	  0.001024	     -1.00	    138.06	    661.81	      2.70	      2.44	     47.17	     42.65	-49.13	 6.813e-04	      5.22	0	Gaussian	312.234925	41.116470
623	1	  0.001629	  0.000998	     -1.00	     77.15	    282.84	      2.67	      2.59	     46.68	     45.25	-40.98	 2.701e-04	      5.22	0	Gaussian	312.908877	42.860163
624	1	  0.001586	  0.000643	     -1.00	    573.78	    446.52	      3.58	      3.15	     62.69	     55.10	5.31	 1.076e-04	      5.23	0	Gaussian	309.628480	42.337333
625	1	  0.001587	  0.000997	     -1.00	    561.75	    673.39	      2.81	      2.29	     49.18	     40.02	-5.09	 6.031e-05	      5.23	0	Gaussian	309.580861	41.262088
626	1	  0.001586	  0.001024	     -1.00	    399.24	    555.33	      2.69	      2.50	     47.04	     43.79	29.42	 3.604e-05	      5.23	0	Gaussian	310.671608	41.748517
627	1	  0.001583	  0.000739	     -1.00	    582.08	    567.50	      3.63	      2.77	     63.60	     48.47	-10.42	 3.147e-05	      5.24	0	Gaussian	309.509900	41.769816
628	1	  0.001595	  0.001040	     -1.00	    790.28	     12.52	      2.72	      2.34	     47.60	     40.89	-9.52	 5.160e-05	      5.24	0	Gaussian	308.445949	44.467687
629	1	  0.001592	  0.000923	     -1.00	    385.62	    568.91	      2.79	      2.62	     48.76	     45.82	19.67	 6.713e-05	      5.24	0	Gaussian	310.748907	41.678223
630	1	  0.001591	  0.000917	     -1.00	    210.27	    411.92	      2.76	      2.68	     48.38	     46.97	-31.19	 3.292e-05	      5.24	0	Gaussian	311.963540	42.329077
631	1	  0.001574	  0.000978	     -1.00	    669.56	    532.59	      2.76	      2.48	     48.36	     43.34	-4.49	 3.476e-05	      5.25	0	Gaussian	308.973678	41.968198
632	1	  0.001579	  0.000972	     -1.00	    553.24	    113.52	      2.74	      2.54	     47.91	     44.40	-1.19	 3.006e-05	      5.25	0	Gaussian	309.951224	43.899561
633	1	  0.001595	  0.000915	     -1.00	    206.54	    262.92	      2.73	      2.68	     47.82	     46.90	1.36	 3.728e-05	      5.25	0	Gaussian	312.096852	43.027112
634	1	  0.001590	  0.000933	     -1.00	    617.42	    630.96	      2.72	      2.65	     47.66	     46.46	-17.13	 9.614e-05	      5.26	0	Gaussian	309.253396	41.484122
635	1	  0.001572	  0.000916	     -1.00	    351.39	    388.47	      2.88	      2.34	     50.46	     41.03	-7.07	 3.070e-05	      5.26	0	Gaussian	311.082291	42.511538
636	1	  0.001588	  0.000976	     -1.00	    763.27	     34.62	      2.75	      2.44	     48.18	     42.76	-15.91	 5.666e-05	      5.26	0	Gaussian	308.613767	44.353921
637	1	  0.001570	  0.000668	     -1.00	     85.19	    141.89	      3.54	      3.01	     62.03	     52.67	-9.65	 2.345e-05	      5.26	0	Gaussian	312.971366	43.525696
638	1	  0.001647	  0.000438	     -1.00	    752.75	    711.66	      6.62	      2.27	    115.80	     39.67	-7.27	 2.394e-04	      5.27	0	Gaussian	308.363834	41.151733
639	1	  0.001614	  0.000983	     -1.00	    395.40	    241.10	      2.62	      2.57	     45.89	     44.92	5.54	 6.785e-05	      5.27	0	Gaussian	310.897104	43.226700
640	1	  0.001662	  0.001046	     -1.00	    349.92	     14.72	      2.66	      2.26	     46.50	     39.48	30.01	 2.534e-04	      5.27	0	Gaussian	311.346510	44.269283
641	1	  0.001576	  0.000941	     -1.00	    792.50	    228.28	      2.75	      2.55	     48.08	     44.60	-3.08	 3.353e-05	      5.28	0	Gaussian	308.329919	43.449349
642	1	  0.001602	  0.000901	     -1.00	    201.23	    679.48	      2.77	      2.57	     48.54	     45.05	32.58	 4.442e-05	      5.29	0	Gaussian	311.829456	41.067066
643	1	  0.001613	  0.000934	     -1.00	    354.45	    428.82	      2.69	      2.58	     47.12	     45.09	-9.64	 7.038e-05	      5.29	0	Gaussian	311.036232	42.323072
644	1	  0.001605	  0.000793	     -1.00	     42.13	    116.09	      3.05	      2.74	     53.43	     48.04	-5.92	 9.254e-05	      5.29	0	Gaussian	313.270357	43.620457
645	1	  0.001639	  0.001082	     -1.00	    445.61	    789.22	      2.50	      2.41	     43.70	     42.24	8.98	 2.118e-04	      5.29	0	Gaussian	310.240557	40.667614
646	1	  0.001589	  0.000939	     -1.00	    457.53	    465.10	      2.67	      2.60	     46.79	     45.53	-6.14	 5.480e-05	      5.29	0	Gaussian	310.358002	42.200155
647	1	  0.001577	  0.000905	     -1.00	    297.91	    478.62	      2.85	      2.33	     49.88	     40.79	23.80	 3.853e-05	      5.30	0	Gaussian	311.361568	42.060827
648	1	  0.001607	  0.000893	     -1.00	    207.33	    356.93	      2.71	      2.65	     47.35	     46.43	-25.58	 8.952e-05	      5.30	0	Gaussian	312.022390	42.585907
649	1	  0.001584	  0.000878	     -1.00	     68.13	    382.53	      2.83	      2.51	     49.58	     44.01	-1.63	 3.299e-05	      5.30	0	Gaussian	312.886600	42.387381
650	1	  0.001586	  0.000911	     -1.00	    213.44	     78.11	      2.70	      2.62	     47.20	     45.89	-0.83	 3.498e-05	      5.31	0	Gaussian	312.191342	43.898803
651	1	  0.001567	  0.000745	     -1.00	    497.05	    407.91	      3.16	      2.82	     55.23	     49.30	-4.72	 1.889e-05	      5.31	0	Gaussian	310.140420	42.487181
652	1	  0.001592	  0.000918	     -1.00	    517.12	     94.60	      2.79	      2.41	     48.78	     42.15	-36.75	 9.133e-05	      5.31	0	Gaussian	310.198857	43.972951
653	1	  0.001610	  0.000782	     -1.00	    737.70	    786.14	      3.40	      2.70	     59.45	     47.26	-2.12	 1.714e-04	      5.31	0	Gaussian	308.424557	40.794925
654	1	  0.001588	  0.000836	     -1.00	     98.83	    713.69	      2.88	      2.51	     50.33	     43.91	38.41	 4.191e-05	      5.32	0	Gaussian	312.439992	40.851540
655	1	  0.001611	  0.000951	     -1.00	    460.66	    407.66	      2.67	      2.48	     46.68	     43.43	9.53	 8.031e-05	      5.32	0	Gaussian	310.372953	42.472257
656	1	  0.001567	  0.000648	     -1.00	    549.14	    679.32	      3.75	      2.69	     65.65	     47.14	-10.27	 3.487e-05	      5.32	0	Gaussian	309.656713	41.229016
657	1	  0.001589	  0.000777	     -1.00	    236.99	    103.88	      2.96	      2.69	     51.86	     47.07	-3.69	 3.992e-05	      5.32	0	Gaussian	312.018869	43.790747
658	1	  0.001589	  0.000892	     -1.00	    552.31	    373.08	      2.70	      2.63	     47.23	     45.97	21.54	 7.440e-05	      5.32	0	Gaussian	309.806902	42.675011
659	1	  0.001589	  0.000936	     -1.00	    237.72	    439.34	      2.73	      2.40	     47.80	     42.05	6.12	 4.104e-05	      5.33	0	Gaussian	311.769868	42.214752
660	1	  0.001595	  0.000840	     -1.00	    478.57	    229.79	      2.80	      2.63	     48.95	     45.99	11.24	 3.779e-05	      5.33	0	Gaussian	310.366821	43.318681
661	1	  0.001582	  0.000427	     -1.00	    304.65	    422.23	      4.17	      3.90	     72.90	     68.30	-43.42	 2.900e-05	      5.33	0	Gaussian	311.357154	42.329549
662	1	  0.001569	  0.000728	     -1.00	     22.15	    149.95	      3.14	      2.82	     54.97	     49.36	-4.57	 4.802e-05	      5.33	0	Gaussian	313.370472	43.449589
663	1	  0.001612	  0.000915	     -1.00	    256.51	    658.36	      2.70	      2.51	     47.19	     43.90	37.00	 1.562e-04	      5.33	0	Gaussian	311.499686	41.194654
664	1	  0.001607	  0.000978	     -1.00	    435.36	    672.56	      2.63	      2.45	     46.07	     42.89	-2.47	 7.800e-05	      5.33	0	Gaussian	310.373184	41.212596
665	1	  0.001596	  0.000877	     -1.00	    742.85	    599.35	      2.84	      2.30	     49.72	     40.30	-35.71	 5.733e-05	      5.33	0	Gaussian	308.477234	41.678928
666	1	  0.001597	  0.000872	     -1.00	    507.15	    266.93	      2.73	      2.64	     47.83	     46.13	-65.58	 9.239e-05	      5.33	0	Gaussian	310.159445	43.156299
667	1	  0.001565	  0.000854	     -1.00	    680.76	    399.69	      2.86	      2.45	     50.07	     42.88	6.06	 2.990e-05	      5.33	0	Gaussian	308.968900	42.600019
668	1	  0.001577	  0.000903	     -1.00	     20.51	    388.27	      2.72	      2.56	     47.68	     44.73	13.64	 3.739e-05	      5.33	0	Gaussian	313.183168	42.332186
669	1	  0.001596	  0.000834	     -1.00	    251.37	    721.77	      2.77	      2.67	     48.52	     46.74	-18.22	 4.375e-05	      5.34	0	Gaussian	311.488712	40.894004
670	1	  0.001609	  0.000799	     -1.00	    340.95	     85.69	      3.05	      2.59	     53.35	     45.38	-1.85	 1.526e-04	      5.34	0	Gaussian	311.355505	43.931031
671	1	  0.001573	  0.000842	     -1.00	     76.40	    197.13	      2.78	      2.68	     48.65	     46.86	3.51	 3.248e-05	      5.34	0	Gaussian	312.982912	43.261517
672	1	  0.001635	  0.000937	     -1.00	    266.44	    635.64	      2.64	      2.48	     46.20	     43.40	-13.73	 2.498e-04	      5.34	0	Gaussian	311.453064	41.306487
673	1	  0.001575	  0.000855	     -1.00	    336.34	    373.08	      2.74	      2.66	     47.99	     46.63	39.41	 2.801e-05	      5.34	0	Gaussian	311.188542	42.576604
674	1	  0.001603	  0.000803	     -1.00	    470.77	    451.16	      2.94	      2.63	     51.55	     45.98	0.83	 7.952e-05	      5.35	0	Gaussian	310.282190	42.271707
675	1	  0.001596	  0.000853	     -1.00	    628.05	    417.14	      2.80	      2.47	     49.05	     43.18	33.11	 4.918e-05	      5.36	0	Gaussian	309.297587	42.497638
676	1	  0.001643	  0.000938	     -1.00	     26.51	    441.60	      2.66	      2.34	     46.64	     41.00	3.33	 1.990e-04	      5.36	0	Gaussian	313.102091	42.085890
677	1	  0.001572	  0.000641	     -1.00	    126.78	    188.07	      3.41	      3.02	     59.63	     52.77	-7.25	 1.822e-05	      5.36	0	Gaussian	312.666449	43.333613
678	1	  0.001590	  0.000920	     -1.00	    505.48	     96.78	      2.67	      2.49	     46.80	     43.57	-1.19	 5.758e-05	      5.36	0	Gaussian	310.273657	43.957520
679	1	  0.001589	  0.000500	     -1.00	    244.93	    775.13	      4.93	      2.58	     86.24	     45.10	-0.84	 6.117e-05	      5.36	0	Gaussian	311.492722	40.640001
680	1	  0.001637	  0.000951	     -1.00	    686.03	    212.82	      2.61	      2.27	     45.60	     39.73	-3.84	 2.923e-04	      5.37	0	Gaussian	309.030241	43.484476
681	1	  0.001617	  0.000603	     -1.00	    606.86	    600.07	      3.86	      2.60	     67.49	     45.51	-17.75	 1.535e-04	      5.37	0	Gaussian	309.336067	41.625845
682	1	  0.001577	  0.000671	     -1.00	    703.07	     78.02	      3.31	      2.91	     57.87	     50.86	-16.37	 3.467e-05	      5.37	0	Gaussian	308.988512	44.127179
683	1	  0.001584	  0.000766	     -1.00	    665.32	    163.13	      2.77	      2.76	     48.48	     48.33	4.80	 4.342e-05	      5.37	0	Gaussian	309.191183	43.711181
684	1	  0.001591	  0.000331	     -1.00	    342.70	    257.17	      5.94	      3.16	    103.88	     55.38	3.48	 5.966e-05	      5.37	0	Gaussian	311.226036	43.125241
685	1	  0.001588	  0.000735	     -1.00	    687.89	    177.80	      3.14	      2.69	     54.94	     47.07	-7.02	 3.596e-05	      5.37	0	Gaussian	309.036253	43.650535
686	1	  0.001579	  0.000741	     -1.00	    298.96	    323.27	      3.09	      2.69	     54.03	     47.02	-2.57	 2.380e-05	      5.38	0	Gaussian	311.461408	42.792234
687	1	  0.001594	  0.000825	     -1.00	    274.13	    748.38	      2.85	      2.36	     49.83	     41.23	3.56	 4.162e-05	      5.39	0	Gaussian	311.329757	40.780270
688	1	  0.001606	  0.000811	     -1.00	    183.65	    624.68	      2.84	      2.37	     49.77	     41.53	-4.77	 9.626e-05	      5.39	0	Gaussian	311.977815	41.315253
689	1	  0.001599	  0.000409	     -1.00	    116.82	    784.07	      4.28	      3.38	     74.97	     59.13	-42.31	 4.449e-05	      5.39	0	Gaussian	312.277152	40.531260
690	1	  0.001628	  0.000557	     -1.00	    120.12	    157.29	      4.05	      2.74	     70.94	     48.03	57.65	 1.906e-04	      5.40	0	Gaussian	312.733784	43.474100
691	1	  0.001592	  0.000718	     -1.00	    192.08	    614.14	      3.18	      2.67	     55.61	     46.73	-0.46	 5.378e-05	      5.40	0	Gaussian	311.932639	41.369224
692	1	  0.001575	  0.000788	     -1.00	    631.92	    206.35	      2.91	      2.33	     50.85	     40.83	-28.83	 4.014e-05	      5.41	0	Gaussian	309.385550	43.494125
693	1	  0.001605	  0.000784	     -1.00	    376.49	      9.79	      2.83	      2.50	     49.54	     43.82	-15.89	 9.588e-05	      5.41	0	Gaussian	311.175606	44.305841
694	1	  0.001588	  0.000795	     -1.00	    454.36	    749.61	      2.84	      2.47	     49.66	     43.26	-12.07	 4.022e-05	      5.41	0	Gaussian	310.209230	40.857986
695	1	  0.001579	  0.000722	     -1.00	    392.05	    501.29	      3.13	      2.66	     54.86	     46.61	-3.35	 3.201e-05	      5.41	0	Gaussian	310.750984	41.999709
696	1	  0.001571	  0.000760	     -1.00	     37.48	    480.73	      2.82	      2.71	     49.44	     47.35	-9.82	 2.797e-05	      5.41	0	Gaussian	313.001718	41.908994
697	1	  0.001601	  0.000866	     -1.00	    163.75	    247.36	      2.75	      2.32	     48.06	     40.68	-5.48	 1.045e-04	      5.41	0	Gaussian	312.382898	43.076509
698	1	  0.001608	  0.000814	     -1.00	    756.17	     10.84	      2.76	      2.54	     48.30	     44.38	-57.35	 1.043e-04	      5.42	0	Gaussian	308.672423	44.463665
699	1	  0.001621	  0.000867	     -1.00	    114.67	    529.71	      2.67	      2.45	     46.78	     42.97	23.14	 2.192e-04	      5.42	0	Gaussian	312.479244	41.723567
700	1	  0.001622	  0.000834	     -1.00	    322.39	     35.36	      2.69	      2.51	     47.01	     43.96	-3.09	 8.921e-05	      5.43	0	Gaussian	311.512250	44.158115
701	1	  0.001614	  0.000512	     -1.00	    391.34	    143.14	      3.39	      3.15	     59.36	     55.22	-0.33	 7.708e-05	      5.43	0	Gaussian	310.988230	43.685843
702	1	  0.001603	  0.000779	     -1.00	    697.22	    768.63	      2.82	      2.49	     49.32	     43.52	-45.35	 1.071e-04	      5.43	0	Gaussian	308.685153	40.863659
703	1	  0.001597	  0.000742	     -1.00	      6.45	    596.01	      2.77	      2.71	     48.49	     47.46	35.29	 5.253e-05	      5.44	0	Gaussian	313.103817	41.350425
704	1	  0.001601	  0.000211	     -1.00	    323.51	    133.33	      9.95	      2.77	    174.19	     48.50	7.45	 3.822e-05	      5.44	0	Gaussian	311.435677	43.698145
705	1	  0.001586	  0.000436	     -1.00	    718.62	    768.79	      3.60	      3.41	     63.03	     59.60	3.53	 7.909e-05	      5.44	0	Gaussian	308.551486	40.870315
706	1	  0.001620	  0.000603	     -1.00	    774.63	    736.63	      3.45	      2.94	     60.47	     51.38	-12.66	 2.274e-04	      5.45	0	Gaussian	308.215643	41.040993
707	1	  0.001591	  0.000749	     -1.00	    131.79	    166.13	      2.85	      2.54	     49.86	     44.44	-17.31	 5.212e-05	      5.45	0	Gaussian	312.651542	43.439415
708	1	  0.001596	  0.000757	     -1.00	    516.37	    287.07	      2.71	      2.68	     47.43	     46.98	21.03	 4.699e-05	      5.45	0	Gaussian	310.087938	43.065363
709	1	  0.001587	  0.000513	     -1.00	    690.78	    321.21	      3.92	      2.90	     68.64	     50.74	3.65	 6.268e-05	      5.45	0	Gaussian	308.944070	42.974420
710	1	  0.001585	  0.000535	     -1.00	    695.15	    629.94	      3.90	      2.93	     68.19	     51.32	-0.19	 3.932e-05	      5.46	0	Gaussian	308.764088	41.517774
711	1	  0.001586	  0.000758	     -1.00	    619.70	    621.29	      2.88	      2.31	     50.38	     40.44	-13.54	 9.350e-05	      5.46	0	Gaussian	309.243994	41.530646
712	1	  0.001675	  0.000914	     -1.00	    260.26	    210.72	      2.55	      2.33	     44.67	     40.73	-23.67	 3.180e-04	      5.46	0	Gaussian	311.789787	43.301339
713	1	  0.001597	  0.000783	     -1.00	    143.44	    319.50	      2.76	      2.52	     48.24	     44.06	-1.87	 6.779e-05	      5.47	0	Gaussian	312.457477	42.726418
714	1	  0.001591	  0.000298	     -1.00	    397.35	    213.21	      5.22	      3.64	     91.29	     63.66	78.00	 5.964e-05	      5.47	0	Gaussian	310.902784	43.358942
715	1	  0.001614	  0.000691	     -1.00	    239.00	    275.28	      3.10	      2.63	     54.18	     46.01	-3.35	 5.228e-05	      5.47	0	Gaussian	311.879577	42.986571
716	1	  0.001619	  0.000720	     -1.00	     30.29	    242.94	      2.81	      2.63	     49.25	     45.98	-37.63	 1.252e-04	      5.47	0	Gaussian	313.240557	43.019068
717	1	  0.001627	  0.000684	     -1.00	    742.72	    715.02	      3.31	      2.57	     57.88	     45.04	-0.29	 1.447e-04	      5.48	0	Gaussian	308.425216	41.132481
718	1	  0.001582	  0.000619	     -1.00	    562.13	    395.78	      3.36	      2.75	     58.86	     48.19	-2.19	 4.156e-05	      5.48	0	Gaussian	309.731182	42.572000
719	1	  0.001589	  0.000718	     -1.00	    706.97	    279.55	      3.06	      2.57	     53.55	     44.91	-3.83	 7.065e-05	      5.48	0	Gaussian	308.860435	43.177125
720	1	  0.001631	  0.000689	     -1.00	    276.36	    715.01	      2.85	      2.61	     49.94	     45.62	3.50	 1.373e-04	      5.49	0	Gaussian	311.338007	40.938254
721	1	  0.001589	  0.000656	     -1.00	     48.71	    712.67	      2.97	      2.54	     52.00	     44.41	9.24	 4.630e-05	      5.49	0	Gaussian	312.750614	40.828250
722	1	  0.001626	  0.000748	     -1.00	    793.48	    424.00	      2.69	      2.63	     47.10	     45.99	-11.76	 7.522e-05	      5.49	0	Gaussian	308.234504	42.524630
723	1	  0.001587	  0.000744	     -1.00	    569.18	    372.42	      2.84	      2.44	     49.62	     42.62	-15.43	 8.804e-05	      5.50	0	Gaussian	309.699097	42.685121
724	1	  0.001590	  0.000537	     -1.00	    524.68	    663.57	      3.96	      2.72	     69.37	     47.52	-8.63	 1.087e-04	      5.50	0	Gaussian	309.818760	41.293277
725	1	  0.001588	  0.000670	     -1.00	    685.27	    527.32	      2.89	      2.68	     50.65	     46.96	-42.46	 7.922e-05	      5.50	0	Gaussian	308.876517	41.998878
726	1	  0.001583	  0.000683	     -1.00	    756.68	    337.00	      2.86	      2.72	     50.11	     47.63	11.53	 4.697e-05	      5.50	0	Gaussian	308.511199	42.923385
727	1	  0.001578	  0.000553	     -1.00	    245.08	     10.01	      3.63	      2.80	     63.52	     49.06	-9.77	 2.123e-05	      5.50	0	Gaussian	312.036593	44.235930
728	1	  0.001572	  0.000460	     -1.00	    192.22	    224.73	      3.80	      3.17	     66.43	     55.48	0.41	 1.974e-05	      5.51	0	Gaussian	312.217338	43.198617
729	1	  0.001609	  0.000717	     -1.00	    267.32	    222.58	      2.75	      2.65	     48.16	     46.42	-0.54	 6.523e-05	      5.51	0	Gaussian	311.735669	43.249296
730	1	  0.001659	  0.000740	     -1.00	    265.14	    443.42	      3.09	      2.37	     54.15	     41.47	-3.49	 2.972e-04	      5.51	0	Gaussian	311.593281	42.209765
731	1	  0.001584	  0.000584	     -1.00	    288.19	    656.42	      3.47	      2.76	     60.71	     48.34	-4.04	 2.585e-05	      5.51	0	Gaussian	311.303263	41.219602
732	1	  0.001687	  0.000797	     -1.00	    738.01	    671.23	      2.75	      2.32	     48.05	     40.59	-10.47	 1.727e-04	      5.51	0	Gaussian	308.474732	41.337707
733	1	  0.001574	  0.000295	     -1.00	    689.78	    458.55	      5.46	      3.29	     95.63	     57.60	-29.25	 3.868e-05	      5.51	0	Gaussian	308.881774	42.325338
734	1	  0.001586	  0.000546	     -1.00	     35.55	     66.98	      3.48	      2.98	     60.87	     52.17	-1.36	 4.102e-05	      5.51	0	Gaussian	313.354264	43.846314
735	1	  0.001589	  0.000457	     -1.00	    130.09	     62.91	      4.06	      2.94	     71.09	     51.48	-6.79	 2.398e-05	      5.52	0	Gaussian	312.744846	43.922463
736	1	  0.001596	  0.000676	     -1.00	    132.82	    107.73	      2.90	      2.51	     50.76	     43.92	3.90	 2.882e-05	      5.52	0	Gaussian	312.691261	43.713914
737	1	  0.001620	  0.000588	     -1.00	    299.09	    140.66	      3.35	      2.74	     58.62	     48.03	-7.44	 3.486e-05	      5.52	0	Gaussian	311.588988	43.651026
738	1	  0.001579	  0.000263	     -1.00	    158.54	    384.77	      6.15	      3.12	    107.59	     54.66	-30.95	 3.152e-05	      5.52	0	Gaussian	312.311865	42.428432
739	1	  0.001602	  0.000761	     -1.00	    628.59	    778.50	      2.77	      2.35	     48.57	     41.09	-20.72	 8.168e-05	      5.52	0	Gaussian	309.108418	40.792157
740	1	  0.001564	  0.000577	     -1.00	    503.99	    723.55	      3.49	      2.81	     61.15	     49.24	-1.67	 2.620e-05	      5.52	0	Gaussian	309.914736	41.001913
741	1	  0.001577	  0.000331	     -1.00	    158.81	    128.57	      4.19	      3.87	     73.39	     67.69	-33.83	 2.051e-05	      5.52	0	Gaussian	312.506666	43.631182
742	1	  0.001583	  0.000562	     -1.00	     77.29	    517.00	      3.46	      2.91	     60.54	     50.99	-0.68	 2.479e-05	      5.53	0	Gaussian	312.723422	41.762038
743	1	  0.001580	  0.000456	     -1.00	    625.96	    705.29	      4.65	      2.61	     81.37	     45.70	-13.53	 3.935e-05	      5.53	0	Gaussian	309.161705	41.136579
744	1	  0.001590	  0.000732	     -1.00	     46.65	     23.44	      2.78	      2.48	     48.74	     43.48	8.60	 3.889e-05	      5.53	0	Gaussian	313.319283	44.057024
745	1	  0.001561	  0.000556	     -1.00	    713.94	    474.33	      3.60	      2.91	     63.05	     50.89	-11.98	 2.308e-05	      5.54	0	Gaussian	308.719865	42.259521
746	1	  0.001568	  0.000492	     -1.00	    314.13	    763.77	      3.74	      3.01	     65.38	     52.64	1.40	 1.906e-05	      5.54	0	Gaussian	311.071709	40.727330
747	1	  0.001629	  0.000767	     -1.00	    643.45	    611.04	      2.82	      2.36	     49.29	     41.31	-8.12	 2.344e-04	      5.55	0	Gaussian	309.099529	41.588064
748	1	  0.001580	  0.000285	     -1.00	    422.18	    459.42	      6.69	      2.56	    117.11	     44.80	-2.78	 4.363e-05	      5.55	0	Gaussian	310.586143	42.210891
749	1	  0.001582	  0.000433	     -1.00	    409.17	    135.38	      4.01	      2.92	     70.21	     51.16	-1.32	 2.840e-05	      5.55	0	Gaussian	310.877357	43.731015
750	1	  0.001587	  0.000649	     -1.00	    310.62	    529.58	      2.81	      2.75	     49.19	     48.08	-9.62	 4.736e-05	      5.55	0	Gaussian	311.247014	41.827390
751	1	  0.001585	  0.000569	     -1.00	    461.87	    169.92	      3.26	      2.86	     57.10	     50.09	-9.15	 4.025e-05	      5.55	0	Gaussian	310.512427	43.593175
752	1	  0.001632	  0.000786	     -1.00	    321.55	    477.71	      2.63	      2.44	     45.96	     42.76	5.54	 2.254e-04	      5.55	0	Gaussian	311.212603	42.076849
753	1	  0.001574	  0.000373	     -1.00	    590.70	    185.25	      5.18	      2.71	     90.72	     47.36	-6.84	 2.807e-05	      5.56	0	Gaussian	309.665421	43.577035
754	1	  0.001602	  0.000522	     -1.00	    421.94	    268.41	      3.80	      2.60	     66.49	     45.50	2.41	 4.353e-05	      5.56	0	Gaussian	310.708229	43.110671
755	1	  0.001586	  0.000371	     -1.00	    706.19	    289.51	      5.20	      2.73	     90.94	     47.86	-19.23	 7.541e-05	      5.56	0	Gaussian	308.860490	43.129773
756	1	  0.001570	  0.000641	     -1.00	     13.79	     41.44	      2.96	      2.46	     51.77	     43.05	-27.33	 2.905e-05	      5.56	0	Gaussian	313.517024	43.952240
757	1	  0.001568	  0.000459	     -1.00	    589.03	    152.02	      3.43	      3.18	     60.03	     55.57	-49.03	 2.232e-05	      5.57	0	Gaussian	309.695131	43.733094
758	1	  0.001577	  0.000619	     -1.00	    507.50	    669.95	      2.92	      2.73	     51.10	     47.81	-13.20	 6.323e-05	      5.57	0	Gaussian	309.922890	41.256028
759	1	  0.001583	  0.000651	     -1.00	    277.84	     24.22	      2.93	      2.43	     51.21	     42.55	-41.99	 4.073e-05	      5.57	0	Gaussian	311.811731	44.186963
760	1	  0.001571	  0.000583	     -1.00	    669.92	    548.44	      3.44	      2.69	     60.24	     47.13	-3.43	 1.903e-05	      5.57	0	Gaussian	308.963488	41.893488
761	1	  0.001592	  0.000632	     -1.00	    451.26	    151.15	      2.87	      2.68	     50.18	     46.87	12.92	 3.448e-05	      5.57	0	Gaussian	310.593283	43.676646
762	1	  0.001572	  0.000660	     -1.00	    680.63	    413.53	      2.91	      2.39	     50.98	     41.91	-20.82	 4.340e-05	      5.58	0	Gaussian	308.962781	42.534601
763	1	  0.001579	  0.000638	     -1.00	    746.23	     91.80	      2.89	      2.64	     50.50	     46.21	-59.93	 3.565e-05	      5.58	0	Gaussian	308.697803	44.077958
764	1	  0.001618	  0.000413	     -1.00	    285.27	    726.73	      4.86	      2.65	     84.99	     46.39	-32.32	 7.749e-05	      5.58	0	Gaussian	311.274901	40.887540
765	1	  0.001610	  0.000657	     -1.00	    467.43	    335.91	      2.76	      2.68	     48.35	     46.88	-21.39	 8.665e-05	      5.58	0	Gaussian	310.373402	42.813484
766	1	  0.001569	  0.000539	     -1.00	    618.73	    117.43	      3.05	      2.89	     53.40	     50.50	-61.88	 3.199e-05	      5.58	0	Gaussian	309.520552	43.908397
767	1	  0.001563	  0.000593	     -1.00	    385.85	    787.89	      3.02	      2.58	     52.92	     45.23	34.74	 3.642e-05	      5.59	0	Gaussian	310.611970	40.647316
768	1	  0.001596	  0.000605	     -1.00	    550.58	    736.94	      2.88	      2.74	     50.49	     48.03	-8.21	 7.502e-05	      5.59	0	Gaussian	309.616550	40.957881
769	1	  0.001567	  0.000290	     -1.00	    452.18	    768.66	      4.55	      3.81	     79.69	     66.63	5.24	 2.872e-05	      5.60	0	Gaussian	310.211683	40.767272
770	1	  0.001592	  0.000657	     -1.00	     41.31	    343.34	      2.85	      2.46	     49.93	     43.06	17.00	 6.136e-05	      5.60	0	Gaussian	313.088031	42.555270
771	1	  0.001569	  0.000508	     -1.00	    663.19	    499.91	      3.43	      2.96	     60.11	     51.81	-9.04	 3.008e-05	      5.60	0	Gaussian	309.030607	42.120152
772	1	  0.001587	  0.000601	     -1.00	    766.32	    545.75	      2.99	      2.44	     52.27	     42.77	-35.90	 5.030e-05	      5.60	0	Gaussian	308.352970	41.940144
773	1	  0.001593	  0.000677	     -1.00	    515.72	    265.67	      2.81	      2.47	     49.13	     43.30	0.67	 1.167e-04	      5.61	0	Gaussian	310.104880	43.165977
774	1	  0.001569	  0.000586	     -1.00	    495.66	    788.94	      2.97	      2.72	     51.93	     47.60	0.00	 3.215e-05	      5.61	0	Gaussian	309.929958	40.690240
775	1	  0.001596	  0.000461	     -1.00	     30.91	    430.66	      3.78	      2.91	     66.08	     50.91	0.99	 6.459e-05	      5.61	0	Gaussian	313.083165	42.139788
776	1	  0.001579	  0.000647	     -1.00	    558.26	    533.46	      2.90	      2.38	     50.75	     41.70	-15.10	 6.291e-05	      5.61	0	Gaussian	309.679195	41.920827
777	1	  0.001602	  0.000340	     -1.00	    541.24	    729.39	      5.54	      2.60	     97.04	     45.49	-18.90	 1.152e-04	      5.61	0	Gaussian	309.678917	40.989725
778	1	  0.001567	  0.000609	     -1.00	    720.67	    506.79	      2.99	      2.40	     52.31	     41.95	-9.40	 3.991e-05	      5.61	0	Gaussian	308.661364	42.108542
779	1	  0.001578	  0.000637	     -1.00	    593.82	     47.33	      2.93	      2.29	     51.30	     40.14	-34.49	 3.441e-05	      5.62	0	Gaussian	309.723712	44.228705
780	1	  0.001568	  0.000500	     -1.00	    541.06	     67.27	      3.64	      2.83	     63.67	     49.58	-11.22	 2.603e-05	      5.62	0	Gaussian	310.058554	44.112246
781	1	  0.001568	  0.000674	     -1.00	    686.50	    384.21	      2.80	      2.52	     49.06	     44.19	-12.74	 4.363e-05	      5.62	0	Gaussian	308.939866	42.675279
782	1	  0.001572	  0.000492	     -1.00	    421.77	    752.48	      3.79	      2.91	     66.34	     50.96	-0.79	 2.566e-05	      5.62	0	Gaussian	310.410312	40.830134
783	1	  0.001605	  0.000708	     -1.00	    479.49	    534.44	      2.73	      2.41	     47.73	     42.14	-10.23	 1.569e-04	      5.62	0	Gaussian	310.177379	41.882962
784	1	  0.001570	  0.000566	     -1.00	    558.38	    621.02	      2.98	      2.74	     52.24	     47.94	-50.37	 6.288e-05	      5.63	0	Gaussian	309.630449	41.507755
785	1	  0.001569	  0.000424	     -1.00	    736.72	    135.92	      3.65	      3.07	     63.94	     53.67	-19.70	 2.184e-05	      5.63	0	Gaussian	308.738316	43.866235
786	1	  0.001582	  0.000301	     -1.00	    236.23	    639.74	      6.37	      2.61	    111.56	     45.60	-7.08	 4.322e-05	      5.63	0	Gaussian	311.639001	41.271890
787	1	  0.001573	  0.000567	     -1.00	    714.94	    168.20	      3.21	      2.82	     56.15	     49.38	-19.77	 2.197e-05	      5.63	0	Gaussian	308.864596	43.705874
788	1	  0.001594	  0.000624	     -1.00	    405.54	    726.64	      2.92	      2.30	     51.14	     40.31	-3.77	 9.301e-05	      5.63	0	Gaussian	310.526837	40.944567
789	1	  0.001585	  0.000498	     -1.00	    429.97	    406.02	      3.26	      2.73	     57.01	     47.71	-10.55	 3.026e-05	      5.63	0	Gaussian	310.569816	42.466058
790	1	  0.001573	  0.000501	     -1.00	    195.48	    734.47	      3.53	      2.96	     61.86	     51.88	-10.93	 2.025e-05	      5.63	0	Gaussian	311.826652	40.805810
791	1	  0.001586	  0.000651	     -1.00	    604.58	    279.06	      2.77	      2.63	     48.48	     46.00	-14.23	 5.841e-05	      5.63	0	Gaussian	309.523057	43.140098
792	1	  0.001578	  0.000464	     -1.00	    655.78	    426.37	      3.70	      2.88	     64.75	     50.36	-2.39	 4.892e-05	      5.63	0	Gaussian	309.115357	42.464651
793	1	  0.001570	  0.000570	     -1.00	    765.84	    289.56	      3.31	      2.67	     58.02	     46.65	-9.14	 2.715e-05	      5.63	0	Gaussian	308.474355	43.150710
794	1	  0.001612	  0.000673	     -1.00	    477.61	    592.14	      2.74	      2.50	     47.93	     43.82	-7.44	 1.197e-04	      5.64	0	Gaussian	310.155379	41.610114
795	1	  0.001637	  0.000558	     -1.00	    317.74	    103.85	      3.25	      2.63	     56.97	     45.97	-20.54	 7.751e-05	      5.64	0	Gaussian	311.493964	43.833758
796	1	  0.001617	  0.000614	     -1.00	    369.50	      6.49	      2.77	      2.69	     48.47	     47.09	-52.34	 9.638e-05	      5.64	0	Gaussian	311.223814	44.317845
797	1	  0.001581	  0.000551	     -1.00	    235.65	    712.54	      3.03	      2.53	     53.04	     44.34	23.86	 3.547e-05	      5.64	0	Gaussian	311.592615	40.929463
798	1	  0.001652	  0.000457	     -1.00	    200.24	    351.61	      3.10	      2.94	     54.28	     51.48	-30.84	 3.771e-04	      5.64	0	Gaussian	312.071454	42.607050
799	1	  0.001575	  0.000552	     -1.00	    319.22	    639.83	      3.02	      2.60	     52.86	     45.52	-58.27	 3.493e-05	      5.65	0	Gaussian	311.120279	41.312821
800	1	  0.001612	  0.000646	     -1.00	    690.40	    772.81	      2.77	      2.55	     48.44	     44.60	-26.84	 1.235e-04	      5.65	0	Gaussian	308.725791	40.841489
801	1	  0.001567	  0.000421	     -1.00	    591.28	    419.87	      3.78	      3.07	     66.12	     53.72	-6.77	 1.899e-05	      5.65	0	Gaussian	309.531373	42.470209
802	1	  0.001586	  0.000569	     -1.00	    303.80	    260.20	      2.97	      2.54	     51.91	     44.41	-42.46	 3.631e-05	      5.65	0	Gaussian	311.474229	43.091343
803	1	  0.001608	  0.000625	     -1.00	     96.26	    406.39	      2.80	      2.55	     48.98	     44.70	-6.91	 4.841e-05	      5.66	0	Gaussian	312.689862	42.291809
804	1	  0.001603	  0.000625	     -1.00	    271.36	    355.80	      2.79	      2.62	     48.75	     45.79	-28.09	 9.929e-05	      5.66	0	Gaussian	311.615064	42.625061
805	1	  0.001586	  0.000488	     -1.00	     25.17	    723.40	      3.65	      2.70	     63.80	     47.28	-0.38	 4.217e-05	      5.66	0	Gaussian	312.887738	40.764481
806	1	  0.001608	  0.000628	     -1.00	    570.18	    282.80	      2.80	      2.53	     48.95	     44.28	-50.67	 1.030e-04	      5.67	0	Gaussian	309.743193	43.108369
807	1	  0.001564	  0.000477	     -1.00	    792.82	    338.64	      3.58	      2.92	     62.74	     51.11	-9.79	 1.659e-05	      5.67	0	Gaussian	308.277224	42.927880
808	1	  0.001589	  0.000582	     -1.00	    260.76	    527.09	      2.92	      2.49	     51.13	     43.64	-16.98	 4.656e-05	      5.67	0	Gaussian	311.562923	41.814084
809	1	  0.001593	  0.000669	     -1.00	    704.44	    679.20	      2.77	      2.36	     48.41	     41.30	-0.52	 6.401e-05	      5.67	0	Gaussian	308.682095	41.288433
810	1	  0.001594	  0.000467	     -1.00	    554.75	    565.86	      3.65	      2.75	     63.83	     48.14	-18.57	 5.674e-05	      5.68	0	Gaussian	309.683561	41.766525
811	1	  0.001567	  0.000522	     -1.00	      9.67	    566.91	      3.05	      2.65	     53.44	     46.40	17.66	 3.344e-05	      5.68	0	Gaussian	313.106996	41.488683
812	1	  0.001587	  0.000617	     -1.00	    392.38	    660.34	      2.82	      2.52	     49.44	     44.03	-0.92	 5.638e-05	      5.68	0	Gaussian	310.649511	41.250776
813	1	  0.001577	  0.000567	     -1.00	    607.44	    459.20	      2.90	      2.67	     50.82	     46.82	-12.04	 2.809e-05	      5.68	0	Gaussian	309.406922	42.291011
814	1	  0.001569	  0.000521	     -1.00	    681.61	    617.53	      3.09	      2.44	     54.00	     42.66	9.93	 3.124e-05	      5.68	0	Gaussian	308.855460	41.571483
815	1	  0.001593	  0.000505	     -1.00	    376.87	    207.17	      3.38	      2.72	     59.19	     47.61	-10.48	 4.264e-05	      5.69	0	Gaussian	311.039262	43.377422
816	1	  0.001594	  0.000597	     -1.00	    727.80	    166.28	      2.89	      2.36	     50.62	     41.36	-21.19	 4.833e-05	      5.69	0	Gaussian	308.781579	43.719656
817	1	  0.001585	  0.000395	     -1.00	    696.63	    742.33	      4.38	      2.70	     76.71	     47.29	-12.63	 1.021e-04	      5.69	0	Gaussian	308.701272	40.987605
818	1	  0.001575	  0.000627	     -1.00	     56.65	    125.27	      2.79	      2.55	     48.79	     44.56	-19.90	 6.254e-05	      5.69	0	Gaussian	313.169028	43.586343
819	1	  0.001571	  0.000360	     -1.00	    272.30	    490.40	      4.63	      2.88	     81.08	     50.38	0.45	 2.513e-05	      5.69	0	Gaussian	311.515394	41.992487
820	1	  0.001568	  0.000428	     -1.00	     51.92	    318.86	      3.66	      3.11	     64.14	     54.36	-11.39	 3.166e-05	      5.70	0	Gaussian	313.040523	42.676314
821	1	  0.001579	  0.000489	     -1.00	    674.94	    499.89	      3.28	      2.92	     57.39	     51.12	-3.73	 3.231e-05	      5.70	0	Gaussian	308.955818	42.124614
822	1	  0.001575	  0.000470	     -1.00	    239.85	    662.23	      3.50	      2.89	     61.24	     50.51	-11.90	 2.466e-05	      5.70	0	Gaussian	311.600925	41.168036
823	1	  0.001584	  0.000578	     -1.00	    289.68	    405.45	      2.91	      2.46	     50.92	     43.00	-16.11	 4.027e-05	      5.70	0	Gaussian	311.463772	42.400906
824	1	  0.001571	  0.000543	     -1.00	    538.41	     97.80	      2.93	      2.73	     51.35	     47.73	-53.92	 3.105e-05	      5.71	0	Gaussian	310.057632	43.967223
825	1	  0.001577	  0.000450	     -1.00	     16.70	    675.28	      3.51	      2.95	     61.52	     51.60	2.03	 2.554e-05	      5.71	0	Gaussian	312.977553	40.985047
826	1	  0.001577	  0.000526	     -1.00	     10.50	    617.97	      2.96	      2.76	     51.76	     48.25	-13.92	 3.358e-05	      5.71	0	Gaussian	313.061154	41.249930
827	1	  0.001628	  0.000419	     -1.00	    470.65	    727.44	      3.86	      2.66	     67.60	     46.50	-12.31	 3.054e-04	      5.71	0	Gaussian	310.120552	40.969460
828	1	  0.001583	  0.000482	     -1.00	    467.18	    738.86	      3.49	      2.76	     61.00	     48.34	-10.09	 4.475e-05	      5.71	0	Gaussian	310.135557	40.914153
829	1	  0.001568	  0.000432	     -1.00	    439.24	    436.78	      3.71	      2.90	     64.97	     50.77	-7.25	 2.063e-05	      5.72	0	Gaussian	310.491646	42.325385
830	1	  0.001588	  0.000355	     -1.00	    778.20	    693.56	      4.08	      2.94	     71.49	     51.39	-9.10	 5.601e-05	      5.72	0	Gaussian	308.212087	41.245660
831	1	  0.001584	  0.000477	     -1.00	    729.80	    343.28	      3.56	      2.91	     62.25	     50.91	-10.82	 6.345e-05	      5.72	0	Gaussian	308.681514	42.884307
832	1	  0.001587	  0.000425	     -1.00	    366.34	    474.69	      3.95	      2.55	     69.12	     44.60	-7.52	 6.539e-05	      5.72	0	Gaussian	310.930850	42.112811
833	1	  0.001580	  0.000267	     -1.00	    288.84	    285.40	      4.57	      3.50	     80.00	     61.24	-22.47	 2.506e-05	      5.72	0	Gaussian	311.552699	42.965144
834	1	  0.001576	  0.000487	     -1.00	    678.46	    574.96	      3.05	      2.79	     53.41	     48.77	-39.45	 4.002e-05	      5.72	0	Gaussian	308.896249	41.771399
835	1	  0.001567	  0.000410	     -1.00	    677.87	    741.48	      3.98	      2.72	     69.65	     47.64	-10.04	 3.125e-05	      5.72	0	Gaussian	308.818952	40.984944
836	1	  0.001582	  0.000228	     -1.00	    300.33	    774.33	      4.11	      3.86	     71.87	     67.62	8.34	 5.703e-05	      5.73	0	Gaussian	311.150411	40.671045
837	1	  0.001611	  0.000413	     -1.00	    164.18	     99.55	      3.60	      2.94	     62.97	     51.38	-8.57	 1.454e-04	      5.73	0	Gaussian	312.494598	43.770400
838	1	  0.001568	  0.000401	     -1.00	    247.26	    624.54	      4.06	      2.53	     71.10	     44.24	-20.73	 1.999e-05	      5.74	0	Gaussian	311.580548	41.348980
839	1	  0.001581	  0.000407	     -1.00	    117.37	    309.66	      3.87	      2.74	     67.75	     47.88	-4.55	 2.757e-05	      5.74	0	Gaussian	312.631239	42.757760
840	1	  0.001597	  0.000409	     -1.00	    271.11	    452.95	      3.72	      2.93	     65.06	     51.34	-11.71	 8.879e-05	      5.74	0	Gaussian	311.548852	42.168042
841	1	  0.001571	  0.000312	     -1.00	     12.58	    729.52	      4.74	      3.13	     82.99	     54.84	-1.24	 3.004e-05	      5.74	0	Gaussian	312.960623	40.728567
842	1	  0.001593	  0.000549	     -1.00	    250.65	    559.57	      2.93	      2.38	     51.28	     41.70	2.45	 5.869e-05	      5.75	0	Gaussian	311.604086	41.656192
843	1	  0.001587	  0.000266	     -1.00	    687.10	    503.08	      5.29	      2.92	     92.66	     51.17	11.65	 6.984e-05	      5.75	0	Gaussian	308.876836	42.114022
844	1	  0.001604	  0.000433	     -1.00	    245.30	    731.84	      3.85	      2.56	     67.35	     44.73	-3.97	 9.585e-05	      5.75	0	Gaussian	311.519606	40.843625
845	1	  0.001581	  0.000438	     -1.00	    303.72	    435.54	      3.68	      2.73	     64.35	     47.80	-10.41	 3.628e-05	      5.75	0	Gaussian	311.353996	42.266466
846	1	  0.001590	  0.000530	     -1.00	      5.76	    300.27	      2.93	      2.54	     51.30	     44.47	-18.75	 3.623e-05	      5.76	0	Gaussian	313.349179	42.735520
847	1	  0.001582	  0.000403	     -1.00	    234.37	    678.30	      3.90	      2.63	     68.33	     45.97	-8.64	 3.853e-05	      5.76	0	Gaussian	311.624010	41.089701
848	1	  0.001585	  0.000436	     -1.00	    385.62	    102.34	      3.32	      3.07	     58.10	     53.78	-23.34	 5.812e-05	      5.76	0	Gaussian	311.052818	43.875071
849	1	  0.001564	  0.000448	     -1.00	    514.11	    765.81	      3.58	      2.85	     62.68	     49.87	-8.99	 1.777e-05	      5.76	0	Gaussian	309.828071	40.806906
850	1	  0.001586	  0.000292	     -1.00	    623.35	     57.60	      4.33	      3.25	     75.78	     56.86	-80.27	 1.005e-04	      5.76	0	Gaussian	309.523661	44.192457
851	1	  0.001574	  0.000449	     -1.00	    689.45	    489.00	      3.60	      2.86	     63.05	     50.09	-8.87	 3.676e-05	      5.76	0	Gaussian	308.868844	42.181375
852	1	  0.001575	  0.000548	     -1.00	    739.34	    301.38	      2.90	      2.53	     50.70	     44.23	-18.72	 3.607e-05	      5.77	0	Gaussian	308.640243	43.085642
853	1	  0.001564	  0.000414	     -1.00	    737.17	    399.21	      3.64	      2.96	     63.77	     51.75	-7.24	 1.916e-05	      5.77	0	Gaussian	308.607206	42.622633
854	1	  0.001628	  0.000320	     -1.00	    272.22	    147.16	      4.18	      3.20	     73.15	     55.94	-47.43	 6.242e-05	      5.77	0	Gaussian	311.758543	43.606362
855	1	  0.001572	  0.000421	     -1.00	    785.93	    394.16	      3.70	      2.91	     64.85	     50.91	-3.47	 3.957e-05	      5.77	0	Gaussian	308.296440	42.663180
856	1	  0.001586	  0.000352	     -1.00	    199.30	    581.43	      4.21	      2.47	     73.71	     43.24	-1.22	 3.406e-05	      5.77	0	Gaussian	311.910781	41.526704
857	1	  0.001625	  0.000604	     -1.00	    576.48	    370.33	      2.73	      2.36	     47.78	     41.39	-9.93	 1.420e-04	      5.78	0	Gaussian	309.653424	42.697982
858	1	  0.001574	  0.000514	     -1.00	    524.54	     46.24	      2.98	      2.44	     52.09	     42.66	-45.93	 3.030e-05	      5.79	0	Gaussian	310.179740	44.204074
859	1	  0.001574	  0.000329	     -1.00	    200.10	    651.68	      4.21	      2.90	     73.67	     50.80	-19.01	 3.075e-05	      5.79	0	Gaussian	311.856013	41.197083
860	1	  0.001583	  0.000444	     -1.00	    154.79	    726.28	      3.48	      2.79	     60.88	     48.76	-0.23	 3.754e-05	      5.79	0	Gaussian	312.084429	40.822825
861	1	  0.001581	  0.000522	     -1.00	    107.28	    186.59	      2.93	      2.47	     51.34	     43.24	-52.79	 3.326e-05	      5.79	0	Gaussian	312.793070	43.329181
862	1	  0.001582	  0.000351	     -1.00	     30.45	    571.32	      4.05	      2.71	     70.85	     47.44	7.59	 1.033e-04	      5.79	0	Gaussian	312.973846	41.480224
863	1	  0.001589	  0.000401	     -1.00	    483.29	    378.32	      3.74	      2.76	     65.54	     48.38	1.04	 5.917e-05	      5.80	0	Gaussian	310.245997	42.620665
864	1	  0.001571	  0.000406	     -1.00	    403.25	    664.46	      3.88	      2.62	     67.89	     45.94	-12.00	 4.109e-05	      5.80	0	Gaussian	310.578981	41.236321
865	1	  0.001581	  0.000381	     -1.00	    307.13	    500.00	      3.84	      3.02	     67.29	     52.93	-1.80	 3.891e-05	      5.80	0	Gaussian	311.288847	41.964834
866	1	  0.001591	  0.000357	     -1.00	    439.67	    212.81	      4.16	      2.90	     72.79	     50.82	-23.14	 3.484e-05	      5.80	0	Gaussian	310.629216	43.380855
867	1	  0.001567	  0.000389	     -1.00	    124.70	    279.28	      3.89	      3.06	     68.11	     53.61	-12.40	 2.228e-05	      5.80	0	Gaussian	312.608215	42.904521
868	1	  0.001632	  0.000548	     -1.00	    383.42	    148.84	      2.79	      2.46	     48.85	     43.10	-38.28	 9.055e-05	      5.80	0	Gaussian	311.035851	43.655176
869	1	  0.001558	  0.000396	     -1.00	    701.92	    434.74	      3.84	      2.93	     67.18	     51.34	-19.83	 1.721e-05	      5.81	0	Gaussian	308.815939	42.442222
870	1	  0.001624	  0.000279	     -1.00	    299.46	    155.02	      5.03	      3.05	     88.03	     53.36	46.00	 5.270e-05	      5.81	0	Gaussian	311.576337	43.583713
871	1	  0.001615	  0.000456	     -1.00	    202.42	    389.85	      3.30	      2.78	     57.74	     48.59	1.54	 7.031e-05	      5.82	0	Gaussian	312.029458	42.428572
872	1	  0.001576	  0.000467	     -1.00	    530.28	    339.71	      3.01	      2.69	     52.67	     47.02	-31.03	 2.754e-05	      5.82	0	Gaussian	309.967481	42.823147
873	1	  0.001575	  0.000434	     -1.00	     95.99	    218.26	      3.46	      2.88	     60.59	     50.33	-7.84	 4.459e-05	      5.82	0	Gaussian	312.840222	43.174047
874	1	  0.001609	  0.000476	     -1.00	    535.12	    735.16	      3.01	      2.70	     52.75	     47.30	-4.10	 8.670e-05	      5.82	0	Gaussian	309.714003	40.960004
875	1	  0.001574	  0.000347	     -1.00	    389.26	    295.71	      3.94	      3.02	     68.95	     52.90	-2.07	 2.733e-05	      5.82	0	Gaussian	310.900891	42.966588
876	1	  0.001597	  0.000468	     -1.00	    564.07	    524.62	      3.41	      2.63	     59.69	     45.95	-9.64	 9.045e-05	      5.82	0	Gaussian	309.647207	41.964862
877	1	  0.001557	  0.000365	     -1.00	    155.24	    216.42	      3.99	      2.81	     69.76	     49.19	-9.33	 1.341e-05	      5.82	0	Gaussian	312.461328	43.216913
878	1	  0.001595	  0.000407	     -1.00	    382.87	    187.67	      3.41	      2.78	     59.76	     48.69	2.22	 6.913e-05	      5.83	0	Gaussian	311.013423	43.472149
879	1	  0.001572	  0.000342	     -1.00	    605.87	    478.50	      3.88	      3.21	     67.91	     56.26	-6.66	 2.570e-05	      5.83	0	Gaussian	309.406605	42.199256
880	1	  0.001591	  0.000421	     -1.00	    721.22	     60.39	      3.64	      2.64	     63.76	     46.14	-11.80	 5.877e-05	      5.83	0	Gaussian	308.878142	44.217122
881	1	  0.001609	  0.000570	     -1.00	    637.43	    139.27	      2.77	      2.36	     48.48	     41.34	0.82	 2.581e-04	      5.83	0	Gaussian	309.386176	43.812858
882	1	  0.001577	  0.000445	     -1.00	    125.52	    259.87	      3.07	      2.59	     53.77	     45.40	-3.20	 3.237e-05	      5.83	0	Gaussian	312.618117	42.996065
883	1	  0.001574	  0.000512	     -1.00	     40.73	    410.44	      2.97	      2.27	     51.91	     39.78	8.96	 4.683e-05	      5.83	0	Gaussian	313.037515	42.240367
884	1	  0.001577	  0.000349	     -1.00	     89.36	    424.39	      4.16	      2.31	     72.82	     40.42	-5.83	 2.622e-05	      5.84	0	Gaussian	312.719476	42.203391
885	1	  0.001565	  0.000344	     -1.00	    598.09	    370.78	      3.82	      3.00	     66.82	     52.56	0.15	 2.217e-05	      5.84	0	Gaussian	309.514495	42.704638
886	1	  0.001578	  0.000529	     -1.00	    774.55	    529.62	      2.91	      2.30	     50.95	     40.30	-18.06	 3.750e-05	      5.84	0	Gaussian	308.307930	42.019116
887	1	  0.001587	  0.000393	     -1.00	    150.85	    577.35	      3.68	      2.81	     64.44	     49.17	-7.37	 2.010e-05	      5.84	0	Gaussian	312.217083	41.519931
888	1	  0.001565	  0.000413	     -1.00	    777.48	    331.34	      3.69	      2.91	     64.67	     51.01	-8.63	 2.091e-05	      5.84	0	Gaussian	308.379589	42.957237
889	1	  0.001681	  0.000591	     -1.00	    305.95	    111.76	      2.69	      2.30	     47.00	     40.32	-6.27	 2.566e-04	      5.85	0	Gaussian	311.565053	43.790487
890	1	  0.001611	  0.000526	     -1.00	    134.56	    319.51	      2.81	      2.47	     49.23	     43.25	0.68	 8.898e-05	      5.85	0	Gaussian	312.514059	42.721358
891	1	  0.001593	  0.000529	     -1.00	    523.47	    117.44	      2.86	      2.38	     49.99	     41.71	-26.60	 6.329e-05	      5.85	0	Gaussian	310.143496	43.868136
892	1	  0.001574	  0.000295	     -1.00	    600.87	    786.03	      5.07	      2.83	     88.77	     49.50	-3.40	 3.604e-05	      5.85	0	Gaussian	309.277248	40.746127
893	1	  0.001638	  0.000583	     -1.00	    517.21	    234.23	      2.67	      2.40	     46.70	     42.04	-2.26	 4.710e-04	      5.85	0	Gaussian	310.113987	43.314896
894	1	  0.001574	  0.000414	     -1.00	    362.35	    494.00	      3.29	      2.98	     57.63	     52.13	-10.03	 2.223e-05	      5.85	0	Gaussian	310.943593	42.019990
895	1	  0.001581	  0.000357	     -1.00	    490.99	    382.66	      3.31	      3.16	     57.92	     55.33	38.92	 5.726e-05	      5.85	0	Gaussian	310.194147	42.603585
896	1	  0.001595	  0.000333	     -1.00	    255.53	     90.18	      4.09	      2.49	     71.50	     43.50	-12.02	 2.957e-05	      5.85	0	Gaussian	311.908583	43.865149
897	1	  0.001578	  0.000364	     -1.00	     58.42	    458.94	      3.81	      2.69	     66.74	     47.02	-17.77	 4.280e-05	      5.86	0	Gaussian	312.887410	42.023390
898	1	  0.001583	  0.000421	     -1.00	    207.02	    749.40	      3.60	      2.75	     63.00	     48.09	-6.88	 4.086e-05	      5.86	0	Gaussian	311.744766	40.741630
899	1	  0.001590	  0.000396	     -1.00	    568.38	    486.27	      3.65	      2.69	     63.87	     47.15	-6.85	 4.689e-05	      5.86	0	Gaussian	309.640960	42.147583
900	1	  0.001585	  0.000471	     -1.00	    697.87	    280.63	      3.24	      2.65	     56.77	     46.35	-8.64	 8.253e-05	      5.86	0	Gaussian	308.918755	43.168684
901	1	  0.001588	  0.000390	     -1.00	    365.15	    221.57	      3.71	      2.71	     64.97	     47.46	-1.99	 3.084e-05	      5.86	0	Gaussian	311.105362	43.303924
902	1	  0.001567	  0.000445	     -1.00	    595.90	     14.47	      3.49	      2.63	     61.12	     46.08	-12.87	 2.256e-05	      5.87	0	Gaussian	309.728955	44.384486
903	1	  0.001567	  0.000318	     -1.00	     12.20	    232.14	      3.99	      3.12	     69.84	     54.63	-3.85	 2.102e-05	      5.87	0	Gaussian	313.365094	43.058569
904	1	  0.001591	  0.000358	     -1.00	    288.07	    257.55	      4.00	      2.61	     69.98	     45.75	2.54	 3.547e-05	      5.87	0	Gaussian	311.577258	43.095745
905	1	  0.001580	  0.000379	     -1.00	    710.30	    698.53	      3.85	      2.59	     67.38	     45.35	-8.56	 3.515e-05	      5.87	0	Gaussian	308.636198	41.199179
906	1	  0.001564	  0.000448	     -1.00	     49.75	    259.42	      3.08	      2.35	     53.99	     41.09	10.80	 2.391e-05	      5.88	0	Gaussian	313.102733	42.953633
907	1	  0.001582	  0.000271	     -1.00	    612.62	    777.35	      4.67	      3.11	     81.74	     54.51	18.89	 5.536e-05	      5.88	0	Gaussian	309.208496	40.791529
908	1	  0.001577	  0.000290	     -1.00	    213.14	    493.29	      4.43	      2.65	     77.49	     46.34	3.42	 2.018e-05	      5.88	0	Gaussian	311.886807	41.948212
909	1	  0.001577	  0.000232	     -1.00	     66.08	    456.75	      4.95	      2.79	     86.55	     48.81	10.97	 5.039e-05	      5.88	0	Gaussian	312.840914	42.038140
910	1	  0.001575	  0.000363	     -1.00	    514.87	    412.69	      3.80	      2.91	     66.52	     50.91	-15.97	 2.697e-05	      5.88	0	Gaussian	310.023731	42.472338
911	1	  0.001581	  0.000252	     -1.00	    204.40	    446.98	      3.64	      3.63	     63.76	     63.54	-6.96	 2.883e-05	      5.88	0	Gaussian	311.975345	42.161184
912	1	  0.001568	  0.000356	     -1.00	    536.21	    636.66	      3.87	      2.86	     67.70	     50.11	-7.88	 3.276e-05	      5.88	0	Gaussian	309.761314	41.424933
913	1	  0.001570	  0.000400	     -1.00	    415.12	    423.17	      3.47	      2.86	     60.79	     50.00	-8.79	 1.842e-05	      5.88	0	Gaussian	310.653709	42.378429
914	1	  0.001604	  0.000441	     -1.00	    214.19	    392.49	      3.37	      2.68	     58.92	     46.91	-5.92	 6.809e-05	      5.89	0	Gaussian	311.952790	42.422496
915	1	  0.001601	  0.000319	     -1.00	    329.29	    501.15	      4.46	      2.72	     77.99	     47.59	11.52	 1.521e-04	      5.89	0	Gaussian	311.148077	41.970371
916	1	  0.001584	  0.000388	     -1.00	    136.33	    450.95	      3.52	      2.91	     61.67	     51.01	-12.62	 4.294e-05	      5.90	0	Gaussian	312.402513	42.105359
917	1	  0.001600	  0.000462	     -1.00	    110.33	    370.80	      2.88	      2.67	     50.35	     46.66	-66.97	 6.012e-05	      5.90	0	Gaussian	312.628446	42.466850
918	1	  0.001568	  0.000305	     -1.00	    104.50	    564.59	      4.28	      2.51	     74.83	     43.96	4.09	 1.788e-05	      5.90	0	Gaussian	312.516573	41.554176
919	1	  0.001591	  0.000211	     -1.00	    144.74	    529.90	      5.39	      3.55	     94.39	     62.20	-45.30	 2.841e-05	      5.90	0	Gaussian	312.290431	41.739377
920	1	  0.001587	  0.000436	     -1.00	    195.73	    759.84	      3.02	      2.50	     52.81	     43.68	16.71	 3.925e-05	      5.90	0	Gaussian	311.807374	40.686760
921	1	  0.001599	  0.000379	     -1.00	    787.10	    440.91	      3.46	      2.91	     60.53	     50.99	-17.21	 1.688e-04	      5.91	0	Gaussian	308.267747	42.442586
922	1	  0.001574	  0.000319	     -1.00	    342.40	    567.48	      4.12	      2.59	     72.11	     45.25	-1.13	 3.254e-05	      5.91	0	Gaussian	311.021929	41.664500
923	1	  0.001639	  0.000499	     -1.00	    305.60	    204.59	      2.82	      2.28	     49.37	     39.85	-10.63	 6.400e-05	      5.91	0	Gaussian	311.501632	43.353814
924	1	  0.001574	  0.000245	     -1.00	    787.21	    306.85	      4.13	      3.39	     72.20	     59.28	82.59	 2.329e-05	      5.91	0	Gaussian	308.327999	43.076296
925	1	  0.001576	  0.000335	     -1.00	    678.03	    424.38	      4.10	      2.67	     71.68	     46.70	-25.74	 5.017e-05	      5.91	0	Gaussian	308.973965	42.482393
926	1	  0.001589	  0.000424	     -1.00	    346.61	    547.89	      2.99	      2.68	     52.42	     46.93	-7.48	 4.831e-05	      5.92	0	Gaussian	311.008085	41.758751
927	1	  0.001587	  0.000458	     -1.00	    425.43	    717.60	      2.97	      2.36	     51.94	     41.35	-32.62	 6.973e-05	      5.92	0	Gaussian	310.408275	40.996031
928	1	  0.001579	  0.000264	     -1.00	    707.79	    121.21	      5.04	      2.90	     88.24	     50.73	-9.19	 3.686e-05	      5.92	0	Gaussian	308.935259	43.925116
929	1	  0.001581	  0.000278	     -1.00	    609.86	    514.85	      5.37	      2.53	     93.97	     44.37	-12.40	 1.091e-04	      5.92	0	Gaussian	309.361939	42.029233
930	1	  0.001607	  0.000389	     -1.00	    758.25	    483.89	      3.51	      2.72	     61.49	     47.53	-2.02	 1.858e-04	      5.93	0	Gaussian	308.432589	42.229791
931	1	  0.001583	  0.000388	     -1.00	     88.23	    190.53	      3.66	      2.60	     63.99	     45.57	-9.94	 3.086e-05	      5.93	0	Gaussian	312.912295	43.299503
932	1	  0.001581	  0.000448	     -1.00	    597.43	    662.78	      2.98	      2.44	     52.19	     42.72	-25.05	 4.617e-05	      5.93	0	Gaussian	309.362586	41.326237
933	1	  0.001579	  0.000356	     -1.00	    584.24	    339.26	      3.61	      2.88	     63.24	     50.33	-16.43	 2.650e-05	      5.94	0	Gaussian	309.620855	42.847762
934	1	  0.001586	  0.000318	     -1.00	    262.22	    192.69	      3.83	      2.97	     67.05	     51.90	-13.49	 1.815e-05	      5.94	0	Gaussian	311.790190	43.387093
935	1	  0.001589	  0.000326	     -1.00	    279.74	    414.69	      3.74	      2.99	     65.51	     52.40	-31.40	 5.792e-05	      5.95	0	Gaussian	311.520600	42.352405
936	1	  0.001578	  0.000368	     -1.00	    735.33	    291.56	      3.84	      2.44	     67.17	     42.77	-7.29	 6.528e-05	      5.95	0	Gaussian	308.670894	43.130620
937	1	  0.001580	  0.000365	     -1.00	    514.32	    635.57	      3.81	      2.59	     66.61	     45.27	-8.68	 4.069e-05	      5.95	0	Gaussian	309.899501	41.421028
938	1	  0.001586	  0.000431	     -1.00	     32.64	     87.20	      2.97	      2.51	     52.04	     43.86	-9.88	 3.651e-05	      5.95	0	Gaussian	313.355989	43.749863
939	1	  0.001567	  0.000311	     -1.00	    555.44	    271.30	      3.45	      3.25	     60.41	     56.95	10.33	 2.226e-05	      5.95	0	Gaussian	309.844992	43.156445
940	1	  0.001579	  0.000332	     -1.00	    390.92	    422.35	      3.66	      3.16	     64.00	     55.37	-13.35	 4.059e-05	      5.95	0	Gaussian	310.808346	42.370982
941	1	  0.001593	  0.000408	     -1.00	     52.28	    117.40	      3.59	      2.44	     62.87	     42.74	-7.53	 9.174e-05	      5.95	0	Gaussian	313.203809	43.620525
942	1	  0.001578	  0.000364	     -1.00	    509.89	    610.40	      3.81	      2.67	     66.76	     46.72	-2.88	 2.707e-05	      5.95	0	Gaussian	309.941579	41.537842
943	1	  0.001593	  0.000381	     -1.00	    419.57	    289.42	      2.84	      2.78	     49.67	     48.59	-55.38	 4.505e-05	      5.96	0	Gaussian	310.710043	43.010574
944	1	  0.001593	  0.000421	     -1.00	    602.55	    726.50	      3.38	      2.74	     59.19	     47.89	-10.53	 6.292e-05	      5.96	0	Gaussian	309.297363	41.027601
945	1	  0.001577	  0.000344	     -1.00	    758.52	    452.75	      3.94	      2.67	     68.97	     46.68	-4.93	 4.601e-05	      5.96	0	Gaussian	308.445279	42.377039
946	1	  0.001580	  0.000386	     -1.00	    681.50	    239.55	      3.38	      2.93	     59.20	     51.27	-17.60	 3.294e-05	      5.96	0	Gaussian	309.045861	43.356560
947	1	  0.001576	  0.000385	     -1.00	    215.03	    625.56	      3.67	      2.59	     64.29	     45.34	-4.21	 2.073e-05	      5.97	0	Gaussian	311.781222	41.327606
948	1	  0.001561	  0.000305	     -1.00	    575.20	    617.62	      4.31	      2.36	     75.50	     41.30	-4.30	 1.744e-05	      5.97	0	Gaussian	309.526358	41.530570
949	1	  0.001616	  0.000472	     -1.00	    271.18	    679.19	      3.19	      2.38	     55.79	     41.59	-6.62	 1.062e-04	      5.97	0	Gaussian	311.394160	41.104087
950	1	  0.001583	  0.000296	     -1.00	    602.61	    615.33	      4.65	      2.61	     81.43	     45.71	-10.88	 7.221e-05	      5.97	0	Gaussian	309.354818	41.552183
951	1	  0.001571	  0.000344	     -1.00	    447.94	    103.41	      3.97	      2.64	     69.41	     46.29	-19.42	 2.193e-05	      5.97	0	Gaussian	310.645484	43.899933
952	1	  0.001584	  0.000286	     -1.00	    157.34	    596.87	      4.19	      2.68	     73.32	     46.93	-8.69	 2.072e-05	      5.97	0	Gaussian	312.162190	41.431753
953	1	  0.001580	  0.000427	     -1.00	    443.58	    198.06	      2.97	      2.49	     52.02	     43.53	-11.53	 2.303e-05	      5.97	0	Gaussian	310.613274	43.452122
954	1	  0.001594	  0.000318	     -1.00	    417.46	    308.36	      3.86	      2.71	     67.57	     47.45	0.74	 4.985e-05	      5.97	0	Gaussian	310.711509	42.920407
955	1	  0.001579	  0.000281	     -1.00	    378.99	    741.94	      4.73	      2.74	     82.79	     47.89	-4.85	 2.428e-05	      5.97	0	Gaussian	310.682707	40.860451
956	1	  0.001574	  0.000429	     -1.00	    650.71	    325.39	      3.06	      2.09	     53.50	     36.57	-45.86	 4.186e-05	      5.98	0	Gaussian	309.200336	42.939561
957	1	  0.001587	  0.000397	     -1.00	    533.09	    108.59	      3.57	      2.55	     62.56	     44.67	-15.96	 6.272e-05	      5.98	0	Gaussian	310.085924	43.914049
958	1	  0.001606	  0.000371	     -1.00	    179.94	    616.86	      3.54	      2.75	     61.98	     48.11	-14.04	 1.007e-04	      5.98	0	Gaussian	312.006572	41.350003
959	1	  0.001570	  0.000311	     -1.00	    239.91	    759.54	      4.12	      2.77	     72.07	     48.48	-14.59	 1.968e-05	      5.98	0	Gaussian	311.534279	40.710730
960	1	  0.001593	  0.000427	     -1.00	    379.11	     96.42	      3.36	      2.50	     58.87	     43.69	-12.65	 6.976e-05	      5.99	0	Gaussian	311.099281	43.899682
961	1	  0.001622	  0.000456	     -1.00	    621.49	    300.09	      2.80	      2.47	     48.94	     43.31	-25.83	 3.100e-04	      5.99	0	Gaussian	309.402349	43.047584
962	1	  0.001598	  0.000374	     -1.00	    458.91	    308.58	      3.61	      2.61	     63.25	     45.75	5.80	 1.248e-04	      5.99	0	Gaussian	310.444969	42.938487
963	1	  0.001578	  0.000272	     -1.00	     56.16	    493.84	      4.25	      2.75	     74.30	     48.14	-8.06	 3.566e-05	      6.01	0	Gaussian	312.874071	41.858432
964	1	  0.001573	  0.000310	     -1.00	     56.89	    242.17	      4.03	      2.81	     70.62	     49.10	-8.57	 1.884e-05	      6.01	0	Gaussian	313.071202	43.038751
965	1	  0.001597	  0.000378	     -1.00	     34.84	    499.37	      3.48	      2.64	     60.97	     46.28	-7.95	 1.101e-04	      6.01	0	Gaussian	313.003489	41.820060
966	1	  0.001565	  0.000395	     -1.00	    660.77	    728.18	      3.11	      2.21	     54.36	     38.65	-33.59	 2.626e-05	      6.01	0	Gaussian	308.932367	41.041511
967	1	  0.001610	  0.000422	     -1.00	    427.90	     52.77	      3.24	      2.52	     56.64	     44.08	-10.88	 2.106e-04	      6.02	0	Gaussian	310.809574	44.128810
968	1	  0.001586	  0.000430	     -1.00	    597.35	    704.33	      2.95	      2.28	     51.62	     39.91	-17.42	 3.473e-05	      6.02	0	Gaussian	309.341416	41.130148
969	1	  0.001587	  0.000306	     -1.00	    205.09	    117.68	      3.87	      2.86	     67.73	     50.03	-15.31	 3.420e-05	      6.03	0	Gaussian	312.215438	43.708398
970	1	  0.001582	  0.000387	     -1.00	    643.58	    708.18	      3.08	      2.21	     53.89	     38.72	-6.54	 3.933e-05	      6.03	0	Gaussian	309.049912	41.129549
971	1	  0.001586	  0.000375	     -1.00	    198.69	    791.43	      3.10	      2.23	     54.23	     39.08	-21.10	 3.240e-05	      6.03	0	Gaussian	311.767194	40.539954
972	1	  0.001598	  0.000346	     -1.00	    236.94	    371.60	      3.69	      2.65	     64.55	     46.46	-12.00	 4.485e-05	      6.03	0	Gaussian	311.823161	42.532770
973	1	  0.001595	  0.000345	     -1.00	    202.74	    252.20	      3.74	      2.96	     65.50	     51.87	-12.54	 8.229e-05	      6.03	0	Gaussian	312.129193	43.075398
974	1	  0.001574	  0.000279	     -1.00	    345.48	    294.89	      4.09	      2.80	     71.54	     49.01	-4.70	 2.151e-05	      6.03	0	Gaussian	311.182638	42.949138
975	1	  0.001580	  0.000273	     -1.00	    104.21	    489.55	      4.08	      2.83	     71.44	     49.55	2.75	 1.953e-05	      6.03	0	Gaussian	312.575521	41.906139
976	1	  0.001579	  0.000412	     -1.00	     81.31	    240.52	      2.96	      2.46	     51.73	     43.12	-28.61	 4.221e-05	      6.04	0	Gaussian	312.916377	43.061036
977	1	  0.001619	  0.000312	     -1.00	    349.44	    255.85	      3.91	      2.40	     68.35	     42.06	-7.88	 6.306e-05	      6.04	0	Gaussian	311.183593	43.134841
978	1	  0.001572	  0.000393	     -1.00	    301.62	    298.64	      3.04	      2.39	     53.24	     41.83	-34.18	 2.803e-05	      6.04	0	Gaussian	311.461479	42.909419
979	1	  0.001596	  0.000340	     -1.00	    224.73	    222.69	      3.72	      2.76	     65.16	     48.23	-10.20	 7.093e-05	      6.04	0	Gaussian	312.009855	43.226018
980	1	  0.001575	  0.000305	     -1.00	    201.25	    566.44	      3.87	      2.81	     67.72	     49.26	-9.82	 1.626e-05	      6.05	0	Gaussian	311.909298	41.598165
981	1	  0.001580	  0.000289	     -1.00	    144.76	    406.44	      4.30	      2.75	     75.27	     48.13	-8.07	 2.199e-05	      6.05	0	Gaussian	312.382881	42.318993
982	1	  0.001608	  0.000495	     -1.00	    766.30	    614.32	      2.69	      2.32	     47.15	     40.54	-23.69	 8.359e-05	      6.05	0	Gaussian	308.322175	41.616122
983	1	  0.001617	  0.000415	     -1.00	    764.65	    262.44	      2.92	      2.20	     51.03	     38.53	-40.83	 1.323e-04	      6.05	0	Gaussian	308.494901	43.278460
984	1	  0.001574	  0.000354	     -1.00	    704.64	     15.24	      3.14	      2.40	     54.98	     42.05	7.71	 3.089e-05	      6.05	0	Gaussian	309.010856	44.424006
985	1	  0.001562	  0.000355	     -1.00	    554.71	    141.36	      3.27	      2.89	     57.29	     50.61	-29.23	 2.409e-05	      6.05	0	Gaussian	309.925224	43.768909
986	1	  0.001577	  0.000320	     -1.00	    164.02	    372.33	      3.70	      2.95	     64.78	     51.67	-11.02	 2.652e-05	      6.06	0	Gaussian	312.286375	42.489862
987	1	  0.001572	  0.000273	     -1.00	    664.31	    325.72	      4.12	      2.77	     72.18	     48.50	-1.64	 3.730e-05	      6.06	0	Gaussian	309.112534	42.943167
988	1	  0.001582	  0.000340	     -1.00	    475.72	    617.24	      3.56	      2.81	     62.30	     49.14	-7.68	 4.856e-05	      6.06	0	Gaussian	310.152669	41.491004
989	1	  0.001578	  0.000309	     -1.00	    299.85	    760.71	      3.86	      2.85	     67.56	     49.80	-14.12	 2.219e-05	      6.06	0	Gaussian	311.162177	40.734835
990	1	  0.001567	  0.000312	     -1.00	    441.95	     19.87	      3.85	      2.93	     67.38	     51.35	-18.72	 3.066e-05	      6.06	0	Gaussian	310.738986	44.290334
991	1	  0.001599	  0.000317	     -1.00	    224.11	    681.99	      3.85	      2.74	     67.31	     47.98	-14.72	 4.902e-05	      6.07	0	Gaussian	311.685361	41.067142
992	1	  0.001569	  0.000302	     -1.00	    526.26	    411.47	      3.94	      2.68	     68.89	     46.95	-12.37	 2.454e-05	      6.07	0	Gaussian	309.951666	42.482961
993	1	  0.001668	  0.000526	     -1.00	    230.01	     53.57	      2.70	      2.17	     47.17	     37.97	-14.88	 6.247e-04	      6.07	0	Gaussian	312.102117	44.023152
994	1	  0.001568	  0.000272	     -1.00	    484.46	    134.55	      4.11	      2.71	     71.91	     47.35	2.30	 2.271e-05	      6.07	0	Gaussian	310.387511	43.770104
995	1	  0.001604	  0.000411	     -1.00	    142.78	    354.92	      2.99	      2.34	     52.41	     41.02	-6.72	 6.732e-05	      6.08	0	Gaussian	312.434554	42.559777
996	1	  0.001574	  0.000294	     -1.00	    729.82	     38.69	      3.89	      2.93	     68.12	     51.21	-22.16	 2.049e-05	      6.08	0	Gaussian	308.832482	44.322692
997	1	  0.001588	  0.000378	     -1.00	    483.48	    317.86	      2.98	      2.55	     52.08	     44.64	-17.61	 5.019e-05	      6.08	0	Gaussian	310.281267	42.905767
998	1	  0.001586	  0.000354	     -1.00	     97.11	    442.96	      3.55	      2.63	     62.20	     46.05	-4.38	 3.991e-05	      6.08	0	Gaussian	312.656091	42.120693
999	1	  0.001569	  0.000283	     -1.00	    132.05	    605.79	      4.05	      2.84	     70.87	     49.75	-19.80	 2.623e-05	      6.08	0	Gaussian	312.313551	41.376105
1000	1	  0.001618	  0.000416	     -1.00	    619.05	    591.56	      3.18	      2.46	     55.72	     43.06	-10.72	 1.463e-04	      6.09	0	Gaussian	309.263506	41.670742
1001	1	  0.001585	  0.000343	     -1.00	    768.70	    445.15	      3.07	      2.58	     53.76	     45.12	3.49	 4.574e-05	      6.09	0	Gaussian	308.383638	42.416386
1002	1	  0.001571	  0.000320	     -1.00	    201.81	    236.75	      3.74	      2.80	     65.40	     48.97	-20.83	 2.523e-05	      6.09	0	Gaussian	312.146743	43.147484
1003	1	  0.001614	  0.000306	     -1.00	    372.81	    191.63	      6.06	      2.12	    106.08	     37.19	-34.68	 7.556e-05	      6.09	0	Gaussian	311.075980	43.448591
1004	1	  0.001620	  0.000385	     -1.00	    308.60	     83.61	      2.92	      2.35	     51.19	     41.05	-31.03	 4.319e-05	      6.09	0	Gaussian	311.567898	43.924188
1005	1	  0.001586	  0.000332	     -1.00	     76.09	    251.72	      3.70	      2.61	     64.68	     45.75	-11.13	 4.992e-05	      6.09	0	Gaussian	312.940737	43.005449
1006	1	  0.001580	  0.000327	     -1.00	    365.97	    771.76	      3.70	      2.68	     64.83	     46.87	-11.12	 4.885e-05	      6.10	0	Gaussian	310.745193	40.714132
1007	1	  0.001592	  0.000308	     -1.00	    352.34	    123.44	      3.91	      2.44	     68.41	     42.79	-9.75	 1.247e-04	      6.10	0	Gaussian	311.255133	43.759242
1008	1	  0.001585	  0.000302	     -1.00	     43.97	    419.73	      3.90	      2.72	     68.33	     47.67	-15.22	 6.518e-05	      6.10	0	Gaussian	313.009662	42.198762
1009	1	  0.001581	  0.000299	     -1.00	    746.28	     34.45	      3.94	      2.51	     68.93	     43.86	-14.69	 3.990e-05	      6.10	0	Gaussian	308.726010	44.348697
1010	1	  0.001568	  0.000388	     -1.00	    623.33	    241.24	      3.02	      2.29	     52.88	     40.17	-38.74	 2.729e-05	      6.10	0	Gaussian	309.422337	43.326068
1011	1	  0.001609	  0.000368	     -1.00	    738.63	    176.90	      2.99	      2.38	     52.27	     41.60	-13.90	 1.103e-04	      6.10	0	Gaussian	308.705552	43.673398
1012	1	  0.001606	  0.000300	     -1.00	    288.29	    188.60	      3.93	      2.38	     68.86	     41.72	-8.27	 4.122e-05	      6.10	0	Gaussian	311.624767	43.420060
1013	1	  0.001669	  0.000476	     -1.00	    267.17	    103.66	      2.98	      2.20	     52.14	     38.45	-1.68	 2.528e-04	      6.10	0	Gaussian	311.822964	43.808112
1014	1	  0.001572	  0.000267	     -1.00	    752.91	    434.32	      4.10	      2.90	     71.72	     50.83	-7.68	 2.684e-05	      6.10	0	Gaussian	308.489745	42.462219
1015	1	  0.001589	  0.000375	     -1.00	    416.55	    212.21	      3.01	      2.29	     52.61	     40.14	-38.62	 3.726e-05	      6.11	0	Gaussian	310.779227	43.372816
1016	1	  0.001576	  0.000300	     -1.00	    227.47	    168.56	      3.98	      2.43	     69.64	     42.52	-6.10	 3.746e-05	      6.11	0	Gaussian	312.032336	43.481810
1017	1	  0.001571	  0.000352	     -1.00	    325.64	    776.52	      3.47	      2.80	     60.74	     49.04	-14.13	 4.359e-05	      6.11	0	Gaussian	310.992221	40.672862
1018	1	  0.001572	  0.000285	     -1.00	    289.23	    516.81	      3.91	      2.81	     68.45	     49.17	-15.99	 2.604e-05	      6.11	0	Gaussian	311.390487	41.876805
1019	1	  0.001602	  0.000253	     -1.00	    147.80	     39.58	      4.65	      2.65	     81.47	     46.32	5.62	 5.953e-05	      6.11	0	Gaussian	312.648382	44.042204
1020	1	  0.001582	  0.000301	     -1.00	    581.95	    526.59	      3.72	      2.87	     65.19	     50.30	-20.44	 3.065e-05	      6.11	0	Gaussian	309.532775	41.962807
1021	1	  0.001571	  0.000300	     -1.00	    299.77	    590.46	      3.89	      2.73	     68.17	     47.72	-20.02	 2.605e-05	      6.11	0	Gaussian	311.274678	41.535592
1022	1	  0.001631	  0.000404	     -1.00	    349.10	    749.29	      3.07	      2.46	     53.74	     43.09	-10.48	 1.455e-04	      6.12	0	Gaussian	310.863883	40.812017
1023	1	  0.001587	  0.000333	     -1.00	    399.24	    401.24	      3.54	      2.68	     61.98	     46.93	-12.98	 9.861e-05	      6.12	0	Gaussian	310.768848	42.474312
1024	1	  0.001598	  0.000253	     -1.00	    565.31	    681.37	      3.77	      3.13	     65.99	     54.72	-24.82	 1.143e-04	      6.12	0	Gaussian	309.554259	41.225848
1025	1	  0.001574	  0.000283	     -1.00	     79.52	    687.08	      3.86	      2.84	     67.50	     49.67	52.46	 2.913e-05	      6.12	0	Gaussian	312.579452	40.965595
1026	1	  0.001582	  0.000329	     -1.00	    437.38	    367.29	      3.72	      2.47	     65.06	     43.18	-8.48	 5.064e-05	      6.12	0	Gaussian	310.546598	42.651981
1027	1	  0.001595	  0.000248	     -1.00	    315.63	    486.94	      3.52	      3.43	     61.68	     59.96	7.32	 9.647e-05	      6.13	0	Gaussian	311.243874	42.030514
1028	1	  0.001581	  0.000264	     -1.00	    757.23	    115.91	      3.98	      2.72	     69.67	     47.67	-39.02	 4.089e-05	      6.13	0	Gaussian	308.613777	43.968040
1029	1	  0.001574	  0.000295	     -1.00	    411.96	    403.50	      3.94	      2.66	     68.94	     46.52	-17.98	 2.672e-05	      6.13	0	Gaussian	310.686285	42.469633
1030	1	  0.001575	  0.000360	     -1.00	     68.60	    185.29	      3.08	      2.11	     53.95	     36.96	-45.84	 3.916e-05	      6.14	0	Gaussian	313.042634	43.312354
1031	1	  0.001579	  0.000283	     -1.00	     60.77	    650.56	      4.02	      2.71	     70.43	     47.40	-8.62	 2.925e-05	      6.14	0	Gaussian	312.723523	41.126259
1032	1	  0.001614	  0.000356	     -1.00	    660.86	    208.47	      3.30	      2.62	     57.79	     45.90	-8.40	 2.209e-04	      6.14	0	Gaussian	309.196239	43.495446
1033	1	  0.001587	  0.000320	     -1.00	    653.09	     76.89	      3.65	      2.64	     63.96	     46.26	-11.98	 1.377e-04	      6.14	0	Gaussian	309.317581	44.113316
1034	1	  0.001603	  0.000323	     -1.00	    428.71	    221.71	      3.54	      2.67	     61.91	     46.69	-16.25	 4.743e-05	      6.14	0	Gaussian	310.694482	43.333821
1035	1	  0.001585	  0.000257	     -1.00	    111.42	     86.76	      4.08	      2.91	     71.40	     50.94	-9.85	 1.491e-05	      6.14	0	Gaussian	312.846665	43.799651
1036	1	  0.001581	  0.000218	     -1.00	     45.50	    184.33	      4.31	      2.81	     75.50	     49.18	11.02	 2.340e-05	      6.15	0	Gaussian	313.191764	43.302888
1037	1	  0.001580	  0.000336	     -1.00	    175.50	    326.60	      3.12	      2.26	     54.58	     39.60	-33.53	 2.515e-05	      6.15	0	Gaussian	312.247678	42.710991
1038	1	  0.001576	  0.000335	     -1.00	    110.61	    259.88	      3.07	      2.57	     53.69	     44.91	-25.37	 2.786e-05	      6.15	0	Gaussian	312.713457	42.987379
1039	1	  0.001597	  0.000400	     -1.00	    658.48	    341.55	      2.87	      2.27	     50.21	     39.71	-46.09	 1.153e-04	      6.15	0	Gaussian	309.141840	42.866208
1040	1	  0.001577	  0.000318	     -1.00	    452.86	    696.66	      3.67	      2.69	     64.25	     47.10	-24.16	 3.305e-05	      6.16	0	Gaussian	310.249498	41.106751
1041	1	  0.001596	  0.000379	     -1.00	    469.16	    594.29	      3.39	      2.35	     59.30	     41.15	-5.92	 9.305e-05	      6.16	0	Gaussian	310.207387	41.596301
1042	1	  0.001636	  0.000222	     -1.00	     74.13	    587.84	      5.17	      4.50	     90.56	     78.80	2.93	 3.860e-04	      6.16	0	Gaussian	312.688508	41.427964
1043	1	  0.001578	  0.000210	     -1.00	    472.75	    153.58	      4.34	      2.77	     75.92	     48.54	-2.11	 2.211e-05	      6.16	0	Gaussian	310.451946	43.675091
1044	1	  0.001574	  0.000347	     -1.00	    694.58	    334.59	      3.09	      2.09	     54.15	     36.63	-23.03	 3.595e-05	      6.17	0	Gaussian	308.912844	42.912630
1045	1	  0.001583	  0.000358	     -1.00	    492.44	    177.47	      2.99	      2.31	     52.41	     40.44	-52.83	 2.881e-05	      6.18	0	Gaussian	310.309052	43.571444
1046	1	  0.001587	  0.000279	     -1.00	     34.25	    715.65	      3.96	      2.48	     69.28	     43.47	0.71	 5.887e-05	      6.18	0	Gaussian	312.837648	40.806022
1047	1	  0.001614	  0.000338	     -1.00	    301.58	    168.32	      3.01	      2.14	     52.70	     37.51	-4.66	 4.277e-05	      6.18	0	Gaussian	311.553163	43.522310
1048	1	  0.001602	  0.000370	     -1.00	    702.24	    502.29	      3.40	      2.29	     59.57	     40.12	-6.61	 1.914e-04	      6.19	0	Gaussian	308.780865	42.123214
1049	1	  0.001584	  0.000299	     -1.00	    223.56	    775.81	      3.21	      2.18	     56.14	     38.14	-73.08	 3.859e-05	      6.20	0	Gaussian	311.624366	40.626045
1050	1	  0.001588	  0.000287	     -1.00	    228.15	    495.10	      3.69	      2.74	     64.65	     47.89	-14.58	 3.432e-05	      6.20	0	Gaussian	311.790812	41.947590
1051	1	  0.001593	  0.000283	     -1.00	    388.63	    668.83	      3.58	      2.90	     62.59	     50.69	-24.61	 7.625e-05	      6.20	0	Gaussian	310.667722	41.209087
1052	1	  0.001571	  0.000317	     -1.00	    737.56	    226.20	      3.12	      2.38	     54.68	     41.64	-8.60	 3.214e-05	      6.20	0	Gaussian	308.688332	43.440166
1053	1	  0.001609	  0.000381	     -1.00	    442.54	    312.58	      2.89	      2.12	     50.54	     37.07	-46.49	 1.265e-04	      6.20	0	Gaussian	310.547663	42.912135
1054	1	  0.001572	  0.000338	     -1.00	    591.73	    621.61	      3.10	      1.99	     54.22	     34.79	-13.47	 3.969e-05	      6.22	0	Gaussian	309.420120	41.518289
1055	1	  0.001579	  0.000259	     -1.00	     99.05	    306.26	      4.21	      2.17	     73.75	     38.02	-15.65	 2.279e-05	      6.22	0	Gaussian	312.750649	42.763113
1056	1	  0.001584	  0.000318	     -1.00	    338.64	    676.25	      3.60	      2.36	     62.95	     41.22	-3.86	 4.022e-05	      6.22	0	Gaussian	310.975367	41.150756
1057	1	  0.001615	  0.000314	     -1.00	    652.27	    350.37	      3.83	      2.03	     67.08	     35.47	-9.10	 3.112e-04	      6.23	0	Gaussian	309.177230	42.822207
1058	1	  0.001600	  0.000291	     -1.00	    390.30	    612.78	      3.54	      2.66	     61.88	     46.54	-6.31	 1.553e-04	      6.23	0	Gaussian	310.692029	41.473782
1059	1	  0.001585	  0.000280	     -1.00	    707.33	    201.49	      3.87	      2.39	     67.74	     41.85	-16.60	 7.360e-05	      6.25	0	Gaussian	308.897398	43.545904
1060	1	  0.001584	  0.000273	     -1.00	    302.83	    338.43	      3.84	      2.60	     67.17	     45.51	-11.86	 4.995e-05	      6.25	0	Gaussian	311.426207	42.722855
1061	1	  0.001595	  0.000285	     -1.00	    227.20	    366.53	      3.66	      2.56	     64.04	     44.81	-18.39	 4.782e-05	      6.25	0	Gaussian	311.888867	42.551452
1062	1	  0.001660	  0.000483	     -1.00	    724.87	    262.32	      2.50	      2.04	     43.71	     35.64	-7.31	 3.699e-04	      6.27	0	Gaussian	308.752975	43.264993
1063	1	  0.001610	  0.000305	     -1.00	    418.38	    297.35	      3.60	      2.32	     63.08	     40.62	-7.43	 6.500e-05	      6.27	0	Gaussian	310.712655	42.972692
1064	1	  0.001588	  0.000286	     -1.00	    641.79	    199.33	      3.69	      2.56	     64.51	     44.76	-16.86	 9.104e-05	      6.27	0	Gaussian	309.325151	43.531143
1065	1	  0.001649	  0.000437	     -1.00	    611.97	    591.68	      2.80	      2.14	     49.00	     37.53	-4.61	 1.907e-04	      6.28	0	Gaussian	309.308156	41.667446
1066	1	  0.001589	  0.000248	     -1.00	    684.64	    296.79	      3.78	      2.79	     66.21	     48.77	-5.24	 1.132e-04	      6.28	0	Gaussian	308.996149	43.087443
1067	1	  0.001621	  0.000322	     -1.00	    510.90	    163.70	      3.10	      2.61	     54.31	     45.63	-14.15	 2.469e-04	      6.28	0	Gaussian	310.197372	43.644597
1068	1	  0.001592	  0.000278	     -1.00	    567.12	    550.55	      3.68	      2.64	     64.33	     46.14	-15.66	 5.192e-05	      6.28	0	Gaussian	309.613707	41.843754
1069	1	  0.001582	  0.000281	     -1.00	    376.82	    682.59	      3.65	      2.67	     63.92	     46.76	-16.35	 1.949e-05	      6.29	0	Gaussian	310.733007	41.138846
1070	1	  0.001594	  0.000311	     -1.00	    105.64	    624.34	      3.03	      2.18	     53.02	     38.18	25.10	 8.936e-05	      6.29	0	Gaussian	312.464412	41.274469
1071	1	  0.001596	  0.000283	     -1.00	    450.97	    352.39	      3.68	      2.58	     64.34	     45.09	-5.37	 6.686e-05	      6.29	0	Gaussian	310.468793	42.728409
1072	1	  0.001613	  0.000291	     -1.00	    250.16	    209.33	      3.86	      2.04	     67.53	     35.66	-21.53	 8.261e-05	      6.29	0	Gaussian	311.855868	43.302483
1073	1	  0.001586	  0.000250	     -1.00	    643.34	    447.41	      3.77	      2.75	     66.07	     48.09	-25.06	 3.950e-05	      6.30	0	Gaussian	309.184033	42.360567
1074	1	  0.001612	  0.000278	     -1.00	    275.96	    221.29	      3.48	      2.69	     60.91	     47.12	-5.24	 8.867e-05	      6.31	0	Gaussian	311.680952	43.259904
1075	1	  0.001589	  0.000247	     -1.00	    183.88	    304.32	      3.81	      2.68	     66.68	     46.98	-8.82	 1.952e-05	      6.31	0	Gaussian	312.210932	42.820270
1076	1	  0.001594	  0.000305	     -1.00	    598.18	    555.62	      3.55	      2.35	     62.11	     41.16	-9.03	 8.747e-05	      6.33	0	Gaussian	309.414366	41.832245
1077	1	  0.001630	  0.000313	     -1.00	    273.36	    292.17	      3.14	      2.49	     54.95	     43.54	-7.49	 2.338e-04	      6.34	0	Gaussian	311.647193	42.925312
1078	1	  0.001623	  0.000338	     -1.00	    422.46	    344.60	      2.81	      2.17	     49.27	     37.92	-33.40	 2.092e-04	      6.35	0	Gaussian	310.656378	42.751998
1079	1	  0.001603	  0.000245	     -1.00	    214.06	    688.97	      3.66	      2.66	     64.02	     46.64	-17.77	 5.544e-05	      6.37	0	Gaussian	311.742998	41.029162
1080	1	  0.001618	  0.000277	     -1.00	    130.19	    153.37	      3.55	      2.40	     62.11	     41.95	-10.02	 8.532e-05	      6.37	0	Gaussian	312.671999	43.498362
1081	1	  0.001604	  0.000242	     -1.00	    531.30	    116.48	      3.89	      2.37	     68.16	     41.50	7.42	 8.896e-05	      6.37	0	Gaussian	310.092873	43.876079
1082	1	  0.001640	  0.000334	     -1.00	     74.66	    772.75	      3.02	      2.04	     52.84	     35.74	-3.39	 1.314e-04	      6.37	0	Gaussian	312.545154	40.561188
1083	1	  0.001593	  0.000242	     -1.00	    114.14	    352.45	      3.86	      2.50	     67.58	     43.73	-8.50	 4.006e-05	      6.38	0	Gaussian	312.618501	42.555142
1084	1	  0.001592	  0.000265	     -1.00	    126.49	    337.01	      3.45	      2.28	     60.39	     39.91	-12.52	 2.980e-05	      6.40	0	Gaussian	312.551918	42.634617
1085	1	  0.001626	  0.000248	     -1.00	    264.26	    162.63	      3.78	      2.13	     66.20	     37.30	-5.29	 1.065e-04	      6.44	0	Gaussian	311.798840	43.529435
1086	1	  0.001627	  0.000278	     -1.00	    762.15	    657.48	      3.30	      2.43	     57.74	     42.47	-10.16	 1.225e-04	      6.46	0	Gaussian	308.329056	41.410819
1087	1	  0.001613	  0.000259	     -1.00	    108.92	    755.54	      3.68	      1.96	     64.50	     34.34	-6.69	 1.030e-04	      6.47	0	Gaussian	312.346674	40.660782
1088	1	  0.001635	  0.000282	     -1.00	    695.08	    574.87	      3.23	      2.43	     56.53	     42.51	-4.96	 2.627e-04	      6.48	0	Gaussian	308.791082	41.777815
1089	1	  0.001608	  0.000278	     -1.00	     52.09	    104.25	      3.24	      2.46	     56.66	     43.06	-15.58	 2.457e-04	      6.49	0	Gaussian	313.215979	43.682008
1090	1	  0.001602	  0.000224	     -1.00	     79.45	    763.47	      3.60	      2.50	     63.04	     43.69	-8.26	 5.935e-05	      6.50	0	Gaussian	312.522563	40.607362
1091	1	  0.001679	  0.000451	     -1.00	    301.08	    384.31	      2.13	      1.81	     37.33	     31.69	1.21	 8.311e-04	      6.51	0	Gaussian	311.405766	42.506165
1092	1	  0.001612	  0.000247	     -1.00	    412.92	    707.77	      3.43	      2.32	     59.96	     40.52	-6.11	 1.573e-04	      6.52	0	Gaussian	310.492215	41.036765
1093	1	  0.001601	  0.000216	     -1.00	    340.81	     30.34	      3.46	      2.42	     60.55	     42.41	-3.30	 7.491e-05	      6.59	0	Gaussian	311.395258	44.191174
1094	1	  0.001616	  0.000189	     -1.00	    316.85	    145.24	      3.65	      2.23	     63.95	     39.07	-8.80	 3.675e-05	      6.60	0	Gaussian	311.470528	43.638701
1095	1	  0.001621	  0.000373	     -1.00	    605.20	    119.34	      3.11	      1.50	     54.42	     26.17	-30.40	 3.441e-04	      6.75	0	Gaussian	309.608031	43.893883
1096	1	  0.001604	  0.000229	     -1.00	    273.27	    328.76	      2.54	      2.35	     44.54	     41.16	62.99	 9.855e-05	      6.77	0	Gaussian	311.621894	42.753214
1097	1	  0.001616	  0.000372	     -1.00	     53.00	    623.03	      1.89	      1.49	     33.11	     26.00	7.17	 3.373e-04	      7.17	0	Gaussian	312.792984	41.250877
1098	1	  0.001654	  0.000220	     -1.00	    780.29	    106.61	      2.91	      1.84	     50.95	     32.14	-19.91	 3.154e-04	      7.20	0	Gaussian	308.466848	44.019993
1099	1	  0.001622	  0.000314	     -1.00	    507.79	    311.48	      1.86	      1.69	     32.53	     29.60	32.63	 1.956e-04	      7.60	0	Gaussian	310.128748	42.946538
1100	1	  0.001612	  0.000213	     -1.00	    426.63	    302.15	      2.39	      1.76	     41.86	     30.73	-14.44	 6.779e-05	      7.96	0	Gaussian	310.656510	42.953915
1101	1	  0.001611	  0.000256	     -1.00	    455.48	    633.09	      2.37	      2.00	     41.55	     34.99	24.75	 1.197e-04	      8.09	0	Gaussian	310.270504	41.407478
1102	1	  0.001640	  0.000205	     -1.00	    379.85	    363.75	      2.54	      2.01	     44.54	     35.11	72.71	 3.715e-04	      8.62	0	Gaussian	310.916856	42.641676
1103	1	  0.001614	  0.000216	     -1.00	    362.85	    198.45	      2.95	      2.95	     51.71	     51.70	-43.54	 5.824e-05	     10.50	0	Gaussian	311.135792	43.411593
1104	1	  0.001626	  0.000325	     -1.00	    164.66	    654.18	      4.63	      1.49	     81.12	     26.05	-1.12	 4.784e-04	    999.00	0	Gaussian	312.074949	41.166595
1105	1	  0.001638	  0.000197	     -1.00	    298.48	    195.31	      2.58	      2.22	     45.09	     38.88	-61.26	 8.451e-05	    999.00	0	Gaussian	311.554156	43.393795
