# 1145 stars found using the following parameters:
# sigma=1.00 roundness=0.10 radius=5 relax=1 profile=0 minbeta=1.5 max_stars=0 layer=1 minA=0.00 maxA=0.00 maxR=1.00
# star#	layer	B	A	beta	X	Y	FWHMx [px]	FWHMy [px]	FWHMx ["]	FWHMy ["]	angle	RMSE	mag	Sat	Profile	RA	Dec
1	1	  0.002183	  0.156892	     -1.00	    502.32	    200.78	      2.43	      2.40	     42.51	     42.04	33.42	 1.885e-03	     -0.04	0	Gaussian	309.887710	40.579877
2	1	  0.001848	  0.118849	     -1.00	    549.27	    683.36	      2.50	      2.40	     43.74	     41.96	36.48	 9.196e-04	      0.23	0	Gaussian	309.347386	38.328193
3	1	  0.001740	  0.103320	     -1.00	    414.64	    511.18	      2.52	      2.38	     44.10	     41.62	33.00	 7.366e-04	      0.39	0	Gaussian	310.250543	39.082408
4	1	  0.001896	  0.072838	     -1.00	    501.73	    614.35	      2.56	      2.47	     44.86	     43.17	-17.71	 1.425e-03	      0.71	0	Gaussian	309.668322	38.633800
5	1	  0.001716	  0.079280	     -1.00	    708.67	    107.53	      2.43	      2.29	     42.62	     40.05	13.39	 4.372e-04	      0.75	0	Gaussian	308.649149	41.098741
6	1	  0.001655	  0.065083	     -1.00	    461.30	     64.91	      2.43	      2.43	     42.45	     42.45	-35.09	 2.314e-04	      0.91	0	Gaussian	310.220790	41.202637
7	1	  0.001703	  0.052118	     -1.00	    133.57	    439.12	      2.49	      2.39	     43.50	     41.82	76.08	 4.437e-04	      1.14	0	Gaussian	311.997253	39.287213
8	1	  0.001629	  0.047108	     -1.00	    545.88	    732.08	      2.52	      2.51	     44.06	     43.95	-20.53	 2.894e-04	      1.18	0	Gaussian	309.343465	38.098213
9	1	  0.001703	  0.045799	     -1.00	    776.70	     32.98	      2.52	      2.44	     44.08	     42.76	26.83	 2.274e-04	      1.24	0	Gaussian	308.255484	41.474034
10	1	  0.001661	  0.040159	     -1.00	     81.62	    523.56	      2.51	      2.39	     43.96	     41.77	34.79	 3.256e-04	      1.41	0	Gaussian	312.251130	38.864706
11	1	  0.001652	  0.040982	     -1.00	    104.55	    328.26	      2.46	      2.33	     43.14	     40.71	48.12	 3.130e-04	      1.43	0	Gaussian	312.251669	39.791293
12	1	  0.001785	  0.035916	     -1.00	    666.54	    794.21	      2.50	      2.39	     43.69	     41.75	35.41	 4.270e-04	      1.54	0	Gaussian	308.594120	37.850041
13	1	  0.001634	  0.033473	     -1.00	    532.15	    767.29	      2.60	      2.42	     45.42	     42.39	27.71	 2.616e-04	      1.56	0	Gaussian	309.407895	37.927837
14	1	  0.001656	  0.028754	     -1.00	    307.00	    420.65	      2.59	      2.43	     45.32	     42.52	22.23	 1.981e-04	      1.72	0	Gaussian	310.957670	39.459413
15	1	  0.001604	  0.030592	     -1.00	    126.96	     91.14	      2.50	      2.35	     43.73	     41.11	43.18	 1.099e-04	      1.73	0	Gaussian	312.285972	40.915374
16	1	  0.001624	  0.029070	     -1.00	    601.86	     36.73	      2.50	      2.39	     43.79	     41.80	28.94	 1.198e-04	      1.76	0	Gaussian	309.354636	41.393492
17	1	  0.001652	  0.028395	     -1.00	    633.80	    113.32	      2.45	      2.39	     42.85	     41.81	56.67	 2.041e-04	      1.81	0	Gaussian	309.115034	41.044263
18	1	  0.001634	  0.025052	     -1.00	    461.10	    665.90	      2.60	      2.51	     45.52	     43.99	61.47	 1.840e-04	      1.82	0	Gaussian	309.885172	38.375463
19	1	  0.001610	  0.023598	     -1.00	    705.52	    640.90	      2.61	      2.47	     45.68	     43.28	31.64	 1.517e-04	      1.91	0	Gaussian	308.427595	38.583432
20	1	  0.001614	  0.022935	     -1.00	    619.02	    231.92	      2.59	      2.48	     45.31	     43.45	55.67	 1.293e-04	      1.94	0	Gaussian	309.147602	40.479209
21	1	  0.001589	  0.023407	     -1.00	     85.98	    433.18	      2.51	      2.50	     43.91	     43.79	12.12	 1.567e-04	      1.95	0	Gaussian	312.289175	39.289964
22	1	  0.001686	  0.024153	     -1.00	    756.32	    498.24	      2.55	      2.34	     44.57	     41.00	19.30	 2.913e-04	      1.97	0	Gaussian	308.180788	39.271628
23	1	  0.001608	  0.023648	     -1.00	    749.07	    371.39	      2.54	      2.37	     44.46	     41.52	17.08	 1.661e-04	      1.98	0	Gaussian	308.279421	39.867232
24	1	  0.001644	  0.023588	     -1.00	    435.49	    577.37	      2.50	      2.35	     43.68	     41.17	62.57	 2.264e-04	      2.01	0	Gaussian	310.087414	38.780400
25	1	  0.001639	  0.022879	     -1.00	    369.44	    686.74	      2.52	      2.38	     44.11	     41.65	60.35	 1.810e-04	      2.01	0	Gaussian	310.422318	38.239174
26	1	  0.001610	  0.021948	     -1.00	    537.13	    423.00	      2.50	      2.50	     43.82	     43.79	-63.72	 1.421e-04	      2.02	0	Gaussian	309.553741	39.547447
27	1	  0.001611	  0.022907	     -1.00	    335.51	    224.14	      2.38	      2.37	     41.65	     41.53	-31.37	 1.731e-04	      2.08	0	Gaussian	310.905828	40.396165
28	1	  0.001634	  0.021966	     -1.00	    363.85	    143.29	      2.49	      2.35	     43.65	     41.07	33.16	 1.197e-04	      2.09	0	Gaussian	310.780989	40.789718
29	1	  0.001655	  0.020602	     -1.00	    755.06	    213.60	      2.49	      2.49	     43.66	     43.65	-5.94	 3.582e-04	      2.09	0	Gaussian	308.311260	40.613766
30	1	  0.001607	  0.018638	     -1.00	    755.44	    245.54	      2.77	      2.46	     48.48	     43.14	-39.03	 2.269e-04	      2.10	0	Gaussian	308.294881	40.463129
31	1	  0.001682	  0.022019	     -1.00	    290.33	    357.28	      2.44	      2.31	     42.76	     40.50	39.46	 2.627e-04	      2.13	0	Gaussian	311.099084	39.749088
32	1	  0.001593	  0.020690	     -1.00	    453.54	    583.66	      2.50	      2.39	     43.74	     41.82	38.62	 1.418e-04	      2.14	0	Gaussian	309.975115	38.758383
33	1	  0.001676	  0.017611	     -1.00	     41.56	    585.68	      2.69	      2.60	     47.07	     45.58	-61.54	 1.759e-04	      2.14	0	Gaussian	312.446733	38.552933
34	1	  0.001622	  0.019004	     -1.00	    386.75	    415.85	      2.59	      2.49	     45.33	     43.51	32.98	 1.082e-04	      2.14	0	Gaussian	310.475105	39.518179
35	1	  0.001600	  0.017507	     -1.00	    607.86	    694.68	      2.62	      2.48	     45.85	     43.33	27.30	 1.097e-04	      2.23	0	Gaussian	308.990477	38.296720
36	1	  0.001677	  0.016774	     -1.00	    202.83	    545.86	      2.59	      2.46	     45.39	     43.09	2.22	 2.855e-04	      2.29	0	Gaussian	311.507612	38.822251
37	1	  0.001577	  0.017751	     -1.00	    520.37	    634.53	      2.50	      2.40	     43.77	     42.06	33.84	 1.423e-04	      2.30	0	Gaussian	309.545711	38.546348
38	1	  0.001581	  0.016371	     -1.00	     72.72	    270.97	      2.57	      2.41	     44.97	     42.15	35.13	 7.379e-05	      2.35	0	Gaussian	312.487457	40.042457
39	1	  0.001595	  0.014881	     -1.00	    700.01	    617.99	      2.58	      2.58	     45.15	     45.12	21.13	 1.177e-04	      2.37	0	Gaussian	308.470872	38.689328
40	1	  0.001596	  0.016895	     -1.00	    127.54	     42.74	      2.45	      2.35	     42.93	     41.20	38.83	 1.011e-04	      2.39	0	Gaussian	312.317940	41.142824
41	1	  0.001589	  0.015869	     -1.00	    604.91	    503.44	      2.54	      2.39	     44.42	     41.75	21.52	 1.004e-04	      2.41	0	Gaussian	309.100076	39.194792
42	1	  0.001578	  0.016119	     -1.00	    439.18	    251.01	      2.43	      2.42	     42.50	     42.35	12.92	 9.597e-05	      2.42	0	Gaussian	310.249887	40.316509
43	1	  0.001828	  0.016301	     -1.00	    573.87	    371.10	      2.40	      2.38	     41.92	     41.66	8.18	 8.690e-04	      2.44	0	Gaussian	309.355656	39.806140
44	1	  0.001702	  0.011723	     -1.00	    765.06	     66.25	      3.19	      2.48	     55.79	     43.47	-20.94	 2.858e-04	      2.44	0	Gaussian	308.314016	41.312962
45	1	  0.001636	  0.015282	     -1.00	    358.10	    176.86	      2.47	      2.37	     43.25	     41.49	-76.50	 1.493e-04	      2.48	0	Gaussian	310.795747	40.629073
46	1	  0.001590	  0.014100	     -1.00	    347.97	    599.96	      2.52	      2.50	     44.06	     43.67	-64.23	 1.017e-04	      2.49	0	Gaussian	310.601377	38.636629
47	1	  0.001582	  0.013842	     -1.00	    755.19	    280.93	      2.51	      2.46	     44.00	     43.09	6.50	 6.119e-05	      2.52	0	Gaussian	308.280997	40.295990
48	1	  0.001597	  0.007343	     -1.00	    305.05	     25.54	      3.38	      3.38	     59.23	     59.23	35.86	 2.715e-04	      2.55	0	Gaussian	311.222896	41.315738
49	1	  0.001621	  0.012043	     -1.00	    315.33	    343.96	      2.65	      2.62	     46.42	     45.94	-37.20	 1.259e-04	      2.55	0	Gaussian	310.954702	39.823470
50	1	  0.001640	  0.011573	     -1.00	    370.17	    778.62	      2.70	      2.66	     47.30	     46.48	78.79	 2.659e-04	      2.56	0	Gaussian	310.365629	37.809147
51	1	  0.001599	  0.013297	     -1.00	    568.34	    622.51	      2.50	      2.45	     43.71	     42.84	31.81	 1.655e-04	      2.59	0	Gaussian	309.262946	38.621186
52	1	  0.001614	  0.013371	     -1.00	    198.83	    352.57	      2.56	      2.36	     44.76	     41.30	25.86	 9.882e-05	      2.60	0	Gaussian	311.660319	39.726361
53	1	  0.001572	  0.012494	     -1.00	    709.32	    587.71	      2.58	      2.49	     45.15	     43.66	24.87	 8.946e-05	      2.61	0	Gaussian	308.427835	38.834918
54	1	  0.001600	  0.012981	     -1.00	    348.84	    157.07	      2.48	      2.47	     43.40	     43.23	8.35	 7.034e-05	      2.61	0	Gaussian	310.865490	40.717883
55	1	  0.001579	  0.011975	     -1.00	     50.27	    703.90	      2.61	      2.53	     45.69	     44.34	36.81	 8.496e-05	      2.61	0	Gaussian	312.311028	38.005569
56	1	  0.001610	  0.013340	     -1.00	    708.76	    208.27	      2.45	      2.38	     42.90	     41.60	12.74	 1.921e-04	      2.63	0	Gaussian	308.601693	40.623218
57	1	  0.001594	  0.013183	     -1.00	    328.42	    206.06	      2.50	      2.34	     43.73	     41.04	38.85	 8.932e-05	      2.63	0	Gaussian	310.961029	40.477852
58	1	  0.001626	  0.013166	     -1.00	    758.50	    135.84	      2.47	      2.38	     43.31	     41.59	25.33	 1.605e-04	      2.64	0	Gaussian	308.324200	40.982097
59	1	  0.001904	  0.013003	     -1.00	    281.81	    215.38	      2.36	      2.29	     41.33	     40.01	25.04	 8.134e-04	      2.74	0	Gaussian	311.242685	40.411706
60	1	  0.001622	  0.010993	     -1.00	    334.11	    515.91	      2.60	      2.42	     45.51	     42.30	31.44	 1.029e-04	      2.76	0	Gaussian	310.734992	39.024678
61	1	  0.001586	  0.011395	     -1.00	    590.36	    521.51	      2.53	      2.40	     44.25	     42.03	21.83	 1.192e-04	      2.77	0	Gaussian	309.179634	39.104319
62	1	  0.001583	  0.011552	     -1.00	    678.64	    360.69	      2.50	      2.38	     43.84	     41.64	25.97	 7.112e-05	      2.77	0	Gaussian	308.717327	39.893715
63	1	  0.001608	  0.011186	     -1.00	    374.25	     44.06	      2.50	      2.41	     43.78	     42.23	28.37	 8.237e-05	      2.79	0	Gaussian	310.778150	41.261617
64	1	  0.001579	  0.010735	     -1.00	    570.61	    437.05	      2.52	      2.51	     44.07	     43.94	42.52	 7.218e-05	      2.79	0	Gaussian	309.342054	39.494358
65	1	  0.001588	  0.010887	     -1.00	    728.28	    222.02	      2.49	      2.48	     43.56	     43.40	25.15	 1.104e-04	      2.79	0	Gaussian	308.474023	40.565037
66	1	  0.001626	  0.003847	     -1.00	    252.99	    653.81	      6.48	      2.63	    113.40	     45.97	-16.70	 3.447e-04	      2.82	0	Gaussian	311.137954	38.340803
67	1	  0.001598	  0.010294	     -1.00	    460.57	    309.93	      2.60	      2.42	     45.46	     42.31	19.59	 8.146e-05	      2.84	0	Gaussian	310.084401	40.048325
68	1	  0.001845	  0.011670	     -1.00	    582.11	    373.56	      2.41	      2.29	     42.16	     40.09	31.19	 1.149e-03	      2.84	0	Gaussian	309.303856	39.797699
69	1	  0.001641	  0.010848	     -1.00	    110.25	    130.37	      2.50	      2.36	     43.69	     41.24	43.27	 9.620e-05	      2.86	0	Gaussian	312.360509	40.722185
70	1	  0.001574	  0.009656	     -1.00	    493.94	    707.11	      2.56	      2.55	     44.73	     44.64	-53.16	 6.987e-05	      2.86	0	Gaussian	309.666732	38.195291
71	1	  0.001603	  0.003125	     -1.00	    443.82	    397.20	      7.31	      2.74	    127.99	     47.94	-89.53	 3.179e-04	      2.86	0	Gaussian	310.137729	39.630614
72	1	  0.001602	  0.010255	     -1.00	    569.27	    551.52	      2.54	      2.43	     44.53	     42.50	21.77	 1.307e-04	      2.86	0	Gaussian	309.292628	38.955245
73	1	  0.001579	  0.009859	     -1.00	    768.57	    328.61	      2.59	      2.43	     45.26	     42.54	25.50	 7.377e-05	      2.89	0	Gaussian	308.177719	40.075378
74	1	  0.001580	  0.010366	     -1.00	    399.72	    169.78	      2.48	      2.35	     43.48	     41.21	32.21	 6.374e-05	      2.90	0	Gaussian	310.542085	40.681435
75	1	  0.001585	  0.009958	     -1.00	    435.61	    550.46	      2.57	      2.38	     44.95	     41.64	25.82	 1.005e-04	      2.90	0	Gaussian	310.101644	38.906815
76	1	  0.001623	  0.010581	     -1.00	    114.38	    110.60	      2.43	      2.35	     42.47	     41.20	44.32	 1.033e-04	      2.91	0	Gaussian	312.349545	40.817173
77	1	  0.001588	  0.009099	     -1.00	    663.42	    357.73	      2.66	      2.48	     46.47	     43.34	72.75	 7.576e-05	      2.92	0	Gaussian	308.812250	39.902306
78	1	  0.001584	  0.009996	     -1.00	     65.68	     18.15	      2.51	      2.38	     43.97	     41.67	59.12	 7.038e-05	      2.92	0	Gaussian	312.721083	41.223603
79	1	  0.001570	  0.009914	     -1.00	    487.20	    429.40	      2.53	      2.37	     44.34	     41.56	29.28	 8.108e-05	      2.93	0	Gaussian	309.855036	39.497276
80	1	  0.001679	  0.009588	     -1.00	    257.01	    212.41	      2.51	      2.43	     43.89	     42.51	25.19	 1.826e-04	      2.95	0	Gaussian	311.397515	40.413484
81	1	  0.001594	  0.009392	     -1.00	    144.84	    309.67	      2.58	      2.42	     45.10	     42.36	43.11	 5.133e-05	      2.95	0	Gaussian	312.019210	39.899801
82	1	  0.001613	  0.009488	     -1.00	    539.78	    392.79	      2.56	      2.41	     44.76	     42.14	14.26	 2.161e-04	      2.95	0	Gaussian	309.553304	39.690685
83	1	  0.001603	  0.009637	     -1.00	    719.17	    318.47	      2.56	      2.35	     44.85	     41.07	7.79	 1.090e-04	      2.96	0	Gaussian	308.486961	40.106824
84	1	  0.001589	  0.009080	     -1.00	    575.68	     85.00	      2.54	      2.45	     44.51	     42.82	27.66	 5.400e-05	      2.98	0	Gaussian	309.493501	41.155459
85	1	  0.001793	  0.010351	     -1.00	    705.74	    196.18	      2.35	      2.32	     41.06	     40.53	19.85	 7.037e-04	      2.98	0	Gaussian	308.626064	40.679223
86	1	  0.001602	  0.009740	     -1.00	    149.74	     40.56	      2.50	      2.31	     43.80	     40.50	32.93	 8.951e-05	      2.99	0	Gaussian	312.181465	41.165095
87	1	  0.001556	  0.008708	     -1.00	    481.33	    572.87	      2.57	      2.51	     45.02	     43.92	-70.60	 6.308e-05	      2.99	0	Gaussian	309.813303	38.820420
88	1	  0.001566	  0.008566	     -1.00	    779.37	    638.82	      2.61	      2.50	     45.69	     43.76	47.96	 6.232e-05	      3.00	0	Gaussian	307.982987	38.616984
89	1	  0.001663	  0.006555	     -1.00	    735.78	    515.37	      2.94	      2.84	     51.46	     49.65	32.84	 4.764e-04	      3.01	0	Gaussian	308.298578	39.184272
90	1	  0.001609	  0.008026	     -1.00	    145.11	    732.64	      2.61	      2.59	     45.76	     45.27	75.80	 1.416e-04	      3.03	0	Gaussian	311.729347	37.919922
91	1	  0.001595	  0.007010	     -1.00	    661.86	    588.10	      2.75	      2.75	     48.10	     48.09	1.74	 1.593e-04	      3.05	0	Gaussian	308.714817	38.816864
92	1	  0.001686	  0.007046	     -1.00	    234.33	    700.18	      2.71	      2.71	     47.38	     47.38	64.82	 2.833e-04	      3.07	0	Gaussian	311.220234	38.115006
93	1	  0.001603	  0.008704	     -1.00	    581.89	     71.41	      2.53	      2.35	     44.24	     41.08	7.99	 1.401e-04	      3.07	0	Gaussian	309.461773	41.222054
94	1	  0.001592	  0.008616	     -1.00	    770.72	    516.55	      2.55	      2.37	     44.61	     41.55	20.03	 1.141e-04	      3.07	0	Gaussian	308.085433	39.189960
95	1	  0.001572	  0.007988	     -1.00	    782.95	    402.00	      2.58	      2.50	     45.09	     43.84	18.49	 6.075e-05	      3.08	0	Gaussian	308.058276	39.733784
96	1	  0.001663	  0.007678	     -1.00	    243.79	    352.87	      2.64	      2.50	     46.28	     43.82	60.81	 3.036e-04	      3.10	0	Gaussian	311.386013	39.747341
97	1	  0.001633	  0.008620	     -1.00	    157.52	    218.79	      2.41	      2.41	     42.21	     42.10	-41.51	 2.457e-04	      3.11	0	Gaussian	312.005549	40.332724
98	1	  0.001603	  0.007957	     -1.00	     12.60	    276.89	      2.60	      2.42	     45.53	     42.39	39.47	 7.154e-05	      3.11	0	Gaussian	312.849913	39.981124
99	1	  0.001618	  0.008644	     -1.00	    350.40	    120.41	      2.44	      2.35	     42.75	     41.19	40.57	 8.783e-05	      3.12	0	Gaussian	310.878862	40.891094
100	1	  0.001581	  0.007781	     -1.00	    559.77	    410.91	      2.52	      2.51	     44.10	     44.00	6.08	 5.885e-05	      3.13	0	Gaussian	309.421608	39.613203
101	1	  0.001568	  0.007783	     -1.00	    768.73	    314.78	      2.59	      2.43	     45.25	     42.59	13.22	 4.967e-05	      3.14	0	Gaussian	308.182626	40.140662
102	1	  0.001580	  0.007657	     -1.00	    328.16	    130.80	      2.51	      2.49	     43.97	     43.50	17.90	 4.404e-05	      3.15	0	Gaussian	311.010462	40.831732
103	1	  0.001738	  0.007052	     -1.00	    755.13	    508.95	      2.62	      2.62	     45.91	     45.79	59.28	 8.162e-04	      3.15	0	Gaussian	308.183512	39.220762
104	1	  0.001565	  0.007210	     -1.00	     85.84	    606.55	      2.67	      2.50	     46.80	     43.68	30.04	 6.245e-05	      3.17	0	Gaussian	312.167573	38.478872
105	1	  0.001587	  0.007472	     -1.00	    400.95	     12.17	      2.54	      2.51	     44.52	     43.91	-0.66	 4.045e-05	      3.17	0	Gaussian	310.630690	41.424145
106	1	  0.001588	  0.007399	     -1.00	    400.48	    597.94	      2.59	      2.45	     45.31	     42.81	39.01	 6.680e-05	      3.17	0	Gaussian	310.286796	38.668998
107	1	  0.001611	  0.008417	     -1.00	    435.36	    124.37	      2.45	      2.30	     42.81	     40.33	22.96	 8.987e-05	      3.17	0	Gaussian	310.347712	40.911142
108	1	  0.001596	  0.007897	     -1.00	    126.53	    146.22	      2.50	      2.39	     43.76	     41.84	59.59	 7.931e-05	      3.18	0	Gaussian	312.248387	40.656685
109	1	  0.001597	  0.007313	     -1.00	    580.32	    192.07	      2.53	      2.52	     44.28	     44.10	-88.21	 1.245e-04	      3.19	0	Gaussian	309.408168	40.652342
110	1	  0.001607	  0.007311	     -1.00	    310.45	    545.99	      2.56	      2.47	     44.78	     43.16	12.29	 1.113e-04	      3.20	0	Gaussian	310.859607	38.872764
111	1	  0.001630	  0.007310	     -1.00	    603.70	     72.94	      2.50	      2.50	     43.83	     43.81	-79.33	 2.495e-04	      3.21	0	Gaussian	309.324233	41.223351
112	1	  0.001641	  0.007263	     -1.00	    396.94	    262.18	      2.57	      2.45	     44.97	     42.92	49.94	 2.031e-04	      3.21	0	Gaussian	310.503795	40.245346
113	1	  0.001620	  0.006938	     -1.00	    281.30	    592.40	      2.66	      2.46	     46.52	     43.11	72.38	 8.061e-05	      3.21	0	Gaussian	311.006479	38.641724
114	1	  0.001674	  0.006197	     -1.00	    229.87	    793.60	      2.77	      2.61	     48.47	     45.64	40.68	 1.757e-04	      3.22	0	Gaussian	311.188364	37.676072
115	1	  0.001579	  0.006564	     -1.00	    233.06	    531.13	      2.74	      2.49	     48.04	     43.52	33.35	 6.466e-05	      3.24	0	Gaussian	311.335277	38.905977
116	1	  0.001596	  0.006954	     -1.00	    462.24	    327.14	      2.62	      2.44	     45.82	     42.77	12.62	 7.434e-05	      3.25	0	Gaussian	310.064419	39.968013
117	1	  0.001578	  0.007072	     -1.00	    619.72	    440.37	      2.57	      2.45	     44.96	     42.91	23.75	 8.013e-05	      3.25	0	Gaussian	309.040506	39.497150
118	1	  0.001606	  0.006346	     -1.00	    241.38	    499.87	      2.70	      2.58	     47.21	     45.21	61.09	 1.265e-04	      3.25	0	Gaussian	311.305208	39.056560
119	1	  0.001618	  0.006697	     -1.00	     18.78	    396.03	      2.58	      2.50	     45.20	     43.83	39.46	 1.229e-04	      3.27	0	Gaussian	312.722462	39.427132
120	1	  0.001671	  0.007441	     -1.00	    760.00	    125.64	      2.49	      2.33	     43.50	     40.83	14.53	 4.175e-04	      3.28	0	Gaussian	308.319367	41.030750
121	1	  0.001732	  0.007291	     -1.00	    766.12	    240.87	      2.42	      2.40	     42.36	     42.00	3.79	 5.479e-04	      3.29	0	Gaussian	308.230656	40.488675
122	1	  0.001642	  0.006851	     -1.00	    549.54	    694.58	      2.53	      2.45	     44.27	     42.80	31.68	 1.744e-04	      3.30	0	Gaussian	309.340201	38.275596
123	1	  0.001567	  0.006291	     -1.00	    652.79	    694.60	      2.66	      2.53	     46.54	     44.24	27.48	 6.097e-05	      3.30	0	Gaussian	308.720911	38.313035
124	1	  0.001742	  0.007629	     -1.00	    418.68	     16.27	      2.38	      2.31	     41.71	     40.45	26.74	 5.635e-04	      3.31	0	Gaussian	310.516925	41.412881
125	1	  0.001582	  0.001770	     -1.00	    313.33	    561.63	      7.53	      3.07	    131.76	     53.82	-56.22	 1.242e-04	      3.33	0	Gaussian	310.832745	38.800757
126	1	  0.001601	  0.006451	     -1.00	    552.23	     81.89	      2.51	      2.51	     43.91	     43.89	27.66	 8.239e-05	      3.33	0	Gaussian	309.642000	41.160748
127	1	  0.001564	  0.006170	     -1.00	    652.12	    330.81	      2.58	      2.55	     45.24	     44.60	15.54	 4.403e-05	      3.34	0	Gaussian	308.894576	40.025135
128	1	  0.001638	  0.004483	     -1.00	    227.56	    656.67	      3.02	      3.02	     52.93	     52.93	24.45	 1.798e-04	      3.34	0	Gaussian	311.288022	38.315369
129	1	  0.001651	  0.006515	     -1.00	    537.82	    236.63	      2.64	      2.38	     46.19	     41.60	28.47	 2.618e-04	      3.34	0	Gaussian	309.648164	40.425433
130	1	  0.001597	  0.006416	     -1.00	    624.77	     29.86	      2.57	      2.47	     45.05	     43.24	7.50	 1.213e-04	      3.34	0	Gaussian	309.214109	41.434720
131	1	  0.001612	  0.006732	     -1.00	    723.50	    353.49	      2.52	      2.38	     44.16	     41.58	12.24	 9.787e-05	      3.35	0	Gaussian	308.444585	39.943110
132	1	  0.001601	  0.006282	     -1.00	    146.35	    542.52	      2.58	      2.48	     45.19	     43.43	33.70	 6.949e-05	      3.36	0	Gaussian	311.849265	38.809636
133	1	  0.001588	  0.006686	     -1.00	    111.41	     50.55	      2.50	      2.39	     43.76	     41.82	55.18	 7.945e-05	      3.36	0	Gaussian	312.412384	41.097299
134	1	  0.001569	  0.006683	     -1.00	    458.35	    186.41	      2.49	      2.38	     43.63	     41.62	32.68	 5.095e-05	      3.37	0	Gaussian	310.168606	40.628943
135	1	  0.001718	  0.006110	     -1.00	    744.56	    440.11	      2.65	      2.42	     46.38	     42.27	47.15	 3.880e-04	      3.38	0	Gaussian	308.277396	39.541733
136	1	  0.001561	  0.005782	     -1.00	     85.70	    392.67	      2.68	      2.49	     46.91	     43.66	27.97	 4.037e-05	      3.40	0	Gaussian	312.319881	39.479457
137	1	  0.001596	  0.005841	     -1.00	    136.02	    263.80	      2.56	      2.52	     44.88	     44.19	31.93	 5.915e-05	      3.40	0	Gaussian	312.105502	40.110228
138	1	  0.001614	  0.005476	     -1.00	    360.76	    638.07	      2.66	      2.62	     46.62	     45.95	58.78	 1.079e-04	      3.41	0	Gaussian	310.502342	38.463554
139	1	  0.001618	  0.006460	     -1.00	    757.64	    145.45	      2.50	      2.34	     43.70	     41.03	16.55	 2.758e-04	      3.42	0	Gaussian	308.325313	40.936425
140	1	  0.001575	  0.005450	     -1.00	    423.85	    645.71	      2.68	      2.58	     46.85	     45.22	24.98	 6.341e-05	      3.43	0	Gaussian	310.119582	38.454806
141	1	  0.001839	  0.005837	     -1.00	    108.25	    608.11	      2.64	      2.43	     46.29	     42.58	62.47	 6.679e-04	      3.43	0	Gaussian	312.032701	38.483218
142	1	  0.001620	  0.006126	     -1.00	    143.95	    127.60	      2.56	      2.38	     44.78	     41.63	34.61	 6.843e-05	      3.43	0	Gaussian	312.154308	40.753449
143	1	  0.001572	  0.003048	     -1.00	    330.45	    556.04	      4.24	      2.90	     74.25	     50.70	-13.45	 9.522e-05	      3.43	0	Gaussian	310.732980	38.834735
144	1	  0.001571	  0.005472	     -1.00	    493.13	    497.26	      2.75	      2.50	     48.14	     43.81	30.14	 6.339e-05	      3.44	0	Gaussian	309.782328	39.180535
145	1	  0.001561	  0.005998	     -1.00	    792.69	    335.34	      2.56	      2.41	     44.89	     42.17	13.06	 4.941e-05	      3.45	0	Gaussian	308.026055	40.051328
146	1	  0.001626	  0.005784	     -1.00	    228.43	    630.33	      2.58	      2.45	     45.20	     42.85	30.40	 1.126e-04	      3.46	0	Gaussian	311.299540	38.439072
147	1	  0.001594	  0.005458	     -1.00	    750.95	    166.71	      2.65	      2.53	     46.38	     44.21	-14.93	 7.012e-05	      3.46	0	Gaussian	308.357642	40.833786
148	1	  0.001564	  0.005615	     -1.00	    570.18	    323.72	      2.59	      2.49	     45.37	     43.55	20.00	 3.802e-05	      3.47	0	Gaussian	309.402633	40.027865
149	1	  0.001570	  0.005452	     -1.00	    737.89	    476.16	      2.62	      2.52	     45.83	     44.19	37.11	 5.458e-05	      3.47	0	Gaussian	308.302621	39.369635
150	1	  0.001596	  0.001953	     -1.00	    472.42	    750.49	      6.36	      2.84	    111.30	     49.72	22.50	 1.809e-04	      3.48	0	Gaussian	309.772578	37.983290
151	1	  0.001591	  0.005890	     -1.00	    281.27	    148.27	      2.53	      2.40	     44.22	     41.97	69.79	 4.247e-05	      3.48	0	Gaussian	311.290016	40.726887
152	1	  0.001616	  0.005472	     -1.00	    299.45	    539.26	      2.61	      2.51	     45.63	     43.87	55.20	 1.426e-04	      3.48	0	Gaussian	310.930038	38.899275
153	1	  0.001589	  0.005662	     -1.00	    778.39	    565.28	      2.58	      2.44	     45.22	     42.64	19.11	 8.770e-05	      3.49	0	Gaussian	308.018759	38.962854
154	1	  0.001629	  0.005717	     -1.00	    519.30	    263.74	      2.54	      2.42	     44.43	     42.30	26.72	 1.501e-04	      3.51	0	Gaussian	309.748087	40.290240
155	1	  0.001567	  0.004954	     -1.00	    411.02	    762.73	      2.72	      2.58	     47.58	     45.11	15.96	 4.165e-05	      3.51	0	Gaussian	310.131676	37.900852
156	1	  0.001617	  0.005127	     -1.00	    555.61	    668.10	      2.60	      2.60	     45.46	     45.44	-13.83	 1.359e-04	      3.52	0	Gaussian	309.316964	38.402243
157	1	  0.001639	  0.004043	     -1.00	     92.84	    728.53	      3.01	      2.80	     52.61	     49.08	-51.11	 2.729e-04	      3.52	0	Gaussian	312.041790	37.912742
158	1	  0.001640	  0.005562	     -1.00	    728.28	    232.41	      2.56	      2.40	     44.75	     42.04	8.81	 2.905e-04	      3.53	0	Gaussian	308.469366	40.515980
159	1	  0.001573	  0.005308	     -1.00	    680.31	    457.45	      2.61	      2.45	     45.76	     42.83	16.79	 4.975e-05	      3.54	0	Gaussian	308.662407	39.438364
160	1	  0.001615	  0.005426	     -1.00	    286.30	    444.29	      2.59	      2.40	     45.27	     41.93	33.41	 1.734e-04	      3.55	0	Gaussian	311.068636	39.338721
161	1	  0.001604	  0.004559	     -1.00	    258.97	    677.84	      2.73	      2.70	     47.83	     47.18	43.69	 5.909e-05	      3.55	0	Gaussian	311.087278	38.231108
162	1	  0.001584	  0.005029	     -1.00	    272.35	    349.75	      2.61	      2.57	     45.71	     44.96	-61.37	 5.501e-05	      3.55	0	Gaussian	311.213721	39.775880
163	1	  0.001588	  0.005532	     -1.00	    487.06	    132.36	      2.53	      2.38	     44.32	     41.62	23.80	 4.750e-05	      3.55	0	Gaussian	310.021004	40.895880
164	1	  0.001580	  0.004835	     -1.00	    728.35	    716.83	      2.65	      2.63	     46.32	     46.01	-71.23	 1.240e-04	      3.56	0	Gaussian	308.257858	38.233942
165	1	  0.001636	  0.004646	     -1.00	    445.75	    121.81	      2.72	      2.63	     47.67	     46.11	20.32	 3.258e-04	      3.56	0	Gaussian	310.284525	40.927774
166	1	  0.001569	  0.004701	     -1.00	    507.23	    566.85	      2.68	      2.62	     46.91	     45.84	49.14	 7.126e-05	      3.56	0	Gaussian	309.660074	38.859111
167	1	  0.001587	  0.002325	     -1.00	    764.10	    422.96	      5.48	      2.60	     95.90	     45.43	29.05	 9.539e-05	      3.56	0	Gaussian	308.165055	39.628942
168	1	  0.001693	  0.005624	     -1.00	    166.72	    213.64	      2.51	      2.34	     43.97	     40.87	36.86	 4.451e-04	      3.57	0	Gaussian	311.952603	40.361749
169	1	  0.001629	  0.004800	     -1.00	     24.90	    649.70	      2.73	      2.54	     47.82	     44.46	33.30	 1.305e-04	      3.57	0	Gaussian	312.500051	38.244998
170	1	  0.001577	  0.004484	     -1.00	    663.11	     81.48	      3.12	      2.36	     54.56	     41.22	5.34	 4.557e-05	      3.57	0	Gaussian	308.947294	41.205439
171	1	  0.001760	  0.005600	     -1.00	    110.30	    600.13	      2.50	      2.32	     43.73	     40.62	41.02	 6.183e-04	      3.57	0	Gaussian	312.025897	38.521614
172	1	  0.001578	  0.005354	     -1.00	    287.75	     20.35	      2.50	      2.44	     43.80	     42.65	29.38	 3.264e-05	      3.58	0	Gaussian	311.334581	41.331626
173	1	  0.001660	  0.004919	     -1.00	    380.36	    718.82	      2.56	      2.55	     44.89	     44.63	-2.51	 2.904e-04	      3.59	0	Gaussian	310.338857	38.093571
174	1	  0.001598	  0.005065	     -1.00	    207.12	    310.06	      2.60	      2.46	     45.53	     42.97	18.85	 5.938e-05	      3.59	0	Gaussian	311.638454	39.929985
175	1	  0.001587	  0.004864	     -1.00	     28.83	    293.33	      2.63	      2.51	     46.03	     43.91	18.89	 6.050e-05	      3.60	0	Gaussian	312.738521	39.913359
176	1	  0.001564	  0.004824	     -1.00	    792.72	    486.61	      2.67	      2.49	     46.81	     43.56	14.26	 4.588e-05	      3.60	0	Gaussian	307.963623	39.337955
177	1	  0.001608	  0.004781	     -1.00	    245.59	    587.75	      2.68	      2.45	     46.85	     42.84	52.72	 8.369e-05	      3.61	0	Gaussian	311.223770	38.646688
178	1	  0.001614	  0.005165	     -1.00	    445.92	    279.71	      2.54	      2.40	     44.43	     41.92	29.64	 1.250e-04	      3.61	0	Gaussian	310.191725	40.184320
179	1	  0.001630	  0.004834	     -1.00	    256.50	     35.40	      2.61	      2.52	     45.68	     44.09	-20.48	 1.473e-04	      3.61	0	Gaussian	311.519687	41.245199
180	1	  0.001598	  0.004189	     -1.00	    317.32	     81.53	      2.78	      2.67	     48.72	     46.70	1.28	 7.639e-05	      3.61	0	Gaussian	311.109645	41.058276
181	1	  0.001615	  0.004304	     -1.00	    312.49	    658.00	      2.75	      2.70	     48.07	     47.30	21.35	 9.353e-05	      3.61	0	Gaussian	310.779645	38.348634
182	1	  0.001682	  0.005151	     -1.00	    424.11	    722.45	      2.55	      2.40	     44.72	     42.05	17.55	 4.142e-04	      3.61	0	Gaussian	310.075771	38.095026
183	1	  0.001566	  0.001052	     -1.00	    182.97	    727.21	      9.34	      3.18	    163.54	     55.60	-7.86	 1.029e-04	      3.62	0	Gaussian	311.508301	37.963946
184	1	  0.001579	  0.004948	     -1.00	    537.72	    291.70	      2.60	      2.45	     45.55	     42.81	30.86	 5.586e-05	      3.62	0	Gaussian	309.619388	40.165956
185	1	  0.001582	  0.004665	     -1.00	    353.91	    622.20	      2.63	      2.52	     46.02	     44.04	-5.43	 8.878e-05	      3.62	0	Gaussian	310.552651	38.534951
186	1	  0.001584	  0.004968	     -1.00	    461.95	    112.71	      2.58	      2.43	     45.14	     42.49	30.36	 4.612e-05	      3.63	0	Gaussian	310.188861	40.977698
187	1	  0.001614	  0.003205	     -1.00	    317.97	    619.98	      3.20	      2.95	     56.00	     51.69	75.44	 1.404e-04	      3.64	0	Gaussian	310.769641	38.529299
188	1	  0.001597	  0.004254	     -1.00	    247.79	    665.99	      2.68	      2.66	     46.97	     46.64	49.38	 7.671e-05	      3.64	0	Gaussian	311.161370	38.281344
189	1	  0.001610	  0.004206	     -1.00	    394.78	    336.81	      2.86	      2.54	     50.14	     44.37	8.78	 1.951e-04	      3.64	0	Gaussian	310.472700	39.893341
190	1	  0.001602	  0.004538	     -1.00	    631.84	    712.15	      2.60	      2.56	     45.49	     44.72	7.60	 1.089e-04	      3.65	0	Gaussian	308.838572	38.223238
191	1	  0.001576	  0.004218	     -1.00	    347.57	    681.95	      2.80	      2.58	     49.00	     45.22	14.28	 5.369e-05	      3.65	0	Gaussian	310.555745	38.252089
192	1	  0.001576	  0.004847	     -1.00	    166.73	    338.42	      2.57	      2.45	     44.99	     42.83	27.25	 5.302e-05	      3.66	0	Gaussian	311.865645	39.776363
193	1	  0.001569	  0.004898	     -1.00	    154.30	     77.77	      2.53	      2.45	     44.26	     42.93	56.60	 4.294e-05	      3.66	0	Gaussian	312.126117	40.992869
194	1	  0.001631	  0.004640	     -1.00	     40.66	    445.91	      2.63	      2.47	     46.07	     43.23	30.46	 1.710e-04	      3.66	0	Gaussian	312.553451	39.205848
195	1	  0.001630	  0.004845	     -1.00	     69.70	    286.47	      2.59	      2.41	     45.33	     42.21	31.10	 1.077e-04	      3.67	0	Gaussian	312.494487	39.968184
196	1	  0.001559	  0.002587	     -1.00	    431.18	    682.27	      4.35	      2.73	     76.13	     47.75	17.93	 5.584e-05	      3.67	0	Gaussian	310.055546	38.286346
197	1	  0.001570	  0.004461	     -1.00	    721.68	    507.36	      2.70	      2.50	     47.34	     43.71	5.59	 5.296e-05	      3.67	0	Gaussian	308.387875	39.217311
198	1	  0.001626	  0.003721	     -1.00	    764.81	    364.06	      2.86	      2.76	     50.03	     48.23	61.19	 1.684e-04	      3.67	0	Gaussian	308.185765	39.906905
199	1	  0.001599	  0.004098	     -1.00	    604.97	    736.21	      2.79	      2.62	     48.78	     45.91	-49.55	 1.818e-04	      3.67	0	Gaussian	308.988214	38.100704
200	1	  0.001582	  0.004800	     -1.00	    455.36	    483.50	      2.59	      2.41	     45.25	     42.21	21.82	 1.166e-04	      3.68	0	Gaussian	310.019155	39.229702
201	1	  0.001586	  0.003426	     -1.00	    383.46	    310.91	      3.01	      2.84	     52.72	     49.71	59.85	 9.066e-05	      3.68	0	Gaussian	310.557524	40.010067
202	1	  0.001624	  0.004852	     -1.00	    471.65	     32.51	      2.59	      2.37	     45.26	     41.47	37.09	 1.227e-04	      3.68	0	Gaussian	310.174840	41.359848
203	1	  0.001601	  0.004541	     -1.00	     81.14	    238.17	      2.64	      2.49	     46.20	     43.66	22.03	 5.083e-05	      3.68	0	Gaussian	312.460152	40.200770
204	1	  0.001606	  0.004588	     -1.00	    184.96	    467.98	      2.57	      2.50	     44.91	     43.73	4.45	 1.328e-04	      3.69	0	Gaussian	311.666895	39.178245
205	1	  0.001602	  0.004743	     -1.00	    190.84	    249.53	      2.59	      2.41	     45.37	     42.24	28.90	 6.609e-05	      3.69	0	Gaussian	311.779452	40.205820
206	1	  0.001575	  0.004029	     -1.00	    386.18	    504.22	      2.81	      2.64	     49.22	     46.17	-2.27	 6.420e-05	      3.69	0	Gaussian	310.426941	39.102785
207	1	  0.001577	  0.004173	     -1.00	    165.56	    646.83	      2.73	      2.55	     47.79	     44.71	72.07	 4.713e-05	      3.69	0	Gaussian	311.664467	38.331184
208	1	  0.001617	  0.003623	     -1.00	    159.53	    619.82	      3.06	      2.66	     53.64	     46.49	38.25	 2.315e-04	      3.69	0	Gaussian	311.718373	38.454553
209	1	  0.001585	  0.003681	     -1.00	    769.45	    666.64	      3.23	      2.53	     56.50	     44.21	3.47	 9.434e-05	      3.70	0	Gaussian	308.031550	38.483007
210	1	  0.001673	  0.004494	     -1.00	    161.17	    690.16	      2.64	      2.49	     46.16	     43.64	30.22	 3.122e-04	      3.70	0	Gaussian	311.662039	38.126417
211	1	  0.001584	  0.004474	     -1.00	    351.28	    218.17	      2.64	      2.40	     46.18	     41.96	75.12	 7.296e-05	      3.71	0	Gaussian	310.812234	40.431577
212	1	  0.001572	  0.004516	     -1.00	    568.54	    158.87	      2.52	      2.52	     44.16	     44.09	-45.50	 3.342e-05	      3.72	0	Gaussian	309.498901	40.804250
213	1	  0.001560	  0.004279	     -1.00	    724.59	    572.85	      2.67	      2.47	     46.78	     43.29	30.81	 4.551e-05	      3.72	0	Gaussian	308.341797	38.909929
214	1	  0.001608	  0.003267	     -1.00	    253.32	    248.45	      2.97	      2.92	     51.90	     51.18	-8.80	 1.130e-04	      3.73	0	Gaussian	311.396364	40.242353
215	1	  0.001618	  0.003897	     -1.00	     33.62	    753.84	      2.73	      2.68	     47.74	     46.90	27.85	 5.638e-05	      3.74	0	Gaussian	312.374369	37.763796
216	1	  0.001581	  0.003803	     -1.00	    105.72	    356.10	      2.75	      2.69	     48.21	     47.02	42.63	 4.808e-05	      3.75	0	Gaussian	312.224571	39.661456
217	1	  0.001727	  0.004765	     -1.00	    754.61	     21.12	      2.47	      2.36	     43.25	     41.26	23.55	 3.887e-04	      3.75	0	Gaussian	308.400143	41.522709
218	1	  0.001626	  0.004110	     -1.00	    504.01	    744.54	      2.64	      2.52	     46.29	     44.18	11.39	 1.685e-04	      3.75	0	Gaussian	309.587222	38.023694
219	1	  0.001607	  0.004222	     -1.00	    103.14	    274.30	      2.69	      2.46	     47.13	     43.09	35.59	 8.511e-05	      3.76	0	Gaussian	312.299132	40.043403
220	1	  0.001612	  0.004102	     -1.00	    711.09	    137.81	      2.64	      2.54	     46.26	     44.42	44.99	 1.151e-04	      3.76	0	Gaussian	308.619843	40.956663
221	1	  0.001871	  0.005557	     -1.00	    422.65	      8.81	      2.31	      2.11	     40.35	     36.86	19.91	 8.287e-04	      3.76	0	Gaussian	310.496562	41.449839
222	1	  0.001593	  0.003277	     -1.00	    601.40	    579.89	      3.12	      2.70	     54.60	     47.28	-42.66	 7.887e-05	      3.76	0	Gaussian	309.084242	38.833842
223	1	  0.001611	  0.004281	     -1.00	    616.20	    125.73	      2.54	      2.51	     44.50	     43.96	3.13	 1.022e-04	      3.77	0	Gaussian	309.218803	40.979039
224	1	  0.001581	  0.003881	     -1.00	    341.75	    783.43	      2.72	      2.61	     47.56	     45.70	18.64	 5.025e-05	      3.77	0	Gaussian	310.531596	37.774302
225	1	  0.001576	  0.004162	     -1.00	    617.59	    296.86	      2.63	      2.43	     46.03	     42.55	60.78	 6.472e-05	      3.78	0	Gaussian	309.124064	40.172523
226	1	  0.001575	  0.004107	     -1.00	     57.06	    545.45	      2.68	      2.48	     46.90	     43.38	16.69	 5.165e-05	      3.78	0	Gaussian	312.382893	38.749268
227	1	  0.001576	  0.003742	     -1.00	    401.02	    498.07	      2.66	      2.66	     46.63	     46.62	-71.03	 4.420e-05	      3.78	0	Gaussian	310.340596	39.138111
228	1	  0.001675	  0.004591	     -1.00	    573.11	     47.72	      2.44	      2.37	     42.76	     41.56	-0.36	 2.416e-04	      3.79	0	Gaussian	309.529460	41.330328
229	1	  0.001601	  0.004231	     -1.00	    263.64	    157.90	      2.57	      2.41	     44.98	     42.20	37.96	 6.700e-05	      3.79	0	Gaussian	311.392836	40.672937
230	1	  0.001572	  0.004296	     -1.00	    480.66	    397.54	      2.60	      2.41	     45.50	     42.23	25.44	 4.388e-05	      3.79	0	Gaussian	309.912381	39.644440
231	1	  0.001608	  0.003966	     -1.00	    304.17	    725.23	      2.68	      2.55	     46.96	     44.60	21.28	 7.727e-05	      3.79	0	Gaussian	310.789105	38.030042
232	1	  0.001622	  0.001500	     -1.00	    789.90	      7.65	      6.65	      2.66	    116.47	     46.52	49.35	 1.694e-04	      3.79	0	Gaussian	308.183330	41.598055
233	1	  0.001588	  0.003589	     -1.00	    606.80	    196.18	      2.84	      2.64	     49.79	     46.12	-42.86	 1.207e-04	      3.80	0	Gaussian	309.241493	40.643166
234	1	  0.001582	  0.004825	     -1.00	    403.47	    428.38	      2.41	      2.26	     42.19	     39.63	14.84	 6.925e-05	      3.80	0	Gaussian	310.365970	39.466647
235	1	  0.001713	  0.003482	     -1.00	     13.76	    655.62	      2.89	      2.70	     50.50	     47.23	56.25	 2.851e-04	      3.80	0	Gaussian	312.561972	38.211373
236	1	  0.001615	  0.002866	     -1.00	    749.61	    726.63	      3.14	      3.00	     54.89	     52.43	-82.57	 2.629e-04	      3.81	0	Gaussian	308.126251	38.194707
237	1	  0.001610	  0.003864	     -1.00	    628.41	    777.38	      2.70	      2.51	     47.29	     43.85	17.94	 1.281e-04	      3.82	0	Gaussian	308.829041	37.915806
238	1	  0.001594	  0.003328	     -1.00	    164.52	    766.26	      2.86	      2.74	     50.06	     47.92	35.69	 7.316e-05	      3.82	0	Gaussian	311.592341	37.772490
239	1	  0.001570	  0.003813	     -1.00	     84.04	    582.63	      2.65	      2.53	     46.44	     44.31	6.15	 4.596e-05	      3.82	0	Gaussian	312.195041	38.589764
240	1	  0.001573	  0.003955	     -1.00	    504.07	    483.46	      2.70	      2.44	     47.23	     42.63	14.54	 6.025e-05	      3.83	0	Gaussian	309.723249	39.249870
241	1	  0.001580	  0.003901	     -1.00	    482.02	    198.52	      2.59	      2.49	     45.39	     43.64	9.11	 4.980e-05	      3.84	0	Gaussian	310.014854	40.581996
242	1	  0.001595	  0.003730	     -1.00	    184.99	    269.39	      2.64	      2.50	     46.24	     43.76	7.32	 4.769e-05	      3.85	0	Gaussian	311.801650	40.109612
243	1	  0.001588	  0.003555	     -1.00	    719.51	    609.65	      2.73	      2.64	     47.70	     46.24	7.62	 9.296e-05	      3.85	0	Gaussian	308.356689	38.735053
244	1	  0.001634	  0.004188	     -1.00	    691.99	     56.46	      2.52	      2.39	     44.03	     41.84	12.47	 1.436e-04	      3.86	0	Gaussian	308.778020	41.333991
245	1	  0.001741	  0.004582	     -1.00	    773.72	    234.48	      2.42	      2.21	     42.38	     38.69	6.70	 7.169e-04	      3.86	0	Gaussian	308.186190	40.521305
246	1	  0.001620	  0.003998	     -1.00	    277.71	    187.42	      2.57	      2.45	     44.92	     42.89	36.98	 7.600e-05	      3.87	0	Gaussian	311.286316	40.541117
247	1	  0.001626	  0.003527	     -1.00	     10.13	    771.48	      2.71	      2.60	     47.52	     45.57	23.02	 8.964e-05	      3.88	0	Gaussian	312.500427	37.669110
248	1	  0.001592	  0.003574	     -1.00	    337.74	    419.05	      2.62	      2.60	     45.88	     45.52	32.39	 4.634e-05	      3.89	0	Gaussian	310.771660	39.481124
249	1	  0.001568	  0.003522	     -1.00	    725.67	    627.60	      2.72	      2.52	     47.65	     44.05	16.47	 5.988e-05	      3.91	0	Gaussian	308.311799	38.652640
250	1	  0.001583	  0.003678	     -1.00	    390.14	    458.22	      2.64	      2.48	     46.17	     43.43	32.16	 4.163e-05	      3.92	0	Gaussian	310.429681	39.320607
251	1	  0.001560	  0.003629	     -1.00	    728.63	    381.22	      2.62	      2.52	     45.87	     44.19	21.21	 4.407e-05	      3.92	0	Gaussian	308.400750	39.814094
252	1	  0.001681	  0.003356	     -1.00	    437.04	    134.95	      3.00	      2.31	     52.45	     40.45	-0.07	 6.149e-04	      3.92	0	Gaussian	310.331009	40.862077
253	1	  0.001554	  0.003320	     -1.00	    768.12	    341.85	      2.68	      2.64	     46.92	     46.14	-2.66	 3.423e-05	      3.92	0	Gaussian	308.174842	40.012733
254	1	  0.001601	  0.003707	     -1.00	     72.92	     62.50	      2.65	      2.42	     46.30	     42.44	31.71	 8.029e-05	      3.93	0	Gaussian	312.642281	41.019768
255	1	  0.001598	  0.003358	     -1.00	    568.76	    769.95	      2.73	      2.48	     47.80	     43.32	44.47	 9.375e-05	      3.93	0	Gaussian	309.188334	37.929128
256	1	  0.001611	  0.003441	     -1.00	    161.48	    537.12	      2.77	      2.44	     48.47	     42.73	40.93	 8.123e-05	      3.94	0	Gaussian	311.762006	38.842556
257	1	  0.001595	  0.001889	     -1.00	    299.27	    241.83	      4.45	      2.76	     77.95	     48.32	-36.13	 6.533e-05	      3.94	0	Gaussian	311.118012	40.295796
258	1	  0.001586	  0.003596	     -1.00	    218.38	    225.77	      2.57	      2.53	     44.98	     44.37	73.69	 3.817e-05	      3.95	0	Gaussian	311.626470	40.331397
259	1	  0.001657	  0.004138	     -1.00	    180.63	    157.63	      2.39	      2.31	     41.89	     40.39	25.11	 1.213e-04	      3.95	0	Gaussian	311.906235	40.631913
260	1	  0.001619	  0.003430	     -1.00	    738.98	    718.54	      2.66	      2.49	     46.56	     43.63	20.80	 2.292e-04	      3.95	0	Gaussian	308.193343	38.229341
261	1	  0.001712	  0.003663	     -1.00	    296.19	    420.83	      2.50	      2.48	     43.69	     43.49	39.97	 8.274e-04	      3.95	0	Gaussian	311.023274	39.453461
262	1	  0.001577	  0.003090	     -1.00	    338.89	    759.35	      2.84	      2.66	     49.72	     46.63	24.64	 5.388e-05	      3.96	0	Gaussian	310.562532	37.885762
263	1	  0.001675	  0.003857	     -1.00	    285.77	     72.10	      2.41	      2.41	     42.16	     42.15	67.82	 2.092e-04	      3.96	0	Gaussian	311.312425	41.087240
264	1	  0.001674	  0.004240	     -1.00	    208.47	    165.43	      2.37	      2.25	     41.42	     39.45	17.91	 2.101e-04	      3.96	0	Gaussian	311.728816	40.609730
265	1	  0.001587	  0.003149	     -1.00	    131.03	    761.30	      2.69	      2.68	     47.16	     46.89	-15.05	 6.033e-05	      3.97	0	Gaussian	311.793762	37.779063
266	1	  0.001588	  0.003635	     -1.00	    278.44	     33.88	      2.47	      2.44	     43.15	     42.78	-58.94	 5.266e-05	      3.98	0	Gaussian	311.383693	41.263333
267	1	  0.001611	  0.003396	     -1.00	    767.99	    102.92	      2.69	      2.45	     47.14	     42.82	-9.71	 8.280e-05	      3.98	0	Gaussian	308.279374	41.140700
268	1	  0.001753	  0.003449	     -1.00	    748.65	     14.81	      2.85	      2.21	     49.81	     38.73	-15.16	 4.936e-04	      3.98	0	Gaussian	308.440630	41.550487
269	1	  0.001629	  0.003411	     -1.00	    155.88	    734.39	      2.62	      2.48	     45.83	     43.35	10.51	 2.791e-04	      3.99	0	Gaussian	311.664325	37.917116
270	1	  0.001562	  0.002959	     -1.00	    788.25	    659.60	      2.77	      2.73	     48.50	     47.70	-48.53	 4.296e-05	      4.00	0	Gaussian	307.921138	38.521994
271	1	  0.001573	  0.003075	     -1.00	    159.10	    517.17	      2.75	      2.61	     48.20	     45.74	37.75	 3.129e-05	      4.02	0	Gaussian	311.789807	38.934786
272	1	  0.001584	  0.003378	     -1.00	    699.02	    238.51	      2.65	      2.41	     46.36	     42.15	-11.59	 5.978e-05	      4.02	0	Gaussian	308.648202	40.477122
273	1	  0.001597	  0.002507	     -1.00	    393.61	    526.99	      2.95	      2.95	     51.55	     51.55	-82.30	 1.156e-04	      4.02	0	Gaussian	310.368803	38.999076
274	1	  0.001663	  0.003994	     -1.00	    143.47	    216.45	      2.34	      2.26	     40.98	     39.49	17.86	 2.312e-04	      4.03	0	Gaussian	312.093544	40.336281
275	1	  0.001563	  0.001767	     -1.00	    451.89	    601.01	      4.46	      2.65	     78.01	     46.30	38.98	 6.105e-05	      4.04	0	Gaussian	309.975622	38.676257
276	1	  0.001707	  0.003589	     -1.00	    247.41	    695.62	      2.43	      2.35	     42.59	     41.09	7.45	 3.702e-04	      4.06	0	Gaussian	311.145185	38.142481
277	1	  0.001551	  0.003061	     -1.00	    701.37	    374.00	      2.68	      2.56	     46.89	     44.76	0.31	 2.851e-05	      4.06	0	Gaussian	308.571472	39.838885
278	1	  0.001626	  0.002851	     -1.00	     42.61	    573.35	      3.02	      2.49	     52.83	     43.59	12.71	 1.227e-04	      4.06	0	Gaussian	312.449343	38.611112
279	1	  0.001580	  0.002804	     -1.00	    696.19	    704.00	      2.82	      2.65	     49.31	     46.36	-67.18	 8.899e-05	      4.06	0	Gaussian	308.456300	38.283655
280	1	  0.001595	  0.002869	     -1.00	    296.10	    771.36	      2.70	      2.69	     47.28	     47.03	51.98	 5.428e-05	      4.06	0	Gaussian	310.809518	37.810512
281	1	  0.001627	  0.003318	     -1.00	    361.88	    356.94	      2.46	      2.46	     43.08	     43.03	-5.53	 1.301e-04	      4.06	0	Gaussian	310.662064	39.783917
282	1	  0.001618	  0.002868	     -1.00	    365.57	    127.11	      2.84	      2.54	     49.65	     44.45	53.29	 9.727e-05	      4.06	0	Gaussian	310.780357	40.866641
283	1	  0.001640	  0.003089	     -1.00	     16.24	    583.58	      2.66	      2.56	     46.50	     44.74	8.37	 1.487e-04	      4.06	0	Gaussian	312.599454	38.549026
284	1	  0.001595	  0.002893	     -1.00	    172.50	    549.96	      2.65	      2.65	     46.42	     46.31	-67.47	 8.024e-05	      4.07	0	Gaussian	311.687207	38.788002
285	1	  0.001643	  0.003131	     -1.00	    276.47	    441.46	      2.78	      2.40	     48.71	     41.96	3.02	 3.108e-04	      4.07	0	Gaussian	311.130049	39.347344
286	1	  0.001616	  0.002558	     -1.00	    787.94	    742.15	      3.02	      2.73	     52.82	     47.83	-79.75	 2.260e-04	      4.07	0	Gaussian	307.890248	38.133701
287	1	  0.001565	  0.002836	     -1.00	    417.55	    750.27	      2.72	      2.70	     47.52	     47.26	-64.75	 4.175e-05	      4.07	0	Gaussian	310.099674	37.961946
288	1	  0.001581	  0.002508	     -1.00	    775.61	    701.74	      2.92	      2.82	     51.16	     49.29	58.61	 7.704e-05	      4.07	0	Gaussian	307.980302	38.319874
289	1	  0.001569	  0.003090	     -1.00	    407.00	    351.24	      2.62	      2.49	     45.91	     43.58	31.56	 3.726e-05	      4.08	0	Gaussian	310.389323	39.830873
290	1	  0.001596	  0.003339	     -1.00	    554.98	     43.42	      2.58	      2.35	     45.15	     41.05	19.27	 8.343e-05	      4.08	0	Gaussian	309.645642	41.343290
291	1	  0.001689	  0.002709	     -1.00	    124.07	    186.95	      3.05	      2.44	     53.41	     42.70	10.46	 3.194e-04	      4.08	0	Gaussian	312.233985	40.464311
292	1	  0.001649	  0.003201	     -1.00	    637.70	    226.48	      2.72	      2.37	     47.68	     41.54	19.86	 3.193e-04	      4.08	0	Gaussian	309.034432	40.511854
293	1	  0.001598	  0.003172	     -1.00	    718.65	     66.24	      2.61	      2.50	     45.64	     43.73	28.09	 5.803e-05	      4.08	0	Gaussian	308.605816	41.297231
294	1	  0.001587	  0.003114	     -1.00	    578.85	    521.52	      2.68	      2.46	     46.88	     43.06	12.57	 8.574e-05	      4.09	0	Gaussian	309.249482	39.099989
295	1	  0.001575	  0.002761	     -1.00	    470.38	    503.91	      2.71	      2.63	     47.44	     45.95	35.26	 1.167e-04	      4.09	0	Gaussian	309.916800	39.139979
296	1	  0.001576	  0.002729	     -1.00	    338.90	    576.90	      2.89	      2.56	     50.52	     44.74	17.53	 6.026e-05	      4.10	0	Gaussian	310.669580	38.740697
297	1	  0.001606	  0.003030	     -1.00	    233.21	    485.64	      2.63	      2.51	     46.10	     44.01	18.94	 6.742e-05	      4.11	0	Gaussian	311.363734	39.119319
298	1	  0.001620	  0.002427	     -1.00	    299.40	    612.79	      2.88	      2.88	     50.41	     50.40	61.87	 1.061e-04	      4.11	0	Gaussian	310.885364	38.554522
299	1	  0.001604	  0.002841	     -1.00	    305.13	    672.13	      2.75	      2.58	     48.11	     45.16	18.01	 9.070e-05	      4.12	0	Gaussian	310.815150	38.279085
300	1	  0.001607	  0.003214	     -1.00	    567.13	    122.09	      2.53	      2.45	     44.20	     42.92	17.87	 8.089e-05	      4.12	0	Gaussian	309.527188	40.977152
301	1	  0.001564	  0.002276	     -1.00	    458.24	    282.07	      3.16	      2.83	     55.29	     49.56	21.27	 4.704e-05	      4.12	0	Gaussian	310.114510	40.178501
302	1	  0.001577	  0.002904	     -1.00	    654.78	    415.36	      2.68	      2.55	     46.84	     44.58	1.06	 4.561e-05	      4.12	0	Gaussian	308.838116	39.627643
303	1	  0.001635	  0.003442	     -1.00	    709.41	    413.61	      2.45	      2.29	     42.80	     40.04	6.08	 2.041e-04	      4.13	0	Gaussian	308.504265	39.654921
304	1	  0.001584	  0.002885	     -1.00	    328.93	    368.29	      2.66	      2.52	     46.50	     44.19	10.16	 3.717e-05	      4.14	0	Gaussian	310.856480	39.715509
305	1	  0.001603	  0.002960	     -1.00	    245.01	    330.79	      2.58	      2.48	     45.13	     43.49	48.82	 8.762e-05	      4.14	0	Gaussian	311.393006	39.851562
306	1	  0.001585	  0.001732	     -1.00	    628.07	    417.36	      4.27	      2.64	     74.70	     46.25	26.51	 8.072e-05	      4.14	0	Gaussian	309.000593	39.608545
307	1	  0.001573	  0.002757	     -1.00	    752.18	    476.97	      2.64	      2.64	     46.25	     46.24	37.91	 1.071e-04	      4.14	0	Gaussian	308.215058	39.370516
308	1	  0.001606	  0.003109	     -1.00	    224.07	    259.27	      2.58	      2.43	     45.21	     42.48	27.69	 6.785e-05	      4.14	0	Gaussian	311.568830	40.176950
309	1	  0.001598	  0.002559	     -1.00	     89.84	    557.83	      2.84	      2.67	     49.77	     46.75	84.76	 1.339e-04	      4.14	0	Gaussian	312.177733	38.708767
310	1	  0.001576	  0.002796	     -1.00	    685.52	    570.82	      2.79	      2.41	     48.77	     42.14	12.62	 7.666e-05	      4.15	0	Gaussian	308.579392	38.906360
311	1	  0.001618	  0.002804	     -1.00	    234.91	    464.73	      2.67	      2.58	     46.71	     45.20	34.51	 9.115e-05	      4.15	0	Gaussian	311.366960	39.218183
312	1	  0.001651	  0.002690	     -1.00	    209.15	    664.63	      2.79	      2.60	     48.87	     45.45	-18.70	 2.123e-04	      4.15	0	Gaussian	311.392834	38.269275
313	1	  0.001597	  0.003014	     -1.00	    759.31	    388.15	      2.61	      2.45	     45.69	     42.80	8.47	 1.133e-04	      4.16	0	Gaussian	308.209290	39.791537
314	1	  0.001620	  0.002473	     -1.00	    106.17	    249.25	      2.97	      2.53	     52.01	     44.28	-60.21	 1.464e-04	      4.16	0	Gaussian	312.298757	40.162495
315	1	  0.001574	  0.002148	     -1.00	    491.68	     56.55	      2.98	      2.92	     52.12	     51.15	-61.25	 7.999e-05	      4.16	0	Gaussian	310.035360	41.255130
316	1	  0.001591	  0.002850	     -1.00	     35.87	     80.89	      2.67	      2.50	     46.74	     43.81	18.68	 3.698e-05	      4.16	0	Gaussian	312.857621	40.912442
317	1	  0.001582	  0.002693	     -1.00	    231.11	    311.28	      2.69	      2.62	     47.04	     45.93	7.49	 3.720e-05	      4.16	0	Gaussian	311.490895	39.936284
318	1	  0.001581	  0.002862	     -1.00	    202.47	    407.97	      2.64	      2.51	     46.28	     44.01	35.45	 6.876e-05	      4.16	0	Gaussian	311.600978	39.468366
319	1	  0.001612	  0.003486	     -1.00	    330.49	    239.48	      2.37	      2.26	     41.49	     39.60	14.43	 9.128e-05	      4.17	0	Gaussian	310.927152	40.321677
320	1	  0.001630	  0.003349	     -1.00	    256.53	    431.41	      2.42	      2.30	     42.36	     40.19	11.36	 1.299e-04	      4.17	0	Gaussian	311.257457	39.384932
321	1	  0.001561	  0.002681	     -1.00	    421.04	    624.43	      2.87	      2.48	     50.30	     43.36	3.61	 3.517e-05	      4.17	0	Gaussian	310.148273	38.553467
322	1	  0.001585	  0.003164	     -1.00	    659.66	    456.41	      2.53	      2.31	     44.20	     40.49	7.01	 6.870e-05	      4.17	0	Gaussian	308.789001	39.435989
323	1	  0.001555	  0.002760	     -1.00	    459.22	    633.59	      2.73	      2.52	     47.77	     44.12	14.92	 3.666e-05	      4.18	0	Gaussian	309.913848	38.526310
324	1	  0.001602	  0.001309	     -1.00	     81.43	    412.31	      4.37	      3.33	     76.52	     58.33	-8.81	 1.353e-04	      4.18	0	Gaussian	312.331628	39.385233
325	1	  0.001697	  0.002884	     -1.00	    130.15	    190.76	      2.59	      2.46	     45.25	     43.09	55.35	 3.206e-04	      4.18	0	Gaussian	312.193839	40.449672
326	1	  0.001627	  0.002950	     -1.00	    578.72	    619.71	      2.61	      2.45	     45.69	     42.87	28.95	 5.324e-04	      4.18	0	Gaussian	309.201784	38.638231
327	1	  0.001591	  0.002146	     -1.00	    136.37	    464.93	      3.08	      2.82	     53.87	     49.28	-26.01	 1.001e-04	      4.18	0	Gaussian	311.962504	39.167787
328	1	  0.001581	  0.002747	     -1.00	    566.88	    715.46	      2.74	      2.51	     47.88	     43.90	12.03	 6.204e-05	      4.19	0	Gaussian	309.226025	38.184117
329	1	  0.001603	  0.002801	     -1.00	    731.12	     21.97	      2.55	      2.55	     44.57	     44.55	-48.93	 1.071e-04	      4.19	0	Gaussian	308.547923	41.510654
330	1	  0.001657	  0.002662	     -1.00	    265.51	    267.10	      2.77	      2.53	     48.56	     44.22	78.76	 1.578e-04	      4.19	0	Gaussian	311.309230	40.160710
331	1	  0.001587	  0.003114	     -1.00	    297.55	    477.32	      2.49	      2.35	     43.64	     41.10	4.71	 5.064e-05	      4.19	0	Gaussian	310.979788	39.188983
332	1	  0.001589	  0.003118	     -1.00	    197.51	    234.73	      2.44	      2.38	     42.62	     41.66	16.26	 4.765e-05	      4.20	0	Gaussian	311.748644	40.278710
333	1	  0.001623	  0.002809	     -1.00	    261.78	    474.05	      2.56	      2.55	     44.76	     44.69	55.36	 2.290e-04	      4.20	0	Gaussian	311.198401	39.187418
334	1	  0.001644	  0.003250	     -1.00	    347.53	    404.30	      2.40	      2.30	     42.06	     40.34	8.06	 1.417e-04	      4.20	0	Gaussian	310.720997	39.554861
335	1	  0.001581	  0.002728	     -1.00	    653.02	    722.26	      2.66	      2.53	     46.50	     44.29	15.77	 5.921e-05	      4.21	0	Gaussian	308.707043	38.183176
336	1	  0.001624	  0.002895	     -1.00	    529.95	    397.90	      2.53	      2.45	     44.33	     42.90	-3.48	 3.381e-04	      4.21	0	Gaussian	309.610769	39.662738
337	1	  0.001587	  0.002552	     -1.00	    733.27	    774.03	      2.75	      2.59	     48.07	     45.38	1.22	 5.440e-05	      4.21	0	Gaussian	308.204468	37.966814
338	1	  0.001602	  0.003163	     -1.00	    134.59	    114.60	      2.44	      2.31	     42.72	     40.52	19.46	 5.157e-05	      4.22	0	Gaussian	312.221593	40.809410
339	1	  0.001633	  0.003110	     -1.00	    341.62	     52.29	      2.39	      2.36	     41.88	     41.27	2.94	 1.267e-04	      4.22	0	Gaussian	310.976923	41.207507
340	1	  0.001603	  0.002850	     -1.00	    512.95	    253.72	      2.56	      2.42	     44.79	     42.42	38.47	 2.099e-04	      4.23	0	Gaussian	309.792748	40.334859
341	1	  0.001589	  0.002171	     -1.00	    434.80	    284.20	      3.16	      2.50	     55.26	     43.70	-22.41	 8.472e-05	      4.24	0	Gaussian	310.257624	40.158379
342	1	  0.001610	  0.002997	     -1.00	     57.42	    524.52	      2.51	      2.30	     43.96	     40.28	8.56	 1.315e-04	      4.24	0	Gaussian	312.395673	38.847333
343	1	  0.001556	  0.000552	     -1.00	    775.03	    535.73	      6.49	      4.97	    113.52	     86.94	11.05	 5.791e-05	      4.24	0	Gaussian	308.051315	39.100982
344	1	  0.001582	  0.002370	     -1.00	    408.25	    459.80	      2.83	      2.68	     49.57	     46.83	5.50	 6.032e-05	      4.24	0	Gaussian	310.318719	39.321050
345	1	  0.001592	  0.000832	     -1.00	    493.81	    315.89	      5.76	      3.74	    100.76	     65.54	-20.76	 1.282e-04	      4.24	0	Gaussian	309.876658	40.034171
346	1	  0.001592	  0.002649	     -1.00	    633.02	    519.69	      2.59	      2.49	     45.38	     43.51	-12.77	 8.104e-05	      4.24	0	Gaussian	308.921440	39.128531
347	1	  0.001579	  0.002581	     -1.00	     33.92	     39.80	      2.70	      2.56	     47.27	     44.83	40.13	 2.368e-05	      4.24	0	Gaussian	312.901599	41.103871
348	1	  0.001574	  0.002150	     -1.00	    115.93	    578.75	      2.85	      2.80	     49.97	     49.03	12.97	 5.648e-05	      4.25	0	Gaussian	312.006972	38.624506
349	1	  0.001564	  0.002339	     -1.00	    567.29	    790.10	      2.81	      2.72	     49.12	     47.54	63.05	 4.078e-05	      4.25	0	Gaussian	309.187355	37.834083
350	1	  0.001582	  0.002406	     -1.00	    448.98	    676.82	      2.74	      2.64	     48.03	     46.24	50.95	 9.664e-05	      4.25	0	Gaussian	309.951903	38.319272
351	1	  0.001593	  0.002960	     -1.00	    428.31	     74.30	      2.49	      2.35	     43.52	     41.19	28.78	 5.006e-05	      4.25	0	Gaussian	310.421530	41.143885
352	1	  0.001595	  0.002446	     -1.00	     15.74	    354.47	      2.79	      2.59	     48.85	     45.28	6.13	 1.131e-04	      4.26	0	Gaussian	312.772076	39.619831
353	1	  0.001656	  0.003145	     -1.00	    645.61	    226.39	      2.40	      2.27	     41.97	     39.72	5.03	 3.393e-04	      4.26	0	Gaussian	308.985363	40.515172
354	1	  0.001664	  0.002334	     -1.00	    369.29	    410.82	      2.85	      2.51	     49.88	     44.00	7.83	 2.180e-04	      4.26	0	Gaussian	310.584486	39.534033
355	1	  0.001558	  0.002393	     -1.00	    415.40	    566.92	      2.67	      2.59	     46.78	     45.40	-26.28	 4.876e-05	      4.27	0	Gaussian	310.214429	38.821006
356	1	  0.001574	  0.002438	     -1.00	    526.69	    128.94	      2.75	      2.58	     48.16	     45.10	-26.59	 3.864e-05	      4.27	0	Gaussian	309.775902	40.928508
357	1	  0.001555	  0.002345	     -1.00	    730.18	    756.69	      2.78	      2.66	     48.66	     46.51	11.08	 3.469e-05	      4.28	0	Gaussian	308.230164	38.047282
358	1	  0.001620	  0.001469	     -1.00	     28.70	    633.20	      3.51	      3.23	     61.43	     56.54	-5.99	 8.567e-05	      4.28	0	Gaussian	312.489303	38.324095
359	1	  0.001605	  0.001659	     -1.00	    120.50	    670.86	      3.45	      2.89	     60.37	     50.57	-24.05	 9.451e-05	      4.28	0	Gaussian	311.916814	38.196223
360	1	  0.001606	  0.002509	     -1.00	    229.15	    586.66	      2.63	      2.56	     45.96	     44.83	15.84	 5.539e-05	      4.29	0	Gaussian	311.323144	38.643907
361	1	  0.001591	  0.002002	     -1.00	    178.13	    496.23	      2.96	      2.91	     51.73	     51.01	-72.34	 6.505e-05	      4.29	0	Gaussian	311.689240	39.042429
362	1	  0.001582	  0.002572	     -1.00	     75.77	    128.15	      2.60	      2.55	     45.44	     44.67	54.36	 3.185e-05	      4.29	0	Gaussian	312.575046	40.713527
363	1	  0.001591	  0.003015	     -1.00	    148.50	    156.34	      2.40	      2.31	     41.92	     40.42	15.82	 5.608e-05	      4.29	0	Gaussian	312.105487	40.620992
364	1	  0.001611	  0.002540	     -1.00	     62.24	    193.87	      2.56	      2.56	     44.81	     44.72	30.81	 1.067e-04	      4.29	0	Gaussian	312.609008	40.397903
365	1	  0.001598	  0.002816	     -1.00	    596.33	    594.59	      2.49	      2.35	     43.59	     41.07	4.35	 7.767e-05	      4.30	0	Gaussian	309.107775	38.762846
366	1	  0.001567	  0.001197	     -1.00	    685.89	     86.77	      5.05	      2.69	     88.38	     47.02	6.32	 3.998e-05	      4.31	0	Gaussian	308.801782	41.188729
367	1	  0.001609	  0.002610	     -1.00	    150.88	    167.51	      2.61	      2.45	     45.62	     42.81	26.02	 4.918e-05	      4.31	0	Gaussian	312.082799	40.569836
368	1	  0.001568	  0.000883	     -1.00	    470.13	    412.34	      6.58	      2.89	    115.12	     50.64	-31.29	 6.520e-05	      4.31	0	Gaussian	309.968582	39.570476
369	1	  0.001632	  0.002238	     -1.00	    304.68	    203.88	      2.84	      2.48	     49.65	     43.36	8.23	 1.363e-04	      4.32	0	Gaussian	311.109032	40.476779
370	1	  0.001662	  0.002897	     -1.00	    369.46	     98.60	      2.38	      2.32	     41.74	     40.64	26.13	 1.191e-04	      4.32	0	Gaussian	310.773899	41.002671
371	1	  0.001678	  0.002565	     -1.00	    306.43	    358.89	      2.57	      2.39	     45.05	     41.78	-77.05	 2.490e-04	      4.33	0	Gaussian	310.999738	39.749187
372	1	  0.001598	  0.002670	     -1.00	    472.40	    668.49	      2.54	      2.35	     44.49	     41.21	11.20	 1.565e-04	      4.33	0	Gaussian	309.815992	38.367886
373	1	  0.001636	  0.000232	     -1.00	    736.61	     66.65	     11.70	      5.94	    204.84	    103.94	-21.04	 1.610e-04	      4.33	0	Gaussian	308.492741	41.301507
374	1	  0.001617	  0.001974	     -1.00	     77.76	    773.86	      2.87	      2.87	     50.26	     50.25	28.27	 8.540e-05	      4.33	0	Gaussian	312.100004	37.693440
375	1	  0.001615	  0.002691	     -1.00	    534.64	    306.69	      2.51	      2.35	     43.97	     41.13	20.78	 1.848e-04	      4.34	0	Gaussian	309.630384	40.094086
376	1	  0.001581	  0.002109	     -1.00	    609.60	    621.05	      2.81	      2.66	     49.23	     46.53	-21.21	 7.190e-05	      4.34	0	Gaussian	309.014999	38.643313
377	1	  0.001580	  0.001879	     -1.00	    546.71	    479.72	      2.93	      2.86	     51.29	     50.04	25.92	 7.941e-05	      4.35	0	Gaussian	309.465897	39.284296
378	1	  0.001668	  0.002503	     -1.00	    759.74	    375.98	      2.59	      2.38	     45.27	     41.73	58.51	 6.863e-04	      4.35	0	Gaussian	308.211830	39.849033
379	1	  0.001564	  0.002003	     -1.00	     96.83	    407.96	      2.89	      2.82	     50.51	     49.44	8.72	 4.268e-05	      4.35	0	Gaussian	312.241551	39.413841
380	1	  0.001605	  0.002615	     -1.00	    632.42	    750.59	      2.53	      2.38	     44.21	     41.58	10.91	 1.182e-04	      4.35	0	Gaussian	308.817409	38.042960
381	1	  0.001649	  0.002457	     -1.00	    270.99	    641.64	      2.53	      2.46	     44.37	     43.10	12.33	 1.911e-04	      4.35	0	Gaussian	311.037874	38.406229
382	1	  0.001575	  0.002629	     -1.00	    634.33	    325.73	      2.51	      2.39	     43.85	     41.91	-8.01	 4.176e-05	      4.35	0	Gaussian	309.006649	40.042622
383	1	  0.001593	  0.001269	     -1.00	    301.76	    329.42	      5.03	      2.51	     88.04	     43.92	1.44	 6.037e-05	      4.36	0	Gaussian	311.046890	39.885378
384	1	  0.001599	  0.002023	     -1.00	     92.10	    787.24	      2.91	      2.75	     50.95	     48.05	40.50	 6.871e-05	      4.36	0	Gaussian	312.006279	37.638361
385	1	  0.001601	  0.002363	     -1.00	    259.04	    142.07	      2.62	      2.55	     45.89	     44.71	34.15	 5.460e-05	      4.37	0	Gaussian	311.431883	40.745019
386	1	  0.001598	  0.002269	     -1.00	    702.08	    759.16	      2.69	      2.59	     47.02	     45.30	20.11	 1.066e-04	      4.37	0	Gaussian	308.397180	38.026512
387	1	  0.001612	  0.002246	     -1.00	    228.84	    452.49	      2.76	      2.57	     48.31	     45.01	23.02	 8.840e-05	      4.37	0	Gaussian	311.411723	39.272597
388	1	  0.001616	  0.002626	     -1.00	     72.17	    302.57	      2.53	      2.30	     44.37	     40.27	5.88	 1.803e-04	      4.37	0	Gaussian	312.467560	39.894100
389	1	  0.001576	  0.002161	     -1.00	    180.94	    362.74	      2.79	      2.63	     48.75	     46.03	47.29	 3.905e-05	      4.38	0	Gaussian	311.762391	39.669571
390	1	  0.001581	  0.002040	     -1.00	    463.75	    738.92	      2.81	      2.74	     49.12	     47.90	-30.86	 7.838e-05	      4.38	0	Gaussian	309.830371	38.034051
391	1	  0.001564	  0.002039	     -1.00	    611.35	    778.73	      2.83	      2.70	     49.52	     47.33	18.73	 3.259e-05	      4.39	0	Gaussian	308.930171	37.903428
392	1	  0.001577	  0.002169	     -1.00	    146.42	    631.11	      2.75	      2.60	     48.17	     45.48	14.57	 3.888e-05	      4.39	0	Gaussian	311.789114	38.395167
393	1	  0.001605	  0.000287	     -1.00	    279.58	    281.79	     10.21	      4.01	    178.74	     70.18	-58.54	 1.725e-04	      4.39	0	Gaussian	311.213300	40.098565
394	1	  0.001635	  0.002445	     -1.00	    393.35	    542.50	      2.58	      2.34	     45.14	     40.94	21.12	 1.950e-04	      4.39	0	Gaussian	310.361413	38.926146
395	1	  0.001611	  0.002176	     -1.00	    173.79	    232.34	      2.72	      2.61	     47.62	     45.68	-7.39	 8.270e-05	      4.40	0	Gaussian	311.896081	40.277652
396	1	  0.001580	  0.002507	     -1.00	    554.63	    249.74	      2.49	      2.41	     43.60	     42.25	24.78	 5.704e-05	      4.40	0	Gaussian	309.537168	40.370390
397	1	  0.001611	  0.002450	     -1.00	    354.43	    712.62	      2.53	      2.41	     44.33	     42.20	6.07	 8.072e-05	      4.40	0	Gaussian	310.497015	38.111377
398	1	  0.001608	  0.002074	     -1.00	     53.97	    226.24	      2.77	      2.63	     48.49	     45.97	10.65	 9.931e-05	      4.41	0	Gaussian	312.635416	40.241616
399	1	  0.001561	  0.001946	     -1.00	    484.26	    727.02	      2.83	      2.62	     49.58	     45.86	-54.86	 4.168e-05	      4.41	0	Gaussian	309.714212	38.098075
400	1	  0.001562	  0.002069	     -1.00	    682.34	    380.14	      2.87	      2.57	     50.25	     44.99	7.28	 3.431e-05	      4.41	0	Gaussian	308.685524	39.803367
401	1	  0.001601	  0.002572	     -1.00	    141.70	     81.25	      2.45	      2.36	     42.94	     41.38	0.07	 1.180e-04	      4.41	0	Gaussian	312.201781	40.969774
402	1	  0.001562	  0.001929	     -1.00	    682.93	    475.97	      2.79	      2.78	     48.79	     48.62	69.60	 3.242e-05	      4.41	0	Gaussian	308.637963	39.352019
403	1	  0.001600	  0.002284	     -1.00	    521.79	     66.79	      2.60	      2.55	     45.51	     44.70	24.67	 4.337e-05	      4.41	0	Gaussian	309.840935	41.219519
404	1	  0.001552	  0.001976	     -1.00	    503.80	    688.41	      2.89	      2.68	     50.59	     46.89	10.78	 3.993e-05	      4.42	0	Gaussian	309.617359	38.286913
405	1	  0.001594	  0.001927	     -1.00	    253.15	    740.40	      2.92	      2.71	     51.15	     47.51	6.91	 4.502e-05	      4.42	0	Gaussian	311.083271	37.935660
406	1	  0.001589	  0.002045	     -1.00	    206.88	    719.53	      2.85	      2.61	     49.96	     45.63	20.10	 4.574e-05	      4.42	0	Gaussian	311.371257	38.011412
407	1	  0.001571	  0.002062	     -1.00	    708.95	    770.39	      2.77	      2.60	     48.55	     45.50	10.73	 6.384e-05	      4.42	0	Gaussian	308.351309	37.976023
408	1	  0.001556	  0.001747	     -1.00	    759.54	    737.36	      2.91	      2.91	     50.95	     50.94	8.88	 5.489e-05	      4.43	0	Gaussian	308.062375	38.147455
409	1	  0.001581	  0.001609	     -1.00	    728.80	    686.84	      3.13	      3.00	     54.70	     52.48	-67.70	 7.041e-05	      4.44	0	Gaussian	308.267766	38.375083
410	1	  0.001608	  0.001813	     -1.00	    502.35	     18.96	      3.03	      2.65	     52.95	     46.32	-74.91	 8.575e-05	      4.44	0	Gaussian	309.989880	41.436871
411	1	  0.001618	  0.002260	     -1.00	     78.91	    171.29	      2.61	      2.47	     45.73	     43.31	16.06	 6.916e-05	      4.45	0	Gaussian	312.523381	40.513021
412	1	  0.001596	  0.002299	     -1.00	    229.61	    299.42	      2.58	      2.38	     45.21	     41.72	35.16	 6.447e-05	      4.45	0	Gaussian	311.507975	39.991240
413	1	  0.001552	  0.002004	     -1.00	    570.86	    571.64	      2.81	      2.63	     49.19	     46.04	25.33	 3.189e-05	      4.45	0	Gaussian	309.273004	38.861259
414	1	  0.001654	  0.002598	     -1.00	    784.59	    133.39	      2.43	      2.27	     42.45	     39.72	4.72	 2.519e-04	      4.45	0	Gaussian	308.162041	41.002224
415	1	  0.001570	  0.002030	     -1.00	    721.11	    745.35	      2.79	      2.60	     48.83	     45.57	15.79	 1.019e-04	      4.45	0	Gaussian	308.289175	38.097602
416	1	  0.001579	  0.002407	     -1.00	    658.50	    270.41	      2.52	      2.34	     44.17	     40.95	22.97	 5.168e-05	      4.46	0	Gaussian	308.884202	40.312264
417	1	  0.001553	  0.001965	     -1.00	    663.18	    523.73	      2.84	      2.63	     49.66	     45.96	9.74	 3.233e-05	      4.46	0	Gaussian	308.736329	39.120244
418	1	  0.001654	  0.002495	     -1.00	    790.56	     29.35	      2.45	      2.32	     42.90	     40.54	3.92	 1.342e-04	      4.46	0	Gaussian	308.169655	41.495723
419	1	  0.001558	  0.000442	     -1.00	      7.03	    713.24	      7.55	      4.38	    132.17	     76.64	57.14	 5.244e-05	      4.47	0	Gaussian	312.560404	37.938960
420	1	  0.001580	  0.002377	     -1.00	    205.61	    373.38	      2.54	      2.31	     44.45	     40.35	20.02	 5.069e-05	      4.47	0	Gaussian	311.605063	39.632151
421	1	  0.001577	  0.001657	     -1.00	    774.71	    295.95	      3.05	      2.83	     53.34	     49.50	0.97	 6.111e-05	      4.47	0	Gaussian	308.153715	40.231469
422	1	  0.001581	  0.002336	     -1.00	    547.29	    101.60	      2.53	      2.37	     44.29	     41.54	7.39	 4.252e-05	      4.48	0	Gaussian	309.662219	41.065799
423	1	  0.001774	  0.002672	     -1.00	    116.73	    614.29	      2.37	      2.19	     41.41	     38.30	-0.22	 6.830e-04	      4.48	0	Gaussian	311.977810	38.458719
424	1	  0.001583	  0.000797	     -1.00	     97.48	    343.79	      6.08	      2.87	    106.45	     50.30	-38.85	 1.021e-04	      4.48	0	Gaussian	312.283499	39.714738
425	1	  0.001623	  0.001924	     -1.00	    313.49	    779.04	      2.74	      2.68	     47.97	     46.95	21.00	 1.529e-04	      4.48	0	Gaussian	310.701845	37.782395
426	1	  0.001585	  0.002303	     -1.00	    349.48	    201.70	      2.51	      2.40	     43.90	     42.09	10.38	 4.598e-05	      4.48	0	Gaussian	310.833622	40.508222
427	1	  0.001552	  0.001769	     -1.00	    571.36	    636.15	      2.99	      2.72	     52.33	     47.63	4.10	 2.738e-05	      4.49	0	Gaussian	309.238054	38.558257
428	1	  0.001612	  0.002238	     -1.00	    230.69	    410.49	      2.61	      2.30	     45.73	     40.17	43.23	 1.868e-04	      4.49	0	Gaussian	311.427939	39.470532
429	1	  0.001591	  0.001875	     -1.00	    282.67	    489.83	      2.86	      2.66	     49.99	     46.49	12.92	 3.297e-05	      4.49	0	Gaussian	311.062041	39.123286
430	1	  0.001583	  0.001999	     -1.00	     47.64	    363.90	      2.70	      2.61	     47.30	     45.68	-21.08	 6.118e-05	      4.49	0	Gaussian	312.571596	39.593461
431	1	  0.001592	  0.002407	     -1.00	    392.31	    146.55	      2.47	      2.33	     43.28	     40.72	6.81	 5.531e-05	      4.49	0	Gaussian	310.602152	40.787439
432	1	  0.001635	  0.001700	     -1.00	    136.21	    280.75	      2.87	      2.81	     50.22	     49.15	-52.32	 1.021e-04	      4.49	0	Gaussian	312.092310	40.030836
433	1	  0.001595	  0.001146	     -1.00	    659.45	    150.73	      3.44	      3.35	     60.16	     58.59	64.94	 7.284e-05	      4.50	0	Gaussian	308.936216	40.877235
434	1	  0.001606	  0.002226	     -1.00	    565.25	    187.03	      2.49	      2.40	     43.51	     42.07	-14.23	 1.676e-04	      4.50	0	Gaussian	309.504453	40.670168
435	1	  0.001636	  0.002519	     -1.00	     58.56	    205.46	      2.38	      2.28	     41.71	     39.85	23.98	 1.338e-04	      4.50	0	Gaussian	312.622908	40.341564
436	1	  0.001623	  0.002281	     -1.00	    490.36	    116.84	      2.47	      2.41	     43.25	     42.27	0.70	 1.607e-04	      4.50	0	Gaussian	310.009243	40.970377
437	1	  0.001558	  0.001881	     -1.00	    621.91	    350.83	      2.73	      2.66	     47.84	     46.60	26.72	 2.033e-05	      4.51	0	Gaussian	309.070822	39.919731
438	1	  0.001560	  0.001822	     -1.00	    578.18	    506.85	      2.82	      2.71	     49.44	     47.48	56.79	 5.414e-05	      4.51	0	Gaussian	309.260842	39.168728
439	1	  0.001580	  0.001766	     -1.00	    441.61	    641.79	      2.98	      2.59	     52.09	     45.27	8.22	 7.263e-05	      4.51	0	Gaussian	310.015136	38.480597
440	1	  0.001574	  0.001982	     -1.00	    200.89	    452.51	      2.77	      2.53	     48.40	     44.28	11.68	 3.916e-05	      4.51	0	Gaussian	311.580890	39.258713
441	1	  0.001599	  0.001946	     -1.00	    669.81	    772.34	      2.76	      2.58	     48.40	     45.14	5.25	 1.799e-04	      4.52	0	Gaussian	308.584237	37.953794
442	1	  0.001554	  0.001770	     -1.00	    632.13	    673.61	      2.89	      2.73	     50.53	     47.75	10.89	 2.547e-05	      4.52	0	Gaussian	308.854626	38.404409
443	1	  0.001587	  0.001550	     -1.00	    404.75	     87.40	      3.20	      2.72	     55.93	     47.64	88.09	 3.758e-05	      4.53	0	Gaussian	310.560773	41.071554
444	1	  0.001563	  0.002141	     -1.00	    581.45	    654.61	      2.57	      2.44	     44.93	     42.62	8.96	 3.895e-05	      4.53	0	Gaussian	309.168324	38.475303
445	1	  0.001641	  0.001885	     -1.00	    198.11	    486.33	      2.74	      2.62	     48.04	     45.93	-38.82	 1.598e-04	      4.53	0	Gaussian	311.575278	39.098809
446	1	  0.001646	  0.001658	     -1.00	     84.32	    670.44	      2.88	      2.79	     50.39	     48.83	-59.78	 2.143e-04	      4.53	0	Gaussian	312.132272	38.179577
447	1	  0.001625	  0.002259	     -1.00	    106.32	    157.60	      2.48	      2.36	     43.46	     41.33	5.51	 7.829e-05	      4.53	0	Gaussian	312.364735	40.592332
448	1	  0.001559	  0.001792	     -1.00	    703.04	    662.44	      2.87	      2.67	     50.22	     46.73	23.39	 3.119e-05	      4.54	0	Gaussian	308.433190	38.481289
449	1	  0.001617	  0.000898	     -1.00	    688.34	    768.19	      3.84	      3.82	     67.16	     66.82	-11.21	 2.043e-04	      4.54	0	Gaussian	308.475385	37.979548
450	1	  0.001562	  0.001681	     -1.00	    425.39	    170.84	      2.93	      2.76	     51.31	     48.23	42.10	 3.038e-05	      4.54	0	Gaussian	310.382154	40.687914
451	1	  0.001599	  0.001615	     -1.00	     50.56	    778.65	      3.08	      2.72	     53.95	     47.64	8.48	 3.081e-05	      4.54	0	Gaussian	312.257103	37.657023
452	1	  0.001594	  0.001844	     -1.00	    560.12	    343.27	      2.78	      2.45	     48.62	     42.89	-1.80	 6.960e-05	      4.55	0	Gaussian	309.454371	39.931890
453	1	  0.001566	  0.001917	     -1.00	    386.14	    210.04	      2.59	      2.59	     45.28	     45.28	-18.41	 4.386e-05	      4.55	0	Gaussian	310.601817	40.485841
454	1	  0.001594	  0.002169	     -1.00	    183.56	    143.15	      2.47	      2.43	     43.15	     42.51	11.94	 4.604e-05	      4.55	0	Gaussian	311.898285	40.701443
455	1	  0.001617	  0.001556	     -1.00	    274.83	    288.69	      3.09	      2.81	     54.09	     49.14	16.02	 1.170e-04	      4.56	0	Gaussian	311.237975	40.063827
456	1	  0.001574	  0.001870	     -1.00	    403.99	    404.21	      2.69	      2.56	     47.03	     44.75	-2.83	 4.799e-05	      4.56	0	Gaussian	310.376845	39.580485
457	1	  0.001601	  0.001885	     -1.00	    287.94	    511.65	      2.69	      2.56	     47.15	     44.85	31.82	 6.213e-05	      4.57	0	Gaussian	311.016549	39.023446
458	1	  0.001568	  0.001462	     -1.00	    256.90	    487.30	      3.26	      2.82	     57.05	     49.31	-20.91	 2.888e-05	      4.57	0	Gaussian	311.219429	39.122924
459	1	  0.001553	  0.001671	     -1.00	    109.38	    736.98	      2.91	      2.67	     50.85	     46.78	11.44	 2.672e-05	      4.57	0	Gaussian	311.938160	37.881707
460	1	  0.001581	  0.000777	     -1.00	    537.17	     43.66	      6.11	      2.82	    106.96	     49.28	-34.14	 7.473e-05	      4.58	0	Gaussian	309.757329	41.334932
461	1	  0.001593	  0.002046	     -1.00	    636.64	    286.74	      2.51	      2.47	     43.88	     43.17	21.00	 6.885e-05	      4.58	0	Gaussian	309.011430	40.227303
462	1	  0.001633	  0.001630	     -1.00	    237.33	    401.77	      3.12	      2.59	     54.63	     45.38	18.29	 2.041e-04	      4.58	0	Gaussian	311.393323	39.514698
463	1	  0.001607	  0.001960	     -1.00	     38.74	    224.06	      2.58	      2.56	     45.12	     44.81	48.58	 1.190e-04	      4.59	0	Gaussian	312.730355	40.243301
464	1	  0.001618	  0.002130	     -1.00	    296.41	    128.59	      2.47	      2.38	     43.27	     41.60	11.69	 7.472e-05	      4.59	0	Gaussian	311.209069	40.826824
465	1	  0.001597	  0.000822	     -1.00	    215.23	    736.91	      5.33	      2.73	     93.33	     47.80	4.88	 9.051e-05	      4.60	0	Gaussian	311.310625	37.934127
466	1	  0.001590	  0.001584	     -1.00	    336.32	    264.89	      2.85	      2.81	     49.81	     49.11	-14.91	 5.766e-05	      4.60	0	Gaussian	310.875347	40.204921
467	1	  0.001663	  0.001701	     -1.00	    190.00	    162.84	      2.82	      2.70	     49.39	     47.34	-81.34	 3.001e-04	      4.60	0	Gaussian	311.844728	40.612352
468	1	  0.001610	  0.001951	     -1.00	    122.49	    350.25	      2.58	      2.44	     45.18	     42.79	9.38	 7.694e-05	      4.60	0	Gaussian	312.126760	39.697808
469	1	  0.001552	  0.001445	     -1.00	    481.68	    641.43	      3.56	      2.59	     62.24	     45.38	1.35	 3.098e-05	      4.60	0	Gaussian	309.774702	38.498640
470	1	  0.001613	  0.001664	     -1.00	    222.03	    781.77	      2.83	      2.69	     49.58	     47.15	25.49	 1.185e-04	      4.60	0	Gaussian	311.242087	37.727658
471	1	  0.001571	  0.001437	     -1.00	    117.59	    715.51	      3.02	      2.91	     52.81	     50.97	-35.96	 5.204e-05	      4.60	0	Gaussian	311.903984	37.986122
472	1	  0.001572	  0.001295	     -1.00	    247.71	    534.91	      3.29	      3.08	     57.53	     53.95	48.96	 4.709e-05	      4.61	0	Gaussian	311.244575	38.895308
473	1	  0.001648	  0.001899	     -1.00	    738.21	     42.91	      2.50	      2.49	     43.79	     43.60	-33.08	 2.042e-04	      4.61	0	Gaussian	308.493603	41.414178
474	1	  0.001597	  0.001778	     -1.00	    677.75	    763.82	      2.71	      2.61	     47.37	     45.60	-7.93	 1.973e-04	      4.62	0	Gaussian	308.540556	37.996472
475	1	  0.001576	  0.001778	     -1.00	    431.03	    509.89	      2.56	      2.56	     44.84	     44.84	-50.71	 4.427e-05	      4.63	0	Gaussian	310.152003	39.095468
476	1	  0.001612	  0.001569	     -1.00	    227.05	    238.95	      2.88	      2.73	     50.34	     47.75	-55.99	 1.213e-04	      4.63	0	Gaussian	311.564244	40.273894
477	1	  0.001583	  0.001952	     -1.00	    409.79	     72.75	      2.56	      2.42	     44.84	     42.33	33.60	 3.617e-05	      4.63	0	Gaussian	310.538232	41.142849
478	1	  0.001640	  0.001934	     -1.00	    729.83	     38.12	      2.60	      2.44	     45.54	     42.69	-8.14	 2.097e-04	      4.64	0	Gaussian	308.548576	41.433919
479	1	  0.001658	  0.001727	     -1.00	    712.03	    421.43	      2.97	      2.36	     51.92	     41.27	3.72	 3.504e-04	      4.64	0	Gaussian	308.484701	39.618942
480	1	  0.001559	  0.001581	     -1.00	    665.73	     44.96	      2.84	      2.76	     49.79	     48.33	70.49	 2.445e-05	      4.64	0	Gaussian	308.948765	41.378794
481	1	  0.001565	  0.001503	     -1.00	    702.88	    226.70	      2.87	      2.84	     50.28	     49.65	-5.49	 3.430e-05	      4.64	0	Gaussian	308.629711	40.534210
482	1	  0.001623	  0.001976	     -1.00	     72.34	    654.38	      2.53	      2.37	     44.35	     41.49	19.20	 1.449e-04	      4.64	0	Gaussian	312.214653	38.248326
483	1	  0.001554	  0.001643	     -1.00	    530.60	    482.88	      2.83	      2.60	     49.52	     45.50	-12.29	 2.686e-05	      4.65	0	Gaussian	309.562271	39.263160
484	1	  0.001605	  0.001948	     -1.00	    393.19	    429.30	      2.59	      2.33	     45.37	     40.83	43.52	 1.032e-04	      4.65	0	Gaussian	310.428004	39.457839
485	1	  0.001579	  0.001914	     -1.00	    334.60	    105.24	      2.53	      2.47	     44.37	     43.16	0.08	 3.427e-05	      4.65	0	Gaussian	310.986819	40.955034
486	1	  0.001586	  0.001384	     -1.00	    168.98	    712.08	      3.17	      2.81	     55.49	     49.23	3.09	 3.530e-05	      4.65	0	Gaussian	311.601236	38.027794
487	1	  0.001558	  0.001625	     -1.00	    677.83	    322.76	      2.81	      2.68	     49.17	     46.90	17.54	 3.445e-05	      4.65	0	Gaussian	308.740006	40.072266
488	1	  0.001590	  0.001053	     -1.00	    331.73	     80.54	      3.88	      2.95	     67.94	     51.64	-32.75	 3.738e-05	      4.65	0	Gaussian	311.020498	41.069871
489	1	  0.001620	  0.001638	     -1.00	    263.20	    320.05	      2.67	      2.67	     46.77	     46.74	49.44	 7.742e-05	      4.66	0	Gaussian	311.288824	39.910888
490	1	  0.001575	  0.001835	     -1.00	    707.69	    569.57	      2.68	      2.33	     46.87	     40.80	21.70	 7.040e-05	      4.66	0	Gaussian	308.445617	38.919744
491	1	  0.001579	  0.001901	     -1.00	    151.40	    450.20	      2.51	      2.47	     43.94	     43.17	29.16	 5.243e-05	      4.66	0	Gaussian	311.881840	39.244530
492	1	  0.001682	  0.001696	     -1.00	    293.62	     70.72	      2.69	      2.58	     47.16	     45.24	75.66	 3.814e-04	      4.66	0	Gaussian	311.264457	41.097592
493	1	  0.001652	  0.002099	     -1.00	    584.60	    129.32	      2.43	      2.30	     42.58	     40.28	4.37	 1.966e-04	      4.66	0	Gaussian	309.414329	40.949927
494	1	  0.001572	  0.001578	     -1.00	    401.24	    709.06	      2.82	      2.70	     49.41	     47.30	2.46	 5.880e-05	      4.66	0	Gaussian	310.219719	38.148209
495	1	  0.001576	  0.001439	     -1.00	    697.90	    778.06	      3.04	      2.82	     53.26	     49.34	-7.48	 8.518e-05	      4.66	0	Gaussian	308.414058	37.936354
496	1	  0.001597	  0.001772	     -1.00	    256.25	    382.97	      2.67	      2.54	     46.67	     44.47	35.69	 5.847e-05	      4.67	0	Gaussian	311.290421	39.612122
497	1	  0.001583	  0.001911	     -1.00	    423.25	     27.50	      2.57	      2.38	     44.99	     41.69	7.54	 6.427e-05	      4.67	0	Gaussian	310.481436	41.362069
498	1	  0.001559	  0.001553	     -1.00	    126.50	    533.85	      2.90	      2.57	     50.81	     45.06	26.21	 3.040e-05	      4.67	0	Gaussian	311.974466	38.840026
499	1	  0.001635	  0.001795	     -1.00	     84.60	    678.54	      2.59	      2.47	     45.26	     43.29	19.47	 2.043e-04	      4.67	0	Gaussian	312.125034	38.141900
500	1	  0.001624	  0.001006	     -1.00	    234.68	    247.83	      4.34	      2.72	     75.99	     47.63	-25.60	 1.717e-04	      4.68	0	Gaussian	311.511346	40.235997
501	1	  0.001606	  0.001751	     -1.00	    304.99	    105.26	      2.62	      2.49	     45.80	     43.66	1.90	 4.216e-05	      4.68	0	Gaussian	311.170973	40.940681
502	1	  0.001603	  0.001388	     -1.00	    133.33	    574.79	      3.24	      2.65	     56.67	     46.45	5.74	 1.228e-04	      4.68	0	Gaussian	311.905439	38.651941
503	1	  0.001620	  0.001775	     -1.00	    285.07	     92.97	      2.63	      2.52	     46.05	     44.09	20.79	 7.438e-05	      4.69	0	Gaussian	311.302970	40.988741
504	1	  0.001571	  0.001715	     -1.00	    603.91	    264.94	      2.53	      2.52	     44.20	     44.19	35.62	 6.089e-05	      4.69	0	Gaussian	309.224558	40.317860
505	1	  0.001586	  0.001892	     -1.00	     99.42	    377.62	      2.53	      2.40	     44.37	     42.09	14.57	 8.001e-05	      4.69	0	Gaussian	312.247487	39.557320
506	1	  0.001573	  0.001153	     -1.00	    621.33	    213.64	      3.64	      2.71	     63.63	     47.50	45.80	 3.895e-05	      4.69	0	Gaussian	309.142385	40.566297
507	1	  0.001573	  0.000503	     -1.00	    196.63	    584.36	      5.29	      4.37	     92.62	     76.41	-80.32	 3.727e-05	      4.69	0	Gaussian	311.519657	38.638902
508	1	  0.001600	  0.001840	     -1.00	    267.40	     55.78	      2.52	      2.46	     44.05	     43.03	2.41	 9.134e-05	      4.70	0	Gaussian	311.437866	41.154841
509	1	  0.001609	  0.001195	     -1.00	    359.34	    668.29	      3.60	      2.84	     63.10	     49.77	8.19	 1.488e-04	      4.70	0	Gaussian	310.493295	38.321239
510	1	  0.001554	  0.001518	     -1.00	    777.33	    383.97	      2.76	      2.75	     48.27	     48.10	-29.01	 3.190e-05	      4.70	0	Gaussian	308.100286	39.817004
511	1	  0.001593	  0.001224	     -1.00	    633.39	    625.05	      3.16	      2.90	     55.35	     50.82	-46.72	 8.991e-05	      4.70	0	Gaussian	308.869679	38.633062
512	1	  0.001611	  0.001697	     -1.00	    440.05	    174.45	      2.75	      2.49	     48.15	     43.58	23.58	 1.455e-04	      4.71	0	Gaussian	310.289096	40.677364
513	1	  0.001570	  0.001621	     -1.00	    371.34	    178.99	      2.61	      2.55	     45.61	     44.55	86.99	 3.189e-05	      4.71	0	Gaussian	310.712424	40.625154
514	1	  0.001614	  0.001366	     -1.00	    559.28	    304.97	      2.98	      2.88	     52.15	     50.34	37.56	 1.497e-04	      4.71	0	Gaussian	309.479513	40.111979
515	1	  0.001609	  0.001189	     -1.00	    171.82	    794.76	      3.21	      2.92	     56.19	     51.04	16.63	 8.858e-05	      4.72	0	Gaussian	311.530775	37.642948
516	1	  0.001574	  0.000854	     -1.00	    263.67	    596.89	      4.22	      3.16	     73.83	     55.38	-4.98	 3.080e-05	      4.72	0	Gaussian	311.109507	38.612454
517	1	  0.001559	  0.001673	     -1.00	    500.79	    632.43	      2.72	      2.37	     47.64	     41.56	5.99	 3.922e-05	      4.72	0	Gaussian	309.664555	38.548505
518	1	  0.001591	  0.001526	     -1.00	    182.62	    458.02	      2.80	      2.58	     48.99	     45.12	34.49	 1.417e-04	      4.73	0	Gaussian	311.687760	39.223769
519	1	  0.001592	  0.001814	     -1.00	    581.40	    561.38	      2.56	      2.37	     44.89	     41.47	9.14	 1.190e-04	      4.73	0	Gaussian	309.214301	38.913442
520	1	  0.001626	  0.001765	     -1.00	    537.90	    314.91	      2.64	      2.43	     46.21	     42.46	11.49	 2.898e-04	      4.73	0	Gaussian	309.605910	40.056683
521	1	  0.001559	  0.001066	     -1.00	    527.52	    676.61	      3.18	      3.17	     55.64	     55.45	-40.38	 6.615e-05	      4.73	0	Gaussian	309.481245	38.351549
522	1	  0.001595	  0.001784	     -1.00	    160.70	     19.39	      2.56	      2.41	     44.85	     42.14	30.49	 5.711e-05	      4.73	0	Gaussian	312.128566	41.270414
523	1	  0.001573	  0.001346	     -1.00	    564.52	    146.99	      2.82	      2.82	     49.42	     49.40	41.77	 4.386e-05	      4.74	0	Gaussian	309.530267	40.858681
524	1	  0.001656	  0.001878	     -1.00	    340.35	    442.46	      2.50	      2.30	     43.70	     40.25	13.68	 1.355e-04	      4.74	0	Gaussian	310.741565	39.372372
525	1	  0.001561	  0.001530	     -1.00	    741.05	    263.11	      2.68	      2.64	     46.96	     46.17	25.87	 2.805e-05	      4.75	0	Gaussian	308.376361	40.375404
526	1	  0.001574	  0.001449	     -1.00	    267.95	    609.03	      2.67	      2.65	     46.75	     46.33	3.61	 2.780e-05	      4.75	0	Gaussian	311.076283	38.557563
527	1	  0.001616	  0.001766	     -1.00	    122.44	    271.58	      2.56	      2.37	     44.85	     41.52	21.49	 9.694e-05	      4.75	0	Gaussian	312.183104	40.066530
528	1	  0.001601	  0.001529	     -1.00	    238.09	    435.69	      2.68	      2.65	     46.84	     46.46	1.86	 9.737e-05	      4.75	0	Gaussian	311.366606	39.355897
529	1	  0.001560	  0.001532	     -1.00	    543.96	    371.38	      2.80	      2.56	     48.96	     44.80	8.60	 4.029e-05	      4.76	0	Gaussian	309.538957	39.793141
530	1	  0.001632	  0.001747	     -1.00	    188.45	     66.94	      2.52	      2.40	     44.10	     42.03	30.51	 1.575e-04	      4.76	0	Gaussian	311.921724	41.061863
531	1	  0.001571	  0.001613	     -1.00	    217.22	    498.43	      2.69	      2.42	     47.10	     42.40	13.24	 3.831e-05	      4.76	0	Gaussian	311.451950	39.051530
532	1	  0.001575	  0.001272	     -1.00	    766.03	    559.82	      2.92	      2.90	     51.08	     50.80	-20.04	 4.782e-05	      4.77	0	Gaussian	308.096040	38.984649
533	1	  0.001579	  0.001674	     -1.00	    505.16	    404.51	      2.64	      2.35	     46.28	     41.20	6.99	 5.602e-05	      4.78	0	Gaussian	309.758884	39.621696
534	1	  0.001626	  0.001029	     -1.00	     23.33	    792.17	      3.51	      2.95	     61.42	     51.65	-63.20	 6.348e-05	      4.78	0	Gaussian	312.408081	37.579705
535	1	  0.001564	  0.001561	     -1.00	    456.34	    752.47	      2.66	      2.54	     46.56	     44.42	5.23	 4.059e-05	      4.78	0	Gaussian	309.867342	37.967527
536	1	  0.001642	  0.001549	     -1.00	     64.39	    644.92	      2.74	      2.39	     47.88	     41.79	89.32	 1.853e-04	      4.78	0	Gaussian	312.268570	38.288368
537	1	  0.001618	  0.001753	     -1.00	    336.86	     38.64	      2.55	      2.33	     44.72	     40.71	34.99	 1.234e-04	      4.78	0	Gaussian	311.015439	41.269504
538	1	  0.001613	  0.001030	     -1.00	    291.23	    312.60	      3.33	      3.24	     58.24	     56.68	-83.12	 8.702e-05	      4.78	0	Gaussian	311.122040	39.959420
539	1	  0.001559	  0.001289	     -1.00	    774.71	    624.09	      3.13	      2.69	     54.72	     47.12	17.16	 3.477e-05	      4.79	0	Gaussian	308.017121	38.684868
540	1	  0.001578	  0.001693	     -1.00	    538.46	     12.35	      2.58	      2.39	     45.14	     41.91	22.29	 4.119e-05	      4.79	0	Gaussian	309.766570	41.483127
541	1	  0.001569	  0.001629	     -1.00	    694.45	    448.38	      2.63	      2.44	     46.01	     42.63	5.47	 4.375e-05	      4.79	0	Gaussian	308.580209	39.485977
542	1	  0.001662	  0.001867	     -1.00	    396.04	    328.27	      2.47	      2.30	     43.22	     40.26	33.85	 4.475e-04	      4.80	0	Gaussian	310.470015	39.934031
543	1	  0.001593	  0.001700	     -1.00	    585.54	    394.44	      2.56	      2.37	     44.86	     41.53	7.42	 6.612e-05	      4.80	0	Gaussian	309.272308	39.700662
544	1	  0.001585	  0.001313	     -1.00	    427.83	     93.41	      3.19	      2.60	     55.86	     45.56	-7.14	 5.115e-05	      4.80	0	Gaussian	310.413118	41.053656
545	1	  0.001626	  0.001495	     -1.00	    446.24	    697.74	      2.69	      2.51	     47.14	     43.98	-9.61	 1.384e-04	      4.80	0	Gaussian	309.957016	38.220004
546	1	  0.001615	  0.000962	     -1.00	    246.74	    715.86	      3.65	      3.01	     63.94	     52.68	-28.15	 7.904e-05	      4.81	0	Gaussian	311.136538	38.047496
547	1	  0.001703	  0.000714	     -1.00	    766.21	     86.03	      6.20	      2.32	    108.51	     40.58	-8.41	 6.329e-04	      4.81	0	Gaussian	308.298027	41.219931
548	1	  0.001594	  0.001179	     -1.00	    215.87	    633.58	      3.16	      2.91	     55.29	     50.99	-7.40	 4.960e-05	      4.81	0	Gaussian	311.372578	38.417812
549	1	  0.001581	  0.000980	     -1.00	    479.79	    475.29	      3.81	      2.76	     66.77	     48.25	11.00	 7.466e-05	      4.82	0	Gaussian	309.875254	39.278406
550	1	  0.001575	  0.001535	     -1.00	    590.50	    432.64	      2.70	      2.40	     47.20	     42.01	7.60	 5.830e-05	      4.82	0	Gaussian	309.222822	39.522636
551	1	  0.001591	  0.001552	     -1.00	    535.12	     81.43	      2.69	      2.37	     47.03	     41.46	10.36	 4.865e-05	      4.82	0	Gaussian	309.749361	41.155962
552	1	  0.001664	  0.001239	     -1.00	    226.07	    666.98	      2.93	      2.65	     51.22	     46.30	1.30	 3.436e-04	      4.82	0	Gaussian	311.290382	38.266409
553	1	  0.001604	  0.001519	     -1.00	     75.69	    751.34	      2.70	      2.41	     47.17	     42.23	4.73	 5.652e-05	      4.82	0	Gaussian	312.127671	37.797421
554	1	  0.001573	  0.001016	     -1.00	    665.79	    730.35	      3.40	      3.14	     59.59	     54.95	-3.70	 6.051e-05	      4.82	0	Gaussian	308.626938	38.149613
555	1	  0.001573	  0.001252	     -1.00	    157.96	    356.34	      2.89	      2.83	     50.53	     49.55	-6.67	 3.739e-05	      4.82	0	Gaussian	311.906677	39.687780
556	1	  0.001574	  0.001583	     -1.00	    564.34	    278.43	      2.65	      2.37	     46.44	     41.45	10.53	 4.558e-05	      4.82	0	Gaussian	309.462161	40.239019
557	1	  0.001640	  0.001168	     -1.00	    126.18	    282.98	      3.28	      2.75	     57.40	     48.08	-7.36	 1.480e-04	      4.82	0	Gaussian	312.152066	40.015063
558	1	  0.001617	  0.001612	     -1.00	    148.81	    143.20	      2.58	      2.41	     45.21	     42.26	-9.76	 8.527e-05	      4.83	0	Gaussian	312.113029	40.682847
559	1	  0.001569	  0.001334	     -1.00	    506.17	    670.02	      2.70	      2.64	     47.28	     46.24	-30.07	 7.123e-05	      4.83	0	Gaussian	309.612709	38.374149
560	1	  0.001602	  0.001625	     -1.00	    619.32	    381.61	      2.59	      2.35	     45.38	     41.21	1.61	 1.611e-04	      4.84	0	Gaussian	309.071602	39.773739
561	1	  0.001580	  0.001542	     -1.00	    510.30	    516.27	      2.65	      2.42	     46.33	     42.35	18.24	 9.220e-05	      4.84	0	Gaussian	309.668048	39.098088
562	1	  0.001601	  0.001252	     -1.00	     17.53	    488.91	      2.92	      2.83	     51.05	     49.57	-71.43	 7.252e-05	      4.84	0	Gaussian	312.661079	38.992069
563	1	  0.001572	  0.001390	     -1.00	     67.08	    321.88	      2.69	      2.65	     47.15	     46.36	-5.89	 5.176e-05	      4.86	0	Gaussian	312.484412	39.800882
564	1	  0.001618	  0.000936	     -1.00	    151.94	    341.93	      3.94	      2.67	     69.01	     46.65	-60.74	 1.469e-04	      4.86	0	Gaussian	311.953318	39.752228
565	1	  0.001661	  0.001739	     -1.00	    582.37	    136.40	      2.43	      2.29	     42.61	     40.05	12.80	 2.278e-04	      4.87	0	Gaussian	309.424520	40.915670
566	1	  0.001590	  0.001250	     -1.00	    261.24	    504.90	      2.84	      2.81	     49.69	     49.19	58.31	 4.871e-05	      4.87	0	Gaussian	311.182070	39.042480
567	1	  0.001600	  0.001528	     -1.00	    296.52	    568.60	      2.61	      2.40	     45.65	     42.08	19.78	 7.372e-05	      4.87	0	Gaussian	310.929650	38.760353
568	1	  0.001598	  0.001056	     -1.00	    128.79	    201.95	      3.25	      2.85	     56.93	     49.84	-7.99	 7.949e-05	      4.88	0	Gaussian	312.194165	40.396455
569	1	  0.001673	  0.001374	     -1.00	    379.22	    675.55	      2.81	      2.42	     49.19	     42.44	18.53	 7.197e-04	      4.88	0	Gaussian	310.370229	38.295888
570	1	  0.001579	  0.000809	     -1.00	    458.02	    382.88	      4.08	      3.03	     71.40	     53.03	11.47	 5.399e-05	      4.88	0	Gaussian	310.058976	39.703986
571	1	  0.001580	  0.001249	     -1.00	    388.94	    734.21	      2.98	      2.71	     52.08	     47.42	-6.80	 5.937e-05	      4.88	0	Gaussian	310.279010	38.025128
572	1	  0.001612	  0.001512	     -1.00	    718.76	    127.57	      2.65	      2.31	     46.40	     40.43	2.88	 1.556e-04	      4.88	0	Gaussian	308.576621	41.007633
573	1	  0.001636	  0.001529	     -1.00	     64.13	    304.39	      2.65	      2.25	     46.32	     39.34	28.49	 2.850e-04	      4.88	0	Gaussian	312.515236	39.881188
574	1	  0.001597	  0.001431	     -1.00	    234.36	    331.75	      2.63	      2.50	     46.08	     43.79	2.56	 1.012e-04	      4.90	0	Gaussian	311.457471	39.841813
575	1	  0.001651	  0.001469	     -1.00	    201.29	    672.26	      2.59	      2.45	     45.36	     42.83	32.82	 2.921e-04	      4.90	0	Gaussian	311.434802	38.229788
576	1	  0.001547	  0.001098	     -1.00	    562.15	    515.05	      3.15	      2.82	     55.22	     49.38	-1.13	 1.979e-05	      4.90	0	Gaussian	309.354085	39.124072
577	1	  0.001582	  0.001043	     -1.00	    339.80	    738.89	      3.06	      3.05	     53.60	     53.32	-31.36	 4.218e-05	      4.91	0	Gaussian	310.568995	37.981954
578	1	  0.001574	  0.001469	     -1.00	    685.12	    236.55	      2.68	      2.31	     46.86	     40.39	-7.14	 4.993e-05	      4.91	0	Gaussian	308.735322	40.481494
579	1	  0.001608	  0.000933	     -1.00	    742.65	    542.99	      3.41	      2.96	     59.70	     51.89	10.19	 1.248e-04	      4.91	0	Gaussian	308.245033	39.056412
580	1	  0.001604	  0.001388	     -1.00	    123.44	    304.58	      2.71	      2.35	     47.44	     41.05	18.03	 8.427e-05	      4.92	0	Gaussian	312.153425	39.912367
581	1	  0.001587	  0.001197	     -1.00	    637.04	    342.15	      2.95	      2.74	     51.69	     48.03	6.48	 5.846e-05	      4.92	0	Gaussian	308.981953	39.966216
582	1	  0.001549	  0.001282	     -1.00	    486.38	    533.81	      2.75	      2.65	     48.11	     46.32	-3.40	 3.371e-05	      4.92	0	Gaussian	309.803691	39.005989
583	1	  0.001620	  0.001528	     -1.00	    767.63	     20.76	      2.54	      2.37	     44.47	     41.57	15.58	 9.496e-05	      4.92	0	Gaussian	308.318176	41.528748
584	1	  0.001584	  0.001358	     -1.00	     40.68	    536.39	      2.70	      2.47	     47.33	     43.23	4.12	 5.285e-05	      4.92	0	Gaussian	312.487503	38.782810
585	1	  0.001602	  0.000772	     -1.00	    168.89	    263.75	      4.22	      2.82	     73.80	     49.29	-30.01	 5.121e-05	      4.92	0	Gaussian	311.904236	40.127711
586	1	  0.001600	  0.001066	     -1.00	     45.99	    755.52	      3.37	      2.69	     58.90	     47.07	2.47	 4.098e-05	      4.92	0	Gaussian	312.300197	37.762483
587	1	  0.001597	  0.001415	     -1.00	    155.34	    296.42	      2.63	      2.44	     46.10	     42.77	34.31	 7.424e-05	      4.93	0	Gaussian	311.964349	39.967439
588	1	  0.001570	  0.001401	     -1.00	    325.50	    587.19	      2.62	      2.51	     45.89	     43.86	16.88	 4.561e-05	      4.93	0	Gaussian	310.744071	38.686409
589	1	  0.001580	  0.001096	     -1.00	    543.41	    508.04	      3.20	      2.68	     56.07	     46.85	-14.54	 6.872e-05	      4.93	0	Gaussian	309.471462	39.149818
590	1	  0.001565	  0.001159	     -1.00	    359.95	     29.60	      2.88	      2.79	     50.34	     48.90	12.81	 1.842e-05	      4.93	0	Gaussian	310.876768	41.322988
591	1	  0.001578	  0.001244	     -1.00	    538.96	     61.89	      2.67	      2.65	     46.68	     46.38	40.34	 4.234e-05	      4.93	0	Gaussian	309.736060	41.249690
592	1	  0.001584	  0.001327	     -1.00	    666.61	    137.14	      2.70	      2.50	     47.33	     43.76	-21.56	 5.134e-05	      4.94	0	Gaussian	308.898132	40.943990
593	1	  0.001583	  0.000799	     -1.00	    233.51	    557.99	      3.60	      3.23	     63.06	     56.59	3.84	 6.689e-05	      4.94	0	Gaussian	311.315274	38.780336
594	1	  0.001605	  0.000695	     -1.00	    127.97	    213.21	      4.92	      2.47	     86.11	     43.29	8.81	 8.881e-05	      4.95	0	Gaussian	312.191060	40.343230
595	1	  0.001571	  0.001430	     -1.00	    371.40	    265.40	      2.60	      2.42	     45.52	     42.27	8.79	 2.833e-05	      4.95	0	Gaussian	310.659138	40.218673
596	1	  0.001585	  0.001244	     -1.00	    450.92	     30.33	      2.90	      2.59	     50.84	     45.30	4.51	 4.661e-05	      4.96	0	Gaussian	310.306219	41.361055
597	1	  0.001572	  0.001116	     -1.00	     62.01	    128.80	      2.79	      2.76	     48.91	     48.34	45.46	 3.064e-05	      4.96	0	Gaussian	312.659479	40.702767
598	1	  0.001626	  0.001422	     -1.00	    625.79	    373.92	      2.53	      2.52	     44.32	     44.06	10.62	 2.058e-04	      4.96	0	Gaussian	309.035681	39.812391
599	1	  0.001768	  0.001647	     -1.00	    786.54	     43.53	      2.41	      2.17	     42.20	     37.90	19.41	 7.148e-04	      4.96	0	Gaussian	308.188847	41.427381
600	1	  0.001571	  0.001299	     -1.00	    647.12	    390.39	      2.74	      2.44	     47.95	     42.72	20.75	 4.870e-05	      4.96	0	Gaussian	308.896851	39.742524
601	1	  0.001560	  0.001306	     -1.00	    449.28	    496.23	      2.71	      2.49	     47.38	     43.67	31.02	 4.440e-05	      4.97	0	Gaussian	310.049026	39.167318
602	1	  0.001575	  0.001074	     -1.00	    696.15	    793.87	      2.91	      2.90	     50.96	     50.67	58.98	 4.059e-05	      4.97	0	Gaussian	308.417662	37.861555
603	1	  0.001675	  0.001508	     -1.00	    375.56	    419.55	      2.51	      2.31	     43.85	     40.51	32.59	 3.140e-04	      4.97	0	Gaussian	310.541103	39.495851
604	1	  0.001574	  0.000956	     -1.00	     26.95	    452.89	      3.31	      2.88	     57.96	     50.46	-7.41	 2.889e-05	      4.97	0	Gaussian	312.631008	39.165704
605	1	  0.001576	  0.001336	     -1.00	    434.71	    498.28	      2.66	      2.48	     46.63	     43.45	13.87	 5.051e-05	      4.97	0	Gaussian	310.136218	39.151587
606	1	  0.001577	  0.001076	     -1.00	    259.91	    575.33	      3.09	      2.80	     54.16	     49.07	-3.36	 6.210e-05	      4.97	0	Gaussian	311.145599	38.711679
607	1	  0.001559	  0.000989	     -1.00	    480.61	    221.07	      3.28	      2.87	     57.34	     50.21	7.99	 2.646e-05	      4.97	0	Gaussian	310.010875	40.475180
608	1	  0.001565	  0.000967	     -1.00	    679.19	    443.84	      3.10	      3.06	     54.29	     53.60	18.88	 4.992e-05	      4.98	0	Gaussian	308.675480	39.502047
609	1	  0.001571	  0.001022	     -1.00	    651.70	    502.31	      3.41	      2.63	     59.74	     46.04	-5.90	 6.952e-05	      4.98	0	Gaussian	308.816063	39.217033
610	1	  0.001622	  0.001351	     -1.00	    141.67	    332.67	      2.61	      2.46	     45.68	     43.09	35.26	 9.185e-05	      4.98	0	Gaussian	312.022382	39.790292
611	1	  0.001567	  0.001329	     -1.00	    380.56	    252.76	      2.63	      2.53	     46.00	     44.28	18.58	 2.989e-05	      4.98	0	Gaussian	310.610381	40.282303
612	1	  0.001553	  0.000992	     -1.00	    587.79	    668.65	      3.24	      2.90	     56.69	     50.69	9.57	 2.784e-05	      4.98	0	Gaussian	309.123379	38.411677
613	1	  0.001696	  0.001574	     -1.00	    358.25	    415.38	      2.44	      2.24	     42.66	     39.17	23.61	 2.161e-04	      4.99	0	Gaussian	310.648993	39.507669
614	1	  0.001636	  0.001290	     -1.00	    749.69	     62.90	      2.61	      2.53	     45.70	     44.26	19.10	 1.031e-04	      5.00	0	Gaussian	308.412218	41.323653
615	1	  0.001626	  0.001267	     -1.00	    323.11	    421.34	      2.78	      2.37	     48.72	     41.43	2.19	 9.772e-05	      5.00	0	Gaussian	310.859283	39.463634
616	1	  0.001609	  0.001312	     -1.00	    528.13	    174.36	      2.68	      2.36	     46.90	     41.35	40.06	 1.308e-04	      5.00	0	Gaussian	309.741990	40.714994
617	1	  0.001569	  0.001054	     -1.00	    615.02	    325.71	      3.06	      2.69	     53.59	     47.16	3.66	 3.765e-05	      5.00	0	Gaussian	309.125605	40.035553
618	1	  0.001628	  0.000904	     -1.00	     70.27	    790.78	      3.39	      2.83	     59.31	     49.57	-7.42	 1.073e-04	      5.00	0	Gaussian	312.132534	37.610661
619	1	  0.001577	  0.000383	     -1.00	      8.31	    455.06	      6.90	      3.24	    120.81	     56.63	-8.07	 3.208e-05	      5.01	0	Gaussian	312.741630	39.145210
620	1	  0.001560	  0.000407	     -1.00	    361.04	    735.98	      5.60	      3.53	     97.95	     61.75	44.29	 3.152e-05	      5.02	0	Gaussian	310.444201	38.004879
621	1	  0.001556	  0.001130	     -1.00	    588.45	    764.56	      2.83	      2.54	     49.53	     44.49	-1.37	 3.945e-05	      5.03	0	Gaussian	309.073434	37.961651
622	1	  0.001584	  0.001196	     -1.00	    578.85	    534.54	      2.78	      2.36	     48.73	     41.32	25.86	 1.039e-04	      5.03	0	Gaussian	309.243043	39.038728
623	1	  0.001569	  0.001175	     -1.00	    505.45	    447.65	      2.75	      2.54	     48.06	     44.42	3.40	 4.817e-05	      5.04	0	Gaussian	309.733951	39.418857
624	1	  0.001600	  0.001380	     -1.00	    632.49	    189.45	      2.54	      2.38	     44.44	     41.64	3.32	 1.300e-04	      5.04	0	Gaussian	309.085152	40.684572
625	1	  0.001600	  0.001008	     -1.00	    212.18	    288.93	      3.20	      2.71	     55.99	     47.43	32.58	 8.237e-05	      5.04	0	Gaussian	311.621761	40.031726
626	1	  0.001576	  0.001288	     -1.00	    640.38	     38.41	      2.64	      2.43	     46.15	     42.54	10.75	 3.806e-05	      5.04	0	Gaussian	309.111545	41.400311
627	1	  0.001583	  0.000673	     -1.00	    714.45	    166.78	      4.27	      2.94	     74.81	     51.54	13.55	 7.677e-05	      5.04	0	Gaussian	308.585429	40.821030
628	1	  0.001611	  0.001238	     -1.00	    633.29	    429.57	      2.70	      2.36	     47.32	     41.36	5.32	 1.169e-04	      5.04	0	Gaussian	308.962782	39.552974
629	1	  0.001600	  0.000961	     -1.00	    379.66	    483.90	      3.06	      2.82	     53.58	     49.44	-9.08	 1.198e-04	      5.05	0	Gaussian	310.478266	39.195347
630	1	  0.001588	  0.001170	     -1.00	    531.91	    182.98	      2.78	      2.58	     48.63	     45.15	-15.38	 1.601e-04	      5.05	0	Gaussian	309.713857	40.675914
631	1	  0.001631	  0.001211	     -1.00	    752.48	     47.50	      2.65	      2.49	     46.30	     43.66	-3.71	 9.196e-05	      5.05	0	Gaussian	308.401605	41.397343
632	1	  0.001573	  0.000393	     -1.00	    552.18	    203.55	      8.15	      2.67	    142.69	     46.66	-2.33	 1.222e-04	      5.05	0	Gaussian	309.576906	40.587107
633	1	  0.001625	  0.000994	     -1.00	    447.92	     59.25	      3.14	      2.66	     55.02	     46.56	15.77	 8.659e-05	      5.05	0	Gaussian	310.307871	41.223471
634	1	  0.001568	  0.001146	     -1.00	    179.67	    331.70	      2.76	      2.55	     48.32	     44.67	33.83	 3.117e-05	      5.05	0	Gaussian	311.791345	39.814530
635	1	  0.001613	  0.001195	     -1.00	     61.33	    723.54	      2.74	      2.38	     47.89	     41.72	0.68	 1.309e-04	      5.05	0	Gaussian	312.231834	37.919723
636	1	  0.001641	  0.001103	     -1.00	    313.61	    455.66	      2.70	      2.65	     47.18	     46.39	-16.73	 1.399e-04	      5.05	0	Gaussian	310.895856	39.298080
637	1	  0.001590	  0.001121	     -1.00	    385.32	    787.64	      2.77	      2.56	     48.53	     44.81	-19.32	 6.003e-05	      5.06	0	Gaussian	310.270636	37.773376
638	1	  0.001615	  0.001290	     -1.00	    661.51	    235.72	      2.57	      2.44	     44.97	     42.75	6.49	 1.159e-04	      5.06	0	Gaussian	308.882210	40.476946
639	1	  0.001596	  0.001010	     -1.00	    117.50	    567.03	      2.92	      2.67	     51.19	     46.72	-0.69	 1.304e-04	      5.06	0	Gaussian	312.005611	38.680142
640	1	  0.001570	  0.001044	     -1.00	    449.97	    515.38	      3.03	      2.60	     53.11	     45.47	4.32	 5.690e-05	      5.06	0	Gaussian	310.034241	39.077641
641	1	  0.001613	  0.001263	     -1.00	    674.51	    407.45	      2.61	      2.44	     45.64	     42.75	5.02	 9.055e-05	      5.06	0	Gaussian	308.720944	39.671896
642	1	  0.001623	  0.000850	     -1.00	      5.18	    504.69	      3.37	      2.87	     58.96	     50.28	-13.27	 5.669e-05	      5.06	0	Gaussian	312.723570	38.911520
643	1	  0.001557	  0.001136	     -1.00	    605.12	    547.51	      2.81	      2.44	     49.21	     42.65	0.39	 3.684e-05	      5.07	0	Gaussian	309.077409	38.987480
644	1	  0.001572	  0.000862	     -1.00	    341.44	    661.84	      3.41	      2.82	     59.72	     49.32	13.04	 3.523e-05	      5.07	0	Gaussian	310.604192	38.343621
645	1	  0.001591	  0.001177	     -1.00	    769.44	    409.13	      2.69	      2.49	     47.02	     43.60	13.06	 9.413e-05	      5.08	0	Gaussian	308.138146	39.695832
646	1	  0.001579	  0.001187	     -1.00	     99.33	    296.46	      2.71	      2.45	     47.36	     42.89	24.86	 4.323e-05	      5.08	0	Gaussian	312.306367	39.937496
647	1	  0.001587	  0.001161	     -1.00	    154.30	    415.77	      2.69	      2.55	     47.09	     44.58	-10.37	 6.838e-05	      5.08	0	Gaussian	311.887889	39.407316
648	1	  0.001625	  0.001100	     -1.00	    364.60	    765.77	      2.72	      2.60	     47.65	     45.52	13.78	 1.602e-04	      5.08	0	Gaussian	310.406049	37.866891
649	1	  0.001589	  0.000877	     -1.00	    469.19	    339.76	      3.35	      2.88	     58.68	     50.40	-8.57	 5.020e-05	      5.08	0	Gaussian	310.014685	39.911579
650	1	  0.001596	  0.001199	     -1.00	    741.46	     93.58	      2.70	      2.37	     47.24	     41.50	-7.43	 7.271e-05	      5.09	0	Gaussian	308.449965	41.175957
651	1	  0.001594	  0.001164	     -1.00	    326.32	    279.68	      2.69	      2.50	     47.11	     43.82	-3.53	 6.350e-05	      5.09	0	Gaussian	310.927599	40.130707
652	1	  0.001631	  0.001149	     -1.00	    142.57	    686.49	      2.74	      2.35	     47.95	     41.08	5.95	 1.381e-04	      5.09	0	Gaussian	311.775066	38.134321
653	1	  0.001602	  0.000629	     -1.00	    417.18	    109.52	      3.85	      3.23	     67.44	     56.49	19.10	 9.340e-05	      5.10	0	Gaussian	310.469830	40.972999
654	1	  0.001576	  0.001010	     -1.00	    700.45	    171.46	      2.71	      2.71	     47.51	     47.51	-30.21	 6.312e-05	      5.10	0	Gaussian	308.670548	40.794082
655	1	  0.001601	  0.001139	     -1.00	    356.35	    474.32	      2.72	      2.45	     47.58	     42.92	9.01	 5.835e-05	      5.10	0	Gaussian	310.625309	39.229948
656	1	  0.001583	  0.001122	     -1.00	    505.82	     46.21	      2.75	      2.46	     48.09	     43.04	-5.88	 5.782e-05	      5.10	0	Gaussian	309.952607	41.309864
657	1	  0.001595	  0.000979	     -1.00	     27.29	    720.89	      2.97	      2.79	     51.92	     48.80	33.24	 1.356e-04	      5.10	0	Gaussian	312.435104	37.914096
658	1	  0.001573	  0.001075	     -1.00	    695.44	    316.79	      2.76	      2.59	     48.22	     45.28	1.45	 4.099e-05	      5.11	0	Gaussian	308.634129	40.106595
659	1	  0.001570	  0.000651	     -1.00	     38.24	    551.78	      3.93	      3.01	     68.74	     52.77	-17.87	 2.852e-05	      5.11	0	Gaussian	312.490985	38.709547
660	1	  0.001618	  0.001178	     -1.00	    555.25	    311.75	      2.64	      2.45	     46.27	     42.83	-16.28	 1.715e-04	      5.12	0	Gaussian	309.500761	40.078457
661	1	  0.001584	  0.001160	     -1.00	    623.75	    197.51	      2.71	      2.37	     47.51	     41.51	11.52	 1.342e-04	      5.12	0	Gaussian	309.135468	40.643312
662	1	  0.001593	  0.001098	     -1.00	    183.86	    403.61	      2.80	      2.30	     49.04	     40.28	33.54	 1.330e-04	      5.12	0	Gaussian	311.716911	39.479447
663	1	  0.001584	  0.001148	     -1.00	    508.77	    133.50	      2.70	      2.43	     47.22	     42.52	15.55	 4.592e-05	      5.12	0	Gaussian	309.885065	40.899598
664	1	  0.001593	  0.000355	     -1.00	     84.45	    625.40	      8.16	      2.58	    142.77	     45.12	7.27	 2.062e-04	      5.13	0	Gaussian	312.162777	38.390080
665	1	  0.001558	  0.001040	     -1.00	    359.28	    568.54	      2.85	      2.46	     49.87	     43.00	12.43	 3.613e-05	      5.13	0	Gaussian	310.551798	38.789020
666	1	  0.001583	  0.001107	     -1.00	    196.77	     17.24	      2.70	      2.53	     47.32	     44.27	3.39	 4.388e-05	      5.13	0	Gaussian	311.905128	41.299695
667	1	  0.001549	  0.001064	     -1.00	    437.49	    606.56	      2.79	      2.51	     48.91	     44.00	13.69	 3.153e-05	      5.13	0	Gaussian	310.059245	38.644194
668	1	  0.001585	  0.000798	     -1.00	    293.49	    687.01	      3.56	      2.88	     62.35	     50.41	2.14	 4.063e-05	      5.14	0	Gaussian	310.875720	38.204137
669	1	  0.001604	  0.001111	     -1.00	    680.32	    290.44	      2.67	      2.51	     46.66	     43.86	-4.49	 7.631e-05	      5.14	0	Gaussian	308.739751	40.225575
670	1	  0.001603	  0.001107	     -1.00	    163.78	      5.74	      2.69	      2.46	     47.12	     43.14	35.11	 4.756e-05	      5.15	0	Gaussian	312.119253	41.336166
671	1	  0.001649	  0.001208	     -1.00	    754.20	     77.43	      2.63	      2.24	     46.00	     39.16	2.31	 1.440e-04	      5.15	0	Gaussian	308.377287	41.256546
672	1	  0.001572	  0.000420	     -1.00	    644.23	     66.66	      6.18	      3.11	    108.22	     54.42	-19.73	 3.969e-05	      5.15	0	Gaussian	309.073120	41.268390
673	1	  0.001579	  0.001007	     -1.00	    707.66	    464.11	      2.76	      2.65	     48.26	     46.47	10.85	 7.561e-05	      5.16	0	Gaussian	308.492436	39.416346
674	1	  0.001598	  0.000854	     -1.00	    328.67	    651.05	      3.23	      2.81	     56.51	     49.20	3.23	 4.087e-05	      5.16	0	Gaussian	310.686957	38.388482
675	1	  0.001580	  0.000681	     -1.00	    423.94	    437.84	      3.32	      3.18	     58.19	     55.74	8.82	 6.737e-05	      5.16	0	Gaussian	310.235890	39.431044
676	1	  0.001577	  0.000746	     -1.00	     99.04	     15.93	      3.28	      2.95	     57.45	     51.62	-32.38	 5.270e-05	      5.16	0	Gaussian	312.515272	41.252823
677	1	  0.001681	  0.001123	     -1.00	    562.77	     88.61	      2.56	      2.48	     44.85	     43.33	17.47	 5.247e-04	      5.16	0	Gaussian	309.572354	41.133293
678	1	  0.001563	  0.000966	     -1.00	    484.97	    237.06	      2.77	      2.76	     48.42	     48.37	-52.40	 2.567e-05	      5.16	0	Gaussian	309.974944	40.401700
679	1	  0.001614	  0.000956	     -1.00	    146.31	    694.75	      2.83	      2.59	     49.55	     45.26	-24.37	 1.458e-04	      5.17	0	Gaussian	311.747311	38.097581
680	1	  0.001600	  0.000637	     -1.00	    260.47	    192.36	      4.75	      2.50	     83.19	     43.81	-5.38	 7.804e-05	      5.17	0	Gaussian	311.389508	40.509416
681	1	  0.001594	  0.001064	     -1.00	    186.15	    412.33	      2.76	      2.35	     48.31	     41.15	30.87	 1.318e-04	      5.17	0	Gaussian	311.697149	39.439704
682	1	  0.001612	  0.001054	     -1.00	     29.85	    225.49	      2.69	      2.40	     47.08	     41.93	0.85	 2.022e-04	      5.18	0	Gaussian	312.783690	40.231579
683	1	  0.001692	  0.001200	     -1.00	    350.48	    413.69	      2.49	      2.38	     43.59	     41.68	8.07	 2.328e-04	      5.18	0	Gaussian	310.697330	39.512107
684	1	  0.001568	  0.001007	     -1.00	    590.31	    450.45	      2.81	      2.44	     49.19	     42.64	20.97	 4.219e-05	      5.19	0	Gaussian	309.215078	39.438718
685	1	  0.001584	  0.001060	     -1.00	    646.34	    513.59	      2.74	      2.39	     47.92	     41.87	5.05	 7.903e-05	      5.19	0	Gaussian	308.843412	39.162045
686	1	  0.001586	  0.000761	     -1.00	    336.14	    470.80	      3.29	      2.91	     57.62	     50.98	0.72	 5.332e-05	      5.19	0	Gaussian	310.749944	39.237383
687	1	  0.001633	  0.001072	     -1.00	    154.59	    478.73	      2.65	      2.48	     46.39	     43.42	24.87	 1.312e-04	      5.19	0	Gaussian	311.843088	39.112502
688	1	  0.001569	  0.000424	     -1.00	    428.19	    300.35	      5.29	      3.15	     92.60	     55.21	28.98	 5.811e-05	      5.20	0	Gaussian	310.288941	40.079517
689	1	  0.001597	  0.000947	     -1.00	    191.27	    741.47	      2.83	      2.53	     49.61	     44.22	9.93	 7.194e-05	      5.20	0	Gaussian	311.449902	37.901318
690	1	  0.001694	  0.001276	     -1.00	    767.34	     79.24	      2.41	      2.30	     42.16	     40.30	16.53	 1.692e-04	      5.20	0	Gaussian	308.293936	41.252378
691	1	  0.001608	  0.000961	     -1.00	     20.13	    716.30	      2.81	      2.50	     49.24	     43.83	16.73	 1.238e-04	      5.20	0	Gaussian	312.480715	37.931687
692	1	  0.001611	  0.000976	     -1.00	    733.25	    545.49	      2.77	      2.51	     48.57	     43.97	-23.77	 1.333e-04	      5.20	0	Gaussian	308.301012	39.041582
693	1	  0.001567	  0.000731	     -1.00	    709.07	    295.01	      3.47	      3.01	     60.77	     52.61	-16.14	 4.494e-05	      5.20	0	Gaussian	308.559962	40.214062
694	1	  0.001576	  0.000872	     -1.00	    445.69	    452.50	      2.85	      2.78	     49.90	     48.70	10.68	 6.831e-05	      5.21	0	Gaussian	310.095185	39.371382
695	1	  0.001567	  0.000881	     -1.00	    632.00	    306.40	      3.17	      2.64	     55.44	     46.17	0.13	 4.454e-05	      5.21	0	Gaussian	309.030464	40.132906
696	1	  0.001566	  0.000837	     -1.00	    447.91	    203.65	      3.19	      2.71	     55.87	     47.51	0.83	 2.486e-05	      5.22	0	Gaussian	310.223310	40.543262
697	1	  0.001611	  0.000934	     -1.00	    388.40	     92.06	      2.88	      2.55	     50.45	     44.61	-2.38	 8.551e-05	      5.22	0	Gaussian	310.659900	41.042174
698	1	  0.001571	  0.000903	     -1.00	    361.34	    518.67	      2.88	      2.56	     50.40	     44.89	5.58	 6.073e-05	      5.22	0	Gaussian	310.568744	39.023990
699	1	  0.001657	  0.001024	     -1.00	    140.06	     49.80	      2.69	      2.43	     47.10	     42.58	-48.79	 6.813e-04	      5.22	0	Gaussian	312.234907	41.116482
700	1	  0.001612	  0.000941	     -1.00	    238.54	    613.65	      2.77	      2.58	     48.54	     45.08	0.06	 7.598e-05	      5.22	0	Gaussian	311.249634	38.522000
701	1	  0.001587	  0.000997	     -1.00	    563.75	     61.39	      2.80	      2.28	     49.09	     39.98	-5.05	 6.039e-05	      5.23	0	Gaussian	309.580873	41.262083
702	1	  0.001565	  0.000874	     -1.00	    776.31	    435.50	      2.89	      2.68	     50.55	     46.88	13.55	 4.389e-05	      5.23	0	Gaussian	308.085001	39.573720
703	1	  0.001568	  0.000973	     -1.00	    603.63	    421.34	      2.81	      2.43	     49.10	     42.50	6.77	 4.108e-05	      5.23	0	Gaussian	309.148145	39.580779
704	1	  0.001554	  0.000826	     -1.00	    222.00	    344.71	      3.24	      2.73	     56.63	     47.78	1.50	 2.238e-05	      5.23	0	Gaussian	311.524323	39.774879
705	1	  0.001594	  0.000975	     -1.00	    483.38	    304.45	      2.73	      2.55	     47.79	     44.66	18.72	 8.487e-05	      5.23	0	Gaussian	309.947158	40.083730
706	1	  0.001551	  0.000746	     -1.00	    509.16	    786.50	      3.42	      2.85	     59.86	     49.83	1.51	 3.057e-05	      5.24	0	Gaussian	309.535147	37.828970
707	1	  0.001560	  0.000714	     -1.00	    579.04	    254.60	      3.58	      2.93	     62.69	     51.31	0.86	 2.798e-05	      5.24	0	Gaussian	309.383658	40.357055
708	1	  0.001572	  0.000259	     -1.00	    607.54	    657.71	      8.71	      2.93	    152.47	     51.22	-40.80	 7.081e-05	      5.24	0	Gaussian	309.009957	38.470291
709	1	  0.001567	  0.000921	     -1.00	    791.84	    416.52	      2.89	      2.36	     50.52	     41.29	8.27	 4.970e-05	      5.25	0	Gaussian	307.997695	39.668117
710	1	  0.001555	  0.000828	     -1.00	    123.01	    415.55	      3.14	      2.72	     54.96	     47.60	2.70	 3.709e-05	      5.25	0	Gaussian	312.077601	39.392125
711	1	  0.001576	  0.000866	     -1.00	    446.26	    441.31	      2.87	      2.59	     50.31	     45.37	57.62	 5.524e-05	      5.26	0	Gaussian	310.097989	39.424209
712	1	  0.001590	  0.000933	     -1.00	    619.42	     18.96	      2.72	      2.65	     47.57	     46.36	-17.00	 9.618e-05	      5.26	0	Gaussian	309.253394	41.484139
713	1	  0.001570	  0.000743	     -1.00	    471.82	    728.37	      3.36	      2.83	     58.80	     49.46	-1.39	 8.118e-05	      5.26	0	Gaussian	309.787766	38.086751
714	1	  0.001559	  0.000863	     -1.00	    141.78	    497.65	      2.94	      2.45	     51.39	     42.92	25.78	 3.499e-05	      5.26	0	Gaussian	311.907359	39.017353
715	1	  0.001564	  0.000717	     -1.00	     96.86	    494.65	      3.45	      2.86	     60.41	     49.98	-6.90	 4.033e-05	      5.26	0	Gaussian	312.179927	39.008012
716	1	  0.001579	  0.000928	     -1.00	     63.73	    362.20	      2.81	      2.48	     49.14	     43.33	-1.61	 6.000e-05	      5.27	0	Gaussian	312.475206	39.610256
717	1	  0.001647	  0.000438	     -1.00	    754.76	     99.65	      6.62	      2.26	    115.90	     39.60	-7.16	 2.394e-04	      5.27	0	Gaussian	308.363812	41.151745
718	1	  0.001550	  0.000790	     -1.00	    594.06	    222.54	      3.27	      2.71	     57.30	     47.51	-0.16	 1.905e-05	      5.27	0	Gaussian	309.307128	40.513971
719	1	  0.001558	  0.000665	     -1.00	    485.88	    598.81	      3.52	      3.02	     61.67	     52.84	-11.75	 3.867e-05	      5.28	0	Gaussian	309.772019	38.700412
720	1	  0.001586	  0.000765	     -1.00	    759.88	    617.62	      3.33	      2.71	     58.20	     47.51	0.17	 9.219e-05	      5.28	0	Gaussian	308.109377	38.710646
721	1	  0.001620	  0.000949	     -1.00	    464.02	    489.79	      2.70	      2.40	     47.26	     42.04	1.07	 4.007e-04	      5.28	0	Gaussian	309.963138	39.203753
722	1	  0.001582	  0.000900	     -1.00	    120.25	    462.12	      2.78	      2.60	     48.60	     45.48	41.88	 5.294e-05	      5.28	0	Gaussian	312.061740	39.172571
723	1	  0.001603	  0.000899	     -1.00	    617.99	    370.61	      2.93	      2.50	     51.33	     43.76	1.87	 1.574e-04	      5.28	0	Gaussian	309.085144	39.825087
724	1	  0.001596	  0.000874	     -1.00	    176.25	    629.18	      2.79	      2.63	     48.85	     45.95	3.88	 6.106e-05	      5.28	0	Gaussian	311.612237	38.419081
725	1	  0.001602	  0.000901	     -1.00	    203.23	     67.48	      2.77	      2.57	     48.44	     44.96	32.32	 4.454e-05	      5.29	0	Gaussian	311.829442	41.067066
726	1	  0.001651	  0.000960	     -1.00	    189.33	    481.74	      2.66	      2.49	     46.55	     43.60	-9.52	 2.257e-04	      5.29	0	Gaussian	311.631351	39.115947
727	1	  0.001639	  0.001082	     -1.00	    447.61	    177.22	      2.49	      2.41	     43.65	     42.18	8.92	 2.118e-04	      5.29	0	Gaussian	310.240560	40.667605
728	1	  0.001575	  0.000898	     -1.00	     41.46	    307.54	      2.81	      2.47	     49.23	     43.26	21.95	 4.013e-05	      5.30	0	Gaussian	312.650993	39.853889
729	1	  0.001560	  0.000452	     -1.00	    136.12	    602.88	      3.71	      3.58	     64.96	     62.75	-1.36	 2.501e-05	      5.30	0	Gaussian	311.869681	38.521992
730	1	  0.001587	  0.000354	     -1.00	     93.13	    694.42	      6.56	      2.86	    114.85	     49.99	8.63	 1.160e-04	      5.30	0	Gaussian	312.063445	38.072132
731	1	  0.001607	  0.000803	     -1.00	     28.36	    484.77	      2.86	      2.68	     50.01	     46.96	-35.67	 7.490e-05	      5.31	0	Gaussian	312.599067	39.017405
732	1	  0.001610	  0.000782	     -1.00	    739.70	    174.14	      3.40	      2.70	     59.51	     47.25	-1.93	 1.714e-04	      5.31	0	Gaussian	308.424547	40.794928
733	1	  0.001582	  0.000882	     -1.00	    265.72	    458.59	      2.82	      2.47	     49.37	     43.15	17.02	 5.469e-05	      5.31	0	Gaussian	311.184386	39.261836
734	1	  0.001585	  0.000685	     -1.00	    312.41	    495.51	      3.65	      2.85	     63.85	     49.95	-2.68	 4.941e-05	      5.31	0	Gaussian	310.878615	39.110491
735	1	  0.001599	  0.000911	     -1.00	    449.27	    353.39	      2.72	      2.54	     47.69	     44.49	0.04	 9.452e-05	      5.31	0	Gaussian	310.129127	39.839001
736	1	  0.001588	  0.000836	     -1.00	    100.82	    101.69	      2.87	      2.50	     50.22	     43.83	38.09	 4.205e-05	      5.32	0	Gaussian	312.440010	40.851546
737	1	  0.001622	  0.000894	     -1.00	    225.97	    205.09	      2.76	      2.46	     48.28	     43.06	-26.28	 1.207e-04	      5.32	0	Gaussian	311.593779	40.432353
738	1	  0.001572	  0.000598	     -1.00	    255.77	    777.99	      3.64	      3.09	     63.80	     54.09	3.64	 3.155e-05	      5.32	0	Gaussian	311.044622	37.761119
739	1	  0.001577	  0.000440	     -1.00	    193.42	    632.84	      4.53	      3.32	     79.23	     58.12	-53.04	 5.600e-05	      5.32	0	Gaussian	311.507273	38.410376
740	1	  0.001567	  0.000648	     -1.00	    551.14	     67.33	      3.74	      2.69	     65.51	     47.01	-10.15	 3.491e-05	      5.32	0	Gaussian	309.656723	41.229005
741	1	  0.001612	  0.000915	     -1.00	    258.51	     46.37	      2.69	      2.50	     47.11	     43.82	36.71	 1.562e-04	      5.33	0	Gaussian	311.499685	41.194649
742	1	  0.001607	  0.000978	     -1.00	    437.36	     60.56	      2.63	      2.45	     45.99	     42.81	-2.45	 7.804e-05	      5.33	0	Gaussian	310.373177	41.212599
743	1	  0.001588	  0.000890	     -1.00	    500.65	    519.19	      2.76	      2.51	     48.24	     43.96	-1.85	 1.242e-04	      5.33	0	Gaussian	309.725003	39.080464
744	1	  0.001596	  0.000834	     -1.00	    253.38	    109.77	      2.77	      2.66	     48.42	     46.63	-18.07	 4.390e-05	      5.34	0	Gaussian	311.488707	40.894016
745	1	  0.001621	  0.000787	     -1.00	    171.49	    564.87	      2.83	      2.70	     49.49	     47.33	-1.26	 8.125e-05	      5.34	0	Gaussian	311.683358	38.717684
746	1	  0.001635	  0.000937	     -1.00	    268.44	     23.64	      2.64	      2.48	     46.12	     43.32	-13.63	 2.498e-04	      5.34	0	Gaussian	311.453062	41.306492
747	1	  0.001594	  0.000720	     -1.00	    771.12	    605.75	      3.30	      2.74	     57.70	     47.90	-1.07	 1.013e-04	      5.34	0	Gaussian	308.046295	38.770045
748	1	  0.001571	  0.000663	     -1.00	    514.57	    294.10	      3.44	      2.97	     60.22	     51.91	-6.03	 2.334e-05	      5.35	0	Gaussian	309.760759	40.145319
749	1	  0.001564	  0.000578	     -1.00	    437.69	    312.62	      3.75	      3.14	     65.58	     54.98	9.99	 2.877e-05	      5.35	0	Gaussian	310.223450	40.025886
750	1	  0.001577	  0.000519	     -1.00	    396.60	    617.67	      4.06	      3.23	     71.05	     56.59	9.64	 5.752e-05	      5.35	0	Gaussian	310.298944	38.574766
751	1	  0.001577	  0.000657	     -1.00	    212.95	    579.52	      3.51	      2.87	     61.43	     50.25	3.64	 3.792e-05	      5.36	0	Gaussian	311.424939	38.669545
752	1	  0.001566	  0.000391	     -1.00	    640.06	    367.19	      4.92	      3.23	     86.13	     56.55	-45.72	 3.317e-05	      5.36	0	Gaussian	308.951332	39.849284
753	1	  0.001589	  0.000500	     -1.00	    246.92	    163.14	      4.91	      2.57	     86.01	     44.95	-0.83	 6.119e-05	      5.36	0	Gaussian	311.492760	40.639970
754	1	  0.001578	  0.000794	     -1.00	     52.79	    653.27	      2.89	      2.50	     50.63	     43.70	-8.20	 4.255e-05	      5.36	0	Gaussian	312.331699	38.243217
755	1	  0.001576	  0.000709	     -1.00	    609.77	    567.39	      3.42	      2.77	     59.83	     48.46	-3.62	 8.195e-05	      5.37	0	Gaussian	309.039679	38.895679
756	1	  0.001559	  0.000810	     -1.00	    544.59	    589.31	      2.89	      2.47	     50.51	     43.29	4.72	 5.092e-05	      5.37	0	Gaussian	309.422846	38.768198
757	1	  0.001575	  0.000646	     -1.00	     95.08	    760.72	      3.44	      2.95	     60.25	     51.56	-4.89	 4.591e-05	      5.37	0	Gaussian	312.006661	37.763602
758	1	  0.001608	  0.000766	     -1.00	    225.31	    746.19	      2.87	      2.60	     50.19	     45.59	15.40	 9.434e-05	      5.37	0	Gaussian	311.244939	37.895533
759	1	  0.001646	  0.000838	     -1.00	    348.45	    445.31	      2.69	      2.60	     47.16	     45.45	-27.15	 2.025e-04	      5.37	0	Gaussian	310.690612	39.362663
760	1	  0.001620	  0.000645	     -1.00	     70.09	    738.55	      3.44	      2.87	     60.24	     50.25	-4.51	 1.177e-04	      5.37	0	Gaussian	312.169586	37.854215
761	1	  0.001565	  0.000570	     -1.00	    667.63	    379.83	      4.11	      2.69	     71.86	     47.05	5.23	 3.511e-05	      5.38	0	Gaussian	308.775982	39.799647
762	1	  0.001597	  0.000837	     -1.00	    336.23	    307.22	      2.81	      2.40	     49.17	     42.05	40.00	 6.209e-05	      5.38	0	Gaussian	310.849596	40.005900
763	1	  0.001596	  0.000806	     -1.00	    147.96	    470.34	      2.93	      2.53	     51.35	     44.30	4.18	 1.417e-04	      5.38	0	Gaussian	311.888783	39.148424
764	1	  0.001615	  0.000851	     -1.00	     96.70	    254.29	      2.77	      2.41	     48.43	     42.15	7.86	 1.971e-04	      5.38	0	Gaussian	312.353096	40.133742
765	1	  0.001594	  0.000825	     -1.00	    276.13	    136.38	      2.84	      2.35	     49.71	     41.17	3.52	 4.174e-05	      5.39	0	Gaussian	311.329736	40.780266
766	1	  0.001615	  0.000741	     -1.00	     47.05	    494.46	      3.14	      2.61	     55.02	     45.71	-2.64	 8.565e-05	      5.39	0	Gaussian	312.479674	38.982278
767	1	  0.001606	  0.000811	     -1.00	    185.64	     12.68	      2.84	      2.37	     49.66	     41.47	-4.73	 9.629e-05	      5.39	0	Gaussian	311.977824	41.315260
768	1	  0.001561	  0.000545	     -1.00	    434.92	    767.66	      3.98	      2.86	     69.66	     49.99	-15.81	 2.715e-05	      5.39	0	Gaussian	309.986801	37.887640
769	1	  0.001599	  0.000409	     -1.00	    118.82	    172.07	      4.30	      3.39	     75.21	     59.26	-42.37	 4.448e-05	      5.39	0	Gaussian	312.277130	40.531269
770	1	  0.001590	  0.000548	     -1.00	     37.08	    784.43	      3.85	      2.90	     67.47	     50.72	-23.27	 4.307e-05	      5.39	0	Gaussian	312.332535	37.623024
771	1	  0.001573	  0.000753	     -1.00	    524.38	    207.92	      2.85	      2.74	     49.86	     48.00	-29.61	 2.982e-05	      5.40	0	Gaussian	309.746960	40.555290
772	1	  0.001567	  0.000352	     -1.00	    519.82	    731.96	      4.86	      3.57	     85.11	     62.47	22.50	 7.576e-05	      5.40	0	Gaussian	309.499274	38.088800
773	1	  0.001572	  0.000613	     -1.00	    321.16	     27.82	      3.47	      2.89	     60.76	     50.60	-3.61	 2.704e-05	      5.40	0	Gaussian	311.120649	41.312850
774	1	  0.001606	  0.000706	     -1.00	    225.42	    616.30	      2.94	      2.59	     51.46	     45.39	20.61	 6.761e-05	      5.41	0	Gaussian	311.326515	38.503328
775	1	  0.001588	  0.000795	     -1.00	    456.36	    137.60	      2.83	      2.47	     49.55	     43.18	-11.96	 4.033e-05	      5.41	0	Gaussian	310.209222	40.857991
776	1	  0.001607	  0.000537	     -1.00	    400.78	    731.75	      3.74	      2.98	     65.39	     52.22	-12.12	 1.017e-04	      5.41	0	Gaussian	310.209824	38.041683
777	1	  0.001567	  0.000766	     -1.00	    112.26	    556.22	      2.87	      2.56	     50.25	     44.77	20.12	 5.605e-05	      5.42	0	Gaussian	312.044477	38.728017
778	1	  0.001591	  0.000664	     -1.00	    159.20	    184.15	      3.39	      2.66	     59.41	     46.59	-6.15	 4.683e-05	      5.42	0	Gaussian	312.019701	40.496186
779	1	  0.001616	  0.000783	     -1.00	    246.71	    444.92	      2.77	      2.57	     48.52	     44.97	48.85	 1.522e-04	      5.42	0	Gaussian	311.308314	39.316794
780	1	  0.001573	  0.000564	     -1.00	    385.09	    287.66	      3.47	      3.08	     60.81	     53.85	3.75	 3.027e-05	      5.43	0	Gaussian	310.561446	40.120161
781	1	  0.001551	  0.000579	     -1.00	    668.15	    341.67	      3.61	      2.94	     63.17	     51.40	-4.67	 2.256e-05	      5.43	0	Gaussian	308.790753	39.979712
782	1	  0.001603	  0.000779	     -1.00	    699.23	    156.62	      2.81	      2.48	     49.21	     43.43	-44.93	 1.071e-04	      5.43	0	Gaussian	308.685138	40.863665
783	1	  0.001577	  0.000746	     -1.00	    606.72	    365.72	      2.87	      2.54	     50.31	     44.45	25.42	 7.140e-05	      5.44	0	Gaussian	309.156769	39.843937
784	1	  0.001556	  0.000734	     -1.00	    487.57	    455.30	      2.93	      2.49	     51.27	     43.58	3.35	 3.098e-05	      5.44	0	Gaussian	309.838732	39.375622
785	1	  0.001579	  0.000783	     -1.00	    221.41	    519.49	      2.85	      2.38	     49.80	     41.63	7.09	 3.534e-05	      5.44	0	Gaussian	311.412977	38.954869
786	1	  0.001586	  0.000436	     -1.00	    720.62	    156.80	      3.59	      3.39	     62.89	     59.31	3.48	 7.912e-05	      5.44	0	Gaussian	308.551496	40.870300
787	1	  0.001623	  0.000825	     -1.00	    761.33	    352.64	      2.71	      2.45	     47.51	     42.81	-15.44	 1.939e-04	      5.45	0	Gaussian	308.212024	39.959669
788	1	  0.001620	  0.000603	     -1.00	    776.63	    124.63	      3.47	      2.92	     60.73	     51.18	-12.13	 2.274e-04	      5.45	0	Gaussian	308.215643	41.040996
789	1	  0.001572	  0.000692	     -1.00	     26.62	    189.02	      2.86	      2.81	     50.14	     49.22	21.77	 5.946e-05	      5.45	0	Gaussian	312.831326	40.400562
790	1	  0.001626	  0.000483	     -1.00	     96.18	    777.91	      4.08	      2.78	     71.41	     48.64	4.70	 1.945e-04	      5.45	0	Gaussian	311.988531	37.683974
791	1	  0.001609	  0.000484	     -1.00	     52.46	    623.48	      4.79	      2.39	     83.90	     41.88	2.83	 8.958e-05	      5.45	0	Gaussian	312.354762	38.382204
792	1	  0.001589	  0.000808	     -1.00	    438.56	    353.24	      2.75	      2.47	     48.17	     43.17	11.92	 9.741e-05	      5.45	0	Gaussian	310.194887	39.835145
793	1	  0.001574	  0.000766	     -1.00	    687.44	    275.31	      2.84	      2.45	     49.71	     42.83	-3.73	 4.292e-05	      5.45	0	Gaussian	308.702787	40.299451
794	1	  0.001585	  0.000535	     -1.00	    697.14	     17.93	      3.88	      2.92	     67.98	     51.07	-0.19	 3.931e-05	      5.46	0	Gaussian	308.764106	41.517805
795	1	  0.001612	  0.000535	     -1.00	    572.10	    409.01	      4.51	      2.26	     78.94	     39.56	0.88	 3.920e-04	      5.46	0	Gaussian	309.347169	39.626935
796	1	  0.001646	  0.000841	     -1.00	    377.19	    698.13	      2.67	      2.34	     46.67	     40.97	-7.49	 3.800e-04	      5.46	0	Gaussian	310.369503	38.189160
797	1	  0.001577	  0.000517	     -1.00	    367.75	    459.69	      3.69	      3.02	     64.62	     52.91	-10.93	 4.256e-05	      5.46	0	Gaussian	310.564783	39.303775
798	1	  0.001585	  0.000758	     -1.00	    621.70	      9.29	      2.87	      2.31	     50.26	     40.40	-13.41	 9.355e-05	      5.46	0	Gaussian	309.244005	41.530636
799	1	  0.001587	  0.000546	     -1.00	    726.74	    300.11	      3.82	      2.61	     66.94	     45.69	11.30	 6.201e-05	      5.46	0	Gaussian	308.448425	40.195993
800	1	  0.001587	  0.000767	     -1.00	    391.78	    470.57	      2.85	      2.34	     49.87	     41.02	21.18	 6.749e-05	      5.47	0	Gaussian	310.412514	39.263293
801	1	  0.001606	  0.000809	     -1.00	    265.42	    288.58	      2.71	      2.46	     47.49	     43.10	-9.57	 1.496e-04	      5.47	0	Gaussian	311.295757	40.059779
802	1	  0.001620	  0.000722	     -1.00	    320.99	    231.81	      2.88	      2.57	     50.35	     44.97	-4.75	 1.782e-04	      5.47	0	Gaussian	310.990575	40.353261
803	1	  0.001670	  0.000798	     -1.00	     14.59	    430.66	      2.67	      2.46	     46.80	     43.01	2.30	 1.509e-04	      5.47	0	Gaussian	312.721986	39.262787
804	1	  0.001588	  0.000509	     -1.00	    164.14	    631.83	      3.87	      3.04	     67.80	     53.15	3.93	 9.999e-05	      5.47	0	Gaussian	311.682830	38.400673
805	1	  0.001556	  0.000736	     -1.00	    696.62	    494.42	      2.92	      2.34	     51.16	     40.92	-2.28	 4.003e-05	      5.47	0	Gaussian	308.546186	39.269832
806	1	  0.001570	  0.000692	     -1.00	    736.50	    197.72	      2.93	      2.56	     51.34	     44.81	-23.76	 4.353e-05	      5.47	0	Gaussian	308.433852	40.682528
807	1	  0.001592	  0.000565	     -1.00	    290.17	    463.21	      3.87	      2.47	     67.80	     43.21	0.01	 7.332e-05	      5.47	0	Gaussian	311.033263	39.251712
808	1	  0.001590	  0.000552	     -1.00	    324.04	    393.52	      3.85	      2.63	     67.34	     45.95	-10.82	 3.608e-05	      5.47	0	Gaussian	310.870770	39.594702
809	1	  0.001627	  0.000684	     -1.00	    744.72	    103.02	      3.30	      2.57	     57.82	     44.92	-0.28	 1.447e-04	      5.48	0	Gaussian	308.425233	41.132481
810	1	  0.001584	  0.000689	     -1.00	    300.76	    405.12	      2.90	      2.61	     50.71	     45.64	1.11	 5.078e-05	      5.48	0	Gaussian	311.005341	39.529381
811	1	  0.001584	  0.000691	     -1.00	     66.51	    233.74	      2.90	      2.59	     50.82	     45.29	0.43	 3.344e-05	      5.48	0	Gaussian	312.553029	40.213476
812	1	  0.001551	  0.000437	     -1.00	    656.77	    620.18	      4.29	      2.89	     75.05	     50.51	-29.40	 3.142e-05	      5.48	0	Gaussian	308.730908	38.664246
813	1	  0.001621	  0.000744	     -1.00	    712.69	    753.55	      2.83	      2.38	     49.50	     41.61	13.95	 2.154e-04	      5.48	0	Gaussian	308.336105	38.056327
814	1	  0.001631	  0.000689	     -1.00	    278.36	    103.01	      2.86	      2.60	     49.98	     45.54	3.46	 1.373e-04	      5.49	0	Gaussian	311.337997	40.938255
815	1	  0.001581	  0.000752	     -1.00	    244.43	    298.53	      2.81	      2.52	     49.11	     44.04	8.12	 3.480e-05	      5.49	0	Gaussian	311.417804	40.002753
816	1	  0.001589	  0.000656	     -1.00	     50.71	    100.66	      2.96	      2.53	     51.85	     44.31	9.15	 4.640e-05	      5.49	0	Gaussian	312.750629	40.828257
817	1	  0.001594	  0.000744	     -1.00	    494.36	    373.24	      2.83	      2.42	     49.47	     42.38	0.28	 6.512e-05	      5.49	0	Gaussian	309.841906	39.764457
818	1	  0.001613	  0.000647	     -1.00	    444.77	    345.59	      3.32	      2.59	     58.03	     45.31	-5.50	 1.399e-04	      5.49	0	Gaussian	310.161144	39.873813
819	1	  0.001609	  0.000348	     -1.00	    247.36	    621.77	      5.74	      2.66	    100.53	     46.59	-9.91	 1.106e-04	      5.50	0	Gaussian	311.191682	38.488209
820	1	  0.001563	  0.000596	     -1.00	    611.21	    717.05	      3.57	      2.67	     62.54	     46.79	0.16	 4.737e-05	      5.50	0	Gaussian	308.959861	38.192903
821	1	  0.001628	  0.000639	     -1.00	     36.44	    496.49	      3.18	      2.85	     55.62	     49.80	-8.52	 9.687e-05	      5.50	0	Gaussian	312.541927	38.967014
822	1	  0.001590	  0.000537	     -1.00	    526.69	     51.57	      3.95	      2.70	     69.13	     47.34	-8.49	 1.087e-04	      5.50	0	Gaussian	309.818729	41.293285
823	1	  0.001603	  0.000413	     -1.00	    139.38	    678.60	      4.24	      3.05	     74.14	     53.45	2.96	 1.134e-04	      5.50	0	Gaussian	311.799308	38.169556
824	1	  0.001618	  0.000743	     -1.00	    751.53	    468.55	      2.80	      2.38	     49.07	     41.72	17.92	 2.629e-04	      5.50	0	Gaussian	308.222617	39.409984
825	1	  0.001615	  0.000748	     -1.00	     22.52	    750.32	      2.82	      2.32	     49.35	     40.58	-20.49	 9.164e-05	      5.50	0	Gaussian	312.442403	37.774319
826	1	  0.001655	  0.000701	     -1.00	    357.50	    613.18	      3.00	      2.60	     52.60	     45.50	-13.11	 4.067e-04	      5.50	0	Gaussian	310.536367	38.578839
827	1	  0.001592	  0.000632	     -1.00	      6.44	    741.56	      2.98	      2.64	     52.21	     46.24	-49.93	 5.405e-05	      5.50	0	Gaussian	312.543553	37.806575
828	1	  0.001568	  0.000695	     -1.00	    464.48	    546.55	      2.88	      2.57	     50.44	     44.91	1.37	 6.217e-05	      5.50	0	Gaussian	309.929293	38.937204
829	1	  0.001581	  0.000519	     -1.00	    651.97	    636.99	      3.62	      3.06	     63.39	     53.49	-9.68	 8.064e-05	      5.50	0	Gaussian	308.752134	38.583506
830	1	  0.001560	  0.000675	     -1.00	    740.62	    745.45	      2.99	      2.33	     52.33	     40.85	-5.29	 7.774e-05	      5.51	0	Gaussian	308.172331	38.103421
831	1	  0.001593	  0.000673	     -1.00	    396.72	    781.24	      2.94	      2.39	     51.47	     41.80	-2.61	 7.721e-05	      5.51	0	Gaussian	310.206514	37.808144
832	1	  0.001574	  0.000554	     -1.00	    452.05	    652.30	      3.56	      2.87	     62.40	     50.27	-7.57	 9.898e-05	      5.51	0	Gaussian	309.946757	38.435574
833	1	  0.001584	  0.000584	     -1.00	    290.19	     44.42	      3.46	      2.75	     60.61	     48.17	-3.99	 2.590e-05	      5.51	0	Gaussian	311.303278	41.219596
834	1	  0.001592	  0.000689	     -1.00	    218.81	    452.69	      2.90	      2.44	     50.80	     42.63	37.51	 9.797e-05	      5.51	0	Gaussian	311.472330	39.266746
835	1	  0.001687	  0.000797	     -1.00	    740.01	     59.23	      2.75	      2.32	     48.09	     40.56	-10.37	 1.727e-04	      5.51	0	Gaussian	308.474731	41.337694
836	1	  0.001581	  0.000609	     -1.00	     84.20	    545.62	      3.32	      2.74	     58.12	     47.92	4.08	 5.459e-05	      5.51	0	Gaussian	312.220077	38.762921
837	1	  0.001638	  0.000749	     -1.00	    222.44	    214.58	      2.74	      2.42	     47.96	     42.38	-29.62	 1.742e-04	      5.51	0	Gaussian	311.609085	40.386000
838	1	  0.001577	  0.000458	     -1.00	    199.22	    643.59	      3.73	      3.20	     65.30	     56.01	-5.47	 5.944e-05	      5.51	0	Gaussian	311.465649	38.362912
839	1	  0.001611	  0.000715	     -1.00	    538.87	    256.43	      3.04	      2.61	     53.24	     45.74	12.86	 7.752e-05	      5.51	0	Gaussian	309.631101	40.332596
840	1	  0.001632	  0.000816	     -1.00	    645.39	    428.33	      2.65	      2.36	     46.44	     41.26	18.98	 1.273e-04	      5.52	0	Gaussian	308.889427	39.563173
841	1	  0.001596	  0.000633	     -1.00	     21.29	    414.36	      2.97	      2.53	     52.00	     44.27	-35.90	 5.269e-05	      5.52	0	Gaussian	312.693658	39.342764
842	1	  0.001602	  0.000761	     -1.00	    630.59	    166.50	      2.77	      2.34	     48.46	     41.03	-20.53	 8.172e-05	      5.52	0	Gaussian	309.108424	40.792157
843	1	  0.001564	  0.000577	     -1.00	    505.99	    111.55	      3.49	      2.80	     61.04	     49.04	-1.64	 2.622e-05	      5.52	0	Gaussian	309.914735	41.001917
844	1	  0.001556	  0.000504	     -1.00	    771.19	    759.71	      3.63	      3.07	     63.61	     53.66	-5.39	 4.222e-05	      5.52	0	Gaussian	307.983607	38.046061
845	1	  0.001579	  0.000719	     -1.00	    605.57	    284.63	      2.83	      2.50	     49.48	     43.68	-7.78	 5.049e-05	      5.53	0	Gaussian	309.204394	40.225631
846	1	  0.001567	  0.000526	     -1.00	    674.20	    207.34	      3.66	      2.84	     64.14	     49.78	-13.29	 4.511e-05	      5.53	0	Gaussian	308.817034	40.615421
847	1	  0.001611	  0.000606	     -1.00	    238.79	    679.42	      3.44	      2.60	     60.19	     45.45	-3.73	 5.738e-05	      5.53	0	Gaussian	311.206679	38.214241
848	1	  0.001573	  0.000513	     -1.00	    334.70	    498.52	      3.67	      2.87	     64.19	     50.32	7.22	 4.773e-05	      5.53	0	Gaussian	310.741931	39.106584
849	1	  0.001560	  0.000663	     -1.00	    746.23	    419.45	      2.98	      2.39	     52.15	     41.91	-20.50	 3.646e-05	      5.53	0	Gaussian	308.276084	39.639678
850	1	  0.001580	  0.000456	     -1.00	    627.95	     93.30	      4.64	      2.60	     81.18	     45.51	-13.29	 3.934e-05	      5.53	0	Gaussian	309.161755	41.136559
851	1	  0.001576	  0.000517	     -1.00	    386.15	    385.79	      3.61	      2.95	     63.24	     51.56	-11.07	 5.597e-05	      5.53	0	Gaussian	310.496494	39.659214
852	1	  0.001578	  0.000447	     -1.00	    332.36	    638.41	      4.12	      2.61	     72.20	     45.61	-20.77	 4.083e-05	      5.53	0	Gaussian	310.672353	38.449360
853	1	  0.001587	  0.000561	     -1.00	    149.69	    529.71	      3.45	      2.78	     60.33	     48.70	-11.60	 7.265e-05	      5.53	0	Gaussian	311.837890	38.871285
854	1	  0.001568	  0.000492	     -1.00	    316.12	    151.76	      3.72	      2.99	     65.20	     52.37	1.38	 1.912e-05	      5.54	0	Gaussian	311.071724	40.727348
855	1	  0.001567	  0.000603	     -1.00	    527.64	    517.93	      2.99	      2.76	     52.34	     48.34	4.10	 4.271e-05	      5.54	0	Gaussian	309.562019	39.097141
856	1	  0.001566	  0.000389	     -1.00	    395.03	    556.53	      4.83	      2.81	     84.49	     49.12	-1.47	 5.938e-05	      5.54	0	Gaussian	310.343236	38.861004
857	1	  0.001570	  0.000364	     -1.00	    243.59	    761.30	      4.00	      3.57	     69.94	     62.47	-40.43	 3.805e-05	      5.54	0	Gaussian	311.127121	37.833486
858	1	  0.001563	  0.000513	     -1.00	    580.73	    584.78	      3.64	      2.90	     63.69	     50.69	-7.89	 2.967e-05	      5.55	0	Gaussian	309.206836	38.803187
859	1	  0.001569	  0.000695	     -1.00	    784.22	    243.73	      2.88	      2.43	     50.32	     42.51	-31.12	 9.130e-05	      5.55	0	Gaussian	308.116992	40.481035
860	1	  0.001558	  0.000587	     -1.00	    479.09	    550.45	      3.42	      2.71	     59.78	     47.51	-3.93	 4.112e-05	      5.56	0	Gaussian	309.838850	38.924873
861	1	  0.001572	  0.000669	     -1.00	    506.31	    577.31	      2.89	      2.48	     50.61	     43.41	4.60	 1.240e-04	      5.56	0	Gaussian	309.660109	38.809600
862	1	  0.001586	  0.000552	     -1.00	    240.09	    423.72	      3.32	      2.88	     58.10	     50.33	-7.61	 5.533e-05	      5.56	0	Gaussian	311.362248	39.413063
863	1	  0.001577	  0.000619	     -1.00	    509.50	     57.95	      2.91	      2.72	     50.94	     47.65	-13.05	 6.330e-05	      5.57	0	Gaussian	309.922894	41.256053
864	1	  0.001586	  0.000512	     -1.00	    351.97	    765.36	      3.62	      2.90	     63.32	     50.68	-3.19	 5.207e-05	      5.57	0	Gaussian	310.481305	37.863343
865	1	  0.001569	  0.000661	     -1.00	    436.41	    416.56	      2.89	      2.52	     50.63	     44.11	-2.68	 4.788e-05	      5.57	0	Gaussian	310.171948	39.536402
866	1	  0.001584	  0.000516	     -1.00	    783.19	    682.39	      3.71	      2.66	     65.02	     46.57	0.11	 6.060e-05	      5.57	0	Gaussian	307.942459	38.413234
867	1	  0.001608	  0.000548	     -1.00	    710.98	    240.44	      3.85	      2.28	     67.43	     39.95	-10.36	 8.895e-05	      5.58	0	Gaussian	308.573088	40.472192
868	1	  0.001562	  0.000538	     -1.00	    506.18	    309.45	      3.58	      2.72	     62.68	     47.53	-2.62	 4.471e-05	      5.58	0	Gaussian	309.804110	40.069567
869	1	  0.001618	  0.000413	     -1.00	    287.27	    114.73	      4.88	      2.67	     85.36	     46.69	-32.30	 7.748e-05	      5.58	0	Gaussian	311.274931	40.887518
870	1	  0.001563	  0.000529	     -1.00	    513.81	    599.36	      3.68	      2.79	     64.36	     48.87	1.65	 4.923e-05	      5.58	0	Gaussian	309.603345	38.708952
871	1	  0.001637	  0.000476	     -1.00	    292.75	    577.84	      5.06	      2.35	     88.64	     41.10	14.30	 1.622e-04	      5.58	0	Gaussian	310.946689	38.715298
872	1	  0.001588	  0.000393	     -1.00	    428.25	    450.49	      5.02	      2.49	     87.92	     43.53	-1.36	 1.035e-04	      5.58	0	Gaussian	310.202448	39.373428
873	1	  0.001554	  0.000491	     -1.00	     82.82	    491.85	      3.72	      2.95	     65.10	     51.70	-17.24	 3.462e-05	      5.58	0	Gaussian	312.266424	39.013670
874	1	  0.001603	  0.000466	     -1.00	    217.84	    280.60	      4.30	      2.58	     75.20	     45.09	5.70	 1.145e-04	      5.59	0	Gaussian	311.592687	40.073686
875	1	  0.001563	  0.000593	     -1.00	    387.85	    175.88	      3.01	      2.58	     52.74	     45.11	34.32	 3.653e-05	      5.59	0	Gaussian	310.611999	40.647336
876	1	  0.001579	  0.000397	     -1.00	     25.01	    602.28	      4.81	      2.75	     84.10	     48.11	-4.83	 7.729e-05	      5.59	0	Gaussian	312.533548	38.466481
877	1	  0.001599	  0.000442	     -1.00	    194.82	    706.44	      3.90	      2.84	     68.24	     49.69	-11.02	 4.642e-05	      5.59	0	Gaussian	311.451301	38.066766
878	1	  0.001573	  0.000592	     -1.00	    655.55	    444.04	      3.32	      2.73	     58.05	     47.80	-7.29	 6.117e-05	      5.59	0	Gaussian	308.819855	39.492807
879	1	  0.001596	  0.000605	     -1.00	    552.57	    124.94	      2.88	      2.73	     50.34	     47.86	-8.12	 7.508e-05	      5.59	0	Gaussian	309.616558	40.957905
880	1	  0.001566	  0.000474	     -1.00	    536.90	    650.37	      3.79	      2.92	     66.32	     51.19	3.84	 5.349e-05	      5.59	0	Gaussian	309.438247	38.478382
881	1	  0.001568	  0.000581	     -1.00	    793.33	    472.72	      3.05	      2.49	     53.47	     43.55	-37.07	 4.230e-05	      5.59	0	Gaussian	307.965581	39.403590
882	1	  0.001606	  0.000603	     -1.00	    297.58	    515.84	      2.94	      2.51	     51.45	     43.92	6.00	 1.434e-04	      5.60	0	Gaussian	310.955725	39.008250
883	1	  0.001593	  0.000635	     -1.00	    397.40	    284.72	      2.86	      2.59	     49.99	     45.42	-7.83	 6.488e-05	      5.60	0	Gaussian	310.487481	40.139502
884	1	  0.001590	  0.000504	     -1.00	    234.26	    745.27	      3.69	      2.65	     64.55	     46.43	-12.15	 9.616e-05	      5.60	0	Gaussian	311.192420	37.904072
885	1	  0.001566	  0.000290	     -1.00	    454.17	    156.67	      4.57	      3.81	     79.95	     66.77	5.76	 2.872e-05	      5.60	0	Gaussian	310.211721	40.767241
886	1	  0.001571	  0.000454	     -1.00	    176.39	    750.42	      3.89	      2.80	     68.05	     48.97	-2.72	 4.041e-05	      5.60	0	Gaussian	311.532368	37.852276
887	1	  0.001562	  0.000568	     -1.00	    560.38	      9.02	      3.00	      2.75	     52.54	     48.14	-49.74	 3.142e-05	      5.60	0	Gaussian	309.630443	41.507787
888	1	  0.001569	  0.000586	     -1.00	    497.66	    176.94	      2.96	      2.71	     51.75	     47.43	0.00	 3.230e-05	      5.61	0	Gaussian	309.929973	40.690264
889	1	  0.001604	  0.000480	     -1.00	     53.14	    616.12	      3.65	      2.95	     63.84	     51.70	0.11	 8.558e-05	      5.61	0	Gaussian	312.355917	38.416918
890	1	  0.001602	  0.000340	     -1.00	    543.25	    117.39	      5.56	      2.58	     97.26	     45.24	-18.41	 1.152e-04	      5.61	0	Gaussian	309.678873	40.989714
891	1	  0.001562	  0.000371	     -1.00	    534.62	    579.53	      3.67	      3.42	     64.32	     59.80	-60.90	 7.886e-05	      5.62	0	Gaussian	309.488010	38.810289
892	1	  0.001572	  0.000491	     -1.00	    423.77	    140.48	      3.79	      2.91	     66.33	     50.94	-0.80	 2.566e-05	      5.62	0	Gaussian	310.410309	40.830134
893	1	  0.001611	  0.000666	     -1.00	    693.58	    755.28	      2.78	      2.48	     48.62	     43.41	0.07	 2.299e-04	      5.62	0	Gaussian	308.449652	38.041888
894	1	  0.001627	  0.000350	     -1.00	     25.90	    671.66	      4.96	      2.48	     86.86	     43.41	-0.08	 2.593e-04	      5.62	0	Gaussian	312.478386	38.143055
895	1	  0.001617	  0.000630	     -1.00	    767.39	    611.78	      2.87	      2.40	     50.15	     41.97	-19.00	 1.350e-04	      5.63	0	Gaussian	308.066372	38.740498
896	1	  0.001582	  0.000301	     -1.00	    238.23	     27.74	      6.36	      2.59	    111.40	     45.32	-6.90	 4.322e-05	      5.63	0	Gaussian	311.638962	41.271922
897	1	  0.001584	  0.000578	     -1.00	    238.42	    547.89	      2.92	      2.71	     51.18	     47.51	-4.16	 8.994e-05	      5.63	0	Gaussian	311.292199	38.830009
898	1	  0.001594	  0.000624	     -1.00	    407.54	    114.64	      2.91	      2.30	     50.99	     40.26	-3.73	 9.304e-05	      5.63	0	Gaussian	310.526840	40.944574
899	1	  0.001573	  0.000501	     -1.00	    197.48	    122.47	      3.54	      2.96	     62.03	     51.83	-10.42	 2.023e-05	      5.63	0	Gaussian	311.826657	40.805806
900	1	  0.001563	  0.000514	     -1.00	    355.91	    543.36	      3.61	      2.76	     63.20	     48.28	-1.11	 4.873e-05	      5.63	0	Gaussian	310.586947	38.905655
901	1	  0.001584	  0.000550	     -1.00	    618.57	    662.52	      3.03	      2.50	     53.07	     43.75	24.48	 5.567e-05	      5.63	0	Gaussian	308.941308	38.451666
902	1	  0.001584	  0.000504	     -1.00	    267.32	    397.01	      3.66	      2.71	     64.04	     47.49	-2.97	 5.296e-05	      5.63	0	Gaussian	311.213988	39.551568
903	1	  0.001552	  0.000463	     -1.00	    676.53	    515.41	      3.82	      3.02	     66.92	     52.83	-2.30	 3.654e-05	      5.63	0	Gaussian	308.659013	39.164053
904	1	  0.001605	  0.000562	     -1.00	    315.76	    326.92	      2.94	      2.65	     51.46	     46.41	35.39	 1.190e-04	      5.63	0	Gaussian	310.962752	39.903769
905	1	  0.001570	  0.000533	     -1.00	    397.91	    387.60	      3.52	      2.71	     61.57	     47.50	-9.68	 6.593e-05	      5.64	0	Gaussian	310.423666	39.655911
906	1	  0.001594	  0.000489	     -1.00	    275.19	    509.30	      3.83	      2.67	     66.99	     46.71	-16.09	 4.909e-05	      5.64	0	Gaussian	311.095050	39.028463
907	1	  0.001582	  0.000569	     -1.00	    392.72	    241.97	      2.95	      2.66	     51.61	     46.50	32.62	 5.713e-05	      5.64	0	Gaussian	310.541931	40.338539
908	1	  0.001581	  0.000551	     -1.00	    237.65	    100.54	      3.02	      2.53	     52.85	     44.23	23.56	 3.561e-05	      5.64	0	Gaussian	311.592627	40.929464
909	1	  0.001570	  0.000387	     -1.00	    143.70	    661.04	      4.58	      2.84	     80.22	     49.79	6.45	 2.467e-05	      5.64	0	Gaussian	311.785306	38.253836
910	1	  0.001559	  0.000499	     -1.00	    662.81	    633.53	      3.69	      2.73	     64.53	     47.82	-9.84	 6.099e-05	      5.64	0	Gaussian	308.688374	38.603545
911	1	  0.001612	  0.000646	     -1.00	    692.40	    160.81	      2.76	      2.54	     48.31	     44.47	-26.54	 1.235e-04	      5.65	0	Gaussian	308.725786	40.841505
912	1	  0.001625	  0.000558	     -1.00	    133.51	    338.53	      3.50	      2.64	     61.30	     46.15	4.77	 1.512e-04	      5.65	0	Gaussian	312.067986	39.758519
913	1	  0.001554	  0.000507	     -1.00	    733.98	    394.28	      3.63	      2.78	     63.61	     48.74	-5.41	 3.156e-05	      5.65	0	Gaussian	308.362156	39.754308
914	1	  0.001554	  0.000473	     -1.00	    424.72	    470.21	      3.74	      2.96	     65.43	     51.83	-7.65	 2.708e-05	      5.65	0	Gaussian	310.212675	39.279216
915	1	  0.001606	  0.000624	     -1.00	    326.67	    446.39	      2.86	      2.35	     49.98	     41.13	-24.00	 6.761e-05	      5.66	0	Gaussian	310.822294	39.347654
916	1	  0.001560	  0.000469	     -1.00	    122.75	    784.25	      3.69	      2.89	     64.52	     50.53	-8.93	 2.909e-05	      5.66	0	Gaussian	311.827379	37.667781
917	1	  0.001613	  0.000681	     -1.00	    494.36	    482.34	      2.74	      2.35	     47.87	     41.14	-18.95	 2.714e-04	      5.66	0	Gaussian	309.782872	39.251206
918	1	  0.001570	  0.000585	     -1.00	    695.37	    674.27	      2.95	      2.48	     51.57	     43.40	-0.95	 4.833e-05	      5.66	0	Gaussian	308.474155	38.423151
919	1	  0.001592	  0.000607	     -1.00	    181.26	    614.32	      2.90	      2.36	     50.83	     41.24	5.03	 5.585e-05	      5.66	0	Gaussian	311.592070	38.491053
920	1	  0.001586	  0.000488	     -1.00	     27.16	    111.40	      3.64	      2.69	     63.64	     47.10	-0.37	 4.218e-05	      5.66	0	Gaussian	312.887753	40.764472
921	1	  0.001564	  0.000310	     -1.00	    634.94	    545.25	      4.68	      3.30	     81.97	     57.78	0.98	 4.675e-05	      5.67	0	Gaussian	308.897740	39.008982
922	1	  0.001572	  0.000394	     -1.00	    279.03	    243.80	      4.05	      2.97	     70.84	     51.91	-15.60	 2.877e-05	      5.67	0	Gaussian	311.241287	40.276808
923	1	  0.001593	  0.000669	     -1.00	    706.44	     67.20	      2.76	      2.36	     48.28	     41.22	-0.52	 6.406e-05	      5.67	0	Gaussian	308.682089	41.288418
924	1	  0.001587	  0.000471	     -1.00	    598.01	    363.84	      3.50	      2.94	     61.22	     51.50	-12.15	 1.056e-04	      5.68	0	Gaussian	309.211188	39.849502
925	1	  0.001597	  0.000487	     -1.00	    127.29	    317.71	      3.55	      2.69	     62.12	     47.09	0.03	 7.590e-05	      5.68	0	Gaussian	312.120594	39.852836
926	1	  0.001540	  0.000506	     -1.00	    587.66	    697.76	      3.16	      2.55	     55.30	     44.64	2.43	 2.625e-05	      5.68	0	Gaussian	309.110152	38.274928
927	1	  0.001587	  0.000617	     -1.00	    394.38	     48.34	      2.82	      2.51	     49.30	     43.91	-0.91	 5.645e-05	      5.68	0	Gaussian	310.649501	41.250768
928	1	  0.001589	  0.000483	     -1.00	    254.57	    637.50	      3.07	      2.77	     53.71	     48.47	-9.99	 4.966e-05	      5.68	0	Gaussian	311.138685	38.417923
929	1	  0.001575	  0.000500	     -1.00	    777.96	    372.09	      3.42	      2.82	     59.91	     49.28	0.66	 5.957e-05	      5.68	0	Gaussian	308.101410	39.873270
930	1	  0.001566	  0.000528	     -1.00	    643.29	    734.03	      3.03	      2.58	     52.98	     45.17	-1.47	 4.651e-05	      5.69	0	Gaussian	308.759928	38.124526
931	1	  0.001585	  0.000395	     -1.00	    698.62	    130.33	      4.38	      2.69	     76.59	     47.05	-12.39	 1.021e-04	      5.69	0	Gaussian	308.701285	40.987588
932	1	  0.001571	  0.000512	     -1.00	    740.69	    531.40	      3.50	      2.77	     61.35	     48.41	-8.49	 6.592e-05	      5.69	0	Gaussian	308.261893	39.110336
933	1	  0.001565	  0.000310	     -1.00	    606.86	    217.97	      4.00	      3.67	     69.96	     64.24	-16.32	 3.856e-05	      5.69	0	Gaussian	309.230061	40.540416
934	1	  0.001571	  0.000381	     -1.00	    107.63	    433.42	      4.49	      2.77	     78.63	     48.56	-5.58	 5.244e-05	      5.69	0	Gaussian	312.158098	39.300325
935	1	  0.001567	  0.000323	     -1.00	    198.67	    783.39	      4.42	      3.27	     77.43	     57.16	6.06	 2.418e-05	      5.70	0	Gaussian	311.379303	37.709001
936	1	  0.001575	  0.000470	     -1.00	    241.85	     50.24	      3.49	      2.87	     61.10	     50.26	-11.70	 2.469e-05	      5.70	0	Gaussian	311.600906	41.168017
937	1	  0.001577	  0.000450	     -1.00	     18.70	     63.28	      3.51	      2.93	     61.38	     51.32	1.99	 2.560e-05	      5.71	0	Gaussian	312.977519	40.985032
938	1	  0.001611	  0.000577	     -1.00	    232.33	    713.20	      2.87	      2.44	     50.15	     42.64	12.72	 7.811e-05	      5.71	0	Gaussian	311.223962	38.053143
939	1	  0.001589	  0.000433	     -1.00	    678.10	    581.08	      3.81	      2.48	     66.76	     43.37	-5.06	 2.253e-04	      5.71	0	Gaussian	308.619733	38.855521
940	1	  0.001594	  0.000459	     -1.00	    393.42	    397.69	      3.78	      2.49	     66.24	     43.62	-3.26	 1.412e-04	      5.71	0	Gaussian	310.445150	39.606484
941	1	  0.001628	  0.000419	     -1.00	    472.64	    115.44	      3.86	      2.65	     67.64	     46.32	-12.10	 3.054e-04	      5.71	0	Gaussian	310.120567	40.969454
942	1	  0.001560	  0.000388	     -1.00	    443.71	    663.31	      4.07	      2.72	     71.17	     47.59	18.00	 4.249e-05	      5.71	0	Gaussian	309.990801	38.380481
943	1	  0.001583	  0.000482	     -1.00	    469.18	    126.85	      3.48	      2.75	     60.88	     48.13	-9.93	 4.474e-05	      5.71	0	Gaussian	310.135578	40.914179
944	1	  0.001588	  0.000355	     -1.00	    780.20	     81.55	      4.07	      2.92	     71.18	     51.10	-8.93	 5.607e-05	      5.72	0	Gaussian	308.212111	41.245663
945	1	  0.001590	  0.000560	     -1.00	     51.37	    191.78	      2.89	      2.57	     50.57	     45.05	-34.55	 7.208e-05	      5.72	0	Gaussian	312.677271	40.401612
946	1	  0.001563	  0.000347	     -1.00	    127.18	    495.65	      4.91	      2.73	     85.96	     47.71	-19.23	 2.955e-05	      5.72	0	Gaussian	311.996701	39.019160
947	1	  0.001567	  0.000410	     -1.00	    679.88	    129.48	      3.96	      2.71	     69.37	     47.43	-9.85	 3.131e-05	      5.72	0	Gaussian	308.818937	40.984943
948	1	  0.001599	  0.000360	     -1.00	    761.15	    714.91	      5.04	      2.49	     88.27	     43.65	7.79	 2.101e-04	      5.72	0	Gaussian	308.061849	38.253438
949	1	  0.001564	  0.000417	     -1.00	    654.18	    185.37	      3.99	      2.67	     69.85	     46.73	-10.52	 3.093e-05	      5.73	0	Gaussian	308.952176	40.711863
950	1	  0.001572	  0.000500	     -1.00	    526.79	    322.69	      3.35	      2.73	     58.66	     47.79	-8.43	 6.793e-05	      5.73	0	Gaussian	309.670116	40.015606
951	1	  0.001582	  0.000228	     -1.00	    302.33	    162.33	      3.91	      3.64	     68.52	     63.76	8.10	 5.772e-05	      5.73	0	Gaussian	311.150376	40.671023
952	1	  0.001553	  0.000459	     -1.00	    688.56	    738.59	      3.49	      2.97	     61.07	     52.00	-19.58	 3.814e-05	      5.73	0	Gaussian	308.486940	38.118588
953	1	  0.001572	  0.000436	     -1.00	    579.50	    497.09	      3.65	      3.06	     63.85	     53.48	-3.58	 1.389e-04	      5.73	0	Gaussian	309.257707	39.215157
954	1	  0.001556	  0.000430	     -1.00	     75.74	    568.39	      3.73	      2.86	     65.32	     50.10	1.11	 2.608e-05	      5.74	0	Gaussian	312.254725	38.651963
955	1	  0.001568	  0.000401	     -1.00	    249.25	     12.54	      4.05	      2.52	     70.80	     44.11	-20.35	 2.006e-05	      5.74	0	Gaussian	311.580577	41.348981
956	1	  0.001585	  0.000516	     -1.00	    683.61	      5.53	      3.01	      2.40	     52.69	     41.94	9.80	 4.404e-05	      5.74	0	Gaussian	308.855470	41.571485
957	1	  0.001575	  0.000337	     -1.00	    601.69	    712.80	      4.82	      2.81	     84.40	     49.13	-18.85	 7.623e-05	      5.74	0	Gaussian	309.018913	38.209410
958	1	  0.001571	  0.000312	     -1.00	     14.57	    117.51	      4.72	      3.10	     82.70	     54.34	-1.21	 3.006e-05	      5.74	0	Gaussian	312.960635	40.728567
959	1	  0.001562	  0.000441	     -1.00	    122.04	    746.30	      3.80	      2.71	     66.48	     47.51	-2.43	 3.360e-05	      5.75	0	Gaussian	311.856946	37.844603
960	1	  0.001600	  0.000552	     -1.00	    654.39	    428.64	      2.89	      2.45	     50.56	     42.82	-12.15	 1.034e-04	      5.75	0	Gaussian	308.834205	39.564916
961	1	  0.001573	  0.000458	     -1.00	    315.59	    515.98	      3.22	      2.47	     56.37	     43.16	-8.42	 3.947e-05	      5.75	0	Gaussian	310.846897	39.015919
962	1	  0.001604	  0.000433	     -1.00	    247.30	    119.84	      3.85	      2.55	     67.40	     44.57	-3.90	 9.585e-05	      5.75	0	Gaussian	311.519588	40.843655
963	1	  0.001562	  0.000477	     -1.00	    539.44	    747.69	      3.11	      2.54	     54.42	     44.53	-28.37	 5.173e-05	      5.76	0	Gaussian	309.374170	38.022536
964	1	  0.001591	  0.000521	     -1.00	     12.50	      5.96	      2.89	      2.70	     50.63	     47.29	-13.74	 3.939e-05	      5.76	0	Gaussian	313.061159	41.249959
965	1	  0.001582	  0.000403	     -1.00	    236.37	     66.31	      3.89	      2.62	     68.09	     45.80	-8.49	 3.857e-05	      5.76	0	Gaussian	311.624048	41.089682
966	1	  0.001564	  0.000448	     -1.00	    516.11	    153.81	      3.57	      2.83	     62.51	     49.60	-8.83	 1.775e-05	      5.76	0	Gaussian	309.828087	40.806932
967	1	  0.001572	  0.000522	     -1.00	    204.63	    260.21	      2.96	      2.49	     51.89	     43.65	-5.63	 3.508e-05	      5.76	0	Gaussian	311.687543	40.162700
968	1	  0.001572	  0.000493	     -1.00	    426.18	    425.58	      3.53	      2.54	     61.74	     44.41	-5.21	 6.374e-05	      5.76	0	Gaussian	310.229213	39.489653
969	1	  0.001609	  0.000409	     -1.00	    790.65	    769.63	      3.42	      2.99	     59.78	     52.30	-12.71	 9.823e-05	      5.76	0	Gaussian	307.863259	38.005424
970	1	  0.001581	  0.000414	     -1.00	    200.73	    179.38	      3.63	      2.87	     63.51	     50.24	-8.14	 1.999e-05	      5.77	0	Gaussian	311.766992	40.540207
971	1	  0.001598	  0.000445	     -1.00	     26.99	    427.54	      3.52	      2.82	     61.53	     49.44	-13.46	 9.248e-05	      5.77	0	Gaussian	312.649459	39.284292
972	1	  0.001601	  0.000383	     -1.00	     71.97	    214.77	      3.82	      2.94	     66.90	     51.41	-7.38	 4.350e-05	      5.77	0	Gaussian	312.533693	40.305375
973	1	  0.001556	  0.000373	     -1.00	    350.95	    503.69	      4.03	      2.92	     70.51	     51.07	-10.28	 2.639e-05	      5.78	0	Gaussian	310.640490	39.089634
974	1	  0.001578	  0.000351	     -1.00	    764.02	    722.65	      4.04	      3.12	     70.67	     54.65	-4.55	 8.284e-05	      5.78	0	Gaussian	308.041456	38.217973
975	1	  0.001596	  0.000498	     -1.00	    177.04	    248.24	      3.36	      2.59	     58.76	     45.27	-4.32	 5.282e-05	      5.78	0	Gaussian	311.865042	40.204734
976	1	  0.001608	  0.000489	     -1.00	    222.24	    480.26	      3.40	      2.54	     59.56	     44.39	1.06	 9.385e-05	      5.78	0	Gaussian	311.433531	39.139188
977	1	  0.001613	  0.000465	     -1.00	    603.48	    273.83	      4.21	      2.31	     73.61	     40.43	-45.41	 1.648e-04	      5.78	0	Gaussian	309.222691	40.275772
978	1	  0.001565	  0.000423	     -1.00	    652.77	    247.74	      3.70	      2.80	     64.82	     49.01	-12.08	 4.112e-05	      5.78	0	Gaussian	308.930573	40.417080
979	1	  0.001590	  0.000578	     -1.00	    555.53	    385.52	      2.84	      2.30	     49.66	     40.29	-8.46	 5.503e-05	      5.78	0	Gaussian	309.460663	39.731104
980	1	  0.001571	  0.000437	     -1.00	    199.94	    273.16	      3.55	      2.85	     62.18	     49.80	-2.99	 2.792e-05	      5.78	0	Gaussian	311.707451	40.099547
981	1	  0.001571	  0.000458	     -1.00	    505.45	    710.90	      3.07	      2.72	     53.82	     47.66	-45.70	 5.972e-05	      5.79	0	Gaussian	309.595903	38.182024
982	1	  0.001589	  0.000455	     -1.00	    144.08	    195.26	      3.54	      2.66	     61.91	     46.59	-2.76	 3.487e-05	      5.79	0	Gaussian	312.104871	40.436048
983	1	  0.001564	  0.000391	     -1.00	    423.17	    658.88	      3.82	      2.93	     66.84	     51.34	-6.86	 4.945e-05	      5.79	0	Gaussian	310.116375	38.392726
984	1	  0.001587	  0.000485	     -1.00	    643.83	    527.20	      3.32	      2.67	     58.19	     46.80	0.30	 1.888e-04	      5.79	0	Gaussian	308.852281	39.097060
985	1	  0.001574	  0.000329	     -1.00	    202.10	     39.68	      4.19	      2.88	     73.29	     50.49	-18.61	 3.082e-05	      5.79	0	Gaussian	311.856029	41.197100
986	1	  0.001638	  0.000573	     -1.00	    305.75	    450.40	      2.81	      2.14	     49.27	     37.44	-3.73	 1.508e-04	      5.79	0	Gaussian	310.946812	39.319129
987	1	  0.001606	  0.000545	     -1.00	    370.58	    473.26	      2.74	      2.53	     47.92	     44.22	-31.46	 1.102e-04	      5.79	0	Gaussian	310.539591	39.241304
988	1	  0.001583	  0.000444	     -1.00	    156.79	    114.29	      3.47	      2.77	     60.75	     48.53	-0.23	 3.757e-05	      5.79	0	Gaussian	312.084404	40.822809
989	1	  0.001571	  0.000406	     -1.00	    405.24	     52.46	      3.86	      2.61	     67.64	     45.75	-11.78	 4.110e-05	      5.80	0	Gaussian	310.579009	41.236316
990	1	  0.001583	  0.000480	     -1.00	    201.43	    466.15	      3.00	      2.55	     52.47	     44.69	-18.33	 4.400e-05	      5.80	0	Gaussian	311.568596	39.195039
991	1	  0.001576	  0.000389	     -1.00	    551.71	    289.76	      3.59	      3.02	     62.79	     52.94	0.68	 4.844e-05	      5.80	0	Gaussian	309.534138	40.180662
992	1	  0.001578	  0.000311	     -1.00	    282.94	    409.35	      4.02	      3.42	     70.34	     59.93	-9.68	 4.036e-05	      5.80	0	Gaussian	311.111110	39.501089
993	1	  0.001567	  0.000469	     -1.00	    714.62	    337.42	      3.66	      2.70	     64.08	     47.18	-4.30	 5.283e-05	      5.80	0	Gaussian	308.506498	40.015925
994	1	  0.001595	  0.000439	     -1.00	    323.13	    497.59	      3.71	      2.55	     64.87	     44.68	2.40	 6.870e-05	      5.81	0	Gaussian	310.812467	39.105687
995	1	  0.001591	  0.000311	     -1.00	    485.70	    588.09	      4.94	      2.56	     86.42	     44.89	6.35	 3.564e-04	      5.81	0	Gaussian	309.778789	38.750685
996	1	  0.001550	  0.000358	     -1.00	    749.32	    627.86	      3.90	      3.06	     68.27	     53.61	-0.41	 6.429e-05	      5.81	0	Gaussian	308.168891	38.659072
997	1	  0.001585	  0.000448	     -1.00	      6.94	    297.22	      3.46	      2.75	     60.56	     48.10	-8.54	 2.750e-05	      5.81	0	Gaussian	312.868888	39.882758
998	1	  0.001609	  0.000476	     -1.00	    537.11	    123.17	      3.01	      2.69	     52.75	     47.15	-4.04	 8.671e-05	      5.82	0	Gaussian	309.714011	40.959978
999	1	  0.001567	  0.000289	     -1.00	    356.84	    325.59	      5.18	      2.70	     90.73	     47.30	-14.10	 2.719e-05	      5.83	0	Gaussian	310.711943	39.929033
1000	1	  0.001591	  0.000467	     -1.00	    386.81	    219.73	      3.37	      2.63	     59.03	     46.09	-8.69	 1.764e-04	      5.83	0	Gaussian	310.591819	40.440540
1001	1	  0.001577	  0.000349	     -1.00	    383.67	    643.76	      3.78	      3.10	     66.23	     54.27	-18.45	 5.962e-05	      5.83	0	Gaussian	310.361677	38.446820
1002	1	  0.001554	  0.000462	     -1.00	    684.46	    553.41	      3.12	      2.26	     54.52	     39.49	-14.46	 3.385e-05	      5.84	0	Gaussian	308.593617	38.987932
1003	1	  0.001573	  0.000361	     -1.00	    239.84	    264.85	      3.82	      3.00	     66.92	     52.52	-14.42	 2.562e-05	      5.84	0	Gaussian	311.468344	40.158649
1004	1	  0.001572	  0.000425	     -1.00	    596.62	    719.45	      3.61	      2.66	     63.26	     46.59	-11.27	 6.217e-05	      5.84	0	Gaussian	309.046076	38.176370
1005	1	  0.001578	  0.000347	     -1.00	    377.63	    571.60	      3.80	      3.02	     66.59	     52.94	-28.54	 4.403e-05	      5.85	0	Gaussian	310.439490	38.782736
1006	1	  0.001640	  0.000384	     -1.00	    326.76	    609.65	      3.99	      2.12	     69.90	     37.09	-41.75	 3.036e-04	      5.85	0	Gaussian	310.723037	38.581687
1007	1	  0.001623	  0.000514	     -1.00	    205.01	    298.53	      3.19	      2.43	     55.89	     42.62	-5.43	 1.691e-04	      5.85	0	Gaussian	311.659149	39.983069
1008	1	  0.001583	  0.000421	     -1.00	    209.02	    137.40	      3.59	      2.73	     62.81	     47.83	-6.75	 4.087e-05	      5.86	0	Gaussian	311.744768	40.741621
1009	1	  0.001570	  0.000396	     -1.00	    168.76	    412.15	      3.67	      2.79	     64.24	     48.86	-2.51	 5.247e-05	      5.86	0	Gaussian	311.802718	39.431700
1010	1	  0.001559	  0.000430	     -1.00	    462.71	    690.12	      3.13	      2.37	     54.84	     41.51	-21.35	 4.465e-05	      5.87	0	Gaussian	309.862572	38.262454
1011	1	  0.001605	  0.000538	     -1.00	    153.43	    287.69	      2.77	      2.42	     48.45	     42.27	-21.78	 1.495e-04	      5.87	0	Gaussian	311.982116	40.007378
1012	1	  0.001560	  0.000378	     -1.00	    696.23	    543.72	      3.74	      2.86	     65.39	     49.98	-3.43	 4.418e-05	      5.87	0	Gaussian	308.526564	39.037568
1013	1	  0.001580	  0.000379	     -1.00	    712.30	     86.53	      3.84	      2.58	     67.13	     45.18	-8.40	 3.518e-05	      5.87	0	Gaussian	308.636234	41.199180
1014	1	  0.001565	  0.000346	     -1.00	    278.48	    694.34	      4.09	      2.47	     71.52	     43.18	-6.13	 2.421e-05	      5.87	0	Gaussian	310.960789	38.162910
1015	1	  0.001582	  0.000271	     -1.00	    614.62	    165.36	      4.65	      3.08	     81.46	     53.99	18.41	 5.538e-05	      5.87	0	Gaussian	309.208513	40.791510
1016	1	  0.001560	  0.000329	     -1.00	    646.00	    606.74	      4.04	      3.13	     70.64	     54.80	-8.83	 3.406e-05	      5.88	0	Gaussian	308.802075	38.723655
1017	1	  0.001607	  0.000416	     -1.00	     89.87	    183.39	      3.29	      2.83	     57.57	     49.53	-6.41	 6.592e-05	      5.88	0	Gaussian	312.447028	40.462364
1018	1	  0.001568	  0.000356	     -1.00	    538.21	     24.66	      3.85	      2.85	     67.41	     49.80	-7.71	 3.278e-05	      5.88	0	Gaussian	309.761344	41.424947
1019	1	  0.001564	  0.000341	     -1.00	    418.45	    533.08	      4.14	      2.78	     72.49	     48.69	-9.80	 3.727e-05	      5.88	0	Gaussian	310.215106	38.981164
1020	1	  0.001593	  0.000280	     -1.00	    301.22	    636.93	      5.17	      2.59	     90.49	     45.26	-9.79	 4.963e-05	      5.88	0	Gaussian	310.859818	38.442206
1021	1	  0.001604	  0.000416	     -1.00	    757.16	    226.77	      3.60	      2.67	     63.08	     46.70	10.69	 2.485e-04	      5.89	0	Gaussian	308.292470	40.552297
1022	1	  0.001565	  0.000401	     -1.00	    640.10	    692.23	      3.66	      2.69	     64.00	     47.16	-4.03	 7.480e-05	      5.90	0	Gaussian	308.798197	38.319722
1023	1	  0.001584	  0.000485	     -1.00	    644.40	    641.54	      2.93	      2.31	     51.27	     40.35	-16.31	 8.376e-05	      5.90	0	Gaussian	308.795649	38.559481
1024	1	  0.001587	  0.000436	     -1.00	    197.73	    147.84	      3.00	      2.49	     52.58	     43.56	16.45	 3.935e-05	      5.90	0	Gaussian	311.807401	40.686783
1025	1	  0.001577	  0.000355	     -1.00	    609.58	    380.78	      3.89	      2.70	     68.00	     47.23	-0.18	 1.247e-04	      5.91	0	Gaussian	309.131785	39.774071
1026	1	  0.001585	  0.000437	     -1.00	    661.75	    437.40	      3.42	      2.56	     59.84	     44.85	-7.77	 1.005e-04	      5.91	0	Gaussian	308.785123	39.526270
1027	1	  0.001565	  0.000411	     -1.00	    468.95	    474.68	      3.61	      2.67	     63.14	     46.75	-15.92	 6.589e-05	      5.91	0	Gaussian	309.941456	39.276806
1028	1	  0.001592	  0.000423	     -1.00	    720.01	    291.40	      3.44	      2.66	     60.20	     46.55	6.45	 8.900e-05	      5.91	0	Gaussian	308.493962	40.234797
1029	1	  0.001596	  0.000270	     -1.00	    406.93	    698.00	      5.67	      2.57	     99.22	     45.01	1.38	 1.092e-04	      5.91	0	Gaussian	310.191895	38.202452
1030	1	  0.001570	  0.000397	     -1.00	    418.68	    215.54	      3.68	      2.60	     64.35	     45.58	-19.57	 4.475e-05	      5.91	0	Gaussian	310.397265	40.474489
1031	1	  0.001573	  0.000326	     -1.00	     58.31	    247.46	      4.03	      2.65	     70.60	     46.45	-0.19	 2.338e-05	      5.92	0	Gaussian	312.593011	40.144639
1032	1	  0.001563	  0.000367	     -1.00	    134.92	    413.83	      3.66	      2.92	     64.04	     51.12	-8.29	 4.569e-05	      5.92	0	Gaussian	312.006672	39.406403
1033	1	  0.001587	  0.000458	     -1.00	    427.44	    105.60	      2.96	      2.36	     51.73	     41.27	-32.12	 6.976e-05	      5.92	0	Gaussian	310.408270	40.996039
1034	1	  0.001614	  0.000442	     -1.00	    177.29	    572.35	      3.27	      2.56	     57.15	     44.83	-6.02	 1.194e-04	      5.92	0	Gaussian	311.643548	38.685572
1035	1	  0.001594	  0.000406	     -1.00	     61.37	    557.01	      3.37	      2.54	     59.02	     44.54	-13.96	 1.780e-04	      5.92	0	Gaussian	312.348831	38.697552
1036	1	  0.001570	  0.000359	     -1.00	    608.01	    528.60	      4.02	      2.51	     70.38	     43.87	-12.93	 5.330e-05	      5.92	0	Gaussian	309.069054	39.077532
1037	1	  0.001570	  0.000329	     -1.00	    241.92	    147.56	      4.24	      2.75	     74.25	     48.11	-6.75	 1.933e-05	      5.93	0	Gaussian	311.534197	40.710662
1038	1	  0.001575	  0.000315	     -1.00	    147.40	    516.87	      4.12	      2.87	     72.14	     50.21	-10.45	 8.550e-05	      5.93	0	Gaussian	311.860409	38.930218
1039	1	  0.001574	  0.000435	     -1.00	    353.48	    243.81	      3.04	      2.33	     53.12	     40.86	-14.37	 3.183e-05	      5.93	0	Gaussian	310.782785	40.312016
1040	1	  0.001581	  0.000448	     -1.00	    599.43	     50.78	      2.97	      2.43	     51.96	     42.61	-24.66	 4.622e-05	      5.93	0	Gaussian	309.362581	41.326258
1041	1	  0.001564	  0.000347	     -1.00	    677.50	    732.42	      3.98	      2.52	     69.61	     44.19	-4.74	 6.192e-05	      5.93	0	Gaussian	308.555866	38.143884
1042	1	  0.001580	  0.000331	     -1.00	    259.85	    548.44	      3.66	      3.06	     64.06	     53.52	-6.31	 4.218e-05	      5.94	0	Gaussian	311.162882	38.837669
1043	1	  0.001582	  0.000310	     -1.00	    225.49	    163.83	      3.98	      2.76	     69.71	     48.38	-11.19	 3.306e-05	      5.94	0	Gaussian	311.624768	40.625917
1044	1	  0.001634	  0.000453	     -1.00	    442.14	    707.49	      3.02	      2.55	     52.89	     44.70	6.89	 1.924e-04	      5.95	0	Gaussian	309.976243	38.172611
1045	1	  0.001580	  0.000365	     -1.00	    516.31	     23.56	      3.79	      2.58	     66.35	     45.08	-8.51	 4.070e-05	      5.95	0	Gaussian	309.899543	41.421032
1046	1	  0.001573	  0.000312	     -1.00	      7.17	    220.87	      4.19	      2.58	     73.26	     45.20	-19.27	 2.571e-05	      5.95	0	Gaussian	312.926032	40.240300
1047	1	  0.001597	  0.000285	     -1.00	    209.11	    191.86	      4.84	      2.56	     84.70	     44.81	-7.81	 5.069e-05	      5.95	0	Gaussian	311.706697	40.485924
1048	1	  0.001560	  0.000353	     -1.00	    105.55	    468.96	      3.25	      2.64	     56.90	     46.23	-27.48	 4.533e-05	      5.95	0	Gaussian	312.145674	39.132854
1049	1	  0.001582	  0.000443	     -1.00	     87.53	    314.16	      2.96	      2.36	     51.79	     41.38	-4.82	 5.830e-05	      5.95	0	Gaussian	312.365486	39.848207
1050	1	  0.001570	  0.000395	     -1.00	    443.46	    232.61	      3.08	      2.61	     53.88	     45.77	-58.76	 4.375e-05	      5.95	0	Gaussian	310.234075	40.404992
1051	1	  0.001593	  0.000421	     -1.00	    604.55	    114.50	      3.39	      2.74	     59.40	     47.91	-9.94	 6.292e-05	      5.96	0	Gaussian	309.297374	41.027595
1052	1	  0.001561	  0.000409	     -1.00	    748.42	    671.67	      3.11	      2.25	     54.45	     39.45	-34.84	 4.413e-05	      5.96	0	Gaussian	308.156080	38.452716
1053	1	  0.001604	  0.000372	     -1.00	    392.14	    709.15	      3.59	      2.62	     62.90	     45.91	-1.30	 1.616e-04	      5.96	0	Gaussian	310.273993	38.143933
1054	1	  0.001577	  0.000328	     -1.00	    397.84	    645.26	      3.90	      2.84	     68.20	     49.71	-12.70	 5.954e-05	      5.96	0	Gaussian	310.275872	38.445892
1055	1	  0.001576	  0.000385	     -1.00	    217.03	     13.56	      3.66	      2.58	     64.08	     45.14	-4.13	 2.073e-05	      5.96	0	Gaussian	311.781227	41.327611
1056	1	  0.001616	  0.000472	     -1.00	    273.18	     67.20	      3.18	      2.37	     55.74	     41.48	-6.51	 1.062e-04	      5.97	0	Gaussian	311.394175	41.104062
1057	1	  0.001614	  0.000337	     -1.00	    313.09	    638.56	      3.79	      2.62	     66.39	     45.91	-5.47	 6.689e-05	      5.97	0	Gaussian	310.787707	38.440003
1058	1	  0.001579	  0.000281	     -1.00	    380.98	    129.93	      4.71	      2.72	     82.48	     47.54	-4.72	 2.427e-05	      5.97	0	Gaussian	310.682796	40.860500
1059	1	  0.001571	  0.000341	     -1.00	    477.72	      5.24	      3.70	      2.90	     64.71	     50.69	-7.51	 1.980e-05	      5.98	0	Gaussian	310.152625	41.490979
1060	1	  0.001578	  0.000374	     -1.00	    334.53	    721.77	      3.09	      2.65	     54.12	     46.31	-43.50	 3.375e-05	      5.98	0	Gaussian	310.610317	38.059786
1061	1	  0.001575	  0.000412	     -1.00	    417.57	    376.26	      3.06	      2.21	     53.55	     38.70	-21.26	 5.108e-05	      5.98	0	Gaussian	310.310091	39.717803
1062	1	  0.001574	  0.000341	     -1.00	    520.96	    277.74	      3.99	      2.48	     69.79	     43.32	-0.70	 7.986e-05	      5.99	0	Gaussian	309.730208	40.224967
1063	1	  0.001576	  0.000286	     -1.00	    104.64	    688.91	      3.80	      2.95	     66.52	     51.63	23.09	 4.928e-05	      5.99	0	Gaussian	311.998870	38.103799
1064	1	  0.001568	  0.000384	     -1.00	    593.77	      9.56	      3.48	      2.69	     60.91	     47.15	-10.13	 3.100e-05	      6.00	0	Gaussian	309.419877	41.518548
1065	1	  0.001574	  0.000388	     -1.00	    597.77	    343.03	      3.41	      2.88	     59.61	     50.47	-12.73	 3.797e-05	      6.00	0	Gaussian	309.223062	39.947494
1066	1	  0.001573	  0.000389	     -1.00	    375.60	    525.49	      3.65	      2.73	     63.80	     47.72	-3.02	 4.917e-05	      6.01	0	Gaussian	310.478542	38.998271
1067	1	  0.001569	  0.000284	     -1.00	    103.42	    791.23	      4.10	      2.80	     71.72	     48.99	-21.14	 2.690e-05	      6.01	0	Gaussian	311.936805	37.625498
1068	1	  0.001565	  0.000395	     -1.00	    662.77	    116.18	      3.09	      2.21	     54.07	     38.67	-32.99	 2.634e-05	      6.01	0	Gaussian	308.932395	41.041483
1069	1	  0.001607	  0.000378	     -1.00	    319.32	    288.76	      3.32	      2.70	     58.07	     47.22	-2.02	 1.303e-04	      6.01	0	Gaussian	310.964887	40.084735
1070	1	  0.001587	  0.000313	     -1.00	    562.25	    291.80	      3.96	      2.55	     69.37	     44.56	-11.54	 6.118e-05	      6.01	0	Gaussian	309.468078	40.175169
1071	1	  0.001581	  0.000336	     -1.00	    271.18	    407.93	      3.28	      2.39	     57.37	     41.83	-30.96	 6.008e-05	      6.02	0	Gaussian	311.183512	39.502165
1072	1	  0.001604	  0.000371	     -1.00	    344.78	    300.20	      3.45	      2.65	     60.42	     46.33	-0.17	 1.025e-04	      6.02	0	Gaussian	310.801468	40.042861
1073	1	  0.001606	  0.000230	     -1.00	    343.82	    462.57	      5.09	      2.56	     89.16	     44.89	-10.20	 1.114e-04	      6.02	0	Gaussian	310.708319	39.279508
1074	1	  0.001586	  0.000430	     -1.00	    599.35	     92.34	      2.94	      2.28	     51.39	     39.86	-17.14	 3.481e-05	      6.02	0	Gaussian	309.341399	41.130136
1075	1	  0.001585	  0.000318	     -1.00	    391.90	    692.85	      3.79	      2.88	     66.32	     50.39	-10.32	 7.233e-05	      6.02	0	Gaussian	310.284580	38.220211
1076	1	  0.001576	  0.000328	     -1.00	     12.58	    520.43	      3.94	      2.59	     68.95	     45.33	-2.52	 3.884e-05	      6.02	0	Gaussian	312.667596	38.842041
1077	1	  0.001582	  0.000387	     -1.00	    645.57	     96.19	      3.06	      2.21	     53.62	     38.73	-6.43	 3.940e-05	      6.03	0	Gaussian	309.049918	41.129522
1078	1	  0.001618	  0.000220	     -1.00	     60.53	    745.87	      5.81	      2.61	    101.74	     45.71	-43.26	 1.053e-04	      6.03	0	Gaussian	312.221038	37.815079
1079	1	  0.001581	  0.000379	     -1.00	    738.29	    494.47	      3.48	      2.55	     60.85	     44.67	-7.58	 1.017e-04	      6.04	0	Gaussian	308.292270	39.283548
1080	1	  0.001574	  0.000271	     -1.00	    748.89	    312.73	      4.53	      2.81	     79.28	     49.15	-3.69	 4.146e-05	      6.04	0	Gaussian	308.306029	40.143872
1081	1	  0.001578	  0.000312	     -1.00	    227.83	    358.47	      3.88	      2.74	     67.96	     48.00	-14.17	 4.142e-05	      6.04	0	Gaussian	311.479636	39.713162
1082	1	  0.001635	  0.000147	     -1.00	    285.70	    427.45	     11.21	      2.51	    196.13	     43.88	82.45	 2.977e-04	      6.05	0	Gaussian	311.082845	39.417467
1083	1	  0.001592	  0.000397	     -1.00	    376.47	    604.79	      2.98	      2.32	     52.22	     40.67	-43.09	 6.380e-05	      6.05	0	Gaussian	310.427279	38.626481
1084	1	  0.001637	  0.000324	     -1.00	    140.72	    752.36	      3.27	      2.90	     57.25	     50.79	-33.24	 2.897e-04	      6.05	0	Gaussian	311.742308	37.825638
1085	1	  0.001591	  0.000374	     -1.00	    635.70	    439.72	      3.61	      2.42	     63.22	     42.42	-19.00	 1.333e-04	      6.06	0	Gaussian	308.943183	39.506035
1086	1	  0.001578	  0.000309	     -1.00	    301.86	    148.71	      3.84	      2.82	     67.22	     49.44	-13.76	 2.221e-05	      6.06	0	Gaussian	311.162158	40.734862
1087	1	  0.001610	  0.000372	     -1.00	    719.13	    561.75	      3.61	      2.36	     63.24	     41.24	10.66	 2.973e-04	      6.07	0	Gaussian	308.379730	38.960384
1088	1	  0.001627	  0.000369	     -1.00	    351.24	    587.53	      3.60	      2.30	     62.93	     40.25	-29.65	 3.493e-04	      6.07	0	Gaussian	310.589041	38.696383
1089	1	  0.001589	  0.000285	     -1.00	    330.01	    319.43	      4.21	      2.37	     73.68	     41.40	-30.94	 7.298e-05	      6.07	0	Gaussian	310.880179	39.945598
1090	1	  0.001579	  0.000280	     -1.00	    180.30	    197.81	      3.90	      2.87	     68.22	     50.21	-11.30	 3.949e-05	      6.09	0	Gaussian	311.880105	40.443143
1091	1	  0.001558	  0.000377	     -1.00	     39.59	    330.65	      3.08	      2.25	     53.96	     39.35	-18.79	 2.453e-05	      6.09	0	Gaussian	312.645125	39.744655
1092	1	  0.001580	  0.000327	     -1.00	    367.97	    159.75	      3.69	      2.66	     64.57	     46.59	-10.86	 4.885e-05	      6.09	0	Gaussian	310.745191	40.714161
1093	1	  0.001593	  0.000302	     -1.00	    266.61	    716.33	      4.51	      2.30	     78.92	     40.27	4.37	 5.403e-05	      6.10	0	Gaussian	311.018047	38.054533
1094	1	  0.001596	  0.000249	     -1.00	    298.42	    704.10	      4.25	      2.92	     74.45	     51.03	-20.77	 6.752e-05	      6.11	0	Gaussian	310.835971	38.126331
1095	1	  0.001609	  0.000343	     -1.00	    273.65	    311.82	      3.56	      2.51	     62.34	     43.93	-19.14	 8.935e-05	      6.11	0	Gaussian	311.230237	39.954633
1096	1	  0.001581	  0.000284	     -1.00	    174.55	    520.36	      4.18	      2.66	     73.10	     46.59	-5.69	 4.449e-05	      6.11	0	Gaussian	311.694662	38.927636
1097	1	  0.001586	  0.000356	     -1.00	    459.01	    397.61	      3.54	      2.56	     61.96	     44.79	-4.33	 6.726e-05	      6.11	0	Gaussian	310.044675	39.635095
1098	1	  0.001584	  0.000324	     -1.00	    574.63	    356.60	      3.68	      2.60	     64.33	     45.55	-15.68	 7.344e-05	      6.11	0	Gaussian	309.358428	39.874685
1099	1	  0.001582	  0.000278	     -1.00	    381.47	    376.77	      3.80	      2.87	     66.59	     50.26	7.90	 7.629e-05	      6.11	0	Gaussian	310.530440	39.699523
1100	1	  0.001631	  0.000404	     -1.00	    351.10	    137.29	      3.07	      2.45	     53.72	     42.96	-10.29	 1.455e-04	      6.12	0	Gaussian	310.863892	40.811998
1101	1	  0.001598	  0.000253	     -1.00	    567.30	     69.38	      3.75	      3.10	     65.68	     54.23	-24.20	 1.143e-04	      6.12	0	Gaussian	309.554306	41.225830
1102	1	  0.001623	  0.000387	     -1.00	    306.94	    714.68	      3.35	      2.41	     58.63	     42.25	-14.33	 2.300e-04	      6.12	0	Gaussian	310.778903	38.080663
1103	1	  0.001565	  0.000282	     -1.00	    461.36	    266.11	      3.89	      2.80	     68.16	     48.93	3.57	 3.936e-05	      6.12	0	Gaussian	310.104336	40.254947
1104	1	  0.001604	  0.000307	     -1.00	    711.67	    517.60	      4.07	      1.85	     71.28	     32.31	-38.32	 3.251e-04	      6.13	0	Gaussian	308.444318	39.165746
1105	1	  0.001593	  0.000354	     -1.00	    687.86	    618.94	      3.33	      2.65	     58.25	     46.31	-5.25	 8.567e-05	      6.13	0	Gaussian	308.543808	38.680766
1106	1	  0.001581	  0.000332	     -1.00	    308.09	    283.46	      3.71	      2.46	     64.90	     43.00	-4.09	 4.234e-05	      6.13	0	Gaussian	311.037223	40.104347
1107	1	  0.001594	  0.000359	     -1.00	    406.52	    285.36	      2.99	      2.29	     52.41	     40.14	-19.54	 8.444e-05	      6.14	0	Gaussian	310.431033	40.140561
1108	1	  0.001584	  0.000301	     -1.00	    199.28	    197.35	      3.85	      2.49	     67.30	     43.62	-12.03	 5.062e-05	      6.15	0	Gaussian	311.763504	40.455084
1109	1	  0.001592	  0.000388	     -1.00	    236.56	    229.73	      2.90	      2.19	     50.71	     38.41	-35.37	 1.075e-04	      6.17	0	Gaussian	311.511958	40.321933
1110	1	  0.001629	  0.000407	     -1.00	    352.54	    363.11	      2.74	      2.34	     47.98	     41.00	-7.65	 3.015e-04	      6.17	0	Gaussian	310.715465	39.750690
1111	1	  0.001587	  0.000279	     -1.00	     36.25	    103.64	      3.94	      2.47	     68.91	     43.31	0.69	 5.887e-05	      6.17	0	Gaussian	312.837690	40.806036
1112	1	  0.001594	  0.000281	     -1.00	    271.72	    619.75	      3.74	      2.74	     65.46	     47.88	-23.24	 1.102e-04	      6.19	0	Gaussian	311.047034	38.509094
1113	1	  0.001594	  0.000334	     -1.00	    390.49	     56.87	      2.95	      2.10	     51.57	     36.69	-20.84	 7.678e-05	      6.21	0	Gaussian	310.668559	41.208823
1114	1	  0.001593	  0.000280	     -1.00	    258.05	    726.71	      3.84	      2.59	     67.14	     45.42	-14.96	 5.345e-05	      6.21	0	Gaussian	311.062563	38.002006
1115	1	  0.001613	  0.000309	     -1.00	    518.35	    185.40	      3.99	      1.76	     69.88	     30.76	1.80	 2.539e-04	      6.21	0	Gaussian	309.796718	40.658961
1116	1	  0.001613	  0.000300	     -1.00	    279.91	    723.23	      3.58	      2.59	     62.61	     45.35	-20.14	 6.208e-05	      6.24	0	Gaussian	310.934690	38.028373
1117	1	  0.001617	  0.000244	     -1.00	    725.13	    482.59	      3.79	      2.78	     66.37	     48.61	-10.83	 3.795e-04	      6.25	0	Gaussian	308.377671	39.335139
1118	1	  0.001605	  0.000325	     -1.00	     85.65	    759.64	      3.43	      2.24	     59.96	     39.22	-12.94	 1.225e-04	      6.27	0	Gaussian	312.063113	37.763846
1119	1	  0.001618	  0.000380	     -1.00	     56.64	    371.46	      2.82	      1.93	     49.41	     33.71	-19.37	 2.152e-04	      6.27	0	Gaussian	312.511426	39.563003
1120	1	  0.001594	  0.000311	     -1.00	    107.64	     12.34	      3.01	      2.18	     52.71	     38.19	24.57	 8.938e-05	      6.28	0	Gaussian	312.464428	41.274452
1121	1	  0.001597	  0.000289	     -1.00	    219.41	    472.29	      3.58	      2.45	     62.74	     42.95	-15.81	 6.900e-05	      6.29	0	Gaussian	311.455809	39.175129
1122	1	  0.001582	  0.000330	     -1.00	    535.67	    666.75	      2.91	      2.05	     50.91	     35.82	3.75	 1.073e-04	      6.37	0	Gaussian	309.437353	38.400959
1123	1	  0.001640	  0.000335	     -1.00	     76.65	    160.75	      3.04	      2.05	     53.27	     35.83	-3.32	 1.314e-04	      6.37	0	Gaussian	312.545178	40.561211
1124	1	  0.001602	  0.000355	     -1.00	    162.57	    482.24	      3.30	      2.42	     57.80	     42.31	-67.81	 1.239e-04	      6.45	0	Gaussian	311.792549	39.100107
1125	1	  0.001627	  0.000278	     -1.00	    764.14	     45.48	      3.29	      2.42	     57.62	     42.28	-9.91	 1.225e-04	      6.46	0	Gaussian	308.329079	41.410815
1126	1	  0.001613	  0.000259	     -1.00	    110.93	    143.54	      3.73	      1.97	     65.34	     34.52	-6.48	 1.030e-04	      6.47	0	Gaussian	312.346660	40.660789
1127	1	  0.001600	  0.000292	     -1.00	    276.24	    716.87	      3.10	      2.55	     54.34	     44.63	-5.77	 6.172e-05	      6.48	0	Gaussian	310.960370	38.056443
1128	1	  0.001625	  0.000267	     -1.00	    286.31	    499.62	      3.41	      2.23	     59.66	     39.04	-7.29	 1.346e-04	      6.48	0	Gaussian	311.033895	39.079082
1129	1	  0.001634	  0.000363	     -1.00	    733.40	    343.45	      3.01	      1.98	     52.72	     34.59	-6.17	 4.685e-04	      6.52	0	Gaussian	308.388063	39.993797
1130	1	  0.001625	  0.000349	     -1.00	    214.91	    701.99	      3.37	      2.21	     58.96	     38.71	-13.72	 6.369e-05	      6.59	0	Gaussian	311.334684	38.097269
1131	1	  0.001680	  0.000193	     -1.00	    653.25	    348.91	      6.09	      1.90	    106.63	     33.29	1.18	 7.381e-04	      6.75	0	Gaussian	308.878979	39.940258
1132	1	  0.001751	  0.000212	     -1.00	    579.39	    384.35	      2.70	      1.57	     47.23	     27.57	46.17	 8.518e-04	      6.86	0	Gaussian	309.315059	39.745853
1133	1	  0.001605	  0.000282	     -1.00	    642.50	    772.20	      3.42	      2.00	     59.79	     35.07	-29.23	 1.166e-04	      6.88	0	Gaussian	308.747363	37.945054
1134	1	  0.001599	  0.000215	     -1.00	    622.34	    312.79	      4.34	      2.29	     75.95	     40.14	28.12	 9.628e-05	      6.97	0	Gaussian	309.086874	40.099168
1135	1	  0.001814	  0.000546	     -1.00	    567.34	    381.04	      1.28	      1.03	     22.48	     18.08	-2.17	 1.213e-03	      7.19	0	Gaussian	309.390646	39.756799
1136	1	  0.001633	  0.000420	     -1.00	    386.32	    686.10	      1.73	      1.12	     30.32	     19.60	-10.09	 1.644e-04	      7.58	0	Gaussian	310.321756	38.249487
1137	1	  0.001609	  0.000272	     -1.00	    563.41	    704.34	      3.21	      1.55	     56.24	     27.20	-22.92	 2.174e-04	      7.71	0	Gaussian	309.252248	38.235008
1138	1	  0.001600	  0.000221	     -1.00	     18.77	    501.46	      1.72	      1.49	     30.12	     26.01	26.15	 9.878e-05	      7.86	0	Gaussian	312.644424	38.934113
1139	1	  0.001608	  0.000263	     -1.00	    236.28	    206.59	      1.24	      1.06	     21.76	     18.57	21.29	 1.059e-04	      7.93	0	Gaussian	311.529236	40.430517
1140	1	  0.001697	  0.000531	     -1.00	    295.23	    718.45	      1.44	      1.23	     25.23	     21.53	9.08	 3.827e-04	      8.06	0	Gaussian	310.846360	38.057735
1141	1	  0.001611	  0.000256	     -1.00	    457.48	     21.08	      2.07	      1.74	     36.19	     30.39	24.31	 1.201e-04	      8.08	0	Gaussian	310.270479	41.407509
1142	1	  0.001627	  0.000318	     -1.00	    166.72	     42.24	      4.92	      1.65	     86.06	     28.83	-1.27	 4.784e-04	    999.00	0	Gaussian	312.074572	41.166356
1143	1	  0.001660	  0.000259	     -1.00	    455.94	    243.97	      7.17	      3.46	    125.55	     60.62	23.27	 8.213e-04	    999.00	0	Gaussian	310.150433	40.356892
1144	1	  0.001633	  0.000181	     -1.00	    218.57	    693.22	      3.07	      2.22	     53.80	     38.90	4.52	 7.622e-05	    999.00	0	Gaussian	311.318439	38.140029
1145	1	  0.001712	 -0.000034	     -1.00	   -104.08	    552.82	     46.03	     29.04	    805.72	    508.30	-36.69	 9.189e-04	    999.00	0	Gaussian	311.318439	38.140029
