# 704 stars found using the following parameters:
# sigma=1.00 roundness=0.10 radius=5 relax=1 profile=0 minbeta=1.5 max_stars=0 layer=1 minA=0.00 maxA=0.00 maxR=1.00
# star#	layer	B	A	beta	X	Y	FWHMx [px]	FWHMy [px]	FWHMx ["]	FWHMy ["]	angle	RMSE	mag	Sat	Profile	RA	Dec
1	1	 -0.000117	  0.002242	     -1.00	    168.21	    119.11	     48.12	     29.13	    842.21	    509.80	9.18	 5.275e-04	     -0.71	0	Gaussian	318.055710	51.759305
2	1	  0.002018	  0.224598	     -1.00	    580.01	    481.48	      2.70	      2.53	     47.31	     44.36	44.01	 1.589e-03	     -0.60	1	Gaussian	314.624462	50.461826
3	1	  0.001892	  0.170141	     -1.00	    658.08	    435.45	      2.68	      2.53	     46.99	     44.21	37.94	 1.186e-03	     -0.29	0	Gaussian	314.105614	50.728297
4	1	 -0.000958	  0.002889	     -1.00	    321.78	    128.60	     78.50	     23.68	   1373.93	    414.40	3.78	 3.979e-04	     -0.28	0	Gaussian	316.918900	51.856703
5	1	  0.001772	  0.147196	     -1.00	    612.16	    762.09	      2.57	      2.54	     44.99	     44.38	12.03	 7.363e-04	     -0.09	0	Gaussian	314.107557	49.196111
6	1	  0.001746	  0.095602	     -1.00	    409.42	    476.79	      2.61	      2.61	     45.66	     45.66	0.43	 7.909e-04	      0.33	0	Gaussian	315.858817	50.352259
7	1	  0.001828	  0.089430	     -1.00	    675.54	    362.34	      2.69	      2.49	     47.07	     43.65	44.66	 7.790e-04	      0.42	0	Gaussian	314.052461	51.074746
8	1	  0.001781	  0.050468	     -1.00	     50.58	    200.34	      2.78	      2.62	     48.72	     45.79	37.26	 5.464e-04	      0.95	0	Gaussian	318.794334	51.281143
9	1	  0.001745	  0.057340	     -1.00	    710.18	    703.22	      2.60	      2.46	     45.49	     43.04	27.04	 4.165e-04	      0.96	0	Gaussian	313.467651	49.533593
10	1	  0.001763	  0.057752	     -1.00	    792.61	    688.48	      2.51	      2.41	     43.88	     42.15	22.56	 4.946e-04	      1.01	0	Gaussian	312.891473	49.654230
11	1	  0.001701	  0.038925	     -1.00	    314.04	    187.76	      2.87	      2.65	     50.21	     46.34	42.20	 3.674e-04	      1.19	0	Gaussian	316.900223	51.583199
12	1	  0.001682	  0.034439	     -1.00	    257.67	    572.37	      2.73	      2.56	     47.73	     44.80	46.97	 2.862e-04	      1.42	0	Gaussian	316.826191	49.790306
13	1	  0.001712	  0.030382	     -1.00	     57.93	    173.29	      2.82	      2.66	     49.40	     46.53	40.78	 3.250e-04	      1.47	0	Gaussian	318.779830	51.409716
14	1	  0.001629	  0.027567	     -1.00	     53.02	    633.24	      2.86	      2.62	     50.07	     45.78	34.44	 2.276e-04	      1.58	0	Gaussian	318.184219	49.329577
15	1	  0.001661	  0.027835	     -1.00	    338.90	    227.51	      2.81	      2.58	     49.14	     45.08	42.99	 2.676e-04	      1.60	0	Gaussian	316.668656	51.425261
16	1	  0.001689	  0.026748	     -1.00	    210.69	    768.43	      2.76	      2.51	     48.29	     43.89	42.70	 2.471e-04	      1.69	0	Gaussian	316.916807	48.855152
17	1	  0.001641	  0.025454	     -1.00	    138.90	    414.27	      2.80	      2.59	     48.98	     45.26	40.31	 2.173e-04	      1.70	0	Gaussian	317.869527	50.401985
18	1	  0.001710	  0.024826	     -1.00	    420.18	    636.13	      2.65	      2.65	     46.42	     46.41	-49.24	 3.540e-04	      1.76	0	Gaussian	315.600761	49.632847
19	1	  0.001609	  0.023621	     -1.00	    386.95	    377.93	      2.79	      2.61	     48.86	     45.72	67.00	 2.123e-04	      1.77	0	Gaussian	316.136528	50.783960
20	1	  0.001656	  0.023033	     -1.00	    317.80	    205.40	      2.84	      2.61	     49.74	     45.74	37.03	 1.978e-04	      1.78	0	Gaussian	316.850397	51.506904
21	1	  0.001623	  0.021925	     -1.00	     64.61	    706.25	      2.80	      2.59	     48.93	     45.27	41.90	 1.709e-04	      1.86	0	Gaussian	318.008104	49.008545
22	1	  0.001630	  0.023042	     -1.00	    724.63	    490.90	      2.66	      2.56	     46.64	     44.73	30.68	 1.703e-04	      1.88	0	Gaussian	313.566371	50.519651
23	1	  0.001682	  0.022675	     -1.00	    319.42	    750.36	      2.69	      2.52	     47.00	     44.11	41.72	 2.052e-04	      1.90	0	Gaussian	316.180359	49.028913
24	1	  0.001687	  0.019128	     -1.00	    353.76	    710.44	      2.76	      2.55	     48.23	     44.68	38.34	 1.775e-04	      2.04	0	Gaussian	315.985459	49.239669
25	1	  0.001636	  0.018408	     -1.00	    354.22	    487.16	      2.71	      2.65	     47.44	     46.42	74.36	 1.675e-04	      2.06	0	Gaussian	316.242215	50.259965
26	1	  0.001626	  0.018507	     -1.00	     21.25	    788.72	      2.74	      2.59	     47.92	     45.33	62.95	 1.596e-04	      2.07	0	Gaussian	318.199596	48.592909
27	1	  0.001620	  0.018690	     -1.00	    374.53	    444.64	      2.71	      2.53	     47.50	     44.28	47.57	 1.820e-04	      2.09	0	Gaussian	316.146959	50.470329
28	1	  0.001684	  0.017561	     -1.00	    428.59	    381.46	      2.70	      2.61	     47.34	     45.61	54.75	 3.212e-04	      2.13	0	Gaussian	315.831211	50.801841
29	1	  0.002255	  0.020459	     -1.00	    787.79	    678.51	      2.42	      2.30	     42.44	     40.27	17.14	 2.269e-03	      2.22	0	Gaussian	312.935012	49.697245
30	1	  0.002143	  0.020286	     -1.00	    780.59	    679.56	      2.42	      2.29	     42.33	     40.04	26.63	 2.186e-03	      2.24	0	Gaussian	312.985689	49.687911
31	1	  0.001644	  0.012427	     -1.00	    750.97	    504.07	      3.02	      2.59	     52.78	     45.25	7.56	 1.821e-04	      2.39	0	Gaussian	313.362296	50.476579
32	1	  0.001601	  0.014229	     -1.00	    756.85	    654.08	      2.61	      2.61	     45.77	     45.63	52.20	 9.683e-05	      2.40	0	Gaussian	313.179319	49.790358
33	1	  0.001654	  0.013501	     -1.00	    158.73	    782.46	      2.75	      2.56	     48.15	     44.78	42.28	 1.472e-04	      2.42	0	Gaussian	317.259933	48.745883
34	1	  0.001582	  0.014234	     -1.00	    469.49	    667.62	      2.61	      2.51	     45.75	     43.85	42.31	 1.206e-04	      2.44	0	Gaussian	315.216401	49.526648
35	1	  0.001599	  0.013287	     -1.00	    379.59	    758.80	      2.65	      2.58	     46.42	     45.22	46.92	 1.108e-04	      2.47	0	Gaussian	315.749477	49.038587
36	1	  0.001613	  0.013114	     -1.00	    437.64	    636.95	      2.64	      2.60	     46.20	     45.57	41.06	 1.042e-04	      2.47	0	Gaussian	315.475982	49.642721
37	1	  0.001594	  0.012210	     -1.00	     70.90	    667.45	      2.84	      2.61	     49.74	     45.62	33.95	 1.148e-04	      2.47	0	Gaussian	318.014952	49.190825
38	1	  0.001625	  0.012509	     -1.00	    539.24	    529.66	      2.71	      2.65	     47.42	     46.34	61.39	 1.232e-04	      2.49	0	Gaussian	314.867233	50.211325
39	1	  0.001649	  0.011548	     -1.00	    792.60	    475.91	      2.73	      2.63	     47.86	     46.07	36.53	 1.900e-04	      2.56	0	Gaussian	313.085556	50.632699
40	1	  0.001610	  0.010165	     -1.00	    376.82	    295.23	      2.77	      2.71	     48.44	     47.41	49.89	 9.588e-05	      2.67	0	Gaussian	316.309207	51.150882
41	1	  0.001599	  0.011035	     -1.00	    771.81	    473.85	      2.70	      2.53	     47.24	     44.32	32.94	 8.248e-05	      2.68	0	Gaussian	313.239147	50.628811
42	1	  0.001599	  0.011220	     -1.00	    530.27	    646.43	      2.66	      2.49	     46.55	     43.54	41.39	 9.448e-05	      2.69	0	Gaussian	314.807267	49.669472
43	1	  0.001611	  0.009690	     -1.00	     73.09	    598.78	      2.79	      2.70	     48.90	     47.27	41.35	 1.126e-04	      2.71	0	Gaussian	318.089808	49.504756
44	1	  0.001626	  0.010019	     -1.00	    606.86	    396.07	      2.67	      2.65	     46.69	     46.31	38.22	 1.014e-04	      2.74	0	Gaussian	314.519676	50.871785
45	1	  0.001591	  0.010496	     -1.00	    617.15	    659.54	      2.67	      2.55	     46.72	     44.56	30.27	 7.289e-05	      2.74	0	Gaussian	314.174313	49.671674
46	1	  0.001677	  0.009972	     -1.00	    350.62	    537.82	      2.72	      2.59	     47.63	     45.29	49.07	 2.379e-04	      2.74	0	Gaussian	316.208063	50.026083
47	1	  0.001596	  0.008404	     -1.00	     86.26	    304.64	      3.04	      2.65	     53.18	     46.39	49.46	 9.872e-05	      2.78	0	Gaussian	318.392726	50.847163
48	1	  0.001622	  0.009164	     -1.00	    245.42	    447.03	      2.73	      2.66	     47.83	     46.52	43.00	 1.293e-04	      2.80	0	Gaussian	317.068476	50.349625
49	1	  0.001630	  0.005255	     -1.00	     35.10	    427.32	      4.22	      2.98	     73.80	     52.18	66.07	 1.415e-04	      2.81	0	Gaussian	318.587477	50.244732
50	1	  0.001633	  0.008398	     -1.00	    136.24	    718.25	      2.85	      2.61	     49.90	     45.76	50.59	 8.386e-05	      2.87	0	Gaussian	317.495949	49.019008
51	1	  0.001595	  0.008073	     -1.00	     17.61	    312.58	      2.89	      2.62	     50.66	     45.77	35.35	 9.077e-05	      2.90	0	Gaussian	318.871362	50.744551
52	1	  0.001591	  0.008643	     -1.00	    735.32	    339.83	      2.71	      2.59	     47.39	     45.30	-68.38	 9.000e-05	      2.91	0	Gaussian	313.635700	51.218542
53	1	  0.001593	  0.008801	     -1.00	    735.78	    715.75	      2.69	      2.56	     47.01	     44.78	33.28	 7.136e-05	      2.92	0	Gaussian	313.273147	49.492460
54	1	  0.001643	  0.008573	     -1.00	    659.63	    623.21	      2.69	      2.59	     47.05	     45.33	71.39	 1.174e-04	      2.93	0	Gaussian	313.906476	49.868095
55	1	  0.001598	  0.007944	     -1.00	    734.98	    557.30	      2.69	      2.69	     47.15	     47.01	53.11	 6.147e-05	      2.96	0	Gaussian	313.427663	50.221589
56	1	  0.001604	  0.007795	     -1.00	    141.67	    538.76	      2.83	      2.60	     49.56	     45.54	32.61	 7.957e-05	      2.97	0	Gaussian	317.687111	49.840407
57	1	  0.001603	  0.007574	     -1.00	     83.02	    409.23	      2.79	      2.72	     48.78	     47.56	-20.99	 8.811e-05	      2.97	0	Gaussian	318.273119	50.372348
58	1	  0.001593	  0.007675	     -1.00	    164.51	    404.82	      2.72	      2.70	     47.57	     47.33	17.84	 8.596e-05	      2.97	0	Gaussian	317.699618	50.468330
59	1	  0.001662	  0.008331	     -1.00	    519.50	    558.78	      2.65	      2.56	     46.30	     44.83	-62.86	 1.943e-04	      2.99	0	Gaussian	314.977696	50.063261
60	1	  0.001599	  0.008021	     -1.00	    601.29	    494.46	      2.73	      2.56	     47.82	     44.84	34.61	 7.615e-05	      2.99	0	Gaussian	314.457008	50.417892
61	1	  0.001712	  0.007833	     -1.00	    524.37	    275.52	      2.68	      2.61	     46.97	     45.62	52.09	 4.296e-04	      3.02	0	Gaussian	315.254434	51.359157
62	1	  0.001678	  0.007531	     -1.00	    382.82	    526.33	      2.75	      2.66	     48.13	     46.60	45.58	 2.517e-04	      3.02	0	Gaussian	315.991851	50.104845
63	1	  0.001639	  0.007428	     -1.00	    152.72	    424.92	      2.73	      2.69	     47.71	     47.06	60.42	 1.844e-04	      3.02	0	Gaussian	317.757235	50.366545
64	1	  0.001593	  0.007005	     -1.00	     52.95	    785.67	      2.86	      2.67	     50.08	     46.72	40.11	 9.719e-05	      3.04	0	Gaussian	317.985688	48.636134
65	1	  0.001619	  0.007617	     -1.00	    676.86	    627.57	      2.72	      2.58	     47.62	     45.14	28.48	 8.057e-05	      3.05	0	Gaussian	313.778589	49.859763
66	1	  0.001630	  0.006828	     -1.00	     86.48	    196.42	      2.90	      2.62	     50.79	     45.93	42.41	 1.067e-04	      3.07	0	Gaussian	318.541298	51.333935
67	1	  0.001745	  0.007412	     -1.00	     34.41	    455.46	      2.76	      2.52	     48.25	     44.16	40.73	 6.067e-04	      3.08	0	Gaussian	318.553749	50.117030
68	1	  0.001652	  0.007088	     -1.00	    274.08	    139.66	      2.79	      2.60	     48.84	     45.59	40.38	 2.400e-04	      3.10	0	Gaussian	317.254532	51.764568
69	1	  0.001600	  0.006728	     -1.00	    106.44	    572.44	      2.84	      2.60	     49.70	     45.56	44.98	 8.398e-05	      3.11	0	Gaussian	317.890941	49.655252
70	1	  0.001577	  0.007049	     -1.00	    462.34	    577.61	      2.73	      2.58	     47.81	     45.17	49.44	 6.353e-05	      3.12	0	Gaussian	315.365937	49.933548
71	1	  0.001593	  0.006537	     -1.00	    759.25	    335.16	      2.73	      2.68	     47.78	     46.85	33.35	 6.747e-05	      3.15	0	Gaussian	313.463981	51.255823
72	1	  0.001602	  0.005798	     -1.00	    234.97	    182.87	      2.92	      2.84	     51.08	     49.66	34.47	 7.678e-05	      3.18	0	Gaussian	317.483529	51.534659
73	1	  0.001577	  0.006117	     -1.00	    388.59	    479.08	      2.79	      2.71	     48.87	     47.49	40.43	 6.162e-05	      3.19	0	Gaussian	316.005636	50.324980
74	1	  0.001602	  0.005998	     -1.00	    117.54	    518.32	      2.90	      2.62	     50.73	     45.89	38.30	 7.441e-05	      3.20	0	Gaussian	317.883712	49.911021
75	1	  0.001589	  0.005923	     -1.00	     51.95	    610.97	      2.80	      2.78	     49.05	     48.59	13.08	 9.148e-05	      3.21	0	Gaussian	318.221191	49.429657
76	1	  0.001598	  0.006471	     -1.00	    583.02	    644.44	      2.72	      2.58	     47.59	     45.21	25.29	 5.604e-05	      3.22	0	Gaussian	314.433266	49.716946
77	1	  0.001585	  0.006760	     -1.00	    722.25	    736.75	      2.64	      2.56	     46.14	     44.77	23.72	 5.402e-05	      3.22	0	Gaussian	313.350144	49.386820
78	1	  0.001605	  0.005722	     -1.00	    682.55	    179.22	      2.84	      2.76	     49.74	     48.37	34.97	 7.829e-05	      3.23	0	Gaussian	314.189706	51.914076
79	1	  0.001679	  0.006299	     -1.00	    305.72	    557.97	      2.66	      2.66	     46.59	     46.57	10.59	 3.080e-04	      3.24	0	Gaussian	316.503310	49.896805
80	1	  0.001612	  0.005848	     -1.00	     68.71	    749.69	      2.89	      2.57	     50.54	     45.02	37.95	 1.272e-04	      3.26	0	Gaussian	317.923451	48.814551
81	1	  0.001684	  0.005823	     -1.00	      5.72	    190.65	      2.86	      2.64	     49.99	     46.15	47.06	 1.280e-04	      3.26	0	Gaussian	319.130555	51.279831
82	1	  0.001579	  0.005822	     -1.00	    684.13	    505.14	      2.83	      2.62	     49.54	     45.90	32.49	 5.391e-05	      3.26	0	Gaussian	313.846440	50.427045
83	1	  0.001593	  0.005819	     -1.00	    440.63	    496.80	      2.82	      2.56	     49.44	     44.87	32.06	 7.147e-05	      3.28	0	Gaussian	315.611898	50.285888
84	1	  0.001587	  0.004532	     -1.00	    509.14	    461.94	      3.35	      2.80	     58.60	     49.07	1.45	 9.724e-05	      3.29	0	Gaussian	315.157645	50.498206
85	1	  0.001606	  0.005400	     -1.00	     24.85	    234.44	      2.95	      2.71	     51.64	     47.47	47.99	 6.877e-05	      3.29	0	Gaussian	318.930526	51.102703
86	1	  0.001581	  0.005625	     -1.00	    718.03	    751.16	      2.86	      2.63	     50.05	     46.08	10.01	 5.641e-05	      3.30	0	Gaussian	313.366780	49.317590
87	1	  0.001581	  0.005714	     -1.00	    541.57	    475.49	      2.78	      2.66	     48.66	     46.64	45.65	 5.916e-05	      3.30	0	Gaussian	314.908712	50.460835
88	1	  0.001654	  0.005525	     -1.00	    258.49	    363.24	      2.75	      2.75	     48.07	     48.06	19.68	 1.577e-04	      3.31	0	Gaussian	317.080523	50.741051
89	1	  0.001568	  0.005460	     -1.00	     39.69	    704.29	      2.87	      2.68	     50.26	     46.90	37.81	 5.208e-05	      3.31	0	Gaussian	318.183107	48.994288
90	1	  0.001600	  0.005440	     -1.00	    480.26	    254.98	      2.80	      2.72	     49.03	     47.56	7.10	 1.002e-04	      3.32	0	Gaussian	315.601437	51.417818
91	1	  0.001586	  0.005521	     -1.00	    425.88	    606.06	      2.73	      2.73	     47.81	     47.73	7.01	 4.898e-05	      3.33	0	Gaussian	315.594004	49.774956
92	1	  0.001648	  0.005340	     -1.00	    284.86	    134.32	      2.86	      2.69	     50.02	     47.08	19.81	 2.679e-04	      3.34	0	Gaussian	317.182538	51.798256
93	1	  0.001625	  0.005202	     -1.00	    238.96	    128.67	      2.89	      2.70	     50.56	     47.31	39.77	 9.179e-05	      3.36	0	Gaussian	317.526094	51.782199
94	1	  0.001617	  0.005477	     -1.00	    127.44	    478.58	      2.79	      2.58	     48.85	     45.24	47.43	 8.850e-05	      3.36	0	Gaussian	317.866061	50.100266
95	1	  0.001717	  0.005489	     -1.00	    724.41	    276.41	      2.72	      2.58	     47.53	     45.14	59.01	 3.382e-04	      3.38	0	Gaussian	313.779332	51.500711
96	1	  0.001599	  0.005136	     -1.00	    297.87	    441.70	      2.92	      2.65	     51.11	     46.38	33.30	 7.403e-05	      3.38	0	Gaussian	316.700318	50.419339
97	1	  0.001638	  0.004827	     -1.00	    228.12	    604.38	      2.97	      2.78	     51.92	     48.66	16.10	 1.014e-04	      3.38	0	Gaussian	316.995356	49.618978
98	1	  0.001779	  0.005557	     -1.00	     34.30	    463.32	      2.74	      2.52	     48.05	     44.03	32.82	 7.803e-04	      3.40	0	Gaussian	318.543742	50.081393
99	1	  0.001600	  0.005053	     -1.00	    199.73	    561.17	      2.82	      2.71	     49.40	     47.47	69.39	 7.453e-05	      3.41	0	Gaussian	317.249278	49.790766
100	1	  0.001609	  0.005251	     -1.00	    635.34	    358.31	      2.79	      2.55	     48.77	     44.58	46.08	 7.208e-05	      3.41	0	Gaussian	314.351211	51.064730
101	1	  0.001598	  0.004955	     -1.00	    741.75	    277.91	      2.83	      2.63	     49.47	     46.02	29.39	 5.348e-05	      3.43	0	Gaussian	313.649480	51.505591
102	1	  0.001599	  0.004828	     -1.00	    349.75	    561.31	      2.88	      2.72	     50.40	     47.57	39.06	 5.648e-05	      3.44	0	Gaussian	316.186606	49.918230
103	1	  0.001618	  0.004558	     -1.00	    505.92	    351.37	      2.91	      2.78	     50.94	     48.64	14.75	 1.227e-04	      3.46	0	Gaussian	315.303975	50.999898
104	1	  0.001622	  0.004903	     -1.00	    363.64	    691.37	      2.79	      2.67	     48.84	     46.70	43.48	 5.413e-05	      3.47	0	Gaussian	315.937776	49.334943
105	1	  0.001610	  0.004594	     -1.00	    196.64	    292.56	      2.87	      2.61	     50.30	     45.60	33.65	 8.125e-05	      3.52	0	Gaussian	317.616741	51.005118
106	1	  0.001639	  0.002421	     -1.00	    300.71	    340.55	      4.39	      3.18	     76.90	     55.57	-29.38	 1.450e-04	      3.52	0	Gaussian	316.804899	50.880741
107	1	  0.001627	  0.004299	     -1.00	    637.02	    505.11	      2.79	      2.76	     48.83	     48.38	28.52	 9.671e-05	      3.56	0	Gaussian	314.187602	50.394514
108	1	  0.001612	  0.004767	     -1.00	    766.60	    747.88	      2.68	      2.58	     46.94	     45.21	51.82	 5.610e-05	      3.57	0	Gaussian	313.023948	49.363724
109	1	  0.001569	  0.004421	     -1.00	    493.50	    647.21	      2.80	      2.65	     48.95	     46.35	59.59	 4.851e-05	      3.58	0	Gaussian	315.067989	49.638459
110	1	  0.001598	  0.004376	     -1.00	    348.52	    431.50	      2.82	      2.62	     49.35	     45.93	61.69	 6.189e-05	      3.58	0	Gaussian	316.349473	50.508515
111	1	  0.001598	  0.004190	     -1.00	    257.47	    166.26	      2.87	      2.68	     50.15	     46.94	55.09	 5.845e-05	      3.58	0	Gaussian	317.341254	51.629865
112	1	  0.001607	  0.004404	     -1.00	    389.65	    672.95	      2.81	      2.56	     49.22	     44.82	46.28	 6.425e-05	      3.59	0	Gaussian	315.775299	49.440082
113	1	  0.001635	  0.004155	     -1.00	    312.05	    705.45	      2.93	      2.68	     51.28	     46.96	40.84	 1.242e-04	      3.60	0	Gaussian	316.284146	49.228487
114	1	  0.001593	  0.004067	     -1.00	    133.86	    359.56	      2.92	      2.67	     51.09	     46.77	42.56	 5.302e-05	      3.63	0	Gaussian	317.978128	50.644567
115	1	  0.001628	  0.004354	     -1.00	    366.06	    786.21	      2.74	      2.63	     48.00	     45.96	32.11	 1.632e-04	      3.63	0	Gaussian	315.813379	48.902093
116	1	  0.001619	  0.003947	     -1.00	     69.58	    292.55	      2.93	      2.62	     51.28	     45.94	45.05	 1.046e-04	      3.63	0	Gaussian	318.528670	50.885509
117	1	  0.001650	  0.003438	     -1.00	    176.53	    767.90	      3.01	      2.97	     52.60	     52.04	-69.10	 1.229e-04	      3.65	0	Gaussian	317.154521	48.827984
118	1	  0.001555	  0.004067	     -1.00	    483.06	    665.10	      2.76	      2.73	     48.32	     47.82	10.73	 4.096e-05	      3.66	0	Gaussian	315.122847	49.548521
119	1	  0.001674	  0.004362	     -1.00	    776.36	    506.03	      2.72	      2.47	     47.54	     43.21	45.75	 1.925e-04	      3.68	0	Gaussian	313.175856	50.484006
120	1	  0.001578	  0.003724	     -1.00	    503.49	    376.82	      2.79	      2.79	     48.87	     48.85	7.29	 4.578e-05	      3.71	0	Gaussian	315.293109	50.882121
121	1	  0.001631	  0.001686	     -1.00	    173.91	    741.36	      6.05	      2.83	    105.83	     49.61	44.84	 9.957e-05	      3.71	0	Gaussian	317.205466	48.946887
122	1	  0.001610	  0.003901	     -1.00	    266.86	    711.21	      2.74	      2.68	     48.03	     46.85	24.36	 7.654e-05	      3.72	0	Gaussian	316.593970	49.164514
123	1	  0.001577	  0.003942	     -1.00	    707.52	    780.19	      2.77	      2.61	     48.40	     45.73	33.13	 5.436e-05	      3.72	0	Gaussian	313.414412	49.176712
124	1	  0.001596	  0.003544	     -1.00	    110.01	    557.10	      2.91	      2.72	     50.93	     47.54	28.04	 5.153e-05	      3.75	0	Gaussian	317.885956	49.728165
125	1	  0.001587	  0.003751	     -1.00	    393.88	    793.23	      2.74	      2.68	     47.91	     46.92	12.67	 5.962e-05	      3.76	0	Gaussian	315.611061	48.891780
126	1	  0.001648	  0.003670	     -1.00	    680.83	    339.75	      2.84	      2.66	     49.79	     46.59	39.05	 1.264e-04	      3.77	0	Gaussian	314.036615	51.181602
127	1	  0.001635	  0.003923	     -1.00	    550.31	    679.92	      2.64	      2.63	     46.25	     46.12	-42.35	 1.608e-04	      3.78	0	Gaussian	314.629636	49.530339
128	1	  0.001599	  0.003401	     -1.00	    611.82	    238.96	      2.93	      2.70	     51.21	     47.32	-16.11	 5.072e-05	      3.79	0	Gaussian	314.650900	51.591342
129	1	  0.001645	  0.003164	     -1.00	    690.21	    582.45	      2.91	      2.91	     50.92	     50.92	-33.31	 2.218e-04	      3.80	0	Gaussian	313.726590	50.076212
130	1	  0.001603	  0.003579	     -1.00	    536.67	    573.09	      2.79	      2.70	     48.89	     47.21	72.67	 6.741e-05	      3.80	0	Gaussian	314.839291	50.010520
131	1	  0.001596	  0.003665	     -1.00	    604.56	    786.02	      2.70	      2.60	     47.32	     45.58	23.68	 5.020e-05	      3.83	0	Gaussian	314.137598	49.080561
132	1	  0.001636	  0.003410	     -1.00	    353.75	    731.20	      2.83	      2.71	     49.46	     47.45	52.48	 7.291e-05	      3.84	0	Gaussian	315.961818	49.144526
133	1	  0.001611	  0.003329	     -1.00	    362.60	    360.94	      2.90	      2.66	     50.70	     46.63	41.05	 9.328e-05	      3.84	0	Gaussian	316.332874	50.840930
134	1	  0.001592	  0.002858	     -1.00	    617.73	    198.69	      3.06	      2.98	     53.51	     52.16	26.23	 5.617e-05	      3.85	0	Gaussian	314.650696	51.778713
135	1	  0.001415	  0.000993	     -1.00	    494.47	    145.38	      5.31	      4.71	     93.02	     82.37	-24.61	 4.483e-04	      3.86	0	Gaussian	315.624220	51.925708
136	1	  0.001581	  0.003164	     -1.00	    608.63	    304.48	      2.93	      2.71	     51.33	     47.40	29.40	 3.936e-05	      3.86	0	Gaussian	314.603993	51.290831
137	1	  0.001602	  0.002910	     -1.00	     90.79	    121.83	      3.01	      2.81	     52.60	     49.10	16.09	 6.791e-05	      3.87	0	Gaussian	318.615022	51.672569
138	1	  0.001681	  0.003636	     -1.00	    324.86	    739.38	      2.72	      2.54	     47.54	     44.40	19.50	 4.278e-04	      3.87	0	Gaussian	316.154975	49.083670
139	1	  0.001676	  0.001441	     -1.00	    363.81	    535.87	      6.38	      2.65	    111.64	     46.43	-5.32	 4.728e-04	      3.89	0	Gaussian	316.116335	50.045817
140	1	  0.001591	  0.003191	     -1.00	    655.26	    295.64	      2.84	      2.73	     49.65	     47.74	49.93	 4.318e-05	      3.89	0	Gaussian	314.270229	51.364771
141	1	  0.001603	  0.003282	     -1.00	    267.88	    745.62	      2.88	      2.63	     50.40	     45.96	29.33	 5.408e-05	      3.90	0	Gaussian	316.545943	49.007988
142	1	  0.001597	  0.002822	     -1.00	     20.77	    162.22	      3.12	      2.80	     54.69	     48.93	32.84	 4.692e-05	      3.90	0	Gaussian	319.063419	51.422265
143	1	  0.001582	  0.002958	     -1.00	    168.60	    341.18	      3.01	      2.69	     52.71	     47.04	36.59	 4.025e-05	      3.91	0	Gaussian	317.754085	50.759835
144	1	  0.001592	  0.003331	     -1.00	    628.41	    769.50	      2.70	      2.59	     47.34	     45.34	20.01	 3.816e-05	      3.95	0	Gaussian	313.985222	49.173157
145	1	  0.001584	  0.002686	     -1.00	    203.36	    430.55	      3.10	      2.66	     54.23	     46.65	29.13	 5.150e-05	      3.96	0	Gaussian	317.389343	50.387065
146	1	  0.001611	  0.002932	     -1.00	    393.93	    591.32	      2.89	      2.72	     50.51	     47.65	9.45	 5.451e-05	      3.97	0	Gaussian	315.837831	49.816976
147	1	  0.001619	  0.003012	     -1.00	    591.37	    738.74	      2.79	      2.71	     48.80	     47.44	-25.20	 7.994e-05	      3.98	0	Gaussian	314.278080	49.289158
148	1	  0.001564	  0.002981	     -1.00	    437.14	    743.66	      2.81	      2.72	     49.10	     47.59	17.21	 3.132e-05	      3.98	0	Gaussian	315.362019	49.152949
149	1	  0.001590	  0.002562	     -1.00	    345.91	    344.21	      3.16	      2.87	     55.28	     50.30	28.11	 3.677e-05	      3.98	0	Gaussian	316.473856	50.902820
150	1	  0.001586	  0.002864	     -1.00	    665.20	    559.91	      2.79	      2.79	     48.78	     48.77	-87.89	 4.072e-05	      4.00	0	Gaussian	313.929044	50.162764
151	1	  0.001642	  0.003042	     -1.00	    297.30	    779.67	      2.80	      2.57	     48.98	     45.02	27.52	 1.175e-04	      4.01	0	Gaussian	316.300832	48.876518
152	1	  0.001680	  0.002994	     -1.00	    691.24	    331.54	      2.79	      2.59	     48.76	     45.32	42.29	 1.939e-04	      4.03	0	Gaussian	313.968431	51.226296
153	1	  0.001647	  0.002948	     -1.00	    142.07	    688.14	      2.70	      2.66	     47.25	     46.48	29.77	 1.127e-04	      4.04	0	Gaussian	317.493346	49.161421
154	1	  0.001420	  0.001686	     -1.00	    260.88	    121.57	      3.62	      3.60	     63.29	     62.95	1.97	 4.712e-04	      4.04	0	Gaussian	317.374948	51.834063
155	1	  0.001588	  0.002614	     -1.00	    490.49	    244.48	      2.99	      2.68	     52.39	     46.94	18.73	 8.720e-05	      4.04	0	Gaussian	315.538489	51.473588
156	1	  0.001592	  0.002392	     -1.00	     59.24	    225.15	      3.08	      2.93	     53.96	     51.21	6.00	 3.881e-05	      4.05	0	Gaussian	318.696981	51.178375
157	1	  0.001588	  0.002923	     -1.00	    785.95	    745.63	      2.78	      2.58	     48.64	     45.16	12.32	 4.053e-05	      4.06	0	Gaussian	312.887986	49.386218
158	1	  0.001588	  0.002584	     -1.00	    219.88	    643.24	      2.93	      2.81	     51.20	     49.12	25.80	 3.901e-05	      4.06	0	Gaussian	317.005386	49.434700
159	1	  0.001625	  0.002968	     -1.00	    570.79	    705.51	      2.74	      2.59	     47.89	     45.39	19.65	 8.107e-05	      4.06	0	Gaussian	314.457772	49.427482
160	1	  0.001597	  0.002403	     -1.00	     25.91	    211.70	      3.07	      2.88	     53.80	     50.39	42.10	 3.982e-05	      4.07	0	Gaussian	318.955351	51.205773
161	1	  0.001609	  0.002722	     -1.00	    703.03	    525.90	      2.75	      2.67	     48.16	     46.77	45.57	 8.087e-05	      4.08	0	Gaussian	313.689122	50.344592
162	1	  0.001664	  0.003193	     -1.00	    753.44	    714.04	      2.59	      2.40	     45.35	     42.08	45.32	 2.870e-04	      4.09	0	Gaussian	313.148665	49.511671
163	1	  0.001582	  0.002419	     -1.00	    557.07	    523.63	      2.98	      2.86	     52.23	     50.01	8.39	 2.976e-05	      4.10	0	Gaussian	314.745403	50.252134
164	1	  0.001567	  0.002417	     -1.00	    464.91	    373.34	      3.05	      2.80	     53.39	     48.93	20.77	 2.790e-05	      4.11	0	Gaussian	315.577306	50.867769
165	1	  0.001600	  0.002530	     -1.00	    699.34	    378.23	      2.89	      2.68	     50.53	     46.97	71.14	 4.469e-05	      4.12	0	Gaussian	313.861916	51.018569
166	1	  0.001599	  0.002484	     -1.00	    362.07	    619.70	      2.92	      2.79	     51.14	     48.77	18.78	 5.482e-05	      4.12	0	Gaussian	316.031206	49.661589
167	1	  0.001649	  0.002213	     -1.00	    390.21	    614.16	      3.00	      3.00	     52.51	     52.45	52.31	 8.246e-05	      4.13	0	Gaussian	315.838138	49.709610
168	1	  0.001589	  0.002540	     -1.00	    748.96	    566.97	      2.79	      2.65	     48.87	     46.31	-3.41	 4.211e-05	      4.14	0	Gaussian	313.317373	50.186249
169	1	  0.001583	  0.002291	     -1.00	    333.89	    364.91	      2.99	      2.92	     52.37	     51.03	14.34	 3.323e-05	      4.14	0	Gaussian	316.535416	50.798697
170	1	  0.001597	  0.002191	     -1.00	    586.30	    227.82	      3.08	      2.81	     53.84	     49.27	75.75	 4.085e-05	      4.14	0	Gaussian	314.851532	51.623015
171	1	  0.001574	  0.002604	     -1.00	    558.43	    763.82	      2.79	      2.69	     48.76	     47.07	24.63	 3.433e-05	      4.15	0	Gaussian	314.485753	49.150292
172	1	  0.001768	  0.003024	     -1.00	    722.15	    268.38	      2.63	      2.36	     45.96	     41.27	72.51	 5.913e-04	      4.16	0	Gaussian	313.804118	51.535748
173	1	  0.001644	  0.002678	     -1.00	    262.26	    785.59	      2.76	      2.59	     48.30	     45.34	42.53	 8.310e-05	      4.16	0	Gaussian	316.537861	48.820319
174	1	  0.001599	  0.002361	     -1.00	    271.58	    659.00	      2.91	      2.76	     50.94	     48.32	36.99	 4.814e-05	      4.17	0	Gaussian	316.623245	49.407065
175	1	  0.001608	  0.002511	     -1.00	    731.21	    527.37	      2.82	      2.70	     49.42	     47.30	7.72	 7.343e-05	      4.17	0	Gaussian	313.483496	50.356591
176	1	  0.001651	  0.002355	     -1.00	    593.64	    675.70	      2.88	      2.81	     50.43	     49.19	38.43	 1.675e-04	      4.17	0	Gaussian	314.325652	49.580842
177	1	  0.001617	  0.002571	     -1.00	    701.58	    588.86	      2.79	      2.57	     48.92	     45.04	48.04	 7.838e-05	      4.18	0	Gaussian	313.638447	50.054391
178	1	  0.001604	  0.002391	     -1.00	    523.26	    574.82	      2.88	      2.76	     50.39	     48.24	33.76	 5.684e-05	      4.18	0	Gaussian	314.933539	49.992607
179	1	  0.001561	  0.002221	     -1.00	    466.38	    552.86	      3.02	      2.71	     52.83	     47.51	28.53	 2.913e-05	      4.20	0	Gaussian	315.364514	50.049882
180	1	  0.001588	  0.002039	     -1.00	    534.15	    338.30	      3.09	      2.93	     54.15	     51.36	14.31	 4.714e-05	      4.22	0	Gaussian	315.112686	51.081064
181	1	  0.001589	  0.002124	     -1.00	     33.32	    727.97	      3.02	      2.75	     52.85	     48.18	-69.84	 7.113e-05	      4.22	0	Gaussian	318.195970	48.880647
182	1	  0.001584	  0.001941	     -1.00	    188.64	    237.43	      3.21	      2.95	     56.12	     51.68	16.76	 3.237e-05	      4.22	0	Gaussian	317.747461	51.246419
183	1	  0.001658	  0.002158	     -1.00	    146.51	    765.36	      2.93	      2.84	     51.37	     49.73	85.74	 2.086e-04	      4.23	0	Gaussian	317.365723	48.813206
184	1	  0.001565	  0.002088	     -1.00	    400.51	    444.85	      3.06	      2.70	     53.56	     47.18	18.72	 4.155e-05	      4.23	0	Gaussian	315.959985	50.490622
185	1	  0.001633	  0.002213	     -1.00	    273.72	    725.41	      3.03	      2.66	     53.12	     46.64	30.96	 8.892e-05	      4.23	0	Gaussian	316.529138	49.105348
186	1	  0.001696	  0.002560	     -1.00	    759.42	    721.27	      2.63	      2.61	     46.12	     45.64	1.02	 3.335e-04	      4.24	0	Gaussian	313.099284	49.482080
187	1	  0.001590	  0.001446	     -1.00	    208.56	    372.63	      3.84	      3.20	     67.25	     55.93	59.57	 4.623e-05	      4.24	0	Gaussian	317.426776	50.654073
188	1	  0.001587	  0.001873	     -1.00	     16.67	    342.95	      3.24	      2.96	     56.66	     51.87	-31.36	 4.185e-05	      4.25	0	Gaussian	318.835328	50.607017
189	1	  0.001625	  0.002162	     -1.00	    200.94	    707.93	      2.87	      2.83	     50.18	     49.50	21.63	 8.254e-05	      4.25	0	Gaussian	317.058467	49.123127
190	1	  0.001582	  0.001821	     -1.00	    135.04	    745.67	      3.38	      2.93	     59.15	     51.21	18.99	 4.179e-05	      4.25	0	Gaussian	317.469771	48.892858
191	1	  0.001590	  0.001929	     -1.00	    216.74	    266.57	      3.17	      2.93	     55.53	     51.25	14.62	 5.462e-05	      4.26	0	Gaussian	317.505824	51.140760
192	1	  0.001590	  0.000603	     -1.00	    443.14	    427.80	      7.34	      3.84	    128.39	     67.27	71.23	 8.458e-05	      4.27	0	Gaussian	315.672479	50.602535
193	1	  0.001578	  0.001808	     -1.00	    277.38	    247.25	      3.21	      3.01	     56.23	     52.75	-9.42	 2.739e-05	      4.27	0	Gaussian	317.091572	51.282380
194	1	  0.001593	  0.002279	     -1.00	    742.11	    704.06	      2.72	      2.72	     47.55	     47.55	-7.93	 9.886e-05	      4.28	0	Gaussian	313.238815	49.550454
195	1	  0.001597	  0.002101	     -1.00	    633.42	    635.41	      2.94	      2.80	     51.40	     48.96	0.41	 5.339e-05	      4.28	0	Gaussian	314.082174	49.793945
196	1	  0.001561	  0.001899	     -1.00	    102.56	    725.82	      3.14	      2.80	     54.88	     49.06	7.94	 2.790e-05	      4.28	0	Gaussian	317.720020	48.954163
197	1	  0.001607	  0.002181	     -1.00	    579.83	    738.78	      2.86	      2.75	     50.06	     48.10	21.20	 4.609e-05	      4.29	0	Gaussian	314.359799	49.280806
198	1	  0.001584	  0.002681	     -1.00	    766.55	    786.67	      2.54	      2.42	     44.48	     42.32	15.04	 5.424e-05	      4.30	0	Gaussian	312.989365	49.184458
199	1	  0.001581	  0.002178	     -1.00	    644.10	    693.58	      2.91	      2.68	     50.92	     46.87	14.61	 4.335e-05	      4.31	0	Gaussian	313.948303	49.533725
200	1	  0.001566	  0.001912	     -1.00	    538.98	    493.20	      3.06	      2.89	     53.59	     50.61	-2.29	 2.628e-05	      4.31	0	Gaussian	314.908329	50.377936
201	1	  0.001615	  0.001971	     -1.00	    324.93	    415.87	      2.95	      2.88	     51.65	     50.33	22.95	 8.215e-05	      4.32	0	Gaussian	316.537813	50.559729
202	1	  0.001603	  0.002084	     -1.00	    570.42	    792.29	      2.96	      2.62	     51.83	     45.84	4.80	 1.105e-04	      4.33	0	Gaussian	314.372222	49.027702
203	1	  0.001586	  0.001630	     -1.00	    364.86	    272.46	      3.36	      3.09	     58.84	     54.13	16.91	 2.964e-05	      4.34	0	Gaussian	316.423903	51.244024
204	1	  0.001591	  0.001790	     -1.00	     80.31	    502.37	      3.14	      2.94	     54.90	     51.53	11.23	 3.705e-05	      4.34	0	Gaussian	318.167048	49.948612
205	1	  0.001587	  0.001673	     -1.00	    774.25	    235.47	      3.37	      2.90	     59.06	     50.69	-4.00	 3.711e-05	      4.35	0	Gaussian	313.450124	51.720908
206	1	  0.001597	  0.001864	     -1.00	    155.18	    663.48	      3.10	      2.85	     54.19	     49.91	15.83	 4.081e-05	      4.35	0	Gaussian	317.433053	49.285489
207	1	  0.001594	  0.001695	     -1.00	     62.28	    482.47	      3.16	      2.98	     55.24	     52.11	16.19	 4.756e-05	      4.38	0	Gaussian	318.320719	50.021610
208	1	  0.001656	  0.001413	     -1.00	    143.51	    773.22	      4.09	      2.67	     71.67	     46.77	-2.97	 2.158e-04	      4.38	0	Gaussian	317.376671	48.774654
209	1	  0.001610	  0.001916	     -1.00	    578.57	    599.58	      2.92	      2.78	     51.02	     48.65	35.66	 5.100e-05	      4.40	0	Gaussian	314.511352	49.919713
210	1	  0.001595	  0.001793	     -1.00	    661.22	    689.91	      3.04	      2.76	     53.22	     48.32	-73.41	 6.007e-05	      4.40	0	Gaussian	313.829774	49.562278
211	1	  0.001591	  0.001698	     -1.00	    238.79	    497.92	      3.10	      2.96	     54.31	     51.90	1.35	 3.199e-05	      4.41	0	Gaussian	317.051987	50.112706
212	1	  0.001583	  0.001750	     -1.00	      7.84	    777.63	      3.12	      2.85	     54.65	     49.89	16.84	 3.174e-05	      4.41	0	Gaussian	318.306129	48.630847
213	1	  0.001578	  0.001649	     -1.00	    723.30	    583.99	      3.12	      2.82	     54.53	     49.42	2.19	 3.507e-05	      4.42	0	Gaussian	313.486539	50.091224
214	1	  0.001569	  0.001509	     -1.00	    457.23	    248.09	      3.19	      3.16	     55.79	     55.34	-26.23	 2.864e-05	      4.43	0	Gaussian	315.778322	51.430670
215	1	  0.001594	  0.001635	     -1.00	    245.14	    617.67	      3.20	      2.82	     56.01	     49.44	25.58	 3.606e-05	      4.45	0	Gaussian	316.859221	49.573110
216	1	  0.001610	  0.001331	     -1.00	    378.72	    681.07	      3.31	      3.29	     57.89	     57.50	28.13	 7.889e-05	      4.45	0	Gaussian	315.843235	49.394185
217	1	  0.001586	  0.001603	     -1.00	    268.18	    614.68	      3.23	      2.89	     56.45	     50.53	5.80	 3.503e-05	      4.45	0	Gaussian	316.700488	49.606441
218	1	  0.001670	  0.001512	     -1.00	    292.73	    683.25	      3.40	      2.83	     59.43	     49.46	-37.22	 1.904e-04	      4.46	0	Gaussian	316.445816	49.314000
219	1	  0.001581	  0.001577	     -1.00	    116.00	    338.85	      3.09	      3.02	     54.02	     52.81	28.93	 2.622e-05	      4.46	0	Gaussian	318.133495	50.721284
220	1	  0.001587	  0.001526	     -1.00	    389.65	    553.00	      3.23	      2.89	     56.59	     50.60	-79.97	 4.636e-05	      4.46	0	Gaussian	315.912302	49.988638
221	1	  0.001619	  0.001453	     -1.00	    369.22	    608.51	      3.42	      3.04	     59.83	     53.20	6.04	 1.147e-04	      4.46	0	Gaussian	315.993480	49.718550
222	1	  0.001645	  0.000906	     -1.00	    191.19	    737.60	      5.64	      2.72	     98.66	     47.58	-3.49	 9.255e-05	      4.47	0	Gaussian	317.089978	48.979180
223	1	  0.001602	  0.001697	     -1.00	    540.75	    629.05	      2.97	      2.85	     51.99	     49.83	-74.91	 4.999e-05	      4.49	0	Gaussian	314.750914	49.756951
224	1	  0.001597	  0.001461	     -1.00	    108.91	    685.76	      3.26	      3.08	     57.14	     53.88	27.50	 3.089e-05	      4.49	0	Gaussian	317.727099	49.142359
225	1	  0.001571	  0.001651	     -1.00	    750.54	    766.15	      3.06	      2.75	     53.55	     48.14	2.60	 2.660e-05	      4.51	0	Gaussian	313.121721	49.269207
226	1	  0.001577	  0.001537	     -1.00	    426.14	    523.15	      3.02	      3.00	     52.80	     52.42	6.93	 6.581e-05	      4.51	0	Gaussian	315.685863	50.154097
227	1	  0.001582	  0.001481	     -1.00	    744.22	    620.39	      3.22	      2.94	     56.37	     51.48	-4.65	 2.599e-05	      4.53	0	Gaussian	313.301463	49.937402
228	1	  0.001594	  0.001737	     -1.00	    702.32	    672.98	      2.88	      2.70	     50.44	     47.31	-79.84	 9.172e-05	      4.53	0	Gaussian	313.552463	49.667778
229	1	  0.001589	  0.001605	     -1.00	    542.47	    743.44	      3.03	      2.83	     52.99	     49.57	6.60	 8.774e-05	      4.53	0	Gaussian	314.619416	49.232604
230	1	  0.001625	  0.001533	     -1.00	    401.64	    608.66	      3.11	      2.83	     54.48	     49.62	8.14	 7.307e-05	      4.55	0	Gaussian	315.763246	49.743867
231	1	  0.001580	  0.001423	     -1.00	    609.25	    337.46	      3.22	      2.94	     56.36	     51.50	14.41	 2.938e-05	      4.55	0	Gaussian	314.564285	51.140968
232	1	  0.001599	  0.001567	     -1.00	    624.34	    606.19	      3.01	      2.86	     52.66	     50.09	-14.13	 4.682e-05	      4.56	0	Gaussian	314.176551	49.921914
233	1	  0.001588	  0.001303	     -1.00	    552.65	    219.32	      3.37	      3.11	     58.91	     54.38	-3.70	 3.483e-05	      4.56	0	Gaussian	315.109397	51.636132
234	1	  0.001577	  0.001499	     -1.00	    576.82	    672.85	      3.03	      2.93	     53.06	     51.31	10.31	 2.805e-05	      4.57	0	Gaussian	314.448304	49.581950
235	1	  0.001580	  0.001332	     -1.00	    186.32	    544.45	      3.28	      3.06	     57.44	     53.53	1.37	 2.635e-05	      4.58	0	Gaussian	317.364963	49.854865
236	1	  0.001590	  0.000573	     -1.00	    402.56	    657.87	      6.88	      3.22	    120.48	     56.44	-39.24	 4.581e-05	      4.59	0	Gaussian	315.701119	49.519372
237	1	  0.001578	  0.001284	     -1.00	    484.77	    609.24	      3.42	      3.06	     59.83	     53.54	-4.77	 3.559e-05	      4.60	0	Gaussian	315.171283	49.805933
238	1	  0.001608	  0.001031	     -1.00	    200.54	    626.53	      4.09	      3.11	     71.62	     54.37	-2.08	 7.716e-05	      4.60	0	Gaussian	317.161830	49.493980
239	1	  0.001576	  0.001155	     -1.00	    478.86	    232.47	      3.60	      3.22	     63.07	     56.32	6.52	 2.651e-05	      4.62	0	Gaussian	315.637806	51.518810
240	1	  0.001570	  0.001334	     -1.00	    511.31	    604.43	      3.22	      2.99	     56.33	     52.29	0.94	 2.064e-05	      4.62	0	Gaussian	314.987172	49.847994
241	1	  0.001580	  0.000809	     -1.00	    131.76	    433.34	      5.14	      3.03	     89.97	     52.99	1.89	 3.198e-05	      4.62	0	Gaussian	317.895042	50.309125
242	1	  0.001589	  0.001177	     -1.00	    266.33	    417.72	      3.41	      3.21	     59.69	     56.26	3.28	 3.714e-05	      4.63	0	Gaussian	316.955759	50.500945
243	1	  0.001586	  0.001423	     -1.00	    744.09	    746.93	      3.01	      2.95	     52.63	     51.57	15.56	 3.376e-05	      4.63	0	Gaussian	313.185181	49.353903
244	1	  0.001640	  0.001442	     -1.00	    503.66	    341.78	      3.11	      2.77	     54.49	     48.55	-0.64	 2.923e-04	      4.63	0	Gaussian	315.331255	51.041769
245	1	  0.001592	  0.001124	     -1.00	     52.79	    287.56	      3.63	      3.05	     63.54	     53.33	1.93	 4.416e-05	      4.63	0	Gaussian	318.655680	50.891635
246	1	  0.001603	  0.001418	     -1.00	    573.09	    433.16	      2.95	      2.92	     51.64	     51.16	5.43	 7.564e-05	      4.64	0	Gaussian	314.725928	50.677658
247	1	  0.001562	  0.001175	     -1.00	    436.48	    444.97	      3.52	      2.91	     61.68	     50.97	-13.68	 1.955e-05	      4.65	0	Gaussian	315.700854	50.518974
248	1	  0.001637	  0.001107	     -1.00	    793.93	    196.14	      3.46	      3.19	     60.53	     55.90	0.95	 6.292e-05	      4.65	0	Gaussian	313.341768	51.913124
249	1	  0.001589	  0.001291	     -1.00	    290.26	    476.06	      3.13	      3.08	     54.72	     53.97	-14.88	 3.424e-05	      4.65	0	Gaussian	316.712561	50.256620
250	1	  0.001606	  0.001136	     -1.00	    213.51	    663.88	      3.42	      3.19	     59.83	     55.90	36.41	 5.971e-05	      4.66	0	Gaussian	317.024704	49.335041
251	1	  0.001594	  0.001242	     -1.00	    652.23	    310.97	      3.20	      2.93	     56.03	     51.21	3.18	 4.653e-05	      4.67	0	Gaussian	314.276573	51.292754
252	1	  0.001592	  0.001252	     -1.00	    711.21	    447.80	      3.22	      3.01	     56.38	     52.71	-11.62	 3.945e-05	      4.68	0	Gaussian	313.706112	50.708253
253	1	  0.001659	  0.001105	     -1.00	    327.66	    193.00	      3.64	      2.94	     63.72	     51.47	-3.62	 3.889e-04	      4.68	0	Gaussian	316.794020	51.571430
254	1	  0.001672	  0.001302	     -1.00	    142.05	    674.81	      2.98	      2.96	     52.18	     51.89	49.40	 1.232e-04	      4.69	0	Gaussian	317.510394	49.222145
255	1	  0.001588	  0.001209	     -1.00	     89.44	    608.91	      3.35	      2.89	     58.72	     50.59	-6.93	 5.214e-05	      4.69	0	Gaussian	317.962252	49.473980
256	1	  0.001610	  0.001309	     -1.00	    234.90	    742.52	      3.18	      2.91	     55.70	     50.90	10.20	 5.547e-05	      4.69	0	Gaussian	316.779650	48.994295
257	1	  0.001609	  0.000870	     -1.00	    698.01	    271.07	      4.29	      3.09	     75.11	     54.03	-1.11	 7.884e-05	      4.71	0	Gaussian	313.980066	51.506836
258	1	  0.001650	  0.001133	     -1.00	    124.68	    670.87	      3.38	      3.12	     59.12	     54.59	-25.87	 1.079e-04	      4.72	0	Gaussian	317.636397	49.224438
259	1	  0.001592	  0.000467	     -1.00	     36.98	    317.67	      6.90	      3.48	    120.85	     60.98	-43.46	 5.878e-05	      4.72	0	Gaussian	318.726337	50.740694
260	1	  0.001636	  0.001204	     -1.00	    177.24	    715.41	      3.11	      3.07	     54.45	     53.73	-2.24	 8.312e-05	      4.73	0	Gaussian	317.214392	49.068287
261	1	  0.001573	  0.001553	     -1.00	    447.59	    790.55	      2.74	      2.55	     48.03	     44.70	22.00	 4.758e-05	      4.73	0	Gaussian	315.237808	48.945518
262	1	  0.001566	  0.000862	     -1.00	    111.14	    589.97	      4.00	      3.22	     70.01	     56.29	-9.08	 2.099e-05	      4.74	0	Gaussian	317.835168	49.579978
263	1	  0.001577	  0.001032	     -1.00	    144.28	    259.09	      3.38	      3.32	     59.08	     58.07	2.38	 2.539e-05	      4.75	0	Gaussian	318.038555	51.107475
264	1	  0.001584	  0.000664	     -1.00	    229.99	    554.95	      5.76	      2.85	    100.90	     49.80	-23.85	 2.163e-05	      4.75	0	Gaussian	317.043365	49.845643
265	1	  0.001612	  0.000992	     -1.00	    315.03	    675.30	      3.74	      3.12	     65.41	     54.63	-14.29	 5.568e-05	      4.75	0	Gaussian	316.298485	49.368878
266	1	  0.001573	  0.001094	     -1.00	    514.34	    427.74	      3.46	      2.97	     60.58	     51.92	-3.52	 2.542e-05	      4.75	0	Gaussian	315.157808	50.658312
267	1	  0.001602	  0.001134	     -1.00	    438.29	    411.16	      3.23	      3.13	     56.53	     54.84	-28.42	 4.455e-05	      4.75	0	Gaussian	315.726635	50.674478
268	1	  0.001580	  0.000853	     -1.00	    768.78	    618.01	      3.86	      3.32	     67.61	     58.09	-6.96	 2.743e-05	      4.76	0	Gaussian	313.126799	49.964121
269	1	  0.001588	  0.001014	     -1.00	     79.59	    258.57	      3.65	      3.08	     63.89	     54.00	-15.25	 3.373e-05	      4.76	0	Gaussian	318.504136	51.048056
270	1	  0.001587	  0.000943	     -1.00	     63.74	    138.40	      3.83	      3.03	     67.03	     52.99	6.37	 3.023e-05	      4.77	0	Gaussian	318.787453	51.571733
271	1	  0.001602	  0.001152	     -1.00	    735.42	    575.84	      3.32	      2.75	     58.02	     48.14	29.04	 3.868e-05	      4.78	0	Gaussian	313.406834	50.136649
272	1	  0.001564	  0.001137	     -1.00	     84.93	    724.21	      3.33	      2.92	     58.36	     51.11	1.90	 3.592e-05	      4.78	0	Gaussian	317.844133	48.945438
273	1	  0.001587	  0.001018	     -1.00	     82.19	    691.91	      3.48	      3.05	     60.95	     53.33	-13.87	 3.859e-05	      4.78	0	Gaussian	317.904817	49.089952
274	1	  0.001591	  0.001039	     -1.00	    130.04	    188.15	      3.54	      3.03	     61.99	     53.02	3.84	 3.991e-05	      4.79	0	Gaussian	318.238135	51.413037
275	1	  0.001677	  0.000581	     -1.00	    133.65	    673.70	      5.62	      3.52	     98.43	     61.67	58.80	 1.718e-04	      4.80	0	Gaussian	317.570321	49.219652
276	1	  0.001653	  0.001193	     -1.00	    304.04	    741.70	      3.28	      2.70	     57.42	     47.18	3.84	 1.156e-04	      4.81	0	Gaussian	316.297953	49.055977
277	1	  0.001586	  0.000908	     -1.00	     70.86	    554.81	      3.67	      3.14	     64.20	     54.93	-7.93	 2.928e-05	      4.82	0	Gaussian	318.163539	49.702127
278	1	  0.001570	  0.000824	     -1.00	    349.62	    451.27	      4.14	      3.11	     72.48	     54.38	-20.31	 2.543e-05	      4.82	0	Gaussian	316.317932	50.419510
279	1	  0.001573	  0.001060	     -1.00	     58.94	    762.57	      3.44	      2.92	     60.20	     51.04	5.96	 4.260e-05	      4.82	0	Gaussian	317.974261	48.746923
280	1	  0.001577	  0.001041	     -1.00	    162.09	    555.58	      3.47	      2.96	     60.68	     51.81	1.54	 2.238e-05	      4.83	0	Gaussian	317.521681	49.782543
281	1	  0.001580	  0.001130	     -1.00	    524.78	    698.76	      3.19	      2.91	     55.84	     50.93	-4.97	 4.574e-05	      4.85	0	Gaussian	314.791156	49.425133
282	1	  0.001674	  0.001231	     -1.00	     77.75	    678.19	      3.11	      2.68	     54.47	     46.94	-22.94	 5.587e-04	      4.85	0	Gaussian	317.953416	49.148294
283	1	  0.001590	  0.001069	     -1.00	    742.66	    648.83	      3.39	      2.86	     59.32	     50.01	-5.46	 4.575e-05	      4.86	0	Gaussian	313.286082	49.805397
284	1	  0.001653	  0.001206	     -1.00	    355.16	    550.38	      3.01	      2.81	     52.62	     49.14	0.28	 2.860e-04	      4.87	0	Gaussian	316.160984	49.972537
285	1	  0.001605	  0.000983	     -1.00	    713.39	    305.40	      3.38	      3.10	     59.21	     54.28	-4.24	 7.815e-05	      4.87	0	Gaussian	313.831651	51.360892
286	1	  0.001569	  0.000557	     -1.00	     66.32	    649.00	      5.74	      3.10	    100.45	     54.29	-23.03	 3.431e-05	      4.88	0	Gaussian	318.070913	49.270408
287	1	  0.001611	  0.001088	     -1.00	    664.24	    662.64	      3.22	      2.85	     56.45	     49.83	-2.82	 1.060e-04	      4.89	0	Gaussian	313.834807	49.689858
288	1	  0.001602	  0.000854	     -1.00	    226.71	    133.91	      3.78	      2.95	     66.21	     51.60	-10.38	 8.299e-05	      4.89	0	Gaussian	317.608658	51.747386
289	1	  0.001621	  0.000898	     -1.00	    354.30	    499.22	      3.53	      3.23	     61.86	     56.58	-24.95	 1.732e-04	      4.89	0	Gaussian	316.227340	50.205059
290	1	  0.001621	  0.000696	     -1.00	     27.66	    126.53	      4.58	      3.06	     80.21	     53.57	9.46	 1.054e-04	      4.89	0	Gaussian	319.065406	51.588862
291	1	  0.001572	  0.000609	     -1.00	    751.15	    439.13	      4.35	      3.55	     76.17	     62.09	-17.48	 3.825e-05	      4.90	0	Gaussian	313.423026	50.774602
292	1	  0.001579	  0.000500	     -1.00	    781.65	    397.13	      5.48	      3.52	     95.85	     61.68	22.17	 3.270e-05	      4.90	0	Gaussian	313.239660	50.986944
293	1	  0.001587	  0.000686	     -1.00	     66.07	    116.14	      4.26	      3.23	     74.62	     56.52	-23.84	 5.450e-05	      4.91	0	Gaussian	318.802407	51.673701
294	1	  0.001625	  0.001019	     -1.00	    294.56	    628.64	      3.32	      2.92	     58.11	     51.17	-3.13	 8.097e-05	      4.91	0	Gaussian	316.497773	49.565016
295	1	  0.001591	  0.000897	     -1.00	    484.07	    277.44	      3.59	      3.08	     62.81	     53.94	-2.51	 5.104e-05	      4.92	0	Gaussian	315.547622	51.318907
296	1	  0.001618	  0.000958	     -1.00	    759.28	    282.97	      3.37	      2.91	     59.00	     50.95	-0.39	 9.818e-05	      4.94	0	Gaussian	313.514651	51.494266
297	1	  0.001580	  0.000862	     -1.00	    153.27	    483.05	      3.65	      3.01	     63.90	     52.73	-12.15	 2.713e-05	      4.94	0	Gaussian	317.677424	50.103735
298	1	  0.001595	  0.000875	     -1.00	    688.68	    226.41	      3.63	      3.04	     63.58	     53.19	-7.32	 4.716e-05	      4.95	0	Gaussian	314.095045	51.703785
299	1	  0.001585	  0.000802	     -1.00	    652.96	    222.75	      3.86	      3.04	     67.49	     53.19	-3.85	 2.624e-05	      4.95	0	Gaussian	314.363773	51.695017
300	1	  0.001629	  0.001070	     -1.00	    735.75	    537.68	      3.18	      2.81	     55.58	     49.15	-5.68	 2.093e-04	      4.96	0	Gaussian	313.440715	50.312251
301	1	  0.001584	  0.000814	     -1.00	    100.74	    426.59	      3.68	      3.04	     64.34	     53.18	-3.79	 3.282e-05	      4.97	0	Gaussian	318.124056	50.310651
302	1	  0.001570	  0.000464	     -1.00	     33.66	    285.13	      5.03	      3.66	     87.98	     63.97	-25.68	 3.379e-05	      4.98	0	Gaussian	318.795700	50.883797
303	1	  0.001588	  0.000786	     -1.00	    426.16	    249.63	      3.77	      3.10	     65.93	     54.22	-3.81	 6.743e-05	      4.98	0	Gaussian	316.003994	51.398441
304	1	  0.001620	  0.000318	     -1.00	    217.80	    731.66	      6.55	      4.51	    114.73	     78.98	-71.00	 6.188e-05	      4.99	0	Gaussian	316.911932	49.029318
305	1	  0.001620	  0.000912	     -1.00	    251.99	    513.39	      3.48	      2.87	     60.85	     50.18	-0.27	 1.195e-04	      4.99	0	Gaussian	316.939032	50.053865
306	1	  0.001597	  0.000849	     -1.00	    767.28	    769.02	      3.57	      3.04	     62.40	     53.19	-12.91	 5.602e-05	      4.99	0	Gaussian	313.000029	49.266523
307	1	  0.001586	  0.000784	     -1.00	    637.68	    283.53	      3.70	      3.08	     64.76	     53.96	-4.83	 3.468e-05	      4.99	0	Gaussian	314.412488	51.407382
308	1	  0.001617	  0.000786	     -1.00	    160.51	    754.93	      3.80	      2.94	     66.44	     51.53	-7.70	 6.559e-05	      4.99	0	Gaussian	317.281619	48.873162
309	1	  0.001598	  0.000843	     -1.00	    210.80	    342.49	      3.61	      2.95	     63.11	     51.67	-0.67	 8.292e-05	      5.00	0	Gaussian	317.449686	50.792437
310	1	  0.001609	  0.000926	     -1.00	    310.83	    448.60	      3.37	      2.79	     59.05	     48.83	-4.69	 1.021e-04	      5.01	0	Gaussian	316.599060	50.399028
311	1	  0.001621	  0.000876	     -1.00	    293.55	    735.07	      3.57	      2.88	     62.53	     50.48	-16.74	 7.491e-05	      5.02	0	Gaussian	316.379031	49.077653
312	1	  0.001575	  0.000815	     -1.00	     22.39	    579.31	      3.62	      3.13	     63.29	     54.74	-6.42	 5.238e-05	      5.02	0	Gaussian	318.469638	49.545218
313	1	  0.001635	  0.001032	     -1.00	    595.73	    404.93	      3.13	      2.71	     54.80	     47.50	-23.76	 3.452e-04	      5.03	0	Gaussian	314.591372	50.823221
314	1	  0.001577	  0.000761	     -1.00	    520.23	    495.63	      3.86	      2.94	     67.54	     51.43	-5.11	 3.777e-05	      5.03	0	Gaussian	315.040816	50.352707
315	1	  0.001602	  0.000730	     -1.00	    249.56	    769.76	      3.91	      3.27	     68.38	     57.21	-7.76	 3.940e-05	      5.03	0	Gaussian	316.644987	48.882119
316	1	  0.001627	  0.000902	     -1.00	    259.74	    512.20	      3.45	      2.84	     60.38	     49.77	-8.91	 1.299e-04	      5.04	0	Gaussian	316.885396	50.065989
317	1	  0.001557	  0.000832	     -1.00	    440.01	    762.76	      3.57	      2.99	     62.52	     52.41	-3.43	 2.077e-05	      5.05	0	Gaussian	315.321044	49.067435
318	1	  0.001577	  0.000863	     -1.00	     97.92	    769.79	      3.39	      2.91	     59.28	     51.00	-4.84	 6.495e-05	      5.05	0	Gaussian	317.696097	48.749525
319	1	  0.001598	  0.000805	     -1.00	    705.20	    393.61	      3.62	      2.90	     63.31	     50.67	-3.92	 4.952e-05	      5.05	0	Gaussian	313.803603	50.952267
320	1	  0.001577	  0.000700	     -1.00	    354.92	    242.41	      3.95	      3.12	     69.08	     54.70	-0.24	 2.205e-05	      5.05	0	Gaussian	316.533258	51.371613
321	1	  0.001653	  0.000887	     -1.00	     30.65	    133.77	      3.38	      2.92	     59.13	     51.02	-13.03	 1.256e-04	      5.06	0	Gaussian	319.033335	51.559511
322	1	  0.001573	  0.000697	     -1.00	    117.96	    424.33	      3.93	      3.13	     68.80	     54.85	-3.04	 3.049e-05	      5.06	0	Gaussian	318.004964	50.337008
323	1	  0.001619	  0.000880	     -1.00	    137.44	    503.97	      3.46	      2.70	     60.50	     47.34	-2.41	 1.012e-04	      5.07	0	Gaussian	317.762152	49.994409
324	1	  0.001604	  0.000675	     -1.00	    661.18	    410.66	      3.77	      3.21	     65.97	     56.17	-8.28	 5.162e-05	      5.07	0	Gaussian	314.108287	50.843855
325	1	  0.001610	  0.000349	     -1.00	    371.39	    667.30	      8.28	      2.88	    144.90	     50.34	-31.42	 1.116e-04	      5.08	0	Gaussian	315.910635	49.451394
326	1	  0.001574	  0.000683	     -1.00	    737.69	    214.61	      3.79	      3.17	     66.33	     55.50	-14.49	 2.729e-05	      5.09	0	Gaussian	313.742838	51.791374
327	1	  0.001574	  0.000601	     -1.00	    154.21	    273.93	      4.23	      3.12	     74.12	     54.56	-14.11	 1.759e-05	      5.11	0	Gaussian	317.947017	51.049934
328	1	  0.001607	  0.001000	     -1.00	    291.45	    641.44	      2.86	      2.57	     49.98	     45.07	12.99	 7.889e-05	      5.11	0	Gaussian	316.504434	49.503969
329	1	  0.001587	  0.000552	     -1.00	    677.72	    473.98	      4.59	      3.15	     80.38	     55.18	2.26	 3.534e-05	      5.12	0	Gaussian	313.923927	50.565475
330	1	  0.001574	  0.000736	     -1.00	      9.36	    587.11	      3.62	      3.21	     63.35	     56.22	-12.04	 4.417e-05	      5.12	0	Gaussian	318.549927	49.497390
331	1	  0.001575	  0.000767	     -1.00	    157.45	    169.95	      3.20	      3.13	     55.93	     54.73	-30.23	 2.944e-05	      5.12	0	Gaussian	318.064485	51.520876
332	1	  0.001607	  0.000705	     -1.00	     69.34	    307.48	      3.72	      2.93	     65.09	     51.35	-6.67	 1.001e-04	      5.14	0	Gaussian	318.509701	50.818048
333	1	  0.001589	  0.000504	     -1.00	    168.05	    684.09	      4.54	      3.16	     79.43	     55.38	-19.50	 3.000e-05	      5.14	0	Gaussian	317.317417	49.203032
334	1	  0.001601	  0.000698	     -1.00	    348.92	    373.58	      3.86	      2.87	     67.50	     50.25	-8.18	 8.566e-05	      5.15	0	Gaussian	316.416422	50.772055
335	1	  0.001619	  0.000790	     -1.00	    257.86	    686.06	      3.69	      2.34	     64.62	     40.97	-35.30	 8.080e-05	      5.16	0	Gaussian	316.687047	49.271857
336	1	  0.001578	  0.000631	     -1.00	    218.61	    495.76	      3.87	      3.09	     67.65	     54.09	-17.00	 2.354e-05	      5.16	0	Gaussian	317.197990	50.104773
337	1	  0.001598	  0.000916	     -1.00	    722.46	    723.62	      2.92	      2.51	     51.08	     43.87	5.45	 6.614e-05	      5.18	0	Gaussian	313.360931	49.447558
338	1	  0.001604	  0.000647	     -1.00	     44.05	    722.29	      3.99	      2.85	     69.83	     49.84	2.63	 1.179e-04	      5.18	0	Gaussian	318.129352	48.916495
339	1	  0.001585	  0.000456	     -1.00	    115.61	    775.62	      5.08	      3.16	     88.84	     55.38	-2.71	 6.554e-05	      5.20	0	Gaussian	317.566604	48.738874
340	1	  0.001667	  0.000375	     -1.00	    761.30	    732.14	      6.32	      3.11	    110.53	     54.41	-13.23	 3.474e-04	      5.21	0	Gaussian	313.076029	49.433077
341	1	  0.001569	  0.000545	     -1.00	    504.45	    708.46	      4.48	      3.06	     78.43	     53.63	-6.09	 2.468e-05	      5.21	0	Gaussian	314.924952	49.365525
342	1	  0.001584	  0.000702	     -1.00	    511.74	    642.42	      3.59	      2.92	     62.80	     51.04	-1.62	 4.638e-05	      5.21	0	Gaussian	314.943446	49.674107
343	1	  0.001578	  0.000688	     -1.00	    689.06	    723.75	      3.67	      2.97	     64.25	     52.04	-1.73	 3.291e-05	      5.22	0	Gaussian	313.598793	49.425018
344	1	  0.001582	  0.000622	     -1.00	    439.70	    396.46	      3.93	      2.92	     68.71	     51.10	-9.04	 3.849e-05	      5.22	0	Gaussian	315.733384	50.742501
345	1	  0.001556	  0.000596	     -1.00	    484.93	    748.59	      3.98	      3.10	     69.68	     54.29	-30.66	 3.265e-05	      5.22	0	Gaussian	315.020164	49.166561
346	1	  0.001575	  0.000424	     -1.00	    543.33	    773.13	      5.56	      3.01	     97.24	     52.72	-9.39	 5.199e-05	      5.23	0	Gaussian	314.582749	49.096580
347	1	  0.001601	  0.000836	     -1.00	    712.28	    723.99	      2.92	      2.91	     51.10	     50.91	14.97	 7.713e-05	      5.23	0	Gaussian	313.433157	49.439199
348	1	  0.001573	  0.000583	     -1.00	    516.62	    629.05	      3.89	      3.22	     68.11	     56.34	-9.84	 3.245e-05	      5.23	0	Gaussian	314.922937	49.739095
349	1	  0.001590	  0.000631	     -1.00	    436.56	    242.92	      3.89	      2.88	     68.05	     50.44	-17.61	 8.494e-05	      5.24	0	Gaussian	315.935855	51.437351
350	1	  0.001584	  0.000715	     -1.00	    688.07	    650.13	      3.47	      2.92	     60.67	     51.06	-7.04	 3.443e-05	      5.24	0	Gaussian	313.676376	49.763546
351	1	  0.001623	  0.000699	     -1.00	    310.34	    456.93	      3.39	      2.95	     59.34	     51.67	-6.12	 1.176e-04	      5.24	0	Gaussian	316.592405	50.360728
352	1	  0.001609	  0.000452	     -1.00	    198.52	    661.29	      5.75	      2.73	    100.59	     47.80	-20.22	 5.276e-05	      5.24	0	Gaussian	317.132847	49.333791
353	1	  0.001626	  0.000682	     -1.00	    229.93	    703.44	      3.73	      2.84	     65.29	     49.77	-5.29	 7.777e-05	      5.24	0	Gaussian	316.861523	49.168645
354	1	  0.001577	  0.000619	     -1.00	    183.71	    413.60	      3.80	      3.02	     66.54	     52.88	-8.41	 3.432e-05	      5.24	0	Gaussian	317.551347	50.446084
355	1	  0.001586	  0.000470	     -1.00	    339.46	    508.10	      3.72	      3.59	     65.09	     62.92	73.68	 4.521e-05	      5.24	0	Gaussian	316.322844	50.152328
356	1	  0.001621	  0.000386	     -1.00	    503.06	    657.82	      6.88	      2.63	    120.42	     45.99	-8.68	 3.155e-04	      5.25	0	Gaussian	314.988705	49.596981
357	1	  0.001604	  0.000641	     -1.00	    333.83	    771.44	      3.58	      3.06	     62.72	     53.62	-0.92	 3.168e-05	      5.25	0	Gaussian	316.055393	48.944043
358	1	  0.001643	  0.000629	     -1.00	    668.55	    348.02	      3.73	      2.92	     65.33	     51.16	3.12	 1.010e-04	      5.25	0	Gaussian	314.118346	51.135225
359	1	  0.001596	  0.000138	     -1.00	    631.30	    749.38	     15.36	      3.67	    268.83	     64.22	-33.96	 3.781e-05	      5.26	0	Gaussian	313.984506	49.267913
360	1	  0.001574	  0.000561	     -1.00	    267.69	    632.44	      3.97	      3.08	     69.54	     53.94	-9.98	 2.815e-05	      5.27	0	Gaussian	316.682558	49.525006
361	1	  0.001569	  0.000241	     -1.00	    235.69	    421.94	      7.36	      3.43	    128.75	     60.07	51.56	 3.238e-05	      5.27	0	Gaussian	317.169631	50.454909
362	1	  0.001583	  0.000597	     -1.00	    201.73	    535.37	      3.79	      3.06	     66.40	     53.56	-2.56	 3.500e-05	      5.27	0	Gaussian	317.267646	49.909850
363	1	  0.001608	  0.000633	     -1.00	    705.32	    663.70	      3.83	      2.72	     67.08	     47.59	-8.68	 1.691e-04	      5.28	0	Gaussian	313.539869	49.712510
364	1	  0.001645	  0.000810	     -1.00	    263.28	    729.54	      2.90	      2.56	     50.84	     44.74	26.44	 1.278e-04	      5.28	0	Gaussian	316.597171	49.077705
365	1	  0.001593	  0.000572	     -1.00	    228.43	    621.47	      4.01	      2.78	     70.13	     48.72	-8.13	 6.732e-05	      5.28	0	Gaussian	316.972128	49.541345
366	1	  0.001581	  0.000336	     -1.00	    705.66	    575.24	      5.18	      3.91	     90.68	     68.36	47.52	 3.484e-05	      5.29	0	Gaussian	313.622187	50.119744
367	1	  0.001590	  0.000403	     -1.00	     82.94	    175.29	      5.69	      3.15	     99.57	     55.11	-20.03	 2.975e-05	      5.29	0	Gaussian	318.596494	51.425299
368	1	  0.001640	  0.000730	     -1.00	    172.76	    754.98	      2.91	      2.82	     50.96	     49.32	-30.85	 1.066e-04	      5.29	0	Gaussian	317.196610	48.883715
369	1	  0.001586	  0.000529	     -1.00	    102.05	    157.23	      4.12	      3.05	     72.09	     53.32	-10.54	 2.952e-05	      5.30	0	Gaussian	318.483598	51.524888
370	1	  0.001613	  0.000526	     -1.00	    144.15	    512.52	      4.13	      2.91	     72.23	     50.93	-10.01	 1.087e-04	      5.30	0	Gaussian	317.703639	49.961753
371	1	  0.001578	  0.000561	     -1.00	    427.58	    160.36	      4.17	      2.88	     73.07	     50.49	-3.67	 2.819e-05	      5.30	0	Gaussian	316.100649	51.803599
372	1	  0.001606	  0.000384	     -1.00	    328.95	    665.77	      5.11	      3.51	     89.37	     61.45	6.73	 8.432e-05	      5.31	0	Gaussian	316.211586	49.423927
373	1	  0.001596	  0.000542	     -1.00	    227.04	    442.37	      3.94	      3.15	     68.94	     55.20	-10.00	 1.044e-04	      5.32	0	Gaussian	317.205464	50.354552
374	1	  0.001568	  0.000535	     -1.00	    176.64	    608.28	      3.97	      3.05	     69.47	     53.45	-3.16	 2.436e-05	      5.33	0	Gaussian	317.352463	49.555949
375	1	  0.001573	  0.000528	     -1.00	    530.70	    359.75	      4.05	      2.96	     70.87	     51.84	-19.47	 2.116e-05	      5.34	0	Gaussian	315.114109	50.980781
376	1	  0.001592	  0.000583	     -1.00	    607.13	    182.44	      3.77	      3.03	     65.96	     53.08	-18.54	 3.086e-05	      5.34	0	Gaussian	314.747004	51.844650
377	1	  0.001613	  0.000628	     -1.00	     41.73	    615.29	      3.61	      2.83	     63.25	     49.52	0.54	 2.299e-04	      5.34	0	Gaussian	318.286597	49.400464
378	1	  0.001591	  0.000468	     -1.00	    524.96	    455.75	      4.33	      3.12	     75.72	     54.53	-12.85	 3.604e-05	      5.34	0	Gaussian	315.050184	50.538512
379	1	  0.001599	  0.000611	     -1.00	    230.85	    792.25	      3.70	      2.86	     64.82	     50.03	-8.65	 3.285e-05	      5.34	0	Gaussian	316.748191	48.763390
380	1	  0.001598	  0.000417	     -1.00	    666.61	    740.58	      5.06	      2.88	     88.49	     50.36	3.48	 6.256e-05	      5.34	0	Gaussian	313.742408	49.332425
381	1	  0.001587	  0.000598	     -1.00	    114.43	    786.42	      3.81	      3.06	     66.62	     53.47	-11.65	 6.785e-05	      5.35	0	Gaussian	317.561107	48.688541
382	1	  0.001552	  0.000454	     -1.00	    413.02	    794.05	      3.99	      3.26	     69.87	     56.99	9.90	 1.891e-05	      5.35	0	Gaussian	315.476226	48.902925
383	1	  0.001589	  0.000495	     -1.00	    324.04	    475.04	      3.83	      3.29	     66.97	     57.63	15.16	 3.072e-05	      5.36	0	Gaussian	316.472567	50.289933
384	1	  0.001627	  0.000520	     -1.00	    706.08	    353.66	      4.77	      2.57	     83.42	     44.96	-5.25	 9.391e-05	      5.36	0	Gaussian	313.837057	51.135485
385	1	  0.001589	  0.000490	     -1.00	    284.30	    351.50	      4.42	      2.95	     77.29	     51.62	-7.01	 5.672e-05	      5.37	0	Gaussian	316.909552	50.816878
386	1	  0.001576	  0.000498	     -1.00	    498.47	    566.99	      3.89	      2.86	     68.07	     50.13	-12.16	 3.593e-05	      5.37	0	Gaussian	315.119366	50.009802
387	1	  0.001578	  0.000508	     -1.00	    206.16	    510.76	      3.97	      3.19	     69.44	     55.76	-15.46	 2.503e-05	      5.37	0	Gaussian	317.267322	50.025602
388	1	  0.001684	  0.000748	     -1.00	     45.60	    419.25	      3.36	      2.63	     58.88	     46.02	-6.98	 5.021e-04	      5.37	0	Gaussian	318.524401	50.291325
389	1	  0.001559	  0.000547	     -1.00	    478.56	    393.51	      3.74	      3.31	     65.51	     57.85	-14.13	 1.928e-05	      5.38	0	Gaussian	315.455328	50.786693
390	1	  0.001608	  0.000601	     -1.00	    720.06	    314.79	      3.62	      2.72	     63.32	     47.69	-19.70	 1.160e-04	      5.38	0	Gaussian	313.773010	51.322584
391	1	  0.001586	  0.000455	     -1.00	    321.77	    271.06	      4.18	      3.01	     73.09	     52.77	-23.69	 2.327e-05	      5.39	0	Gaussian	316.739025	51.213548
392	1	  0.001597	  0.000566	     -1.00	    570.18	    443.30	      3.77	      2.89	     66.01	     50.53	-9.21	 1.209e-04	      5.39	0	Gaussian	314.736238	50.629171
393	1	  0.001570	  0.000464	     -1.00	    147.04	    331.50	      4.26	      3.10	     74.49	     54.31	-8.27	 2.015e-05	      5.39	0	Gaussian	317.921385	50.783575
394	1	  0.001574	  0.000455	     -1.00	    140.01	    291.75	      4.23	      3.27	     74.00	     57.30	-14.07	 2.024e-05	      5.39	0	Gaussian	318.025157	50.956309
395	1	  0.001589	  0.000512	     -1.00	     52.70	    526.60	      3.87	      3.07	     67.66	     53.73	-10.31	 6.231e-05	      5.40	0	Gaussian	318.328591	49.812797
396	1	  0.001588	  0.000557	     -1.00	    691.35	    788.84	      3.74	      2.91	     65.40	     50.88	-4.13	 5.999e-05	      5.41	0	Gaussian	313.520922	49.126200
397	1	  0.001554	  0.000534	     -1.00	     94.86	    751.69	      3.83	      3.10	     67.02	     54.33	-10.70	 5.068e-05	      5.42	0	Gaussian	317.740304	48.829299
398	1	  0.001575	  0.000534	     -1.00	     37.22	    782.44	      3.83	      3.01	     67.02	     52.63	-5.88	 4.206e-05	      5.42	0	Gaussian	318.098060	48.636350
399	1	  0.001584	  0.000507	     -1.00	     84.91	    662.53	      3.74	      3.18	     65.52	     55.74	-20.19	 3.238e-05	      5.42	0	Gaussian	317.924012	49.226105
400	1	  0.001571	  0.000406	     -1.00	    455.13	    317.70	      4.53	      2.95	     79.30	     51.56	-18.02	 2.253e-05	      5.42	0	Gaussian	315.712468	51.113020
401	1	  0.001574	  0.000200	     -1.00	    535.63	    315.48	     10.43	      2.94	    182.59	     51.52	0.94	 2.792e-05	      5.42	0	Gaussian	315.127184	51.186107
402	1	  0.001592	  0.000341	     -1.00	    649.51	    276.20	      5.90	      2.98	    103.34	     52.09	-9.63	 8.296e-05	      5.42	0	Gaussian	314.333014	51.449251
403	1	  0.001618	  0.000577	     -1.00	    711.72	    345.94	      3.19	      3.09	     55.85	     54.10	-4.68	 8.676e-05	      5.43	0	Gaussian	313.803340	51.174612
404	1	  0.001597	  0.000512	     -1.00	    717.86	    251.77	      3.89	      2.93	     68.13	     51.35	-17.53	 3.754e-05	      5.44	0	Gaussian	313.852666	51.608543
405	1	  0.001581	  0.000478	     -1.00	    136.68	    638.76	      3.94	      3.11	     68.88	     54.42	-10.15	 3.127e-05	      5.44	0	Gaussian	317.593657	49.381411
406	1	  0.001573	  0.000470	     -1.00	     94.72	    340.58	      4.07	      3.06	     71.22	     53.52	-12.84	 1.809e-05	      5.44	0	Gaussian	318.283115	50.693321
407	1	  0.001575	  0.000448	     -1.00	    552.37	    452.35	      4.22	      2.88	     73.85	     50.48	-13.91	 1.955e-05	      5.44	0	Gaussian	314.855528	50.574640
408	1	  0.001577	  0.000438	     -1.00	    577.38	    353.71	      4.24	      2.90	     74.30	     50.74	2.85	 3.618e-05	      5.44	0	Gaussian	314.780055	51.043426
409	1	  0.001591	  0.000314	     -1.00	    102.49	    762.00	      4.56	      4.11	     79.88	     71.94	60.38	 1.087e-04	      5.44	0	Gaussian	317.674467	48.789201
410	1	  0.001584	  0.000521	     -1.00	    120.69	    138.55	      3.83	      2.88	     67.10	     50.33	-13.97	 4.915e-05	      5.45	0	Gaussian	318.374616	51.626716
411	1	  0.001576	  0.000395	     -1.00	    266.41	    390.91	      4.24	      2.99	     74.25	     52.37	-8.61	 2.651e-05	      5.45	0	Gaussian	316.988772	50.622620
412	1	  0.001586	  0.000465	     -1.00	    539.96	    257.56	      4.17	      2.91	     72.97	     50.90	-21.74	 5.423e-05	      5.46	0	Gaussian	315.160103	51.452763
413	1	  0.001568	  0.000428	     -1.00	     79.22	    777.06	      3.87	      3.41	     67.81	     59.68	16.35	 3.845e-05	      5.46	0	Gaussian	317.815877	48.699409
414	1	  0.001615	  0.000507	     -1.00	    213.93	    701.45	      3.90	      2.85	     68.19	     49.91	-13.36	 7.209e-05	      5.47	0	Gaussian	316.975723	49.163931
415	1	  0.001581	  0.000474	     -1.00	    417.52	    507.23	      3.98	      2.93	     69.65	     51.32	-4.13	 6.081e-05	      5.47	0	Gaussian	315.765760	50.219922
416	1	  0.001580	  0.000394	     -1.00	    638.17	    462.43	      4.71	      3.21	     82.43	     56.22	-10.65	 2.562e-05	      5.47	0	Gaussian	314.222869	50.590792
417	1	  0.001601	  0.000504	     -1.00	    726.26	    445.90	      3.86	      2.86	     67.48	     49.97	-19.26	 4.509e-05	      5.48	0	Gaussian	313.598192	50.727068
418	1	  0.001598	  0.000572	     -1.00	    576.61	    307.48	      3.68	      2.94	     64.38	     51.44	-11.25	 7.000e-05	      5.49	0	Gaussian	314.835772	51.253472
419	1	  0.001586	  0.000429	     -1.00	    153.59	    500.51	      4.25	      3.07	     74.37	     53.66	0.41	 4.925e-05	      5.49	0	Gaussian	317.652488	50.024849
420	1	  0.001600	  0.000532	     -1.00	    555.35	    659.20	      3.75	      2.73	     65.64	     47.79	-9.91	 7.874e-05	      5.49	0	Gaussian	314.615298	49.629209
421	1	  0.001623	  0.000522	     -1.00	    108.79	    697.41	      3.81	      2.69	     66.69	     47.13	-29.28	 1.071e-04	      5.49	0	Gaussian	317.713062	49.089209
422	1	  0.001589	  0.000480	     -1.00	    376.25	    572.19	      3.89	      2.93	     68.14	     51.29	-18.94	 2.259e-05	      5.50	0	Gaussian	315.985529	49.890183
423	1	  0.001594	  0.000463	     -1.00	     36.88	    167.61	      3.99	      2.93	     69.86	     51.23	-17.68	 2.914e-05	      5.50	0	Gaussian	318.939604	51.414269
424	1	  0.001595	  0.000459	     -1.00	    190.35	    770.68	      4.28	      2.83	     74.83	     49.52	-3.06	 4.018e-05	      5.50	0	Gaussian	317.055300	48.827298
425	1	  0.001565	  0.000425	     -1.00	    454.10	    603.70	      4.16	      3.14	     72.75	     54.98	-16.78	 2.225e-05	      5.52	0	Gaussian	315.395807	49.807768
426	1	  0.001644	  0.000442	     -1.00	    190.84	    708.43	      4.13	      2.84	     72.32	     49.79	-13.23	 1.684e-04	      5.52	0	Gaussian	317.128259	49.112012
427	1	  0.001633	  0.000486	     -1.00	    707.84	    281.40	      3.86	      2.75	     67.65	     48.15	-6.00	 1.074e-04	      5.52	0	Gaussian	313.896866	51.466556
428	1	  0.001611	  0.000542	     -1.00	    359.65	    437.72	      3.55	      2.80	     62.07	     49.06	-15.79	 2.248e-04	      5.52	0	Gaussian	316.262105	50.489487
429	1	  0.001596	  0.000488	     -1.00	    640.55	    735.59	      3.89	      2.75	     68.10	     48.16	-5.46	 3.966e-05	      5.53	0	Gaussian	313.932343	49.337796
430	1	  0.001642	  0.000270	     -1.00	    204.05	    733.52	      5.95	      3.36	    104.20	     58.77	-55.32	 8.209e-05	      5.53	0	Gaussian	317.005455	49.008944
431	1	  0.001623	  0.000495	     -1.00	    672.17	    660.24	      4.16	      2.80	     72.76	     48.98	-24.36	 1.433e-04	      5.53	0	Gaussian	313.780472	49.706301
432	1	  0.001593	  0.000450	     -1.00	    334.53	    497.68	      4.08	      2.88	     71.40	     50.38	-8.48	 4.633e-05	      5.53	0	Gaussian	316.370455	50.195673
433	1	  0.001572	  0.000480	     -1.00	    360.58	    464.41	      3.91	      2.81	     68.39	     49.10	-8.22	 1.594e-05	      5.53	0	Gaussian	316.223652	50.368801
434	1	  0.001578	  0.000325	     -1.00	    763.35	    671.20	      5.27	      3.09	     92.19	     54.08	-14.33	 3.885e-05	      5.55	0	Gaussian	313.116934	49.715575
435	1	  0.001575	  0.000485	     -1.00	     78.99	    703.45	      4.01	      2.78	     70.26	     48.58	-13.23	 4.981e-05	      5.55	0	Gaussian	317.912088	49.034538
436	1	  0.001605	  0.000463	     -1.00	    606.83	    537.38	      3.85	      2.96	     67.33	     51.83	-13.04	 3.377e-05	      5.55	0	Gaussian	314.372558	50.225216
437	1	  0.001666	  0.000566	     -1.00	    627.47	    513.19	      3.53	      2.50	     61.80	     43.70	-11.03	 4.071e-04	      5.55	0	Gaussian	314.248431	50.350743
438	1	  0.001578	  0.000441	     -1.00	    692.41	    479.70	      4.10	      2.73	     71.73	     47.72	-10.67	 2.112e-05	      5.55	0	Gaussian	313.811472	50.549322
439	1	  0.001577	  0.000422	     -1.00	    210.41	    394.29	      4.31	      2.97	     75.42	     51.95	-6.24	 1.998e-05	      5.55	0	Gaussian	317.385593	50.557661
440	1	  0.001610	  0.000300	     -1.00	    288.99	    761.05	      5.38	      3.56	     94.24	     62.31	-4.99	 5.816e-05	      5.55	0	Gaussian	316.380497	48.954940
441	1	  0.001631	  0.000573	     -1.00	    673.34	    666.50	      3.58	      2.49	     62.72	     43.58	-5.90	 1.432e-04	      5.55	0	Gaussian	313.765994	49.678285
442	1	  0.001583	  0.000354	     -1.00	    225.80	    476.06	      4.40	      3.45	     77.08	     60.39	-4.96	 2.049e-05	      5.56	0	Gaussian	317.171727	50.200588
443	1	  0.001574	  0.000420	     -1.00	    635.79	    303.79	      4.04	      3.11	     70.73	     54.44	-17.07	 2.194e-05	      5.56	0	Gaussian	314.405068	51.313675
444	1	  0.001607	  0.000415	     -1.00	    331.76	    691.21	      4.06	      2.88	     71.08	     50.38	-11.72	 3.837e-05	      5.56	0	Gaussian	316.162244	49.309829
445	1	  0.001593	  0.000481	     -1.00	    593.79	    415.53	      4.13	      2.66	     72.27	     46.58	-5.67	 1.062e-04	      5.56	0	Gaussian	314.594250	50.773416
446	1	  0.001608	  0.000485	     -1.00	     91.07	    109.88	      3.72	      2.70	     65.14	     47.19	-26.23	 1.271e-04	      5.57	0	Gaussian	318.629967	51.726374
447	1	  0.001609	  0.000498	     -1.00	    623.84	    541.43	      3.75	      2.75	     65.71	     48.15	-11.86	 4.183e-05	      5.57	0	Gaussian	314.245837	50.218727
448	1	  0.001573	  0.000419	     -1.00	    498.75	    512.26	      4.38	      2.90	     76.60	     50.78	-10.32	 2.523e-05	      5.58	0	Gaussian	315.177174	50.260384
449	1	  0.001576	  0.000400	     -1.00	    316.61	    632.17	      4.67	      2.68	     81.70	     46.99	-9.74	 2.813e-05	      5.58	0	Gaussian	316.338000	49.567322
450	1	  0.001586	  0.000289	     -1.00	    776.17	    535.30	      5.31	      3.27	     92.93	     57.22	-11.67	 4.344e-05	      5.60	0	Gaussian	313.149956	50.349382
451	1	  0.001576	  0.000497	     -1.00	    718.84	    680.25	      3.70	      2.82	     64.78	     49.40	-8.53	 3.796e-05	      5.60	0	Gaussian	313.427392	49.645160
452	1	  0.001603	  0.000434	     -1.00	     94.75	    687.18	      3.80	      3.02	     66.51	     52.86	-2.92	 6.125e-05	      5.60	0	Gaussian	317.823726	49.122985
453	1	  0.001597	  0.000411	     -1.00	    303.39	    467.53	      4.03	      2.85	     70.49	     49.81	-13.75	 6.930e-05	      5.61	0	Gaussian	316.629209	50.306609
454	1	  0.001578	  0.000446	     -1.00	     81.82	    635.50	      3.82	      3.04	     66.82	     53.27	-14.56	 2.340e-05	      5.61	0	Gaussian	317.980674	49.346132
455	1	  0.001598	  0.000342	     -1.00	     93.17	    677.62	      4.15	      3.41	     72.58	     59.69	-20.69	 6.485e-05	      5.62	0	Gaussian	317.847048	49.165051
456	1	  0.001580	  0.000413	     -1.00	    619.55	    376.94	      4.10	      3.04	     71.81	     53.14	-25.53	 2.209e-05	      5.62	0	Gaussian	314.447167	50.968317
457	1	  0.001583	  0.000402	     -1.00	    619.81	    696.57	      3.98	      3.03	     69.74	     53.09	-29.46	 2.941e-05	      5.62	0	Gaussian	314.118319	49.503187
458	1	  0.001606	  0.000447	     -1.00	    776.45	    700.36	      3.83	      2.66	     67.09	     46.56	-0.13	 4.828e-05	      5.65	0	Gaussian	312.996543	49.589345
459	1	  0.001577	  0.000347	     -1.00	    536.09	    660.62	      5.04	      2.81	     88.20	     49.20	-11.81	 3.926e-05	      5.65	0	Gaussian	314.750873	49.608600
460	1	  0.001589	  0.000354	     -1.00	    700.05	    171.33	      4.19	      3.27	     73.33	     57.15	-16.31	 3.889e-05	      5.65	0	Gaussian	314.067487	51.962274
461	1	  0.001579	  0.000368	     -1.00	    125.64	    572.26	      4.55	      2.96	     79.60	     51.78	-10.40	 2.916e-05	      5.65	0	Gaussian	317.756433	49.673684
462	1	  0.001589	  0.000335	     -1.00	     49.97	    557.66	      4.75	      3.16	     83.19	     55.33	-11.43	 3.219e-05	      5.65	0	Gaussian	318.306080	49.669516
463	1	  0.001611	  0.000469	     -1.00	    263.37	    695.25	      3.65	      2.77	     63.90	     48.47	-16.14	 9.800e-05	      5.65	0	Gaussian	316.637462	49.234507
464	1	  0.001581	  0.000463	     -1.00	    137.45	    116.57	      3.78	      3.08	     66.08	     53.96	-20.57	 4.030e-05	      5.66	0	Gaussian	318.283319	51.741375
465	1	  0.001573	  0.000439	     -1.00	     50.47	    742.29	      3.79	      2.76	     66.34	     48.32	-4.73	 5.210e-05	      5.66	0	Gaussian	318.058947	48.831429
466	1	  0.001577	  0.000420	     -1.00	    619.96	    433.29	      3.97	      2.95	     69.55	     51.56	-9.92	 2.537e-05	      5.66	0	Gaussian	314.385290	50.711146
467	1	  0.001573	  0.000311	     -1.00	    111.11	    196.00	      5.18	      2.99	     90.63	     52.34	-18.81	 2.492e-05	      5.67	0	Gaussian	318.364092	51.359664
468	1	  0.001577	  0.000369	     -1.00	    375.65	    427.88	      4.18	      3.09	     73.13	     54.07	-4.84	 2.753e-05	      5.67	0	Gaussian	316.158797	50.547525
469	1	  0.001601	  0.000406	     -1.00	    562.63	    663.21	      3.79	      2.57	     66.32	     44.97	-24.60	 8.514e-05	      5.67	0	Gaussian	314.559271	49.616047
470	1	  0.001581	  0.000410	     -1.00	     32.47	    584.03	      4.10	      2.90	     71.82	     50.77	-14.66	 8.656e-05	      5.68	0	Gaussian	318.392953	49.533414
471	1	  0.001598	  0.000415	     -1.00	    650.28	    417.78	      3.96	      2.77	     69.32	     48.47	-6.95	 7.579e-05	      5.68	0	Gaussian	314.180467	50.803641
472	1	  0.001651	  0.000447	     -1.00	    139.77	    401.28	      3.58	      2.77	     62.63	     48.54	-4.31	 4.918e-04	      5.69	0	Gaussian	317.880514	50.461553
473	1	  0.001570	  0.000347	     -1.00	     38.15	    370.59	      4.23	      3.15	     73.97	     55.12	-7.72	 2.212e-05	      5.70	0	Gaussian	318.644290	50.503540
474	1	  0.001591	  0.000396	     -1.00	    388.74	    737.68	      3.86	      3.05	     67.51	     53.39	-17.33	 4.263e-05	      5.70	0	Gaussian	315.708871	49.142712
475	1	  0.001632	  0.000429	     -1.00	    694.91	    363.25	      3.80	      2.73	     66.44	     47.80	-29.92	 1.458e-04	      5.70	0	Gaussian	313.909447	51.083983
476	1	  0.001581	  0.000262	     -1.00	    731.28	    389.04	      4.03	      3.64	     70.55	     63.63	-17.41	 2.565e-05	      5.70	0	Gaussian	313.617004	50.990803
477	1	  0.001595	  0.000353	     -1.00	    100.04	    610.83	      4.29	      2.79	     75.11	     48.90	-5.20	 7.920e-05	      5.70	0	Gaussian	317.885716	49.475023
478	1	  0.001581	  0.000404	     -1.00	    782.18	    375.34	      4.02	      2.78	     70.28	     48.73	-16.43	 3.338e-05	      5.71	0	Gaussian	313.256434	51.087058
479	1	  0.001581	  0.000160	     -1.00	    112.48	    456.31	      6.38	      4.27	    111.68	     74.72	-40.41	 2.407e-05	      5.71	0	Gaussian	318.001259	50.187230
480	1	  0.001618	  0.000303	     -1.00	      6.93	    148.27	      4.76	      3.10	     83.32	     54.29	-20.78	 4.386e-05	      5.71	0	Gaussian	319.183316	51.470752
481	1	  0.001594	  0.000349	     -1.00	    118.90	    703.21	      4.21	      2.86	     73.73	     50.05	-12.23	 7.195e-05	      5.71	0	Gaussian	317.635460	49.071947
482	1	  0.001590	  0.000344	     -1.00	    644.00	    329.87	      4.05	      2.95	     70.94	     51.59	-2.74	 4.018e-05	      5.72	0	Gaussian	314.317364	51.200664
483	1	  0.001597	  0.000391	     -1.00	    334.21	    753.68	      4.31	      2.74	     75.41	     47.94	-6.03	 3.463e-05	      5.72	0	Gaussian	316.073056	49.025761
484	1	  0.001586	  0.000367	     -1.00	    235.03	    664.64	      4.20	      2.85	     73.50	     49.82	-16.15	 3.251e-05	      5.72	0	Gaussian	316.872971	49.350159
485	1	  0.001575	  0.000234	     -1.00	    737.49	    665.89	      4.72	      3.89	     82.69	     68.03	-12.84	 2.533e-05	      5.73	0	Gaussian	313.307261	49.723483
486	1	  0.001579	  0.000311	     -1.00	    296.82	    204.71	      4.92	      3.09	     86.16	     54.15	-8.17	 2.144e-05	      5.73	0	Gaussian	317.004458	51.491604
487	1	  0.001595	  0.000414	     -1.00	    574.38	    300.29	      3.85	      2.72	     67.38	     47.70	-5.43	 7.617e-05	      5.73	0	Gaussian	314.860004	51.284556
488	1	  0.001573	  0.000330	     -1.00	    103.16	    289.33	      4.64	      3.09	     81.18	     54.03	-4.47	 2.246e-05	      5.73	0	Gaussian	318.292709	50.932280
489	1	  0.001580	  0.000306	     -1.00	    156.00	    639.47	      4.66	      3.04	     81.55	     53.16	3.86	 2.104e-05	      5.73	0	Gaussian	317.457647	49.395573
490	1	  0.001570	  0.000390	     -1.00	    458.43	    229.92	      3.97	      2.86	     69.52	     50.12	-8.95	 2.041e-05	      5.73	0	Gaussian	315.790806	51.513977
491	1	  0.001616	  0.000431	     -1.00	    423.93	    514.49	      3.71	      2.76	     64.98	     48.33	-13.59	 1.611e-04	      5.74	0	Gaussian	315.711550	50.191904
492	1	  0.001602	  0.000339	     -1.00	     22.30	    182.10	      4.79	      2.77	     83.76	     48.56	-3.39	 5.312e-05	      5.74	0	Gaussian	319.023739	51.334789
493	1	  0.001593	  0.000377	     -1.00	    210.36	    281.38	      4.05	      2.74	     70.97	     47.92	-13.50	 6.353e-05	      5.74	0	Gaussian	317.532524	51.068115
494	1	  0.001583	  0.000290	     -1.00	     74.43	    440.26	      5.23	      2.96	     91.52	     51.82	1.35	 1.828e-05	      5.75	0	Gaussian	318.291955	50.224009
495	1	  0.001590	  0.000273	     -1.00	    359.94	    641.31	      3.99	      3.45	     69.87	     60.36	32.88	 3.444e-05	      5.75	0	Gaussian	316.021305	49.561069
496	1	  0.001596	  0.000424	     -1.00	     54.21	    534.42	      3.68	      2.87	     64.42	     50.25	-10.05	 7.867e-05	      5.75	0	Gaussian	318.307473	49.778812
497	1	  0.001571	  0.000304	     -1.00	    181.20	    326.46	      4.40	      3.20	     77.00	     56.03	-14.18	 2.068e-05	      5.75	0	Gaussian	317.683131	50.837905
498	1	  0.001596	  0.000374	     -1.00	    613.41	    638.57	      4.28	      2.80	     74.85	     49.03	-10.39	 4.885e-05	      5.75	0	Gaussian	314.222184	49.765449
499	1	  0.001578	  0.000305	     -1.00	    745.54	    257.12	      4.34	      3.31	     75.89	     57.99	-4.72	 2.257e-05	      5.75	0	Gaussian	313.642012	51.602995
500	1	  0.001619	  0.000257	     -1.00	    306.09	    670.69	      7.38	      2.75	    129.23	     48.13	21.13	 1.293e-04	      5.76	0	Gaussian	316.366709	49.382561
501	1	  0.001629	  0.000367	     -1.00	    122.10	    366.65	      4.01	      2.76	     70.27	     48.28	-3.49	 2.798e-04	      5.76	0	Gaussian	318.052536	50.601550
502	1	  0.001586	  0.000360	     -1.00	    667.65	    316.92	      3.75	      2.67	     65.69	     46.71	-1.82	 3.057e-05	      5.76	0	Gaussian	314.156954	51.276551
503	1	  0.001595	  0.000379	     -1.00	    351.44	    326.51	      4.12	      2.78	     72.18	     48.71	-7.33	 4.079e-05	      5.77	0	Gaussian	316.455415	50.987766
504	1	  0.001557	  0.000272	     -1.00	     52.19	    666.16	      5.20	      3.26	     91.10	     57.11	-4.40	 2.351e-05	      5.78	0	Gaussian	318.146609	49.179262
505	1	  0.001616	  0.000426	     -1.00	    232.71	    727.51	      3.71	      2.55	     64.90	     44.70	-3.22	 7.225e-05	      5.78	0	Gaussian	316.813031	49.061052
506	1	  0.001611	  0.000422	     -1.00	    768.14	    647.49	      3.75	      2.66	     65.67	     46.58	-15.70	 3.148e-04	      5.78	0	Gaussian	313.104308	49.827905
507	1	  0.001592	  0.000452	     -1.00	    234.52	    631.22	      3.11	      2.53	     54.36	     44.25	-15.53	 7.641e-05	      5.78	0	Gaussian	316.917334	49.502148
508	1	  0.001582	  0.000355	     -1.00	    176.54	    296.40	      4.10	      2.96	     71.84	     51.75	-3.93	 2.523e-05	      5.78	0	Gaussian	317.756377	50.969333
509	1	  0.001567	  0.000333	     -1.00	    405.39	    409.24	      4.59	      2.93	     80.42	     51.32	-8.60	 1.615e-05	      5.79	0	Gaussian	315.966434	50.656674
510	1	  0.001570	  0.000295	     -1.00	    505.40	    245.84	      4.86	      3.13	     85.07	     54.82	1.18	 1.984e-05	      5.79	0	Gaussian	315.427348	51.479151
511	1	  0.001593	  0.000247	     -1.00	    787.80	    628.38	      4.31	      3.62	     75.47	     63.38	-25.37	 5.775e-05	      5.79	0	Gaussian	312.980295	49.928391
512	1	  0.001589	  0.000310	     -1.00	    696.86	    300.19	      4.63	      3.08	     81.02	     53.92	-5.99	 4.935e-05	      5.79	0	Gaussian	313.958887	51.373253
513	1	  0.001594	  0.000258	     -1.00	    239.15	    579.16	      5.37	      3.11	     94.07	     54.42	-13.53	 4.005e-05	      5.79	0	Gaussian	316.948649	49.743411
514	1	  0.001587	  0.000337	     -1.00	    699.86	    409.31	      4.17	      2.88	     72.91	     50.40	-14.69	 3.108e-05	      5.79	0	Gaussian	313.827071	50.876791
515	1	  0.001593	  0.000356	     -1.00	    366.40	    327.44	      4.55	      2.68	     79.69	     46.87	-9.41	 3.717e-05	      5.79	0	Gaussian	316.345861	50.996104
516	1	  0.001581	  0.000348	     -1.00	    458.50	    418.36	      4.05	      2.95	     70.81	     51.70	-7.82	 2.472e-05	      5.80	0	Gaussian	315.572362	50.657709
517	1	  0.001589	  0.000252	     -1.00	    296.43	    293.34	      5.96	      2.77	    104.27	     48.57	-8.20	 3.638e-05	      5.80	0	Gaussian	316.894979	51.090755
518	1	  0.001575	  0.000320	     -1.00	    147.40	    794.84	      4.49	      3.08	     78.50	     53.98	-8.80	 1.959e-05	      5.80	0	Gaussian	317.322955	48.679370
519	1	  0.001579	  0.000174	     -1.00	     18.82	    593.58	      7.91	      2.73	    138.46	     47.76	-19.20	 8.267e-05	      5.80	0	Gaussian	318.475236	49.477135
520	1	  0.001599	  0.000319	     -1.00	    603.18	    551.72	      4.41	      2.98	     77.23	     52.23	-6.72	 3.507e-05	      5.81	0	Gaussian	314.384120	50.156872
521	1	  0.001587	  0.000282	     -1.00	    617.42	    579.57	      4.59	      3.26	     80.33	     57.05	-20.69	 3.014e-05	      5.81	0	Gaussian	314.253174	50.039236
522	1	  0.001581	  0.000195	     -1.00	    413.89	    204.13	      7.15	      3.13	    125.07	     54.80	-11.86	 2.583e-05	      5.81	0	Gaussian	316.148432	51.594318
523	1	  0.001600	  0.000198	     -1.00	    208.37	    685.74	      5.10	      3.85	     89.30	     67.40	-65.31	 3.588e-05	      5.82	0	Gaussian	317.033820	49.230854
524	1	  0.001615	  0.000327	     -1.00	    115.00	    653.82	      4.19	      2.68	     73.32	     46.92	-21.75	 5.832e-05	      5.82	0	Gaussian	317.725725	49.293282
525	1	  0.001593	  0.000262	     -1.00	    117.42	    630.72	      5.18	      3.01	     90.73	     52.62	1.24	 3.730e-05	      5.82	0	Gaussian	317.738518	49.400526
526	1	  0.001591	  0.000292	     -1.00	    272.83	    578.15	      3.61	      3.11	     63.15	     54.40	24.11	 3.987e-05	      5.82	0	Gaussian	316.711910	49.776957
527	1	  0.001587	  0.000273	     -1.00	    788.57	    520.16	      4.53	      3.34	     79.26	     58.40	7.85	 3.295e-05	      5.83	0	Gaussian	313.073936	50.426858
528	1	  0.001600	  0.000318	     -1.00	    656.35	    716.60	      4.01	      2.99	     70.10	     52.42	0.34	 5.814e-05	      5.83	0	Gaussian	313.838567	49.436061
529	1	  0.001649	  0.000380	     -1.00	    203.27	    740.92	      4.48	      2.85	     78.36	     49.97	3.37	 9.311e-05	      5.83	0	Gaussian	317.001876	48.974492
530	1	  0.001563	  0.000340	     -1.00	    423.99	    464.18	      4.15	      2.91	     72.72	     50.97	-15.18	 4.199e-05	      5.85	0	Gaussian	315.768685	50.421435
531	1	  0.001587	  0.000274	     -1.00	    117.39	    383.45	      4.79	      3.04	     83.85	     53.26	-21.92	 3.185e-05	      5.85	0	Gaussian	318.063612	50.521275
532	1	  0.001586	  0.000328	     -1.00	    668.80	    728.86	      4.15	      2.67	     72.62	     46.72	-26.10	 5.514e-05	      5.85	0	Gaussian	313.738121	49.387965
533	1	  0.001611	  0.000383	     -1.00	    715.32	    356.50	      3.91	      2.59	     68.43	     45.41	-13.40	 8.825e-05	      5.86	0	Gaussian	313.766325	51.128824
534	1	  0.001597	  0.000313	     -1.00	    318.51	    773.60	      4.45	      2.85	     77.87	     49.81	-21.49	 5.297e-05	      5.86	0	Gaussian	316.159872	48.921691
535	1	  0.001580	  0.000278	     -1.00	    422.80	    677.28	      4.74	      2.94	     82.89	     51.39	3.76	 2.557e-05	      5.86	0	Gaussian	315.536270	49.446393
536	1	  0.001593	  0.000275	     -1.00	    716.30	    400.67	      5.11	      2.83	     89.36	     49.57	0.36	 8.473e-05	      5.86	0	Gaussian	313.715351	50.927485
537	1	  0.001561	  0.000320	     -1.00	    528.11	    794.28	      4.34	      2.66	     75.96	     46.54	-10.07	 2.201e-05	      5.86	0	Gaussian	314.668174	48.988190
538	1	  0.001580	  0.000357	     -1.00	     38.47	    249.27	      4.04	      2.75	     70.70	     48.19	-9.22	 2.252e-05	      5.86	0	Gaussian	318.811885	51.049633
539	1	  0.001571	  0.000288	     -1.00	    148.58	    238.80	      4.76	      3.03	     83.32	     53.03	-9.82	 1.807e-05	      5.87	0	Gaussian	318.034981	51.202855
540	1	  0.001582	  0.000282	     -1.00	    670.41	    303.60	      4.90	      2.90	     85.78	     50.82	-1.28	 2.863e-05	      5.88	0	Gaussian	314.150408	51.339231
541	1	  0.001562	  0.000338	     -1.00	    532.69	    730.41	      4.08	      2.85	     71.40	     49.80	-17.67	 2.516e-05	      5.88	0	Gaussian	314.702063	49.285449
542	1	  0.001584	  0.000351	     -1.00	    571.85	    719.57	      4.02	      2.63	     70.36	     46.02	-20.60	 2.908e-05	      5.88	0	Gaussian	314.435858	49.363575
543	1	  0.001578	  0.000283	     -1.00	     89.13	    225.75	      4.72	      3.02	     82.55	     52.84	-6.88	 2.527e-05	      5.88	0	Gaussian	318.481235	51.204785
544	1	  0.001590	  0.000323	     -1.00	    342.23	    416.82	      4.10	      2.81	     71.71	     49.22	-18.32	 2.707e-05	      5.88	0	Gaussian	316.412300	50.569991
545	1	  0.001623	  0.000415	     -1.00	    223.17	    718.67	      3.44	      2.71	     60.30	     47.47	-20.32	 7.475e-05	      5.89	0	Gaussian	316.890228	49.093289
546	1	  0.001612	  0.000249	     -1.00	    338.79	    709.86	      6.80	      2.34	    119.08	     40.96	-11.89	 6.153e-05	      5.89	0	Gaussian	316.091331	49.230195
547	1	  0.001595	  0.000333	     -1.00	    411.06	    453.31	      3.86	      3.03	     67.58	     52.98	1.71	 1.967e-04	      5.89	0	Gaussian	315.874220	50.460607
548	1	  0.001587	  0.000206	     -1.00	    574.55	    549.78	      6.44	      2.79	    112.80	     48.90	5.64	 3.849e-05	      5.89	0	Gaussian	314.592076	50.145125
549	1	  0.001586	  0.000318	     -1.00	    628.83	    397.66	      4.30	      2.92	     75.20	     51.11	-6.49	 2.801e-05	      5.89	0	Gaussian	314.357717	50.880355
550	1	  0.001579	  0.000301	     -1.00	    437.02	    788.66	      3.90	      3.45	     68.24	     60.34	-28.55	 1.450e-04	      5.91	0	Gaussian	315.313927	48.946154
551	1	  0.001579	  0.000304	     -1.00	    355.25	    311.37	      4.12	      3.02	     72.18	     52.85	-12.04	 2.217e-05	      5.91	0	Gaussian	316.446226	51.059607
552	1	  0.001596	  0.000356	     -1.00	    246.95	    659.30	      3.79	      2.82	     66.41	     49.29	-10.50	 5.142e-05	      5.91	0	Gaussian	316.795827	49.384750
553	1	  0.001585	  0.000327	     -1.00	    217.95	    580.52	      4.11	      2.72	     71.88	     47.57	-18.56	 5.233e-05	      5.92	0	Gaussian	317.096563	49.718744
554	1	  0.001597	  0.000433	     -1.00	    645.25	    710.02	      2.86	      2.58	     50.13	     45.11	19.09	 5.246e-05	      5.92	0	Gaussian	313.924009	49.458812
555	1	  0.001590	  0.000351	     -1.00	    439.01	    622.24	      3.78	      2.92	     66.10	     51.12	-14.82	 5.148e-05	      5.92	0	Gaussian	315.482566	49.711153
556	1	  0.001581	  0.000298	     -1.00	    232.58	    518.27	      4.37	      2.92	     76.44	     51.04	-9.48	 2.249e-05	      5.93	0	Gaussian	317.070683	50.014734
557	1	  0.001578	  0.000333	     -1.00	    318.38	    492.00	      4.19	      2.56	     73.36	     44.79	-11.19	 2.145e-05	      5.93	0	Gaussian	316.492534	50.207979
558	1	  0.001582	  0.000247	     -1.00	    420.39	    709.64	      5.09	      3.07	     89.00	     53.79	8.38	 3.955e-05	      5.93	0	Gaussian	315.517419	49.296138
559	1	  0.001568	  0.000291	     -1.00	     30.97	    653.32	      4.83	      2.73	     84.48	     47.72	-9.33	 3.332e-05	      5.94	0	Gaussian	318.310812	49.217694
560	1	  0.001594	  0.000309	     -1.00	    721.66	    558.46	      4.29	      2.81	     75.13	     49.11	-1.94	 3.982e-05	      5.94	0	Gaussian	313.522797	50.207463
561	1	  0.001635	  0.000387	     -1.00	     12.70	    178.23	      3.55	      2.45	     62.10	     42.87	-2.69	 1.322e-04	      5.94	0	Gaussian	319.098340	51.342477
562	1	  0.001601	  0.000200	     -1.00	    231.47	    568.60	      6.73	      2.42	    117.82	     42.29	6.95	 6.847e-05	      5.95	0	Gaussian	317.015986	49.784836
563	1	  0.001604	  0.000354	     -1.00	     90.71	    511.81	      3.59	      2.85	     62.86	     49.94	-26.35	 1.552e-04	      5.96	0	Gaussian	318.081253	49.915570
564	1	  0.001625	  0.000390	     -1.00	     72.95	    478.52	      3.55	      2.62	     62.19	     45.82	-14.02	 1.538e-04	      5.96	0	Gaussian	318.250816	50.049584
565	1	  0.001571	  0.000322	     -1.00	     34.04	    527.75	      4.05	      2.79	     70.94	     48.75	-15.59	 2.163e-05	      5.96	0	Gaussian	318.457903	49.789802
566	1	  0.001585	  0.000156	     -1.00	    537.67	    602.25	      7.49	      2.91	    131.13	     50.93	-0.69	 2.724e-05	      5.97	0	Gaussian	314.801216	49.877588
567	1	  0.001580	  0.000283	     -1.00	    369.21	    256.73	      4.54	      2.97	     79.54	     51.91	-12.18	 1.907e-05	      5.98	0	Gaussian	316.411435	51.318931
568	1	  0.001575	  0.000323	     -1.00	    657.37	    757.47	      4.20	      2.26	     73.51	     39.50	-15.33	 2.393e-05	      5.98	0	Gaussian	313.791698	49.248339
569	1	  0.001600	  0.000332	     -1.00	    693.56	    293.15	      3.87	      2.68	     67.73	     46.97	-8.99	 7.361e-05	      5.98	0	Gaussian	313.990390	51.403094
570	1	  0.001597	  0.000259	     -1.00	    269.12	    555.56	      5.06	      2.70	     88.50	     47.33	-10.90	 4.061e-05	      5.98	0	Gaussian	316.765672	49.876732
571	1	  0.001584	  0.000188	     -1.00	    756.64	    582.27	      4.29	      3.40	     75.01	     59.50	-5.30	 5.091e-05	      5.98	0	Gaussian	313.247588	50.120874
572	1	  0.001596	  0.000336	     -1.00	    621.77	    715.33	      3.21	      2.88	     56.10	     50.40	2.67	 4.263e-05	      5.98	0	Gaussian	314.085756	49.418171
573	1	  0.001595	  0.000256	     -1.00	    723.49	    211.36	      5.04	      2.45	     88.25	     42.95	-2.72	 6.595e-05	      5.99	0	Gaussian	313.851801	51.796493
574	1	  0.001587	  0.000352	     -1.00	    111.04	    141.26	      3.78	      2.67	     66.10	     46.81	-16.73	 7.104e-05	      5.99	0	Gaussian	318.440845	51.605210
575	1	  0.001598	  0.000335	     -1.00	    726.89	    191.31	      3.83	      2.70	     66.98	     47.28	-21.26	 3.969e-05	      5.99	0	Gaussian	313.846833	51.890060
576	1	  0.001582	  0.000265	     -1.00	    276.33	    222.42	      4.45	      3.07	     77.97	     53.76	-6.58	 3.253e-05	      5.99	0	Gaussian	317.131047	51.393575
577	1	  0.001600	  0.000369	     -1.00	    679.46	    674.11	      3.46	      2.48	     60.55	     43.38	-9.63	 8.653e-05	      5.99	0	Gaussian	313.714911	49.647363
578	1	  0.001591	  0.000302	     -1.00	    247.28	    641.33	      4.11	      2.60	     71.92	     45.46	-12.13	 4.768e-05	      6.00	0	Gaussian	316.815311	49.467013
579	1	  0.001591	  0.000290	     -1.00	     83.34	    563.23	      4.07	      2.91	     71.26	     51.00	-3.61	 5.387e-05	      6.00	0	Gaussian	318.064938	49.675617
580	1	  0.001576	  0.000265	     -1.00	    485.24	    318.18	      4.61	      3.05	     80.65	     53.38	-1.85	 2.003e-05	      6.00	0	Gaussian	315.492373	51.134732
581	1	  0.001577	  0.000254	     -1.00	     52.57	    352.25	      4.51	      3.10	     78.86	     54.23	-12.05	 2.406e-05	      6.02	0	Gaussian	318.567243	50.600180
582	1	  0.001575	  0.000270	     -1.00	    220.76	    298.71	      4.69	      2.91	     82.03	     50.91	-16.40	 1.867e-05	      6.02	0	Gaussian	317.434889	50.999314
583	1	  0.001583	  0.000229	     -1.00	    168.70	    498.60	      5.00	      3.09	     87.46	     54.04	-14.94	 3.762e-05	      6.02	0	Gaussian	317.548135	50.047231
584	1	  0.001601	  0.000305	     -1.00	    323.45	    237.62	      3.91	      2.77	     68.44	     48.41	-7.09	 7.391e-05	      6.02	0	Gaussian	316.768668	51.366225
585	1	  0.001584	  0.000290	     -1.00	    112.51	    500.70	      4.24	      2.80	     74.17	     49.07	-6.78	 4.720e-05	      6.03	0	Gaussian	317.942348	49.986245
586	1	  0.001574	  0.000288	     -1.00	    736.70	    778.17	      4.75	      2.54	     83.14	     44.51	-20.89	 2.974e-05	      6.03	0	Gaussian	313.209134	49.204871
587	1	  0.001587	  0.000293	     -1.00	    214.80	    561.68	      3.99	      2.78	     69.86	     48.60	-27.78	 6.460e-05	      6.04	0	Gaussian	317.142232	49.801748
588	1	  0.001593	  0.000310	     -1.00	    104.69	    499.20	      4.08	      2.64	     71.48	     46.28	-8.05	 4.894e-05	      6.04	0	Gaussian	317.999479	49.985770
589	1	  0.001577	  0.000204	     -1.00	    558.29	    296.89	      4.20	      3.84	     73.56	     67.26	14.14	 2.455e-05	      6.04	0	Gaussian	314.981787	51.287914
590	1	  0.001591	  0.000226	     -1.00	    623.77	    729.32	      4.67	      2.96	     81.81	     51.81	13.64	 3.699e-05	      6.04	0	Gaussian	314.057656	49.355143
591	1	  0.001584	  0.000274	     -1.00	    253.76	    418.77	      4.54	      2.97	     79.38	     51.98	-11.00	 5.650e-05	      6.04	0	Gaussian	317.044394	50.485195
592	1	  0.001564	  0.000265	     -1.00	    482.17	    450.71	      4.45	      2.49	     77.86	     43.58	-19.24	 2.269e-05	      6.05	0	Gaussian	315.364878	50.528716
593	1	  0.001594	  0.000280	     -1.00	    292.72	    722.05	      3.89	      3.01	     68.14	     52.70	-5.64	 4.829e-05	      6.05	0	Gaussian	316.400140	49.136580
594	1	  0.001570	  0.000242	     -1.00	    763.03	    314.90	      3.45	      3.11	     60.39	     54.40	-30.91	 2.155e-05	      6.06	0	Gaussian	313.455762	51.350957
595	1	  0.001588	  0.000231	     -1.00	    690.41	    253.47	      4.98	      2.99	     87.24	     52.41	-5.47	 2.137e-05	      6.06	0	Gaussian	314.054350	51.581742
596	1	  0.001574	  0.000229	     -1.00	    601.27	    434.63	      5.16	      2.85	     90.27	     49.96	-10.14	 1.635e-05	      6.07	0	Gaussian	314.519756	50.691548
597	1	  0.001593	  0.000190	     -1.00	    698.21	    752.54	      5.81	      2.98	    101.75	     52.18	2.26	 3.445e-05	      6.07	0	Gaussian	313.506438	49.298260
598	1	  0.001572	  0.000241	     -1.00	    209.02	    204.54	      4.79	      3.05	     83.82	     53.38	-7.04	 2.285e-05	      6.07	0	Gaussian	317.643574	51.413370
599	1	  0.001593	  0.000251	     -1.00	    648.56	    535.18	      4.60	      2.90	     80.45	     50.73	-7.40	 2.360e-05	      6.08	0	Gaussian	314.073781	50.264753
600	1	  0.001577	  0.000272	     -1.00	    736.09	    760.92	      4.32	      2.46	     75.53	     43.07	-17.43	 3.312e-05	      6.09	0	Gaussian	313.229329	49.284166
601	1	  0.001602	  0.000242	     -1.00	    779.70	    764.38	      4.51	      2.89	     78.88	     50.67	-10.92	 9.205e-05	      6.09	0	Gaussian	312.915794	49.295678
602	1	  0.001606	  0.000339	     -1.00	    732.85	    640.17	      3.59	      2.64	     62.90	     46.25	-8.93	 1.030e-04	      6.09	0	Gaussian	313.364639	49.838941
603	1	  0.001597	  0.000284	     -1.00	    648.59	    578.69	      4.24	      2.64	     74.28	     46.22	-14.16	 4.115e-05	      6.10	0	Gaussian	314.029960	50.065076
604	1	  0.001562	  0.000261	     -1.00	     19.74	    297.80	      4.13	      3.05	     72.32	     53.44	-17.55	 2.254e-05	      6.10	0	Gaussian	318.877101	50.813107
605	1	  0.001582	  0.000245	     -1.00	    568.01	    566.45	      4.49	      2.50	     78.55	     43.82	-11.04	 3.000e-05	      6.10	0	Gaussian	314.621582	50.063982
606	1	  0.001592	  0.000236	     -1.00	    159.22	    120.44	      5.32	      2.61	     93.09	     45.64	-18.14	 2.111e-04	      6.10	0	Gaussian	318.119453	51.744833
607	1	  0.001603	  0.000259	     -1.00	    712.99	    601.44	      4.68	      2.64	     81.90	     46.13	-3.57	 1.425e-04	      6.10	0	Gaussian	313.544194	50.004128
608	1	  0.001588	  0.000228	     -1.00	    776.77	    603.51	      4.61	      3.16	     80.70	     55.35	-2.68	 3.841e-05	      6.10	0	Gaussian	313.082521	50.035965
609	1	  0.001594	  0.000261	     -1.00	    246.50	    591.59	      4.40	      2.82	     77.09	     49.27	-9.30	 4.318e-05	      6.10	0	Gaussian	316.881551	49.693132
610	1	  0.001600	  0.000263	     -1.00	    265.58	    548.04	      4.45	      2.71	     77.82	     47.35	-42.62	 4.177e-05	      6.11	0	Gaussian	316.799930	49.907915
611	1	  0.001612	  0.000260	     -1.00	    149.95	    717.57	      4.46	      3.04	     78.09	     53.13	-23.79	 4.660e-05	      6.11	0	Gaussian	317.401555	49.034311
612	1	  0.001622	  0.000075	     -1.00	    214.88	    746.39	     11.42	      4.59	    199.80	     80.27	35.06	 7.083e-05	      6.12	0	Gaussian	316.914380	48.959512
613	1	  0.001591	  0.000253	     -1.00	     44.47	    544.97	      3.78	      3.08	     66.25	     53.91	-15.51	 5.019e-05	      6.13	0	Gaussian	318.361560	49.721820
614	1	  0.001580	  0.000244	     -1.00	    185.39	    128.55	      4.26	      2.57	     74.48	     44.96	13.42	 4.236e-05	      6.13	0	Gaussian	317.917595	51.733123
615	1	  0.001588	  0.000219	     -1.00	    241.97	    144.51	      4.32	      2.88	     75.58	     50.39	-6.00	 2.420e-05	      6.13	0	Gaussian	317.483106	51.713710
616	1	  0.001605	  0.000306	     -1.00	    349.72	    785.30	      3.63	      2.77	     63.49	     48.42	-24.35	 4.125e-05	      6.14	0	Gaussian	315.928587	48.893254
617	1	  0.001585	  0.000268	     -1.00	    763.35	    579.25	      4.22	      2.32	     73.82	     40.53	-5.67	 4.803e-05	      6.14	0	Gaussian	313.201865	50.139087
618	1	  0.001599	  0.000194	     -1.00	    374.85	    734.61	      5.29	      2.75	     92.59	     48.16	3.60	 4.031e-05	      6.14	0	Gaussian	315.809901	49.145771
619	1	  0.001579	  0.000255	     -1.00	    427.32	    697.63	      4.09	      2.87	     71.60	     50.17	-14.60	 3.850e-05	      6.14	0	Gaussian	315.481804	49.356586
620	1	  0.001579	  0.000250	     -1.00	    709.92	    794.93	      4.23	      2.85	     74.04	     49.83	-13.81	 3.763e-05	      6.15	0	Gaussian	313.383651	49.110205
621	1	  0.001574	  0.000237	     -1.00	    736.19	    428.70	      4.38	      3.09	     76.60	     54.13	-20.71	 2.226e-05	      6.15	0	Gaussian	313.542412	50.812497
622	1	  0.001618	  0.000451	     -1.00	    132.32	    511.18	      2.76	      2.37	     48.35	     41.40	0.72	 1.144e-04	      6.15	0	Gaussian	317.788884	49.956996
623	1	  0.001574	  0.000263	     -1.00	     71.37	    328.94	      4.57	      2.34	     79.95	     40.91	-23.74	 2.158e-05	      6.15	0	Gaussian	318.465585	50.723368
624	1	  0.001600	  0.000244	     -1.00	    195.88	    785.24	      3.97	      3.05	     69.41	     53.43	5.13	 4.584e-05	      6.15	0	Gaussian	316.999220	48.765533
625	1	  0.001654	  0.000367	     -1.00	    296.63	    767.44	      3.55	      2.19	     62.11	     38.28	-8.19	 1.518e-04	      6.16	0	Gaussian	316.319716	48.931985
626	1	  0.001574	  0.000250	     -1.00	    161.65	    578.38	      4.30	      2.92	     75.21	     51.11	-10.40	 2.930e-05	      6.16	0	Gaussian	317.495667	49.678547
627	1	  0.001575	  0.000248	     -1.00	    240.32	    270.00	      3.66	      2.65	     63.99	     46.41	-10.45	 1.664e-05	      6.16	0	Gaussian	317.330876	51.146598
628	1	  0.001580	  0.000208	     -1.00	    369.24	    173.69	      4.42	      2.72	     77.36	     47.57	-3.42	 2.241e-05	      6.19	0	Gaussian	316.513490	51.694371
629	1	  0.001573	  0.000239	     -1.00	    240.66	    407.31	      4.30	      2.94	     75.19	     51.49	-6.08	 2.400e-05	      6.19	0	Gaussian	317.152622	50.525621
630	1	  0.001572	  0.000236	     -1.00	    439.12	    583.46	      4.18	      2.80	     73.23	     49.03	-19.32	 3.225e-05	      6.19	0	Gaussian	315.525110	49.888729
631	1	  0.001593	  0.000231	     -1.00	    413.20	    609.84	      4.40	      2.93	     76.98	     51.28	-15.09	 3.973e-05	      6.20	0	Gaussian	315.679873	49.747659
632	1	  0.001613	  0.000258	     -1.00	    782.31	    201.78	      4.56	      2.45	     79.89	     42.85	-11.95	 8.399e-05	      6.20	0	Gaussian	313.423044	51.879769
633	1	  0.001602	  0.000281	     -1.00	     58.13	    126.70	      3.82	      2.61	     66.91	     45.67	-1.36	 8.132e-05	      6.20	0	Gaussian	318.844798	51.618558
634	1	  0.001583	  0.000269	     -1.00	    374.82	    715.16	      3.86	      2.80	     67.56	     49.02	-18.71	 2.743e-05	      6.20	0	Gaussian	315.832085	49.234934
635	1	  0.001629	  0.000340	     -1.00	    231.58	    713.32	      3.43	      2.25	     60.02	     39.39	-10.66	 1.055e-04	      6.21	0	Gaussian	316.838013	49.124923
636	1	  0.001583	  0.000230	     -1.00	    222.14	    220.75	      4.24	      2.64	     74.25	     46.22	-11.36	 2.119e-05	      6.21	0	Gaussian	317.526913	51.352335
637	1	  0.001593	  0.000224	     -1.00	    303.20	    648.32	      4.01	      3.09	     70.19	     54.08	-19.55	 6.277e-05	      6.22	0	Gaussian	316.413462	49.482373
638	1	  0.001614	  0.000289	     -1.00	    697.37	    231.26	      3.84	      2.33	     67.20	     40.70	-5.80	 1.042e-04	      6.22	0	Gaussian	314.025596	51.687758
639	1	  0.001587	  0.000238	     -1.00	    223.11	    463.98	      4.14	      2.79	     72.38	     48.80	-24.05	 1.868e-05	      6.22	0	Gaussian	317.206095	50.253015
640	1	  0.001573	  0.000214	     -1.00	    446.77	    366.81	      4.44	      3.17	     77.79	     55.56	-8.12	 1.919e-05	      6.22	0	Gaussian	315.716413	50.883063
641	1	  0.001581	  0.000223	     -1.00	    723.15	    644.50	      4.35	      2.62	     76.15	     45.91	-19.26	 4.679e-05	      6.23	0	Gaussian	313.430228	49.812672
642	1	  0.001580	  0.000222	     -1.00	    403.87	    572.19	      4.54	      2.93	     79.48	     51.28	-6.93	 2.769e-05	      6.23	0	Gaussian	315.788939	49.912403
643	1	  0.001620	  0.000292	     -1.00	    341.56	    735.14	      4.28	      2.59	     74.96	     45.32	-2.32	 1.337e-04	      6.24	0	Gaussian	316.042852	49.116637
644	1	  0.001577	  0.000190	     -1.00	    786.25	    214.19	      4.36	      3.33	     76.29	     58.24	-1.98	 2.883e-05	      6.24	0	Gaussian	313.381486	51.825835
645	1	  0.001578	  0.000240	     -1.00	    445.33	    342.37	      4.26	      2.82	     74.53	     49.40	-6.73	 3.004e-05	      6.24	0	Gaussian	315.755199	50.993073
646	1	  0.001596	  0.000139	     -1.00	     98.71	    635.27	      8.75	      2.84	    153.16	     49.76	-30.44	 4.230e-05	      6.24	0	Gaussian	317.863269	49.362723
647	1	  0.001590	  0.000225	     -1.00	     97.82	    707.72	      4.73	      2.70	     82.83	     47.24	-1.55	 6.839e-05	      6.24	0	Gaussian	317.775999	49.032321
648	1	  0.001593	  0.000235	     -1.00	    707.09	    686.22	      4.07	      2.84	     71.30	     49.73	-16.45	 6.907e-05	      6.24	0	Gaussian	313.505790	49.609957
649	1	  0.001667	  0.000342	     -1.00	    490.30	    261.57	      3.15	      2.45	     55.08	     42.82	6.94	 4.753e-04	      6.25	0	Gaussian	315.520189	51.395897
650	1	  0.001573	  0.000182	     -1.00	    388.79	    495.49	      4.48	      3.05	     78.36	     53.41	-19.43	 2.029e-05	      6.27	0	Gaussian	315.985073	50.250341
651	1	  0.001574	  0.000228	     -1.00	    494.17	    431.01	      4.17	      2.74	     72.91	     48.05	-13.48	 2.258e-05	      6.27	0	Gaussian	315.300161	50.627903
652	1	  0.001592	  0.000229	     -1.00	    563.95	    548.64	      4.34	      2.77	     75.96	     48.47	-5.12	 3.595e-05	      6.28	0	Gaussian	314.669469	50.142631
653	1	  0.001612	  0.000209	     -1.00	    109.92	    641.44	      5.26	      2.80	     92.07	     49.05	-65.47	 5.761e-05	      6.28	0	Gaussian	317.777069	49.344937
654	1	  0.001595	  0.000233	     -1.00	    190.14	    682.86	      3.82	      3.02	     66.83	     52.92	-34.33	 3.370e-05	      6.28	0	Gaussian	317.164703	49.228057
655	1	  0.001612	  0.000218	     -1.00	    204.42	    793.24	      4.20	      2.82	     73.57	     49.33	-3.14	 3.805e-05	      6.29	0	Gaussian	316.930300	48.736307
656	1	  0.001583	  0.000205	     -1.00	    220.20	    519.56	      4.26	      2.85	     74.51	     49.90	-24.24	 3.378e-05	      6.29	0	Gaussian	317.156824	49.997999
657	1	  0.001612	  0.000255	     -1.00	    438.69	    611.29	      4.10	      2.50	     71.84	     43.69	7.66	 3.042e-04	      6.29	0	Gaussian	315.497045	49.761054
658	1	  0.001586	  0.000196	     -1.00	    597.49	    636.71	      3.79	      2.98	     66.40	     52.17	-11.95	 3.101e-05	      6.29	0	Gaussian	314.337803	49.762768
659	1	  0.001584	  0.000215	     -1.00	    168.41	    508.21	      4.16	      2.71	     72.77	     47.50	-18.49	 3.903e-05	      6.30	0	Gaussian	317.537814	50.003337
660	1	  0.001590	  0.000251	     -1.00	    200.24	    228.00	      4.08	      2.57	     71.48	     44.99	-7.92	 1.163e-04	      6.32	0	Gaussian	317.676082	51.299609
661	1	  0.001589	  0.000213	     -1.00	    332.03	    242.51	      4.55	      2.70	     79.71	     47.30	-11.45	 4.382e-05	      6.32	0	Gaussian	316.700037	51.351554
662	1	  0.001587	  0.000242	     -1.00	    557.42	    627.94	      4.43	      2.39	     77.55	     41.87	-13.38	 3.332e-05	      6.33	0	Gaussian	314.633094	49.774214
663	1	  0.001578	  0.000217	     -1.00	    146.67	    450.43	      4.04	      2.75	     70.70	     48.21	-18.64	 1.664e-05	      6.33	0	Gaussian	317.766764	50.245513
664	1	  0.001593	  0.000141	     -1.00	    349.15	    675.54	      5.41	      2.76	     94.75	     48.32	-23.23	 3.393e-05	      6.34	0	Gaussian	316.058023	49.395717
665	1	  0.001584	  0.000221	     -1.00	    348.82	    634.74	      4.08	      2.62	     71.45	     45.81	-32.40	 4.242e-05	      6.35	0	Gaussian	316.107501	49.582060
666	1	  0.001597	  0.000221	     -1.00	    242.15	    648.36	      4.00	      2.77	     70.00	     48.49	-8.96	 5.775e-05	      6.35	0	Gaussian	316.842838	49.430556
667	1	  0.001595	  0.000185	     -1.00	    694.01	    741.24	      4.91	      2.60	     85.93	     45.52	-16.43	 4.576e-05	      6.36	0	Gaussian	313.547000	49.347639
668	1	  0.001659	  0.000352	     -1.00	    307.82	    762.55	      2.94	      1.96	     51.51	     34.36	-5.32	 4.315e-04	      6.37	0	Gaussian	316.247279	48.963595
669	1	  0.001608	  0.000338	     -1.00	    223.29	    120.80	      3.01	      2.40	     52.67	     42.01	-17.27	 1.043e-04	      6.38	0	Gaussian	317.651221	51.803163
670	1	  0.001690	  0.000310	     -1.00	     43.40	    213.55	      3.48	      2.68	     60.96	     46.97	-34.22	 5.934e-04	      6.38	0	Gaussian	318.827197	51.214798
671	1	  0.001590	  0.000187	     -1.00	    730.94	    606.33	      3.23	      3.04	     56.53	     53.16	10.65	 3.497e-05	      6.39	0	Gaussian	313.410296	49.993468
672	1	  0.001592	  0.000192	     -1.00	    774.62	    197.37	      4.05	      2.83	     70.91	     49.60	-15.18	 4.826e-05	      6.39	0	Gaussian	313.484715	51.894752
673	1	  0.001602	  0.000204	     -1.00	     27.07	    352.20	      4.07	      2.73	     71.20	     47.79	-12.24	 1.732e-04	      6.39	0	Gaussian	318.748476	50.575598
674	1	  0.001589	  0.000206	     -1.00	     94.48	    623.04	      3.29	      2.99	     57.57	     52.31	-13.73	 3.791e-05	      6.39	0	Gaussian	317.908677	49.414448
675	1	  0.001586	  0.000226	     -1.00	    623.46	    593.39	      4.01	      2.68	     70.21	     46.95	-10.19	 2.338e-05	      6.39	0	Gaussian	314.195809	49.980056
676	1	  0.001606	  0.000129	     -1.00	    345.97	    765.53	      6.04	      2.93	    105.70	     51.25	-11.31	 6.366e-05	      6.40	0	Gaussian	315.977235	48.980924
677	1	  0.001593	  0.000190	     -1.00	    636.87	    707.55	      4.20	      2.79	     73.57	     48.90	-30.69	 5.873e-05	      6.41	0	Gaussian	313.986024	49.464455
678	1	  0.001589	  0.000189	     -1.00	    726.03	    615.49	      4.46	      2.79	     78.14	     48.81	-21.09	 3.468e-05	      6.41	0	Gaussian	313.436957	49.948087
679	1	  0.001614	  0.000254	     -1.00	    633.50	    612.98	      5.29	      2.15	     92.56	     37.70	13.52	 1.234e-04	      6.42	0	Gaussian	314.104044	49.897088
680	1	  0.001614	  0.000218	     -1.00	    370.87	    745.47	      3.89	      2.64	     68.17	     46.19	-7.47	 1.060e-04	      6.42	0	Gaussian	315.825604	49.092824
681	1	  0.001584	  0.000157	     -1.00	    323.87	    295.38	      4.39	      3.08	     76.90	     53.99	-8.44	 2.382e-05	      6.43	0	Gaussian	316.693542	51.105287
682	1	  0.001591	  0.000201	     -1.00	    681.63	    381.68	      4.20	      2.80	     73.58	     49.06	-8.10	 2.572e-05	      6.44	0	Gaussian	313.988217	50.990610
683	1	  0.001593	  0.000159	     -1.00	    529.61	    608.23	      4.65	      3.17	     81.35	     55.48	-7.40	 3.431e-05	      6.44	0	Gaussian	314.852430	49.844238
684	1	  0.001610	  0.000227	     -1.00	    329.95	    782.87	      4.11	      2.44	     71.86	     42.77	-14.93	 9.149e-05	      6.46	0	Gaussian	316.069430	48.888487
685	1	  0.001623	  0.000295	     -1.00	    712.24	    515.21	      2.95	      2.07	     51.69	     36.31	-8.36	 2.402e-04	      6.47	0	Gaussian	313.632780	50.399845
686	1	  0.001642	  0.000279	     -1.00	    684.56	    321.08	      3.25	      2.13	     56.96	     37.29	-4.37	 2.611e-04	      6.51	0	Gaussian	314.028229	51.269422
687	1	  0.001621	  0.000262	     -1.00	    319.70	    134.55	      3.53	      2.17	     61.73	     37.96	-47.74	 1.739e-04	      6.52	0	Gaussian	316.926552	51.828080
688	1	  0.001590	  0.000144	     -1.00	    698.11	    640.14	      4.54	      3.02	     79.55	     52.94	-45.72	 7.882e-05	      6.52	0	Gaussian	313.614066	49.816216
689	1	  0.001618	  0.000347	     -1.00	    218.06	    754.87	      2.80	      2.24	     48.92	     39.15	1.31	 5.097e-05	      6.52	0	Gaussian	316.882031	48.923441
690	1	  0.001616	  0.000219	     -1.00	    366.21	    768.31	      3.58	      2.48	     62.59	     43.32	-10.88	 1.711e-04	      6.52	0	Gaussian	315.832488	48.984378
691	1	  0.001599	  0.000194	     -1.00	    257.08	    429.59	      3.97	      2.66	     69.46	     46.54	-8.28	 8.966e-05	      6.53	0	Gaussian	317.007102	50.438985
692	1	  0.001612	  0.000141	     -1.00	    104.65	    655.50	      3.90	      2.44	     68.32	     42.70	-45.37	 5.895e-05	      6.56	0	Gaussian	317.795667	49.276188
693	1	  0.001622	  0.000328	     -1.00	    725.34	    691.37	      2.78	      1.75	     48.67	     30.60	-10.66	 2.387e-04	      6.62	0	Gaussian	313.370468	49.598122
694	1	  0.001616	  0.000182	     -1.00	    171.09	    787.13	      3.87	      2.17	     67.77	     38.04	-9.30	 8.645e-05	      6.73	0	Gaussian	317.168606	48.735392
695	1	  0.001630	  0.000221	     -1.00	    578.58	    751.37	      3.77	      1.82	     65.99	     31.91	-15.33	 2.290e-04	      6.77	0	Gaussian	314.355919	49.221958
696	1	  0.001595	  0.000183	     -1.00	    635.65	    528.32	      4.01	      2.22	     70.20	     38.83	-43.27	 4.185e-05	      6.81	0	Gaussian	314.173942	50.287165
697	1	  0.001637	  0.000251	     -1.00	    186.14	    756.37	      3.13	      1.98	     54.74	     34.74	-10.04	 1.422e-04	      6.86	0	Gaussian	317.102025	48.889016
698	1	  0.001602	  0.000217	     -1.00	    619.06	    347.78	      2.65	      1.73	     46.44	     30.25	-43.02	 1.350e-04	      6.92	0	Gaussian	314.481430	51.101049
699	1	  0.001615	  0.000212	     -1.00	    610.45	    725.57	      4.41	      3.14	     77.11	     55.01	43.41	 5.109e-05	      7.21	0	Gaussian	314.155960	49.363189
700	1	  0.001627	  0.000239	     -1.00	    595.42	    749.83	      2.20	      1.57	     38.49	     27.53	-17.99	 1.844e-04	      7.37	0	Gaussian	314.238308	49.240924
701	1	  0.001633	  0.000150	     -1.00	    361.45	    743.30	      2.50	      1.45	     43.82	     25.35	-2.17	 1.298e-04	      7.41	0	Gaussian	315.894120	49.095263
702	1	  0.001658	  0.000165	     -1.00	    194.04	    718.75	      4.39	      1.57	     76.76	     27.42	0.51	 1.644e-04	      8.23	0	Gaussian	317.093255	49.067719
703	1	  0.001695	  0.000493	     -1.00	    206.42	    571.04	      2.03	      1.46	     35.61	     25.61	-25.45	 4.419e-04	    999.00	0	Gaussian	317.189705	49.751785
704	1	  0.001894	 -0.000356	     -1.00	    281.92	    786.92	     13.61	     13.49	    238.25	    236.09	43.80	 5.490e-04	    999.00	0	Gaussian	316.399503	48.830597
